t,power,traffic,sec,controller,load_bin,load_bin_label
0,1.590859055519104,160.6437530517578,0.009903024707139064,Feed-forward PPO,"(160.0, 240.0]","(160, 240]"
1,1.5139893293380735,175.68780517578125,0.008617498111626353,Feed-forward PPO,"(160.0, 240.0]","(160, 240]"
2,1.4400763511657717,167.81863403320312,0.008581146899818353,Feed-forward PPO,"(160.0, 240.0]","(160, 240]"
3,0.8206891417503357,160.0994415283203,0.005126121202647433,Feed-forward PPO,"(160.0, 240.0]","(160, 240]"
4,0.8208350539207458,158.98829650878906,0.005162864638123657,Feed-forward PPO,"(80.0, 160.0]","(80, 160]"
5,0.8206606507301331,176.3783721923828,0.004652841731836635,Feed-forward PPO,"(160.0, 240.0]","(160, 240]"
6,0.8206168413162231,155.8834228515625,0.005264298321814773,Feed-forward PPO,"(80.0, 160.0]","(80, 160]"
7,0.8209586143493652,151.2222137451172,0.005428822882682295,Feed-forward PPO,"(80.0, 160.0]","(80, 160]"
8,0.8207944631576538,193.24801635742188,0.004247362941307265,Feed-forward PPO,"(160.0, 240.0]","(160, 240]"
9,0.8213800191879272,171.16561889648438,0.004798744189887061,Feed-forward PPO,"(160.0, 240.0]","(160, 240]"
10,0.8210428357124329,263.7792663574219,0.0031126132354918176,Feed-forward PPO,"(240.0, 320.0]","(240, 320]"
11,0.821078360080719,205.6524810791016,0.003992552658603237,Feed-forward PPO,"(160.0, 240.0]","(160, 240]"
12,0.8211866021156311,211.1239013671875,0.003889595620381324,Feed-forward PPO,"(160.0, 240.0]","(160, 240]"
13,0.8214457631111145,228.6915435791016,0.003591937639036428,Feed-forward PPO,"(160.0, 240.0]","(160, 240]"
14,0.8211996555328369,277.73150634765625,0.0029568112971125535,Feed-forward PPO,"(240.0, 320.0]","(240, 320]"
15,0.8211184740066528,230.9044647216797,0.003556096132642505,Feed-forward PPO,"(160.0, 240.0]","(160, 240]"
16,0.8209959864616394,217.4733123779297,0.0037751574089003406,Feed-forward PPO,"(160.0, 240.0]","(160, 240]"
17,0.8211719989776611,198.65396118164065,0.004133680466742955,Feed-forward PPO,"(160.0, 240.0]","(160, 240]"
18,0.8212147951126099,226.23712158203125,0.00362988526980019,Feed-forward PPO,"(160.0, 240.0]","(160, 240]"
19,0.8209925293922424,233.5007476806641,0.0035160167046447014,Feed-forward PPO,"(160.0, 240.0]","(160, 240]"
20,0.8209382891654968,198.1498107910156,0.004143018284439964,Feed-forward PPO,"(160.0, 240.0]","(160, 240]"
21,0.8210228681564331,190.3638458251953,0.0043129138550308055,Feed-forward PPO,"(160.0, 240.0]","(160, 240]"
22,0.821037769317627,202.6382293701172,0.004051741726473575,Feed-forward PPO,"(160.0, 240.0]","(160, 240]"
23,0.8211585879325867,204.8867034912109,0.004007866659672291,Feed-forward PPO,"(160.0, 240.0]","(160, 240]"
24,0.821047306060791,224.0075836181641,0.0036652656700244626,Feed-forward PPO,"(160.0, 240.0]","(160, 240]"
25,0.8211355209350586,206.3332672119141,0.003979656465632918,Feed-forward PPO,"(160.0, 240.0]","(160, 240]"
26,0.8211109638214111,220.22344970703125,0.003728535562011019,Feed-forward PPO,"(160.0, 240.0]","(160, 240]"
27,0.821194589138031,216.26312255859372,0.0037972012029722675,Feed-forward PPO,"(160.0, 240.0]","(160, 240]"
28,0.8212161064147949,230.0411529541016,0.0035698660690448116,Feed-forward PPO,"(160.0, 240.0]","(160, 240]"
29,0.8211367726325989,233.7275848388672,0.003513221484741282,Feed-forward PPO,"(160.0, 240.0]","(160, 240]"
30,0.8211234211921692,220.42495727539065,0.0037251835333976654,Feed-forward PPO,"(160.0, 240.0]","(160, 240]"
31,0.8210693001747131,218.26634216308597,0.0037617769741210036,Feed-forward PPO,"(160.0, 240.0]","(160, 240]"
32,0.82126784324646,209.71397399902344,0.003916133138797343,Feed-forward PPO,"(160.0, 240.0]","(160, 240]"
33,0.8212223649024963,242.8209991455078,0.0033820071896269064,Feed-forward PPO,"(240.0, 320.0]","(240, 320]"
34,0.821312665939331,234.80870056152344,0.0034977948601360906,Feed-forward PPO,"(160.0, 240.0]","(160, 240]"
35,0.821315586566925,250.99388122558597,0.003272253421304524,Feed-forward PPO,"(240.0, 320.0]","(240, 320]"
36,0.8214139938354492,251.533203125,0.0032656284881294405,Feed-forward PPO,"(240.0, 320.0]","(240, 320]"
37,0.8216312527656555,270.5760803222656,0.003036599731162724,Feed-forward PPO,"(240.0, 320.0]","(240, 320]"
38,0.8217755556106567,323.4707946777344,0.0025404938224156235,Feed-forward PPO,"(320.0, 400.0]","(320, 400]"
39,0.8216659426689148,364.17913818359375,0.0022562136501478786,Feed-forward PPO,"(320.0, 400.0]","(320, 400]"
40,0.8217807412147522,332.8104858398437,0.002469215292724318,Feed-forward PPO,"(320.0, 400.0]","(320, 400]"
41,0.8215503692626953,365.72552490234375,0.0022463577555382995,Feed-forward PPO,"(320.0, 400.0]","(320, 400]"
42,0.8216627836227417,302.66680908203125,0.0027147436024280015,Feed-forward PPO,"(240.0, 320.0]","(240, 320]"
43,0.8216778635978699,331.9556579589844,0.0024752639212415363,Feed-forward PPO,"(320.0, 400.0]","(320, 400]"
44,0.8215766549110413,336.0888366699219,0.0024445222966983714,Feed-forward PPO,"(320.0, 400.0]","(320, 400]"
45,0.8215200304985046,309.2767333984375,0.002656261987351471,Feed-forward PPO,"(240.0, 320.0]","(240, 320]"
46,0.8214367032051086,295.2187194824219,0.0027824682142286008,Feed-forward PPO,"(240.0, 320.0]","(240, 320]"
47,0.8212745189666748,275.6679992675781,0.0029792160176325064,Feed-forward PPO,"(240.0, 320.0]","(240, 320]"
48,0.8207030296325684,244.02870178222656,0.003363141399510338,Feed-forward PPO,"(240.0, 320.0]","(240, 320]"
49,0.8207046985626221,160.5314483642578,0.005112423185146763,Feed-forward PPO,"(160.0, 240.0]","(160, 240]"
50,0.8206716179847717,160.71133422851562,0.005106494958332297,Feed-forward PPO,"(160.0, 240.0]","(160, 240]"
51,0.8206453919410706,157.07009887695312,0.005224707934919902,Feed-forward PPO,"(80.0, 160.0]","(80, 160]"
52,0.8204581141471863,154.24400329589844,0.005319222119599922,Feed-forward PPO,"(80.0, 160.0]","(80, 160]"
53,0.8203153610229492,136.81112670898438,0.005995969631679666,Feed-forward PPO,"(80.0, 160.0]","(80, 160]"
54,0.819787323474884,126.43498229980467,0.0064838647387239,Feed-forward PPO,"(80.0, 160.0]","(80, 160]"
55,0.8195781707763672,98.24469757080078,0.008342212771185254,Feed-forward PPO,"(80.0, 160.0]","(80, 160]"
56,0.7723179459571838,83.8802261352539,0.009207389888432685,Feed-forward PPO,"(80.0, 160.0]","(80, 160]"
57,0.60445636510849,85.43559265136719,0.007074994698931455,Feed-forward PPO,"(80.0, 160.0]","(80, 160]"
58,0.5740041136741638,65.63836669921875,0.008744948153638256,Feed-forward PPO,"(-0.001, 80.0]","[0, 80]"
59,0.5714084506034851,62.17499923706055,0.009190325011904248,Feed-forward PPO,"(-0.001, 80.0]","[0, 80]"
60,0.6001120209693909,61.91144561767578,0.009693070723550643,Feed-forward PPO,"(-0.001, 80.0]","[0, 80]"
61,0.3097977638244629,65.12913513183594,0.00475666939530769,Feed-forward PPO,"(-0.001, 80.0]","[0, 80]"
62,0.3234890699386596,38.7056884765625,0.008357662211190026,Feed-forward PPO,"(-0.001, 80.0]","[0, 80]"
63,0.2311159372329712,40.42182922363281,0.005717602139040461,Feed-forward PPO,"(-0.001, 80.0]","[0, 80]"
64,0.2281011343002319,30.927318572998047,0.007375393174220475,Feed-forward PPO,"(-0.001, 80.0]","[0, 80]"
65,0.2360293865203857,30.07522773742676,0.00784796672467626,Feed-forward PPO,"(-0.001, 80.0]","[0, 80]"
66,0.2478348016738891,24.107799530029297,0.010280274703843446,Feed-forward PPO,"(-0.001, 80.0]","[0, 80]"
67,0.1999144554138183,24.730207443237305,0.008083816355874794,Feed-forward PPO,"(-0.001, 80.0]","[0, 80]"
68,0.2216492891311645,21.12433242797852,0.010492605618987369,Feed-forward PPO,"(-0.001, 80.0]","[0, 80]"
69,0.2486070394515991,23.100521087646484,0.010761966732626964,Feed-forward PPO,"(-0.001, 80.0]","[0, 80]"
70,0.3460928201675415,32.19617462158203,0.010749501275705762,Feed-forward PPO,"(-0.001, 80.0]","[0, 80]"
71,0.310145616531372,42.09807586669922,0.0073672159628726894,Feed-forward PPO,"(-0.001, 80.0]","[0, 80]"
72,0.2307456731796264,39.22251129150391,0.005882990802519287,Feed-forward PPO,"(-0.001, 80.0]","[0, 80]"
73,0.281959056854248,27.16486549377441,0.010379549161355752,Feed-forward PPO,"(-0.001, 80.0]","[0, 80]"
74,0.2441434860229492,34.475303649902344,0.007081692115092966,Feed-forward PPO,"(-0.001, 80.0]","[0, 80]"
75,0.2273650169372558,25.935060501098636,0.008766704705686898,Feed-forward PPO,"(-0.001, 80.0]","[0, 80]"
76,0.4283927083015442,29.580711364746094,0.014482163833696611,Feed-forward PPO,"(-0.001, 80.0]","[0, 80]"
77,0.5857419967651367,47.99835968017578,0.012203375295907436,Feed-forward PPO,"(-0.001, 80.0]","[0, 80]"
78,0.7764146327972412,70.49388122558594,0.011013929426195923,Feed-forward PPO,"(-0.001, 80.0]","[0, 80]"
79,0.6782410144805908,90.06549072265625,0.007530531494789016,Feed-forward PPO,"(80.0, 160.0]","(80, 160]"
80,0.8700119256973267,83.12713623046875,0.010466039913671892,Feed-forward PPO,"(80.0, 160.0]","(80, 160]"
81,0.6419320106506348,97.02323150634766,0.00661627118252227,Feed-forward PPO,"(80.0, 160.0]","(80, 160]"
82,0.8725898265838623,80.49644470214844,0.010840103930212126,Feed-forward PPO,"(80.0, 160.0]","(80, 160]"
83,0.8130359649658203,97.22684478759766,0.008362258044493613,Feed-forward PPO,"(80.0, 160.0]","(80, 160]"
84,0.9300614595413208,92.72699737548828,0.010030104347875454,Feed-forward PPO,"(80.0, 160.0]","(80, 160]"
85,1.102103352546692,101.9574966430664,0.010809439117605485,Feed-forward PPO,"(80.0, 160.0]","(80, 160]"
86,0.7573063373565674,119.3082275390625,0.00634747789802358,Feed-forward PPO,"(80.0, 160.0]","(80, 160]"
87,0.5685789585113525,88.71131134033203,0.006409317480721895,Feed-forward PPO,"(80.0, 160.0]","(80, 160]"
88,0.6824901103973389,69.21646881103516,0.009860227228010941,Feed-forward PPO,"(-0.001, 80.0]","[0, 80]"
89,0.6203701496124268,83.45687866210938,0.007433421421427827,Feed-forward PPO,"(80.0, 160.0]","(80, 160]"
90,0.7561841011047363,78.56983184814453,0.009624356872320251,Feed-forward PPO,"(-0.001, 80.0]","[0, 80]"
91,0.6181678771972656,88.63238525390625,0.006974514737772121,Feed-forward PPO,"(80.0, 160.0]","(80, 160]"
92,0.618549108505249,75.12908935546875,0.008233150618645478,Feed-forward PPO,"(-0.001, 80.0]","[0, 80]"
93,0.6525540351867676,75.8048324584961,0.008608343479210873,Feed-forward PPO,"(-0.001, 80.0]","[0, 80]"
94,0.8513120412826538,81.22835540771484,0.010480478608850409,Feed-forward PPO,"(80.0, 160.0]","(80, 160]"
95,0.895841121673584,95.57491302490234,0.009373182703709808,Feed-forward PPO,"(80.0, 160.0]","(80, 160]"
96,0.8091108798980713,99.05850982666016,0.008168009808686936,Feed-forward PPO,"(80.0, 160.0]","(80, 160]"
97,0.8205490708351135,92.4367218017578,0.008876873333899535,Feed-forward PPO,"(80.0, 160.0]","(80, 160]"
98,0.8208091855049133,144.76991271972656,0.005669749812545605,Feed-forward PPO,"(80.0, 160.0]","(80, 160]"
99,0.8208896517753601,173.03965759277344,0.004743939413629783,Feed-forward PPO,"(160.0, 240.0]","(160, 240]"
100,0.8210375308990479,183.64317321777344,0.004470830668589132,Feed-forward PPO,"(160.0, 240.0]","(160, 240]"
101,0.8212706446647644,204.8489990234375,0.0040091513679830085,Feed-forward PPO,"(160.0, 240.0]","(160, 240]"
102,0.8210391998291016,243.32659912109372,0.0033742270791386184,Feed-forward PPO,"(240.0, 320.0]","(240, 320]"
103,0.8208702802658081,205.1043701171875,0.004002207655530691,Feed-forward PPO,"(160.0, 240.0]","(160, 240]"
104,0.8205929398536682,181.0352020263672,0.004532781087150948,Feed-forward PPO,"(160.0, 240.0]","(160, 240]"
105,0.8205466270446777,148.88189697265625,0.005511392880730019,Feed-forward PPO,"(80.0, 160.0]","(80, 160]"
106,0.8206658363342285,144.54718017578125,0.005677494609969087,Feed-forward PPO,"(80.0, 160.0]","(80, 160]"
107,0.8204479813575745,156.44606018066406,0.005244286627672953,Feed-forward PPO,"(80.0, 160.0]","(80, 160]"
108,0.8203816413879395,136.0037384033203,0.006032052140766089,Feed-forward PPO,"(80.0, 160.0]","(80, 160]"
109,0.8199811577796936,130.83181762695312,0.006267444515047129,Feed-forward PPO,"(80.0, 160.0]","(80, 160]"
110,0.8198498487472534,107.83934020996094,0.007602511728567914,Feed-forward PPO,"(80.0, 160.0]","(80, 160]"
111,0.8200137615203857,101.242431640625,0.008099506780231691,Feed-forward PPO,"(80.0, 160.0]","(80, 160]"
112,0.819935142993927,109.5398178100586,0.0074852702824071676,Feed-forward PPO,"(80.0, 160.0]","(80, 160]"
113,0.8201082348823547,105.47917175292967,0.00777507275847164,Feed-forward PPO,"(80.0, 160.0]","(80, 160]"
114,0.8200592994689941,114.6247787475586,0.007154293412203953,Feed-forward PPO,"(80.0, 160.0]","(80, 160]"
115,0.8203130960464478,111.96395111083984,0.007326582242836094,Feed-forward PPO,"(80.0, 160.0]","(80, 160]"
116,0.8201966881752014,126.2999267578125,0.006494039301764415,Feed-forward PPO,"(80.0, 160.0]","(80, 160]"
117,0.8206387758255005,119.59820556640624,0.006861631175309277,Feed-forward PPO,"(80.0, 160.0]","(80, 160]"
118,0.8207694888114929,153.53518676757812,0.005345807082346377,Feed-forward PPO,"(80.0, 160.0]","(80, 160]"
119,0.8204960823059082,168.0965118408203,0.004881101180034482,Feed-forward PPO,"(160.0, 240.0]","(160, 240]"
120,0.8208366632461548,139.9558563232422,0.005864968317941263,Feed-forward PPO,"(80.0, 160.0]","(80, 160]"
121,0.820704996585846,176.59170532226562,0.004647471947157006,Feed-forward PPO,"(160.0, 240.0]","(160, 240]"
122,0.8211010694503784,160.74717712402344,0.005108027923979425,Feed-forward PPO,"(160.0, 240.0]","(160, 240]"
123,0.8211041688919067,214.6936492919922,0.003824538693155154,Feed-forward PPO,"(160.0, 240.0]","(160, 240]"
124,0.820740818977356,215.1798248291016,0.00381420897442034,Feed-forward PPO,"(160.0, 240.0]","(160, 240]"
125,0.8208307027816772,164.7841339111328,0.004981248396307055,Feed-forward PPO,"(160.0, 240.0]","(160, 240]"
126,0.8209315538406372,175.8147735595703,0.004669297904948163,Feed-forward PPO,"(160.0, 240.0]","(160, 240]"
127,0.8207828998565674,189.42034912109372,0.004333129485110666,Feed-forward PPO,"(160.0, 240.0]","(160, 240]"
128,0.8209185600280762,169.7100830078125,0.004837182007566903,Feed-forward PPO,"(160.0, 240.0]","(160, 240]"
129,0.820921003818512,187.6143341064453,0.004375577205911955,Feed-forward PPO,"(160.0, 240.0]","(160, 240]"
130,0.820745050907135,187.94610595703125,0.00436691703043199,Feed-forward PPO,"(160.0, 240.0]","(160, 240]"
131,0.8211095333099365,165.27438354492188,0.004968159709316099,Feed-forward PPO,"(160.0, 240.0]","(160, 240]"
132,0.821201503276825,216.0363311767578,0.003801219446764858,Feed-forward PPO,"(160.0, 240.0]","(160, 240]"
133,0.8211587071418762,231.2188873291016,0.003551434385950891,Feed-forward PPO,"(160.0, 240.0]","(160, 240]"
134,0.8214423060417175,224.0286102294922,0.0036666848274434323,Feed-forward PPO,"(160.0, 240.0]","(160, 240]"
135,0.8215359449386597,276.9537658691406,0.0029663288468402037,Feed-forward PPO,"(240.0, 320.0]","(240, 320]"
136,0.821501612663269,299.0990600585937,0.00274658707554058,Feed-forward PPO,"(240.0, 320.0]","(240, 320]"
137,0.82161545753479,290.7749938964844,0.002825605622150866,Feed-forward PPO,"(240.0, 320.0]","(240, 320]"
138,0.8215668797492981,319.28912353515625,0.0025731126405213645,Feed-forward PPO,"(240.0, 320.0]","(240, 320]"
139,0.8216506838798523,306.7967224121094,0.0026781599145513603,Feed-forward PPO,"(240.0, 320.0]","(240, 320]"
140,0.821388304233551,328.66424560546875,0.0024991714651539927,Feed-forward PPO,"(320.0, 400.0]","(320, 400]"
141,0.8212496638298035,265.4051818847656,0.0030943241499571624,Feed-forward PPO,"(240.0, 320.0]","(240, 320]"
142,0.8212591409683228,239.5912628173828,0.0034277507923746323,Feed-forward PPO,"(160.0, 240.0]","(160, 240]"
143,0.8209695816040039,241.27301025390625,0.0034026581785507122,Feed-forward PPO,"(240.0, 320.0]","(240, 320]"
144,0.8206528425216675,194.81544494628903,0.0042124629428017014,Feed-forward PPO,"(160.0, 240.0]","(160, 240]"
145,0.8207225203514099,155.0421600341797,0.0052935441570891315,Feed-forward PPO,"(80.0, 160.0]","(80, 160]"
146,0.8206086754798889,162.7118682861328,0.005043324031144603,Feed-forward PPO,"(160.0, 240.0]","(160, 240]"
147,0.820503830909729,150.38388061523438,0.005456062362222413,Feed-forward PPO,"(80.0, 160.0]","(80, 160]"
148,0.8204410076141357,140.64842224121094,0.0058332755856093845,Feed-forward PPO,"(80.0, 160.0]","(80, 160]"
149,0.8201919198036194,135.4528045654297,0.0060551859552485715,Feed-forward PPO,"(80.0, 160.0]","(80, 160]"
150,0.8195720314979553,119.32405090332033,0.006868456319522671,Feed-forward PPO,"(80.0, 160.0]","(80, 160]"
151,0.8195399641990662,83.3116683959961,0.00983703699586999,Feed-forward PPO,"(80.0, 160.0]","(80, 160]"
152,0.8194710612297058,80.40553283691406,0.010191724777097526,Feed-forward PPO,"(80.0, 160.0]","(80, 160]"
153,0.5054035186767578,74.48958587646484,0.006784888286463695,Feed-forward PPO,"(-0.001, 80.0]","[0, 80]"
154,0.5473095178604126,54.76216506958008,0.00999430021009959,Feed-forward PPO,"(-0.001, 80.0]","[0, 80]"
155,0.4934902787208557,59.2230224609375,0.008332743892737887,Feed-forward PPO,"(-0.001, 80.0]","[0, 80]"
156,0.5085024237632751,53.61891555786133,0.009483638721013281,Feed-forward PPO,"(-0.001, 80.0]","[0, 80]"
157,0.4646859765052795,55.065425872802734,0.008438797469371642,Feed-forward PPO,"(-0.001, 80.0]","[0, 80]"
158,0.4526638388633728,50.95166015625,0.008884182330373913,Feed-forward PPO,"(-0.001, 80.0]","[0, 80]"
159,0.2680957317352295,49.90972518920898,0.00537161306176045,Feed-forward PPO,"(-0.001, 80.0]","[0, 80]"
160,0.3023275136947632,33.689598083496094,0.008973912747355327,Feed-forward PPO,"(-0.001, 80.0]","[0, 80]"
161,0.8542764186859131,36.130592346191406,0.02364412989691723,Feed-forward PPO,"(-0.001, 80.0]","[0, 80]"
162,0.6364476084709167,94.31413269042967,0.006748167960786421,Feed-forward PPO,"(80.0, 160.0]","(80, 160]"
163,0.3225443363189697,69.67963409423828,0.004628961396133975,Feed-forward PPO,"(-0.001, 80.0]","[0, 80]"
164,0.4257221817970276,40.35557174682617,0.010549278906710303,Feed-forward PPO,"(-0.001, 80.0]","[0, 80]"
165,0.2276146411895752,47.79618835449219,0.004762192321726896,Feed-forward PPO,"(-0.001, 80.0]","[0, 80]"
166,0.2283231019973755,29.732046127319336,0.007679360546517532,Feed-forward PPO,"(-0.001, 80.0]","[0, 80]"
167,0.2252249717712402,27.38720703125,0.008223729112437374,Feed-forward PPO,"(-0.001, 80.0]","[0, 80]"
168,0.2173539400100708,23.44199562072754,0.009271989617551386,Feed-forward PPO,"(-0.001, 80.0]","[0, 80]"
169,0.3095433712005615,22.69793128967285,0.013637514681410555,Feed-forward PPO,"(-0.001, 80.0]","[0, 80]"
170,0.2364284992218017,38.34646224975586,0.006165588305954012,Feed-forward PPO,"(-0.001, 80.0]","[0, 80]"
171,0.2252168655395507,26.63479423522949,0.008455738893663363,Feed-forward PPO,"(-0.001, 80.0]","[0, 80]"
172,0.4439129829406738,28.0002384185791,0.015853900109869156,Feed-forward PPO,"(-0.001, 80.0]","[0, 80]"
173,0.4564757347106933,46.25689315795898,0.009868274835318288,Feed-forward PPO,"(-0.001, 80.0]","[0, 80]"
174,0.7041683197021484,47.45170211791992,0.014839685159285835,Feed-forward PPO,"(-0.001, 80.0]","[0, 80]"
175,0.7112758159637451,85.04790496826172,0.008363237356983454,Feed-forward PPO,"(80.0, 160.0]","(80, 160]"
176,0.5610740184783936,85.52470397949219,0.006560373697556819,Feed-forward PPO,"(80.0, 160.0]","(80, 160]"
177,0.7391080856323242,68.78471374511719,0.010745237501039846,Feed-forward PPO,"(-0.001, 80.0]","[0, 80]"
178,0.7172040939331055,87.43982696533203,0.008202258842729196,Feed-forward PPO,"(80.0, 160.0]","(80, 160]"
179,0.7621464729309082,85.92961883544922,0.008869426901455008,Feed-forward PPO,"(80.0, 160.0]","(80, 160]"
180,0.9679107666015624,89.05438995361328,0.010868759722072416,Feed-forward PPO,"(80.0, 160.0]","(80, 160]"
181,0.6235687732696533,105.4351806640625,0.005914238201539842,Feed-forward PPO,"(80.0, 160.0]","(80, 160]"
182,0.4625844955444336,79.13188934326172,0.005845740565321455,Feed-forward PPO,"(-0.001, 80.0]","[0, 80]"
183,0.4588985443115234,54.21966171264648,0.00846369250224384,Feed-forward PPO,"(-0.001, 80.0]","[0, 80]"
184,0.5865943431854248,61.173770904541016,0.009588984535558214,Feed-forward PPO,"(-0.001, 80.0]","[0, 80]"
185,0.5181882381439209,70.55815124511719,0.007344130040252166,Feed-forward PPO,"(-0.001, 80.0]","[0, 80]"
186,0.4566588401794433,66.0616455078125,0.006912616794043353,Feed-forward PPO,"(-0.001, 80.0]","[0, 80]"
187,0.6183953285217285,60.3840446472168,0.010241038541465628,Feed-forward PPO,"(-0.001, 80.0]","[0, 80]"
188,0.5708091259002686,75.49118041992188,0.007561269047922238,Feed-forward PPO,"(-0.001, 80.0]","[0, 80]"
189,0.4568734169006347,69.34428405761719,0.006588479830883033,Feed-forward PPO,"(-0.001, 80.0]","[0, 80]"
190,0.7124087810516357,60.4849853515625,0.011778274838141003,Feed-forward PPO,"(-0.001, 80.0]","[0, 80]"
191,0.8966939449310303,85.60704803466797,0.010474534112750851,Feed-forward PPO,"(80.0, 160.0]","(80, 160]"
192,0.8197502493858337,99.12348175048828,0.008269990469556883,Feed-forward PPO,"(80.0, 160.0]","(80, 160]"
193,0.82045578956604,96.50794219970705,0.008501432844441383,Feed-forward PPO,"(80.0, 160.0]","(80, 160]"
194,0.8207449316978455,136.62521362304688,0.006007272815413894,Feed-forward PPO,"(80.0, 160.0]","(80, 160]"
195,0.8210132122039795,165.25746154785156,0.0049680855830297795,Feed-forward PPO,"(160.0, 240.0]","(160, 240]"
196,0.8209130167961121,201.201171875,0.0040800608124992414,Feed-forward PPO,"(160.0, 240.0]","(160, 240]"
197,0.820898711681366,186.8415679931641,0.004393555034345462,Feed-forward PPO,"(160.0, 240.0]","(160, 240]"
198,0.8209813237190247,184.8816070556641,0.004440578685968712,Feed-forward PPO,"(160.0, 240.0]","(160, 240]"
199,0.820754885673523,196.5148468017578,0.004176554082458168,Feed-forward PPO,"(160.0, 240.0]","(160, 240]"
200,0.8206959962844849,166.40164184570312,0.00493201862182033,Feed-forward PPO,"(160.0, 240.0]","(160, 240]"
201,0.8205204010009766,159.748779296875,0.005136317188853959,Feed-forward PPO,"(80.0, 160.0]","(80, 160]"
202,0.8206498622894287,142.14773559570312,0.005773217975300871,Feed-forward PPO,"(80.0, 160.0]","(80, 160]"
203,0.8202293515205383,154.7196044921875,0.005301392504283162,Feed-forward PPO,"(80.0, 160.0]","(80, 160]"
204,0.8197686076164246,121.4508819580078,0.006749795426762429,Feed-forward PPO,"(80.0, 160.0]","(80, 160]"
205,0.8196867108345032,97.3636703491211,0.008418814819689082,Feed-forward PPO,"(80.0, 160.0]","(80, 160]"
206,0.8201022744178772,93.29705810546876,0.008790226520227281,Feed-forward PPO,"(80.0, 160.0]","(80, 160]"
207,0.8198290467262268,114.29834747314452,0.007172711284551629,Feed-forward PPO,"(80.0, 160.0]","(80, 160]"
208,0.8202390670776367,100.2348175048828,0.008183175143085185,Feed-forward PPO,"(80.0, 160.0]","(80, 160]"
209,0.8203918933868408,122.0044403076172,0.006724278979669403,Feed-forward PPO,"(80.0, 160.0]","(80, 160]"
210,0.8201497793197632,131.6180877685547,0.006231284721002517,Feed-forward PPO,"(80.0, 160.0]","(80, 160]"
211,0.8201795816421509,116.93319702148438,0.007014086696795416,Feed-forward PPO,"(80.0, 160.0]","(80, 160]"
212,0.8204478025436401,118.62008666992188,0.006916600936455719,Feed-forward PPO,"(80.0, 160.0]","(80, 160]"
213,0.820573627948761,135.99227905273438,0.0060339721759539245,Feed-forward PPO,"(80.0, 160.0]","(80, 160]"
214,0.8204838633537292,147.06065368652344,0.00557922083702065,Feed-forward PPO,"(80.0, 160.0]","(80, 160]"
215,0.8204209804534912,138.88687133789062,0.0059071168682137834,Feed-forward PPO,"(80.0, 160.0]","(80, 160]"
216,0.8206337094306946,133.8757781982422,0.006129814672042516,Feed-forward PPO,"(80.0, 160.0]","(80, 160]"
217,0.820665717124939,152.9968719482422,0.005363937881047429,Feed-forward PPO,"(80.0, 160.0]","(80, 160]"
218,0.8207811117172241,156.42881774902344,0.0052469942784717375,Feed-forward PPO,"(80.0, 160.0]","(80, 160]"
219,0.8207316994667053,169.4835662841797,0.004842544427526104,Feed-forward PPO,"(160.0, 240.0]","(160, 240]"
220,0.8206861019134521,163.75152587890625,0.005011776821672777,Feed-forward PPO,"(160.0, 240.0]","(160, 240]"
221,0.8204658627510071,158.65945434570312,0.005171238399467162,Feed-forward PPO,"(80.0, 160.0]","(80, 160]"
222,0.820627748966217,137.4329833984375,0.005971112091681093,Feed-forward PPO,"(80.0, 160.0]","(80, 160]"
223,0.8203251361846924,152.3700714111328,0.005383768141522023,Feed-forward PPO,"(80.0, 160.0]","(80, 160]"
224,0.8206320405006409,127.01263427734376,0.006461026851145496,Feed-forward PPO,"(80.0, 160.0]","(80, 160]"
225,0.8208380937576294,152.820556640625,0.005371254442476113,Feed-forward PPO,"(80.0, 160.0]","(80, 160]"
226,0.8209559321403503,176.77700805664062,0.004644019836998883,Feed-forward PPO,"(160.0, 240.0]","(160, 240]"
227,0.8208880424499512,192.86590576171875,0.004256263123375154,Feed-forward PPO,"(160.0, 240.0]","(160, 240]"
228,0.8208995461463928,183.42355346679688,0.004475431484294034,Feed-forward PPO,"(160.0, 240.0]","(160, 240]"
229,0.820915699005127,184.990478515625,0.004437610549430464,Feed-forward PPO,"(160.0, 240.0]","(160, 240]"
230,0.8206936717033386,187.21275329589844,0.0043837487417654405,Feed-forward PPO,"(160.0, 240.0]","(160, 240]"
231,0.8208009600639343,159.4888916015625,0.005146445948815491,Feed-forward PPO,"(80.0, 160.0]","(80, 160]"
232,0.8209648132324219,171.99127197265625,0.004773293457373475,Feed-forward PPO,"(160.0, 240.0]","(160, 240]"
233,0.8211840987205505,194.13833618164065,0.004229891503511343,Feed-forward PPO,"(160.0, 240.0]","(160, 240]"
234,0.8212605118751526,228.26318359375,0.0035978667209723403,Feed-forward PPO,"(160.0, 240.0]","(160, 240]"
235,0.8212780356407166,241.51046752929688,0.003400589813114787,Feed-forward PPO,"(240.0, 320.0]","(240, 320]"
236,0.8213050365447998,244.6593475341797,0.003356932996112323,Feed-forward PPO,"(240.0, 320.0]","(240, 320]"
237,0.8212922215461731,249.58541870117188,0.0032906258138801956,Feed-forward PPO,"(240.0, 320.0]","(240, 320]"
238,0.8213863372802734,247.23959350585935,0.0033222281497595463,Feed-forward PPO,"(240.0, 320.0]","(240, 320]"
239,0.8212538361549377,265.0201416015625,0.003098835549599962,Feed-forward PPO,"(240.0, 320.0]","(240, 320]"
240,0.8206851482391357,240.3233795166016,0.003414920137565903,Feed-forward PPO,"(240.0, 320.0]","(240, 320]"
241,0.8206527829170227,158.54978942871094,0.0051759941522092935,Feed-forward PPO,"(80.0, 160.0]","(80, 160]"
242,0.8205499053001404,155.03573608398438,0.005292650107815404,Feed-forward PPO,"(80.0, 160.0]","(80, 160]"
243,0.8204792737960815,144.84698486328125,0.005664455318628267,Feed-forward PPO,"(80.0, 160.0]","(80, 160]"
244,0.8204095959663391,138.514404296875,0.005922918992655612,Feed-forward PPO,"(80.0, 160.0]","(80, 160]"
245,0.8206626772880554,132.9854736328125,0.006171070079082436,Feed-forward PPO,"(80.0, 160.0]","(80, 160]"
246,0.820532500743866,156.1044464111328,0.005256304478239055,Feed-forward PPO,"(80.0, 160.0]","(80, 160]"
247,0.8200300931930542,143.25057983398438,0.005724445193474271,Feed-forward PPO,"(80.0, 160.0]","(80, 160]"
248,0.8197675347328186,110.40299224853516,0.0074252293170405026,Feed-forward PPO,"(80.0, 160.0]","(80, 160]"
249,0.8196085691452026,97.31256103515624,0.008422433449769158,Feed-forward PPO,"(80.0, 160.0]","(80, 160]"
250,0.8195783495903015,86.71900939941406,0.00945096531044829,Feed-forward PPO,"(80.0, 160.0]","(80, 160]"
251,0.8194605708122253,83.89701080322266,0.009767458494251242,Feed-forward PPO,"(80.0, 160.0]","(80, 160]"
252,0.6443407535552979,73.62907409667969,0.008751172841169198,Feed-forward PPO,"(-0.001, 80.0]","[0, 80]"
253,0.6258313655853271,70.73995971679688,0.008846928498274596,Feed-forward PPO,"(-0.001, 80.0]","[0, 80]"
254,0.6301016211509705,68.29297637939453,0.009226448378095376,Feed-forward PPO,"(-0.001, 80.0]","[0, 80]"
255,0.5787549018859863,68.8512954711914,0.008405868007641884,Feed-forward PPO,"(-0.001, 80.0]","[0, 80]"
256,0.4586779475212097,62.69630813598633,0.007315868528117343,Feed-forward PPO,"(-0.001, 80.0]","[0, 80]"
257,0.3633593320846557,50.40756607055664,0.007208428424733962,Feed-forward PPO,"(-0.001, 80.0]","[0, 80]"
258,0.4898838996887207,43.28965759277344,0.011316418907653811,Feed-forward PPO,"(-0.001, 80.0]","[0, 80]"
259,0.2947678565979004,53.27710723876953,0.005532730132603728,Feed-forward PPO,"(-0.001, 80.0]","[0, 80]"
260,0.421252429485321,35.42388153076172,0.011891763727797867,Feed-forward PPO,"(-0.001, 80.0]","[0, 80]"
261,0.3091448545455932,47.45611953735352,0.006514330660817305,Feed-forward PPO,"(-0.001, 80.0]","[0, 80]"
262,0.208024263381958,37.72016143798828,0.005514935659115581,Feed-forward PPO,"(-0.001, 80.0]","[0, 80]"
263,0.2481608390808105,21.843610763549805,0.011360797524139817,Feed-forward PPO,"(-0.001, 80.0]","[0, 80]"
264,0.1853953599929809,25.453271865844727,0.007283753576755666,Feed-forward PPO,"(-0.001, 80.0]","[0, 80]"
265,0.1755483150482177,17.199329376220703,0.010206695343071092,Feed-forward PPO,"(-0.001, 80.0]","[0, 80]"
266,0.2093921899795532,16.195720672607422,0.012928859061746352,Feed-forward PPO,"(-0.001, 80.0]","[0, 80]"
267,0.139237642288208,21.965463638305664,0.006338934819722672,Feed-forward PPO,"(-0.001, 80.0]","[0, 80]"
268,0.1077589988708496,12.941641807556152,0.00832653232667381,Feed-forward PPO,"(-0.001, 80.0]","[0, 80]"
269,0.2176086902618408,10.388400077819824,0.02094727663853215,Feed-forward PPO,"(-0.001, 80.0]","[0, 80]"
270,0.1857783794403076,22.716663360595703,0.008178066315960755,Feed-forward PPO,"(-0.001, 80.0]","[0, 80]"
271,0.2322697639465332,17.236968994140625,0.013475093215372658,Feed-forward PPO,"(-0.001, 80.0]","[0, 80]"
272,0.3291614055633545,22.08271789550781,0.014905837547755586,Feed-forward PPO,"(-0.001, 80.0]","[0, 80]"
273,0.4053518772125244,30.278791427612305,0.013387320236397205,Feed-forward PPO,"(-0.001, 80.0]","[0, 80]"
274,0.4502608776092529,40.850399017333984,0.011022190442208273,Feed-forward PPO,"(-0.001, 80.0]","[0, 80]"
275,0.4403915405273437,46.86515426635742,0.009396993297501696,Feed-forward PPO,"(-0.001, 80.0]","[0, 80]"
276,0.4668622016906738,45.933895111083984,0.010163784293965058,Feed-forward PPO,"(-0.001, 80.0]","[0, 80]"
277,0.5388047695159912,62.40671920776367,0.008633762139012773,Feed-forward PPO,"(-0.001, 80.0]","[0, 80]"
278,0.4594740867614746,67.52766418457031,0.006804234861517123,Feed-forward PPO,"(-0.001, 80.0]","[0, 80]"
279,0.4556152820587158,61.40251159667969,0.0074201408087572925,Feed-forward PPO,"(-0.001, 80.0]","[0, 80]"
280,0.6197292804718018,59.77944564819336,0.010366929197017923,Feed-forward PPO,"(-0.001, 80.0]","[0, 80]"
281,0.7489261627197266,77.64921569824219,0.009644993268575675,Feed-forward PPO,"(-0.001, 80.0]","[0, 80]"
282,0.8880575895309448,88.1260986328125,0.010077123613869924,Feed-forward PPO,"(80.0, 160.0]","(80, 160]"
283,0.8087666034698486,98.4356689453125,0.008216194517042108,Feed-forward PPO,"(80.0, 160.0]","(80, 160]"
284,1.0473898649215698,92.40782928466795,0.011334427753897577,Feed-forward PPO,"(80.0, 160.0]","(80, 160]"
285,0.9926763772964478,113.16378021240234,0.008772032671878293,Feed-forward PPO,"(80.0, 160.0]","(80, 160]"
286,1.086180329322815,107.78298950195312,0.010077474510049032,Feed-forward PPO,"(80.0, 160.0]","(80, 160]"
287,1.0486156940460205,117.49063873291016,0.008925099951408248,Feed-forward PPO,"(80.0, 160.0]","(80, 160]"
288,0.8204083442687988,113.30455017089844,0.007240736078395513,Feed-forward PPO,"(80.0, 160.0]","(80, 160]"
289,0.8203228712081909,132.88963317871094,0.006172963620909502,Feed-forward PPO,"(80.0, 160.0]","(80, 160]"
290,0.8204401731491089,126.87689971923828,0.006466426709390236,Feed-forward PPO,"(80.0, 160.0]","(80, 160]"
291,0.8203036785125732,135.38723754882812,0.00605894391054937,Feed-forward PPO,"(80.0, 160.0]","(80, 160]"
292,0.8202028274536133,125.74337005615234,0.006522831598098103,Feed-forward PPO,"(80.0, 160.0]","(80, 160]"
293,0.8204051852226257,119.95101928710938,0.006839501574046159,Feed-forward PPO,"(80.0, 160.0]","(80, 160]"
294,0.8205112218856812,132.6461944580078,0.006185712490571546,Feed-forward PPO,"(80.0, 160.0]","(80, 160]"
295,0.8207553029060364,141.31793212890625,0.005807863804271962,Feed-forward PPO,"(80.0, 160.0]","(80, 160]"
296,0.8207776546478271,166.45233154296875,0.004931007256188225,Feed-forward PPO,"(160.0, 240.0]","(160, 240]"
297,0.820441722869873,169.05531311035156,0.004853096349206879,Feed-forward PPO,"(160.0, 240.0]","(160, 240]"
298,0.8205646276473999,135.51058959960938,0.006055354272104542,Feed-forward PPO,"(80.0, 160.0]","(80, 160]"
299,0.8204218149185181,146.2149658203125,0.00561106594195533,Feed-forward PPO,"(80.0, 160.0]","(80, 160]"
300,0.8206188678741455,133.94232177734375,0.006126658527229985,Feed-forward PPO,"(80.0, 160.0]","(80, 160]"
301,0.8207338452339172,151.43453979492188,0.0054197268756875725,Feed-forward PPO,"(80.0, 160.0]","(80, 160]"
302,0.820775032043457,163.99441528320312,0.005004896237631353,Feed-forward PPO,"(160.0, 240.0]","(160, 240]"
303,0.8206616640090942,168.7374267578125,0.004863542604492739,Feed-forward PPO,"(160.0, 240.0]","(160, 240]"
304,0.8207705616950989,155.98973083496094,0.005261696121288165,Feed-forward PPO,"(80.0, 160.0]","(80, 160]"
305,0.8205468058586121,168.21688842773438,0.004877909783779631,Feed-forward PPO,"(160.0, 240.0]","(160, 240]"
306,0.8206886053085327,144.5638427734375,0.005676997716467232,Feed-forward PPO,"(80.0, 160.0]","(80, 160]"
307,0.8208737373352051,158.9334716796875,0.005164888985685681,Feed-forward PPO,"(80.0, 160.0]","(80, 160]"
308,0.8207995891571045,181.4979248046875,0.004522363492807858,Feed-forward PPO,"(160.0, 240.0]","(160, 240]"
309,0.8204949498176575,171.819580078125,0.004775328571077784,Feed-forward PPO,"(160.0, 240.0]","(160, 240]"
310,0.8206223249435425,139.85316467285156,0.005867742262845215,Feed-forward PPO,"(80.0, 160.0]","(80, 160]"
311,0.8207781910896301,151.79568481445312,0.005407124662950105,Feed-forward PPO,"(80.0, 160.0]","(80, 160]"
312,0.8207318186759949,169.1206817626953,0.004852935845112186,Feed-forward PPO,"(160.0, 240.0]","(160, 240]"
313,0.8208450675010681,163.76625061035156,0.005012296883160022,Feed-forward PPO,"(160.0, 240.0]","(160, 240]"
314,0.8206700682640076,177.6939697265625,0.004618446363300139,Feed-forward PPO,"(160.0, 240.0]","(160, 240]"
315,0.8206380009651184,156.9007110595703,0.0052303013506009395,Feed-forward PPO,"(80.0, 160.0]","(80, 160]"
316,0.8207240700721741,153.45547485351562,0.005348287969885823,Feed-forward PPO,"(80.0, 160.0]","(80, 160]"
317,0.8207131624221802,162.88783264160156,0.005038517298145755,Feed-forward PPO,"(160.0, 240.0]","(160, 240]"
318,0.8206271529197693,161.65701293945312,0.005076347372737404,Feed-forward PPO,"(160.0, 240.0]","(160, 240]"
319,0.8204456567764282,152.3063507080078,0.005386811862818085,Feed-forward PPO,"(80.0, 160.0]","(80, 160]"
320,0.8204228281974792,135.81993103027344,0.0060405186630128095,Feed-forward PPO,"(80.0, 160.0]","(80, 160]"
321,0.8206060528755188,134.02244567871094,0.006122900150939937,Feed-forward PPO,"(80.0, 160.0]","(80, 160]"
322,0.8205980658531189,150.1370391845703,0.005465660374748167,Feed-forward PPO,"(80.0, 160.0]","(80, 160]"
323,0.8209981322288513,149.37303161621094,0.005496294232939377,Feed-forward PPO,"(80.0, 160.0]","(80, 160]"
324,0.8209596872329712,198.9686584472656,0.004126075401219822,Feed-forward PPO,"(160.0, 240.0]","(160, 240]"
325,0.8210352063179016,193.4003448486328,0.004245262369932665,Feed-forward PPO,"(160.0, 240.0]","(160, 240]"
326,0.8211431503295898,204.50196838378903,0.004015331279298739,Feed-forward PPO,"(160.0, 240.0]","(160, 240]"
327,0.8212012052536011,221.4680938720703,0.003707988771185988,Feed-forward PPO,"(160.0, 240.0]","(160, 240]"
328,0.8212673664093018,231.1701812744141,0.0035526526902464285,Feed-forward PPO,"(160.0, 240.0]","(160, 240]"
329,0.8211387395858765,242.7415313720703,0.003382769874378226,Feed-forward PPO,"(240.0, 320.0]","(240, 320]"
330,0.8212957978248596,220.7486114501953,0.003720502667851019,Feed-forward PPO,"(160.0, 240.0]","(160, 240]"
331,0.821272611618042,247.8919982910156,0.0033130259035384427,Feed-forward PPO,"(240.0, 320.0]","(240, 320]"
332,0.821089506149292,243.67816162109372,0.0033695654164776633,Feed-forward PPO,"(240.0, 320.0]","(240, 320]"
333,0.8211290240287781,212.86309814453125,0.00385754520716053,Feed-forward PPO,"(160.0, 240.0]","(160, 240]"
334,0.8210592269897461,219.1684417724609,0.003746247499638492,Feed-forward PPO,"(160.0, 240.0]","(160, 240]"
335,0.8209279775619507,208.1546936035156,0.003943836016139133,Feed-forward PPO,"(160.0, 240.0]","(160, 240]"
336,0.8202784061431885,188.9217529296875,0.004341894956101101,Feed-forward PPO,"(160.0, 240.0]","(160, 240]"
337,0.8205664157867432,124.26793670654295,0.006603203026734882,Feed-forward PPO,"(80.0, 160.0]","(80, 160]"
338,0.8205148577690125,146.38623046875,0.005605136870739854,Feed-forward PPO,"(80.0, 160.0]","(80, 160]"
339,0.8203927278518677,141.64498901367188,0.005791893758929105,Feed-forward PPO,"(80.0, 160.0]","(80, 160]"
340,0.8201746940612793,131.6846160888672,0.006228325816796896,Feed-forward PPO,"(80.0, 160.0]","(80, 160]"
341,0.8196552991867065,118.34138488769533,0.006926193232946787,Feed-forward PPO,"(80.0, 160.0]","(80, 160]"
342,0.7240442633628845,91.26774597167967,0.007933188835271061,Feed-forward PPO,"(80.0, 160.0]","(80, 160]"
343,0.7178128957748413,80.49822235107422,0.008917127295609931,Feed-forward PPO,"(80.0, 160.0]","(80, 160]"
344,0.5664239525794983,79.81401824951172,0.0070967978433157455,Feed-forward PPO,"(-0.001, 80.0]","[0, 80]"
345,0.5534122586250305,61.39768981933594,0.009013568104165781,Feed-forward PPO,"(-0.001, 80.0]","[0, 80]"
346,0.5439936518669128,59.93349456787109,0.009076621608487599,Feed-forward PPO,"(-0.001, 80.0]","[0, 80]"
347,0.4776308536529541,58.85254669189453,0.008115721077516869,Feed-forward PPO,"(-0.001, 80.0]","[0, 80]"
348,0.5509097576141357,52.12976837158203,0.010568045376439043,Feed-forward PPO,"(-0.001, 80.0]","[0, 80]"
349,0.4207762479782104,59.64213943481445,0.007055015999855194,Feed-forward PPO,"(-0.001, 80.0]","[0, 80]"
350,0.308690071105957,47.41964721679688,0.006509750477363599,Feed-forward PPO,"(-0.001, 80.0]","[0, 80]"
351,0.2595137357711792,37.066837310791016,0.007001237618285516,Feed-forward PPO,"(-0.001, 80.0]","[0, 80]"
352,0.257066011428833,33.07457733154297,0.007772314332303534,Feed-forward PPO,"(-0.001, 80.0]","[0, 80]"
353,0.2367986440658569,32.8078498840332,0.007217743463923284,Feed-forward PPO,"(-0.001, 80.0]","[0, 80]"
354,0.2192151546478271,31.524873733520508,0.006953720306728298,Feed-forward PPO,"(-0.001, 80.0]","[0, 80]"
355,0.2481920719146728,22.870859146118164,0.010851891060541905,Feed-forward PPO,"(-0.001, 80.0]","[0, 80]"
356,0.2360398769378662,24.83626747131348,0.009503838578421587,Feed-forward PPO,"(-0.001, 80.0]","[0, 80]"
357,0.2339744567871093,24.10830307006836,0.009705140013674379,Feed-forward PPO,"(-0.001, 80.0]","[0, 80]"
358,0.2319164276123047,26.85831069946289,0.008634810662792076,Feed-forward PPO,"(-0.001, 80.0]","[0, 80]"
359,0.1992532014846801,23.904787063598636,0.008335284516635406,Feed-forward PPO,"(-0.001, 80.0]","[0, 80]"
360,0.2259801626205444,18.716005325317383,0.012074166398898066,Feed-forward PPO,"(-0.001, 80.0]","[0, 80]"
361,0.2296030521392822,28.546646118164062,0.008043083281618402,Feed-forward PPO,"(-0.001, 80.0]","[0, 80]"
362,0.2281720638275146,30.64091682434082,0.007446646101863933,Feed-forward PPO,"(-0.001, 80.0]","[0, 80]"
363,0.3869472742080688,30.129127502441406,0.012842963148425519,Feed-forward PPO,"(-0.001, 80.0]","[0, 80]"
364,0.4069445133209228,44.942718505859375,0.009054737382383037,Feed-forward PPO,"(-0.001, 80.0]","[0, 80]"
365,0.3097717761993408,46.391639709472656,0.006677318976851962,Feed-forward PPO,"(-0.001, 80.0]","[0, 80]"
366,0.4932810068130493,38.6728401184082,0.012755230939923867,Feed-forward PPO,"(-0.001, 80.0]","[0, 80]"
367,0.4498186111450195,53.60131072998047,0.008391933051992055,Feed-forward PPO,"(-0.001, 80.0]","[0, 80]"
368,0.4526348114013672,55.52179336547852,0.008152380965467866,Feed-forward PPO,"(-0.001, 80.0]","[0, 80]"
369,0.4556102752685547,57.5987663269043,0.00791007002967249,Feed-forward PPO,"(-0.001, 80.0]","[0, 80]"
370,0.6151061058044434,59.782447814941406,0.010289075276886038,Feed-forward PPO,"(-0.001, 80.0]","[0, 80]"
371,0.619795560836792,73.25184631347656,0.00846115957520602,Feed-forward PPO,"(-0.001, 80.0]","[0, 80]"
372,1.0994497537612915,77.79957580566406,0.014131821958870475,Feed-forward PPO,"(-0.001, 80.0]","[0, 80]"
373,1.3223400115966797,119.01011657714844,0.01111115634223811,Feed-forward PPO,"(80.0, 160.0]","(80, 160]"
374,0.4738287925720215,146.0486602783203,0.0032443213903438823,Feed-forward PPO,"(80.0, 160.0]","(80, 160]"
375,0.5594515800476074,53.18157958984375,0.010519649554644812,Feed-forward PPO,"(-0.001, 80.0]","[0, 80]"
376,0.6022531986236572,68.69590759277344,0.008766944345415594,Feed-forward PPO,"(-0.001, 80.0]","[0, 80]"
377,0.739128589630127,72.03372955322266,0.010260867988016868,Feed-forward PPO,"(-0.001, 80.0]","[0, 80]"
378,0.6171262264251709,87.44181060791016,0.0070575645922105875,Feed-forward PPO,"(80.0, 160.0]","(80, 160]"
379,0.4655094146728515,73.64738464355469,0.006320786772345906,Feed-forward PPO,"(-0.001, 80.0]","[0, 80]"
380,0.4560480117797851,62.24346160888672,0.007326842048814867,Feed-forward PPO,"(-0.001, 80.0]","[0, 80]"
381,0.6634187698364258,54.83914566040039,0.012097540212328357,Feed-forward PPO,"(-0.001, 80.0]","[0, 80]"
382,0.5833022594451904,82.00209045410156,0.007113260847559465,Feed-forward PPO,"(80.0, 160.0]","(80, 160]"
383,0.4592337608337402,70.26559448242188,0.006535684558231771,Feed-forward PPO,"(-0.001, 80.0]","[0, 80]"
384,0.5643596649169922,61.3083381652832,0.009205267697772464,Feed-forward PPO,"(-0.001, 80.0]","[0, 80]"
385,0.8624660968780518,68.97578430175781,0.012503896919894425,Feed-forward PPO,"(-0.001, 80.0]","[0, 80]"
386,0.8203269243240356,96.43427276611328,0.008506591077983388,Feed-forward PPO,"(80.0, 160.0]","(80, 160]"
387,0.8204459547996521,127.11753845214844,0.006454230980160909,Feed-forward PPO,"(80.0, 160.0]","(80, 160]"
388,0.8205767273902893,135.8424530029297,0.006040650100543989,Feed-forward PPO,"(80.0, 160.0]","(80, 160]"
389,0.8206799030303955,147.3507843017578,0.005569565896233952,Feed-forward PPO,"(80.0, 160.0]","(80, 160]"
390,0.8204996585845947,157.97714233398438,0.0051937871926430405,Feed-forward PPO,"(80.0, 160.0]","(80, 160]"
391,0.8204768896102905,140.27395629882812,0.005849103506159147,Feed-forward PPO,"(80.0, 160.0]","(80, 160]"
392,0.8200271129608154,138.32113647460938,0.0059284295506879525,Feed-forward PPO,"(80.0, 160.0]","(80, 160]"
393,0.8203252553939819,110.24625396728516,0.0074408447078610765,Feed-forward PPO,"(80.0, 160.0]","(80, 160]"
394,0.8199402093887329,127.01949310302734,0.006455231314170555,Feed-forward PPO,"(80.0, 160.0]","(80, 160]"
395,0.8199410438537598,105.73600006103516,0.007754606220969737,Feed-forward PPO,"(80.0, 160.0]","(80, 160]"
396,0.8196642398834229,105.78032684326172,0.007748739906031365,Feed-forward PPO,"(80.0, 160.0]","(80, 160]"
397,0.8199521899223328,91.91358184814452,0.008920903455563518,Feed-forward PPO,"(80.0, 160.0]","(80, 160]"
398,0.8196226358413696,106.34635925292967,0.007707105740141173,Feed-forward PPO,"(80.0, 160.0]","(80, 160]"
399,0.819642186164856,88.0693130493164,0.009306785278384978,Feed-forward PPO,"(80.0, 160.0]","(80, 160]"
400,0.8198716640472412,89.97065734863281,0.00911265615044103,Feed-forward PPO,"(80.0, 160.0]","(80, 160]"
401,0.8195984959602356,102.31085968017578,0.008010865107793095,Feed-forward PPO,"(80.0, 160.0]","(80, 160]"
402,0.8196362257003784,85.7713394165039,0.009556061864910858,Feed-forward PPO,"(80.0, 160.0]","(80, 160]"
403,0.8198885917663574,89.38508605957031,0.009172543518277156,Feed-forward PPO,"(80.0, 160.0]","(80, 160]"
404,0.8199059367179871,103.14523315429688,0.007949043418142983,Feed-forward PPO,"(80.0, 160.0]","(80, 160]"
405,0.8196253776550293,104.00907135009766,0.00788032588903852,Feed-forward PPO,"(80.0, 160.0]","(80, 160]"
406,0.8196269869804382,88.33182525634766,0.00927895449462071,Feed-forward PPO,"(80.0, 160.0]","(80, 160]"
407,0.8196712732315063,88.48473358154297,0.009263420254027658,Feed-forward PPO,"(80.0, 160.0]","(80, 160]"
408,0.8195278644561768,92.34521484375,0.008874611054214717,Feed-forward PPO,"(80.0, 160.0]","(80, 160]"
409,0.8196259140968323,79.33457946777344,0.010331256806242644,Feed-forward PPO,"(-0.001, 80.0]","[0, 80]"
410,0.8200935125350952,88.38123321533203,0.0092790458188903,Feed-forward PPO,"(80.0, 160.0]","(80, 160]"
411,0.8197475671768188,113.81922912597656,0.007202188711623691,Feed-forward PPO,"(80.0, 160.0]","(80, 160]"
412,0.819616436958313,96.38306427001952,0.008503739149256943,Feed-forward PPO,"(80.0, 160.0]","(80, 160]"
413,0.8197475671768188,87.46975708007812,0.009371782825763926,Feed-forward PPO,"(80.0, 160.0]","(80, 160]"
414,0.8198158144950867,96.38273620605467,0.00850583669613217,Feed-forward PPO,"(80.0, 160.0]","(80, 160]"
415,0.8202013373374939,99.59959411621094,0.00823498674483049,Feed-forward PPO,"(80.0, 160.0]","(80, 160]"
416,0.8202207088470459,119.86627197265624,0.006842798189587091,Feed-forward PPO,"(80.0, 160.0]","(80, 160]"
417,0.8200297355651855,120.96101379394533,0.006779289540033865,Feed-forward PPO,"(80.0, 160.0]","(80, 160]"
418,0.8204271793365479,110.38349151611328,0.00743251701923911,Feed-forward PPO,"(80.0, 160.0]","(80, 160]"
419,0.8205558061599731,134.3607177734375,0.006107110915733686,Feed-forward PPO,"(80.0, 160.0]","(80, 160]"
420,0.8207402229309082,145.39498901367188,0.00564490034009172,Feed-forward PPO,"(80.0, 160.0]","(80, 160]"
421,0.8208482265472412,164.7183380126953,0.004983344516771266,Feed-forward PPO,"(160.0, 240.0]","(160, 240]"
422,0.8208445310592651,178.10353088378906,0.004608805490750539,Feed-forward PPO,"(160.0, 240.0]","(160, 240]"
423,0.820781409740448,177.61996459960938,0.004620997485224434,Feed-forward PPO,"(160.0, 240.0]","(160, 240]"
424,0.8210582733154297,169.52114868164062,0.004843397297037968,Feed-forward PPO,"(160.0, 240.0]","(160, 240]"
425,0.8209031820297241,208.012451171875,0.003946413675744027,Feed-forward PPO,"(160.0, 240.0]","(160, 240]"
426,0.8207768797874451,185.4947662353516,0.004424798049267125,Feed-forward PPO,"(160.0, 240.0]","(160, 240]"
427,0.8208716511726379,168.9560546875,0.00485849206582692,Feed-forward PPO,"(160.0, 240.0]","(160, 240]"
428,0.8206209540367126,181.21441650390625,0.004528452922612939,Feed-forward PPO,"(160.0, 240.0]","(160, 240]"
429,0.8207421898841858,151.6547393798828,0.005411912566928048,Feed-forward PPO,"(80.0, 160.0]","(80, 160]"
430,0.8206163644790649,164.9420928955078,0.004975178561599386,Feed-forward PPO,"(160.0, 240.0]","(160, 240]"
431,0.8200079798698425,151.1704559326172,0.005424393111808523,Feed-forward PPO,"(80.0, 160.0]","(80, 160]"
432,0.8194769024848938,109.23762512207033,0.007501782481714966,Feed-forward PPO,"(80.0, 160.0]","(80, 160]"
433,0.8206390738487244,74.973388671875,0.010945738059677343,Feed-forward PPO,"(-0.001, 80.0]","[0, 80]"
434,0.8206765055656433,153.5703582763672,0.005343977280359947,Feed-forward PPO,"(80.0, 160.0]","(80, 160]"
435,0.8206895589828491,157.6027374267578,0.0052073306110196555,Feed-forward PPO,"(80.0, 160.0]","(80, 160]"
436,0.8205260038375854,159.03976440429688,0.0051592506245904425,Feed-forward PPO,"(80.0, 160.0]","(80, 160]"
437,0.819408118724823,142.65603637695312,0.005743942839962452,Feed-forward PPO,"(80.0, 160.0]","(80, 160]"
438,0.81920325756073,69.46321868896484,0.011793338590151903,Feed-forward PPO,"(-0.001, 80.0]","[0, 80]"
439,0.6186314225196838,55.30534362792969,0.011185744124140466,Feed-forward PPO,"(-0.001, 80.0]","[0, 80]"
440,0.5609176158905029,67.37357330322266,0.008325484138506763,Feed-forward PPO,"(-0.001, 80.0]","[0, 80]"
441,0.2991344928741455,60.81262969970703,0.004918953420552156,Feed-forward PPO,"(-0.001, 80.0]","[0, 80]"
442,0.3315714597702026,35.83094787597656,0.009253773048870696,Feed-forward PPO,"(-0.001, 80.0]","[0, 80]"
443,0.2265075445175171,40.99383163452149,0.0055254055423980385,Feed-forward PPO,"(-0.001, 80.0]","[0, 80]"
444,0.2284971475601196,28.905473709106445,0.007904978477766077,Feed-forward PPO,"(-0.001, 80.0]","[0, 80]"
445,0.3084951639175415,30.256275177001957,0.010196072124305348,Feed-forward PPO,"(-0.001, 80.0]","[0, 80]"
446,0.2473160028457641,36.76713180541992,0.006726551425186414,Feed-forward PPO,"(-0.001, 80.0]","[0, 80]"
447,0.2039765119552612,24.669191360473636,0.008268471753885042,Feed-forward PPO,"(-0.001, 80.0]","[0, 80]"
448,0.1551874876022339,19.263078689575195,0.008056214175474367,Feed-forward PPO,"(-0.001, 80.0]","[0, 80]"
449,0.112453818321228,14.285483360290527,0.007871894529926567,Feed-forward PPO,"(-0.001, 80.0]","[0, 80]"
450,0.0974442958831787,10.74827003479004,0.009066044634882696,Feed-forward PPO,"(-0.001, 80.0]","[0, 80]"
451,0.1310802698135376,9.63591194152832,0.013603307150267231,Feed-forward PPO,"(-0.001, 80.0]","[0, 80]"
452,0.0933582782745361,12.296305656433104,0.0075923843211959776,Feed-forward PPO,"(-0.001, 80.0]","[0, 80]"
453,0.2407665252685547,9.353482246398926,0.0257408437762577,Feed-forward PPO,"(-0.001, 80.0]","[0, 80]"
454,0.0873886346817016,26.23872184753418,0.0033305217833967805,Feed-forward PPO,"(-0.001, 80.0]","[0, 80]"
455,0.0151818149467552,6.932722091674805,0.002189877907407591,Feed-forward PPO,"(-0.001, 80.0]","[0, 80]"
456,0.1010283231735229,4.211070537567139,0.023991125836588332,Feed-forward PPO,"(-0.001, 80.0]","[0, 80]"
457,0.2027682065963745,7.262102127075195,0.027921420416327745,Feed-forward PPO,"(-0.001, 80.0]","[0, 80]"
458,0.2018758058547973,19.120996475219727,0.010557807806534699,Feed-forward PPO,"(-0.001, 80.0]","[0, 80]"
459,0.1443997621536255,19.019718170166016,0.007592108403589719,Feed-forward PPO,"(-0.001, 80.0]","[0, 80]"
460,0.236652135848999,13.363261222839355,0.017709160354100778,Feed-forward PPO,"(-0.001, 80.0]","[0, 80]"
461,0.4417146444320678,26.61296272277832,0.01659772529023984,Feed-forward PPO,"(-0.001, 80.0]","[0, 80]"
462,0.3823885917663574,49.03780746459961,0.007797832153128048,Feed-forward PPO,"(-0.001, 80.0]","[0, 80]"
463,0.4731225967407226,44.6180419921875,0.010603840411095697,Feed-forward PPO,"(-0.001, 80.0]","[0, 80]"
464,0.3952672481536865,53.2499885559082,0.007422860715522741,Feed-forward PPO,"(-0.001, 80.0]","[0, 80]"
465,0.5085432529449463,37.06343460083008,0.013720888482730008,Feed-forward PPO,"(-0.001, 80.0]","[0, 80]"
466,0.4386548995971679,65.0533218383789,0.006743005386980542,Feed-forward PPO,"(-0.001, 80.0]","[0, 80]"
467,0.4744939804077148,45.760738372802734,0.010369019322680417,Feed-forward PPO,"(-0.001, 80.0]","[0, 80]"
468,0.459482192993164,48.332481384277344,0.009506695700970869,Feed-forward PPO,"(-0.001, 80.0]","[0, 80]"
469,0.4369103908538818,47.59851837158203,0.009179075437665985,Feed-forward PPO,"(-0.001, 80.0]","[0, 80]"
470,0.4053964614868164,45.60140228271485,0.008889999894597132,Feed-forward PPO,"(-0.001, 80.0]","[0, 80]"
471,0.4957680702209472,40.847015380859375,0.012137192046919067,Feed-forward PPO,"(-0.001, 80.0]","[0, 80]"
472,0.4149448871612549,49.49134063720703,0.008384191695330718,Feed-forward PPO,"(-0.001, 80.0]","[0, 80]"
473,0.491530179977417,39.35213088989258,0.012490560710745764,Feed-forward PPO,"(-0.001, 80.0]","[0, 80]"
474,0.4316456317901611,51.57735824584961,0.008368897641726256,Feed-forward PPO,"(-0.001, 80.0]","[0, 80]"
475,0.4457821846008301,45.108158111572266,0.009882518002579825,Feed-forward PPO,"(-0.001, 80.0]","[0, 80]"
476,0.4648733139038086,46.441253662109375,0.010009921723605208,Feed-forward PPO,"(-0.001, 80.0]","[0, 80]"
477,0.449700117111206,47.86325073242188,0.00939551974071384,Feed-forward PPO,"(-0.001, 80.0]","[0, 80]"
478,0.4548759460449219,46.81507110595703,0.009716442489543516,Feed-forward PPO,"(-0.001, 80.0]","[0, 80]"
479,0.4531745910644531,54.94151306152344,0.008248309262196489,Feed-forward PPO,"(-0.001, 80.0]","[0, 80]"
480,0.4982879161834717,57.91355514526367,0.008603994607715307,Feed-forward PPO,"(-0.001, 80.0]","[0, 80]"
481,0.699608325958252,64.45060729980469,0.010854953200113168,Feed-forward PPO,"(-0.001, 80.0]","[0, 80]"
482,0.7675676345825195,84.734375,0.009058515326070672,Feed-forward PPO,"(80.0, 160.0]","(80, 160]"
483,0.8197197318077087,89.4361572265625,0.009165417625571376,Feed-forward PPO,"(80.0, 160.0]","(80, 160]"
484,0.8201412558555603,95.0926513671875,0.008624654419285198,Feed-forward PPO,"(80.0, 160.0]","(80, 160]"
485,0.820033609867096,116.45648956298828,0.007041544983403962,Feed-forward PPO,"(80.0, 160.0]","(80, 160]"
486,0.8196454644203186,110.5907974243164,0.007411515998709104,Feed-forward PPO,"(80.0, 160.0]","(80, 160]"
487,0.8199503421783447,90.291748046875,0.009081121585470548,Feed-forward PPO,"(80.0, 160.0]","(80, 160]"
488,0.820059597492218,106.25155639648438,0.007718094918366315,Feed-forward PPO,"(80.0, 160.0]","(80, 160]"
489,0.8206738829612732,111.97953033447266,0.007328784827994858,Feed-forward PPO,"(80.0, 160.0]","(80, 160]"
490,0.819642961025238,157.32037353515625,0.005210024249288177,Feed-forward PPO,"(80.0, 160.0]","(80, 160]"
491,0.8200503587722778,90.04519653320312,0.009107097217227947,Feed-forward PPO,"(80.0, 160.0]","(80, 160]"
492,0.8195830583572388,111.48442840576172,0.007351547387176461,Feed-forward PPO,"(80.0, 160.0]","(80, 160]"
493,0.8201318383216858,84.33121490478516,0.00972512775071084,Feed-forward PPO,"(80.0, 160.0]","(80, 160]"
494,0.8196493983268738,115.93183135986328,0.007070097907645443,Feed-forward PPO,"(80.0, 160.0]","(80, 160]"
495,0.8197662830352783,90.6847152709961,0.009039740386078778,Feed-forward PPO,"(80.0, 160.0]","(80, 160]"
496,0.8201350569725037,97.2563018798828,0.008432718920213708,Feed-forward PPO,"(80.0, 160.0]","(80, 160]"
497,0.8199195861816406,116.11011505126952,0.007061568975447121,Feed-forward PPO,"(80.0, 160.0]","(80, 160]"
498,0.8197952508926392,104.6955108642578,0.007830280822217284,Feed-forward PPO,"(80.0, 160.0]","(80, 160]"
499,0.8196249008178711,98.6200714111328,0.008310933961921134,Feed-forward PPO,"(80.0, 160.0]","(80, 160]"
500,0.8196827173233032,88.28511047363281,0.009284495572649357,Feed-forward PPO,"(80.0, 160.0]","(80, 160]"
501,0.8198937773704529,93.04924774169922,0.00881139608615046,Feed-forward PPO,"(80.0, 160.0]","(80, 160]"
502,0.8201261758804321,103.40227508544922,0.007931413261484808,Feed-forward PPO,"(80.0, 160.0]","(80, 160]"
503,0.8199450373649597,115.61650848388672,0.007091937372241561,Feed-forward PPO,"(80.0, 160.0]","(80, 160]"
504,0.8198556900024414,105.9831771850586,0.0077357153444350965,Feed-forward PPO,"(80.0, 160.0]","(80, 160]"
505,0.8196972012519836,101.52835845947266,0.008073578788129273,Feed-forward PPO,"(80.0, 160.0]","(80, 160]"
506,0.8202306032180786,93.87445068359376,0.008737527593984936,Feed-forward PPO,"(80.0, 160.0]","(80, 160]"
507,0.8205801248550415,121.52259063720705,0.006752490385139974,Feed-forward PPO,"(80.0, 160.0]","(80, 160]"
508,0.8196009397506714,147.67044067382812,0.005550203114521691,Feed-forward PPO,"(80.0, 160.0]","(80, 160]"
509,0.8194361329078674,86.00104522705078,0.009528211322833107,Feed-forward PPO,"(80.0, 160.0]","(80, 160]"
510,0.8196463584899902,71.65619659423828,0.011438597043202488,Feed-forward PPO,"(-0.001, 80.0]","[0, 80]"
511,0.81962651014328,90.38323211669922,0.009068346981495539,Feed-forward PPO,"(80.0, 160.0]","(80, 160]"
512,0.8193328380584717,88.44154357910156,0.009264117346907966,Feed-forward PPO,"(80.0, 160.0]","(80, 160]"
513,0.8193265795707703,63.88871383666992,0.01282427725287068,Feed-forward PPO,"(-0.001, 80.0]","[0, 80]"
514,0.81942218542099,63.44495391845703,0.012915482395560673,Feed-forward PPO,"(-0.001, 80.0]","[0, 80]"
515,0.8200125098228455,70.55473327636719,0.011622359999729664,Feed-forward PPO,"(-0.001, 80.0]","[0, 80]"
516,0.8200830817222595,109.47449493408205,0.007491088058602661,Feed-forward PPO,"(80.0, 160.0]","(80, 160]"
517,0.8203287720680237,113.24919891357422,0.007243572404375726,Feed-forward PPO,"(80.0, 160.0]","(80, 160]"
518,0.8201966881752014,127.22810363769533,0.0064466628419681355,Feed-forward PPO,"(80.0, 160.0]","(80, 160]"
519,0.8202809691429138,119.59764862060548,0.006858671375263038,Feed-forward PPO,"(80.0, 160.0]","(80, 160]"
520,0.8203604817390442,124.4174346923828,0.0065936135379044995,Feed-forward PPO,"(80.0, 160.0]","(80, 160]"
521,0.8204510807991028,129.22222900390625,0.006349148185443399,Feed-forward PPO,"(80.0, 160.0]","(80, 160]"
522,0.8202580213546753,136.25363159179688,0.00602008189999729,Feed-forward PPO,"(80.0, 160.0]","(80, 160]"
523,0.8202492594718933,123.0910415649414,0.006663760815112929,Feed-forward PPO,"(80.0, 160.0]","(80, 160]"
524,0.8208014369010925,122.58746337890624,0.006695639295219553,Feed-forward PPO,"(80.0, 160.0]","(80, 160]"
525,0.8205486536026001,172.04931640625,0.00476926424784558,Feed-forward PPO,"(160.0, 240.0]","(160, 240]"
526,0.8202657103538513,144.73619079589844,0.005667315865114616,Feed-forward PPO,"(80.0, 160.0]","(80, 160]"
527,0.8199355602264404,123.53145599365234,0.006637463742583693,Feed-forward PPO,"(80.0, 160.0]","(80, 160]"
528,0.8215066194534302,105.49957275390624,0.007786824135958532,Feed-forward PPO,"(80.0, 160.0]","(80, 160]"
529,1.0689338445663452,90.68089294433594,0.011787861917311572,Feed-forward PPO,"(80.0, 160.0]","(80, 160]"
530,1.1089820861816406,116.90152740478516,0.009486463614300444,Feed-forward PPO,"(80.0, 160.0]","(80, 160]"
531,1.047210931777954,121.2823486328125,0.00863448757039188,Feed-forward PPO,"(80.0, 160.0]","(80, 160]"
532,0.9856680631637572,114.4949722290039,0.008608832719678737,Feed-forward PPO,"(80.0, 160.0]","(80, 160]"
533,0.7335927486419678,107.93610382080078,0.0067965464999543024,Feed-forward PPO,"(80.0, 160.0]","(80, 160]"
534,0.4971736669540405,81.53327941894531,0.006097800438019862,Feed-forward PPO,"(80.0, 160.0]","(80, 160]"
535,0.3272697925567627,53.96904373168945,0.006064028004346442,Feed-forward PPO,"(-0.001, 80.0]","[0, 80]"
536,0.3050453662872314,40.68331146240234,0.0074980466270338,Feed-forward PPO,"(-0.001, 80.0]","[0, 80]"
537,0.3322300910949707,36.385738372802734,0.009130777770427298,Feed-forward PPO,"(-0.001, 80.0]","[0, 80]"
538,0.2253957986831665,41.040794372558594,0.005491994054429769,Feed-forward PPO,"(-0.001, 80.0]","[0, 80]"
539,0.2569453716278076,28.11579132080078,0.009138827667913187,Feed-forward PPO,"(-0.001, 80.0]","[0, 80]"
540,0.3499943017959595,32.80276107788086,0.010669659818117055,Feed-forward PPO,"(-0.001, 80.0]","[0, 80]"
541,0.2280440330505371,42.37998962402344,0.00538093650030694,Feed-forward PPO,"(-0.001, 80.0]","[0, 80]"
542,0.2891062498092651,30.068639755249023,0.009614876235257579,Feed-forward PPO,"(-0.001, 80.0]","[0, 80]"
543,0.228851318359375,34.8932991027832,0.00655860363576573,Feed-forward PPO,"(-0.001, 80.0]","[0, 80]"
544,0.2330298423767089,30.37815284729004,0.007670968131213973,Feed-forward PPO,"(-0.001, 80.0]","[0, 80]"
545,0.2044264078140258,26.9478816986084,0.00758599173398414,Feed-forward PPO,"(-0.001, 80.0]","[0, 80]"
546,0.1881685256958007,19.314794540405277,0.009742196599718653,Feed-forward PPO,"(-0.001, 80.0]","[0, 80]"
547,0.1417237520217895,17.492660522460938,0.008101898041170653,Feed-forward PPO,"(-0.001, 80.0]","[0, 80]"
548,0.1002103090286254,13.144339561462402,0.007623837512721429,Feed-forward PPO,"(-0.001, 80.0]","[0, 80]"
549,0.12542724609375,9.837475776672363,0.012749942052327693,Feed-forward PPO,"(-0.001, 80.0]","[0, 80]"
550,0.1534881591796875,11.811033248901367,0.012995320218403803,Feed-forward PPO,"(-0.001, 80.0]","[0, 80]"
551,0.2009118795394897,14.140249252319336,0.014208510469257491,Feed-forward PPO,"(-0.001, 80.0]","[0, 80]"
552,0.249341607093811,20.584943771362305,0.0121128145825054,Feed-forward PPO,"(-0.001, 80.0]","[0, 80]"
553,0.2066746950149536,25.257081985473636,0.00818284135648847,Feed-forward PPO,"(-0.001, 80.0]","[0, 80]"
554,0.1029757261276245,19.582651138305664,0.0052585181342578,Feed-forward PPO,"(-0.001, 80.0]","[0, 80]"
555,0.0865769386291503,10.03261375427246,0.008629549661700162,Feed-forward PPO,"(-0.001, 80.0]","[0, 80]"
556,0.1872690916061401,8.222972869873047,0.022773891458677684,Feed-forward PPO,"(-0.001, 80.0]","[0, 80]"
557,0.1396279335021972,17.399887084960938,0.008024645954333828,Feed-forward PPO,"(-0.001, 80.0]","[0, 80]"
558,0.0936942100524902,12.973848342895508,0.007221774725291686,Feed-forward PPO,"(-0.001, 80.0]","[0, 80]"
559,0.2950682640075683,9.375703811645508,0.03147158548684801,Feed-forward PPO,"(-0.001, 80.0]","[0, 80]"
560,0.2491000890731811,35.44527053833008,0.0070277384059971365,Feed-forward PPO,"(-0.001, 80.0]","[0, 80]"
561,0.2051374912261963,25.29745101928711,0.008109018219653702,Feed-forward PPO,"(-0.001, 80.0]","[0, 80]"
562,0.294321060180664,21.58346176147461,0.013636415855496001,Feed-forward PPO,"(-0.001, 80.0]","[0, 80]"
563,0.4899542331695556,35.37828826904297,0.01384900901489572,Feed-forward PPO,"(-0.001, 80.0]","[0, 80]"
564,0.2815616130828857,51.72565460205078,0.005443364907589251,Feed-forward PPO,"(-0.001, 80.0]","[0, 80]"
565,0.2968056201934814,26.135417938232425,0.011356452033594484,Feed-forward PPO,"(-0.001, 80.0]","[0, 80]"
566,0.4104518890380859,27.398414611816406,0.014980862756236484,Feed-forward PPO,"(-0.001, 80.0]","[0, 80]"
567,0.3897798061370849,40.39064407348633,0.009650249830825264,Feed-forward PPO,"(-0.001, 80.0]","[0, 80]"
568,0.3855488300323486,36.45577239990234,0.010575796496726577,Feed-forward PPO,"(-0.001, 80.0]","[0, 80]"
569,0.455294132232666,35.99109649658203,0.012650187867321685,Feed-forward PPO,"(-0.001, 80.0]","[0, 80]"
570,0.5883886814117432,59.46209716796875,0.009895188858705415,Feed-forward PPO,"(-0.001, 80.0]","[0, 80]"
571,0.4724898338317871,70.74176788330078,0.006679078682500985,Feed-forward PPO,"(-0.001, 80.0]","[0, 80]"
572,0.4600074291229248,48.23581314086914,0.00953663676777889,Feed-forward PPO,"(-0.001, 80.0]","[0, 80]"
573,0.4515755176544189,61.56719970703125,0.007334676902689257,Feed-forward PPO,"(-0.001, 80.0]","[0, 80]"
574,0.4746580123901367,56.768802642822266,0.008361247556630499,Feed-forward PPO,"(-0.001, 80.0]","[0, 80]"
575,0.4552745819091797,53.10567855834961,0.008572992460852354,Feed-forward PPO,"(-0.001, 80.0]","[0, 80]"
576,0.4532756805419922,54.90949630737305,0.008254959725083619,Feed-forward PPO,"(-0.001, 80.0]","[0, 80]"
577,0.483302354812622,57.9325065612793,0.008342507229536134,Feed-forward PPO,"(-0.001, 80.0]","[0, 80]"
578,0.6157197952270508,63.59574890136719,0.009681775997040173,Feed-forward PPO,"(-0.001, 80.0]","[0, 80]"
579,0.6177237033843994,73.30752563476562,0.008426470516301916,Feed-forward PPO,"(-0.001, 80.0]","[0, 80]"
580,0.8197279572486877,74.53402709960938,0.010998036590095692,Feed-forward PPO,"(-0.001, 80.0]","[0, 80]"
581,0.8195390701293945,95.47765350341795,0.008583569453768114,Feed-forward PPO,"(80.0, 160.0]","(80, 160]"
582,0.8194282054901123,80.32561492919922,0.010201331246730878,Feed-forward PPO,"(80.0, 160.0]","(80, 160]"
583,0.8195822238922119,71.02964782714844,0.011538593375637675,Feed-forward PPO,"(-0.001, 80.0]","[0, 80]"
584,0.8195646405220032,84.25395965576172,0.009727313041078623,Feed-forward PPO,"(80.0, 160.0]","(80, 160]"
585,0.8193901181221008,82.6358871459961,0.009915669165316176,Feed-forward PPO,"(80.0, 160.0]","(80, 160]"
586,0.8193285465240479,68.08830261230469,0.012033323127311762,Feed-forward PPO,"(-0.001, 80.0]","[0, 80]"
587,0.8193583488464355,63.58346557617188,0.012886343036223128,Feed-forward PPO,"(-0.001, 80.0]","[0, 80]"
588,0.8193979859352112,65.72673797607422,0.01246673745216882,Feed-forward PPO,"(-0.001, 80.0]","[0, 80]"
589,0.819475531578064,68.68428039550781,0.011931049242406571,Feed-forward PPO,"(-0.001, 80.0]","[0, 80]"
590,0.8194531798362732,74.85857391357422,0.010946684354184317,Feed-forward PPO,"(-0.001, 80.0]","[0, 80]"
591,0.819378137588501,73.0252685546875,0.011220474142794576,Feed-forward PPO,"(-0.001, 80.0]","[0, 80]"
592,0.8194908499717712,67.18517303466797,0.012197495562732403,Feed-forward PPO,"(-0.001, 80.0]","[0, 80]"
593,0.5333800315856934,76.14306640625,0.007004971782196472,Feed-forward PPO,"(-0.001, 80.0]","[0, 80]"
594,0.6200566291809082,67.21638488769531,0.009224783960293234,Feed-forward PPO,"(-0.001, 80.0]","[0, 80]"
595,0.7950718402862549,78.08684539794922,0.010181892177029035,Feed-forward PPO,"(-0.001, 80.0]","[0, 80]"
596,0.618431568145752,91.41594696044922,0.006765029392665091,Feed-forward PPO,"(80.0, 160.0]","(80, 160]"
597,0.8201020359992981,75.60118103027344,0.010847741064665375,Feed-forward PPO,"(-0.001, 80.0]","[0, 80]"
598,0.8197340965270996,114.28624725341795,0.0071726398952397475,Feed-forward PPO,"(80.0, 160.0]","(80, 160]"
599,0.8196039795875549,95.76021575927734,0.00855891951672165,Feed-forward PPO,"(80.0, 160.0]","(80, 160]"
600,0.8199271559715271,86.28790283203125,0.009502226025444194,Feed-forward PPO,"(80.0, 160.0]","(80, 160]"
601,0.8198766112327576,105.0763931274414,0.0078026718164790265,Feed-forward PPO,"(80.0, 160.0]","(80, 160]"
602,0.8196840286254883,102.55403137207033,0.007992704115664067,Feed-forward PPO,"(80.0, 160.0]","(80, 160]"
603,0.8198292255401611,93.1305923461914,0.00880300666930836,Feed-forward PPO,"(80.0, 160.0]","(80, 160]"
604,0.8195921182632446,100.24506378173828,0.00817588504953947,Feed-forward PPO,"(80.0, 160.0]","(80, 160]"
605,0.819825291633606,85.17623901367188,0.009625046857281565,Feed-forward PPO,"(80.0, 160.0]","(80, 160]"
606,0.8195943832397461,100.05581665039062,0.008191371683102907,Feed-forward PPO,"(80.0, 160.0]","(80, 160]"
607,0.8193628191947937,85.38433074951172,0.009596173115164685,Feed-forward PPO,"(80.0, 160.0]","(80, 160]"
608,0.8195275664329529,66.05128479003906,0.012407443231998156,Feed-forward PPO,"(-0.001, 80.0]","[0, 80]"
609,0.8197031617164612,79.30760192871094,0.010335745146515548,Feed-forward PPO,"(-0.001, 80.0]","[0, 80]"
610,0.81993168592453,94.19449615478516,0.008704666614248638,Feed-forward PPO,"(80.0, 160.0]","(80, 160]"
611,0.8199025392532349,105.30479431152344,0.007785994404278642,Feed-forward PPO,"(80.0, 160.0]","(80, 160]"
612,0.8202382922172546,103.84104919433594,0.007898979243576392,Feed-forward PPO,"(80.0, 160.0]","(80, 160]"
613,0.8199479579925537,121.9599838256836,0.006723090084732207,Feed-forward PPO,"(80.0, 160.0]","(80, 160]"
614,0.820156455039978,106.13031005859376,0.007727824921901912,Feed-forward PPO,"(80.0, 160.0]","(80, 160]"
615,0.8202686905860901,117.3101806640625,0.006992306089230805,Feed-forward PPO,"(80.0, 160.0]","(80, 160]"
616,0.8203690052032471,123.70511627197266,0.006631649764587098,Feed-forward PPO,"(80.0, 160.0]","(80, 160]"
617,0.8206334710121155,129.87014770507812,0.006318876859027607,Feed-forward PPO,"(80.0, 160.0]","(80, 160]"
618,0.8205193281173706,152.97195434570312,0.005363854646604497,Feed-forward PPO,"(80.0, 160.0]","(80, 160]"
619,0.8205177187919617,142.0511932373047,0.005776211379099362,Feed-forward PPO,"(80.0, 160.0]","(80, 160]"
620,0.8203272223472595,141.904541015625,0.005780838417686253,Feed-forward PPO,"(80.0, 160.0]","(80, 160]"
621,0.8204168677330017,127.13544464111328,0.006453093156270709,Feed-forward PPO,"(80.0, 160.0]","(80, 160]"
622,0.820601224899292,133.55258178710938,0.006144405551121268,Feed-forward PPO,"(80.0, 160.0]","(80, 160]"
623,0.8203387260437012,149.67422485351562,0.005480828291220863,Feed-forward PPO,"(80.0, 160.0]","(80, 160]"
624,0.819589376449585,127.82191467285156,0.006411962913771466,Feed-forward PPO,"(80.0, 160.0]","(80, 160]"
625,0.8201882243156433,84.92028045654297,0.009658331554090495,Feed-forward PPO,"(80.0, 160.0]","(80, 160]"
626,0.8202771544456482,119.1122589111328,0.00688658885276989,Feed-forward PPO,"(80.0, 160.0]","(80, 160]"
627,0.8202724456787109,124.1944351196289,0.00660474396367754,Feed-forward PPO,"(80.0, 160.0]","(80, 160]"
628,1.0471668243408203,123.92302703857422,0.008450139165942604,Feed-forward PPO,"(80.0, 160.0]","(80, 160]"
629,0.6607175469398499,114.48821258544922,0.0057710530369815835,Feed-forward PPO,"(80.0, 160.0]","(80, 160]"
630,0.7214698195457458,72.96353912353516,0.009888086957024103,Feed-forward PPO,"(-0.001, 80.0]","[0, 80]"
631,0.7571422457695007,80.2190170288086,0.009438438338101209,Feed-forward PPO,"(80.0, 160.0]","(80, 160]"
632,0.6174113154411316,83.9251480102539,0.007356690218356205,Feed-forward PPO,"(80.0, 160.0]","(80, 160]"
633,0.5279061198234558,67.22142028808594,0.0078532425759683,Feed-forward PPO,"(-0.001, 80.0]","[0, 80]"
634,0.7310948371887207,57.047813415527344,0.012815475185061702,Feed-forward PPO,"(-0.001, 80.0]","[0, 80]"
635,0.6747350692749023,81.2591781616211,0.008303493642685908,Feed-forward PPO,"(80.0, 160.0]","(80, 160]"
636,0.5722757577896118,74.91910552978516,0.007638582358168911,Feed-forward PPO,"(-0.001, 80.0]","[0, 80]"
637,0.564328134059906,61.99679183959961,0.009102537684852413,Feed-forward PPO,"(-0.001, 80.0]","[0, 80]"
638,0.7053916454315186,61.18253326416016,0.01152929778807846,Feed-forward PPO,"(-0.001, 80.0]","[0, 80]"
639,0.5970398783683777,78.4859390258789,0.007606966111108357,Feed-forward PPO,"(-0.001, 80.0]","[0, 80]"
640,0.5956584811210632,64.77690124511719,0.009195538373579785,Feed-forward PPO,"(-0.001, 80.0]","[0, 80]"
641,0.5444949269294739,64.61161041259766,0.008427199437569055,Feed-forward PPO,"(-0.001, 80.0]","[0, 80]"
642,0.4600627422332763,58.90651321411133,0.007810048789699305,Feed-forward PPO,"(-0.001, 80.0]","[0, 80]"
643,0.3016003370285034,50.53246688842773,0.005968446735331892,Feed-forward PPO,"(-0.001, 80.0]","[0, 80]"
644,0.2256162166595459,36.06108474731445,0.00625650110750892,Feed-forward PPO,"(-0.001, 80.0]","[0, 80]"
645,0.3088374137878418,28.28193473815918,0.01091995355505666,Feed-forward PPO,"(-0.001, 80.0]","[0, 80]"
646,0.2489268779754638,37.2625617980957,0.0066803479407630305,Feed-forward PPO,"(-0.001, 80.0]","[0, 80]"
647,0.1820501089096069,25.0349235534668,0.007271846008269391,Feed-forward PPO,"(-0.001, 80.0]","[0, 80]"
648,0.1504116058349609,16.853811264038086,0.00892448618763772,Feed-forward PPO,"(-0.001, 80.0]","[0, 80]"
649,0.2462315559387207,13.872422218322754,0.01774971609597472,Feed-forward PPO,"(-0.001, 80.0]","[0, 80]"
650,0.2385815382003784,25.748430252075195,0.009265867311703396,Feed-forward PPO,"(-0.001, 80.0]","[0, 80]"
651,0.197671890258789,26.43918800354004,0.007476473567657297,Feed-forward PPO,"(-0.001, 80.0]","[0, 80]"
652,0.193837285041809,18.541234970092773,0.010454389114558484,Feed-forward PPO,"(-0.001, 80.0]","[0, 80]"
653,0.204314112663269,18.111234664916992,0.011281070365624651,Feed-forward PPO,"(-0.001, 80.0]","[0, 80]"
654,0.1843411922454834,19.30175399780273,0.009550489155880257,Feed-forward PPO,"(-0.001, 80.0]","[0, 80]"
655,0.1876400709152221,17.09098243713379,0.01097889320320956,Feed-forward PPO,"(-0.001, 80.0]","[0, 80]"
656,0.1911842823028564,17.438549041748047,0.010963313624611741,Feed-forward PPO,"(-0.001, 80.0]","[0, 80]"
657,0.1592812538146972,17.81934356689453,0.008938671237621576,Feed-forward PPO,"(-0.001, 80.0]","[0, 80]"
658,0.1982159614562988,14.653749465942385,0.013526637801266074,Feed-forward PPO,"(-0.001, 80.0]","[0, 80]"
659,0.2741127014160156,18.598833084106445,0.014738166646070795,Feed-forward PPO,"(-0.001, 80.0]","[0, 80]"
660,0.3024570941925049,34.02911758422852,0.008888185050460571,Feed-forward PPO,"(-0.001, 80.0]","[0, 80]"
661,0.2267376184463501,36.14567565917969,0.00627288366620329,Feed-forward PPO,"(-0.001, 80.0]","[0, 80]"
662,0.435271680355072,29.066770553588867,0.014974889609858263,Feed-forward PPO,"(-0.001, 80.0]","[0, 80]"
663,0.4200310111045837,48.52564239501953,0.008655856787744326,Feed-forward PPO,"(-0.001, 80.0]","[0, 80]"
664,0.5237739086151123,47.36531448364258,0.011058174411488295,Feed-forward PPO,"(-0.001, 80.0]","[0, 80]"
665,0.4528877735137939,66.56968688964844,0.006803213214214739,Feed-forward PPO,"(-0.001, 80.0]","[0, 80]"
666,0.4736495018005371,57.76344680786133,0.008199813687989195,Feed-forward PPO,"(-0.001, 80.0]","[0, 80]"
667,0.6191036701202393,53.19402694702149,0.011638593760476804,Feed-forward PPO,"(-0.001, 80.0]","[0, 80]"
668,0.6195881366729736,76.66604614257812,0.008081649802582844,Feed-forward PPO,"(-0.001, 80.0]","[0, 80]"
669,0.71663498878479,77.43791961669922,0.009254316132612765,Feed-forward PPO,"(-0.001, 80.0]","[0, 80]"
670,0.4557230472564697,85.89106750488281,0.005305825861700489,Feed-forward PPO,"(80.0, 160.0]","(80, 160]"
671,0.4546473026275635,59.75531768798828,0.007608482729545498,Feed-forward PPO,"(-0.001, 80.0]","[0, 80]"
672,1.066320538520813,59.0105094909668,0.018070010710279378,Feed-forward PPO,"(-0.001, 80.0]","[0, 80]"
673,0.6035168170928955,115.2499008178711,0.005236592941165567,Feed-forward PPO,"(80.0, 160.0]","(80, 160]"
674,0.4706037044525146,72.15628814697266,0.006522005448699885,Feed-forward PPO,"(-0.001, 80.0]","[0, 80]"
675,1.1099412441253662,62.841156005859375,0.0176626484086619,Feed-forward PPO,"(-0.001, 80.0]","[0, 80]"
676,0.8682025671005249,120.23009490966795,0.007221175095576764,Feed-forward PPO,"(80.0, 160.0]","(80, 160]"
677,0.8200913667678833,96.88182067871094,0.008464863284181574,Feed-forward PPO,"(80.0, 160.0]","(80, 160]"
678,0.8196554183959961,113.7001724243164,0.007208919748486688,Feed-forward PPO,"(80.0, 160.0]","(80, 160]"
679,0.8199541568756104,91.2836685180664,0.008982484711526784,Feed-forward PPO,"(80.0, 160.0]","(80, 160]"
680,0.819851815700531,106.44925689697266,0.007701808726518663,Feed-forward PPO,"(80.0, 160.0]","(80, 160]"
681,0.8199734091758728,101.33781433105467,0.008091485045228516,Feed-forward PPO,"(80.0, 160.0]","(80, 160]"
682,0.8200370073318481,107.43669128417967,0.007632746294864729,Feed-forward PPO,"(80.0, 160.0]","(80, 160]"
683,0.820246696472168,110.7709503173828,0.007404889947427401,Feed-forward PPO,"(80.0, 160.0]","(80, 160]"
684,0.8198789358139038,122.4389190673828,0.006696228144277338,Feed-forward PPO,"(80.0, 160.0]","(80, 160]"
685,0.8202763199806213,102.668212890625,0.00798958408728203,Feed-forward PPO,"(80.0, 160.0]","(80, 160]"
686,0.8197665214538574,124.14738464355467,0.006603171897720819,Feed-forward PPO,"(80.0, 160.0]","(80, 160]"
687,0.8208306431770325,97.2655792236328,0.00843906600596888,Feed-forward PPO,"(80.0, 160.0]","(80, 160]"
688,0.8201614022254944,175.80557250976562,0.004665161578879624,Feed-forward PPO,"(160.0, 240.0]","(160, 240]"
689,0.8204386234283447,117.58977508544922,0.00697712554371462,Feed-forward PPO,"(80.0, 160.0]","(80, 160]"
690,0.8206108808517456,135.2639923095703,0.006066735624464376,Feed-forward PPO,"(80.0, 160.0]","(80, 160]"
691,0.8202160596847534,150.59739685058594,0.005446415919781964,Feed-forward PPO,"(80.0, 160.0]","(80, 160]"
692,0.8200108408927917,120.69854736328124,0.006793874978666516,Feed-forward PPO,"(80.0, 160.0]","(80, 160]"
693,0.8204765915870667,109.38629150390624,0.007500725916444174,Feed-forward PPO,"(80.0, 160.0]","(80, 160]"
694,0.8201033473014832,138.29971313476562,0.005929899120631845,Feed-forward PPO,"(80.0, 160.0]","(80, 160]"
695,0.8205170631408691,114.35638427734376,0.007175087497965162,Feed-forward PPO,"(80.0, 160.0]","(80, 160]"
696,0.8201485872268677,141.8462677001953,0.005781953945805078,Feed-forward PPO,"(80.0, 160.0]","(80, 160]"
697,0.8205069899559021,116.8662338256836,0.007020907263767577,Feed-forward PPO,"(80.0, 160.0]","(80, 160]"
698,0.8200317621231079,140.93630981445312,0.005818456316918645,Feed-forward PPO,"(80.0, 160.0]","(80, 160]"
699,0.820551872253418,110.49284362792967,0.0074262897515473495,Feed-forward PPO,"(80.0, 160.0]","(80, 160]"
700,0.8203940987586975,145.0293731689453,0.005656744429302725,Feed-forward PPO,"(80.0, 160.0]","(80, 160]"
701,0.8203351497650146,131.78839111328125,0.006224638929387034,Feed-forward PPO,"(80.0, 160.0]","(80, 160]"
702,0.8205792307853699,127.61009979248048,0.006430362738684443,Feed-forward PPO,"(80.0, 160.0]","(80, 160]"
703,0.8205026984214783,147.58560180664062,0.005559503693974568,Feed-forward PPO,"(80.0, 160.0]","(80, 160]"
704,0.8204936385154724,140.54840087890625,0.0058378013081941335,Feed-forward PPO,"(80.0, 160.0]","(80, 160]"
705,0.8208222389221191,139.7394256591797,0.005873948851944477,Feed-forward PPO,"(80.0, 160.0]","(80, 160]"
706,0.8205760717391968,174.7187957763672,0.004696552927193363,Feed-forward PPO,"(160.0, 240.0]","(160, 240]"
707,0.8204068541526794,147.28651428222656,0.0055701423728491345,Feed-forward PPO,"(80.0, 160.0]","(80, 160]"
708,0.8207228183746338,132.7748260498047,0.006181313452195941,Feed-forward PPO,"(80.0, 160.0]","(80, 160]"
709,0.8208337426185608,162.74534606933594,0.005043669526923696,Feed-forward PPO,"(160.0, 240.0]","(160, 240]"
710,0.8210389614105225,176.2069549560547,0.0046595150663337115,Feed-forward PPO,"(160.0, 240.0]","(160, 240]"
711,0.8210644721984863,205.0675811767578,0.004003872613539878,Feed-forward PPO,"(160.0, 240.0]","(160, 240]"
712,0.821160614490509,208.96588134765625,0.003929639657893938,Feed-forward PPO,"(160.0, 240.0]","(160, 240]"
713,0.8212704062461853,224.3419189453125,0.003660797813031033,Feed-forward PPO,"(160.0, 240.0]","(160, 240]"
714,0.8211338520050049,243.28746032714844,0.003375158961751777,Feed-forward PPO,"(240.0, 320.0]","(240, 320]"
715,0.8208032250404358,219.95462036132807,0.0037316934906485265,Feed-forward PPO,"(160.0, 240.0]","(160, 240]"
716,0.8210242986679077,172.2783966064453,0.0047656834219525785,Feed-forward PPO,"(160.0, 240.0]","(160, 240]"
717,0.8211065530776978,202.85797119140625,0.004047691832148633,Feed-forward PPO,"(160.0, 240.0]","(160, 240]"
718,0.8210337162017822,215.56173706054688,0.003808810076396678,Feed-forward PPO,"(160.0, 240.0]","(160, 240]"
719,0.8207669854164124,204.2757873535156,0.004017935733107759,Feed-forward PPO,"(160.0, 240.0]","(160, 240]"
0,0.8207671642303463,160.6437530517578,0.005109237979306318,Rule-based baseline,"(160.0, 240.0]","(160, 240]"
1,0.820699155330658,175.68780517578125,0.004671349582343079,Rule-based baseline,"(160.0, 240.0]","(160, 240]"
2,0.8206891417503356,167.81863403320312,0.004890333820664761,Rule-based baseline,"(160.0, 240.0]","(160, 240]"
3,0.8208350539207456,160.0994415283203,0.005127032587278242,Rule-based baseline,"(160.0, 240.0]","(160, 240]"
4,0.8206606507301328,158.98829650878906,0.005161767681967495,Rule-based baseline,"(80.0, 160.0]","(80, 160]"
5,0.8206168413162231,176.3783721923828,0.004652593348696654,Rule-based baseline,"(160.0, 240.0]","(160, 240]"
6,0.8209586143493652,155.8834228515625,0.005266490813016789,Rule-based baseline,"(80.0, 160.0]","(80, 160]"
7,0.8207944631576536,151.2222137451172,0.005427737386129597,Rule-based baseline,"(80.0, 160.0]","(80, 160]"
8,0.8213800191879272,193.24801635742188,0.004250393016551041,Rule-based baseline,"(160.0, 240.0]","(160, 240]"
9,0.8210428357124328,171.16561889648438,0.004796774264631811,Rule-based baseline,"(160.0, 240.0]","(160, 240]"
10,0.8210783600807188,263.7792663574219,0.003112747910095991,Rule-based baseline,"(240.0, 320.0]","(240, 320]"
11,0.8211866021156308,205.6524810791016,0.003993078993293409,Rule-based baseline,"(160.0, 240.0]","(160, 240]"
12,0.8214457631111144,211.1239013671875,0.0038908231507263254,Rule-based baseline,"(160.0, 240.0]","(160, 240]"
13,0.8211996555328368,228.6915435791016,0.003590861483904384,Rule-based baseline,"(160.0, 240.0]","(160, 240]"
14,0.8211185336112976,277.73150634765625,0.002956519209539897,Rule-based baseline,"(240.0, 320.0]","(240, 320]"
15,0.8209959864616392,230.9044647216797,0.0035555656641426373,Rule-based baseline,"(160.0, 240.0]","(160, 240]"
16,0.8211719989776608,217.4733123779297,0.0037759667611564716,Rule-based baseline,"(160.0, 240.0]","(160, 240]"
17,0.8212147951126096,198.65396118164065,0.004133895897307208,Rule-based baseline,"(160.0, 240.0]","(160, 240]"
18,0.8209925293922424,226.23712158203125,0.0036289028239539327,Rule-based baseline,"(160.0, 240.0]","(160, 240]"
19,0.8209382891654968,233.5007476806641,0.003515784413196882,Rule-based baseline,"(160.0, 240.0]","(160, 240]"
20,0.8210228681564328,198.1498107910156,0.004143445128102333,Rule-based baseline,"(160.0, 240.0]","(160, 240]"
21,0.8210377693176268,190.3638458251953,0.004312992132295741,Rule-based baseline,"(160.0, 240.0]","(160, 240]"
22,0.8211585879325864,202.6382293701172,0.004052337954615398,Rule-based baseline,"(160.0, 240.0]","(160, 240]"
23,0.8210473060607908,204.8867034912109,0.004007323521099121,Rule-based baseline,"(160.0, 240.0]","(160, 240]"
24,0.8211355209350584,224.0075836181641,0.003665659473095066,Rule-based baseline,"(160.0, 240.0]","(160, 240]"
25,0.8211109638214108,206.3332672119141,0.003979537448888893,Rule-based baseline,"(160.0, 240.0]","(160, 240]"
26,0.8211945891380308,220.22344970703125,0.0037289152914028296,Rule-based baseline,"(160.0, 240.0]","(160, 240]"
27,0.8212161064147948,216.26312255859372,0.0037973006987924943,Rule-based baseline,"(160.0, 240.0]","(160, 240]"
28,0.8211367726325988,230.0411529541016,0.0035695212012627764,Rule-based baseline,"(160.0, 240.0]","(160, 240]"
29,0.8211234211921692,233.7275848388672,0.0035131643608017223,Rule-based baseline,"(160.0, 240.0]","(160, 240]"
30,0.8210693001747128,220.42495727539065,0.00372493800304518,Rule-based baseline,"(160.0, 240.0]","(160, 240]"
31,0.82126784324646,218.26634216308597,0.0037626866108051537,Rule-based baseline,"(160.0, 240.0]","(160, 240]"
32,0.821222364902496,209.71397399902344,0.003915916279886624,Rule-based baseline,"(160.0, 240.0]","(160, 240]"
33,0.8213126659393308,242.8209991455078,0.0033823790727719075,Rule-based baseline,"(240.0, 320.0]","(240, 320]"
34,0.8213155865669248,234.80870056152344,0.003497807298463916,Rule-based baseline,"(160.0, 240.0]","(160, 240]"
35,0.8214139938354492,250.99388122558597,0.0032726454916930277,Rule-based baseline,"(240.0, 320.0]","(240, 320]"
36,0.8216312527656552,251.533203125,0.0032664922267035402,Rule-based baseline,"(240.0, 320.0]","(240, 320]"
37,0.8217756152153012,270.5760803222656,0.00303713326853038,Rule-based baseline,"(240.0, 320.0]","(240, 320]"
38,0.8216659426689148,323.4707946777344,0.0025401549573819157,Rule-based baseline,"(320.0, 400.0]","(320, 400]"
39,0.821780741214752,364.17913818359375,0.0022565288756339124,Rule-based baseline,"(320.0, 400.0]","(320, 400]"
40,0.8215503692626952,332.8104858398437,0.0024685230911205267,Rule-based baseline,"(320.0, 400.0]","(320, 400]"
41,0.8216627836227416,365.72552490234375,0.002246665129107799,Rule-based baseline,"(320.0, 400.0]","(320, 400]"
42,0.8216778635978697,302.66680908203125,0.002714793426110928,Rule-based baseline,"(240.0, 320.0]","(240, 320]"
43,0.8215766549110411,331.9556579589844,0.0024749590350785743,Rule-based baseline,"(320.0, 400.0]","(320, 400]"
44,0.8215200304985044,336.0888366699219,0.002444353816206434,Rule-based baseline,"(320.0, 400.0]","(320, 400]"
45,0.8214367032051084,309.2767333984375,0.0026559925610274127,Rule-based baseline,"(240.0, 320.0]","(240, 320]"
46,0.8212745189666748,295.2187194824219,0.0027819188444639796,Rule-based baseline,"(240.0, 320.0]","(240, 320]"
47,0.8207030892372128,275.6679992675781,0.002977143126578847,Rule-based baseline,"(240.0, 320.0]","(240, 320]"
48,0.820704698562622,244.02870178222656,0.003363148238583125,Rule-based baseline,"(240.0, 320.0]","(240, 320]"
49,0.8206716179847716,160.5314483642578,0.005112217116004626,Rule-based baseline,"(160.0, 240.0]","(160, 240]"
50,0.8206453919410704,160.71133422851562,0.0051063317710634765,Rule-based baseline,"(160.0, 240.0]","(160, 240]"
51,0.820458114147186,157.07009887695312,0.005223515615088033,Rule-based baseline,"(80.0, 160.0]","(80, 160]"
52,0.820315420627594,154.24400329589844,0.005318297004091097,Rule-based baseline,"(80.0, 160.0]","(80, 160]"
53,0.819787323474884,136.81112670898438,0.005992110022006336,Rule-based baseline,"(80.0, 160.0]","(80, 160]"
54,0.7566818594932556,126.43498229980467,0.0059847507843912955,Rule-based baseline,"(80.0, 160.0]","(80, 160]"
55,0.7723178863525388,98.24469757080078,0.007861166103096425,Rule-based baseline,"(80.0, 160.0]","(80, 160]"
56,0.6044563055038452,83.8802261352539,0.0072061835471113386,Rule-based baseline,"(80.0, 160.0]","(80, 160]"
57,0.5740040540695188,85.43559265136719,0.0067185588143787904,Rule-based baseline,"(80.0, 160.0]","(80, 160]"
58,0.57140839099884,65.63836669921875,0.008705402339111542,Rule-based baseline,"(-0.001, 80.0]","[0, 80]"
59,0.600111961364746,62.17499923706055,0.009651981805044209,Rule-based baseline,"(-0.001, 80.0]","[0, 80]"
60,0.3097977340221404,61.91144561767578,0.005003884676433606,Rule-based baseline,"(-0.001, 80.0]","[0, 80]"
61,0.3234890401363372,65.12913513183594,0.004966886777807245,Rule-based baseline,"(-0.001, 80.0]","[0, 80]"
62,0.2311158925294876,38.7056884765625,0.005971109199347674,Rule-based baseline,"(-0.001, 80.0]","[0, 80]"
63,0.228101089596748,40.42182922363281,0.005643017497668997,Rule-based baseline,"(-0.001, 80.0]","[0, 80]"
64,0.236029341816902,30.927318572998047,0.007631742831497004,Rule-based baseline,"(-0.001, 80.0]","[0, 80]"
65,0.2478347569704052,30.07522773742676,0.008240494773111565,Rule-based baseline,"(-0.001, 80.0]","[0, 80]"
66,0.199914053082466,24.107799530029297,0.008292505204941989,Rule-based baseline,"(-0.001, 80.0]","[0, 80]"
67,0.2216492444276808,24.730207443237305,0.008962692485957807,Rule-based baseline,"(-0.001, 80.0]","[0, 80]"
68,0.2486069947481152,21.12433242797852,0.0117687503543943,Rule-based baseline,"(-0.001, 80.0]","[0, 80]"
69,0.3460927903652188,23.100521087646484,0.014982033913957879,Rule-based baseline,"(-0.001, 80.0]","[0, 80]"
70,0.3101455867290496,32.19617462158203,0.009632994924842719,Rule-based baseline,"(-0.001, 80.0]","[0, 80]"
71,0.2307456284761428,42.09807586669922,0.0054811442975869875,Rule-based baseline,"(-0.001, 80.0]","[0, 80]"
72,0.2819590270519256,39.22251129150391,0.0071887040826221,Rule-based baseline,"(-0.001, 80.0]","[0, 80]"
73,0.2441434413194656,27.16486549377441,0.008987471017495667,Rule-based baseline,"(-0.001, 80.0]","[0, 80]"
74,0.227364972233772,34.475303649902344,0.00659500999737869,Rule-based baseline,"(-0.001, 80.0]","[0, 80]"
75,0.4283926784992216,25.935060501098636,0.016517897788635365,Rule-based baseline,"(-0.001, 80.0]","[0, 80]"
76,0.6425275206565856,29.580711364746094,0.02172116528010011,Rule-based baseline,"(-0.001, 80.0]","[0, 80]"
77,0.8158445954322812,47.99835968017578,0.016997343260653972,Rule-based baseline,"(-0.001, 80.0]","[0, 80]"
78,0.748926281929016,70.49388122558594,0.010623989896830808,Rule-based baseline,"(-0.001, 80.0]","[0, 80]"
79,0.8793210983276364,90.06549072265625,0.009763130043174688,Rule-based baseline,"(80.0, 160.0]","(80, 160]"
80,0.7240444421768188,83.12713623046875,0.00871008523822373,Rule-based baseline,"(80.0, 160.0]","(80, 160]"
81,0.8811635375022888,97.02323150634766,0.009081985044423506,Rule-based baseline,"(80.0, 160.0]","(80, 160]"
82,0.8196775317192077,80.49644470214844,0.01018277931096416,Rule-based baseline,"(80.0, 160.0]","(80, 160]"
83,0.819864511489868,97.22684478759766,0.008432491183694678,Rule-based baseline,"(80.0, 160.0]","(80, 160]"
84,0.8201916217803952,92.72699737548828,0.0088452300300323,Rule-based baseline,"(80.0, 160.0]","(80, 160]"
85,0.8196293115615844,101.9574966430664,0.008038931305178559,Rule-based baseline,"(80.0, 160.0]","(80, 160]"
86,0.8194049596786496,119.3082275390625,0.006867966917121199,Rule-based baseline,"(80.0, 160.0]","(80, 160]"
87,0.8195735812187191,88.71131134033203,0.009238659296496109,Rule-based baseline,"(80.0, 160.0]","(80, 160]"
88,0.8195191621780396,69.21646881103516,0.011839944687374515,Rule-based baseline,"(-0.001, 80.0]","[0, 80]"
89,0.8196284770965576,83.45687866210938,0.009820981688219797,Rule-based baseline,"(80.0, 160.0]","(80, 160]"
90,0.8194787502288816,78.56983184814453,0.010429941504936974,Rule-based baseline,"(-0.001, 80.0]","[0, 80]"
91,0.8194868564605712,88.63238525390625,0.009245907735789547,Rule-based baseline,"(80.0, 160.0]","(80, 160]"
92,0.8195492029190063,75.12908935546875,0.010908547008221527,Rule-based baseline,"(-0.001, 80.0]","[0, 80]"
93,0.8197300434112548,75.8048324584961,0.01081369111738444,Rule-based baseline,"(-0.001, 80.0]","[0, 80]"
94,0.8198044896125792,81.22835540771484,0.010092590025954366,Rule-based baseline,"(80.0, 160.0]","(80, 160]"
95,0.8196727633476256,95.57491302490234,0.008576233421568035,Rule-based baseline,"(80.0, 160.0]","(80, 160]"
96,0.8205490708351132,99.05850982666016,0.008283478847713034,Rule-based baseline,"(80.0, 160.0]","(80, 160]"
97,0.8208091855049132,92.4367218017578,0.008879687309392495,Rule-based baseline,"(80.0, 160.0]","(80, 160]"
98,0.82088965177536,144.76991271972656,0.005670305634324696,Rule-based baseline,"(80.0, 160.0]","(80, 160]"
99,0.8210375308990476,173.03965759277344,0.004744794010349083,Rule-based baseline,"(160.0, 240.0]","(160, 240]"
100,0.8212706446647644,183.64317321777344,0.0044721000529154425,Rule-based baseline,"(160.0, 240.0]","(160, 240]"
101,0.8210391998291016,204.8489990234375,0.00400802153656198,Rule-based baseline,"(160.0, 240.0]","(160, 240]"
102,0.820870280265808,243.32659912109372,0.0033735328699403488,Rule-based baseline,"(240.0, 320.0]","(240, 320]"
103,0.820592939853668,205.1043701171875,0.004000855463902684,Rule-based baseline,"(160.0, 240.0]","(160, 240]"
104,0.8205466270446776,181.0352020263672,0.004532525265031978,Rule-based baseline,"(160.0, 240.0]","(160, 240]"
105,0.8206658363342284,148.88189697265625,0.005512193577738685,Rule-based baseline,"(80.0, 160.0]","(80, 160]"
106,0.8204479813575744,144.54718017578125,0.005675987455167525,Rule-based baseline,"(80.0, 160.0]","(80, 160]"
107,0.8203816413879392,156.44606018066406,0.005243862583951054,Rule-based baseline,"(80.0, 160.0]","(80, 160]"
108,0.8199812173843384,136.0037384033203,0.006029107927553261,Rule-based baseline,"(80.0, 160.0]","(80, 160]"
109,0.8198498487472532,130.83181762695312,0.006266440867503113,Rule-based baseline,"(80.0, 160.0]","(80, 160]"
110,0.8200137615203856,107.83934020996094,0.00760403170052632,Rule-based baseline,"(80.0, 160.0]","(80, 160]"
111,0.8199351429939268,101.242431640625,0.008098730242912458,Rule-based baseline,"(80.0, 160.0]","(80, 160]"
112,0.8201082348823544,109.5398178100586,0.0074868504556436025,Rule-based baseline,"(80.0, 160.0]","(80, 160]"
113,0.820059299468994,105.47917175292967,0.007774608824099124,Rule-based baseline,"(80.0, 160.0]","(80, 160]"
114,0.8203130960464476,114.6247787475586,0.007156507563282163,Rule-based baseline,"(80.0, 160.0]","(80, 160]"
115,0.8201966881752012,111.96395111083984,0.007325542552202711,Rule-based baseline,"(80.0, 160.0]","(80, 160]"
116,0.8206387758255004,126.2999267578125,0.006497539601896391,Rule-based baseline,"(80.0, 160.0]","(80, 160]"
117,0.8207695484161376,119.59820556640624,0.006862724608024406,Rule-based baseline,"(80.0, 160.0]","(80, 160]"
118,0.820496082305908,153.53518676757812,0.00534402634067184,Rule-based baseline,"(80.0, 160.0]","(80, 160]"
119,0.8208366632461548,168.0965118408203,0.004883127283589617,Rule-based baseline,"(160.0, 240.0]","(160, 240]"
120,0.820704996585846,139.9558563232422,0.0058640275451592744,Rule-based baseline,"(80.0, 160.0]","(80, 160]"
121,0.8211010694503784,176.59170532226562,0.004649714820704263,Rule-based baseline,"(160.0, 240.0]","(160, 240]"
122,0.8211041688919064,160.74717712402344,0.005108047205447277,Rule-based baseline,"(160.0, 240.0]","(160, 240]"
123,0.820740818977356,214.6936492919922,0.0038228462820579976,Rule-based baseline,"(160.0, 240.0]","(160, 240]"
124,0.8208307027816772,215.1798248291016,0.003814626689252075,Rule-based baseline,"(160.0, 240.0]","(160, 240]"
125,0.8209315538406372,164.7841339111328,0.004981860415538313,Rule-based baseline,"(160.0, 240.0]","(160, 240]"
126,0.8207828998565672,175.8147735595703,0.004668452390199541,Rule-based baseline,"(160.0, 240.0]","(160, 240]"
127,0.8209186196327208,189.42034912109372,0.004333845985617518,Rule-based baseline,"(160.0, 240.0]","(160, 240]"
128,0.820921003818512,169.7100830078125,0.004837196407362085,Rule-based baseline,"(160.0, 240.0]","(160, 240]"
129,0.8207451105117796,187.6143341064453,0.004374639679962405,Rule-based baseline,"(160.0, 240.0]","(160, 240]"
130,0.8211095333099364,187.94610595703125,0.004368856322554833,Rule-based baseline,"(160.0, 240.0]","(160, 240]"
131,0.8212015032768248,165.27438354492188,0.004968716177686548,Rule-based baseline,"(160.0, 240.0]","(160, 240]"
132,0.821158707141876,216.0363311767578,0.0038010213498303478,Rule-based baseline,"(160.0, 240.0]","(160, 240]"
133,0.821442365646362,231.2188873291016,0.0035526611823764012,Rule-based baseline,"(160.0, 240.0]","(160, 240]"
134,0.8215359449386596,224.0286102294922,0.0036671028048475066,Rule-based baseline,"(160.0, 240.0]","(160, 240]"
135,0.8215016126632688,276.9537658691406,0.0029662048829169002,Rule-based baseline,"(240.0, 320.0]","(240, 320]"
136,0.82161545753479,299.0990600585937,0.00274696770151613,Rule-based baseline,"(240.0, 320.0]","(240, 320]"
137,0.821566879749298,290.7749938964844,0.0028254385590040627,Rule-based baseline,"(240.0, 320.0]","(240, 320]"
138,0.821650683879852,319.28912353515625,0.0025733751115057375,Rule-based baseline,"(240.0, 320.0]","(240, 320]"
139,0.8213883042335508,306.7967224121094,0.002677304691443895,Rule-based baseline,"(240.0, 320.0]","(240, 320]"
140,0.8212496638298032,328.66424560546875,0.0024987496352604113,Rule-based baseline,"(320.0, 400.0]","(320, 400]"
141,0.8212591409683228,265.4051818847656,0.003094359858146626,Rule-based baseline,"(240.0, 320.0]","(240, 320]"
142,0.8209695816040036,239.5912628173828,0.0034265422367665763,Rule-based baseline,"(160.0, 240.0]","(160, 240]"
143,0.8206528425216671,241.27301025390625,0.003401345395649701,Rule-based baseline,"(240.0, 320.0]","(240, 320]"
144,0.8207225203514096,194.81544494628903,0.004212820603508537,Rule-based baseline,"(160.0, 240.0]","(160, 240]"
145,0.8206086754798888,155.0421600341797,0.005292809873772284,Rule-based baseline,"(80.0, 160.0]","(80, 160]"
146,0.8205038309097288,162.7118682861328,0.005042679673905856,Rule-based baseline,"(160.0, 240.0]","(160, 240]"
147,0.8204410076141356,150.38388061523438,0.005455644609366613,Rule-based baseline,"(80.0, 160.0]","(80, 160]"
148,0.8201919198036192,140.64842224121094,0.005831504589486233,Rule-based baseline,"(80.0, 160.0]","(80, 160]"
149,0.8195720314979552,135.4528045654297,0.00605060953981256,Rule-based baseline,"(80.0, 160.0]","(80, 160]"
150,0.819539964199066,119.32405090332033,0.00686818757823668,Rule-based baseline,"(80.0, 160.0]","(80, 160]"
151,0.6716905832290648,83.3116683959961,0.008062383051031852,Rule-based baseline,"(80.0, 160.0]","(80, 160]"
152,0.5054034590721128,80.40553283691406,0.006285680117277735,Rule-based baseline,"(80.0, 160.0]","(80, 160]"
153,0.5473094582557676,74.48958587646484,0.00734746276027682,Rule-based baseline,"(-0.001, 80.0]","[0, 80]"
154,0.4934902489185332,54.76216506958008,0.009011518231456172,Rule-based baseline,"(-0.001, 80.0]","[0, 80]"
155,0.5085023641586304,59.2230224609375,0.008586227838912306,Rule-based baseline,"(-0.001, 80.0]","[0, 80]"
156,0.4646859467029568,53.61891555786133,0.008666455519815656,Rule-based baseline,"(-0.001, 80.0]","[0, 80]"
157,0.4526638090610504,55.065425872802734,0.008220472317905467,Rule-based baseline,"(-0.001, 80.0]","[0, 80]"
158,0.2680957019329068,50.95166015625,0.00526176578173814,Rule-based baseline,"(-0.001, 80.0]","[0, 80]"
159,0.3023274838924408,49.90972518920898,0.006057486446705727,Rule-based baseline,"(-0.001, 80.0]","[0, 80]"
160,0.854276359081268,33.689598083496094,0.02535727368916764,Rule-based baseline,"(-0.001, 80.0]","[0, 80]"
161,0.636447548866272,36.130592346191406,0.01761519829976884,Rule-based baseline,"(-0.001, 80.0]","[0, 80]"
162,0.3225443065166472,94.31413269042967,0.003419893682056588,Rule-based baseline,"(80.0, 160.0]","(80, 160]"
163,0.4257221519947052,69.67963409423828,0.006109707054703199,Rule-based baseline,"(-0.001, 80.0]","[0, 80]"
164,0.2276145964860916,40.35557174682617,0.005640227275530862,Rule-based baseline,"(-0.001, 80.0]","[0, 80]"
165,0.2283230572938916,47.79618835449219,0.004777013924216665,Rule-based baseline,"(-0.001, 80.0]","[0, 80]"
166,0.2252249270677564,29.732046127319336,0.007575157326989619,Rule-based baseline,"(-0.001, 80.0]","[0, 80]"
167,0.2173538953065872,27.38720703125,0.00793632936204765,Rule-based baseline,"(-0.001, 80.0]","[0, 80]"
168,0.3095433413982388,23.44199562072754,0.013204649740849662,Rule-based baseline,"(-0.001, 80.0]","[0, 80]"
169,0.236428454518318,22.69793128967285,0.01041629968392268,Rule-based baseline,"(-0.001, 80.0]","[0, 80]"
170,0.2252168208360672,38.34646224975586,0.005873209877072847,Rule-based baseline,"(-0.001, 80.0]","[0, 80]"
171,0.4050919711589812,26.63479423522949,0.015209127113254416,Rule-based baseline,"(-0.001, 80.0]","[0, 80]"
172,0.4212311804294584,28.0002384185791,0.015043842632066923,Rule-based baseline,"(-0.001, 80.0]","[0, 80]"
173,0.768496751785278,46.25689315795898,0.016613669862370558,Rule-based baseline,"(-0.001, 80.0]","[0, 80]"
174,0.7732489705085752,47.45170211791992,0.016295494913691647,Rule-based baseline,"(-0.001, 80.0]","[0, 80]"
175,0.6295694708824155,85.04790496826172,0.00740252768269082,Rule-based baseline,"(80.0, 160.0]","(80, 160]"
176,0.7916592359542844,85.52470397949219,0.009256497820139957,Rule-based baseline,"(80.0, 160.0]","(80, 160]"
177,0.7771210074424744,68.78471374511719,0.011297873686326705,Rule-based baseline,"(-0.001, 80.0]","[0, 80]"
178,0.8067576885223388,87.43982696533203,0.009226432811242873,Rule-based baseline,"(80.0, 160.0]","(80, 160]"
179,0.8199342489242551,85.92961883544922,0.009541928150459818,Rule-based baseline,"(80.0, 160.0]","(80, 160]"
180,0.8195255994796752,89.05438995361328,0.009202528925374149,Rule-based baseline,"(80.0, 160.0]","(80, 160]"
181,0.8191854953765868,105.4351806640625,0.007769565056152131,Rule-based baseline,"(80.0, 160.0]","(80, 160]"
182,0.8192937970161436,79.13188934326172,0.01035352250294664,Rule-based baseline,"(-0.001, 80.0]","[0, 80]"
183,0.8194222450256348,54.21966171264648,0.015113009176789247,Rule-based baseline,"(-0.001, 80.0]","[0, 80]"
184,0.8193629384040833,61.173770904541016,0.013394023717822843,Rule-based baseline,"(-0.001, 80.0]","[0, 80]"
185,0.5572758316993712,70.55815124511719,0.007898107048800208,Rule-based baseline,"(-0.001, 80.0]","[0, 80]"
186,0.6791856288909912,66.0616455078125,0.01028108857522585,Rule-based baseline,"(-0.001, 80.0]","[0, 80]"
187,0.6338673830032348,60.3840446472168,0.010497266069315064,Rule-based baseline,"(-0.001, 80.0]","[0, 80]"
188,0.5581344366073608,75.49118041992188,0.00739337275563479,Rule-based baseline,"(-0.001, 80.0]","[0, 80]"
189,0.774092137813568,69.34428405761719,0.01116302732566084,Rule-based baseline,"(-0.001, 80.0]","[0, 80]"
190,0.8995175957679749,60.4849853515625,0.014871750245777943,Rule-based baseline,"(-0.001, 80.0]","[0, 80]"
191,0.8743956089019772,85.60704803466797,0.01021406097951043,Rule-based baseline,"(80.0, 160.0]","(80, 160]"
192,0.82045578956604,99.12348175048828,0.008277108260091948,Rule-based baseline,"(80.0, 160.0]","(80, 160]"
193,0.8207449316978452,96.50794219970705,0.008504428889380428,Rule-based baseline,"(80.0, 160.0]","(80, 160]"
194,0.8210132122039792,136.62521362304688,0.006009236439103983,Rule-based baseline,"(80.0, 160.0]","(80, 160]"
195,0.820913016796112,165.25746154785156,0.0049674792841859685,Rule-based baseline,"(160.0, 240.0]","(160, 240]"
196,0.820898711681366,201.201171875,0.004079989713933499,Rule-based baseline,"(160.0, 240.0]","(160, 240]"
197,0.8209813237190244,186.8415679931641,0.0043939971845508245,Rule-based baseline,"(160.0, 240.0]","(160, 240]"
198,0.8207548856735228,184.8816070556641,0.004439353912725403,Rule-based baseline,"(160.0, 240.0]","(160, 240]"
199,0.8206959962844848,196.5148468017578,0.004176254413552756,Rule-based baseline,"(160.0, 240.0]","(160, 240]"
200,0.8205204010009765,166.40164184570312,0.004930963372115094,Rule-based baseline,"(160.0, 240.0]","(160, 240]"
201,0.8206498622894284,159.748779296875,0.005137127594348271,Rule-based baseline,"(80.0, 160.0]","(80, 160]"
202,0.820229351520538,142.14773559570312,0.005770259709612512,Rule-based baseline,"(80.0, 160.0]","(80, 160]"
203,0.8197686076164244,154.7196044921875,0.005298414575884068,Rule-based baseline,"(80.0, 160.0]","(80, 160]"
204,0.8196867108345032,121.4508819580078,0.006749121106571409,Rule-based baseline,"(80.0, 160.0]","(80, 160]"
205,0.8201022744178772,97.3636703491211,0.008423082978252578,Rule-based baseline,"(80.0, 160.0]","(80, 160]"
206,0.8198290467262268,93.29705810546876,0.008787297942443602,Rule-based baseline,"(80.0, 160.0]","(80, 160]"
207,0.8202390670776364,114.29834747314452,0.007176298566086962,Rule-based baseline,"(80.0, 160.0]","(80, 160]"
208,0.8203918933868408,100.2348175048828,0.008184699825954954,Rule-based baseline,"(80.0, 160.0]","(80, 160]"
209,0.8201497793197632,122.0044403076172,0.006722294510362653,Rule-based baseline,"(80.0, 160.0]","(80, 160]"
210,0.8201795816421508,131.6180877685547,0.006231511151297113,Rule-based baseline,"(80.0, 160.0]","(80, 160]"
211,0.82044780254364,116.93319702148438,0.007016380492811614,Rule-based baseline,"(80.0, 160.0]","(80, 160]"
212,0.8205736279487608,118.62008666992188,0.006917661679274688,Rule-based baseline,"(80.0, 160.0]","(80, 160]"
213,0.8204838633537292,135.99227905273438,0.006033312104693578,Rule-based baseline,"(80.0, 160.0]","(80, 160]"
214,0.8204209804534912,147.06065368652344,0.005578793238620523,Rule-based baseline,"(80.0, 160.0]","(80, 160]"
215,0.8206337094306944,138.88687133789062,0.00590864853909926,Rule-based baseline,"(80.0, 160.0]","(80, 160]"
216,0.8206657171249389,133.8757781982422,0.006130053757071004,Rule-based baseline,"(80.0, 160.0]","(80, 160]"
217,0.820781111717224,152.9968719482422,0.005364692109488936,Rule-based baseline,"(80.0, 160.0]","(80, 160]"
218,0.8207316994667052,156.42881774902344,0.005246678401568556,Rule-based baseline,"(80.0, 160.0]","(80, 160]"
219,0.8206861615180968,169.4835662841797,0.004842275741012083,Rule-based baseline,"(160.0, 240.0]","(160, 240]"
220,0.8204658627510067,163.75152587890625,0.005010431862221172,Rule-based baseline,"(160.0, 240.0]","(160, 240]"
221,0.8206277489662168,158.65945434570312,0.005172258737119761,Rule-based baseline,"(80.0, 160.0]","(80, 160]"
222,0.8203251361846924,137.4329833984375,0.005968910198263358,Rule-based baseline,"(80.0, 160.0]","(80, 160]"
223,0.8206320405006408,152.3700714111328,0.005385782344922376,Rule-based baseline,"(80.0, 160.0]","(80, 160]"
224,0.8208380937576292,127.01263427734376,0.00646264915634498,Rule-based baseline,"(80.0, 160.0]","(80, 160]"
225,0.82095593214035,152.820556640625,0.0053720255323432805,Rule-based baseline,"(80.0, 160.0]","(80, 160]"
226,0.8208880424499512,176.77700805664062,0.004643635795594712,Rule-based baseline,"(160.0, 240.0]","(160, 240]"
227,0.8208995461463928,192.86590576171875,0.004256322769461362,Rule-based baseline,"(160.0, 240.0]","(160, 240]"
228,0.8209156990051268,183.42355346679688,0.004475519547459471,Rule-based baseline,"(160.0, 240.0]","(160, 240]"
229,0.8206936717033384,184.990478515625,0.004436410340081473,Rule-based baseline,"(160.0, 240.0]","(160, 240]"
230,0.820800960063934,187.21275329589844,0.004384321824307664,Rule-based baseline,"(160.0, 240.0]","(160, 240]"
231,0.8209648728370664,159.4888916015625,0.005147473686681659,Rule-based baseline,"(80.0, 160.0]","(80, 160]"
232,0.8211840987205504,171.99127197265625,0.00477456843770017,Rule-based baseline,"(160.0, 240.0]","(160, 240]"
233,0.8212605118751524,194.13833618164065,0.004230285105084864,Rule-based baseline,"(160.0, 240.0]","(160, 240]"
234,0.8212780356407164,228.26318359375,0.003597943490976543,Rule-based baseline,"(160.0, 240.0]","(160, 240]"
235,0.8213050365447996,241.51046752929688,0.0034007016132547945,Rule-based baseline,"(240.0, 320.0]","(240, 320]"
236,0.8212922811508176,244.6593475341797,0.0033568808607898396,Rule-based baseline,"(240.0, 320.0]","(240, 320]"
237,0.8213863372802732,249.58541870117188,0.0032910029021515773,Rule-based baseline,"(240.0, 320.0]","(240, 320]"
238,0.8212538361549376,247.23959350585935,0.0033216922278084668,Rule-based baseline,"(240.0, 320.0]","(240, 320]"
239,0.8206851482391356,265.0201416015625,0.0030966897205608355,Rule-based baseline,"(240.0, 320.0]","(240, 320]"
240,0.8206527829170224,240.3233795166016,0.0034147854635188813,Rule-based baseline,"(240.0, 320.0]","(240, 320]"
241,0.8205499053001404,158.54978942871094,0.0051753452858988875,Rule-based baseline,"(80.0, 160.0]","(80, 160]"
242,0.8204792737960812,155.03573608398438,0.005292194525729343,Rule-based baseline,"(80.0, 160.0]","(80, 160]"
243,0.8204095959663388,144.84698486328125,0.005663974274236432,Rule-based baseline,"(80.0, 160.0]","(80, 160]"
244,0.8206627368927,138.514404296875,0.005924746534907596,Rule-based baseline,"(80.0, 160.0]","(80, 160]"
245,0.820532500743866,132.9854736328125,0.006170091201159657,Rule-based baseline,"(80.0, 160.0]","(80, 160]"
246,0.820030093193054,156.1044464111328,0.005253086071829997,Rule-based baseline,"(80.0, 160.0]","(80, 160]"
247,0.8197675347328184,143.25057983398438,0.005722612332060795,Rule-based baseline,"(80.0, 160.0]","(80, 160]"
248,0.8196085691452024,110.40299224853516,0.007423789450381288,Rule-based baseline,"(80.0, 160.0]","(80, 160]"
249,0.8195783495903012,97.31256103515624,0.008422122908616197,Rule-based baseline,"(80.0, 160.0]","(80, 160]"
250,0.6655336022377012,86.71900939941406,0.007674598762681416,Rule-based baseline,"(80.0, 160.0]","(80, 160]"
251,0.6443406939506529,83.89701080322266,0.007680138872431703,Rule-based baseline,"(80.0, 160.0]","(80, 160]"
252,0.6258313059806824,73.62907409667969,0.008499785087055772,Rule-based baseline,"(-0.001, 80.0]","[0, 80]"
253,0.6301015615463256,70.73995971679688,0.008907293191414001,Rule-based baseline,"(-0.001, 80.0]","[0, 80]"
254,0.5787548422813416,68.29297637939453,0.00847458806109327,Rule-based baseline,"(-0.001, 80.0]","[0, 80]"
255,0.4586779177188872,68.8512954711914,0.006661863289279809,Rule-based baseline,"(-0.001, 80.0]","[0, 80]"
256,0.3633593022823332,62.69630813598633,0.005795545432981768,Rule-based baseline,"(-0.001, 80.0]","[0, 80]"
257,0.489883869886398,50.40756607055664,0.009718459113869853,Rule-based baseline,"(-0.001, 80.0]","[0, 80]"
258,0.294767826795578,43.28965759277344,0.006809197466250809,Rule-based baseline,"(-0.001, 80.0]","[0, 80]"
259,0.4212523996829984,53.27710723876953,0.007906818172298491,Rule-based baseline,"(-0.001, 80.0]","[0, 80]"
260,0.3091448247432708,35.42388153076172,0.008727017237645535,Rule-based baseline,"(-0.001, 80.0]","[0, 80]"
261,0.2080242186784744,47.45611953735352,0.0043835067153928375,Rule-based baseline,"(-0.001, 80.0]","[0, 80]"
262,0.2481607943773268,37.72016143798828,0.006578996083707162,Rule-based baseline,"(-0.001, 80.0]","[0, 80]"
263,0.1853953152894972,21.843610763549805,0.008487393283845927,Rule-based baseline,"(-0.001, 80.0]","[0, 80]"
264,0.175548270344734,25.453271865844727,0.006896884269731113,Rule-based baseline,"(-0.001, 80.0]","[0, 80]"
265,0.2093921452760696,17.199329376220703,0.012174436612951268,Rule-based baseline,"(-0.001, 80.0]","[0, 80]"
266,0.1392375975847244,16.195720672607422,0.008597184429108081,Rule-based baseline,"(-0.001, 80.0]","[0, 80]"
267,0.1077589616179464,21.965463638305664,0.004905835970155672,Rule-based baseline,"(-0.001, 80.0]","[0, 80]"
268,0.2176086455583572,12.941641807556152,0.01681460890312259,Rule-based baseline,"(-0.001, 80.0]","[0, 80]"
269,0.185778334736824,10.388400077819824,0.01788324798286096,Rule-based baseline,"(-0.001, 80.0]","[0, 80]"
270,0.2107160836458204,22.716663360595703,0.009275837754030737,Rule-based baseline,"(-0.001, 80.0]","[0, 80]"
271,0.22853846848011,17.236968994140625,0.013258622705523068,Rule-based baseline,"(-0.001, 80.0]","[0, 80]"
272,0.3296371400356292,22.08271789550781,0.014927380841227241,Rule-based baseline,"(-0.001, 80.0]","[0, 80]"
273,0.413322418928146,30.278791427612305,0.013650558672933775,Rule-based baseline,"(-0.001, 80.0]","[0, 80]"
274,0.4006901681423184,40.850399017333984,0.009808721035314593,Rule-based baseline,"(-0.001, 80.0]","[0, 80]"
275,0.5761600136756896,46.86515426635742,0.01229399588447085,Rule-based baseline,"(-0.001, 80.0]","[0, 80]"
276,0.619840621948242,45.933895111083984,0.013494188125114446,Rule-based baseline,"(-0.001, 80.0]","[0, 80]"
277,0.5664281845092772,62.40671920776367,0.009076397408803555,Rule-based baseline,"(-0.001, 80.0]","[0, 80]"
278,0.5520964860916135,67.52766418457031,0.00817585641023497,Rule-based baseline,"(-0.001, 80.0]","[0, 80]"
279,0.6974888443946836,61.40251159667969,0.011359288508849857,Rule-based baseline,"(-0.001, 80.0]","[0, 80]"
280,0.819623291492462,59.77944564819336,0.013710787756648133,Rule-based baseline,"(-0.001, 80.0]","[0, 80]"
281,0.8197913765907288,77.64921569824219,0.010557625974956075,Rule-based baseline,"(-0.001, 80.0]","[0, 80]"
282,0.819672346115112,88.1260986328125,0.009301130525820402,Rule-based baseline,"(80.0, 160.0]","(80, 160]"
283,0.8200815320014953,98.4356689453125,0.00833114196091972,Rule-based baseline,"(80.0, 160.0]","(80, 160]"
284,0.8199800848960876,92.40782928466795,0.00887349146975511,Rule-based baseline,"(80.0, 160.0]","(80, 160]"
285,0.8201596736907956,113.16378021240234,0.007247545744330915,Rule-based baseline,"(80.0, 160.0]","(80, 160]"
286,0.8200840950012204,107.78298950195312,0.0076086597596771955,Rule-based baseline,"(80.0, 160.0]","(80, 160]"
287,0.8204083442687988,117.49063873291016,0.006982754993219688,Rule-based baseline,"(80.0, 160.0]","(80, 160]"
288,0.8203228712081908,113.30455017089844,0.007239981712745774,Rule-based baseline,"(80.0, 160.0]","(80, 160]"
289,0.8204401731491088,132.88963317871094,0.006173846322878888,Rule-based baseline,"(80.0, 160.0]","(80, 160]"
290,0.8203036785125732,126.87689971923828,0.006465350905703058,Rule-based baseline,"(80.0, 160.0]","(80, 160]"
291,0.8202028274536132,135.38723754882812,0.006058199002382353,Rule-based baseline,"(80.0, 160.0]","(80, 160]"
292,0.8204051852226256,125.74337005615234,0.0065244408898557675,Rule-based baseline,"(80.0, 160.0]","(80, 160]"
293,0.8205112814903256,119.95101928710938,0.006840386070637605,Rule-based baseline,"(80.0, 160.0]","(80, 160]"
294,0.8207553625106812,132.6461944580078,0.00618755303055837,Rule-based baseline,"(80.0, 160.0]","(80, 160]"
295,0.8207777142524716,141.31793212890625,0.005808022392400854,Rule-based baseline,"(80.0, 160.0]","(80, 160]"
296,0.8204417824745176,166.45233154296875,0.004928989428199899,Rule-based baseline,"(160.0, 240.0]","(160, 240]"
297,0.8205646276473996,169.05531311035156,0.004853823358463585,Rule-based baseline,"(160.0, 240.0]","(160, 240]"
298,0.820421814918518,135.51058959960938,0.006054300385989044,Rule-based baseline,"(80.0, 160.0]","(80, 160]"
299,0.8206188678741452,146.2149658203125,0.005612413635431996,Rule-based baseline,"(80.0, 160.0]","(80, 160]"
300,0.8207338452339172,133.94232177734375,0.006127516936717337,Rule-based baseline,"(80.0, 160.0]","(80, 160]"
301,0.8207750320434568,151.43453979492188,0.0054199988533328,Rule-based baseline,"(80.0, 160.0]","(80, 160]"
302,0.820661664009094,163.99441528320312,0.005004204945588468,Rule-based baseline,"(160.0, 240.0]","(160, 240]"
303,0.8207705616950988,168.7374267578125,0.00486418797219863,Rule-based baseline,"(160.0, 240.0]","(160, 240]"
304,0.820546805858612,155.98973083496094,0.005260261694577578,Rule-based baseline,"(80.0, 160.0]","(80, 160]"
305,0.8206886053085324,168.21688842773438,0.004878752739865941,Rule-based baseline,"(160.0, 240.0]","(160, 240]"
306,0.8208737373352047,144.5638427734375,0.00567827834115955,Rule-based baseline,"(80.0, 160.0]","(80, 160]"
307,0.8207996487617492,158.9334716796875,0.005164422824765184,Rule-based baseline,"(80.0, 160.0]","(80, 160]"
308,0.8204949498176572,181.4979248046875,0.0045206850199560325,Rule-based baseline,"(160.0, 240.0]","(160, 240]"
309,0.8206223249435424,171.819580078125,0.004776069901756319,Rule-based baseline,"(160.0, 240.0]","(160, 240]"
310,0.82077819108963,139.85316467285156,0.005868856761372668,Rule-based baseline,"(80.0, 160.0]","(80, 160]"
311,0.8207318782806396,151.79568481445312,0.005406819563308787,Rule-based baseline,"(80.0, 160.0]","(80, 160]"
312,0.820845067501068,169.1206817626953,0.0048536054783225825,Rule-based baseline,"(160.0, 240.0]","(160, 240]"
313,0.8206700682640076,163.76625061035156,0.00501122829157654,Rule-based baseline,"(160.0, 240.0]","(160, 240]"
314,0.8206380009651184,177.6939697265625,0.004618265899669671,Rule-based baseline,"(160.0, 240.0]","(160, 240]"
315,0.820724070072174,156.9007110595703,0.005230849908389329,Rule-based baseline,"(80.0, 160.0]","(80, 160]"
316,0.82071316242218,153.45547485351562,0.005348216889658777,Rule-based baseline,"(80.0, 160.0]","(80, 160]"
317,0.8206271529197692,162.88783264160156,0.005037989269127159,Rule-based baseline,"(160.0, 240.0]","(160, 240]"
318,0.820445656776428,161.65701293945312,0.005075224649138587,Rule-based baseline,"(160.0, 240.0]","(160, 240]"
319,0.820422887802124,152.3063507080078,0.005386662368235632,Rule-based baseline,"(80.0, 160.0]","(80, 160]"
320,0.8206061124801636,135.81993103027344,0.006041868128303316,Rule-based baseline,"(80.0, 160.0]","(80, 160]"
321,0.8205980658531188,134.02244567871094,0.006122840556277569,Rule-based baseline,"(80.0, 160.0]","(80, 160]"
322,0.8209981322288512,150.1370391845703,0.00546832504948736,Rule-based baseline,"(80.0, 160.0]","(80, 160]"
323,0.8209596872329712,149.37303161621094,0.00549603685719046,Rule-based baseline,"(80.0, 160.0]","(80, 160]"
324,0.8210352659225464,198.9686584472656,0.004126455253454667,Rule-based baseline,"(160.0, 240.0]","(160, 240]"
325,0.8211431503295896,193.4003448486328,0.004245820507570799,Rule-based baseline,"(160.0, 240.0]","(160, 240]"
326,0.8212012052536009,204.50196838378903,0.004015615163725231,Rule-based baseline,"(160.0, 240.0]","(160, 240]"
327,0.8212673664093016,221.4680938720703,0.0037082875101805937,Rule-based baseline,"(160.0, 240.0]","(160, 240]"
328,0.8211387395858764,231.1701812744141,0.003552096274091385,Rule-based baseline,"(160.0, 240.0]","(160, 240]"
329,0.8212958574295044,242.7415313720703,0.003383417138333182,Rule-based baseline,"(240.0, 320.0]","(240, 320]"
330,0.821272611618042,220.7486114501953,0.0037203976334108683,Rule-based baseline,"(160.0, 240.0]","(160, 240]"
331,0.821089506149292,247.8919982910156,0.003312287253360089,Rule-based baseline,"(240.0, 320.0]","(240, 320]"
332,0.821129024028778,243.67816162109372,0.0033697275889071625,Rule-based baseline,"(240.0, 320.0]","(240, 320]"
333,0.821059226989746,212.86309814453125,0.0038572173107818694,Rule-based baseline,"(160.0, 240.0]","(160, 240]"
334,0.8209279775619504,219.1684417724609,0.0037456486477840264,Rule-based baseline,"(160.0, 240.0]","(160, 240]"
335,0.8202784061431884,208.1546936035156,0.003940715397490006,Rule-based baseline,"(160.0, 240.0]","(160, 240]"
336,0.8205664753913876,188.9217529296875,0.004343419763296312,Rule-based baseline,"(160.0, 240.0]","(160, 240]"
337,0.8205148577690125,124.26793670654295,0.006602788132763862,Rule-based baseline,"(80.0, 160.0]","(80, 160]"
338,0.8203927874565125,146.38623046875,0.005604302978698853,Rule-based baseline,"(80.0, 160.0]","(80, 160]"
339,0.8201746940612792,141.64498901367188,0.005790354461336533,Rule-based baseline,"(80.0, 160.0]","(80, 160]"
340,0.8196552991867064,131.6846160888672,0.006224381583294157,Rule-based baseline,"(80.0, 160.0]","(80, 160]"
341,0.819541037082672,118.34138488769533,0.006925227703397315,Rule-based baseline,"(80.0, 160.0]","(80, 160]"
342,0.819533348083496,91.26774597167967,0.008979441086863224,Rule-based baseline,"(80.0, 160.0]","(80, 160]"
343,0.5664238929748532,80.49822235107422,0.007036477035536605,Rule-based baseline,"(80.0, 160.0]","(80, 160]"
344,0.5534121990203856,79.81401824951172,0.006933771925757807,Rule-based baseline,"(-0.001, 80.0]","[0, 80]"
345,0.543993592262268,61.39768981933594,0.008860163857353285,Rule-based baseline,"(-0.001, 80.0]","[0, 80]"
346,0.4776308238506316,59.93349456787109,0.007969347145438739,Rule-based baseline,"(-0.001, 80.0]","[0, 80]"
347,0.5509096980094907,58.85254669189453,0.009360847218619425,Rule-based baseline,"(-0.001, 80.0]","[0, 80]"
348,0.420776218175888,52.12976837158203,0.008071707036497587,Rule-based baseline,"(-0.001, 80.0]","[0, 80]"
349,0.3086900413036344,59.64213943481445,0.005175703692537983,Rule-based baseline,"(-0.001, 80.0]","[0, 80]"
350,0.2595137059688568,47.41964721679688,0.005472704273450023,Rule-based baseline,"(-0.001, 80.0]","[0, 80]"
351,0.2570550143718716,37.066837310791016,0.006934905511807368,Rule-based baseline,"(-0.001, 80.0]","[0, 80]"
352,0.2367985993623732,33.07457733154297,0.0071595351616644915,Rule-based baseline,"(-0.001, 80.0]","[0, 80]"
353,0.2192151099443432,32.8078498840332,0.006681788374404565,Rule-based baseline,"(-0.001, 80.0]","[0, 80]"
354,0.2481920272111892,31.524873733520508,0.00787289520361459,Rule-based baseline,"(-0.001, 80.0]","[0, 80]"
355,0.2360398322343824,22.870859146118164,0.010320549426078079,Rule-based baseline,"(-0.001, 80.0]","[0, 80]"
356,0.2339744120836256,24.83626747131348,0.00942067532304812,Rule-based baseline,"(-0.001, 80.0]","[0, 80]"
357,0.2319163829088208,24.10830307006836,0.00961977216873287,Rule-based baseline,"(-0.001, 80.0]","[0, 80]"
358,0.1992531567811964,26.85831069946289,0.007418677928436543,Rule-based baseline,"(-0.001, 80.0]","[0, 80]"
359,0.2259801179170608,23.904787063598636,0.009453341597055066,Rule-based baseline,"(-0.001, 80.0]","[0, 80]"
360,0.2296030074357984,18.716005325317383,0.012267735739806156,Rule-based baseline,"(-0.001, 80.0]","[0, 80]"
361,0.2281720191240308,28.546646118164062,0.007992953644345852,Rule-based baseline,"(-0.001, 80.0]","[0, 80]"
362,0.3869472444057464,30.64091682434082,0.012628448640229968,Rule-based baseline,"(-0.001, 80.0]","[0, 80]"
363,0.4069444835186004,30.129127502441406,0.013506679988845515,Rule-based baseline,"(-0.001, 80.0]","[0, 80]"
364,0.3097717463970184,44.942718505859375,0.0068925903170862285,Rule-based baseline,"(-0.001, 80.0]","[0, 80]"
365,0.4932809770107268,46.391639709472656,0.010632971373719397,Rule-based baseline,"(-0.001, 80.0]","[0, 80]"
366,0.5131728649139404,38.6728401184082,0.013269593423775232,Rule-based baseline,"(-0.001, 80.0]","[0, 80]"
367,0.5329044461250304,53.60131072998047,0.009942004008252068,Rule-based baseline,"(-0.001, 80.0]","[0, 80]"
368,0.5521305203437804,55.52179336547852,0.009944392766806332,Rule-based baseline,"(-0.001, 80.0]","[0, 80]"
369,0.662816762924194,57.5987663269043,0.01150748193394193,Rule-based baseline,"(-0.001, 80.0]","[0, 80]"
370,0.6989086270332336,59.782447814941406,0.011690866677067641,Rule-based baseline,"(-0.001, 80.0]","[0, 80]"
371,1.088412880897522,73.25184631347656,0.014858504401919497,Rule-based baseline,"(-0.001, 80.0]","[0, 80]"
372,0.8205628395080564,77.79957580566406,0.010547137706222773,Rule-based baseline,"(-0.001, 80.0]","[0, 80]"
373,0.8191681504249572,119.01011657714844,0.006883180808363721,Rule-based baseline,"(80.0, 160.0]","(80, 160]"
374,0.8193981647491452,146.0486602783203,0.005610446293636957,Rule-based baseline,"(80.0, 160.0]","(80, 160]"
375,0.8194408416748044,53.18157958984375,0.015408358457846473,Rule-based baseline,"(-0.001, 80.0]","[0, 80]"
376,0.8196161389350888,68.69590759277344,0.011931076648608242,Rule-based baseline,"(-0.001, 80.0]","[0, 80]"
377,0.8194608092308044,72.03372955322266,0.011376070825617042,Rule-based baseline,"(-0.001, 80.0]","[0, 80]"
378,0.8193094134330748,87.44181060791016,0.009369767251353765,Rule-based baseline,"(80.0, 160.0]","(80, 160]"
379,0.8191956877708432,73.64738464355469,0.01112321492114976,Rule-based baseline,"(-0.001, 80.0]","[0, 80]"
380,0.8195577263832092,62.24346160888672,0.01316696895061823,Rule-based baseline,"(-0.001, 80.0]","[0, 80]"
381,0.6407808661460876,54.83914566040039,0.01168473466224691,Rule-based baseline,"(-0.001, 80.0]","[0, 80]"
382,0.565554678440094,82.00209045410156,0.006896832450346468,Rule-based baseline,"(80.0, 160.0]","(80, 160]"
383,0.631063103675842,70.26559448242188,0.008981111002109476,Rule-based baseline,"(-0.001, 80.0]","[0, 80]"
384,0.8737998604774472,61.3083381652832,0.014252545194125811,Rule-based baseline,"(-0.001, 80.0]","[0, 80]"
385,1.1624177694320676,68.97578430175781,0.0168525487777954,Rule-based baseline,"(-0.001, 80.0]","[0, 80]"
386,0.820445954799652,96.43427276611328,0.008507825395121913,Rule-based baseline,"(80.0, 160.0]","(80, 160]"
387,0.8205767273902892,127.11753845214844,0.0064552597334881796,Rule-based baseline,"(80.0, 160.0]","(80, 160]"
388,0.8206799030303952,135.8424530029297,0.006041409624815121,Rule-based baseline,"(80.0, 160.0]","(80, 160]"
389,0.8204996585845944,147.3507843017578,0.005568342662529054,Rule-based baseline,"(80.0, 160.0]","(80, 160]"
390,0.8204768896102904,157.97714233398438,0.005193643064359873,Rule-based baseline,"(80.0, 160.0]","(80, 160]"
391,0.8200271129608152,140.27395629882812,0.005845897090218919,Rule-based baseline,"(80.0, 160.0]","(80, 160]"
392,0.8203252553939816,138.32113647460938,0.005930584987237745,Rule-based baseline,"(80.0, 160.0]","(80, 160]"
393,0.8199402093887328,110.24625396728516,0.007437352108417622,Rule-based baseline,"(80.0, 160.0]","(80, 160]"
394,0.8199410438537597,127.01949310302734,0.006455237883752958,Rule-based baseline,"(80.0, 160.0]","(80, 160]"
395,0.8196642398834229,105.73600006103516,0.007751988342761964,Rule-based baseline,"(80.0, 160.0]","(80, 160]"
396,0.8199521899223328,105.78032684326172,0.007751462057186528,Rule-based baseline,"(80.0, 160.0]","(80, 160]"
397,0.8196226954460144,91.91358184814452,0.008917318626535066,Rule-based baseline,"(80.0, 160.0]","(80, 160]"
398,0.819642186164856,106.34635925292967,0.007707289576462639,Rule-based baseline,"(80.0, 160.0]","(80, 160]"
399,0.8198716640472412,88.0693130493164,0.009309390929257453,Rule-based baseline,"(80.0, 160.0]","(80, 160]"
400,0.8195984959602356,89.97065734863281,0.009109619959586637,Rule-based baseline,"(80.0, 160.0]","(80, 160]"
401,0.8196362257003784,102.31085968017578,0.008011233883309798,Rule-based baseline,"(80.0, 160.0]","(80, 160]"
402,0.8198885917663572,85.7713394165039,0.009559004177199503,Rule-based baseline,"(80.0, 160.0]","(80, 160]"
403,0.8199059367179868,89.38508605957031,0.00917273756576756,Rule-based baseline,"(80.0, 160.0]","(80, 160]"
404,0.8196253776550292,103.14523315429688,0.007946323379083707,Rule-based baseline,"(80.0, 160.0]","(80, 160]"
405,0.819626986980438,104.00907135009766,0.007880341361971677,Rule-based baseline,"(80.0, 160.0]","(80, 160]"
406,0.8196713328361508,88.33182525634766,0.00927945653174701,Rule-based baseline,"(80.0, 160.0]","(80, 160]"
407,0.8195278644561768,88.48473358154297,0.00926179953631145,Rule-based baseline,"(80.0, 160.0]","(80, 160]"
408,0.819625914096832,92.34521484375,0.008875672827050714,Rule-based baseline,"(80.0, 160.0]","(80, 160]"
409,0.82009357213974,79.33457946777344,0.01033715156293065,Rule-based baseline,"(-0.001, 80.0]","[0, 80]"
410,0.8197475671768188,88.38123321533203,0.009275131578890577,Rule-based baseline,"(80.0, 160.0]","(80, 160]"
411,0.8196164369583128,113.81922912597656,0.007201036619666005,Rule-based baseline,"(80.0, 160.0]","(80, 160]"
412,0.8197475671768188,96.38306427001952,0.008505099660250228,Rule-based baseline,"(80.0, 160.0]","(80, 160]"
413,0.8198158144950864,87.46975708007812,0.009372563064792202,Rule-based baseline,"(80.0, 160.0]","(80, 160]"
414,0.8202013373374936,96.38273620605467,0.008509836612067143,Rule-based baseline,"(80.0, 160.0]","(80, 160]"
415,0.8202207088470456,99.59959411621094,0.008235181238690867,Rule-based baseline,"(80.0, 160.0]","(80, 160]"
416,0.8200297355651855,119.86627197265624,0.006841204970087414,Rule-based baseline,"(80.0, 160.0]","(80, 160]"
417,0.8204271793365476,120.96101379394533,0.0067825752579598,Rule-based baseline,"(80.0, 160.0]","(80, 160]"
418,0.8205558061599731,110.38349151611328,0.007433682291524473,Rule-based baseline,"(80.0, 160.0]","(80, 160]"
419,0.820740222930908,134.3607177734375,0.006108483465493696,Rule-based baseline,"(80.0, 160.0]","(80, 160]"
420,0.8208482265472412,145.39498901367188,0.005645643169105743,Rule-based baseline,"(80.0, 160.0]","(80, 160]"
421,0.8208445310592648,164.7183380126953,0.004983322081576612,Rule-based baseline,"(160.0, 240.0]","(160, 240]"
422,0.820781409740448,178.10353088378906,0.004608451082735695,Rule-based baseline,"(160.0, 240.0]","(160, 240]"
423,0.8210582733154296,177.61996459960938,0.004622556226526999,Rule-based baseline,"(160.0, 240.0]","(160, 240]"
424,0.8209032416343688,169.52114868164062,0.00484248276995821,Rule-based baseline,"(160.0, 240.0]","(160, 240]"
425,0.8207768797874448,208.012451171875,0.003945806489772381,Rule-based baseline,"(160.0, 240.0]","(160, 240]"
426,0.8208716511726376,185.4947662353516,0.004425308960637381,Rule-based baseline,"(160.0, 240.0]","(160, 240]"
427,0.8206210136413572,168.9560546875,0.004857008617768522,Rule-based baseline,"(160.0, 240.0]","(160, 240]"
428,0.8207421898841856,181.21441650390625,0.00452912194139087,Rule-based baseline,"(160.0, 240.0]","(160, 240]"
429,0.8206163644790648,151.6547393798828,0.005411082883624806,Rule-based baseline,"(80.0, 160.0]","(80, 160]"
430,0.8200079798698424,164.9420928955078,0.0049714900876717035,Rule-based baseline,"(160.0, 240.0]","(160, 240]"
431,0.8194769024848936,151.1704559326172,0.005420880008790658,Rule-based baseline,"(80.0, 160.0]","(80, 160]"
432,0.8206390738487244,109.23762512207033,0.007512421410953238,Rule-based baseline,"(80.0, 160.0]","(80, 160]"
433,0.8206765055656432,74.973388671875,0.01094623732638493,Rule-based baseline,"(-0.001, 80.0]","[0, 80]"
434,0.8206896185874936,153.5703582763672,0.005344062668074069,Rule-based baseline,"(80.0, 160.0]","(80, 160]"
435,0.8205260038375852,157.6027374267578,0.005206292842590412,Rule-based baseline,"(80.0, 160.0]","(80, 160]"
436,0.8194081187248228,159.03976440429688,0.005152221658489104,Rule-based baseline,"(80.0, 160.0]","(80, 160]"
437,0.81920325756073,142.65603637695312,0.005742506790221439,Rule-based baseline,"(80.0, 160.0]","(80, 160]"
438,0.8193806409835812,69.46321868896484,0.011795892221069087,Rule-based baseline,"(-0.001, 80.0]","[0, 80]"
439,0.8192884922027588,55.30534362792969,0.014813911974122712,Rule-based baseline,"(-0.001, 80.0]","[0, 80]"
440,0.2991344630718228,67.37357330322266,0.004439937625477175,Rule-based baseline,"(-0.001, 80.0]","[0, 80]"
441,0.33157142996788,60.81262969970703,0.0054523448764702475,Rule-based baseline,"(-0.001, 80.0]","[0, 80]"
442,0.2265074998140332,35.83094787597656,0.006321560361675467,Rule-based baseline,"(-0.001, 80.0]","[0, 80]"
443,0.228497102856636,40.99383163452149,0.005573938657254359,Rule-based baseline,"(-0.001, 80.0]","[0, 80]"
444,0.3084951341152188,28.905473709106445,0.010672550715473305,Rule-based baseline,"(-0.001, 80.0]","[0, 80]"
445,0.2473159581422804,30.256275177001957,0.008174038499301702,Rule-based baseline,"(-0.001, 80.0]","[0, 80]"
446,0.2039764672517776,36.76713180541992,0.00554779383747603,Rule-based baseline,"(-0.001, 80.0]","[0, 80]"
447,0.15518744289875,24.669191360473636,0.006290738947665712,Rule-based baseline,"(-0.001, 80.0]","[0, 80]"
448,0.1124537810683248,19.263078689575195,0.005837788594467125,Rule-based baseline,"(-0.001, 80.0]","[0, 80]"
449,0.0974442586302756,14.285483360290527,0.006821208367449588,Rule-based baseline,"(-0.001, 80.0]","[0, 80]"
450,0.131080225110054,10.74827003479004,0.012195471893223097,Rule-based baseline,"(-0.001, 80.0]","[0, 80]"
451,0.0933582410216328,9.63591194152832,0.009688573493421273,Rule-based baseline,"(-0.001, 80.0]","[0, 80]"
452,0.2407664805650708,12.296305656433104,0.019580391647072315,Rule-based baseline,"(-0.001, 80.0]","[0, 80]"
453,0.0873885974287984,9.353482246398926,0.009342894456494302,Rule-based baseline,"(-0.001, 80.0]","[0, 80]"
454,0.0151818149467552,26.23872184753418,0.0005786034485586778,Rule-based baseline,"(-0.001, 80.0]","[0, 80]"
455,0.1010282859206196,6.932722091674805,0.014572672117051965,Rule-based baseline,"(-0.001, 80.0]","[0, 80]"
456,0.2027681618928908,4.211070537567139,0.04815121477638226,Rule-based baseline,"(-0.001, 80.0]","[0, 80]"
457,0.2018770724534988,7.262102127075195,0.027798710197264136,Rule-based baseline,"(-0.001, 80.0]","[0, 80]"
458,0.1443997174501416,19.120996475219727,0.007551892896234753,Rule-based baseline,"(-0.001, 80.0]","[0, 80]"
459,0.2366520911455152,19.019718170166016,0.012442460452264922,Rule-based baseline,"(-0.001, 80.0]","[0, 80]"
460,0.4417146146297452,13.363261222839355,0.033054402459393964,Rule-based baseline,"(-0.001, 80.0]","[0, 80]"
461,0.3823885619640348,26.61296272277832,0.014368507781237914,Rule-based baseline,"(-0.001, 80.0]","[0, 80]"
462,0.4895828068256376,49.03780746459961,0.009983782557551486,Rule-based baseline,"(-0.001, 80.0]","[0, 80]"
463,0.3087165057659148,44.6180419921875,0.006919095773408664,Rule-based baseline,"(-0.001, 80.0]","[0, 80]"
464,0.5994685292243956,53.2499885559082,0.011257627381365574,Rule-based baseline,"(-0.001, 80.0]","[0, 80]"
465,0.3982907235622404,37.06343460083008,0.010746190358551396,Rule-based baseline,"(-0.001, 80.0]","[0, 80]"
466,0.8190824985504148,65.0533218383789,0.012590940407092145,Rule-based baseline,"(-0.001, 80.0]","[0, 80]"
467,0.8190687894821164,45.760738372802734,0.017898941726187674,Rule-based baseline,"(-0.001, 80.0]","[0, 80]"
468,0.819030463695526,48.332481384277344,0.016945756564486224,Rule-based baseline,"(-0.001, 80.0]","[0, 80]"
469,0.818973124027252,47.59851837158203,0.017205853292194224,Rule-based baseline,"(-0.001, 80.0]","[0, 80]"
470,0.8191037178039547,45.60140228271485,0.01796224845731191,Rule-based baseline,"(-0.001, 80.0]","[0, 80]"
471,0.8189684748649596,40.847015380859375,0.020049652764806962,Rule-based baseline,"(-0.001, 80.0]","[0, 80]"
472,0.8191406726837156,49.49134063720703,0.016551191827442534,Rule-based baseline,"(-0.001, 80.0]","[0, 80]"
473,0.8190207481384276,39.35213088989258,0.02081261496181874,Rule-based baseline,"(-0.001, 80.0]","[0, 80]"
474,0.407645672559738,51.57735824584961,0.007903577973432576,Rule-based baseline,"(-0.001, 80.0]","[0, 80]"
475,0.4266552627086636,45.108158111572266,0.009458494440259741,Rule-based baseline,"(-0.001, 80.0]","[0, 80]"
476,0.4126547276973724,46.441253662109375,0.008885520849624486,Rule-based baseline,"(-0.001, 80.0]","[0, 80]"
477,0.5072499513626096,47.86325073242188,0.01059790013424654,Rule-based baseline,"(-0.001, 80.0]","[0, 80]"
478,0.53570681810379,46.81507110595703,0.011443041854861636,Rule-based baseline,"(-0.001, 80.0]","[0, 80]"
479,0.5943010449409484,54.94151306152344,0.010816976304883538,Rule-based baseline,"(-0.001, 80.0]","[0, 80]"
480,0.8195874094963072,57.91355514526367,0.014151909815250484,Rule-based baseline,"(-0.001, 80.0]","[0, 80]"
481,0.8196367621421812,64.45060729980469,0.012717285320981995,Rule-based baseline,"(-0.001, 80.0]","[0, 80]"
482,0.8197197318077084,84.734375,0.009673992778110518,Rule-based baseline,"(80.0, 160.0]","(80, 160]"
483,0.82014125585556,89.4361572265625,0.009170130753470906,Rule-based baseline,"(80.0, 160.0]","(80, 160]"
484,0.820033609867096,95.0926513671875,0.008623522407642692,Rule-based baseline,"(80.0, 160.0]","(80, 160]"
485,0.8196454644203184,116.45648956298828,0.00703821201803437,Rule-based baseline,"(80.0, 160.0]","(80, 160]"
486,0.8199503421783444,110.5907974243164,0.0074142728081826445,Rule-based baseline,"(80.0, 160.0]","(80, 160]"
487,0.820059597492218,90.291748046875,0.009082331610929537,Rule-based baseline,"(80.0, 160.0]","(80, 160]"
488,0.8206738829612732,106.25155639648438,0.007723876343974453,Rule-based baseline,"(80.0, 160.0]","(80, 160]"
489,0.819642961025238,111.97953033447266,0.007319578485255646,Rule-based baseline,"(80.0, 160.0]","(80, 160]"
490,0.8200504183769224,157.32037353515625,0.005212614233932431,Rule-based baseline,"(80.0, 160.0]","(80, 160]"
491,0.8195830583572388,90.04519653320312,0.009101907596537112,Rule-based baseline,"(80.0, 160.0]","(80, 160]"
492,0.8201318383216856,111.48442840576172,0.00735646986803136,Rule-based baseline,"(80.0, 160.0]","(80, 160]"
493,0.8196493983268736,84.33121490478516,0.009719406974657075,Rule-based baseline,"(80.0, 160.0]","(80, 160]"
494,0.819766283035278,115.93183135986328,0.0070711061269328745,Rule-based baseline,"(80.0, 160.0]","(80, 160]"
495,0.8201350569725036,90.6847152709961,0.009043806936170745,Rule-based baseline,"(80.0, 160.0]","(80, 160]"
496,0.8199196457862852,97.2563018798828,0.00843050403868876,Rule-based baseline,"(80.0, 160.0]","(80, 160]"
497,0.8197952508926392,116.11011505126952,0.007060498136020715,Rule-based baseline,"(80.0, 160.0]","(80, 160]"
498,0.8196249008178708,104.6955108642578,0.007828653722130928,Rule-based baseline,"(80.0, 160.0]","(80, 160]"
499,0.8196827173233032,98.6200714111328,0.00831152021687517,Rule-based baseline,"(80.0, 160.0]","(80, 160]"
500,0.8198937773704528,88.28511047363281,0.009286886236783063,Rule-based baseline,"(80.0, 160.0]","(80, 160]"
501,0.820126175880432,93.04924774169922,0.008813893672274146,Rule-based baseline,"(80.0, 160.0]","(80, 160]"
502,0.8199450373649596,103.40227508544922,0.00792966147686186,Rule-based baseline,"(80.0, 160.0]","(80, 160]"
503,0.8198556900024412,115.61650848388672,0.007091164581541598,Rule-based baseline,"(80.0, 160.0]","(80, 160]"
504,0.8196972012519836,105.9831771850586,0.007734219930213073,Rule-based baseline,"(80.0, 160.0]","(80, 160]"
505,0.8202306032180784,101.52835845947266,0.008078832512056147,Rule-based baseline,"(80.0, 160.0]","(80, 160]"
506,0.8205801248550412,93.87445068359376,0.008741250882211045,Rule-based baseline,"(80.0, 160.0]","(80, 160]"
507,0.8196009397506712,121.52259063720705,0.006744432746644645,Rule-based baseline,"(80.0, 160.0]","(80, 160]"
508,0.8194361329078672,147.67044067382812,0.005549087069617564,Rule-based baseline,"(80.0, 160.0]","(80, 160]"
509,0.81964635848999,86.00104522705078,0.00953065577663675,Rule-based baseline,"(80.0, 160.0]","(80, 160]"
510,0.81962651014328,71.65619659423828,0.011438320049060272,Rule-based baseline,"(-0.001, 80.0]","[0, 80]"
511,0.8193328380584716,90.38323211669922,0.009065097793809606,Rule-based baseline,"(80.0, 160.0]","(80, 160]"
512,0.81932657957077,88.44154357910156,0.009264046582791372,Rule-based baseline,"(80.0, 160.0]","(80, 160]"
513,0.6430130004882812,63.88871383666992,0.010064578888411023,Rule-based baseline,"(-0.001, 80.0]","[0, 80]"
514,1.0004867315292356,63.44495391845703,0.015769366509669414,Rule-based baseline,"(-0.001, 80.0]","[0, 80]"
515,1.035789370536804,70.55473327636719,0.014680650360898594,Rule-based baseline,"(-0.001, 80.0]","[0, 80]"
516,1.1634118556976316,109.47449493408205,0.010627241134093905,Rule-based baseline,"(80.0, 160.0]","(80, 160]"
517,0.8201966881752012,113.24919891357422,0.007242406092436308,Rule-based baseline,"(80.0, 160.0]","(80, 160]"
518,0.8202809691429136,127.22810363769533,0.006447325281832461,Rule-based baseline,"(80.0, 160.0]","(80, 160]"
519,0.820360481739044,119.59764862060548,0.006859336209371796,Rule-based baseline,"(80.0, 160.0]","(80, 160]"
520,0.8204511404037476,124.4174346923828,0.006594342203183024,Rule-based baseline,"(80.0, 160.0]","(80, 160]"
521,0.82025808095932,129.22222900390625,0.006347654635600849,Rule-based baseline,"(80.0, 160.0]","(80, 160]"
522,0.820249319076538,136.25363159179688,0.006020018031768343,Rule-based baseline,"(80.0, 160.0]","(80, 160]"
523,0.8208014369010924,123.0910415649414,0.006668246742132303,Rule-based baseline,"(80.0, 160.0]","(80, 160]"
524,0.8205487132072448,122.58746337890624,0.006693577716597385,Rule-based baseline,"(80.0, 160.0]","(80, 160]"
525,0.8202657103538512,172.04931640625,0.004767619700487538,Rule-based baseline,"(160.0, 240.0]","(160, 240]"
526,0.8199355602264404,144.73619079589844,0.005665034817606074,Rule-based baseline,"(80.0, 160.0]","(80, 160]"
527,0.8196493983268736,123.53145599365234,0.0066351472322077314,Rule-based baseline,"(80.0, 160.0]","(80, 160]"
528,0.8201491832733152,105.49957275390624,0.007773957390201358,Rule-based baseline,"(80.0, 160.0]","(80, 160]"
529,0.8202263712882996,90.68089294433594,0.00904519513048677,Rule-based baseline,"(80.0, 160.0]","(80, 160]"
530,0.8201058506965636,116.90152740478516,0.007015356162600439,Rule-based baseline,"(80.0, 160.0]","(80, 160]"
531,0.8199830651283264,121.2823486328125,0.006760943157613646,Rule-based baseline,"(80.0, 160.0]","(80, 160]"
532,0.8195525407791135,114.4949722290039,0.007157978423191444,Rule-based baseline,"(80.0, 160.0]","(80, 160]"
533,0.8191813230514524,107.93610382080078,0.00758950243758553,Rule-based baseline,"(80.0, 160.0]","(80, 160]"
534,0.8189725875854492,81.53327941894531,0.010044641812790255,Rule-based baseline,"(80.0, 160.0]","(80, 160]"
535,0.3050453364849088,53.96904373168945,0.005652227932765701,Rule-based baseline,"(-0.001, 80.0]","[0, 80]"
536,0.332230061292648,40.68331146240234,0.008166249239560547,Rule-based baseline,"(-0.001, 80.0]","[0, 80]"
537,0.2253957539796828,36.385738372802734,0.006194618113017585,Rule-based baseline,"(-0.001, 80.0]","[0, 80]"
538,0.2569453418254852,41.040794372558594,0.0062607302259550905,Rule-based baseline,"(-0.001, 80.0]","[0, 80]"
539,0.3499942719936368,28.11579132080078,0.012448316606145177,Rule-based baseline,"(-0.001, 80.0]","[0, 80]"
540,0.2280439883470532,32.80276107788086,0.006951975408583057,Rule-based baseline,"(-0.001, 80.0]","[0, 80]"
541,0.2891062200069424,42.37998962402344,0.006821762406545287,Rule-based baseline,"(-0.001, 80.0]","[0, 80]"
542,0.2288512736558912,30.068639755249023,0.007610961969636191,Rule-based baseline,"(-0.001, 80.0]","[0, 80]"
543,0.2330297976732252,34.8932991027832,0.006678353829106345,Rule-based baseline,"(-0.001, 80.0]","[0, 80]"
544,0.204426363110542,30.37815284729004,0.006729387535120601,Rule-based baseline,"(-0.001, 80.0]","[0, 80]"
545,0.1881684809923172,26.9478816986084,0.006982681722327522,Rule-based baseline,"(-0.001, 80.0]","[0, 80]"
546,0.1417237073183056,19.314794540405277,0.0073375726064198584,Rule-based baseline,"(-0.001, 80.0]","[0, 80]"
547,0.1002102717757224,17.492660522460938,0.005728703855371249,Rule-based baseline,"(-0.001, 80.0]","[0, 80]"
548,0.1254272013902664,13.144339561462402,0.009542297717110385,Rule-based baseline,"(-0.001, 80.0]","[0, 80]"
549,0.1534881144762036,9.837475776672363,0.015602388047569119,Rule-based baseline,"(-0.001, 80.0]","[0, 80]"
550,0.200911834836006,11.811033248901367,0.017010521484620688,Rule-based baseline,"(-0.001, 80.0]","[0, 80]"
551,0.2493415623903272,14.140249252319336,0.017633463027494318,Rule-based baseline,"(-0.001, 80.0]","[0, 80]"
552,0.20667465031147,20.584943771362305,0.01004008816380616,Rule-based baseline,"(-0.001, 80.0]","[0, 80]"
553,0.1029756888747212,25.257081985473636,0.004077101580220021,Rule-based baseline,"(-0.001, 80.0]","[0, 80]"
554,0.0865769013762472,19.582651138305664,0.0044211021666465756,Rule-based baseline,"(-0.001, 80.0]","[0, 80]"
555,0.1872690469026564,10.03261375427246,0.018666027765985364,Rule-based baseline,"(-0.001, 80.0]","[0, 80]"
556,0.1396278887987136,8.222972869873047,0.016980220050375684,Rule-based baseline,"(-0.001, 80.0]","[0, 80]"
557,0.0936941727995872,17.399887084960938,0.005384757518373145,Rule-based baseline,"(-0.001, 80.0]","[0, 80]"
558,0.2950682342052456,12.973848342895508,0.02274330841602794,Rule-based baseline,"(-0.001, 80.0]","[0, 80]"
559,0.2491000443696972,9.375703811645508,0.026568676802726156,Rule-based baseline,"(-0.001, 80.0]","[0, 80]"
560,0.2051374465227124,35.44527053833008,0.005787441974829316,Rule-based baseline,"(-0.001, 80.0]","[0, 80]"
561,0.2943210303783416,25.29745101928711,0.011634414477330044,Rule-based baseline,"(-0.001, 80.0]","[0, 80]"
562,0.473164826631546,21.58346176147461,0.021922564223507527,Rule-based baseline,"(-0.001, 80.0]","[0, 80]"
563,0.2419050484895704,35.37828826904297,0.00683766966479394,Rule-based baseline,"(-0.001, 80.0]","[0, 80]"
564,0.228200390934944,51.72565460205078,0.004411744862208016,Rule-based baseline,"(-0.001, 80.0]","[0, 80]"
565,0.8189716935157776,26.135417938232425,0.03133570297024934,Rule-based baseline,"(-0.001, 80.0]","[0, 80]"
566,0.8189588785171508,27.398414611816406,0.029890739669438744,Rule-based baseline,"(-0.001, 80.0]","[0, 80]"
567,0.8189572691917416,40.39064407348633,0.02027591507829732,Rule-based baseline,"(-0.001, 80.0]","[0, 80]"
568,0.8192683458328244,36.45577239990234,0.022472938903772045,Rule-based baseline,"(-0.001, 80.0]","[0, 80]"
569,0.8194245696067808,35.99109649658203,0.022767424429111213,Rule-based baseline,"(-0.001, 80.0]","[0, 80]"
570,0.8190807104110716,59.46209716796875,0.013774837239549916,Rule-based baseline,"(-0.001, 80.0]","[0, 80]"
571,0.8192995786666868,70.74176788330078,0.011581553630639329,Rule-based baseline,"(-0.001, 80.0]","[0, 80]"
572,0.8192266821861264,48.23581314086914,0.01698378505185836,Rule-based baseline,"(-0.001, 80.0]","[0, 80]"
573,0.819166839122772,61.56719970703125,0.013305247648436078,Rule-based baseline,"(-0.001, 80.0]","[0, 80]"
574,0.819196820259094,56.768802642822266,0.01443040511904599,Rule-based baseline,"(-0.001, 80.0]","[0, 80]"
575,0.819244921207428,53.10567855834961,0.01542669152240069,Rule-based baseline,"(-0.001, 80.0]","[0, 80]"
576,0.819328725337982,54.90949630737305,0.014921439467438085,Rule-based baseline,"(-0.001, 80.0]","[0, 80]"
577,0.81945663690567,57.9325065612793,0.014145022985305719,Rule-based baseline,"(-0.001, 80.0]","[0, 80]"
578,0.8194715976715088,63.59574890136719,0.01288563483924775,Rule-based baseline,"(-0.001, 80.0]","[0, 80]"
579,0.8197279572486876,73.30752563476562,0.011182043728126282,Rule-based baseline,"(-0.001, 80.0]","[0, 80]"
580,0.8195390701293944,74.53402709960938,0.010995502350009068,Rule-based baseline,"(-0.001, 80.0]","[0, 80]"
581,0.819428205490112,95.47765350341795,0.008582408295788057,Rule-based baseline,"(80.0, 160.0]","(80, 160]"
582,0.8195822238922116,80.32561492919922,0.010203248672476514,Rule-based baseline,"(80.0, 160.0]","(80, 160]"
583,0.819564700126648,71.02964782714844,0.01153834666505836,Rule-based baseline,"(-0.001, 80.0]","[0, 80]"
584,0.8193901181221008,84.25395965576172,0.009725241655939985,Rule-based baseline,"(80.0, 160.0]","(80, 160]"
585,0.8193285465240476,82.6358871459961,0.009914924070174348,Rule-based baseline,"(80.0, 160.0]","(80, 160]"
586,0.8193583488464355,68.08830261230469,0.012033760828374122,Rule-based baseline,"(-0.001, 80.0]","[0, 80]"
587,0.8193979859352112,63.58346557617188,0.012886966422954513,Rule-based baseline,"(-0.001, 80.0]","[0, 80]"
588,0.819475531578064,65.72673797607422,0.01246791727099508,Rule-based baseline,"(-0.001, 80.0]","[0, 80]"
589,0.8194531798362732,68.68428039550781,0.011930723815079355,Rule-based baseline,"(-0.001, 80.0]","[0, 80]"
590,0.8193781375885008,74.85857391357422,0.010945681900572804,Rule-based baseline,"(-0.001, 80.0]","[0, 80]"
591,0.6843116879463196,73.0252685546875,0.009370889029101605,Rule-based baseline,"(-0.001, 80.0]","[0, 80]"
592,0.617383062839508,67.18517303466797,0.009189275474827377,Rule-based baseline,"(-0.001, 80.0]","[0, 80]"
593,0.7016482949256896,76.14306640625,0.009214867853917907,Rule-based baseline,"(-0.001, 80.0]","[0, 80]"
594,0.8280656337738036,67.21638488769531,0.01231940151433806,Rule-based baseline,"(-0.001, 80.0]","[0, 80]"
595,0.8194844126701352,78.08684539794922,0.010494525787203297,Rule-based baseline,"(-0.001, 80.0]","[0, 80]"
596,0.8201020956039428,91.41594696044922,0.008971105401979339,Rule-based baseline,"(80.0, 160.0]","(80, 160]"
597,0.8197340965270996,75.60118103027344,0.010842874216460303,Rule-based baseline,"(-0.001, 80.0]","[0, 80]"
598,0.8196039795875548,114.28624725341795,0.007171501377328172,Rule-based baseline,"(80.0, 160.0]","(80, 160]"
599,0.8199271559715268,95.76021575927734,0.00856229436692859,Rule-based baseline,"(80.0, 160.0]","(80, 160]"
600,0.8198766112327576,86.28790283203125,0.009501640256905261,Rule-based baseline,"(80.0, 160.0]","(80, 160]"
601,0.819684028625488,105.0763931274414,0.007800839029860285,Rule-based baseline,"(80.0, 160.0]","(80, 160]"
602,0.8198292851448056,102.55403137207033,0.007994120505808597,Rule-based baseline,"(80.0, 160.0]","(80, 160]"
603,0.8195921778678892,93.1305923461914,0.008800461343800381,Rule-based baseline,"(80.0, 160.0]","(80, 160]"
604,0.8198253512382504,100.24506378173828,0.008178211677566896,Rule-based baseline,"(80.0, 160.0]","(80, 160]"
605,0.819594383239746,85.17623901367188,0.009622335908823006,Rule-based baseline,"(80.0, 160.0]","(80, 160]"
606,0.8193628191947936,100.05581665039062,0.00818905733444528,Rule-based baseline,"(80.0, 160.0]","(80, 160]"
607,0.8195275664329528,85.38433074951172,0.009598102593755346,Rule-based baseline,"(80.0, 160.0]","(80, 160]"
608,0.8197031617164612,66.05128479003906,0.012410101700854083,Rule-based baseline,"(-0.001, 80.0]","[0, 80]"
609,0.81993168592453,79.30760192871094,0.010338626638358843,Rule-based baseline,"(-0.001, 80.0]","[0, 80]"
610,0.8199025988578796,94.19449615478516,0.008704357816305682,Rule-based baseline,"(80.0, 160.0]","(80, 160]"
611,0.8202382922172544,105.30479431152344,0.007789182796281254,Rule-based baseline,"(80.0, 160.0]","(80, 160]"
612,0.8199479579925536,103.84104919433594,0.007896183295086333,Rule-based baseline,"(80.0, 160.0]","(80, 160]"
613,0.820156455039978,121.9599838256836,0.0067247996376600125,Rule-based baseline,"(80.0, 160.0]","(80, 160]"
614,0.82026869058609,106.13031005859376,0.007728882447749617,Rule-based baseline,"(80.0, 160.0]","(80, 160]"
615,0.8203690052032468,117.3101806640625,0.006993161212090466,Rule-based baseline,"(80.0, 160.0]","(80, 160]"
616,0.8206334710121151,123.70511627197266,0.00663378763743212,Rule-based baseline,"(80.0, 160.0]","(80, 160]"
617,0.8205193877220152,129.87014770507812,0.0063179984178144705,Rule-based baseline,"(80.0, 160.0]","(80, 160]"
618,0.8205177187919616,152.97195434570312,0.005363844126209331,Rule-based baseline,"(80.0, 160.0]","(80, 160]"
619,0.8203272223472592,142.0511932373047,0.005774870338307228,Rule-based baseline,"(80.0, 160.0]","(80, 160]"
620,0.8204168677330016,141.904541015625,0.0057814701478979885,Rule-based baseline,"(80.0, 160.0]","(80, 160]"
621,0.820601224899292,127.13544464111328,0.0064545432409957885,Rule-based baseline,"(80.0, 160.0]","(80, 160]"
622,0.8203387260437012,133.55258178710938,0.0061424400417160714,Rule-based baseline,"(80.0, 160.0]","(80, 160]"
623,0.8195893764495848,149.67422485351562,0.005475821753890539,Rule-based baseline,"(80.0, 160.0]","(80, 160]"
624,0.8201882243156432,127.82191467285156,0.006416647930950178,Rule-based baseline,"(80.0, 160.0]","(80, 160]"
625,0.820277154445648,84.92028045654297,0.009659378773076661,Rule-based baseline,"(80.0, 160.0]","(80, 160]"
626,0.8202724456787108,119.1122589111328,0.006886549320592595,Rule-based baseline,"(80.0, 160.0]","(80, 160]"
627,0.820105731487274,124.1944351196289,0.006603401599252948,Rule-based baseline,"(80.0, 160.0]","(80, 160]"
628,0.8194524049758908,123.92302703857422,0.006612591901267996,Rule-based baseline,"(80.0, 160.0]","(80, 160]"
629,0.8195378780364988,114.48821258544922,0.007158272974388783,Rule-based baseline,"(80.0, 160.0]","(80, 160]"
630,0.8195786476135252,72.96353912353516,0.011232715099330501,Rule-based baseline,"(-0.001, 80.0]","[0, 80]"
631,0.8193786144256592,80.2190170288086,0.010214268944873763,Rule-based baseline,"(80.0, 160.0]","(80, 160]"
632,0.81923109292984,83.9251480102539,0.009761449486270158,Rule-based baseline,"(80.0, 160.0]","(80, 160]"
633,0.7310947775840756,67.22142028808594,0.01087591982512235,Rule-based baseline,"(-0.001, 80.0]","[0, 80]"
634,0.6747350096702576,57.047813415527344,0.011827534996926058,Rule-based baseline,"(-0.001, 80.0]","[0, 80]"
635,0.5722756981849668,81.2591781616211,0.007042597662589381,Rule-based baseline,"(80.0, 160.0]","(80, 160]"
636,0.5643280744552612,74.91910552978516,0.007532498826095896,Rule-based baseline,"(-0.001, 80.0]","[0, 80]"
637,0.7053915858268736,61.99679183959961,0.011377872384943543,Rule-based baseline,"(-0.001, 80.0]","[0, 80]"
638,0.5970398187637328,61.18253326416016,0.009758337664541752,Rule-based baseline,"(-0.001, 80.0]","[0, 80]"
639,0.5956584215164183,78.4859390258789,0.007589364781888051,Rule-based baseline,"(-0.001, 80.0]","[0, 80]"
640,0.5444948673248288,64.77690124511719,0.008405694882878829,Rule-based baseline,"(-0.001, 80.0]","[0, 80]"
641,0.460062712430954,64.61161041259766,0.0071204340751310725,Rule-based baseline,"(-0.001, 80.0]","[0, 80]"
642,0.3016003072261808,58.90651321411133,0.005119982337605598,Rule-based baseline,"(-0.001, 80.0]","[0, 80]"
643,0.225616171956062,50.53246688842773,0.004464776525836494,Rule-based baseline,"(-0.001, 80.0]","[0, 80]"
644,0.3088373839855192,36.06108474731445,0.008564284356657324,Rule-based baseline,"(-0.001, 80.0]","[0, 80]"
645,0.24892683327198,28.28193473815918,0.00880161967618564,Rule-based baseline,"(-0.001, 80.0]","[0, 80]"
646,0.1820500642061232,37.2625617980957,0.004885602476623785,Rule-based baseline,"(-0.001, 80.0]","[0, 80]"
647,0.1504115611314772,25.0349235534668,0.006008069519774843,Rule-based baseline,"(-0.001, 80.0]","[0, 80]"
648,0.2462315112352368,16.853811264038086,0.014609841499805723,Rule-based baseline,"(-0.001, 80.0]","[0, 80]"
649,0.2385814934968948,13.872422218322754,0.017198257791042098,Rule-based baseline,"(-0.001, 80.0]","[0, 80]"
650,0.197677448391914,25.748430252075195,0.007677262126532245,Rule-based baseline,"(-0.001, 80.0]","[0, 80]"
651,0.1938372403383252,26.43918800354004,0.007331436968199312,Rule-based baseline,"(-0.001, 80.0]","[0, 80]"
652,0.2043129950761792,18.541234970092773,0.011019384383280748,Rule-based baseline,"(-0.001, 80.0]","[0, 80]"
653,0.18434102833271,18.111234664916992,0.010178269551649854,Rule-based baseline,"(-0.001, 80.0]","[0, 80]"
654,0.1876400262117384,19.30175399780273,0.009721397663295207,Rule-based baseline,"(-0.001, 80.0]","[0, 80]"
655,0.1911842375993728,17.09098243713379,0.011186263768195353,Rule-based baseline,"(-0.001, 80.0]","[0, 80]"
656,0.1592812091112136,17.438549041748047,0.009133856763535368,Rule-based baseline,"(-0.001, 80.0]","[0, 80]"
657,0.1982159167528152,17.81934356689453,0.011123637411709622,Rule-based baseline,"(-0.001, 80.0]","[0, 80]"
658,0.2741126716136932,14.653749465942385,0.01870597503053905,Rule-based baseline,"(-0.001, 80.0]","[0, 80]"
659,0.3024570643901824,18.598833084106445,0.01626215273949879,Rule-based baseline,"(-0.001, 80.0]","[0, 80]"
660,0.2267375737428664,34.02911758422852,0.006663045939456052,Rule-based baseline,"(-0.001, 80.0]","[0, 80]"
661,0.4352716505527496,36.14567565917969,0.012042150066773102,Rule-based baseline,"(-0.001, 80.0]","[0, 80]"
662,0.4200309813022612,29.066770553588867,0.01445055550728872,Rule-based baseline,"(-0.001, 80.0]","[0, 80]"
663,0.6121193766593932,48.52564239501953,0.01261434875352044,Rule-based baseline,"(-0.001, 80.0]","[0, 80]"
664,0.5343906879425048,47.36531448364258,0.011282321119752185,Rule-based baseline,"(-0.001, 80.0]","[0, 80]"
665,0.8191683292388916,66.56968688964844,0.012305425600045477,Rule-based baseline,"(-0.001, 80.0]","[0, 80]"
666,0.8194970488548275,57.76344680786133,0.01418712168580802,Rule-based baseline,"(-0.001, 80.0]","[0, 80]"
667,0.8195060491561889,53.19402694702149,0.015405978757208486,Rule-based baseline,"(-0.001, 80.0]","[0, 80]"
668,0.8195998072624204,76.66604614257812,0.01069051879548068,Rule-based baseline,"(-0.001, 80.0]","[0, 80]"
669,0.819272756576538,77.43791961669922,0.010579736137434464,Rule-based baseline,"(-0.001, 80.0]","[0, 80]"
670,0.8192614912986752,85.89106750488281,0.009538378263282164,Rule-based baseline,"(80.0, 160.0]","(80, 160]"
671,0.820119559764862,59.75531768798828,0.013724628894906174,Rule-based baseline,"(-0.001, 80.0]","[0, 80]"
672,0.8194423913955688,59.0105094909668,0.013886380552620162,Rule-based baseline,"(-0.001, 80.0]","[0, 80]"
673,0.8193179965019224,115.2499008178711,0.007109055979116954,Rule-based baseline,"(80.0, 160.0]","(80, 160]"
674,0.8202077746391296,72.15628814697266,0.011367100438543578,Rule-based baseline,"(-0.001, 80.0]","[0, 80]"
675,0.8197582960128784,62.841156005859375,0.013044927052844848,Rule-based baseline,"(-0.001, 80.0]","[0, 80]"
676,0.8200913667678832,120.23009490966795,0.006821015714776234,Rule-based baseline,"(80.0, 160.0]","(80, 160]"
677,0.819655418395996,96.88182067871094,0.008460363488772762,Rule-based baseline,"(80.0, 160.0]","(80, 160]"
678,0.8199542164802548,113.7001724243164,0.007211547695990089,Rule-based baseline,"(80.0, 160.0]","(80, 160]"
679,0.8198518157005308,91.2836685180664,0.008981363578067307,Rule-based baseline,"(80.0, 160.0]","(80, 160]"
680,0.8199734091758728,106.44925689697266,0.007702950993537582,Rule-based baseline,"(80.0, 160.0]","(80, 160]"
681,0.820037007331848,101.33781433105467,0.00809211263085778,Rule-based baseline,"(80.0, 160.0]","(80, 160]"
682,0.820246696472168,107.43669128417967,0.0076346980409378205,Rule-based baseline,"(80.0, 160.0]","(80, 160]"
683,0.8198789358139036,110.7709503173828,0.007401569937468015,Rule-based baseline,"(80.0, 160.0]","(80, 160]"
684,0.8202763199806212,122.4389190673828,0.0066994737149646995,Rule-based baseline,"(80.0, 160.0]","(80, 160]"
685,0.8197665214538572,102.668212890625,0.007984618591999598,Rule-based baseline,"(80.0, 160.0]","(80, 160]"
686,0.8208306431770324,124.14738464355467,0.006611743336629744,Rule-based baseline,"(80.0, 160.0]","(80, 160]"
687,0.8201614022254944,97.2655792236328,0.00843218545318875,Rule-based baseline,"(80.0, 160.0]","(80, 160]"
688,0.8204386234283444,175.80557250976562,0.004666738441312893,Rule-based baseline,"(160.0, 240.0]","(160, 240]"
689,0.8206108808517456,117.58977508544922,0.0069785904450912544,Rule-based baseline,"(80.0, 160.0]","(80, 160]"
690,0.8202160596847532,135.2639923095703,0.006063816731119214,Rule-based baseline,"(80.0, 160.0]","(80, 160]"
691,0.8200108408927916,150.59739685058594,0.00544505322164605,Rule-based baseline,"(80.0, 160.0]","(80, 160]"
692,0.8204765915870664,120.69854736328124,0.006797733771538917,Rule-based baseline,"(80.0, 160.0]","(80, 160]"
693,0.8201033473014832,109.38629150390624,0.007497313749522232,Rule-based baseline,"(80.0, 160.0]","(80, 160]"
694,0.8205171227455136,138.29971313476562,0.005932890995558059,Rule-based baseline,"(80.0, 160.0]","(80, 160]"
695,0.8201485872268676,114.35638427734376,0.0071718653261876085,Rule-based baseline,"(80.0, 160.0]","(80, 160]"
696,0.820506989955902,141.8462677001953,0.00578448064414438,Rule-based baseline,"(80.0, 160.0]","(80, 160]"
697,0.8200318217277524,116.8662338256836,0.007016841348296574,Rule-based baseline,"(80.0, 160.0]","(80, 160]"
698,0.820551872253418,140.93630981445312,0.005822146708209539,Rule-based baseline,"(80.0, 160.0]","(80, 160]"
699,0.8203940987586972,110.49284362792967,0.007424861844639169,Rule-based baseline,"(80.0, 160.0]","(80, 160]"
700,0.8203352093696592,145.0293731689453,0.005656338377840518,Rule-based baseline,"(80.0, 160.0]","(80, 160]"
701,0.8205792307853697,131.78839111328125,0.006226490997071396,Rule-based baseline,"(80.0, 160.0]","(80, 160]"
702,0.820502698421478,127.61009979248048,0.006429763002738649,Rule-based baseline,"(80.0, 160.0]","(80, 160]"
703,0.8204936385154724,147.58560180664062,0.005559442306509294,Rule-based baseline,"(80.0, 160.0]","(80, 160]"
704,0.8208222389221188,140.54840087890625,0.005840139295710117,Rule-based baseline,"(80.0, 160.0]","(80, 160]"
705,0.8205760717391968,139.7394256591797,0.0058721872361244525,Rule-based baseline,"(80.0, 160.0]","(80, 160]"
706,0.8204068541526792,174.7187957763672,0.004695584413269228,Rule-based baseline,"(160.0, 240.0]","(160, 240]"
707,0.8207228183746336,147.28651428222656,0.005572287608096869,Rule-based baseline,"(80.0, 160.0]","(80, 160]"
708,0.8208337426185608,132.7748260498047,0.0061821488834838375,Rule-based baseline,"(80.0, 160.0]","(80, 160]"
709,0.8210389614105223,162.74534606933594,0.005044930507940469,Rule-based baseline,"(160.0, 240.0]","(160, 240]"
710,0.821064472198486,176.2069549560547,0.004659659843751662,Rule-based baseline,"(160.0, 240.0]","(160, 240]"
711,0.8211606144905088,205.0675811767578,0.004004341445772992,Rule-based baseline,"(160.0, 240.0]","(160, 240]"
712,0.8212704062461852,208.96588134765625,0.003930165063069979,Rule-based baseline,"(160.0, 240.0]","(160, 240]"
713,0.8211338520050048,224.3419189453125,0.003660189124998843,Rule-based baseline,"(160.0, 240.0]","(160, 240]"
714,0.8208032250404356,243.28746032714844,0.003373799964604432,Rule-based baseline,"(240.0, 320.0]","(240, 320]"
715,0.8210242986679076,219.95462036132807,0.003732698578093876,Rule-based baseline,"(160.0, 240.0]","(160, 240]"
716,0.8211065530776976,172.2783966064453,0.004766160872471101,Rule-based baseline,"(160.0, 240.0]","(160, 240]"
717,0.821033716201782,202.85797119140625,0.00404733277859265,Rule-based baseline,"(160.0, 240.0]","(160, 240]"
718,0.8207669854164124,215.56173706054688,0.0038075727010210337,Rule-based baseline,"(160.0, 240.0]","(160, 240]"
719,0.8196187019348145,204.2757873535156,0.00401231449186094,Rule-based baseline,"(160.0, 240.0]","(160, 240]"
0,1.5355435609817505,160.6437530517578,0.009558688288906035,Static USR (k=1),"(160.0, 240.0]","(160, 240]"
1,1.4650417566299436,175.68780517578125,0.0083388927032478,Static USR (k=1),"(160.0, 240.0]","(160, 240]"
2,1.454574465751648,167.81863403320312,0.008667538465745458,Static USR (k=1),"(160.0, 240.0]","(160, 240]"
3,1.6137707233428955,160.0994415283203,0.010079802327464287,Static USR (k=1),"(160.0, 240.0]","(160, 240]"
4,1.4251188039779663,158.98829650878906,0.008963671133486131,Static USR (k=1),"(80.0, 160.0]","(80, 160]"
5,1.3794500827789304,176.3783721923828,0.00782097070991397,Static USR (k=1),"(160.0, 240.0]","(160, 240]"
6,1.7573128938674925,155.8834228515625,0.011273250623582122,Static USR (k=1),"(80.0, 160.0]","(80, 160]"
7,1.566572904586792,151.2222137451172,0.010359409942425705,Static USR (k=1),"(80.0, 160.0]","(80, 160]"
8,2.339320182800293,193.24801635742188,0.012105273973284172,Static USR (k=1),"(160.0, 240.0]","(160, 240]"
9,1.8674763441085815,171.16561889648438,0.010910347277381523,Static USR (k=1),"(160.0, 240.0]","(160, 240]"
10,1.91768741607666,263.7792663574219,0.0072700460599438715,Static USR (k=1),"(240.0, 320.0]","(240, 320]"
11,2.0705409049987793,205.6524810791016,0.010068154267501262,Static USR (k=1),"(160.0, 240.0]","(160, 240]"
12,2.4372007846832275,211.1239013671875,0.011543935901622235,Static USR (k=1),"(160.0, 240.0]","(160, 240]"
13,2.088602304458618,228.6915435791016,0.009132835747974199,Static USR (k=1),"(160.0, 240.0]","(160, 240]"
14,1.9749715328216553,277.73150634765625,0.00711108206193014,Static USR (k=1),"(240.0, 320.0]","(240, 320]"
15,1.8018950223922727,230.9044647216797,0.007803638723764756,Static USR (k=1),"(160.0, 240.0]","(160, 240]"
16,2.0503923892974854,217.4733123779297,0.009428248307241812,Static USR (k=1),"(160.0, 240.0]","(160, 240]"
17,2.1094882488250732,198.65396118164065,0.010618908559775698,Static USR (k=1),"(160.0, 240.0]","(160, 240]"
18,1.7975949048995972,226.23712158203125,0.00794562312466395,Static USR (k=1),"(160.0, 240.0]","(160, 240]"
19,1.7337316274642944,233.5007476806641,0.007424951074826313,Static USR (k=1),"(160.0, 240.0]","(160, 240]"
20,1.8393019437789917,198.1498107910156,0.009282380520256284,Static USR (k=1),"(160.0, 240.0]","(160, 240]"
21,1.860345482826233,190.3638458251953,0.009772577743226124,Static USR (k=1),"(160.0, 240.0]","(160, 240]"
22,2.031702756881714,202.6382293701172,0.010026255969552637,Static USR (k=1),"(160.0, 240.0]","(160, 240]"
23,1.8736172914505005,204.8867034912109,0.009144650480117046,Static USR (k=1),"(160.0, 240.0]","(160, 240]"
24,1.9991806745529173,224.0075836181641,0.008924611579046603,Static USR (k=1),"(160.0, 240.0]","(160, 240]"
25,1.964188814163208,206.3332672119141,0.009519496495666366,Static USR (k=1),"(160.0, 240.0]","(160, 240]"
26,2.0816612243652344,220.22344970703125,0.00945249575889634,Static USR (k=1),"(160.0, 240.0]","(160, 240]"
27,2.1113181114196777,216.26312255859372,0.0097627283211341,Static USR (k=1),"(160.0, 240.0]","(160, 240]"
28,2.001004934310913,230.0411529541016,0.00869846507294353,Static USR (k=1),"(160.0, 240.0]","(160, 240]"
29,1.981940984725952,233.7275848388672,0.008479705063877295,Static USR (k=1),"(160.0, 240.0]","(160, 240]"
30,1.9049649238586424,220.42495727539065,0.008642237918089515,Static USR (k=1),"(160.0, 240.0]","(160, 240]"
31,2.1829257011413574,218.26634216308597,0.01000120164890243,Static USR (k=1),"(160.0, 240.0]","(160, 240]"
32,2.1200966835021973,209.71397399902344,0.010109467877005038,Static USR (k=1),"(160.0, 240.0]","(160, 240]"
33,2.24504017829895,242.8209991455078,0.00924565909126185,Static USR (k=1),"(240.0, 320.0]","(240, 320]"
34,2.249002456665039,234.80870056152344,0.009578020112912155,Static USR (k=1),"(160.0, 240.0]","(160, 240]"
35,2.3875932693481445,250.99388122558597,0.009512555675420014,Static USR (k=1),"(240.0, 320.0]","(240, 320]"
36,2.7268786430358887,251.533203125,0.01084102857657627,Static USR (k=1),"(240.0, 320.0]","(240, 320]"
37,2.952136993408203,270.5760803222656,0.010910561605786085,Static USR (k=1),"(240.0, 320.0]","(240, 320]"
38,2.7810704708099365,323.4707946777344,0.008597593713462278,Static USR (k=1),"(320.0, 400.0]","(320, 400]"
39,2.9602975845336914,364.17913818359375,0.008128685237981192,Static USR (k=1),"(320.0, 400.0]","(320, 400]"
40,2.6005961894989014,332.8104858398437,0.007814045230384868,Static USR (k=1),"(320.0, 400.0]","(320, 400]"
41,2.7760884761810303,365.72552490234375,0.007590633650528776,Static USR (k=1),"(320.0, 400.0]","(320, 400]"
42,2.799602746963501,302.66680908203125,0.009249784459202891,Static USR (k=1),"(240.0, 320.0]","(240, 320]"
43,2.6416594982147217,331.9556579589844,0.00795786857334156,Static USR (k=1),"(320.0, 400.0]","(320, 400]"
44,2.553201198577881,336.0888366699219,0.007596804535002809,Static USR (k=1),"(320.0, 400.0]","(320, 400]"
45,2.423011302947998,309.2767333984375,0.007834444176654121,Static USR (k=1),"(240.0, 320.0]","(240, 320]"
46,2.1921873092651367,295.2187194824219,0.007425637890132728,Static USR (k=1),"(240.0, 320.0]","(240, 320]"
47,1.469099521636963,275.6679992675781,0.005329234896833187,Static USR (k=1),"(240.0, 320.0]","(240, 320]"
48,1.470755100250244,244.02870178222656,0.006026975882381078,Static USR (k=1),"(240.0, 320.0]","(240, 320]"
49,1.4364123344421384,160.5314483642578,0.008947856317740383,Static USR (k=1),"(160.0, 240.0]","(160, 240]"
50,1.4093096256256104,160.71133422851562,0.008769198715142963,Static USR (k=1),"(160.0, 240.0]","(160, 240]"
51,1.2464144229888916,157.07009887695312,0.007935402294266829,Static USR (k=1),"(80.0, 160.0]","(80, 160]"
52,1.1562575101852417,154.24400329589844,0.0074962882541832225,Static USR (k=1),"(80.0, 160.0]","(80, 160]"
53,0.8908700942993164,136.81112670898438,0.006511678660422969,Static USR (k=1),"(80.0, 160.0]","(80, 160]"
54,0.7566818594932556,126.43498229980467,0.0059847507843912955,Static USR (k=1),"(80.0, 160.0]","(80, 160]"
55,0.7723178863525388,98.24469757080078,0.007861166103096425,Static USR (k=1),"(80.0, 160.0]","(80, 160]"
56,0.6044563055038452,83.8802261352539,0.0072061835471113386,Static USR (k=1),"(80.0, 160.0]","(80, 160]"
57,0.5740040540695188,85.43559265136719,0.0067185588143787904,Static USR (k=1),"(80.0, 160.0]","(80, 160]"
58,0.57140839099884,65.63836669921875,0.008705402339111542,Static USR (k=1),"(-0.001, 80.0]","[0, 80]"
59,0.600111961364746,62.17499923706055,0.009651981805044209,Static USR (k=1),"(-0.001, 80.0]","[0, 80]"
60,0.3097977340221404,61.91144561767578,0.005003884676433606,Static USR (k=1),"(-0.001, 80.0]","[0, 80]"
61,0.3234890401363372,65.12913513183594,0.004966886777807245,Static USR (k=1),"(-0.001, 80.0]","[0, 80]"
62,0.2311158925294876,38.7056884765625,0.005971109199347674,Static USR (k=1),"(-0.001, 80.0]","[0, 80]"
63,0.228101089596748,40.42182922363281,0.005643017497668997,Static USR (k=1),"(-0.001, 80.0]","[0, 80]"
64,0.236029341816902,30.927318572998047,0.007631742831497004,Static USR (k=1),"(-0.001, 80.0]","[0, 80]"
65,0.2478347569704052,30.07522773742676,0.008240494773111565,Static USR (k=1),"(-0.001, 80.0]","[0, 80]"
66,0.199914053082466,24.107799530029297,0.008292505204941989,Static USR (k=1),"(-0.001, 80.0]","[0, 80]"
67,0.2216492444276808,24.730207443237305,0.008962692485957807,Static USR (k=1),"(-0.001, 80.0]","[0, 80]"
68,0.2486069947481152,21.12433242797852,0.0117687503543943,Static USR (k=1),"(-0.001, 80.0]","[0, 80]"
69,0.3460927903652188,23.100521087646484,0.014982033913957879,Static USR (k=1),"(-0.001, 80.0]","[0, 80]"
70,0.3101455867290496,32.19617462158203,0.009632994924842719,Static USR (k=1),"(-0.001, 80.0]","[0, 80]"
71,0.2307456284761428,42.09807586669922,0.0054811442975869875,Static USR (k=1),"(-0.001, 80.0]","[0, 80]"
72,0.2819590270519256,39.22251129150391,0.0071887040826221,Static USR (k=1),"(-0.001, 80.0]","[0, 80]"
73,0.2441434413194656,27.16486549377441,0.008987471017495667,Static USR (k=1),"(-0.001, 80.0]","[0, 80]"
74,0.227364972233772,34.475303649902344,0.00659500999737869,Static USR (k=1),"(-0.001, 80.0]","[0, 80]"
75,0.4283926784992216,25.935060501098636,0.016517897788635365,Static USR (k=1),"(-0.001, 80.0]","[0, 80]"
76,0.6425275206565856,29.580711364746094,0.02172116528010011,Static USR (k=1),"(-0.001, 80.0]","[0, 80]"
77,0.8158445954322812,47.99835968017578,0.016997343260653972,Static USR (k=1),"(-0.001, 80.0]","[0, 80]"
78,0.748926281929016,70.49388122558594,0.010623989896830808,Static USR (k=1),"(-0.001, 80.0]","[0, 80]"
79,0.8793210983276364,90.06549072265625,0.009763130043174688,Static USR (k=1),"(80.0, 160.0]","(80, 160]"
80,0.7240444421768188,83.12713623046875,0.00871008523822373,Static USR (k=1),"(80.0, 160.0]","(80, 160]"
81,0.8811635375022888,97.02323150634766,0.009081985044423506,Static USR (k=1),"(80.0, 160.0]","(80, 160]"
82,0.8397825360298156,80.49644470214844,0.010432541948121616,Static USR (k=1),"(80.0, 160.0]","(80, 160]"
83,0.9262457489967344,97.22684478759766,0.009526646174934674,Static USR (k=1),"(80.0, 160.0]","(80, 160]"
84,1.0911128520965576,92.72699737548828,0.011766938248611785,Static USR (k=1),"(80.0, 160.0]","(80, 160]"
85,0.8036735653877256,101.9574966430664,0.007882437210097775,Static USR (k=1),"(80.0, 160.0]","(80, 160]"
86,0.6329033970832824,119.3082275390625,0.005304775790722937,Static USR (k=1),"(80.0, 160.0]","(80, 160]"
87,0.7523092627525328,88.71131134033203,0.008480420945040187,Static USR (k=1),"(80.0, 160.0]","(80, 160]"
88,0.70619398355484,69.21646881103516,0.010202687246048179,Static USR (k=1),"(-0.001, 80.0]","[0, 80]"
89,0.8029161691665648,83.45687866210938,0.009620730873692505,Static USR (k=1),"(80.0, 160.0]","(80, 160]"
90,0.676256477832794,78.56983184814453,0.008607075539372738,Static USR (k=1),"(-0.001, 80.0]","[0, 80]"
91,0.6817345023155212,88.63238525390625,0.007691708852949723,Static USR (k=1),"(80.0, 160.0]","(80, 160]"
92,0.7308509349822996,75.12908935546875,0.009727935494124287,Static USR (k=1),"(-0.001, 80.0]","[0, 80]"
93,0.8657737970352172,75.8048324584961,0.011421089776951054,Static USR (k=1),"(-0.001, 80.0]","[0, 80]"
94,0.89883953332901,81.22835540771484,0.011065588227379533,Static USR (k=1),"(80.0, 160.0]","(80, 160]"
95,0.837134540081024,95.57491302490234,0.008758935933982026,Static USR (k=1),"(80.0, 160.0]","(80, 160]"
96,1.31673002243042,99.05850982666016,0.013292447309519704,Static USR (k=1),"(80.0, 160.0]","(80, 160]"
97,1.5836720466613767,92.4367218017578,0.017132499030609948,Static USR (k=1),"(80.0, 160.0]","(80, 160]"
98,1.6771198511123655,144.76991271972656,0.011584726547146965,Static USR (k=1),"(80.0, 160.0]","(80, 160]"
99,1.8599432706832884,173.03965759277344,0.010748653207927778,Static USR (k=1),"(160.0, 240.0]","(160, 240]"
100,2.1868538856506348,183.64317321777344,0.011908168691124455,Static USR (k=1),"(160.0, 240.0]","(160, 240]"
101,1.862359285354614,204.8489990234375,0.009091376058623235,Static USR (k=1),"(160.0, 240.0]","(160, 240]"
102,1.6545504331588743,243.32659912109372,0.006799710508983327,Static USR (k=1),"(240.0, 320.0]","(240, 320]"
103,1.3560664653778076,205.1043701171875,0.006611592257166493,Static USR (k=1),"(160.0, 240.0]","(160, 240]"
104,1.3147761821746824,181.0352020263672,0.0072625443419738304,Static USR (k=1),"(160.0, 240.0]","(160, 240]"
105,1.4303992986679075,148.88189697265625,0.009607610648127459,Static USR (k=1),"(80.0, 160.0]","(80, 160]"
106,1.2396857738494873,144.54718017578125,0.008576340073475854,Static USR (k=1),"(80.0, 160.0]","(80, 160]"
107,1.1953264474868772,156.44606018066406,0.007640502075325599,Static USR (k=1),"(80.0, 160.0]","(80, 160]"
108,0.98476904630661,136.0037384033203,0.007240749834289617,Static USR (k=1),"(80.0, 160.0]","(80, 160]"
109,0.9196066856384276,130.83181762695312,0.007028922339522525,Static USR (k=1),"(80.0, 160.0]","(80, 160]"
110,1.0011128187179563,107.83934020996094,0.00928337299513156,Static USR (k=1),"(80.0, 160.0]","(80, 160]"
111,0.9616487622261044,101.242431640625,0.009498475556569196,Static USR (k=1),"(80.0, 160.0]","(80, 160]"
112,1.0483369827270508,109.5398178100586,0.009570373620164871,Static USR (k=1),"(80.0, 160.0]","(80, 160]"
113,1.0239406824111936,105.47917175292967,0.00970751538331788,Static USR (k=1),"(80.0, 160.0]","(80, 160]"
114,1.1549901962280271,114.6247787475586,0.010076269798275422,Static USR (k=1),"(80.0, 160.0]","(80, 160]"
115,1.0937559604644775,111.96395111083984,0.009768822461273297,Static USR (k=1),"(80.0, 160.0]","(80, 160]"
116,1.402334213256836,126.2999267578125,0.011103206860490853,Static USR (k=1),"(80.0, 160.0]","(80, 160]"
117,1.5381672382354736,119.59820556640624,0.012861123049052896,Static USR (k=1),"(80.0, 160.0]","(80, 160]"
118,1.2732058763504028,153.53518676757812,0.008292599912473383,Static USR (k=1),"(80.0, 160.0]","(80, 160]"
119,1.615633964538574,168.0965118408203,0.009611347355431774,Static USR (k=1),"(160.0, 240.0]","(160, 240]"
120,1.471052885055542,139.9558563232422,0.010510834799638514,Static USR (k=1),"(80.0, 160.0]","(80, 160]"
121,1.950188875198364,176.59170532226562,0.011043490811980248,Static USR (k=1),"(160.0, 240.0]","(160, 240]"
122,1.954410433769226,160.74717712402344,0.01215828774561505,Static USR (k=1),"(160.0, 240.0]","(160, 240]"
123,1.5082926750183103,214.6936492919922,0.007025325061976893,Static USR (k=1),"(160.0, 240.0]","(160, 240]"
124,1.6087394952774048,215.1798248291016,0.007476256180406714,Static USR (k=1),"(160.0, 240.0]","(160, 240]"
125,1.7259377241134644,164.7841339111328,0.010473931458985324,Static USR (k=1),"(160.0, 240.0]","(160, 240]"
126,1.5532023906707764,175.8147735595703,0.008834311015078113,Static USR (k=1),"(160.0, 240.0]","(160, 240]"
127,1.7108874320983884,189.42034912109372,0.009032226157521453,Static USR (k=1),"(160.0, 240.0]","(160, 240]"
128,1.7136757373809812,169.7100830078125,0.010097666013763561,Static USR (k=1),"(160.0, 240.0]","(160, 240]"
129,1.512684106826782,187.6143341064453,0.00806273206165869,Static USR (k=1),"(160.0, 240.0]","(160, 240]"
130,1.9621722698211668,187.94610595703125,0.01044007940377208,Static USR (k=1),"(160.0, 240.0]","(160, 240]"
131,2.091186761856079,165.27438354492188,0.012652818404176295,Static USR (k=1),"(160.0, 240.0]","(160, 240]"
132,2.0318105220794678,216.0363311767578,0.00940494828352306,Static USR (k=1),"(160.0, 240.0]","(160, 240]"
133,2.431964874267578,231.2188873291016,0.010518019969562784,Static USR (k=1),"(160.0, 240.0]","(160, 240]"
134,2.578036069869995,224.0286102294922,0.011507619795655056,Static USR (k=1),"(160.0, 240.0]","(160, 240]"
135,2.5244131088256836,276.9537658691406,0.009114926099320336,Static USR (k=1),"(240.0, 320.0]","(240, 320]"
136,2.702134847640991,299.0990600585937,0.00903424720596461,Static USR (k=1),"(240.0, 320.0]","(240, 320]"
137,2.626267671585083,290.7749938964844,0.009031958478933136,Static USR (k=1),"(240.0, 320.0]","(240, 320]"
138,2.7571892738342285,319.28912353515625,0.008635399926269773,Static USR (k=1),"(240.0, 320.0]","(240, 320]"
139,2.3508689403533936,306.7967224121094,0.007662627298852147,Static USR (k=1),"(240.0, 320.0]","(240, 320]"
140,2.15781569480896,328.66424560546875,0.006565410517453181,Static USR (k=1),"(320.0, 400.0]","(320, 400]"
141,2.1710429191589355,265.4051818847656,0.008180107501071947,Static USR (k=1),"(240.0, 320.0]","(240, 320]"
142,1.7702316045761108,239.5912628173828,0.007388548245707051,Static USR (k=1),"(160.0, 240.0]","(160, 240]"
143,1.4169330596923828,241.27301025390625,0.005872737519216335,Static USR (k=1),"(240.0, 320.0]","(240, 320]"
144,1.4893482923507688,194.81544494628903,0.007644918978376611,Static USR (k=1),"(160.0, 240.0]","(160, 240]"
145,1.3712139129638672,155.0421600341797,0.00884413576708153,Static USR (k=1),"(80.0, 160.0]","(80, 160]"
146,1.2791092395782468,162.7118682861328,0.00786119201414922,Static USR (k=1),"(160.0, 240.0]","(160, 240]"
147,1.2351292371749876,150.38388061523438,0.008213175721506583,Static USR (k=1),"(80.0, 160.0]","(80, 160]"
148,1.0912868976593015,140.64842224121094,0.007758970063579903,Static USR (k=1),"(80.0, 160.0]","(80, 160]"
149,0.7508863806724548,135.4528045654297,0.00554352774814451,Static USR (k=1),"(80.0, 160.0]","(80, 160]"
150,0.7232789397239684,119.32405090332033,0.006061468197304072,Static USR (k=1),"(80.0, 160.0]","(80, 160]"
151,0.6716905832290648,83.3116683959961,0.008062383051031852,Static USR (k=1),"(80.0, 160.0]","(80, 160]"
152,0.5054034590721128,80.40553283691406,0.006285680117277735,Static USR (k=1),"(80.0, 160.0]","(80, 160]"
153,0.5473094582557676,74.48958587646484,0.00734746276027682,Static USR (k=1),"(-0.001, 80.0]","[0, 80]"
154,0.4934902489185332,54.76216506958008,0.009011518231456172,Static USR (k=1),"(-0.001, 80.0]","[0, 80]"
155,0.5085023641586304,59.2230224609375,0.008586227838912306,Static USR (k=1),"(-0.001, 80.0]","[0, 80]"
156,0.4646859467029568,53.61891555786133,0.008666455519815656,Static USR (k=1),"(-0.001, 80.0]","[0, 80]"
157,0.4526638090610504,55.065425872802734,0.008220472317905467,Static USR (k=1),"(-0.001, 80.0]","[0, 80]"
158,0.2680957019329068,50.95166015625,0.00526176578173814,Static USR (k=1),"(-0.001, 80.0]","[0, 80]"
159,0.3023274838924408,49.90972518920898,0.006057486446705727,Static USR (k=1),"(-0.001, 80.0]","[0, 80]"
160,0.854276359081268,33.689598083496094,0.02535727368916764,Static USR (k=1),"(-0.001, 80.0]","[0, 80]"
161,0.636447548866272,36.130592346191406,0.01761519829976884,Static USR (k=1),"(-0.001, 80.0]","[0, 80]"
162,0.3225443065166472,94.31413269042967,0.003419893682056588,Static USR (k=1),"(80.0, 160.0]","(80, 160]"
163,0.4257221519947052,69.67963409423828,0.006109707054703199,Static USR (k=1),"(-0.001, 80.0]","[0, 80]"
164,0.2276145964860916,40.35557174682617,0.005640227275530862,Static USR (k=1),"(-0.001, 80.0]","[0, 80]"
165,0.2283230572938916,47.79618835449219,0.004777013924216665,Static USR (k=1),"(-0.001, 80.0]","[0, 80]"
166,0.2252249270677564,29.732046127319336,0.007575157326989619,Static USR (k=1),"(-0.001, 80.0]","[0, 80]"
167,0.2173538953065872,27.38720703125,0.00793632936204765,Static USR (k=1),"(-0.001, 80.0]","[0, 80]"
168,0.3095433413982388,23.44199562072754,0.013204649740849662,Static USR (k=1),"(-0.001, 80.0]","[0, 80]"
169,0.236428454518318,22.69793128967285,0.01041629968392268,Static USR (k=1),"(-0.001, 80.0]","[0, 80]"
170,0.2252168208360672,38.34646224975586,0.005873209877072847,Static USR (k=1),"(-0.001, 80.0]","[0, 80]"
171,0.4050919711589812,26.63479423522949,0.015209127113254416,Static USR (k=1),"(-0.001, 80.0]","[0, 80]"
172,0.4212311804294584,28.0002384185791,0.015043842632066923,Static USR (k=1),"(-0.001, 80.0]","[0, 80]"
173,0.768496751785278,46.25689315795898,0.016613669862370558,Static USR (k=1),"(-0.001, 80.0]","[0, 80]"
174,0.7732489705085752,47.45170211791992,0.016295494913691647,Static USR (k=1),"(-0.001, 80.0]","[0, 80]"
175,0.6295694708824155,85.04790496826172,0.00740252768269082,Static USR (k=1),"(80.0, 160.0]","(80, 160]"
176,0.7916592359542844,85.52470397949219,0.009256497820139957,Static USR (k=1),"(80.0, 160.0]","(80, 160]"
177,0.7771210074424744,68.78471374511719,0.011297873686326705,Static USR (k=1),"(-0.001, 80.0]","[0, 80]"
178,0.8067576885223388,87.43982696533203,0.009226432811242873,Static USR (k=1),"(80.0, 160.0]","(80, 160]"
179,0.9611777663230896,85.92961883544922,0.011185639821860438,Static USR (k=1),"(80.0, 160.0]","(80, 160]"
180,0.7114469408988952,89.05438995361328,0.007988903649437992,Static USR (k=1),"(80.0, 160.0]","(80, 160]"
181,0.4997744262218472,105.4351806640625,0.004740110682924973,Static USR (k=1),"(80.0, 160.0]","(80, 160]"
182,0.5642231106758115,79.13188934326172,0.007130160992723177,Static USR (k=1),"(-0.001, 80.0]","[0, 80]"
183,0.6430106759071348,54.21966171264648,0.011859363478049063,Static USR (k=1),"(-0.001, 80.0]","[0, 80]"
184,0.6080366373062132,61.173770904541016,0.009939499042081738,Static USR (k=1),"(-0.001, 80.0]","[0, 80]"
185,0.5572758316993712,70.55815124511719,0.007898107048800208,Static USR (k=1),"(-0.001, 80.0]","[0, 80]"
186,0.6791856288909912,66.0616455078125,0.01028108857522585,Static USR (k=1),"(-0.001, 80.0]","[0, 80]"
187,0.6338673830032348,60.3840446472168,0.010497266069315064,Static USR (k=1),"(-0.001, 80.0]","[0, 80]"
188,0.5581344366073608,75.49118041992188,0.00739337275563479,Static USR (k=1),"(-0.001, 80.0]","[0, 80]"
189,0.774092137813568,69.34428405761719,0.01116302732566084,Static USR (k=1),"(-0.001, 80.0]","[0, 80]"
190,0.8995175957679749,60.4849853515625,0.014871750245777943,Static USR (k=1),"(-0.001, 80.0]","[0, 80]"
191,0.8743956089019772,85.60704803466797,0.01021406097951043,Static USR (k=1),"(80.0, 160.0]","(80, 160]"
192,1.2449088096618652,99.12348175048828,0.012559171527040643,Static USR (k=1),"(80.0, 160.0]","(80, 160]"
193,1.5125467777252195,96.50794219970705,0.015672769963276774,Static USR (k=1),"(80.0, 160.0]","(80, 160]"
194,1.8258112668991089,136.62521362304688,0.01336364803012552,Static USR (k=1),"(80.0, 160.0]","(80, 160]"
195,1.7044218778610227,165.25746154785156,0.010313736286984503,Static USR (k=1),"(160.0, 240.0]","(160, 240]"
196,1.6878298521041868,201.201171875,0.008388767502570922,Static USR (k=1),"(160.0, 240.0]","(160, 240]"
197,1.7836817502975464,186.8415679931641,0.009546493157040972,Static USR (k=1),"(160.0, 240.0]","(160, 240]"
198,1.5228906869888303,184.8816070556641,0.008237112989451238,Static USR (k=1),"(160.0, 240.0]","(160, 240]"
199,1.4617059230804443,196.5148468017578,0.007438144989396137,Static USR (k=1),"(160.0, 240.0]","(160, 240]"
200,1.2924505472183228,166.40164184570312,0.007767054055973528,Static USR (k=1),"(160.0, 240.0]","(160, 240]"
201,1.4138100147247312,159.748779296875,0.00885020856464465,Static USR (k=1),"(80.0, 160.0]","(80, 160]"
202,1.110494256019592,142.14773559570312,0.0078122542815459405,Static USR (k=1),"(80.0, 160.0]","(80, 160]"
203,0.8824883103370664,154.7196044921875,0.005703791146787912,Static USR (k=1),"(80.0, 160.0]","(80, 160]"
204,0.8449314236640928,121.4508819580078,0.0069569805508389124,Static USR (k=1),"(80.0, 160.0]","(80, 160]"
205,1.045379400253296,97.3636703491211,0.0107368528374581,Static USR (k=1),"(80.0, 160.0]","(80, 160]"
206,0.9099818468093872,93.29705810546876,0.009753596365071742,Static USR (k=1),"(80.0, 160.0]","(80, 160]"
207,1.1155042648315427,114.29834747314452,0.009759583489110733,Static USR (k=1),"(80.0, 160.0]","(80, 160]"
208,1.2022044658660889,100.2348175048828,0.011993880926730127,Static USR (k=1),"(80.0, 160.0]","(80, 160]"
209,1.0692018270492551,122.0044403076172,0.008763630441264365,Static USR (k=1),"(80.0, 160.0]","(80, 160]"
210,1.0848593711853027,131.6180877685547,0.008242479355063918,Static USR (k=1),"(80.0, 160.0]","(80, 160]"
211,1.239570379257202,116.93319702148438,0.010600671245048172,Static USR (k=1),"(80.0, 160.0]","(80, 160]"
212,1.3378988504409788,118.62008666992188,0.01127885578235904,Static USR (k=1),"(80.0, 160.0]","(80, 160]"
213,1.2641029357910156,135.99227905273438,0.009295402243393747,Static USR (k=1),"(80.0, 160.0]","(80, 160]"
214,1.2216399908065796,147.06065368652344,0.008307048555697602,Static USR (k=1),"(80.0, 160.0]","(80, 160]"
215,1.3970704078674316,138.88687133789062,0.010059053058143788,Static USR (k=1),"(80.0, 160.0]","(80, 160]"
216,1.4302154779434204,133.8757781982422,0.01068315342171583,Static USR (k=1),"(80.0, 160.0]","(80, 160]"
217,1.5511212348937988,152.9968719482422,0.01013825456129935,Static USR (k=1),"(80.0, 160.0]","(80, 160]"
218,1.4988980293273924,156.42881774902344,0.009581981446233552,Static USR (k=1),"(80.0, 160.0]","(80, 160]"
219,1.4514753818511963,169.4835662841797,0.008564106914162114,Static USR (k=1),"(160.0, 240.0]","(160, 240]"
220,1.2516247034072876,163.75152587890625,0.007643438414936422,Static USR (k=1),"(160.0, 240.0]","(160, 240]"
221,1.390852928161621,158.65945434570312,0.00876627827756858,Static USR (k=1),"(80.0, 160.0]","(80, 160]"
222,1.1614311933517456,137.4329833984375,0.008450891224449327,Static USR (k=1),"(80.0, 160.0]","(80, 160]"
223,1.395285964012146,152.3700714111328,0.009157218022477086,Static USR (k=1),"(80.0, 160.0]","(80, 160]"
224,1.6173096895217896,127.01263427734376,0.012733455208796356,Static USR (k=1),"(80.0, 160.0]","(80, 160]"
225,1.7543565034866333,152.820556640625,0.01147984631159408,Static USR (k=1),"(80.0, 160.0]","(80, 160]"
226,1.6752424240112305,176.77700805664062,0.009476585458865051,Static USR (k=1),"(160.0, 240.0]","(160, 240]"
227,1.688584804534912,192.86590576171875,0.008755227098671959,Static USR (k=1),"(160.0, 240.0]","(160, 240]"
228,1.7073878049850464,183.42355346679688,0.009308443614326313,Static USR (k=1),"(160.0, 240.0]","(160, 240]"
229,1.4594485759735107,184.990478515625,0.007889317264781497,Static USR (k=1),"(160.0, 240.0]","(160, 240]"
230,1.574081778526306,187.21275329589844,0.008407983702041905,Static USR (k=1),"(160.0, 240.0]","(160, 240]"
231,1.764665603637695,159.4888916015625,0.011064504780973766,Static USR (k=1),"(80.0, 160.0]","(80, 160]"
232,2.0669188499450684,171.99127197265625,0.012017579882040027,Static USR (k=1),"(160.0, 240.0]","(160, 240]"
233,2.172797918319702,194.13833618164065,0.011192008549443725,Static USR (k=1),"(160.0, 240.0]","(160, 240]"
234,2.1970133781433105,228.26318359375,0.009624913415969136,Static USR (k=1),"(160.0, 240.0]","(160, 240]"
235,2.2344322204589844,241.51046752929688,0.009251906318254849,Static USR (k=1),"(240.0, 320.0]","(240, 320]"
236,2.216768264770508,244.6593475341797,0.009060631801369528,Static USR (k=1),"(240.0, 320.0]","(240, 320]"
237,2.3481528759002686,249.58541870117188,0.009408213380893485,Static USR (k=1),"(240.0, 320.0]","(240, 320]"
238,2.163411855697632,247.23959350585935,0.008750264571383714,Static USR (k=1),"(240.0, 320.0]","(240, 320]"
239,1.4504289627075195,265.0201416015625,0.005472900866863653,Static USR (k=1),"(240.0, 320.0]","(240, 320]"
240,1.4168268442153928,240.3233795166016,0.005895501499127005,Static USR (k=1),"(240.0, 320.0]","(240, 320]"
241,1.317506432533264,158.54978942871094,0.008309733095707813,Static USR (k=1),"(80.0, 160.0]","(80, 160]"
242,1.2608114480972288,155.03573608398438,0.008132392440245098,Static USR (k=1),"(80.0, 160.0]","(80, 160]"
243,1.2140395641326904,144.84698486328125,0.00838153148495706,Static USR (k=1),"(80.0, 160.0]","(80, 160]"
244,1.4271556138992307,138.514404296875,0.010303301098133,Static USR (k=1),"(80.0, 160.0]","(80, 160]"
245,1.302734136581421,132.9854736328125,0.009796063442074981,Static USR (k=1),"(80.0, 160.0]","(80, 160]"
246,1.0092926025390625,156.1044464111328,0.006465495543162718,Static USR (k=1),"(80.0, 160.0]","(80, 160]"
247,0.8819696307182312,143.25057983398438,0.0061568311398136144,Static USR (k=1),"(80.0, 160.0]","(80, 160]"
248,0.7847858667373656,110.40299224853516,0.007108374970224399,Static USR (k=1),"(80.0, 160.0]","(80, 160]"
249,0.7568825483322144,97.31256103515624,0.007777850467410619,Static USR (k=1),"(80.0, 160.0]","(80, 160]"
250,0.6655336022377012,86.71900939941406,0.007674598762681416,Static USR (k=1),"(80.0, 160.0]","(80, 160]"
251,0.6443406939506529,83.89701080322266,0.007680138872431703,Static USR (k=1),"(80.0, 160.0]","(80, 160]"
252,0.6258313059806824,73.62907409667969,0.008499785087055772,Static USR (k=1),"(-0.001, 80.0]","[0, 80]"
253,0.6301015615463256,70.73995971679688,0.008907293191414001,Static USR (k=1),"(-0.001, 80.0]","[0, 80]"
254,0.5787548422813416,68.29297637939453,0.00847458806109327,Static USR (k=1),"(-0.001, 80.0]","[0, 80]"
255,0.4586779177188872,68.8512954711914,0.006661863289279809,Static USR (k=1),"(-0.001, 80.0]","[0, 80]"
256,0.3633593022823332,62.69630813598633,0.005795545432981768,Static USR (k=1),"(-0.001, 80.0]","[0, 80]"
257,0.489883869886398,50.40756607055664,0.009718459113869853,Static USR (k=1),"(-0.001, 80.0]","[0, 80]"
258,0.294767826795578,43.28965759277344,0.006809197466250809,Static USR (k=1),"(-0.001, 80.0]","[0, 80]"
259,0.4212523996829984,53.27710723876953,0.007906818172298491,Static USR (k=1),"(-0.001, 80.0]","[0, 80]"
260,0.3091448247432708,35.42388153076172,0.008727017237645535,Static USR (k=1),"(-0.001, 80.0]","[0, 80]"
261,0.2080242186784744,47.45611953735352,0.0043835067153928375,Static USR (k=1),"(-0.001, 80.0]","[0, 80]"
262,0.2481607943773268,37.72016143798828,0.006578996083707162,Static USR (k=1),"(-0.001, 80.0]","[0, 80]"
263,0.1853953152894972,21.843610763549805,0.008487393283845927,Static USR (k=1),"(-0.001, 80.0]","[0, 80]"
264,0.175548270344734,25.453271865844727,0.006896884269731113,Static USR (k=1),"(-0.001, 80.0]","[0, 80]"
265,0.2093921452760696,17.199329376220703,0.012174436612951268,Static USR (k=1),"(-0.001, 80.0]","[0, 80]"
266,0.1392375975847244,16.195720672607422,0.008597184429108081,Static USR (k=1),"(-0.001, 80.0]","[0, 80]"
267,0.1077589616179464,21.965463638305664,0.004905835970155672,Static USR (k=1),"(-0.001, 80.0]","[0, 80]"
268,0.2176086455583572,12.941641807556152,0.01681460890312259,Static USR (k=1),"(-0.001, 80.0]","[0, 80]"
269,0.185778334736824,10.388400077819824,0.01788324798286096,Static USR (k=1),"(-0.001, 80.0]","[0, 80]"
270,0.2107160836458204,22.716663360595703,0.009275837754030737,Static USR (k=1),"(-0.001, 80.0]","[0, 80]"
271,0.22853846848011,17.236968994140625,0.013258622705523068,Static USR (k=1),"(-0.001, 80.0]","[0, 80]"
272,0.3296371400356292,22.08271789550781,0.014927380841227241,Static USR (k=1),"(-0.001, 80.0]","[0, 80]"
273,0.413322418928146,30.278791427612305,0.013650558672933775,Static USR (k=1),"(-0.001, 80.0]","[0, 80]"
274,0.4006901681423184,40.850399017333984,0.009808721035314593,Static USR (k=1),"(-0.001, 80.0]","[0, 80]"
275,0.5761600136756896,46.86515426635742,0.01229399588447085,Static USR (k=1),"(-0.001, 80.0]","[0, 80]"
276,0.619840621948242,45.933895111083984,0.013494188125114446,Static USR (k=1),"(-0.001, 80.0]","[0, 80]"
277,0.5664281845092772,62.40671920776367,0.009076397408803555,Static USR (k=1),"(-0.001, 80.0]","[0, 80]"
278,0.5520964860916135,67.52766418457031,0.00817585641023497,Static USR (k=1),"(-0.001, 80.0]","[0, 80]"
279,0.6974888443946836,61.40251159667969,0.011359288508849857,Static USR (k=1),"(-0.001, 80.0]","[0, 80]"
280,0.7981858849525452,59.77944564819336,0.013352179437225473,Static USR (k=1),"(-0.001, 80.0]","[0, 80]"
281,0.8927993178367613,77.64921569824219,0.011497853646150509,Static USR (k=1),"(-0.001, 80.0]","[0, 80]"
282,0.8369621634483336,88.1260986328125,0.009497324588662804,Static USR (k=1),"(80.0, 160.0]","(80, 160]"
283,1.0350087881088257,98.4356689453125,0.0105145705738419,Static USR (k=1),"(80.0, 160.0]","(80, 160]"
284,0.984180688858032,92.40782928466795,0.010650403720946668,Static USR (k=1),"(80.0, 160.0]","(80, 160]"
285,1.0743336677551267,113.16378021240234,0.009493617708233678,Static USR (k=1),"(80.0, 160.0]","(80, 160]"
286,1.036306858062744,107.78298950195312,0.009614753337714436,Static USR (k=1),"(80.0, 160.0]","(80, 160]"
287,1.213161826133728,117.49063873291016,0.010325604143591322,Static USR (k=1),"(80.0, 160.0]","(80, 160]"
288,1.1603453159332275,113.30455017089844,0.010240941905537478,Static USR (k=1),"(80.0, 160.0]","(80, 160]"
289,1.2345714569091797,132.88963317871094,0.009290201405318946,Static USR (k=1),"(80.0, 160.0]","(80, 160]"
290,1.1500331163406372,126.87689971923828,0.009064164705202505,Static USR (k=1),"(80.0, 160.0]","(80, 160]"
291,1.0969406366348264,135.38723754882812,0.008102245503304616,Static USR (k=1),"(80.0, 160.0]","(80, 160]"
292,1.2111047506332395,125.74337005615234,0.009631559501645334,Static USR (k=1),"(80.0, 160.0]","(80, 160]"
293,1.284839868545532,119.95101928710938,0.010711370992773283,Static USR (k=1),"(80.0, 160.0]","(80, 160]"
294,1.5234184265136717,132.6461944580078,0.011484825725595503,Static USR (k=1),"(80.0, 160.0]","(80, 160]"
295,1.5471369028091428,141.31793212890625,0.010947916371985177,Static USR (k=1),"(80.0, 160.0]","(80, 160]"
296,1.235496997833252,166.45233154296875,0.007422527437017698,Static USR (k=1),"(160.0, 240.0]","(160, 240]"
297,1.330061674118042,169.05531311035156,0.007867612378735702,Static USR (k=1),"(160.0, 240.0]","(160, 240]"
298,1.222180724143982,135.51058959960938,0.009019079082713289,Static USR (k=1),"(80.0, 160.0]","(80, 160]"
299,1.381553530693054,146.2149658203125,0.009448783323527101,Static USR (k=1),"(80.0, 160.0]","(80, 160]"
300,1.5010788440704343,133.94232177734375,0.011206904764318792,Static USR (k=1),"(80.0, 160.0]","(80, 160]"
301,1.5442135334014893,151.43453979492188,0.010197234630175646,Static USR (k=1),"(80.0, 160.0]","(80, 160]"
302,1.4261289834976196,163.99441528320312,0.008696204569130159,Static USR (k=1),"(160.0, 240.0]","(160, 240]"
303,1.539229393005371,168.7374267578125,0.00912203903177103,Static USR (k=1),"(160.0, 240.0]","(160, 240]"
304,1.3149062395095823,155.98973083496094,0.008429441043787487,Static USR (k=1),"(80.0, 160.0]","(80, 160]"
305,1.454098343849182,168.21688842773438,0.008644187616595104,Static USR (k=1),"(160.0, 240.0]","(160, 240]"
306,1.6587979793548584,144.5638427734375,0.01147450114448431,Static USR (k=1),"(80.0, 160.0]","(80, 160]"
307,1.5724982023239136,158.9334716796875,0.009894065647122505,Static USR (k=1),"(80.0, 160.0]","(80, 160]"
308,1.2723453044891355,181.4979248046875,0.007010247119124499,Static USR (k=1),"(160.0, 240.0]","(160, 240]"
309,1.3851140737533567,171.819580078125,0.00806144487795603,Static USR (k=1),"(160.0, 240.0]","(160, 240]"
310,1.5476342439651487,139.85316467285156,0.011066136741241558,Static USR (k=1),"(80.0, 160.0]","(80, 160]"
311,1.4990296363830564,151.79568481445312,0.009875311266030978,Static USR (k=1),"(80.0, 160.0]","(80, 160]"
312,1.6254751682281492,169.1206817626953,0.009611332873580557,Static USR (k=1),"(160.0, 240.0]","(160, 240]"
313,1.4347598552703855,163.76625061035156,0.008761022798794512,Static USR (k=1),"(160.0, 240.0]","(160, 240]"
314,1.4014339447021484,177.6939697265625,0.007886783928901419,Static USR (k=1),"(160.0, 240.0]","(160, 240]"
315,1.4908479452133176,156.9007110595703,0.009501855888003523,Static USR (k=1),"(80.0, 160.0]","(80, 160]"
316,1.4796024560928345,153.45547485351562,0.009641900737039341,Static USR (k=1),"(80.0, 160.0]","(80, 160]"
317,1.3902888298034668,162.88783264160156,0.008535252801002565,Static USR (k=1),"(160.0, 240.0]","(160, 240]"
318,1.23818838596344,161.65701293945312,0.007659354601752971,Static USR (k=1),"(160.0, 240.0]","(160, 240]"
319,1.2229522466659544,152.3063507080078,0.008029555176005246,Static USR (k=1),"(80.0, 160.0]","(80, 160]"
320,1.3687403202056885,135.81993103027344,0.010077610184477302,Static USR (k=1),"(80.0, 160.0]","(80, 160]"
321,1.361105680465698,134.02244567871094,0.010155803929504815,Static USR (k=1),"(80.0, 160.0]","(80, 160]"
322,1.804552674293518,150.1370391845703,0.01201937033056246,Static USR (k=1),"(80.0, 160.0]","(80, 160]"
323,1.758683681488037,149.37303161621094,0.011773769752539276,Static USR (k=1),"(80.0, 160.0]","(80, 160]"
324,1.8568238019943235,198.9686584472656,0.009332242658139315,Static USR (k=1),"(160.0, 240.0]","(160, 240]"
325,2.010096311569214,193.4003448486328,0.010393447401256915,Static USR (k=1),"(160.0, 240.0]","(160, 240]"
326,2.0906918048858643,204.50196838378903,0.010223333405584933,Static USR (k=1),"(160.0, 240.0]","(160, 240]"
327,2.182368040084839,221.4680938720703,0.009854096822386842,Static USR (k=1),"(160.0, 240.0]","(160, 240]"
328,2.0037801265716553,231.1701812744141,0.008667987002151621,Static USR (k=1),"(160.0, 240.0]","(160, 240]"
329,2.2216501235961914,242.7415313720703,0.009152328038134034,Static USR (k=1),"(240.0, 320.0]","(240, 320]"
330,2.189575672149658,220.7486114501953,0.009918864982956707,Static USR (k=1),"(160.0, 240.0]","(160, 240]"
331,1.9336113929748535,247.8919982910156,0.007800217055432619,Static USR (k=1),"(240.0, 320.0]","(240, 320]"
332,1.990039587020874,243.67816162109372,0.008166671866620848,Static USR (k=1),"(240.0, 320.0]","(240, 320]"
333,1.8905481100082395,212.86309814453125,0.008881521158376555,Static USR (k=1),"(160.0, 240.0]","(160, 240]"
334,1.7218470573425293,219.1684417724609,0.007856272752671839,Static USR (k=1),"(160.0, 240.0]","(160, 240]"
335,1.1365635395050049,208.1546936035156,0.0054601869399586245,Static USR (k=1),"(160.0, 240.0]","(160, 240]"
336,1.3317157030105589,188.9217529296875,0.007049033170395121,Static USR (k=1),"(160.0, 240.0]","(160, 240]"
337,1.2877193689346311,124.26793670654295,0.010362442662708426,Static USR (k=1),"(80.0, 160.0]","(80, 160]"
338,1.2028387784957884,146.38623046875,0.008216884707285129,Static USR (k=1),"(80.0, 160.0]","(80, 160]"
339,1.082286715507507,141.64498901367188,0.007640840124623417,Static USR (k=1),"(80.0, 160.0]","(80, 160]"
340,0.8267021179199217,131.6846160888672,0.006277894430447539,Static USR (k=1),"(80.0, 160.0]","(80, 160]"
341,0.7240442037582396,118.34138488769533,0.006118267117165729,Static USR (k=1),"(80.0, 160.0]","(80, 160]"
342,0.7178128361701964,91.26774597167967,0.007864912500336463,Static USR (k=1),"(80.0, 160.0]","(80, 160]"
343,0.5664238929748532,80.49822235107422,0.007036477035536605,Static USR (k=1),"(80.0, 160.0]","(80, 160]"
344,0.5534121990203856,79.81401824951172,0.006933771925757807,Static USR (k=1),"(-0.001, 80.0]","[0, 80]"
345,0.543993592262268,61.39768981933594,0.008860163857353285,Static USR (k=1),"(-0.001, 80.0]","[0, 80]"
346,0.4776308238506316,59.93349456787109,0.007969347145438739,Static USR (k=1),"(-0.001, 80.0]","[0, 80]"
347,0.5509096980094907,58.85254669189453,0.009360847218619425,Static USR (k=1),"(-0.001, 80.0]","[0, 80]"
348,0.420776218175888,52.12976837158203,0.008071707036497587,Static USR (k=1),"(-0.001, 80.0]","[0, 80]"
349,0.3086900413036344,59.64213943481445,0.005175703692537983,Static USR (k=1),"(-0.001, 80.0]","[0, 80]"
350,0.2595137059688568,47.41964721679688,0.005472704273450023,Static USR (k=1),"(-0.001, 80.0]","[0, 80]"
351,0.2570550143718716,37.066837310791016,0.006934905511807368,Static USR (k=1),"(-0.001, 80.0]","[0, 80]"
352,0.2367985993623732,33.07457733154297,0.0071595351616644915,Static USR (k=1),"(-0.001, 80.0]","[0, 80]"
353,0.2192151099443432,32.8078498840332,0.006681788374404565,Static USR (k=1),"(-0.001, 80.0]","[0, 80]"
354,0.2481920272111892,31.524873733520508,0.00787289520361459,Static USR (k=1),"(-0.001, 80.0]","[0, 80]"
355,0.2360398322343824,22.870859146118164,0.010320549426078079,Static USR (k=1),"(-0.001, 80.0]","[0, 80]"
356,0.2339744120836256,24.83626747131348,0.00942067532304812,Static USR (k=1),"(-0.001, 80.0]","[0, 80]"
357,0.2319163829088208,24.10830307006836,0.00961977216873287,Static USR (k=1),"(-0.001, 80.0]","[0, 80]"
358,0.1992531567811964,26.85831069946289,0.007418677928436543,Static USR (k=1),"(-0.001, 80.0]","[0, 80]"
359,0.2259801179170608,23.904787063598636,0.009453341597055066,Static USR (k=1),"(-0.001, 80.0]","[0, 80]"
360,0.2296030074357984,18.716005325317383,0.012267735739806156,Static USR (k=1),"(-0.001, 80.0]","[0, 80]"
361,0.2281720191240308,28.546646118164062,0.007992953644345852,Static USR (k=1),"(-0.001, 80.0]","[0, 80]"
362,0.3869472444057464,30.64091682434082,0.012628448640229968,Static USR (k=1),"(-0.001, 80.0]","[0, 80]"
363,0.4069444835186004,30.129127502441406,0.013506679988845515,Static USR (k=1),"(-0.001, 80.0]","[0, 80]"
364,0.3097717463970184,44.942718505859375,0.0068925903170862285,Static USR (k=1),"(-0.001, 80.0]","[0, 80]"
365,0.4932809770107268,46.391639709472656,0.010632971373719397,Static USR (k=1),"(-0.001, 80.0]","[0, 80]"
366,0.5131728649139404,38.6728401184082,0.013269593423775232,Static USR (k=1),"(-0.001, 80.0]","[0, 80]"
367,0.5329044461250304,53.60131072998047,0.009942004008252068,Static USR (k=1),"(-0.001, 80.0]","[0, 80]"
368,0.5521305203437804,55.52179336547852,0.009944392766806332,Static USR (k=1),"(-0.001, 80.0]","[0, 80]"
369,0.662816762924194,57.5987663269043,0.01150748193394193,Static USR (k=1),"(-0.001, 80.0]","[0, 80]"
370,0.6989086270332336,59.782447814941406,0.011690866677067641,Static USR (k=1),"(-0.001, 80.0]","[0, 80]"
371,1.088412880897522,73.25184631347656,0.014858504401919497,Static USR (k=1),"(-0.001, 80.0]","[0, 80]"
372,1.3284648656845093,77.79957580566406,0.01707547697950035,Static USR (k=1),"(-0.001, 80.0]","[0, 80]"
373,0.4888505041599272,119.01011657714844,0.004107638226226166,Static USR (k=1),"(80.0, 160.0]","(80, 160]"
374,0.6288937330245972,146.0486602783203,0.004306056158448385,Static USR (k=1),"(80.0, 160.0]","(80, 160]"
375,0.653910994529724,53.18157958984375,0.012295817453579423,Static USR (k=1),"(-0.001, 80.0]","[0, 80]"
376,0.7916792035102844,68.69590759277344,0.011524401252594648,Static USR (k=1),"(-0.001, 80.0]","[0, 80]"
377,0.6656930446624756,72.03372955322266,0.009241407446085703,Static USR (k=1),"(-0.001, 80.0]","[0, 80]"
378,0.5746510624885556,87.44181060791016,0.006571811110651585,Static USR (k=1),"(80.0, 160.0]","(80, 160]"
379,0.5062105059623716,73.64738464355469,0.006873434927966217,Static USR (k=1),"(-0.001, 80.0]","[0, 80]"
380,0.737836480140686,62.24346160888672,0.011854039943616222,Static USR (k=1),"(-0.001, 80.0]","[0, 80]"
381,0.6407808661460876,54.83914566040039,0.01168473466224691,Static USR (k=1),"(-0.001, 80.0]","[0, 80]"
382,0.565554678440094,82.00209045410156,0.006896832450346468,Static USR (k=1),"(80.0, 160.0]","(80, 160]"
383,0.631063103675842,70.26559448242188,0.008981111002109476,Static USR (k=1),"(-0.001, 80.0]","[0, 80]"
384,0.8737998604774472,61.3083381652832,0.014252545194125811,Static USR (k=1),"(-0.001, 80.0]","[0, 80]"
385,1.1624177694320676,68.97578430175781,0.0168525487777954,Static USR (k=1),"(-0.001, 80.0]","[0, 80]"
386,1.23833429813385,96.43427276611328,0.01284122607672111,Static USR (k=1),"(80.0, 160.0]","(80, 160]"
387,1.3405351638793943,127.11753845214844,0.010545635009948052,Static USR (k=1),"(80.0, 160.0]","(80, 160]"
388,1.4451094865798948,135.8424530029297,0.010638128616160432,Static USR (k=1),"(80.0, 160.0]","(80, 160]"
389,1.2759193181991575,147.3507843017578,0.008659060243522141,Static USR (k=1),"(80.0, 160.0]","(80, 160]"
390,1.2591407299041748,157.97714233398438,0.007970398193696823,Static USR (k=1),"(80.0, 160.0]","(80, 160]"
391,1.007861256599426,140.27395629882812,0.00718494924640438,Static USR (k=1),"(80.0, 160.0]","(80, 160]"
392,1.1615493297576904,138.32113647460938,0.008397482549392644,Static USR (k=1),"(80.0, 160.0]","(80, 160]"
393,0.964232802391052,110.24625396728516,0.008746172932798077,Static USR (k=1),"(80.0, 160.0]","(80, 160]"
394,0.9646977186203,127.01949310302734,0.007594879298076081,Static USR (k=1),"(80.0, 160.0]","(80, 160]"
395,0.8324744105339048,105.73600006103516,0.007873140747270243,Static USR (k=1),"(80.0, 160.0]","(80, 160]"
396,0.9702306389808651,105.78032684326172,0.00917212744500675,Static USR (k=1),"(80.0, 160.0]","(80, 160]"
397,0.797607898712158,91.91358184814452,0.008677802373428661,Static USR (k=1),"(80.0, 160.0]","(80, 160]"
398,0.8151218295097348,106.34635925292967,0.007664783592366181,Static USR (k=1),"(80.0, 160.0]","(80, 160]"
399,0.9296132922172544,88.0693130493164,0.010555473411001813,Static USR (k=1),"(80.0, 160.0]","(80, 160]"
400,0.7756101489067077,89.97065734863281,0.008620701145944154,Static USR (k=1),"(80.0, 160.0]","(80, 160]"
401,0.8096932768821716,102.31085968017578,0.007914050174275503,Static USR (k=1),"(80.0, 160.0]","(80, 160]"
402,0.9380108118057248,85.7713394165039,0.01093618005952738,Static USR (k=1),"(80.0, 160.0]","(80, 160]"
403,0.9469251632690427,89.38508605957031,0.010593771343890283,Static USR (k=1),"(80.0, 160.0]","(80, 160]"
404,0.8001868128776548,103.14523315429688,0.007757865181036922,Static USR (k=1),"(80.0, 160.0]","(80, 160]"
405,0.8015947937965392,104.00907135009766,0.007706970011282449,Static USR (k=1),"(80.0, 160.0]","(80, 160]"
406,0.8363073468208312,88.33182525634766,0.009467791980905919,Static USR (k=1),"(80.0, 160.0]","(80, 160]"
407,0.7133744955062864,88.48473358154297,0.008062119493741565,Static USR (k=1),"(80.0, 160.0]","(80, 160]"
408,0.8005542755126952,92.34521484375,0.008669147360447962,Static USR (k=1),"(80.0, 160.0]","(80, 160]"
409,1.0410130023956297,79.33457946777344,0.013121806523452996,Static USR (k=1),"(-0.001, 80.0]","[0, 80]"
410,0.873344838619232,88.38123321533203,0.009881564296476998,Static USR (k=1),"(80.0, 160.0]","(80, 160]"
411,0.7919020652770996,113.81922912597656,0.006957541984409439,Static USR (k=1),"(80.0, 160.0]","(80, 160]"
412,0.873344838619232,96.38306427001952,0.009061185647434232,Static USR (k=1),"(80.0, 160.0]","(80, 160]"
413,0.903978943824768,87.46975708007812,0.010334759967347111,Static USR (k=1),"(80.0, 160.0]","(80, 160]"
414,1.0961869955062864,96.38273620605467,0.011373271175480749,Static USR (k=1),"(80.0, 160.0]","(80, 160]"
415,1.1061031818389893,99.59959411621094,0.011105498889367047,Static USR (k=1),"(80.0, 160.0]","(80, 160]"
416,1.0091255903244016,119.86627197265624,0.00841876178942649,Static USR (k=1),"(80.0, 160.0]","(80, 160]"
417,1.2258297204971311,120.96101379394533,0.01013408934043251,Static USR (k=1),"(80.0, 160.0]","(80, 160]"
418,1.3225529193878172,110.38349151611328,0.011981437633676924,Static USR (k=1),"(80.0, 160.0]","(80, 160]"
419,1.5077155828475952,134.3607177734375,0.011221401670315158,Static USR (k=1),"(80.0, 160.0]","(80, 160]"
420,1.6290743350982664,145.39498901367188,0.011204473731519593,Static USR (k=1),"(80.0, 160.0]","(80, 160]"
421,1.6248483657836912,164.7183380126953,0.009864404809976041,Static USR (k=1),"(160.0, 240.0]","(160, 240]"
422,1.551389455795288,178.10353088378906,0.008710604714555354,Static USR (k=1),"(160.0, 240.0]","(160, 240]"
423,1.8892974853515625,177.61996459960938,0.010636740580432012,Static USR (k=1),"(160.0, 240.0]","(160, 240]"
424,1.6930714845657349,169.52114868164062,0.00998737619307494,Static USR (k=1),"(160.0, 240.0]","(160, 240]"
425,1.5461100339889524,208.012451171875,0.007432776380830414,Static USR (k=1),"(160.0, 240.0]","(160, 240]"
426,1.6561959981918335,185.4947662353516,0.008928532226566917,Static USR (k=1),"(160.0, 240.0]","(160, 240]"
427,1.383827805519104,168.9560546875,0.008190459987235277,Static USR (k=1),"(160.0, 240.0]","(160, 240]"
428,1.509755492210388,181.21441650390625,0.00833132110202636,Static USR (k=1),"(160.0, 240.0]","(160, 240]"
429,1.3789697885513303,151.6547393798828,0.009092823568784903,Static USR (k=1),"(80.0, 160.0]","(80, 160]"
430,0.9981606006622312,164.9420928955078,0.006051582001536589,Static USR (k=1),"(160.0, 240.0]","(160, 240]"
431,0.6751277446746824,151.1704559326172,0.004466003231316669,Static USR (k=1),"(80.0, 160.0]","(80, 160]"
432,1.402551293373108,109.23762512207033,0.01283945244878577,Static USR (k=1),"(80.0, 160.0]","(80, 160]"
433,1.4414374828338623,74.973388671875,0.019225988158843795,Static USR (k=1),"(-0.001, 80.0]","[0, 80]"
434,1.4551097154617307,153.5703582763672,0.009475199067017196,Static USR (k=1),"(80.0, 160.0]","(80, 160]"
435,1.2972340583801267,157.6027374267578,0.008231037604806743,Static USR (k=1),"(80.0, 160.0]","(80, 160]"
436,0.634771168231964,159.03976440429688,0.003991273318402966,Static USR (k=1),"(80.0, 160.0]","(80, 160]"
437,0.5110005736351012,142.65603637695312,0.0035820466249660656,Static USR (k=1),"(80.0, 160.0]","(80, 160]"
438,0.6186313629150388,69.46321868896484,0.008905883928084038,Static USR (k=1),"(-0.001, 80.0]","[0, 80]"
439,0.560917556285858,55.30534362792969,0.010142194578149041,Static USR (k=1),"(-0.001, 80.0]","[0, 80]"
440,0.2991344630718228,67.37357330322266,0.004439937625477175,Static USR (k=1),"(-0.001, 80.0]","[0, 80]"
441,0.33157142996788,60.81262969970703,0.0054523448764702475,Static USR (k=1),"(-0.001, 80.0]","[0, 80]"
442,0.2265074998140332,35.83094787597656,0.006321560361675467,Static USR (k=1),"(-0.001, 80.0]","[0, 80]"
443,0.228497102856636,40.99383163452149,0.005573938657254359,Static USR (k=1),"(-0.001, 80.0]","[0, 80]"
444,0.3084951341152188,28.905473709106445,0.010672550715473305,Static USR (k=1),"(-0.001, 80.0]","[0, 80]"
445,0.2473159581422804,30.256275177001957,0.008174038499301702,Static USR (k=1),"(-0.001, 80.0]","[0, 80]"
446,0.2039764672517776,36.76713180541992,0.00554779383747603,Static USR (k=1),"(-0.001, 80.0]","[0, 80]"
447,0.15518744289875,24.669191360473636,0.006290738947665712,Static USR (k=1),"(-0.001, 80.0]","[0, 80]"
448,0.1124537810683248,19.263078689575195,0.005837788594467125,Static USR (k=1),"(-0.001, 80.0]","[0, 80]"
449,0.0974442586302756,14.285483360290527,0.006821208367449588,Static USR (k=1),"(-0.001, 80.0]","[0, 80]"
450,0.131080225110054,10.74827003479004,0.012195471893223097,Static USR (k=1),"(-0.001, 80.0]","[0, 80]"
451,0.0933582410216328,9.63591194152832,0.009688573493421273,Static USR (k=1),"(-0.001, 80.0]","[0, 80]"
452,0.2407664805650708,12.296305656433104,0.019580391647072315,Static USR (k=1),"(-0.001, 80.0]","[0, 80]"
453,0.0873885974287984,9.353482246398926,0.009342894456494302,Static USR (k=1),"(-0.001, 80.0]","[0, 80]"
454,0.0151818149467552,26.23872184753418,0.0005786034485586778,Static USR (k=1),"(-0.001, 80.0]","[0, 80]"
455,0.1010282859206196,6.932722091674805,0.014572672117051965,Static USR (k=1),"(-0.001, 80.0]","[0, 80]"
456,0.2027681618928908,4.211070537567139,0.04815121477638226,Static USR (k=1),"(-0.001, 80.0]","[0, 80]"
457,0.2018770724534988,7.262102127075195,0.027798710197264136,Static USR (k=1),"(-0.001, 80.0]","[0, 80]"
458,0.1443997174501416,19.120996475219727,0.007551892896234753,Static USR (k=1),"(-0.001, 80.0]","[0, 80]"
459,0.2366520911455152,19.019718170166016,0.012442460452264922,Static USR (k=1),"(-0.001, 80.0]","[0, 80]"
460,0.4417146146297452,13.363261222839355,0.033054402459393964,Static USR (k=1),"(-0.001, 80.0]","[0, 80]"
461,0.3823885619640348,26.61296272277832,0.014368507781237914,Static USR (k=1),"(-0.001, 80.0]","[0, 80]"
462,0.4895828068256376,49.03780746459961,0.009983782557551486,Static USR (k=1),"(-0.001, 80.0]","[0, 80]"
463,0.3087165057659148,44.6180419921875,0.006919095773408664,Static USR (k=1),"(-0.001, 80.0]","[0, 80]"
464,0.5994685292243956,53.2499885559082,0.011257627381365574,Static USR (k=1),"(-0.001, 80.0]","[0, 80]"
465,0.3982907235622404,37.06343460083008,0.010746190358551396,Static USR (k=1),"(-0.001, 80.0]","[0, 80]"
466,0.4326972067356108,65.0533218383789,0.006651423701477093,Static USR (k=1),"(-0.001, 80.0]","[0, 80]"
467,0.423145979642868,45.760738372802734,0.009246922027253805,Static USR (k=1),"(-0.001, 80.0]","[0, 80]"
468,0.3961022794246672,48.332481384277344,0.00819536403015137,Static USR (k=1),"(-0.001, 80.0]","[0, 80]"
469,0.3295857608318328,47.59851837158203,0.006924286135524062,Static USR (k=1),"(-0.001, 80.0]","[0, 80]"
470,0.4474465548992156,45.60140228271485,0.009812122708972474,Static USR (k=1),"(-0.001, 80.0]","[0, 80]"
471,0.3102396428585052,40.847015380859375,0.007595160624731503,Static USR (k=1),"(-0.001, 80.0]","[0, 80]"
472,0.4716064631938932,49.49134063720703,0.009529070280212713,Static USR (k=1),"(-0.001, 80.0]","[0, 80]"
473,0.389263480901718,39.35213088989258,0.009891801843993627,Static USR (k=1),"(-0.001, 80.0]","[0, 80]"
474,0.407645672559738,51.57735824584961,0.007903577973432576,Static USR (k=1),"(-0.001, 80.0]","[0, 80]"
475,0.4266552627086636,45.108158111572266,0.009458494440259741,Static USR (k=1),"(-0.001, 80.0]","[0, 80]"
476,0.4126547276973724,46.441253662109375,0.008885520849624486,Static USR (k=1),"(-0.001, 80.0]","[0, 80]"
477,0.5072499513626096,47.86325073242188,0.01059790013424654,Static USR (k=1),"(-0.001, 80.0]","[0, 80]"
478,0.53570681810379,46.81507110595703,0.011443041854861636,Static USR (k=1),"(-0.001, 80.0]","[0, 80]"
479,0.5943010449409484,54.94151306152344,0.010816976304883538,Static USR (k=1),"(-0.001, 80.0]","[0, 80]"
480,0.7653796076774596,57.91355514526367,0.013215897483027416,Static USR (k=1),"(-0.001, 80.0]","[0, 80]"
481,0.8102156519889832,64.45060729980469,0.01257110965952742,Static USR (k=1),"(-0.001, 80.0]","[0, 80]"
482,0.8613663315773008,84.734375,0.010165488700156234,Static USR (k=1),"(80.0, 160.0]","(80, 160]"
483,1.0649282932281492,89.4361572265625,0.011907133828776199,Static USR (k=1),"(80.0, 160.0]","(80, 160]"
484,1.0110636949539185,95.0926513671875,0.01063240618930512,Static USR (k=1),"(80.0, 160.0]","(80, 160]"
485,0.8180054426193236,116.45648956298828,0.007024129318073647,Static USR (k=1),"(80.0, 160.0]","(80, 160]"
486,0.9693515300750732,110.5907974243164,0.008765209697836349,Static USR (k=1),"(80.0, 160.0]","(80, 160]"
487,1.024032473564148,90.291748046875,0.011341373887595143,Static USR (k=1),"(80.0, 160.0]","(80, 160]"
488,1.4387571811676023,106.25155639648438,0.013541045702886358,Static USR (k=1),"(80.0, 160.0]","(80, 160]"
489,0.8157935738563536,111.97953033447266,0.007285202674271383,Static USR (k=1),"(80.0, 160.0]","(80, 160]"
490,1.0194243192672727,157.32037353515625,0.0064799256215817645,Static USR (k=1),"(80.0, 160.0]","(80, 160]"
491,0.7612843513488768,90.04519653320312,0.008454469318284646,Static USR (k=1),"(80.0, 160.0]","(80, 160]"
492,1.0601567029953003,111.48442840576172,0.009509459914318487,Static USR (k=1),"(80.0, 160.0]","(80, 160]"
493,0.821558117866516,84.33121490478516,0.009742040581226095,Static USR (k=1),"(80.0, 160.0]","(80, 160]"
494,0.8814020752906796,115.93183135986328,0.007602761596637983,Static USR (k=1),"(80.0, 160.0]","(80, 160]"
495,1.061824917793274,90.6847152709961,0.011708973387854699,Static USR (k=1),"(80.0, 160.0]","(80, 160]"
496,0.9537535309791564,97.2563018798828,0.009806598776057695,Static USR (k=1),"(80.0, 160.0]","(80, 160]"
497,0.8944792747497556,116.11011505126952,0.007703715342584837,Static USR (k=1),"(80.0, 160.0]","(80, 160]"
498,0.7996948957443236,104.6955108642578,0.0076382921210553355,Static USR (k=1),"(80.0, 160.0]","(80, 160]"
499,0.8427684307098388,98.6200714111328,0.008545607589315761,Static USR (k=1),"(80.0, 160.0]","(80, 160]"
500,0.9406911134719848,88.28511047363281,0.010655150210781365,Static USR (k=1),"(80.0, 160.0]","(80, 160]"
501,1.0573956966400144,93.04924774169922,0.011363828534920564,Static USR (k=1),"(80.0, 160.0]","(80, 160]"
502,0.9667006731033324,103.40227508544922,0.009348930401236081,Static USR (k=1),"(80.0, 160.0]","(80, 160]"
503,0.9222877621650696,115.61650848388672,0.007977128649353802,Static USR (k=1),"(80.0, 160.0]","(80, 160]"
504,0.8501736521720884,105.9831771850586,0.008021779255471735,Static USR (k=1),"(80.0, 160.0]","(80, 160]"
505,1.1111878156661987,101.52835845947266,0.01094460535486501,Static USR (k=1),"(80.0, 160.0]","(80, 160]"
506,1.3438373804092407,93.87445068359376,0.014315262253184085,Static USR (k=1),"(80.0, 160.0]","(80, 160]"
507,0.7778188586235044,121.52259063720705,0.006400611232405348,Static USR (k=1),"(80.0, 160.0]","(80, 160]"
508,0.651133358478546,147.67044067382812,0.004409368290007057,Static USR (k=1),"(80.0, 160.0]","(80, 160]"
509,0.8187891840934752,86.00104522705078,0.009520688753628463,Static USR (k=1),"(80.0, 160.0]","(80, 160]"
510,0.8011686205863952,71.65619659423828,0.01118073046945413,Static USR (k=1),"(-0.001, 80.0]","[0, 80]"
511,0.5893431305885312,90.38323211669922,0.006520491874284766,Static USR (k=1),"(80.0, 160.0]","(80, 160]"
512,0.5854302048683164,88.44154357910156,0.006619402841434029,Static USR (k=1),"(80.0, 160.0]","(80, 160]"
513,0.6430130004882812,63.88871383666992,0.010064578888411023,Static USR (k=1),"(-0.001, 80.0]","[0, 80]"
514,1.0004867315292356,63.44495391845703,0.015769366509669414,Static USR (k=1),"(-0.001, 80.0]","[0, 80]"
515,1.035789370536804,70.55473327636719,0.014680650360898594,Static USR (k=1),"(-0.001, 80.0]","[0, 80]"
516,1.1634118556976316,109.47449493408205,0.010627241134093905,Static USR (k=1),"(80.0, 160.0]","(80, 160]"
517,1.0937559604644775,113.24919891357422,0.009657957592257885,Static USR (k=1),"(80.0, 160.0]","(80, 160]"
518,1.137986183166504,127.22810363769533,0.008944456064574554,Static USR (k=1),"(80.0, 160.0]","(80, 160]"
519,1.1811559200286863,119.59764862060548,0.009876079786280889,Static USR (k=1),"(80.0, 160.0]","(80, 160]"
520,1.241815209388733,124.4174346923828,0.009981038529359427,Static USR (k=1),"(80.0, 160.0]","(80, 160]"
521,1.1256725788116455,129.22222900390625,0.008711137298038851,Static USR (k=1),"(80.0, 160.0]","(80, 160]"
522,1.1209474802017212,136.25363159179688,0.008226918190041165,Static USR (k=1),"(80.0, 160.0]","(80, 160]"
523,1.5746209621429443,123.0910415649414,0.012792327874747836,Static USR (k=1),"(80.0, 160.0]","(80, 160]"
524,1.316460847854614,122.58746337890624,0.01073895169676167,Static USR (k=1),"(80.0, 160.0]","(80, 160]"
525,1.1297394037246704,172.04931640625,0.00656636961612264,Static USR (k=1),"(160.0, 240.0]","(160, 240]"
526,0.9618411064147948,144.73619079589844,0.006645477548674382,Static USR (k=1),"(80.0, 160.0]","(80, 160]"
527,0.8215065598487852,123.53145599365234,0.0066501811481198625,Static USR (k=1),"(80.0, 160.0]","(80, 160]"
528,1.0689338445663452,105.49957275390624,0.010132115388370298,Static USR (k=1),"(80.0, 160.0]","(80, 160]"
529,1.1089819669723509,90.68089294433594,0.012229499853437641,Static USR (k=1),"(80.0, 160.0]","(80, 160]"
530,1.047210931777954,116.90152740478516,0.008958060301058893,Static USR (k=1),"(80.0, 160.0]","(80, 160]"
531,0.9856680035591124,121.2823486328125,0.008127052408452812,Static USR (k=1),"(80.0, 160.0]","(80, 160]"
532,0.7335927486419676,114.4949722290039,0.006407204913545833,Static USR (k=1),"(80.0, 160.0]","(80, 160]"
533,0.497173637151718,107.93610382080078,0.004606184766286753,Static USR (k=1),"(80.0, 160.0]","(80, 160]"
534,0.32726976275444,81.53327941894531,0.004013940872816096,Static USR (k=1),"(80.0, 160.0]","(80, 160]"
535,0.3050453364849088,53.96904373168945,0.005652227932765701,Static USR (k=1),"(-0.001, 80.0]","[0, 80]"
536,0.332230061292648,40.68331146240234,0.008166249239560547,Static USR (k=1),"(-0.001, 80.0]","[0, 80]"
537,0.2253957539796828,36.385738372802734,0.006194618113017585,Static USR (k=1),"(-0.001, 80.0]","[0, 80]"
538,0.2569453418254852,41.040794372558594,0.0062607302259550905,Static USR (k=1),"(-0.001, 80.0]","[0, 80]"
539,0.3499942719936368,28.11579132080078,0.012448316606145177,Static USR (k=1),"(-0.001, 80.0]","[0, 80]"
540,0.2280439883470532,32.80276107788086,0.006951975408583057,Static USR (k=1),"(-0.001, 80.0]","[0, 80]"
541,0.2891062200069424,42.37998962402344,0.006821762406545287,Static USR (k=1),"(-0.001, 80.0]","[0, 80]"
542,0.2288512736558912,30.068639755249023,0.007610961969636191,Static USR (k=1),"(-0.001, 80.0]","[0, 80]"
543,0.2330297976732252,34.8932991027832,0.006678353829106345,Static USR (k=1),"(-0.001, 80.0]","[0, 80]"
544,0.204426363110542,30.37815284729004,0.006729387535120601,Static USR (k=1),"(-0.001, 80.0]","[0, 80]"
545,0.1881684809923172,26.9478816986084,0.006982681722327522,Static USR (k=1),"(-0.001, 80.0]","[0, 80]"
546,0.1417237073183056,19.314794540405277,0.0073375726064198584,Static USR (k=1),"(-0.001, 80.0]","[0, 80]"
547,0.1002102717757224,17.492660522460938,0.005728703855371249,Static USR (k=1),"(-0.001, 80.0]","[0, 80]"
548,0.1254272013902664,13.144339561462402,0.009542297717110385,Static USR (k=1),"(-0.001, 80.0]","[0, 80]"
549,0.1534881144762036,9.837475776672363,0.015602388047569119,Static USR (k=1),"(-0.001, 80.0]","[0, 80]"
550,0.200911834836006,11.811033248901367,0.017010521484620688,Static USR (k=1),"(-0.001, 80.0]","[0, 80]"
551,0.2493415623903272,14.140249252319336,0.017633463027494318,Static USR (k=1),"(-0.001, 80.0]","[0, 80]"
552,0.20667465031147,20.584943771362305,0.01004008816380616,Static USR (k=1),"(-0.001, 80.0]","[0, 80]"
553,0.1029756888747212,25.257081985473636,0.004077101580220021,Static USR (k=1),"(-0.001, 80.0]","[0, 80]"
554,0.0865769013762472,19.582651138305664,0.0044211021666465756,Static USR (k=1),"(-0.001, 80.0]","[0, 80]"
555,0.1872690469026564,10.03261375427246,0.018666027765985364,Static USR (k=1),"(-0.001, 80.0]","[0, 80]"
556,0.1396278887987136,8.222972869873047,0.016980220050375684,Static USR (k=1),"(-0.001, 80.0]","[0, 80]"
557,0.0936941727995872,17.399887084960938,0.005384757518373145,Static USR (k=1),"(-0.001, 80.0]","[0, 80]"
558,0.2950682342052456,12.973848342895508,0.02274330841602794,Static USR (k=1),"(-0.001, 80.0]","[0, 80]"
559,0.2491000443696972,9.375703811645508,0.026568676802726156,Static USR (k=1),"(-0.001, 80.0]","[0, 80]"
560,0.2051374465227124,35.44527053833008,0.005787441974829316,Static USR (k=1),"(-0.001, 80.0]","[0, 80]"
561,0.2943210303783416,25.29745101928711,0.011634414477330044,Static USR (k=1),"(-0.001, 80.0]","[0, 80]"
562,0.473164826631546,21.58346176147461,0.021922564223507527,Static USR (k=1),"(-0.001, 80.0]","[0, 80]"
563,0.2419050484895704,35.37828826904297,0.00683766966479394,Static USR (k=1),"(-0.001, 80.0]","[0, 80]"
564,0.228200390934944,51.72565460205078,0.004411744862208016,Static USR (k=1),"(-0.001, 80.0]","[0, 80]"
565,0.3230194747447964,26.135417938232425,0.012359453195208505,Static USR (k=1),"(-0.001, 80.0]","[0, 80]"
566,0.3057913482189176,27.398414611816406,0.011160913963504871,Static USR (k=1),"(-0.001, 80.0]","[0, 80]"
567,0.3008777797222136,40.39064407348633,0.007449194897085562,Static USR (k=1),"(-0.001, 80.0]","[0, 80]"
568,0.5493659377098083,36.45577239990234,0.015069381377619092,Static USR (k=1),"(-0.001, 80.0]","[0, 80]"
569,0.644342005252838,35.99109649658203,0.01790281675119371,Static USR (k=1),"(-0.001, 80.0]","[0, 80]"
570,0.4314759075641632,59.46209716796875,0.007256318362692935,Static USR (k=1),"(-0.001, 80.0]","[0, 80]"
571,0.5680580735206604,70.74176788330078,0.00803002371184387,Static USR (k=1),"(-0.001, 80.0]","[0, 80]"
572,0.5253903865814208,48.23581314086914,0.010892122519984412,Static USR (k=1),"(-0.001, 80.0]","[0, 80]"
573,0.4880705773830412,61.56719970703125,0.00792744480349171,Static USR (k=1),"(-0.001, 80.0]","[0, 80]"
574,0.5069243907928463,56.768802642822266,0.00892962978244074,Static USR (k=1),"(-0.001, 80.0]","[0, 80]"
575,0.535854697227478,53.10567855834961,0.010090346489758345,Static USR (k=1),"(-0.001, 80.0]","[0, 80]"
576,0.5867659449577332,54.90949630737305,0.01068605586314483,Static USR (k=1),"(-0.001, 80.0]","[0, 80]"
577,0.6632754206657407,57.9325065612793,0.011449106210589172,Static USR (k=1),"(-0.001, 80.0]","[0, 80]"
578,0.6720531582832336,63.59574890136719,0.010567579907354244,Static USR (k=1),"(-0.001, 80.0]","[0, 80]"
579,0.8648741245269772,73.30752563476562,0.011797890012493017,Static USR (k=1),"(-0.001, 80.0]","[0, 80]"
580,0.722598135471344,74.53402709960938,0.009694875798212856,Static USR (k=1),"(-0.001, 80.0]","[0, 80]"
581,0.6465185880661009,95.47765350341795,0.0067714126221478255,Static USR (k=1),"(80.0, 160.0]","(80, 160]"
582,0.7604247927665708,80.32561492919922,0.009466778355034395,Static USR (k=1),"(80.0, 160.0]","(80, 160]"
583,0.7440162301063536,71.02964782714844,0.010474727847685895,Static USR (k=1),"(-0.001, 80.0]","[0, 80]"
584,0.6241665482521056,84.25395965576172,0.00740815684867841,Static USR (k=1),"(80.0, 160.0]","(80, 160]"
585,0.5866329073905944,82.6358871459961,0.007099009009901071,Static USR (k=1),"(80.0, 160.0]","(80, 160]"
586,0.605242133140564,68.08830261230469,0.008889076536197667,Static USR (k=1),"(-0.001, 80.0]","[0, 80]"
587,0.6288629770278928,63.58346557617188,0.009890353904578007,Static USR (k=1),"(-0.001, 80.0]","[0, 80]"
588,0.6743376851081848,65.72673797607422,0.010259716302270417,Static USR (k=1),"(-0.001, 80.0]","[0, 80]"
589,0.6611710786819456,68.68428039550781,0.009626235797691904,Static USR (k=1),"(-0.001, 80.0]","[0, 80]"
590,0.6171513199806212,74.85857391357422,0.008244230256017638,Static USR (k=1),"(-0.001, 80.0]","[0, 80]"
591,0.6843116879463196,73.0252685546875,0.009370889029101605,Static USR (k=1),"(-0.001, 80.0]","[0, 80]"
592,0.617383062839508,67.18517303466797,0.009189275474827377,Static USR (k=1),"(-0.001, 80.0]","[0, 80]"
593,0.7016482949256896,76.14306640625,0.009214867853917907,Static USR (k=1),"(-0.001, 80.0]","[0, 80]"
594,0.8280656337738036,67.21638488769531,0.01231940151433806,Static USR (k=1),"(-0.001, 80.0]","[0, 80]"
595,0.6800545454025269,78.08684539794922,0.008708951449335754,Static USR (k=1),"(-0.001, 80.0]","[0, 80]"
596,1.0453064441680908,91.41594696044922,0.01143461812653255,Static USR (k=1),"(80.0, 160.0]","(80, 160]"
597,0.867445647716522,75.60118103027344,0.011473969531893497,Static USR (k=1),"(-0.001, 80.0]","[0, 80]"
598,0.7806278467178344,114.28624725341795,0.006830461805145047,Static USR (k=1),"(80.0, 160.0]","(80, 160]"
599,0.9576981067657468,95.76021575927734,0.010001001973232962,Static USR (k=1),"(80.0, 160.0]","(80, 160]"
600,0.9320898056030272,86.28790283203125,0.010802091313048146,Static USR (k=1),"(80.0, 160.0]","(80, 160]"
601,0.8434395194053648,105.0763931274414,0.008026917315123323,Static USR (k=1),"(80.0, 160.0]","(80, 160]"
602,0.910093545913696,102.55403137207033,0.008874283475135546,Static USR (k=1),"(80.0, 160.0]","(80, 160]"
603,0.7698103189468384,93.1305923461914,0.008265923146770578,Static USR (k=1),"(80.0, 160.0]","(80, 160]"
604,0.9083471298217772,100.24506378173828,0.00906126541850983,Static USR (k=1),"(80.0, 160.0]","(80, 160]"
605,0.77186381816864,85.17623901367188,0.009061961729077354,Static USR (k=1),"(80.0, 160.0]","(80, 160]"
606,0.6079641580581664,100.05581665039062,0.006076250021350387,Static USR (k=1),"(80.0, 160.0]","(80, 160]"
607,0.7130615115165708,85.38433074951172,0.008351198694857119,Static USR (k=1),"(80.0, 160.0]","(80, 160]"
608,0.8531332015991208,66.05128479003906,0.012916224178091665,Static USR (k=1),"(-0.001, 80.0]","[0, 80]"
609,0.9599153399467468,79.30760192871094,0.012103698972131425,Static USR (k=1),"(-0.001, 80.0]","[0, 80]"
610,0.9452045559883115,94.19449615478516,0.010034604935251245,Static USR (k=1),"(80.0, 160.0]","(80, 160]"
611,1.1151603460311887,105.30479431152344,0.01058983452104001,Static USR (k=1),"(80.0, 160.0]","(80, 160]"
612,0.968153357505798,103.84104919433594,0.009323416558454867,Static USR (k=1),"(80.0, 160.0]","(80, 160]"
613,1.0726921558380127,121.9599838256836,0.008795443572468841,Static USR (k=1),"(80.0, 160.0]","(80, 160]"
614,1.1313652992248535,106.13031005859376,0.010660152586007098,Static USR (k=1),"(80.0, 160.0]","(80, 160]"
615,1.1869231462478635,117.3101806640625,0.010117818756471088,Static USR (k=1),"(80.0, 160.0]","(80, 160]"
616,1.3966658115386963,123.70511627197266,0.011290283325614827,Static USR (k=1),"(80.0, 160.0]","(80, 160]"
617,1.2916754484176636,129.87014770507812,0.009945899586954556,Static USR (k=1),"(80.0, 160.0]","(80, 160]"
618,1.2901451587677,152.97195434570312,0.00843386726858497,Static USR (k=1),"(80.0, 160.0]","(80, 160]"
619,1.1626211404800415,142.0511932373047,0.008184522171086702,Static USR (k=1),"(80.0, 160.0]","(80, 160]"
620,1.2188214063644407,141.904541015625,0.008589023280306704,Static USR (k=1),"(80.0, 160.0]","(80, 160]"
621,1.3640713691711424,127.13544464111328,0.010729276741208852,Static USR (k=1),"(80.0, 160.0]","(80, 160]"
622,1.16875684261322,133.55258178710938,0.008751286025127442,Static USR (k=1),"(80.0, 160.0]","(80, 160]"
623,0.7673740983009336,149.67422485351562,0.005126962234492635,Static USR (k=1),"(80.0, 160.0]","(80, 160]"
624,1.0892891883850095,127.82191467285156,0.008521928271634368,Static USR (k=1),"(80.0, 160.0]","(80, 160]"
625,1.1358922719955444,84.92028045654297,0.013375983521119256,Static USR (k=1),"(80.0, 160.0]","(80, 160]"
626,1.1333703994750977,119.1122589111328,0.009515144871198202,Static USR (k=1),"(80.0, 160.0]","(80, 160]"
627,1.0471667051315308,124.1944351196289,0.008431671709951087,Static USR (k=1),"(80.0, 160.0]","(80, 160]"
628,0.6607174873352047,123.92302703857422,0.005331676469858499,Static USR (k=1),"(80.0, 160.0]","(80, 160]"
629,0.7214697599411009,114.48821258544922,0.006301694677979411,Static USR (k=1),"(80.0, 160.0]","(80, 160]"
630,0.757142186164856,72.96353912353516,0.010376993704800042,Static USR (k=1),"(-0.001, 80.0]","[0, 80]"
631,0.6174112558364868,80.2190170288086,0.007696569700109382,Static USR (k=1),"(80.0, 160.0]","(80, 160]"
632,0.5279060602188108,83.9251480102539,0.006290201122484904,Static USR (k=1),"(80.0, 160.0]","(80, 160]"
633,0.7310947775840756,67.22142028808594,0.01087591982512235,Static USR (k=1),"(-0.001, 80.0]","[0, 80]"
634,0.6747350096702576,57.047813415527344,0.011827534996926058,Static USR (k=1),"(-0.001, 80.0]","[0, 80]"
635,0.5722756981849668,81.2591781616211,0.007042597662589381,Static USR (k=1),"(80.0, 160.0]","(80, 160]"
636,0.5643280744552612,74.91910552978516,0.007532498826095896,Static USR (k=1),"(-0.001, 80.0]","[0, 80]"
637,0.7053915858268736,61.99679183959961,0.011377872384943543,Static USR (k=1),"(-0.001, 80.0]","[0, 80]"
638,0.5970398187637328,61.18253326416016,0.009758337664541752,Static USR (k=1),"(-0.001, 80.0]","[0, 80]"
639,0.5956584215164183,78.4859390258789,0.007589364781888051,Static USR (k=1),"(-0.001, 80.0]","[0, 80]"
640,0.5444948673248288,64.77690124511719,0.008405694882878829,Static USR (k=1),"(-0.001, 80.0]","[0, 80]"
641,0.460062712430954,64.61161041259766,0.0071204340751310725,Static USR (k=1),"(-0.001, 80.0]","[0, 80]"
642,0.3016003072261808,58.90651321411133,0.005119982337605598,Static USR (k=1),"(-0.001, 80.0]","[0, 80]"
643,0.225616171956062,50.53246688842773,0.004464776525836494,Static USR (k=1),"(-0.001, 80.0]","[0, 80]"
644,0.3088373839855192,36.06108474731445,0.008564284356657324,Static USR (k=1),"(-0.001, 80.0]","[0, 80]"
645,0.24892683327198,28.28193473815918,0.00880161967618564,Static USR (k=1),"(-0.001, 80.0]","[0, 80]"
646,0.1820500642061232,37.2625617980957,0.004885602476623785,Static USR (k=1),"(-0.001, 80.0]","[0, 80]"
647,0.1504115611314772,25.0349235534668,0.006008069519774843,Static USR (k=1),"(-0.001, 80.0]","[0, 80]"
648,0.2462315112352368,16.853811264038086,0.014609841499805723,Static USR (k=1),"(-0.001, 80.0]","[0, 80]"
649,0.2385814934968948,13.872422218322754,0.017198257791042098,Static USR (k=1),"(-0.001, 80.0]","[0, 80]"
650,0.197677448391914,25.748430252075195,0.007677262126532245,Static USR (k=1),"(-0.001, 80.0]","[0, 80]"
651,0.1938372403383252,26.43918800354004,0.007331436968199312,Static USR (k=1),"(-0.001, 80.0]","[0, 80]"
652,0.2043129950761792,18.541234970092773,0.011019384383280748,Static USR (k=1),"(-0.001, 80.0]","[0, 80]"
653,0.18434102833271,18.111234664916992,0.010178269551649854,Static USR (k=1),"(-0.001, 80.0]","[0, 80]"
654,0.1876400262117384,19.30175399780273,0.009721397663295207,Static USR (k=1),"(-0.001, 80.0]","[0, 80]"
655,0.1911842375993728,17.09098243713379,0.011186263768195353,Static USR (k=1),"(-0.001, 80.0]","[0, 80]"
656,0.1592812091112136,17.438549041748047,0.009133856763535368,Static USR (k=1),"(-0.001, 80.0]","[0, 80]"
657,0.1982159167528152,17.81934356689453,0.011123637411709622,Static USR (k=1),"(-0.001, 80.0]","[0, 80]"
658,0.2741126716136932,14.653749465942385,0.01870597503053905,Static USR (k=1),"(-0.001, 80.0]","[0, 80]"
659,0.3024570643901824,18.598833084106445,0.01626215273949879,Static USR (k=1),"(-0.001, 80.0]","[0, 80]"
660,0.2267375737428664,34.02911758422852,0.006663045939456052,Static USR (k=1),"(-0.001, 80.0]","[0, 80]"
661,0.4352716505527496,36.14567565917969,0.012042150066773102,Static USR (k=1),"(-0.001, 80.0]","[0, 80]"
662,0.4200309813022612,29.066770553588867,0.01445055550728872,Static USR (k=1),"(-0.001, 80.0]","[0, 80]"
663,0.6121193766593932,48.52564239501953,0.01261434875352044,Static USR (k=1),"(-0.001, 80.0]","[0, 80]"
664,0.5343906879425048,47.36531448364258,0.011282321119752185,Static USR (k=1),"(-0.001, 80.0]","[0, 80]"
665,0.4890196025371548,66.56968688964844,0.007345980210899823,Static USR (k=1),"(-0.001, 80.0]","[0, 80]"
666,0.6885725855827332,57.76344680786133,0.011920559170804567,Static USR (k=1),"(-0.001, 80.0]","[0, 80]"
667,0.6955251693725584,53.19402694702149,0.013075249408458315,Static USR (k=1),"(-0.001, 80.0]","[0, 80]"
668,0.7768444418907164,76.66604614257812,0.010132835602947305,Static USR (k=1),"(-0.001, 80.0]","[0, 80]"
669,0.5519123673439024,77.43791961669922,0.007127159020745236,Static USR (k=1),"(-0.001, 80.0]","[0, 80]"
670,0.5454554557800292,85.89106750488281,0.006350549266942347,Static USR (k=1),"(80.0, 160.0]","(80, 160]"
671,1.0540591478347776,59.75531768798828,0.017639587380968092,Static USR (k=1),"(-0.001, 80.0]","[0, 80]"
672,0.6548454761505124,59.0105094909668,0.011097099174355625,Static USR (k=1),"(-0.001, 80.0]","[0, 80]"
673,0.5800837278366088,115.2499008178711,0.005033268781318194,Static USR (k=1),"(80.0, 160.0]","(80, 160]"
674,1.099522352218628,72.15628814697266,0.01523806698563885,Static USR (k=1),"(-0.001, 80.0]","[0, 80]"
675,0.8779325485229492,62.841156005859375,0.013970661972562852,Static USR (k=1),"(-0.001, 80.0]","[0, 80]"
676,1.039940357208252,120.23009490966795,0.008649584432163899,Static USR (k=1),"(80.0, 160.0]","(80, 160]"
677,0.826864957809448,96.88182067871094,0.00853477930138802,Static USR (k=1),"(80.0, 160.0]","(80, 160]"
678,0.971260607242584,113.7001724243164,0.00854229669606786,Static USR (k=1),"(80.0, 160.0]","(80, 160]"
679,0.9204673171043396,91.2836685180664,0.010083592520409775,Static USR (k=1),"(80.0, 160.0]","(80, 160]"
680,0.9809708595275876,106.44925689697266,0.009215384758176603,Static USR (k=1),"(80.0, 160.0]","(80, 160]"
681,1.0127651691436768,101.33781433105467,0.009993951180308,Static USR (k=1),"(80.0, 160.0]","(80, 160]"
682,1.1195857524871824,107.43669128417967,0.01042088823757405,Static USR (k=1),"(80.0, 160.0]","(80, 160]"
683,0.933214008808136,110.7709503173828,0.008424717907847459,Static USR (k=1),"(80.0, 160.0]","(80, 160]"
684,1.1354069709777832,122.4389190673828,0.009273252162189749,Static USR (k=1),"(80.0, 160.0]","(80, 160]"
685,0.8815396428108212,102.668212890625,0.008586295777349776,Static USR (k=1),"(80.0, 160.0]","(80, 160]"
686,1.608559727668762,124.14738464355467,0.012956855533341863,Static USR (k=1),"(80.0, 160.0]","(80, 160]"
687,1.0753250122070312,97.2655792236328,0.011055555529409292,Static USR (k=1),"(80.0, 160.0]","(80, 160]"
688,1.233332633972168,175.80557250976562,0.0070153216212964975,Static USR (k=1),"(160.0, 240.0]","(160, 240]"
689,1.3732470273971555,117.58977508544922,0.0116782860278392,Static USR (k=1),"(80.0, 160.0]","(80, 160]"
690,1.1038008928298948,135.2639923095703,0.008160345365998765,Static USR (k=1),"(80.0, 160.0]","(80, 160]"
691,0.999640882015228,150.59739685058594,0.006637836396382164,Static USR (k=1),"(80.0, 160.0]","(80, 160]"
692,1.259027361869812,120.69854736328124,0.010431172448831242,Static USR (k=1),"(80.0, 160.0]","(80, 160]"
693,1.0459840297698972,109.38629150390624,0.009562295378964782,Static USR (k=1),"(80.0, 160.0]","(80, 160]"
694,1.2896829843521116,138.29971313476562,0.009325275917928947,Static USR (k=1),"(80.0, 160.0]","(80, 160]"
695,1.0685937404632568,114.35638427734376,0.009344416992685262,Static USR (k=1),"(80.0, 160.0]","(80, 160]"
696,1.281583786010742,141.8462677001953,0.009035019438928652,Static USR (k=1),"(80.0, 160.0]","(80, 160]"
697,1.010072350502014,116.8662338256836,0.00864297853568745,Static USR (k=1),"(80.0, 160.0]","(80, 160]"
698,1.3191688060760496,140.93630981445312,0.009360035095375882,Static USR (k=1),"(80.0, 160.0]","(80, 160]"
699,1.2036786079406736,110.49284362792967,0.01089372459264335,Static USR (k=1),"(80.0, 160.0]","(80, 160]"
700,1.1668294668197632,145.0293731689453,0.008045469971524449,Static USR (k=1),"(80.0, 160.0]","(80, 160]"
701,1.3429386615753172,131.78839111328125,0.010190113485951644,Static USR (k=1),"(80.0, 160.0]","(80, 160]"
702,1.2782047986984253,127.61009979248048,0.010016486161965562,Static USR (k=1),"(80.0, 160.0]","(80, 160]"
703,1.2713701725006104,147.58560180664062,0.008614459384502133,Static USR (k=1),"(80.0, 160.0]","(80, 160]"
704,1.598870873451233,140.54840087890625,0.011375944965953677,Static USR (k=1),"(80.0, 160.0]","(80, 160]"
705,1.3400642871856687,139.7394256591797,0.009589736617739118,Static USR (k=1),"(80.0, 160.0]","(80, 160]"
706,1.2122209072113037,174.7187957763672,0.0069381253563749155,Static USR (k=1),"(160.0, 240.0]","(160, 240]"
707,1.489694595336914,147.28651428222656,0.010114263363463136,Static USR (k=1),"(80.0, 160.0]","(80, 160]"
708,1.6121340990066528,132.7748260498047,0.012141865645539849,Static USR (k=1),"(80.0, 160.0]","(80, 160]"
709,1.8619804382324217,162.74534606933594,0.01144106718381455,Static USR (k=1),"(160.0, 240.0]","(160, 240]"
710,1.898105263710022,176.2069549560547,0.01077202238801188,Static USR (k=1),"(160.0, 240.0]","(160, 240]"
711,2.034538745880127,205.0675811767578,0.009921308547187955,Static USR (k=1),"(160.0, 240.0]","(160, 240]"
712,2.1865384578704834,208.96588134765625,0.01046361465215818,Static USR (k=1),"(160.0, 240.0]","(160, 240]"
713,1.9967883825302124,224.3419189453125,0.008900647689551797,Static USR (k=1),"(160.0, 240.0]","(160, 240]"
714,1.5767549276351929,243.28746032714844,0.006481036570955741,Static USR (k=1),"(240.0, 320.0]","(240, 320]"
715,1.8413575887680051,219.95462036132807,0.008371534027078563,Static USR (k=1),"(160.0, 240.0]","(160, 240]"
716,1.957947015762329,172.2783966064453,0.011365017636164126,Static USR (k=1),"(160.0, 240.0]","(160, 240]"
717,1.8547172546386717,202.85797119140625,0.009142935048328254,Static USR (k=1),"(160.0, 240.0]","(160, 240]"
718,1.535443902015686,215.56173706054688,0.007122989093302822,Static USR (k=1),"(160.0, 240.0]","(160, 240]"
719,0.7940662503242492,204.2757873535156,0.0038872264824516573,Static USR (k=1),"(160.0, 240.0]","(160, 240]"
0,0.8207671642303463,160.6437530517578,0.005109237979306318,Static DPDK,"(160.0, 240.0]","(160, 240]"
1,0.820699155330658,175.68780517578125,0.004671349582343079,Static DPDK,"(160.0, 240.0]","(160, 240]"
2,0.8206891417503356,167.81863403320312,0.004890333820664761,Static DPDK,"(160.0, 240.0]","(160, 240]"
3,0.8208350539207456,160.0994415283203,0.005127032587278242,Static DPDK,"(160.0, 240.0]","(160, 240]"
4,0.8206606507301328,158.98829650878906,0.005161767681967495,Static DPDK,"(80.0, 160.0]","(80, 160]"
5,0.8206168413162231,176.3783721923828,0.004652593348696654,Static DPDK,"(160.0, 240.0]","(160, 240]"
6,0.8209586143493652,155.8834228515625,0.005266490813016789,Static DPDK,"(80.0, 160.0]","(80, 160]"
7,0.8207944631576536,151.2222137451172,0.005427737386129597,Static DPDK,"(80.0, 160.0]","(80, 160]"
8,0.8213800191879272,193.24801635742188,0.004250393016551041,Static DPDK,"(160.0, 240.0]","(160, 240]"
9,0.8210428357124328,171.16561889648438,0.004796774264631811,Static DPDK,"(160.0, 240.0]","(160, 240]"
10,0.8210783600807188,263.7792663574219,0.003112747910095991,Static DPDK,"(240.0, 320.0]","(240, 320]"
11,0.8211866021156308,205.6524810791016,0.003993078993293409,Static DPDK,"(160.0, 240.0]","(160, 240]"
12,0.8214457631111144,211.1239013671875,0.0038908231507263254,Static DPDK,"(160.0, 240.0]","(160, 240]"
13,0.8211996555328368,228.6915435791016,0.003590861483904384,Static DPDK,"(160.0, 240.0]","(160, 240]"
14,0.8211185336112976,277.73150634765625,0.002956519209539897,Static DPDK,"(240.0, 320.0]","(240, 320]"
15,0.8209959864616392,230.9044647216797,0.0035555656641426373,Static DPDK,"(160.0, 240.0]","(160, 240]"
16,0.8211719989776608,217.4733123779297,0.0037759667611564716,Static DPDK,"(160.0, 240.0]","(160, 240]"
17,0.8212147951126096,198.65396118164065,0.004133895897307208,Static DPDK,"(160.0, 240.0]","(160, 240]"
18,0.8209925293922424,226.23712158203125,0.0036289028239539327,Static DPDK,"(160.0, 240.0]","(160, 240]"
19,0.8209382891654968,233.5007476806641,0.003515784413196882,Static DPDK,"(160.0, 240.0]","(160, 240]"
20,0.8210228681564328,198.1498107910156,0.004143445128102333,Static DPDK,"(160.0, 240.0]","(160, 240]"
21,0.8210377693176268,190.3638458251953,0.004312992132295741,Static DPDK,"(160.0, 240.0]","(160, 240]"
22,0.8211585879325864,202.6382293701172,0.004052337954615398,Static DPDK,"(160.0, 240.0]","(160, 240]"
23,0.8210473060607908,204.8867034912109,0.004007323521099121,Static DPDK,"(160.0, 240.0]","(160, 240]"
24,0.8211355209350584,224.0075836181641,0.003665659473095066,Static DPDK,"(160.0, 240.0]","(160, 240]"
25,0.8211109638214108,206.3332672119141,0.003979537448888893,Static DPDK,"(160.0, 240.0]","(160, 240]"
26,0.8211945891380308,220.22344970703125,0.0037289152914028296,Static DPDK,"(160.0, 240.0]","(160, 240]"
27,0.8212161064147948,216.26312255859372,0.0037973006987924943,Static DPDK,"(160.0, 240.0]","(160, 240]"
28,0.8211367726325988,230.0411529541016,0.0035695212012627764,Static DPDK,"(160.0, 240.0]","(160, 240]"
29,0.8211234211921692,233.7275848388672,0.0035131643608017223,Static DPDK,"(160.0, 240.0]","(160, 240]"
30,0.8210693001747128,220.42495727539065,0.00372493800304518,Static DPDK,"(160.0, 240.0]","(160, 240]"
31,0.82126784324646,218.26634216308597,0.0037626866108051537,Static DPDK,"(160.0, 240.0]","(160, 240]"
32,0.821222364902496,209.71397399902344,0.003915916279886624,Static DPDK,"(160.0, 240.0]","(160, 240]"
33,0.8213126659393308,242.8209991455078,0.0033823790727719075,Static DPDK,"(240.0, 320.0]","(240, 320]"
34,0.8213155865669248,234.80870056152344,0.003497807298463916,Static DPDK,"(160.0, 240.0]","(160, 240]"
35,0.8214139938354492,250.99388122558597,0.0032726454916930277,Static DPDK,"(240.0, 320.0]","(240, 320]"
36,0.8216312527656552,251.533203125,0.0032664922267035402,Static DPDK,"(240.0, 320.0]","(240, 320]"
37,0.8217756152153012,270.5760803222656,0.00303713326853038,Static DPDK,"(240.0, 320.0]","(240, 320]"
38,0.8216659426689148,323.4707946777344,0.0025401549573819157,Static DPDK,"(320.0, 400.0]","(320, 400]"
39,0.821780741214752,364.17913818359375,0.0022565288756339124,Static DPDK,"(320.0, 400.0]","(320, 400]"
40,0.8215503692626952,332.8104858398437,0.0024685230911205267,Static DPDK,"(320.0, 400.0]","(320, 400]"
41,0.8216627836227416,365.72552490234375,0.002246665129107799,Static DPDK,"(320.0, 400.0]","(320, 400]"
42,0.8216778635978697,302.66680908203125,0.002714793426110928,Static DPDK,"(240.0, 320.0]","(240, 320]"
43,0.8215766549110411,331.9556579589844,0.0024749590350785743,Static DPDK,"(320.0, 400.0]","(320, 400]"
44,0.8215200304985044,336.0888366699219,0.002444353816206434,Static DPDK,"(320.0, 400.0]","(320, 400]"
45,0.8214367032051084,309.2767333984375,0.0026559925610274127,Static DPDK,"(240.0, 320.0]","(240, 320]"
46,0.8212745189666748,295.2187194824219,0.0027819188444639796,Static DPDK,"(240.0, 320.0]","(240, 320]"
47,0.8207030892372128,275.6679992675781,0.002977143126578847,Static DPDK,"(240.0, 320.0]","(240, 320]"
48,0.820704698562622,244.02870178222656,0.003363148238583125,Static DPDK,"(240.0, 320.0]","(240, 320]"
49,0.8206716179847716,160.5314483642578,0.005112217116004626,Static DPDK,"(160.0, 240.0]","(160, 240]"
50,0.8206453919410704,160.71133422851562,0.0051063317710634765,Static DPDK,"(160.0, 240.0]","(160, 240]"
51,0.820458114147186,157.07009887695312,0.005223515615088033,Static DPDK,"(80.0, 160.0]","(80, 160]"
52,0.820315420627594,154.24400329589844,0.005318297004091097,Static DPDK,"(80.0, 160.0]","(80, 160]"
53,0.819787323474884,136.81112670898438,0.005992110022006336,Static DPDK,"(80.0, 160.0]","(80, 160]"
54,0.8195781707763672,126.43498229980467,0.006482210507476247,Static DPDK,"(80.0, 160.0]","(80, 160]"
55,0.8195949196815489,98.24469757080078,0.008342383252703298,Static DPDK,"(80.0, 160.0]","(80, 160]"
56,0.81935715675354,83.8802261352539,0.009768180112346807,Static DPDK,"(80.0, 160.0]","(80, 160]"
57,0.8193084001541135,85.43559265136719,0.009589778390107563,Static DPDK,"(80.0, 160.0]","(80, 160]"
58,0.819304585456848,65.63836669921875,0.012482098910401432,Static DPDK,"(-0.001, 80.0]","[0, 80]"
59,0.8193501830101012,62.17499923706055,0.013178129361708339,Static DPDK,"(-0.001, 80.0]","[0, 80]"
60,0.8189663887023924,61.91144561767578,0.013228028848813968,Static DPDK,"(-0.001, 80.0]","[0, 80]"
61,0.8189718127250668,65.12913513183594,0.012574584493825761,Static DPDK,"(-0.001, 80.0]","[0, 80]"
62,0.8189384341239928,38.7056884765625,0.021158089840460675,Static DPDK,"(-0.001, 80.0]","[0, 80]"
63,0.818934977054596,40.42182922363281,0.020259720868243188,Static DPDK,"(-0.001, 80.0]","[0, 80]"
64,0.818907618522644,30.927318572998047,0.026478455175147776,Static DPDK,"(-0.001, 80.0]","[0, 80]"
65,0.8189107775688168,30.07522773742676,0.027228747350422654,Static DPDK,"(-0.001, 80.0]","[0, 80]"
66,0.8188914060592648,24.107799530029297,0.03396790341811299,Static DPDK,"(-0.001, 80.0]","[0, 80]"
67,0.8189023733139036,24.730207443237305,0.03311344537620689,Static DPDK,"(-0.001, 80.0]","[0, 80]"
68,0.818943440914154,21.12433242797852,0.03876777851826877,Static DPDK,"(-0.001, 80.0]","[0, 80]"
69,0.8189768791198728,23.100521087646484,0.03545274481093151,Static DPDK,"(-0.001, 80.0]","[0, 80]"
70,0.818968057632446,32.19617462158203,0.025436812517579895,Static DPDK,"(-0.001, 80.0]","[0, 80]"
71,0.8189223408699036,42.09807586669922,0.019452726140333994,Static DPDK,"(-0.001, 80.0]","[0, 80]"
72,0.818951904773712,39.22251129150391,0.020879639722383287,Static DPDK,"(-0.001, 80.0]","[0, 80]"
73,0.8189166188240048,27.16486549377441,0.030146168734451584,Static DPDK,"(-0.001, 80.0]","[0, 80]"
74,0.8189328908920288,34.475303649902344,0.023754189352712157,Static DPDK,"(-0.001, 80.0]","[0, 80]"
75,0.8190762996673584,25.935060501098636,0.031581815651930384,Static DPDK,"(-0.001, 80.0]","[0, 80]"
76,0.8194214105606076,29.580711364746094,0.02770120706215278,Static DPDK,"(-0.001, 80.0]","[0, 80]"
77,0.8196431398391724,47.99835968017578,0.017076482306908922,Static DPDK,"(-0.001, 80.0]","[0, 80]"
78,0.8195700049400328,70.49388122558594,0.0116261154967102,Static DPDK,"(-0.001, 80.0]","[0, 80]"
79,0.819761335849762,90.06549072265625,0.009101836111392534,Static DPDK,"(80.0, 160.0]","(80, 160]"
80,0.819541037082672,83.12713623046875,0.009858886932066404,Static DPDK,"(80.0, 160.0]","(80, 160]"
81,0.8197656869888305,97.02323150634766,0.008449169072823533,Static DPDK,"(80.0, 160.0]","(80, 160]"
82,0.8196775317192077,80.49644470214844,0.01018277931096416,Static DPDK,"(80.0, 160.0]","(80, 160]"
83,0.819864511489868,97.22684478759766,0.008432491183694678,Static DPDK,"(80.0, 160.0]","(80, 160]"
84,0.8201916217803952,92.72699737548828,0.0088452300300323,Static DPDK,"(80.0, 160.0]","(80, 160]"
85,0.8196293115615844,101.9574966430664,0.008038931305178559,Static DPDK,"(80.0, 160.0]","(80, 160]"
86,0.8194049596786496,119.3082275390625,0.006867966917121199,Static DPDK,"(80.0, 160.0]","(80, 160]"
87,0.8195735812187191,88.71131134033203,0.009238659296496109,Static DPDK,"(80.0, 160.0]","(80, 160]"
88,0.8195191621780396,69.21646881103516,0.011839944687374515,Static DPDK,"(-0.001, 80.0]","[0, 80]"
89,0.8196284770965576,83.45687866210938,0.009820981688219797,Static DPDK,"(80.0, 160.0]","(80, 160]"
90,0.8194787502288816,78.56983184814453,0.010429941504936974,Static DPDK,"(-0.001, 80.0]","[0, 80]"
91,0.8194868564605712,88.63238525390625,0.009245907735789547,Static DPDK,"(80.0, 160.0]","(80, 160]"
92,0.8195492029190063,75.12908935546875,0.010908547008221527,Static DPDK,"(-0.001, 80.0]","[0, 80]"
93,0.8197300434112548,75.8048324584961,0.01081369111738444,Static DPDK,"(-0.001, 80.0]","[0, 80]"
94,0.8198044896125792,81.22835540771484,0.010092590025954366,Static DPDK,"(80.0, 160.0]","(80, 160]"
95,0.8196727633476256,95.57491302490234,0.008576233421568035,Static DPDK,"(80.0, 160.0]","(80, 160]"
96,0.8205490708351132,99.05850982666016,0.008283478847713034,Static DPDK,"(80.0, 160.0]","(80, 160]"
97,0.8208091855049132,92.4367218017578,0.008879687309392495,Static DPDK,"(80.0, 160.0]","(80, 160]"
98,0.82088965177536,144.76991271972656,0.005670305634324696,Static DPDK,"(80.0, 160.0]","(80, 160]"
99,0.8210375308990476,173.03965759277344,0.004744794010349083,Static DPDK,"(160.0, 240.0]","(160, 240]"
100,0.8212706446647644,183.64317321777344,0.0044721000529154425,Static DPDK,"(160.0, 240.0]","(160, 240]"
101,0.8210391998291016,204.8489990234375,0.00400802153656198,Static DPDK,"(160.0, 240.0]","(160, 240]"
102,0.820870280265808,243.32659912109372,0.0033735328699403488,Static DPDK,"(240.0, 320.0]","(240, 320]"
103,0.820592939853668,205.1043701171875,0.004000855463902684,Static DPDK,"(160.0, 240.0]","(160, 240]"
104,0.8205466270446776,181.0352020263672,0.004532525265031978,Static DPDK,"(160.0, 240.0]","(160, 240]"
105,0.8206658363342284,148.88189697265625,0.005512193577738685,Static DPDK,"(80.0, 160.0]","(80, 160]"
106,0.8204479813575744,144.54718017578125,0.005675987455167525,Static DPDK,"(80.0, 160.0]","(80, 160]"
107,0.8203816413879392,156.44606018066406,0.005243862583951054,Static DPDK,"(80.0, 160.0]","(80, 160]"
108,0.8199812173843384,136.0037384033203,0.006029107927553261,Static DPDK,"(80.0, 160.0]","(80, 160]"
109,0.8198498487472532,130.83181762695312,0.006266440867503113,Static DPDK,"(80.0, 160.0]","(80, 160]"
110,0.8200137615203856,107.83934020996094,0.00760403170052632,Static DPDK,"(80.0, 160.0]","(80, 160]"
111,0.8199351429939268,101.242431640625,0.008098730242912458,Static DPDK,"(80.0, 160.0]","(80, 160]"
112,0.8201082348823544,109.5398178100586,0.0074868504556436025,Static DPDK,"(80.0, 160.0]","(80, 160]"
113,0.820059299468994,105.47917175292967,0.007774608824099124,Static DPDK,"(80.0, 160.0]","(80, 160]"
114,0.8203130960464476,114.6247787475586,0.007156507563282163,Static DPDK,"(80.0, 160.0]","(80, 160]"
115,0.8201966881752012,111.96395111083984,0.007325542552202711,Static DPDK,"(80.0, 160.0]","(80, 160]"
116,0.8206387758255004,126.2999267578125,0.006497539601896391,Static DPDK,"(80.0, 160.0]","(80, 160]"
117,0.8207695484161376,119.59820556640624,0.006862724608024406,Static DPDK,"(80.0, 160.0]","(80, 160]"
118,0.820496082305908,153.53518676757812,0.00534402634067184,Static DPDK,"(80.0, 160.0]","(80, 160]"
119,0.8208366632461548,168.0965118408203,0.004883127283589617,Static DPDK,"(160.0, 240.0]","(160, 240]"
120,0.820704996585846,139.9558563232422,0.0058640275451592744,Static DPDK,"(80.0, 160.0]","(80, 160]"
121,0.8211010694503784,176.59170532226562,0.004649714820704263,Static DPDK,"(160.0, 240.0]","(160, 240]"
122,0.8211041688919064,160.74717712402344,0.005108047205447277,Static DPDK,"(160.0, 240.0]","(160, 240]"
123,0.820740818977356,214.6936492919922,0.0038228462820579976,Static DPDK,"(160.0, 240.0]","(160, 240]"
124,0.8208307027816772,215.1798248291016,0.003814626689252075,Static DPDK,"(160.0, 240.0]","(160, 240]"
125,0.8209315538406372,164.7841339111328,0.004981860415538313,Static DPDK,"(160.0, 240.0]","(160, 240]"
126,0.8207828998565672,175.8147735595703,0.004668452390199541,Static DPDK,"(160.0, 240.0]","(160, 240]"
127,0.8209186196327208,189.42034912109372,0.004333845985617518,Static DPDK,"(160.0, 240.0]","(160, 240]"
128,0.820921003818512,169.7100830078125,0.004837196407362085,Static DPDK,"(160.0, 240.0]","(160, 240]"
129,0.8207451105117796,187.6143341064453,0.004374639679962405,Static DPDK,"(160.0, 240.0]","(160, 240]"
130,0.8211095333099364,187.94610595703125,0.004368856322554833,Static DPDK,"(160.0, 240.0]","(160, 240]"
131,0.8212015032768248,165.27438354492188,0.004968716177686548,Static DPDK,"(160.0, 240.0]","(160, 240]"
132,0.821158707141876,216.0363311767578,0.0038010213498303478,Static DPDK,"(160.0, 240.0]","(160, 240]"
133,0.821442365646362,231.2188873291016,0.0035526611823764012,Static DPDK,"(160.0, 240.0]","(160, 240]"
134,0.8215359449386596,224.0286102294922,0.0036671028048475066,Static DPDK,"(160.0, 240.0]","(160, 240]"
135,0.8215016126632688,276.9537658691406,0.0029662048829169002,Static DPDK,"(240.0, 320.0]","(240, 320]"
136,0.82161545753479,299.0990600585937,0.00274696770151613,Static DPDK,"(240.0, 320.0]","(240, 320]"
137,0.821566879749298,290.7749938964844,0.0028254385590040627,Static DPDK,"(240.0, 320.0]","(240, 320]"
138,0.821650683879852,319.28912353515625,0.0025733751115057375,Static DPDK,"(240.0, 320.0]","(240, 320]"
139,0.8213883042335508,306.7967224121094,0.002677304691443895,Static DPDK,"(240.0, 320.0]","(240, 320]"
140,0.8212496638298032,328.66424560546875,0.0024987496352604113,Static DPDK,"(320.0, 400.0]","(320, 400]"
141,0.8212591409683228,265.4051818847656,0.003094359858146626,Static DPDK,"(240.0, 320.0]","(240, 320]"
142,0.8209695816040036,239.5912628173828,0.0034265422367665763,Static DPDK,"(160.0, 240.0]","(160, 240]"
143,0.8206528425216671,241.27301025390625,0.003401345395649701,Static DPDK,"(240.0, 320.0]","(240, 320]"
144,0.8207225203514096,194.81544494628903,0.004212820603508537,Static DPDK,"(160.0, 240.0]","(160, 240]"
145,0.8206086754798888,155.0421600341797,0.005292809873772284,Static DPDK,"(80.0, 160.0]","(80, 160]"
146,0.8205038309097288,162.7118682861328,0.005042679673905856,Static DPDK,"(160.0, 240.0]","(160, 240]"
147,0.8204410076141356,150.38388061523438,0.005455644609366613,Static DPDK,"(80.0, 160.0]","(80, 160]"
148,0.8201919198036192,140.64842224121094,0.005831504589486233,Static DPDK,"(80.0, 160.0]","(80, 160]"
149,0.8195720314979552,135.4528045654297,0.00605060953981256,Static DPDK,"(80.0, 160.0]","(80, 160]"
150,0.819539964199066,119.32405090332033,0.00686818757823668,Static DPDK,"(80.0, 160.0]","(80, 160]"
151,0.8194710612297056,83.3116683959961,0.009836209945221656,Static DPDK,"(80.0, 160.0]","(80, 160]"
152,0.8191944360733032,80.40553283691406,0.010188284402453611,Static DPDK,"(80.0, 160.0]","(80, 160]"
153,0.8192647099494932,74.48958587646484,0.010998379173542187,Static DPDK,"(-0.001, 80.0]","[0, 80]"
154,0.8191754817962644,54.76216506958008,0.014958785518348863,Static DPDK,"(-0.001, 80.0]","[0, 80]"
155,0.8191993832588196,59.2230224609375,0.013832448078771218,Static DPDK,"(-0.001, 80.0]","[0, 80]"
156,0.8191297650337216,53.61891555786133,0.015276880490986078,Static DPDK,"(-0.001, 80.0]","[0, 80]"
157,0.8191112279891968,55.065425872802734,0.014875236412068912,Static DPDK,"(-0.001, 80.0]","[0, 80]"
158,0.8189490437507628,50.95166015625,0.016073059076767024,Static DPDK,"(-0.001, 80.0]","[0, 80]"
159,0.8189578056335448,49.90972518920898,0.016408782106670714,Static DPDK,"(-0.001, 80.0]","[0, 80]"
160,0.8197053670883176,33.689598083496094,0.02433111149194374,Static DPDK,"(-0.001, 80.0]","[0, 80]"
161,0.8194109201431272,36.130592346191406,0.02267914437415812,Static DPDK,"(-0.001, 80.0]","[0, 80]"
162,0.818971574306488,94.31413269042967,0.008683444897856664,Static DPDK,"(80.0, 160.0]","(80, 160]"
163,0.8190725445747375,69.67963409423828,0.011754834181060454,Static DPDK,"(-0.001, 80.0]","[0, 80]"
164,0.8189335465431212,40.35557174682617,0.02029294868328876,Static DPDK,"(-0.001, 80.0]","[0, 80]"
165,0.8189233541488647,47.79618835449219,0.01713365400761915,Static DPDK,"(-0.001, 80.0]","[0, 80]"
166,0.8189041614532468,29.732046127319336,0.02754281215448524,Static DPDK,"(-0.001, 80.0]","[0, 80]"
167,0.8189002275466916,27.38720703125,0.029900830216542003,Static DPDK,"(-0.001, 80.0]","[0, 80]"
168,0.8189651966094968,23.44199562072754,0.03493581390678886,Static DPDK,"(-0.001, 80.0]","[0, 80]"
169,0.8189198970794676,22.69793128967285,0.0360790543696844,Static DPDK,"(-0.001, 80.0]","[0, 80]"
170,0.8189260959625244,38.34646224975586,0.021355975177807653,Static DPDK,"(-0.001, 80.0]","[0, 80]"
171,0.819043219089508,26.63479423522949,0.03075087465876385,Static DPDK,"(-0.001, 80.0]","[0, 80]"
172,0.8190660476684568,28.0002384185791,0.029252109765071817,Static DPDK,"(-0.001, 80.0]","[0, 80]"
173,0.8195907473564148,46.25689315795898,0.017718240275187952,Static DPDK,"(-0.001, 80.0]","[0, 80]"
174,0.8195958733558651,47.45170211791992,0.017272212307982697,Static DPDK,"(-0.001, 80.0]","[0, 80]"
175,0.819399297237396,85.04790496826172,0.00963456181011373,Static DPDK,"(80.0, 160.0]","(80, 160]"
176,0.8196161389350888,85.52470397949219,0.009583384692353019,Static DPDK,"(80.0, 160.0]","(80, 160]"
177,0.819600224494934,68.78471374511719,0.011915441380362142,Static DPDK,"(-0.001, 80.0]","[0, 80]"
178,0.819632828235626,87.43982696533203,0.009373678524782447,Static DPDK,"(80.0, 160.0]","(80, 160]"
179,0.8199342489242551,85.92961883544922,0.009541928150459818,Static DPDK,"(80.0, 160.0]","(80, 160]"
180,0.8195255994796752,89.05438995361328,0.009202528925374149,Static DPDK,"(80.0, 160.0]","(80, 160]"
181,0.8191854953765868,105.4351806640625,0.007769565056152131,Static DPDK,"(80.0, 160.0]","(80, 160]"
182,0.8192937970161436,79.13188934326172,0.01035352250294664,Static DPDK,"(-0.001, 80.0]","[0, 80]"
183,0.8194222450256348,54.21966171264648,0.015113009176789247,Static DPDK,"(-0.001, 80.0]","[0, 80]"
184,0.8193629384040833,61.173770904541016,0.013394023717822843,Static DPDK,"(-0.001, 80.0]","[0, 80]"
185,0.8192821145057676,70.55815124511719,0.01161144531210296,Static DPDK,"(-0.001, 80.0]","[0, 80]"
186,0.8194831013679504,66.0616455078125,0.012404824237553055,Static DPDK,"(-0.001, 80.0]","[0, 80]"
187,0.8194065690040588,60.3840446472168,0.013569918573545349,Static DPDK,"(-0.001, 80.0]","[0, 80]"
188,0.819283664226532,75.49118041992188,0.01085270702708903,Static DPDK,"(-0.001, 80.0]","[0, 80]"
189,0.8195967674255368,69.34428405761719,0.01181924045454915,Static DPDK,"(-0.001, 80.0]","[0, 80]"
190,0.8198058605194092,60.4849853515625,0.013553873837521418,Static DPDK,"(-0.001, 80.0]","[0, 80]"
191,0.8197502493858336,85.60704803466797,0.009575733169234645,Static DPDK,"(80.0, 160.0]","(80, 160]"
192,0.82045578956604,99.12348175048828,0.008277108260091948,Static DPDK,"(80.0, 160.0]","(80, 160]"
193,0.8207449316978452,96.50794219970705,0.008504428889380428,Static DPDK,"(80.0, 160.0]","(80, 160]"
194,0.8210132122039792,136.62521362304688,0.006009236439103983,Static DPDK,"(80.0, 160.0]","(80, 160]"
195,0.820913016796112,165.25746154785156,0.0049674792841859685,Static DPDK,"(160.0, 240.0]","(160, 240]"
196,0.820898711681366,201.201171875,0.004079989713933499,Static DPDK,"(160.0, 240.0]","(160, 240]"
197,0.8209813237190244,186.8415679931641,0.0043939971845508245,Static DPDK,"(160.0, 240.0]","(160, 240]"
198,0.8207548856735228,184.8816070556641,0.004439353912725403,Static DPDK,"(160.0, 240.0]","(160, 240]"
199,0.8206959962844848,196.5148468017578,0.004176254413552756,Static DPDK,"(160.0, 240.0]","(160, 240]"
200,0.8205204010009765,166.40164184570312,0.004930963372115094,Static DPDK,"(160.0, 240.0]","(160, 240]"
201,0.8206498622894284,159.748779296875,0.005137127594348271,Static DPDK,"(80.0, 160.0]","(80, 160]"
202,0.820229351520538,142.14773559570312,0.005770259709612512,Static DPDK,"(80.0, 160.0]","(80, 160]"
203,0.8197686076164244,154.7196044921875,0.005298414575884068,Static DPDK,"(80.0, 160.0]","(80, 160]"
204,0.8196867108345032,121.4508819580078,0.006749121106571409,Static DPDK,"(80.0, 160.0]","(80, 160]"
205,0.8201022744178772,97.3636703491211,0.008423082978252578,Static DPDK,"(80.0, 160.0]","(80, 160]"
206,0.8198290467262268,93.29705810546876,0.008787297942443602,Static DPDK,"(80.0, 160.0]","(80, 160]"
207,0.8202390670776364,114.29834747314452,0.007176298566086962,Static DPDK,"(80.0, 160.0]","(80, 160]"
208,0.8203918933868408,100.2348175048828,0.008184699825954954,Static DPDK,"(80.0, 160.0]","(80, 160]"
209,0.8201497793197632,122.0044403076172,0.006722294510362653,Static DPDK,"(80.0, 160.0]","(80, 160]"
210,0.8201795816421508,131.6180877685547,0.006231511151297113,Static DPDK,"(80.0, 160.0]","(80, 160]"
211,0.82044780254364,116.93319702148438,0.007016380492811614,Static DPDK,"(80.0, 160.0]","(80, 160]"
212,0.8205736279487608,118.62008666992188,0.006917661679274688,Static DPDK,"(80.0, 160.0]","(80, 160]"
213,0.8204838633537292,135.99227905273438,0.006033312104693578,Static DPDK,"(80.0, 160.0]","(80, 160]"
214,0.8204209804534912,147.06065368652344,0.005578793238620523,Static DPDK,"(80.0, 160.0]","(80, 160]"
215,0.8206337094306944,138.88687133789062,0.00590864853909926,Static DPDK,"(80.0, 160.0]","(80, 160]"
216,0.8206657171249389,133.8757781982422,0.006130053757071004,Static DPDK,"(80.0, 160.0]","(80, 160]"
217,0.820781111717224,152.9968719482422,0.005364692109488936,Static DPDK,"(80.0, 160.0]","(80, 160]"
218,0.8207316994667052,156.42881774902344,0.005246678401568556,Static DPDK,"(80.0, 160.0]","(80, 160]"
219,0.8206861615180968,169.4835662841797,0.004842275741012083,Static DPDK,"(160.0, 240.0]","(160, 240]"
220,0.8204658627510067,163.75152587890625,0.005010431862221172,Static DPDK,"(160.0, 240.0]","(160, 240]"
221,0.8206277489662168,158.65945434570312,0.005172258737119761,Static DPDK,"(80.0, 160.0]","(80, 160]"
222,0.8203251361846924,137.4329833984375,0.005968910198263358,Static DPDK,"(80.0, 160.0]","(80, 160]"
223,0.8206320405006408,152.3700714111328,0.005385782344922376,Static DPDK,"(80.0, 160.0]","(80, 160]"
224,0.8208380937576292,127.01263427734376,0.00646264915634498,Static DPDK,"(80.0, 160.0]","(80, 160]"
225,0.82095593214035,152.820556640625,0.0053720255323432805,Static DPDK,"(80.0, 160.0]","(80, 160]"
226,0.8208880424499512,176.77700805664062,0.004643635795594712,Static DPDK,"(160.0, 240.0]","(160, 240]"
227,0.8208995461463928,192.86590576171875,0.004256322769461362,Static DPDK,"(160.0, 240.0]","(160, 240]"
228,0.8209156990051268,183.42355346679688,0.004475519547459471,Static DPDK,"(160.0, 240.0]","(160, 240]"
229,0.8206936717033384,184.990478515625,0.004436410340081473,Static DPDK,"(160.0, 240.0]","(160, 240]"
230,0.820800960063934,187.21275329589844,0.004384321824307664,Static DPDK,"(160.0, 240.0]","(160, 240]"
231,0.8209648728370664,159.4888916015625,0.005147473686681659,Static DPDK,"(80.0, 160.0]","(80, 160]"
232,0.8211840987205504,171.99127197265625,0.00477456843770017,Static DPDK,"(160.0, 240.0]","(160, 240]"
233,0.8212605118751524,194.13833618164065,0.004230285105084864,Static DPDK,"(160.0, 240.0]","(160, 240]"
234,0.8212780356407164,228.26318359375,0.003597943490976543,Static DPDK,"(160.0, 240.0]","(160, 240]"
235,0.8213050365447996,241.51046752929688,0.0034007016132547945,Static DPDK,"(240.0, 320.0]","(240, 320]"
236,0.8212922811508176,244.6593475341797,0.0033568808607898396,Static DPDK,"(240.0, 320.0]","(240, 320]"
237,0.8213863372802732,249.58541870117188,0.0032910029021515773,Static DPDK,"(240.0, 320.0]","(240, 320]"
238,0.8212538361549376,247.23959350585935,0.0033216922278084668,Static DPDK,"(240.0, 320.0]","(240, 320]"
239,0.8206851482391356,265.0201416015625,0.0030966897205608355,Static DPDK,"(240.0, 320.0]","(240, 320]"
240,0.8206527829170224,240.3233795166016,0.0034147854635188813,Static DPDK,"(240.0, 320.0]","(240, 320]"
241,0.8205499053001404,158.54978942871094,0.0051753452858988875,Static DPDK,"(80.0, 160.0]","(80, 160]"
242,0.8204792737960812,155.03573608398438,0.005292194525729343,Static DPDK,"(80.0, 160.0]","(80, 160]"
243,0.8204095959663388,144.84698486328125,0.005663974274236432,Static DPDK,"(80.0, 160.0]","(80, 160]"
244,0.8206627368927,138.514404296875,0.005924746534907596,Static DPDK,"(80.0, 160.0]","(80, 160]"
245,0.820532500743866,132.9854736328125,0.006170091201159657,Static DPDK,"(80.0, 160.0]","(80, 160]"
246,0.820030093193054,156.1044464111328,0.005253086071829997,Static DPDK,"(80.0, 160.0]","(80, 160]"
247,0.8197675347328184,143.25057983398438,0.005722612332060795,Static DPDK,"(80.0, 160.0]","(80, 160]"
248,0.8196085691452024,110.40299224853516,0.007423789450381288,Static DPDK,"(80.0, 160.0]","(80, 160]"
249,0.8195783495903012,97.31256103515624,0.008422122908616197,Static DPDK,"(80.0, 160.0]","(80, 160]"
250,0.81946063041687,86.71900939941406,0.009449607832148587,Static DPDK,"(80.0, 160.0]","(80, 160]"
251,0.8194245696067808,83.89701080322266,0.009767029382354407,Static DPDK,"(80.0, 160.0]","(80, 160]"
252,0.8193928599357604,73.62907409667969,0.011128659024828224,Static DPDK,"(-0.001, 80.0]","[0, 80]"
253,0.8194001913070676,70.73995971679688,0.011583271952479001,Static DPDK,"(-0.001, 80.0]","[0, 80]"
254,0.8193159103393552,68.29297637939453,0.011997074278733012,Static DPDK,"(-0.001, 80.0]","[0, 80]"
255,0.8191201686859128,68.8512954711914,0.011896946354896795,Static DPDK,"(-0.001, 80.0]","[0, 80]"
256,0.8189898133277892,62.69630813598633,0.013062807646527223,Static DPDK,"(-0.001, 80.0]","[0, 80]"
257,0.819169759750366,50.40756607055664,0.01625092865233277,Static DPDK,"(-0.001, 80.0]","[0, 80]"
258,0.8189553022384644,43.28965759277344,0.018918036033973545,Static DPDK,"(-0.001, 80.0]","[0, 80]"
259,0.8190661072731016,53.27710723876953,0.015373697066590555,Static DPDK,"(-0.001, 80.0]","[0, 80]"
260,0.8189631700515744,35.42388153076172,0.023118956327256107,Static DPDK,"(-0.001, 80.0]","[0, 80]"
261,0.8188955187797544,47.45611953735352,0.01725584659603674,Static DPDK,"(-0.001, 80.0]","[0, 80]"
262,0.8189142942428588,37.72016143798828,0.021710254225426606,Static DPDK,"(-0.001, 80.0]","[0, 80]"
263,0.8188663721084593,21.843610763549805,0.03748768374296857,Static DPDK,"(-0.001, 80.0]","[0, 80]"
264,0.8188591003417968,25.453271865844727,0.03217107429872733,Static DPDK,"(-0.001, 80.0]","[0, 80]"
265,0.8188961744308472,17.199329376220703,0.047612099083527606,Static DPDK,"(-0.001, 80.0]","[0, 80]"
266,0.8188321590423584,16.195720672607422,0.05055855034764136,Static DPDK,"(-0.001, 80.0]","[0, 80]"
267,0.8188059329986572,21.965463638305664,0.037276970178345706,Static DPDK,"(-0.001, 80.0]","[0, 80]"
268,0.8189002871513364,12.941641807556152,0.06327638326948676,Static DPDK,"(-0.001, 80.0]","[0, 80]"
269,0.8188666105270384,10.388400077819824,0.0788250937962423,Static DPDK,"(-0.001, 80.0]","[0, 80]"
270,0.8188968300819396,22.716663360595703,0.03604828830198704,Static DPDK,"(-0.001, 80.0]","[0, 80]"
271,0.8189358115196228,17.236968994140625,0.04751043015729762,Static DPDK,"(-0.001, 80.0]","[0, 80]"
272,0.818973124027252,22.08271789550781,0.03708660899000354,Static DPDK,"(-0.001, 80.0]","[0, 80]"
273,0.819054901599884,30.278791427612305,0.027050448944040704,Static DPDK,"(-0.001, 80.0]","[0, 80]"
274,0.8190369606018064,40.850399017333984,0.0200496685541374,Static DPDK,"(-0.001, 80.0]","[0, 80]"
275,0.8193117380142212,46.86515426635742,0.017482322438493958,Static DPDK,"(-0.001, 80.0]","[0, 80]"
276,0.8193826675415036,45.933895111083984,0.017838301445151864,Static DPDK,"(-0.001, 80.0]","[0, 80]"
277,0.819297194480896,62.40671920776367,0.013128349076536166,Static DPDK,"(-0.001, 80.0]","[0, 80]"
278,0.8192731142044064,67.52766418457031,0.012132407126731413,Static DPDK,"(-0.001, 80.0]","[0, 80]"
279,0.8195085525512692,61.40251159667969,0.013346498884836883,Static DPDK,"(-0.001, 80.0]","[0, 80]"
280,0.819623291492462,59.77944564819336,0.013710787756648133,Static DPDK,"(-0.001, 80.0]","[0, 80]"
281,0.8197913765907288,77.64921569824219,0.010557625974956075,Static DPDK,"(-0.001, 80.0]","[0, 80]"
282,0.819672346115112,88.1260986328125,0.009301130525820402,Static DPDK,"(80.0, 160.0]","(80, 160]"
283,0.8200815320014953,98.4356689453125,0.00833114196091972,Static DPDK,"(80.0, 160.0]","(80, 160]"
284,0.8199800848960876,92.40782928466795,0.00887349146975511,Static DPDK,"(80.0, 160.0]","(80, 160]"
285,0.8201596736907956,113.16378021240234,0.007247545744330915,Static DPDK,"(80.0, 160.0]","(80, 160]"
286,0.8200840950012204,107.78298950195312,0.0076086597596771955,Static DPDK,"(80.0, 160.0]","(80, 160]"
287,0.8204083442687988,117.49063873291016,0.006982754993219688,Static DPDK,"(80.0, 160.0]","(80, 160]"
288,0.8203228712081908,113.30455017089844,0.007239981712745774,Static DPDK,"(80.0, 160.0]","(80, 160]"
289,0.8204401731491088,132.88963317871094,0.006173846322878888,Static DPDK,"(80.0, 160.0]","(80, 160]"
290,0.8203036785125732,126.87689971923828,0.006465350905703058,Static DPDK,"(80.0, 160.0]","(80, 160]"
291,0.8202028274536132,135.38723754882812,0.006058199002382353,Static DPDK,"(80.0, 160.0]","(80, 160]"
292,0.8204051852226256,125.74337005615234,0.0065244408898557675,Static DPDK,"(80.0, 160.0]","(80, 160]"
293,0.8205112814903256,119.95101928710938,0.006840386070637605,Static DPDK,"(80.0, 160.0]","(80, 160]"
294,0.8207553625106812,132.6461944580078,0.00618755303055837,Static DPDK,"(80.0, 160.0]","(80, 160]"
295,0.8207777142524716,141.31793212890625,0.005808022392400854,Static DPDK,"(80.0, 160.0]","(80, 160]"
296,0.8204417824745176,166.45233154296875,0.004928989428199899,Static DPDK,"(160.0, 240.0]","(160, 240]"
297,0.8205646276473996,169.05531311035156,0.004853823358463585,Static DPDK,"(160.0, 240.0]","(160, 240]"
298,0.820421814918518,135.51058959960938,0.006054300385989044,Static DPDK,"(80.0, 160.0]","(80, 160]"
299,0.8206188678741452,146.2149658203125,0.005612413635431996,Static DPDK,"(80.0, 160.0]","(80, 160]"
300,0.8207338452339172,133.94232177734375,0.006127516936717337,Static DPDK,"(80.0, 160.0]","(80, 160]"
301,0.8207750320434568,151.43453979492188,0.0054199988533328,Static DPDK,"(80.0, 160.0]","(80, 160]"
302,0.820661664009094,163.99441528320312,0.005004204945588468,Static DPDK,"(160.0, 240.0]","(160, 240]"
303,0.8207705616950988,168.7374267578125,0.00486418797219863,Static DPDK,"(160.0, 240.0]","(160, 240]"
304,0.820546805858612,155.98973083496094,0.005260261694577578,Static DPDK,"(80.0, 160.0]","(80, 160]"
305,0.8206886053085324,168.21688842773438,0.004878752739865941,Static DPDK,"(160.0, 240.0]","(160, 240]"
306,0.8208737373352047,144.5638427734375,0.00567827834115955,Static DPDK,"(80.0, 160.0]","(80, 160]"
307,0.8207996487617492,158.9334716796875,0.005164422824765184,Static DPDK,"(80.0, 160.0]","(80, 160]"
308,0.8204949498176572,181.4979248046875,0.0045206850199560325,Static DPDK,"(160.0, 240.0]","(160, 240]"
309,0.8206223249435424,171.819580078125,0.004776069901756319,Static DPDK,"(160.0, 240.0]","(160, 240]"
310,0.82077819108963,139.85316467285156,0.005868856761372668,Static DPDK,"(80.0, 160.0]","(80, 160]"
311,0.8207318782806396,151.79568481445312,0.005406819563308787,Static DPDK,"(80.0, 160.0]","(80, 160]"
312,0.820845067501068,169.1206817626953,0.0048536054783225825,Static DPDK,"(160.0, 240.0]","(160, 240]"
313,0.8206700682640076,163.76625061035156,0.00501122829157654,Static DPDK,"(160.0, 240.0]","(160, 240]"
314,0.8206380009651184,177.6939697265625,0.004618265899669671,Static DPDK,"(160.0, 240.0]","(160, 240]"
315,0.820724070072174,156.9007110595703,0.005230849908389329,Static DPDK,"(80.0, 160.0]","(80, 160]"
316,0.82071316242218,153.45547485351562,0.005348216889658777,Static DPDK,"(80.0, 160.0]","(80, 160]"
317,0.8206271529197692,162.88783264160156,0.005037989269127159,Static DPDK,"(160.0, 240.0]","(160, 240]"
318,0.820445656776428,161.65701293945312,0.005075224649138587,Static DPDK,"(160.0, 240.0]","(160, 240]"
319,0.820422887802124,152.3063507080078,0.005386662368235632,Static DPDK,"(80.0, 160.0]","(80, 160]"
320,0.8206061124801636,135.81993103027344,0.006041868128303316,Static DPDK,"(80.0, 160.0]","(80, 160]"
321,0.8205980658531188,134.02244567871094,0.006122840556277569,Static DPDK,"(80.0, 160.0]","(80, 160]"
322,0.8209981322288512,150.1370391845703,0.00546832504948736,Static DPDK,"(80.0, 160.0]","(80, 160]"
323,0.8209596872329712,149.37303161621094,0.00549603685719046,Static DPDK,"(80.0, 160.0]","(80, 160]"
324,0.8210352659225464,198.9686584472656,0.004126455253454667,Static DPDK,"(160.0, 240.0]","(160, 240]"
325,0.8211431503295896,193.4003448486328,0.004245820507570799,Static DPDK,"(160.0, 240.0]","(160, 240]"
326,0.8212012052536009,204.50196838378903,0.004015615163725231,Static DPDK,"(160.0, 240.0]","(160, 240]"
327,0.8212673664093016,221.4680938720703,0.0037082875101805937,Static DPDK,"(160.0, 240.0]","(160, 240]"
328,0.8211387395858764,231.1701812744141,0.003552096274091385,Static DPDK,"(160.0, 240.0]","(160, 240]"
329,0.8212958574295044,242.7415313720703,0.003383417138333182,Static DPDK,"(240.0, 320.0]","(240, 320]"
330,0.821272611618042,220.7486114501953,0.0037203976334108683,Static DPDK,"(160.0, 240.0]","(160, 240]"
331,0.821089506149292,247.8919982910156,0.003312287253360089,Static DPDK,"(240.0, 320.0]","(240, 320]"
332,0.821129024028778,243.67816162109372,0.0033697275889071625,Static DPDK,"(240.0, 320.0]","(240, 320]"
333,0.821059226989746,212.86309814453125,0.0038572173107818694,Static DPDK,"(160.0, 240.0]","(160, 240]"
334,0.8209279775619504,219.1684417724609,0.0037456486477840264,Static DPDK,"(160.0, 240.0]","(160, 240]"
335,0.8202784061431884,208.1546936035156,0.003940715397490006,Static DPDK,"(160.0, 240.0]","(160, 240]"
336,0.8205664753913876,188.9217529296875,0.004343419763296312,Static DPDK,"(160.0, 240.0]","(160, 240]"
337,0.8205148577690125,124.26793670654295,0.006602788132763862,Static DPDK,"(80.0, 160.0]","(80, 160]"
338,0.8203927874565125,146.38623046875,0.005604302978698853,Static DPDK,"(80.0, 160.0]","(80, 160]"
339,0.8201746940612792,141.64498901367188,0.005790354461336533,Static DPDK,"(80.0, 160.0]","(80, 160]"
340,0.8196552991867064,131.6846160888672,0.006224381583294157,Static DPDK,"(80.0, 160.0]","(80, 160]"
341,0.819541037082672,118.34138488769533,0.006925227703397315,Static DPDK,"(80.0, 160.0]","(80, 160]"
342,0.819533348083496,91.26774597167967,0.008979441086863224,Static DPDK,"(80.0, 160.0]","(80, 160]"
343,0.8192970752716064,80.49822235107422,0.010177828172384147,Static DPDK,"(80.0, 160.0]","(80, 160]"
344,0.8192754387855528,79.81401824951172,0.010264806317912266,Static DPDK,"(-0.001, 80.0]","[0, 80]"
345,0.8192590475082396,61.39768981933594,0.0133434832795652,Static DPDK,"(-0.001, 80.0]","[0, 80]"
346,0.8191502094268795,59.93349456787109,0.013667653043311884,Static DPDK,"(-0.001, 80.0]","[0, 80]"
347,0.8192710280418396,58.85254669189453,0.01392074046227593,Static DPDK,"(-0.001, 80.0]","[0, 80]"
348,0.8190654516220092,52.12976837158203,0.015712048551294037,Static DPDK,"(-0.001, 80.0]","[0, 80]"
349,0.818960964679718,59.64213943481445,0.013731247276513226,Static DPDK,"(-0.001, 80.0]","[0, 80]"
350,0.8189467787742613,47.41964721679688,0.017270199734513752,Static DPDK,"(-0.001, 80.0]","[0, 80]"
351,0.8189457654953,37.066837310791016,0.022093758866686096,Static DPDK,"(-0.001, 80.0]","[0, 80]"
352,0.8189408183097836,33.07457733154297,0.024760431859812946,Static DPDK,"(-0.001, 80.0]","[0, 80]"
353,0.8189011216163632,32.8078498840332,0.024960523914580052,Static DPDK,"(-0.001, 80.0]","[0, 80]"
354,0.8189112544059752,31.524873733520508,0.025976670400910253,Static DPDK,"(-0.001, 80.0]","[0, 80]"
355,0.818907618522644,22.870859146118164,0.035805721739213106,Static DPDK,"(-0.001, 80.0]","[0, 80]"
356,0.8189209103584288,24.83626747131348,0.0329727851137174,Static DPDK,"(-0.001, 80.0]","[0, 80]"
357,0.818906545639038,24.10830307006836,0.033967821926701704,Static DPDK,"(-0.001, 80.0]","[0, 80]"
358,0.8188766241073608,26.85831069946289,0.030488761310060227,Static DPDK,"(-0.001, 80.0]","[0, 80]"
359,0.8189284801483152,23.904787063598636,0.03425792825384964,Static DPDK,"(-0.001, 80.0]","[0, 80]"
360,0.8189372420310972,18.716005325317383,0.043755984666413304,Static DPDK,"(-0.001, 80.0]","[0, 80]"
361,0.81893515586853,28.546646118164062,0.02868761368598907,Static DPDK,"(-0.001, 80.0]","[0, 80]"
362,0.8190174698829648,30.64091682434082,0.026729535365349968,Static DPDK,"(-0.001, 80.0]","[0, 80]"
363,0.819045841693878,30.129127502441406,0.02718451908796594,Static DPDK,"(-0.001, 80.0]","[0, 80]"
364,0.8189662694931028,44.942718505859375,0.01822244618750267,Static DPDK,"(-0.001, 80.0]","[0, 80]"
365,0.8191751837730408,46.391639709472656,0.017657819143775042,Static DPDK,"(-0.001, 80.0]","[0, 80]"
366,0.8192067742347716,38.6728401184082,0.02118300005188475,Static DPDK,"(-0.001, 80.0]","[0, 80]"
367,0.8192397356033324,53.60131072998047,0.015283949672990224,Static DPDK,"(-0.001, 80.0]","[0, 80]"
368,0.8192731738090512,55.52179336547852,0.014755884566193535,Static DPDK,"(-0.001, 80.0]","[0, 80]"
369,0.8194559812545776,57.5987663269043,0.014226971053576384,Static DPDK,"(-0.001, 80.0]","[0, 80]"
370,0.819510281085968,59.782447814941406,0.013708208864628459,Static DPDK,"(-0.001, 80.0]","[0, 80]"
371,0.8201864361763,73.25184631347656,0.011196802230299629,Static DPDK,"(-0.001, 80.0]","[0, 80]"
372,0.8205628395080564,77.79957580566406,0.010547137706222773,Static DPDK,"(-0.001, 80.0]","[0, 80]"
373,0.8191681504249572,119.01011657714844,0.006883180808363721,Static DPDK,"(80.0, 160.0]","(80, 160]"
374,0.8193981647491452,146.0486602783203,0.005610446293636957,Static DPDK,"(80.0, 160.0]","(80, 160]"
375,0.8194408416748044,53.18157958984375,0.015408358457846473,Static DPDK,"(-0.001, 80.0]","[0, 80]"
376,0.8196161389350888,68.69590759277344,0.011931076648608242,Static DPDK,"(-0.001, 80.0]","[0, 80]"
377,0.8194608092308044,72.03372955322266,0.011376070825617042,Static DPDK,"(-0.001, 80.0]","[0, 80]"
378,0.8193094134330748,87.44181060791016,0.009369767251353765,Static DPDK,"(80.0, 160.0]","(80, 160]"
379,0.8191956877708432,73.64738464355469,0.01112321492114976,Static DPDK,"(-0.001, 80.0]","[0, 80]"
380,0.8195577263832092,62.24346160888672,0.01316696895061823,Static DPDK,"(-0.001, 80.0]","[0, 80]"
381,0.8194184899330136,54.83914566040039,0.014942218374578355,Static DPDK,"(-0.001, 80.0]","[0, 80]"
382,0.819295823574066,82.00209045410156,0.009991157774601423,Static DPDK,"(80.0, 160.0]","(80, 160]"
383,0.8194018006324768,70.26559448242188,0.011661493888555429,Static DPDK,"(-0.001, 80.0]","[0, 80]"
384,0.8197486400604248,61.3083381652832,0.013370916005754992,Static DPDK,"(-0.001, 80.0]","[0, 80]"
385,0.8203269243240356,68.97578430175781,0.011892969868022654,Static DPDK,"(-0.001, 80.0]","[0, 80]"
386,0.820445954799652,96.43427276611328,0.008507825395121913,Static DPDK,"(80.0, 160.0]","(80, 160]"
387,0.8205767273902892,127.11753845214844,0.0064552597334881796,Static DPDK,"(80.0, 160.0]","(80, 160]"
388,0.8206799030303952,135.8424530029297,0.006041409624815121,Static DPDK,"(80.0, 160.0]","(80, 160]"
389,0.8204996585845944,147.3507843017578,0.005568342662529054,Static DPDK,"(80.0, 160.0]","(80, 160]"
390,0.8204768896102904,157.97714233398438,0.005193643064359873,Static DPDK,"(80.0, 160.0]","(80, 160]"
391,0.8200271129608152,140.27395629882812,0.005845897090218919,Static DPDK,"(80.0, 160.0]","(80, 160]"
392,0.8203252553939816,138.32113647460938,0.005930584987237745,Static DPDK,"(80.0, 160.0]","(80, 160]"
393,0.8199402093887328,110.24625396728516,0.007437352108417622,Static DPDK,"(80.0, 160.0]","(80, 160]"
394,0.8199410438537597,127.01949310302734,0.006455237883752958,Static DPDK,"(80.0, 160.0]","(80, 160]"
395,0.8196642398834229,105.73600006103516,0.007751988342761964,Static DPDK,"(80.0, 160.0]","(80, 160]"
396,0.8199521899223328,105.78032684326172,0.007751462057186528,Static DPDK,"(80.0, 160.0]","(80, 160]"
397,0.8196226954460144,91.91358184814452,0.008917318626535066,Static DPDK,"(80.0, 160.0]","(80, 160]"
398,0.819642186164856,106.34635925292967,0.007707289576462639,Static DPDK,"(80.0, 160.0]","(80, 160]"
399,0.8198716640472412,88.0693130493164,0.009309390929257453,Static DPDK,"(80.0, 160.0]","(80, 160]"
400,0.8195984959602356,89.97065734863281,0.009109619959586637,Static DPDK,"(80.0, 160.0]","(80, 160]"
401,0.8196362257003784,102.31085968017578,0.008011233883309798,Static DPDK,"(80.0, 160.0]","(80, 160]"
402,0.8198885917663572,85.7713394165039,0.009559004177199503,Static DPDK,"(80.0, 160.0]","(80, 160]"
403,0.8199059367179868,89.38508605957031,0.00917273756576756,Static DPDK,"(80.0, 160.0]","(80, 160]"
404,0.8196253776550292,103.14523315429688,0.007946323379083707,Static DPDK,"(80.0, 160.0]","(80, 160]"
405,0.819626986980438,104.00907135009766,0.007880341361971677,Static DPDK,"(80.0, 160.0]","(80, 160]"
406,0.8196713328361508,88.33182525634766,0.00927945653174701,Static DPDK,"(80.0, 160.0]","(80, 160]"
407,0.8195278644561768,88.48473358154297,0.00926179953631145,Static DPDK,"(80.0, 160.0]","(80, 160]"
408,0.819625914096832,92.34521484375,0.008875672827050714,Static DPDK,"(80.0, 160.0]","(80, 160]"
409,0.82009357213974,79.33457946777344,0.01033715156293065,Static DPDK,"(-0.001, 80.0]","[0, 80]"
410,0.8197475671768188,88.38123321533203,0.009275131578890577,Static DPDK,"(80.0, 160.0]","(80, 160]"
411,0.8196164369583128,113.81922912597656,0.007201036619666005,Static DPDK,"(80.0, 160.0]","(80, 160]"
412,0.8197475671768188,96.38306427001952,0.008505099660250228,Static DPDK,"(80.0, 160.0]","(80, 160]"
413,0.8198158144950864,87.46975708007812,0.009372563064792202,Static DPDK,"(80.0, 160.0]","(80, 160]"
414,0.8202013373374936,96.38273620605467,0.008509836612067143,Static DPDK,"(80.0, 160.0]","(80, 160]"
415,0.8202207088470456,99.59959411621094,0.008235181238690867,Static DPDK,"(80.0, 160.0]","(80, 160]"
416,0.8200297355651855,119.86627197265624,0.006841204970087414,Static DPDK,"(80.0, 160.0]","(80, 160]"
417,0.8204271793365476,120.96101379394533,0.0067825752579598,Static DPDK,"(80.0, 160.0]","(80, 160]"
418,0.8205558061599731,110.38349151611328,0.007433682291524473,Static DPDK,"(80.0, 160.0]","(80, 160]"
419,0.820740222930908,134.3607177734375,0.006108483465493696,Static DPDK,"(80.0, 160.0]","(80, 160]"
420,0.8208482265472412,145.39498901367188,0.005645643169105743,Static DPDK,"(80.0, 160.0]","(80, 160]"
421,0.8208445310592648,164.7183380126953,0.004983322081576612,Static DPDK,"(160.0, 240.0]","(160, 240]"
422,0.820781409740448,178.10353088378906,0.004608451082735695,Static DPDK,"(160.0, 240.0]","(160, 240]"
423,0.8210582733154296,177.61996459960938,0.004622556226526999,Static DPDK,"(160.0, 240.0]","(160, 240]"
424,0.8209032416343688,169.52114868164062,0.00484248276995821,Static DPDK,"(160.0, 240.0]","(160, 240]"
425,0.8207768797874448,208.012451171875,0.003945806489772381,Static DPDK,"(160.0, 240.0]","(160, 240]"
426,0.8208716511726376,185.4947662353516,0.004425308960637381,Static DPDK,"(160.0, 240.0]","(160, 240]"
427,0.8206210136413572,168.9560546875,0.004857008617768522,Static DPDK,"(160.0, 240.0]","(160, 240]"
428,0.8207421898841856,181.21441650390625,0.00452912194139087,Static DPDK,"(160.0, 240.0]","(160, 240]"
429,0.8206163644790648,151.6547393798828,0.005411082883624806,Static DPDK,"(80.0, 160.0]","(80, 160]"
430,0.8200079798698424,164.9420928955078,0.0049714900876717035,Static DPDK,"(160.0, 240.0]","(160, 240]"
431,0.8194769024848936,151.1704559326172,0.005420880008790658,Static DPDK,"(80.0, 160.0]","(80, 160]"
432,0.8206390738487244,109.23762512207033,0.007512421410953238,Static DPDK,"(80.0, 160.0]","(80, 160]"
433,0.8206765055656432,74.973388671875,0.01094623732638493,Static DPDK,"(-0.001, 80.0]","[0, 80]"
434,0.8206896185874936,153.5703582763672,0.005344062668074069,Static DPDK,"(80.0, 160.0]","(80, 160]"
435,0.8205260038375852,157.6027374267578,0.005206292842590412,Static DPDK,"(80.0, 160.0]","(80, 160]"
436,0.8194081187248228,159.03976440429688,0.005152221658489104,Static DPDK,"(80.0, 160.0]","(80, 160]"
437,0.81920325756073,142.65603637695312,0.005742506790221439,Static DPDK,"(80.0, 160.0]","(80, 160]"
438,0.8193806409835812,69.46321868896484,0.011795892221069087,Static DPDK,"(-0.001, 80.0]","[0, 80]"
439,0.8192884922027588,55.30534362792969,0.014813911974122712,Static DPDK,"(-0.001, 80.0]","[0, 80]"
440,0.8189567327499389,67.37357330322266,0.012155459367786954,Static DPDK,"(-0.001, 80.0]","[0, 80]"
441,0.8189735412597656,60.81262969970703,0.01346716208958336,Static DPDK,"(-0.001, 80.0]","[0, 80]"
442,0.8189300298690796,35.83094787597656,0.02285538280214307,Static DPDK,"(-0.001, 80.0]","[0, 80]"
443,0.8189356923103333,40.99383163452149,0.019977046781367365,Static DPDK,"(-0.001, 80.0]","[0, 80]"
444,0.8189599514007568,28.905473709106445,0.02833234838641478,Static DPDK,"(-0.001, 80.0]","[0, 80]"
445,0.8189104199409484,30.256275177001957,0.027065804205912595,Static DPDK,"(-0.001, 80.0]","[0, 80]"
446,0.8188801407814024,36.76713180541992,0.022272070204309206,Static DPDK,"(-0.001, 80.0]","[0, 80]"
447,0.8188439607620236,24.669191360473636,0.033192979404830486,Static DPDK,"(-0.001, 80.0]","[0, 80]"
448,0.8188101053237912,19.263078689575195,0.04250671029895732,Static DPDK,"(-0.001, 80.0]","[0, 80]"
449,0.8187967538833616,14.285483360290527,0.05731669928365025,Static DPDK,"(-0.001, 80.0]","[0, 80]"
450,0.8188260793685912,10.74827003479004,0.07618212760920705,Static DPDK,"(-0.001, 80.0]","[0, 80]"
451,0.8187931776046752,9.63591194152832,0.0849730863641339,Static DPDK,"(-0.001, 80.0]","[0, 80]"
452,0.8189180493354796,12.296305656433104,0.06659870632827375,Static DPDK,"(-0.001, 80.0]","[0, 80]"
453,0.8187575340270996,9.353482246398926,0.08753504977703035,Static DPDK,"(-0.001, 80.0]","[0, 80]"
454,0.8187012672424316,26.23872184753418,0.031202025464490003,Static DPDK,"(-0.001, 80.0]","[0, 80]"
455,0.818762958049774,6.932722091674805,0.11810122304383003,Static DPDK,"(-0.001, 80.0]","[0, 80]"
456,0.8188792467117308,4.211070537567139,0.19445868678913697,Static DPDK,"(-0.001, 80.0]","[0, 80]"
457,0.8188785910606384,7.262102127075195,0.11276054463729238,Static DPDK,"(-0.001, 80.0]","[0, 80]"
458,0.818835973739624,19.120996475219727,0.04282391740413803,Static DPDK,"(-0.001, 80.0]","[0, 80]"
459,0.818919777870178,19.019718170166016,0.04305635712072331,Static DPDK,"(-0.001, 80.0]","[0, 80]"
460,0.819095492362976,13.363261222839355,0.06129458061951579,Static DPDK,"(-0.001, 80.0]","[0, 80]"
461,0.8190110325813292,26.61296272277832,0.03077489121045245,Static DPDK,"(-0.001, 80.0]","[0, 80]"
462,0.819169282913208,49.03780746459961,0.016704851323227823,Static DPDK,"(-0.001, 80.0]","[0, 80]"
463,0.818960964679718,44.6180419921875,0.0183549283678364,Static DPDK,"(-0.001, 80.0]","[0, 80]"
464,0.8193491101264953,53.2499885559082,0.015386841055679189,Static DPDK,"(-0.001, 80.0]","[0, 80]"
465,0.8190336227416992,37.06343460083008,0.022098157700780274,Static DPDK,"(-0.001, 80.0]","[0, 80]"
466,0.8190824985504148,65.0533218383789,0.012590940407092145,Static DPDK,"(-0.001, 80.0]","[0, 80]"
467,0.8190687894821164,45.760738372802734,0.017898941726187674,Static DPDK,"(-0.001, 80.0]","[0, 80]"
468,0.819030463695526,48.332481384277344,0.016945756564486224,Static DPDK,"(-0.001, 80.0]","[0, 80]"
469,0.818973124027252,47.59851837158203,0.017205853292194224,Static DPDK,"(-0.001, 80.0]","[0, 80]"
470,0.8191037178039547,45.60140228271485,0.01796224845731191,Static DPDK,"(-0.001, 80.0]","[0, 80]"
471,0.8189684748649596,40.847015380859375,0.020049652764806962,Static DPDK,"(-0.001, 80.0]","[0, 80]"
472,0.8191406726837156,49.49134063720703,0.016551191827442534,Static DPDK,"(-0.001, 80.0]","[0, 80]"
473,0.8190207481384276,39.35213088989258,0.02081261496181874,Static DPDK,"(-0.001, 80.0]","[0, 80]"
474,0.8190467953681944,51.57735824584961,0.0158799679398877,Static DPDK,"(-0.001, 80.0]","[0, 80]"
475,0.8190737962722776,45.108158111572266,0.018157996924776862,Static DPDK,"(-0.001, 80.0]","[0, 80]"
476,0.8190539479255676,46.441253662109375,0.017636344485545612,Static DPDK,"(-0.001, 80.0]","[0, 80]"
477,0.8191973567008972,47.86325073242188,0.01711537231937288,Static DPDK,"(-0.001, 80.0]","[0, 80]"
478,0.819244623184204,46.81507110595703,0.01749959155952149,Static DPDK,"(-0.001, 80.0]","[0, 80]"
479,0.819340705871582,54.94151306152344,0.01491296217040993,Static DPDK,"(-0.001, 80.0]","[0, 80]"
480,0.8195874094963072,57.91355514526367,0.014151909815250484,Static DPDK,"(-0.001, 80.0]","[0, 80]"
481,0.8196367621421812,64.45060729980469,0.012717285320981995,Static DPDK,"(-0.001, 80.0]","[0, 80]"
482,0.8197197318077084,84.734375,0.009673992778110518,Static DPDK,"(80.0, 160.0]","(80, 160]"
483,0.82014125585556,89.4361572265625,0.009170130753470906,Static DPDK,"(80.0, 160.0]","(80, 160]"
484,0.820033609867096,95.0926513671875,0.008623522407642692,Static DPDK,"(80.0, 160.0]","(80, 160]"
485,0.8196454644203184,116.45648956298828,0.00703821201803437,Static DPDK,"(80.0, 160.0]","(80, 160]"
486,0.8199503421783444,110.5907974243164,0.0074142728081826445,Static DPDK,"(80.0, 160.0]","(80, 160]"
487,0.820059597492218,90.291748046875,0.009082331610929537,Static DPDK,"(80.0, 160.0]","(80, 160]"
488,0.8206738829612732,106.25155639648438,0.007723876343974453,Static DPDK,"(80.0, 160.0]","(80, 160]"
489,0.819642961025238,111.97953033447266,0.007319578485255646,Static DPDK,"(80.0, 160.0]","(80, 160]"
490,0.8200504183769224,157.32037353515625,0.005212614233932431,Static DPDK,"(80.0, 160.0]","(80, 160]"
491,0.8195830583572388,90.04519653320312,0.009101907596537112,Static DPDK,"(80.0, 160.0]","(80, 160]"
492,0.8201318383216856,111.48442840576172,0.00735646986803136,Static DPDK,"(80.0, 160.0]","(80, 160]"
493,0.8196493983268736,84.33121490478516,0.009719406974657075,Static DPDK,"(80.0, 160.0]","(80, 160]"
494,0.819766283035278,115.93183135986328,0.0070711061269328745,Static DPDK,"(80.0, 160.0]","(80, 160]"
495,0.8201350569725036,90.6847152709961,0.009043806936170745,Static DPDK,"(80.0, 160.0]","(80, 160]"
496,0.8199196457862852,97.2563018798828,0.00843050403868876,Static DPDK,"(80.0, 160.0]","(80, 160]"
497,0.8197952508926392,116.11011505126952,0.007060498136020715,Static DPDK,"(80.0, 160.0]","(80, 160]"
498,0.8196249008178708,104.6955108642578,0.007828653722130928,Static DPDK,"(80.0, 160.0]","(80, 160]"
499,0.8196827173233032,98.6200714111328,0.00831152021687517,Static DPDK,"(80.0, 160.0]","(80, 160]"
500,0.8198937773704528,88.28511047363281,0.009286886236783063,Static DPDK,"(80.0, 160.0]","(80, 160]"
501,0.820126175880432,93.04924774169922,0.008813893672274146,Static DPDK,"(80.0, 160.0]","(80, 160]"
502,0.8199450373649596,103.40227508544922,0.00792966147686186,Static DPDK,"(80.0, 160.0]","(80, 160]"
503,0.8198556900024412,115.61650848388672,0.007091164581541598,Static DPDK,"(80.0, 160.0]","(80, 160]"
504,0.8196972012519836,105.9831771850586,0.007734219930213073,Static DPDK,"(80.0, 160.0]","(80, 160]"
505,0.8202306032180784,101.52835845947266,0.008078832512056147,Static DPDK,"(80.0, 160.0]","(80, 160]"
506,0.8205801248550412,93.87445068359376,0.008741250882211045,Static DPDK,"(80.0, 160.0]","(80, 160]"
507,0.8196009397506712,121.52259063720705,0.006744432746644645,Static DPDK,"(80.0, 160.0]","(80, 160]"
508,0.8194361329078672,147.67044067382812,0.005549087069617564,Static DPDK,"(80.0, 160.0]","(80, 160]"
509,0.81964635848999,86.00104522705078,0.00953065577663675,Static DPDK,"(80.0, 160.0]","(80, 160]"
510,0.81962651014328,71.65619659423828,0.011438320049060272,Static DPDK,"(-0.001, 80.0]","[0, 80]"
511,0.8193328380584716,90.38323211669922,0.009065097793809606,Static DPDK,"(80.0, 160.0]","(80, 160]"
512,0.81932657957077,88.44154357910156,0.009264046582791372,Static DPDK,"(80.0, 160.0]","(80, 160]"
513,0.81942218542099,63.88871383666992,0.0128257736963656,Static DPDK,"(-0.001, 80.0]","[0, 80]"
514,0.8200125098228452,63.44495391845703,0.012924786908613263,Static DPDK,"(-0.001, 80.0]","[0, 80]"
515,0.8200830817222592,70.55473327636719,0.011623360243032085,Static DPDK,"(-0.001, 80.0]","[0, 80]"
516,0.8203287720680236,109.47449493408205,0.007493332328794654,Static DPDK,"(80.0, 160.0]","(80, 160]"
517,0.8201966881752012,113.24919891357422,0.007242406092436308,Static DPDK,"(80.0, 160.0]","(80, 160]"
518,0.8202809691429136,127.22810363769533,0.006447325281832461,Static DPDK,"(80.0, 160.0]","(80, 160]"
519,0.820360481739044,119.59764862060548,0.006859336209371796,Static DPDK,"(80.0, 160.0]","(80, 160]"
520,0.8204511404037476,124.4174346923828,0.006594342203183024,Static DPDK,"(80.0, 160.0]","(80, 160]"
521,0.82025808095932,129.22222900390625,0.006347654635600849,Static DPDK,"(80.0, 160.0]","(80, 160]"
522,0.820249319076538,136.25363159179688,0.006020018031768343,Static DPDK,"(80.0, 160.0]","(80, 160]"
523,0.8208014369010924,123.0910415649414,0.006668246742132303,Static DPDK,"(80.0, 160.0]","(80, 160]"
524,0.8205487132072448,122.58746337890624,0.006693577716597385,Static DPDK,"(80.0, 160.0]","(80, 160]"
525,0.8202657103538512,172.04931640625,0.004767619700487538,Static DPDK,"(160.0, 240.0]","(160, 240]"
526,0.8199355602264404,144.73619079589844,0.005665034817606074,Static DPDK,"(80.0, 160.0]","(80, 160]"
527,0.8196493983268736,123.53145599365234,0.0066351472322077314,Static DPDK,"(80.0, 160.0]","(80, 160]"
528,0.8201491832733152,105.49957275390624,0.007773957390201358,Static DPDK,"(80.0, 160.0]","(80, 160]"
529,0.8202263712882996,90.68089294433594,0.00904519513048677,Static DPDK,"(80.0, 160.0]","(80, 160]"
530,0.8201058506965636,116.90152740478516,0.007015356162600439,Static DPDK,"(80.0, 160.0]","(80, 160]"
531,0.8199830651283264,121.2823486328125,0.006760943157613646,Static DPDK,"(80.0, 160.0]","(80, 160]"
532,0.8195525407791135,114.4949722290039,0.007157978423191444,Static DPDK,"(80.0, 160.0]","(80, 160]"
533,0.8191813230514524,107.93610382080078,0.00758950243758553,Static DPDK,"(80.0, 160.0]","(80, 160]"
534,0.8189725875854492,81.53327941894531,0.010044641812790255,Static DPDK,"(80.0, 160.0]","(80, 160]"
535,0.8189586400985716,53.96904373168945,0.015174599797804028,Static DPDK,"(-0.001, 80.0]","[0, 80]"
536,0.8189737200737,40.68331146240234,0.020130458672975974,Static DPDK,"(-0.001, 80.0]","[0, 80]"
537,0.8189265727996824,36.385738372802734,0.02250680100013597,Static DPDK,"(-0.001, 80.0]","[0, 80]"
538,0.8189457654953,41.040794372558594,0.019954432608226453,Static DPDK,"(-0.001, 80.0]","[0, 80]"
539,0.8189777135848996,28.11579132080078,0.02912874491919418,Static DPDK,"(-0.001, 80.0]","[0, 80]"
540,0.8189349174499512,32.80276107788086,0.024965426401320982,Static DPDK,"(-0.001, 80.0]","[0, 80]"
541,0.818953454494476,42.37998962402344,0.019324059815961955,Static DPDK,"(-0.001, 80.0]","[0, 80]"
542,0.8189361691474912,30.068639755249023,0.027235557571390675,Static DPDK,"(-0.001, 80.0]","[0, 80]"
543,0.8189213275909424,34.8932991027832,0.023469300657948465,Static DPDK,"(-0.001, 80.0]","[0, 80]"
544,0.8188804388046264,30.37815284729004,0.026956228804335503,Static DPDK,"(-0.001, 80.0]","[0, 80]"
545,0.8188683986663816,26.9478816986084,0.03038711568593046,Static DPDK,"(-0.001, 80.0]","[0, 80]"
546,0.8188340067863464,19.314794540405277,0.04239413497634674,Static DPDK,"(-0.001, 80.0]","[0, 80]"
547,0.8187993168830872,17.492660522460938,0.046808163677088,Static DPDK,"(-0.001, 80.0]","[0, 80]"
548,0.8188213109970092,13.144339561462402,0.06229459511208104,Static DPDK,"(-0.001, 80.0]","[0, 80]"
549,0.8188427686691284,9.837475776672363,0.08323708106208025,Static DPDK,"(-0.001, 80.0]","[0, 80]"
550,0.818888247013092,11.811033248901367,0.06933248173602957,Static DPDK,"(-0.001, 80.0]","[0, 80]"
551,0.8189133405685424,14.140249252319336,0.057913642535984376,Static DPDK,"(-0.001, 80.0]","[0, 80]"
552,0.81888210773468,20.584943771362305,0.039780633691791065,Static DPDK,"(-0.001, 80.0]","[0, 80]"
553,0.818801701068878,25.257081985473636,0.032418697517781495,Static DPDK,"(-0.001, 80.0]","[0, 80]"
554,0.8187776803970336,19.582651138305664,0.04181138062534449,Static DPDK,"(-0.001, 80.0]","[0, 80]"
555,0.8188677430152892,10.03261375427246,0.08162057895098061,Static DPDK,"(-0.001, 80.0]","[0, 80]"
556,0.818832457065582,8.222972869873047,0.09957864023431028,Static DPDK,"(-0.001, 80.0]","[0, 80]"
557,0.8187934756278992,17.399887084960938,0.04705740167334754,Static DPDK,"(-0.001, 80.0]","[0, 80]"
558,0.8189554214477536,12.973848342895508,0.0631235543844024,Static DPDK,"(-0.001, 80.0]","[0, 80]"
559,0.8189135193824768,9.375703811645508,0.08734421818715188,Static DPDK,"(-0.001, 80.0]","[0, 80]"
560,0.8188940286636353,35.44527053833008,0.02310305482865742,Static DPDK,"(-0.001, 80.0]","[0, 80]"
561,0.8189551830291748,25.29745101928711,0.03237303167045536,Static DPDK,"(-0.001, 80.0]","[0, 80]"
562,0.8191432356834412,21.58346176147461,0.0379523565188959,Static DPDK,"(-0.001, 80.0]","[0, 80]"
563,0.8189175724983212,35.37828826904297,0.02314746169375577,Static DPDK,"(-0.001, 80.0]","[0, 80]"
564,0.8189234137535092,51.72565460205078,0.015832055100198597,Static DPDK,"(-0.001, 80.0]","[0, 80]"
565,0.8189716935157776,26.135417938232425,0.03133570297024934,Static DPDK,"(-0.001, 80.0]","[0, 80]"
566,0.8189588785171508,27.398414611816406,0.029890739669438744,Static DPDK,"(-0.001, 80.0]","[0, 80]"
567,0.8189572691917416,40.39064407348633,0.02027591507829732,Static DPDK,"(-0.001, 80.0]","[0, 80]"
568,0.8192683458328244,36.45577239990234,0.022472938903772045,Static DPDK,"(-0.001, 80.0]","[0, 80]"
569,0.8194245696067808,35.99109649658203,0.022767424429111213,Static DPDK,"(-0.001, 80.0]","[0, 80]"
570,0.8190807104110716,59.46209716796875,0.013774837239549916,Static DPDK,"(-0.001, 80.0]","[0, 80]"
571,0.8192995786666868,70.74176788330078,0.011581553630639329,Static DPDK,"(-0.001, 80.0]","[0, 80]"
572,0.8192266821861264,48.23581314086914,0.01698378505185836,Static DPDK,"(-0.001, 80.0]","[0, 80]"
573,0.819166839122772,61.56719970703125,0.013305247648436078,Static DPDK,"(-0.001, 80.0]","[0, 80]"
574,0.819196820259094,56.768802642822266,0.01443040511904599,Static DPDK,"(-0.001, 80.0]","[0, 80]"
575,0.819244921207428,53.10567855834961,0.01542669152240069,Static DPDK,"(-0.001, 80.0]","[0, 80]"
576,0.819328725337982,54.90949630737305,0.014921439467438085,Static DPDK,"(-0.001, 80.0]","[0, 80]"
577,0.81945663690567,57.9325065612793,0.014145022985305719,Static DPDK,"(-0.001, 80.0]","[0, 80]"
578,0.8194715976715088,63.59574890136719,0.01288563483924775,Static DPDK,"(-0.001, 80.0]","[0, 80]"
579,0.8197279572486876,73.30752563476562,0.011182043728126282,Static DPDK,"(-0.001, 80.0]","[0, 80]"
580,0.8195390701293944,74.53402709960938,0.010995502350009068,Static DPDK,"(-0.001, 80.0]","[0, 80]"
581,0.819428205490112,95.47765350341795,0.008582408295788057,Static DPDK,"(80.0, 160.0]","(80, 160]"
582,0.8195822238922116,80.32561492919922,0.010203248672476514,Static DPDK,"(80.0, 160.0]","(80, 160]"
583,0.819564700126648,71.02964782714844,0.01153834666505836,Static DPDK,"(-0.001, 80.0]","[0, 80]"
584,0.8193901181221008,84.25395965576172,0.009725241655939985,Static DPDK,"(80.0, 160.0]","(80, 160]"
585,0.8193285465240476,82.6358871459961,0.009914924070174348,Static DPDK,"(80.0, 160.0]","(80, 160]"
586,0.8193583488464355,68.08830261230469,0.012033760828374122,Static DPDK,"(-0.001, 80.0]","[0, 80]"
587,0.8193979859352112,63.58346557617188,0.012886966422954513,Static DPDK,"(-0.001, 80.0]","[0, 80]"
588,0.819475531578064,65.72673797607422,0.01246791727099508,Static DPDK,"(-0.001, 80.0]","[0, 80]"
589,0.8194531798362732,68.68428039550781,0.011930723815079355,Static DPDK,"(-0.001, 80.0]","[0, 80]"
590,0.8193781375885008,74.85857391357422,0.010945681900572804,Static DPDK,"(-0.001, 80.0]","[0, 80]"
591,0.8194908499717712,73.0252685546875,0.01122201761378073,Static DPDK,"(-0.001, 80.0]","[0, 80]"
592,0.8193785548210144,67.18517303466797,0.01219582413515866,Static DPDK,"(-0.001, 80.0]","[0, 80]"
593,0.8195136189460752,76.14306640625,0.010762813446121046,Static DPDK,"(-0.001, 80.0]","[0, 80]"
594,0.8196567893028256,67.21638488769531,0.012194300402681619,Static DPDK,"(-0.001, 80.0]","[0, 80]"
595,0.8194844126701352,78.08684539794922,0.010494525787203297,Static DPDK,"(-0.001, 80.0]","[0, 80]"
596,0.8201020956039428,91.41594696044922,0.008971105401979339,Static DPDK,"(80.0, 160.0]","(80, 160]"
597,0.8197340965270996,75.60118103027344,0.010842874216460303,Static DPDK,"(-0.001, 80.0]","[0, 80]"
598,0.8196039795875548,114.28624725341795,0.007171501377328172,Static DPDK,"(80.0, 160.0]","(80, 160]"
599,0.8199271559715268,95.76021575927734,0.00856229436692859,Static DPDK,"(80.0, 160.0]","(80, 160]"
600,0.8198766112327576,86.28790283203125,0.009501640256905261,Static DPDK,"(80.0, 160.0]","(80, 160]"
601,0.819684028625488,105.0763931274414,0.007800839029860285,Static DPDK,"(80.0, 160.0]","(80, 160]"
602,0.8198292851448056,102.55403137207033,0.007994120505808597,Static DPDK,"(80.0, 160.0]","(80, 160]"
603,0.8195921778678892,93.1305923461914,0.008800461343800381,Static DPDK,"(80.0, 160.0]","(80, 160]"
604,0.8198253512382504,100.24506378173828,0.008178211677566896,Static DPDK,"(80.0, 160.0]","(80, 160]"
605,0.819594383239746,85.17623901367188,0.009622335908823006,Static DPDK,"(80.0, 160.0]","(80, 160]"
606,0.8193628191947936,100.05581665039062,0.00818905733444528,Static DPDK,"(80.0, 160.0]","(80, 160]"
607,0.8195275664329528,85.38433074951172,0.009598102593755346,Static DPDK,"(80.0, 160.0]","(80, 160]"
608,0.8197031617164612,66.05128479003906,0.012410101700854083,Static DPDK,"(-0.001, 80.0]","[0, 80]"
609,0.81993168592453,79.30760192871094,0.010338626638358843,Static DPDK,"(-0.001, 80.0]","[0, 80]"
610,0.8199025988578796,94.19449615478516,0.008704357816305682,Static DPDK,"(80.0, 160.0]","(80, 160]"
611,0.8202382922172544,105.30479431152344,0.007789182796281254,Static DPDK,"(80.0, 160.0]","(80, 160]"
612,0.8199479579925536,103.84104919433594,0.007896183295086333,Static DPDK,"(80.0, 160.0]","(80, 160]"
613,0.820156455039978,121.9599838256836,0.0067247996376600125,Static DPDK,"(80.0, 160.0]","(80, 160]"
614,0.82026869058609,106.13031005859376,0.007728882447749617,Static DPDK,"(80.0, 160.0]","(80, 160]"
615,0.8203690052032468,117.3101806640625,0.006993161212090466,Static DPDK,"(80.0, 160.0]","(80, 160]"
616,0.8206334710121151,123.70511627197266,0.00663378763743212,Static DPDK,"(80.0, 160.0]","(80, 160]"
617,0.8205193877220152,129.87014770507812,0.0063179984178144705,Static DPDK,"(80.0, 160.0]","(80, 160]"
618,0.8205177187919616,152.97195434570312,0.005363844126209331,Static DPDK,"(80.0, 160.0]","(80, 160]"
619,0.8203272223472592,142.0511932373047,0.005774870338307228,Static DPDK,"(80.0, 160.0]","(80, 160]"
620,0.8204168677330016,141.904541015625,0.0057814701478979885,Static DPDK,"(80.0, 160.0]","(80, 160]"
621,0.820601224899292,127.13544464111328,0.0064545432409957885,Static DPDK,"(80.0, 160.0]","(80, 160]"
622,0.8203387260437012,133.55258178710938,0.0061424400417160714,Static DPDK,"(80.0, 160.0]","(80, 160]"
623,0.8195893764495848,149.67422485351562,0.005475821753890539,Static DPDK,"(80.0, 160.0]","(80, 160]"
624,0.8201882243156432,127.82191467285156,0.006416647930950178,Static DPDK,"(80.0, 160.0]","(80, 160]"
625,0.820277154445648,84.92028045654297,0.009659378773076661,Static DPDK,"(80.0, 160.0]","(80, 160]"
626,0.8202724456787108,119.1122589111328,0.006886549320592595,Static DPDK,"(80.0, 160.0]","(80, 160]"
627,0.820105731487274,124.1944351196289,0.006603401599252948,Static DPDK,"(80.0, 160.0]","(80, 160]"
628,0.8194524049758908,123.92302703857422,0.006612591901267996,Static DPDK,"(80.0, 160.0]","(80, 160]"
629,0.8195378780364988,114.48821258544922,0.007158272974388783,Static DPDK,"(80.0, 160.0]","(80, 160]"
630,0.8195786476135252,72.96353912353516,0.011232715099330501,Static DPDK,"(-0.001, 80.0]","[0, 80]"
631,0.8193786144256592,80.2190170288086,0.010214268944873763,Static DPDK,"(80.0, 160.0]","(80, 160]"
632,0.81923109292984,83.9251480102539,0.009761449486270158,Static DPDK,"(80.0, 160.0]","(80, 160]"
633,0.81954950094223,67.22142028808594,0.012191790911735374,Static DPDK,"(-0.001, 80.0]","[0, 80]"
634,0.8194762468338012,57.047813415527344,0.014364726669975314,Static DPDK,"(-0.001, 80.0]","[0, 80]"
635,0.8193058371543884,81.2591781616211,0.010082625196194126,Static DPDK,"(80.0, 160.0]","(80, 160]"
636,0.819293975830078,74.91910552978516,0.010935714862537381,Static DPDK,"(-0.001, 80.0]","[0, 80]"
637,0.8195182085037231,61.99679183959961,0.013218719617363603,Static DPDK,"(-0.001, 80.0]","[0, 80]"
638,0.8193452954292296,61.18253326416016,0.0133918171039379,Static DPDK,"(-0.001, 80.0]","[0, 80]"
639,0.8193429708480832,78.4859390258789,0.010439359979854786,Static DPDK,"(-0.001, 80.0]","[0, 80]"
640,0.8192598819732664,64.77690124511719,0.012647407736797556,Static DPDK,"(-0.001, 80.0]","[0, 80]"
641,0.8191223740577696,64.61161041259766,0.012677634388417304,Static DPDK,"(-0.001, 80.0]","[0, 80]"
642,0.8189575672149656,58.90651321411133,0.01390266580943685,Static DPDK,"(-0.001, 80.0]","[0, 80]"
643,0.8189273476600644,50.53246688842773,0.016205964166922635,Static DPDK,"(-0.001, 80.0]","[0, 80]"
644,0.8189616203308104,36.06108474731445,0.022710398926416107,Static DPDK,"(-0.001, 80.0]","[0, 80]"
645,0.8189122676849364,28.28193473815918,0.028955312826601833,Static DPDK,"(-0.001, 80.0]","[0, 80]"
646,0.8188638687133788,37.2625617980957,0.021975511859606677,Static DPDK,"(-0.001, 80.0]","[0, 80]"
647,0.818840444087982,25.0349235534668,0.03270792668246794,Static DPDK,"(-0.001, 80.0]","[0, 80]"
648,0.8189157247543332,16.853811264038086,0.048589349431110526,Static DPDK,"(-0.001, 80.0]","[0, 80]"
649,0.818919003009796,13.872422218322754,0.05903215675833196,Static DPDK,"(-0.001, 80.0]","[0, 80]"
650,0.81887549161911,25.748430252075195,0.0318029287068136,Static DPDK,"(-0.001, 80.0]","[0, 80]"
651,0.8188726305961608,26.43918800354004,0.030971928127540033,Static DPDK,"(-0.001, 80.0]","[0, 80]"
652,0.8188803791999816,18.541234970092773,0.04416536333857184,Static DPDK,"(-0.001, 80.0]","[0, 80]"
653,0.8188655972480772,18.111234664916992,0.04521312944137871,Static DPDK,"(-0.001, 80.0]","[0, 80]"
654,0.8188680410385132,19.30175399780273,0.04242454033616486,Static DPDK,"(-0.001, 80.0]","[0, 80]"
655,0.8188706636428832,17.09098243713379,0.04791243959526357,Static DPDK,"(-0.001, 80.0]","[0, 80]"
656,0.8188470005989072,17.438549041748047,0.04695614289001797,Static DPDK,"(-0.001, 80.0]","[0, 80]"
657,0.8188758492469788,17.81934356689453,0.04595432183979651,Static DPDK,"(-0.001, 80.0]","[0, 80]"
658,0.8189502954483032,14.653749465942385,0.05588674061554501,Static DPDK,"(-0.001, 80.0]","[0, 80]"
659,0.8189578056335448,18.598833084106445,0.04403275205116937,Static DPDK,"(-0.001, 80.0]","[0, 80]"
660,0.8189307451248168,34.02911758422852,0.024065588627087017,Static DPDK,"(-0.001, 80.0]","[0, 80]"
661,0.8190860748291016,36.14567565917969,0.022660693427128772,Static DPDK,"(-0.001, 80.0]","[0, 80]"
662,0.819064438343048,29.066770553588867,0.0281787217067332,Static DPDK,"(-0.001, 80.0]","[0, 80]"
663,0.8193698525428772,48.52564239501953,0.01688529635265527,Static DPDK,"(-0.001, 80.0]","[0, 80]"
664,0.8192422986030576,47.36531448364258,0.017296249534793647,Static DPDK,"(-0.001, 80.0]","[0, 80]"
665,0.8191683292388916,66.56968688964844,0.012305425600045477,Static DPDK,"(-0.001, 80.0]","[0, 80]"
666,0.8194970488548275,57.76344680786133,0.01418712168580802,Static DPDK,"(-0.001, 80.0]","[0, 80]"
667,0.8195060491561889,53.19402694702149,0.015405978757208486,Static DPDK,"(-0.001, 80.0]","[0, 80]"
668,0.8195998072624204,76.66604614257812,0.01069051879548068,Static DPDK,"(-0.001, 80.0]","[0, 80]"
669,0.819272756576538,77.43791961669922,0.010579736137434464,Static DPDK,"(-0.001, 80.0]","[0, 80]"
670,0.8192614912986752,85.89106750488281,0.009538378263282164,Static DPDK,"(80.0, 160.0]","(80, 160]"
671,0.820119559764862,59.75531768798828,0.013724628894906174,Static DPDK,"(-0.001, 80.0]","[0, 80]"
672,0.8194423913955688,59.0105094909668,0.013886380552620162,Static DPDK,"(-0.001, 80.0]","[0, 80]"
673,0.8193179965019224,115.2499008178711,0.007109055979116954,Static DPDK,"(80.0, 160.0]","(80, 160]"
674,0.8202077746391296,72.15628814697266,0.011367100438543578,Static DPDK,"(-0.001, 80.0]","[0, 80]"
675,0.8197582960128784,62.841156005859375,0.013044927052844848,Static DPDK,"(-0.001, 80.0]","[0, 80]"
676,0.8200913667678832,120.23009490966795,0.006821015714776234,Static DPDK,"(80.0, 160.0]","(80, 160]"
677,0.819655418395996,96.88182067871094,0.008460363488772762,Static DPDK,"(80.0, 160.0]","(80, 160]"
678,0.8199542164802548,113.7001724243164,0.007211547695990089,Static DPDK,"(80.0, 160.0]","(80, 160]"
679,0.8198518157005308,91.2836685180664,0.008981363578067307,Static DPDK,"(80.0, 160.0]","(80, 160]"
680,0.8199734091758728,106.44925689697266,0.007702950993537582,Static DPDK,"(80.0, 160.0]","(80, 160]"
681,0.820037007331848,101.33781433105467,0.00809211263085778,Static DPDK,"(80.0, 160.0]","(80, 160]"
682,0.820246696472168,107.43669128417967,0.0076346980409378205,Static DPDK,"(80.0, 160.0]","(80, 160]"
683,0.8198789358139036,110.7709503173828,0.007401569937468015,Static DPDK,"(80.0, 160.0]","(80, 160]"
684,0.8202763199806212,122.4389190673828,0.0066994737149646995,Static DPDK,"(80.0, 160.0]","(80, 160]"
685,0.8197665214538572,102.668212890625,0.007984618591999598,Static DPDK,"(80.0, 160.0]","(80, 160]"
686,0.8208306431770324,124.14738464355467,0.006611743336629744,Static DPDK,"(80.0, 160.0]","(80, 160]"
687,0.8201614022254944,97.2655792236328,0.00843218545318875,Static DPDK,"(80.0, 160.0]","(80, 160]"
688,0.8204386234283444,175.80557250976562,0.004666738441312893,Static DPDK,"(160.0, 240.0]","(160, 240]"
689,0.8206108808517456,117.58977508544922,0.0069785904450912544,Static DPDK,"(80.0, 160.0]","(80, 160]"
690,0.8202160596847532,135.2639923095703,0.006063816731119214,Static DPDK,"(80.0, 160.0]","(80, 160]"
691,0.8200108408927916,150.59739685058594,0.00544505322164605,Static DPDK,"(80.0, 160.0]","(80, 160]"
692,0.8204765915870664,120.69854736328124,0.006797733771538917,Static DPDK,"(80.0, 160.0]","(80, 160]"
693,0.8201033473014832,109.38629150390624,0.007497313749522232,Static DPDK,"(80.0, 160.0]","(80, 160]"
694,0.8205171227455136,138.29971313476562,0.005932890995558059,Static DPDK,"(80.0, 160.0]","(80, 160]"
695,0.8201485872268676,114.35638427734376,0.0071718653261876085,Static DPDK,"(80.0, 160.0]","(80, 160]"
696,0.820506989955902,141.8462677001953,0.00578448064414438,Static DPDK,"(80.0, 160.0]","(80, 160]"
697,0.8200318217277524,116.8662338256836,0.007016841348296574,Static DPDK,"(80.0, 160.0]","(80, 160]"
698,0.820551872253418,140.93630981445312,0.005822146708209539,Static DPDK,"(80.0, 160.0]","(80, 160]"
699,0.8203940987586972,110.49284362792967,0.007424861844639169,Static DPDK,"(80.0, 160.0]","(80, 160]"
700,0.8203352093696592,145.0293731689453,0.005656338377840518,Static DPDK,"(80.0, 160.0]","(80, 160]"
701,0.8205792307853697,131.78839111328125,0.006226490997071396,Static DPDK,"(80.0, 160.0]","(80, 160]"
702,0.820502698421478,127.61009979248048,0.006429763002738649,Static DPDK,"(80.0, 160.0]","(80, 160]"
703,0.8204936385154724,147.58560180664062,0.005559442306509294,Static DPDK,"(80.0, 160.0]","(80, 160]"
704,0.8208222389221188,140.54840087890625,0.005840139295710117,Static DPDK,"(80.0, 160.0]","(80, 160]"
705,0.8205760717391968,139.7394256591797,0.0058721872361244525,Static DPDK,"(80.0, 160.0]","(80, 160]"
706,0.8204068541526792,174.7187957763672,0.004695584413269228,Static DPDK,"(160.0, 240.0]","(160, 240]"
707,0.8207228183746336,147.28651428222656,0.005572287608096869,Static DPDK,"(80.0, 160.0]","(80, 160]"
708,0.8208337426185608,132.7748260498047,0.0061821488834838375,Static DPDK,"(80.0, 160.0]","(80, 160]"
709,0.8210389614105223,162.74534606933594,0.005044930507940469,Static DPDK,"(160.0, 240.0]","(160, 240]"
710,0.821064472198486,176.2069549560547,0.004659659843751662,Static DPDK,"(160.0, 240.0]","(160, 240]"
711,0.8211606144905088,205.0675811767578,0.004004341445772992,Static DPDK,"(160.0, 240.0]","(160, 240]"
712,0.8212704062461852,208.96588134765625,0.003930165063069979,Static DPDK,"(160.0, 240.0]","(160, 240]"
713,0.8211338520050048,224.3419189453125,0.003660189124998843,Static DPDK,"(160.0, 240.0]","(160, 240]"
714,0.8208032250404356,243.28746032714844,0.003373799964604432,Static DPDK,"(240.0, 320.0]","(240, 320]"
715,0.8210242986679076,219.95462036132807,0.003732698578093876,Static DPDK,"(160.0, 240.0]","(160, 240]"
716,0.8211065530776976,172.2783966064453,0.004766160872471101,Static DPDK,"(160.0, 240.0]","(160, 240]"
717,0.821033716201782,202.85797119140625,0.00404733277859265,Static DPDK,"(160.0, 240.0]","(160, 240]"
718,0.8207669854164124,215.56173706054688,0.0038075727010210337,Static DPDK,"(160.0, 240.0]","(160, 240]"
719,0.8196187019348145,204.2757873535156,0.00401231449186094,Static DPDK,"(160.0, 240.0]","(160, 240]"
