t,qos,model,source_file
0,0.9292607307434082,Feed-forward PPO,../finalModels/mlp_hybrid/seed_456/eval/evaluation_results_MlpPolicy_20260225-153005.csv
1,0.93022358417511,Feed-forward PPO,../finalModels/mlp_hybrid/seed_456/eval/evaluation_results_MlpPolicy_20260225-153005.csv
2,0.9312565326690674,Feed-forward PPO,../finalModels/mlp_hybrid/seed_456/eval/evaluation_results_MlpPolicy_20260225-153005.csv
3,0.975248157978058,Feed-forward PPO,../finalModels/mlp_hybrid/seed_456/eval/evaluation_results_MlpPolicy_20260225-153005.csv
4,0.9752596020698548,Feed-forward PPO,../finalModels/mlp_hybrid/seed_456/eval/evaluation_results_MlpPolicy_20260225-153005.csv
5,0.9752464890480042,Feed-forward PPO,../finalModels/mlp_hybrid/seed_456/eval/evaluation_results_MlpPolicy_20260225-153005.csv
6,0.975242555141449,Feed-forward PPO,../finalModels/mlp_hybrid/seed_456/eval/evaluation_results_MlpPolicy_20260225-153005.csv
7,0.975280463695526,Feed-forward PPO,../finalModels/mlp_hybrid/seed_456/eval/evaluation_results_MlpPolicy_20260225-153005.csv
8,0.9752566814422609,Feed-forward PPO,../finalModels/mlp_hybrid/seed_456/eval/evaluation_results_MlpPolicy_20260225-153005.csv
9,0.9752077460289,Feed-forward PPO,../finalModels/mlp_hybrid/seed_456/eval/evaluation_results_MlpPolicy_20260225-153005.csv
10,0.9752936959266664,Feed-forward PPO,../finalModels/mlp_hybrid/seed_456/eval/evaluation_results_MlpPolicy_20260225-153005.csv
11,0.9752954840660096,Feed-forward PPO,../finalModels/mlp_hybrid/seed_456/eval/evaluation_results_MlpPolicy_20260225-153005.csv
12,0.975312113761902,Feed-forward PPO,../finalModels/mlp_hybrid/seed_456/eval/evaluation_results_MlpPolicy_20260225-153005.csv
13,0.9751262664794922,Feed-forward PPO,../finalModels/mlp_hybrid/seed_456/eval/evaluation_results_MlpPolicy_20260225-153005.csv
14,0.975314736366272,Feed-forward PPO,../finalModels/mlp_hybrid/seed_456/eval/evaluation_results_MlpPolicy_20260225-153005.csv
15,0.9753013849258424,Feed-forward PPO,../finalModels/mlp_hybrid/seed_456/eval/evaluation_results_MlpPolicy_20260225-153005.csv
16,0.9752857685089112,Feed-forward PPO,../finalModels/mlp_hybrid/seed_456/eval/evaluation_results_MlpPolicy_20260225-153005.csv
17,0.9753099083900452,Feed-forward PPO,../finalModels/mlp_hybrid/seed_456/eval/evaluation_results_MlpPolicy_20260225-153005.csv
18,0.975318431854248,Feed-forward PPO,../finalModels/mlp_hybrid/seed_456/eval/evaluation_results_MlpPolicy_20260225-153005.csv
19,0.9752838611602784,Feed-forward PPO,../finalModels/mlp_hybrid/seed_456/eval/evaluation_results_MlpPolicy_20260225-153005.csv
20,0.975278913974762,Feed-forward PPO,../finalModels/mlp_hybrid/seed_456/eval/evaluation_results_MlpPolicy_20260225-153005.csv
21,0.9752909541130066,Feed-forward PPO,../finalModels/mlp_hybrid/seed_456/eval/evaluation_results_MlpPolicy_20260225-153005.csv
22,0.9752917885780334,Feed-forward PPO,../finalModels/mlp_hybrid/seed_456/eval/evaluation_results_MlpPolicy_20260225-153005.csv
23,0.9753069877624512,Feed-forward PPO,../finalModels/mlp_hybrid/seed_456/eval/evaluation_results_MlpPolicy_20260225-153005.csv
24,0.9752946496009828,Feed-forward PPO,../finalModels/mlp_hybrid/seed_456/eval/evaluation_results_MlpPolicy_20260225-153005.csv
25,0.9753078818321228,Feed-forward PPO,../finalModels/mlp_hybrid/seed_456/eval/evaluation_results_MlpPolicy_20260225-153005.csv
26,0.9753021001815796,Feed-forward PPO,../finalModels/mlp_hybrid/seed_456/eval/evaluation_results_MlpPolicy_20260225-153005.csv
27,0.9753154516220092,Feed-forward PPO,../finalModels/mlp_hybrid/seed_456/eval/evaluation_results_MlpPolicy_20260225-153005.csv
28,0.975317656993866,Feed-forward PPO,../finalModels/mlp_hybrid/seed_456/eval/evaluation_results_MlpPolicy_20260225-153005.csv
29,0.9753082990646362,Feed-forward PPO,../finalModels/mlp_hybrid/seed_456/eval/evaluation_results_MlpPolicy_20260225-153005.csv
30,0.9753040671348572,Feed-forward PPO,../finalModels/mlp_hybrid/seed_456/eval/evaluation_results_MlpPolicy_20260225-153005.csv
31,0.9752958416938782,Feed-forward PPO,../finalModels/mlp_hybrid/seed_456/eval/evaluation_results_MlpPolicy_20260225-153005.csv
32,0.9753177165985109,Feed-forward PPO,../finalModels/mlp_hybrid/seed_456/eval/evaluation_results_MlpPolicy_20260225-153005.csv
33,0.9753196835517884,Feed-forward PPO,../finalModels/mlp_hybrid/seed_456/eval/evaluation_results_MlpPolicy_20260225-153005.csv
34,0.9752705693244934,Feed-forward PPO,../finalModels/mlp_hybrid/seed_456/eval/evaluation_results_MlpPolicy_20260225-153005.csv
35,0.9752720594406128,Feed-forward PPO,../finalModels/mlp_hybrid/seed_456/eval/evaluation_results_MlpPolicy_20260225-153005.csv
36,0.975172221660614,Feed-forward PPO,../finalModels/mlp_hybrid/seed_456/eval/evaluation_results_MlpPolicy_20260225-153005.csv
37,0.9748013615608216,Feed-forward PPO,../finalModels/mlp_hybrid/seed_456/eval/evaluation_results_MlpPolicy_20260225-153005.csv
38,0.974484384059906,Feed-forward PPO,../finalModels/mlp_hybrid/seed_456/eval/evaluation_results_MlpPolicy_20260225-153005.csv
39,0.974741280078888,Feed-forward PPO,../finalModels/mlp_hybrid/seed_456/eval/evaluation_results_MlpPolicy_20260225-153005.csv
40,0.9744670391082764,Feed-forward PPO,../finalModels/mlp_hybrid/seed_456/eval/evaluation_results_MlpPolicy_20260225-153005.csv
41,0.9749462008476256,Feed-forward PPO,../finalModels/mlp_hybrid/seed_456/eval/evaluation_results_MlpPolicy_20260225-153005.csv
42,0.9747479557991028,Feed-forward PPO,../finalModels/mlp_hybrid/seed_456/eval/evaluation_results_MlpPolicy_20260225-153005.csv
43,0.9747198820114136,Feed-forward PPO,../finalModels/mlp_hybrid/seed_456/eval/evaluation_results_MlpPolicy_20260225-153005.csv
44,0.97489595413208,Feed-forward PPO,../finalModels/mlp_hybrid/seed_456/eval/evaluation_results_MlpPolicy_20260225-153005.csv
45,0.9749991297721864,Feed-forward PPO,../finalModels/mlp_hybrid/seed_456/eval/evaluation_results_MlpPolicy_20260225-153005.csv
46,0.9751445055007936,Feed-forward PPO,../finalModels/mlp_hybrid/seed_456/eval/evaluation_results_MlpPolicy_20260225-153005.csv
47,0.9753122329711914,Feed-forward PPO,../finalModels/mlp_hybrid/seed_456/eval/evaluation_results_MlpPolicy_20260225-153005.csv
48,0.9752492308616638,Feed-forward PPO,../finalModels/mlp_hybrid/seed_456/eval/evaluation_results_MlpPolicy_20260225-153005.csv
49,0.975250780582428,Feed-forward PPO,../finalModels/mlp_hybrid/seed_456/eval/evaluation_results_MlpPolicy_20260225-153005.csv
50,0.9752487540245056,Feed-forward PPO,../finalModels/mlp_hybrid/seed_456/eval/evaluation_results_MlpPolicy_20260225-153005.csv
51,0.9752436876296996,Feed-forward PPO,../finalModels/mlp_hybrid/seed_456/eval/evaluation_results_MlpPolicy_20260225-153005.csv
52,0.975161075592041,Feed-forward PPO,../finalModels/mlp_hybrid/seed_456/eval/evaluation_results_MlpPolicy_20260225-153005.csv
53,0.9750683307647704,Feed-forward PPO,../finalModels/mlp_hybrid/seed_456/eval/evaluation_results_MlpPolicy_20260225-153005.csv
54,0.9748924970626832,Feed-forward PPO,../finalModels/mlp_hybrid/seed_456/eval/evaluation_results_MlpPolicy_20260225-153005.csv
55,0.974726676940918,Feed-forward PPO,../finalModels/mlp_hybrid/seed_456/eval/evaluation_results_MlpPolicy_20260225-153005.csv
56,0.929842472076416,Feed-forward PPO,../finalModels/mlp_hybrid/seed_456/eval/evaluation_results_MlpPolicy_20260225-153005.csv
57,0.9351592063903807,Feed-forward PPO,../finalModels/mlp_hybrid/seed_456/eval/evaluation_results_MlpPolicy_20260225-153005.csv
58,0.9358612298965454,Feed-forward PPO,../finalModels/mlp_hybrid/seed_456/eval/evaluation_results_MlpPolicy_20260225-153005.csv
59,0.9358461499214172,Feed-forward PPO,../finalModels/mlp_hybrid/seed_456/eval/evaluation_results_MlpPolicy_20260225-153005.csv
60,0.935303509235382,Feed-forward PPO,../finalModels/mlp_hybrid/seed_456/eval/evaluation_results_MlpPolicy_20260225-153005.csv
61,0.9328182339668274,Feed-forward PPO,../finalModels/mlp_hybrid/seed_456/eval/evaluation_results_MlpPolicy_20260225-153005.csv
62,0.933275818824768,Feed-forward PPO,../finalModels/mlp_hybrid/seed_456/eval/evaluation_results_MlpPolicy_20260225-153005.csv
63,0.9278846979141236,Feed-forward PPO,../finalModels/mlp_hybrid/seed_456/eval/evaluation_results_MlpPolicy_20260225-153005.csv
64,0.9272772073745728,Feed-forward PPO,../finalModels/mlp_hybrid/seed_456/eval/evaluation_results_MlpPolicy_20260225-153005.csv
65,0.9225592613220216,Feed-forward PPO,../finalModels/mlp_hybrid/seed_456/eval/evaluation_results_MlpPolicy_20260225-153005.csv
66,0.9231364130973816,Feed-forward PPO,../finalModels/mlp_hybrid/seed_456/eval/evaluation_results_MlpPolicy_20260225-153005.csv
67,0.9207010865211488,Feed-forward PPO,../finalModels/mlp_hybrid/seed_456/eval/evaluation_results_MlpPolicy_20260225-153005.csv
68,0.9215840101242064,Feed-forward PPO,../finalModels/mlp_hybrid/seed_456/eval/evaluation_results_MlpPolicy_20260225-153005.csv
69,0.9287486672401428,Feed-forward PPO,../finalModels/mlp_hybrid/seed_456/eval/evaluation_results_MlpPolicy_20260225-153005.csv
70,0.9335293769836426,Feed-forward PPO,../finalModels/mlp_hybrid/seed_456/eval/evaluation_results_MlpPolicy_20260225-153005.csv
71,0.933081030845642,Feed-forward PPO,../finalModels/mlp_hybrid/seed_456/eval/evaluation_results_MlpPolicy_20260225-153005.csv
72,0.9251723289489746,Feed-forward PPO,../finalModels/mlp_hybrid/seed_456/eval/evaluation_results_MlpPolicy_20260225-153005.csv
73,0.9302455186843872,Feed-forward PPO,../finalModels/mlp_hybrid/seed_456/eval/evaluation_results_MlpPolicy_20260225-153005.csv
74,0.9242063164711,Feed-forward PPO,../finalModels/mlp_hybrid/seed_456/eval/evaluation_results_MlpPolicy_20260225-153005.csv
75,0.9269354343414308,Feed-forward PPO,../finalModels/mlp_hybrid/seed_456/eval/evaluation_results_MlpPolicy_20260225-153005.csv
76,0.9344441890716552,Feed-forward PPO,../finalModels/mlp_hybrid/seed_456/eval/evaluation_results_MlpPolicy_20260225-153005.csv
77,0.930727481842041,Feed-forward PPO,../finalModels/mlp_hybrid/seed_456/eval/evaluation_results_MlpPolicy_20260225-153005.csv
78,0.9339911341667176,Feed-forward PPO,../finalModels/mlp_hybrid/seed_456/eval/evaluation_results_MlpPolicy_20260225-153005.csv
79,0.933438777923584,Feed-forward PPO,../finalModels/mlp_hybrid/seed_456/eval/evaluation_results_MlpPolicy_20260225-153005.csv
80,0.934523344039917,Feed-forward PPO,../finalModels/mlp_hybrid/seed_456/eval/evaluation_results_MlpPolicy_20260225-153005.csv
81,0.9332455992698668,Feed-forward PPO,../finalModels/mlp_hybrid/seed_456/eval/evaluation_results_MlpPolicy_20260225-153005.csv
82,0.9345223307609558,Feed-forward PPO,../finalModels/mlp_hybrid/seed_456/eval/evaluation_results_MlpPolicy_20260225-153005.csv
83,0.9341984987258912,Feed-forward PPO,../finalModels/mlp_hybrid/seed_456/eval/evaluation_results_MlpPolicy_20260225-153005.csv
84,0.9348703026771544,Feed-forward PPO,../finalModels/mlp_hybrid/seed_456/eval/evaluation_results_MlpPolicy_20260225-153005.csv
85,0.9356848001480104,Feed-forward PPO,../finalModels/mlp_hybrid/seed_456/eval/evaluation_results_MlpPolicy_20260225-153005.csv
86,0.933878481388092,Feed-forward PPO,../finalModels/mlp_hybrid/seed_456/eval/evaluation_results_MlpPolicy_20260225-153005.csv
87,0.930325984954834,Feed-forward PPO,../finalModels/mlp_hybrid/seed_456/eval/evaluation_results_MlpPolicy_20260225-153005.csv
88,0.9334725141525269,Feed-forward PPO,../finalModels/mlp_hybrid/seed_456/eval/evaluation_results_MlpPolicy_20260225-153005.csv
89,0.9331015944480896,Feed-forward PPO,../finalModels/mlp_hybrid/seed_456/eval/evaluation_results_MlpPolicy_20260225-153005.csv
90,0.933863639831543,Feed-forward PPO,../finalModels/mlp_hybrid/seed_456/eval/evaluation_results_MlpPolicy_20260225-153005.csv
91,0.9321160316467284,Feed-forward PPO,../finalModels/mlp_hybrid/seed_456/eval/evaluation_results_MlpPolicy_20260225-153005.csv
92,0.9323254823684692,Feed-forward PPO,../finalModels/mlp_hybrid/seed_456/eval/evaluation_results_MlpPolicy_20260225-153005.csv
93,0.9333061575889589,Feed-forward PPO,../finalModels/mlp_hybrid/seed_456/eval/evaluation_results_MlpPolicy_20260225-153005.csv
94,0.9344120025634766,Feed-forward PPO,../finalModels/mlp_hybrid/seed_456/eval/evaluation_results_MlpPolicy_20260225-153005.csv
95,0.9346694350242616,Feed-forward PPO,../finalModels/mlp_hybrid/seed_456/eval/evaluation_results_MlpPolicy_20260225-153005.csv
96,0.9341673851013184,Feed-forward PPO,../finalModels/mlp_hybrid/seed_456/eval/evaluation_results_MlpPolicy_20260225-153005.csv
97,0.9752284288406372,Feed-forward PPO,../finalModels/mlp_hybrid/seed_456/eval/evaluation_results_MlpPolicy_20260225-153005.csv
98,0.975260615348816,Feed-forward PPO,../finalModels/mlp_hybrid/seed_456/eval/evaluation_results_MlpPolicy_20260225-153005.csv
99,0.975269615650177,Feed-forward PPO,../finalModels/mlp_hybrid/seed_456/eval/evaluation_results_MlpPolicy_20260225-153005.csv
100,0.9752936959266664,Feed-forward PPO,../finalModels/mlp_hybrid/seed_456/eval/evaluation_results_MlpPolicy_20260225-153005.csv
101,0.9753126502037048,Feed-forward PPO,../finalModels/mlp_hybrid/seed_456/eval/evaluation_results_MlpPolicy_20260225-153005.csv
102,0.9752923846244812,Feed-forward PPO,../finalModels/mlp_hybrid/seed_456/eval/evaluation_results_MlpPolicy_20260225-153005.csv
103,0.9752671718597412,Feed-forward PPO,../finalModels/mlp_hybrid/seed_456/eval/evaluation_results_MlpPolicy_20260225-153005.csv
104,0.9752389788627625,Feed-forward PPO,../finalModels/mlp_hybrid/seed_456/eval/evaluation_results_MlpPolicy_20260225-153005.csv
105,0.9752275943756104,Feed-forward PPO,../finalModels/mlp_hybrid/seed_456/eval/evaluation_results_MlpPolicy_20260225-153005.csv
106,0.9752452969551086,Feed-forward PPO,../finalModels/mlp_hybrid/seed_456/eval/evaluation_results_MlpPolicy_20260225-153005.csv
107,0.9751578569412231,Feed-forward PPO,../finalModels/mlp_hybrid/seed_456/eval/evaluation_results_MlpPolicy_20260225-153005.csv
108,0.9751105904579164,Feed-forward PPO,../finalModels/mlp_hybrid/seed_456/eval/evaluation_results_MlpPolicy_20260225-153005.csv
109,0.9749886393547058,Feed-forward PPO,../finalModels/mlp_hybrid/seed_456/eval/evaluation_results_MlpPolicy_20260225-153005.csv
110,0.9749253392219543,Feed-forward PPO,../finalModels/mlp_hybrid/seed_456/eval/evaluation_results_MlpPolicy_20260225-153005.csv
111,0.9749959111213684,Feed-forward PPO,../finalModels/mlp_hybrid/seed_456/eval/evaluation_results_MlpPolicy_20260225-153005.csv
112,0.974964201450348,Feed-forward PPO,../finalModels/mlp_hybrid/seed_456/eval/evaluation_results_MlpPolicy_20260225-153005.csv
113,0.97499680519104,Feed-forward PPO,../finalModels/mlp_hybrid/seed_456/eval/evaluation_results_MlpPolicy_20260225-153005.csv
114,0.9749964475631714,Feed-forward PPO,../finalModels/mlp_hybrid/seed_456/eval/evaluation_results_MlpPolicy_20260225-153005.csv
115,0.9750660061836244,Feed-forward PPO,../finalModels/mlp_hybrid/seed_456/eval/evaluation_results_MlpPolicy_20260225-153005.csv
116,0.9749963879585266,Feed-forward PPO,../finalModels/mlp_hybrid/seed_456/eval/evaluation_results_MlpPolicy_20260225-153005.csv
117,0.975243866443634,Feed-forward PPO,../finalModels/mlp_hybrid/seed_456/eval/evaluation_results_MlpPolicy_20260225-153005.csv
118,0.9752545356750488,Feed-forward PPO,../finalModels/mlp_hybrid/seed_456/eval/evaluation_results_MlpPolicy_20260225-153005.csv
119,0.9751889109611512,Feed-forward PPO,../finalModels/mlp_hybrid/seed_456/eval/evaluation_results_MlpPolicy_20260225-153005.csv
120,0.9752615690231324,Feed-forward PPO,../finalModels/mlp_hybrid/seed_456/eval/evaluation_results_MlpPolicy_20260225-153005.csv
121,0.975250005722046,Feed-forward PPO,../finalModels/mlp_hybrid/seed_456/eval/evaluation_results_MlpPolicy_20260225-153005.csv
122,0.975300669670105,Feed-forward PPO,../finalModels/mlp_hybrid/seed_456/eval/evaluation_results_MlpPolicy_20260225-153005.csv
123,0.9753010272979736,Feed-forward PPO,../finalModels/mlp_hybrid/seed_456/eval/evaluation_results_MlpPolicy_20260225-153005.csv
124,0.9752548933029176,Feed-forward PPO,../finalModels/mlp_hybrid/seed_456/eval/evaluation_results_MlpPolicy_20260225-153005.csv
125,0.9752582311630248,Feed-forward PPO,../finalModels/mlp_hybrid/seed_456/eval/evaluation_results_MlpPolicy_20260225-153005.csv
126,0.9752759337425232,Feed-forward PPO,../finalModels/mlp_hybrid/seed_456/eval/evaluation_results_MlpPolicy_20260225-153005.csv
127,0.9752572774887084,Feed-forward PPO,../finalModels/mlp_hybrid/seed_456/eval/evaluation_results_MlpPolicy_20260225-153005.csv
128,0.9752779006958008,Feed-forward PPO,../finalModels/mlp_hybrid/seed_456/eval/evaluation_results_MlpPolicy_20260225-153005.csv
129,0.9752758741378784,Feed-forward PPO,../finalModels/mlp_hybrid/seed_456/eval/evaluation_results_MlpPolicy_20260225-153005.csv
130,0.9752517342567444,Feed-forward PPO,../finalModels/mlp_hybrid/seed_456/eval/evaluation_results_MlpPolicy_20260225-153005.csv
131,0.9753032922744752,Feed-forward PPO,../finalModels/mlp_hybrid/seed_456/eval/evaluation_results_MlpPolicy_20260225-153005.csv
132,0.9753167629241944,Feed-forward PPO,../finalModels/mlp_hybrid/seed_456/eval/evaluation_results_MlpPolicy_20260225-153005.csv
133,0.9753096103668212,Feed-forward PPO,../finalModels/mlp_hybrid/seed_456/eval/evaluation_results_MlpPolicy_20260225-153005.csv
134,0.9751346111297609,Feed-forward PPO,../finalModels/mlp_hybrid/seed_456/eval/evaluation_results_MlpPolicy_20260225-153005.csv
135,0.9749726057052612,Feed-forward PPO,../finalModels/mlp_hybrid/seed_456/eval/evaluation_results_MlpPolicy_20260225-153005.csv
136,0.9750306010246276,Feed-forward PPO,../finalModels/mlp_hybrid/seed_456/eval/evaluation_results_MlpPolicy_20260225-153005.csv
137,0.9748297929763794,Feed-forward PPO,../finalModels/mlp_hybrid/seed_456/eval/evaluation_results_MlpPolicy_20260225-153005.csv
138,0.9749155640602112,Feed-forward PPO,../finalModels/mlp_hybrid/seed_456/eval/evaluation_results_MlpPolicy_20260225-153005.csv
139,0.9747689366340636,Feed-forward PPO,../finalModels/mlp_hybrid/seed_456/eval/evaluation_results_MlpPolicy_20260225-153005.csv
140,0.9752013683319092,Feed-forward PPO,../finalModels/mlp_hybrid/seed_456/eval/evaluation_results_MlpPolicy_20260225-153005.csv
141,0.9753218293190002,Feed-forward PPO,../finalModels/mlp_hybrid/seed_456/eval/evaluation_results_MlpPolicy_20260225-153005.csv
142,0.9753230810165404,Feed-forward PPO,../finalModels/mlp_hybrid/seed_456/eval/evaluation_results_MlpPolicy_20260225-153005.csv
143,0.975279986858368,Feed-forward PPO,../finalModels/mlp_hybrid/seed_456/eval/evaluation_results_MlpPolicy_20260225-153005.csv
144,0.9752432703971864,Feed-forward PPO,../finalModels/mlp_hybrid/seed_456/eval/evaluation_results_MlpPolicy_20260225-153005.csv
145,0.9752508997917176,Feed-forward PPO,../finalModels/mlp_hybrid/seed_456/eval/evaluation_results_MlpPolicy_20260225-153005.csv
146,0.9752387404441832,Feed-forward PPO,../finalModels/mlp_hybrid/seed_456/eval/evaluation_results_MlpPolicy_20260225-153005.csv
147,0.9751944541931152,Feed-forward PPO,../finalModels/mlp_hybrid/seed_456/eval/evaluation_results_MlpPolicy_20260225-153005.csv
148,0.9751518368721008,Feed-forward PPO,../finalModels/mlp_hybrid/seed_456/eval/evaluation_results_MlpPolicy_20260225-153005.csv
149,0.9749969840049744,Feed-forward PPO,../finalModels/mlp_hybrid/seed_456/eval/evaluation_results_MlpPolicy_20260225-153005.csv
150,0.9747201204299928,Feed-forward PPO,../finalModels/mlp_hybrid/seed_456/eval/evaluation_results_MlpPolicy_20260225-153005.csv
151,0.9746814966201782,Feed-forward PPO,../finalModels/mlp_hybrid/seed_456/eval/evaluation_results_MlpPolicy_20260225-153005.csv
152,0.9744696021080016,Feed-forward PPO,../finalModels/mlp_hybrid/seed_456/eval/evaluation_results_MlpPolicy_20260225-153005.csv
153,0.9352706670761108,Feed-forward PPO,../finalModels/mlp_hybrid/seed_456/eval/evaluation_results_MlpPolicy_20260225-153005.csv
154,0.9356563091278076,Feed-forward PPO,../finalModels/mlp_hybrid/seed_456/eval/evaluation_results_MlpPolicy_20260225-153005.csv
155,0.9351572394371032,Feed-forward PPO,../finalModels/mlp_hybrid/seed_456/eval/evaluation_results_MlpPolicy_20260225-153005.csv
156,0.9352985620498656,Feed-forward PPO,../finalModels/mlp_hybrid/seed_456/eval/evaluation_results_MlpPolicy_20260225-153005.csv
157,0.9348692893981934,Feed-forward PPO,../finalModels/mlp_hybrid/seed_456/eval/evaluation_results_MlpPolicy_20260225-153005.csv
158,0.9347221851348876,Feed-forward PPO,../finalModels/mlp_hybrid/seed_456/eval/evaluation_results_MlpPolicy_20260225-153005.csv
159,0.9297435283660888,Feed-forward PPO,../finalModels/mlp_hybrid/seed_456/eval/evaluation_results_MlpPolicy_20260225-153005.csv
160,0.931263029575348,Feed-forward PPO,../finalModels/mlp_hybrid/seed_456/eval/evaluation_results_MlpPolicy_20260225-153005.csv
161,0.9278721809387208,Feed-forward PPO,../finalModels/mlp_hybrid/seed_456/eval/evaluation_results_MlpPolicy_20260225-153005.csv
162,0.9340530633926392,Feed-forward PPO,../finalModels/mlp_hybrid/seed_456/eval/evaluation_results_MlpPolicy_20260225-153005.csv
163,0.9332592487335204,Feed-forward PPO,../finalModels/mlp_hybrid/seed_456/eval/evaluation_results_MlpPolicy_20260225-153005.csv
164,0.934416890144348,Feed-forward PPO,../finalModels/mlp_hybrid/seed_456/eval/evaluation_results_MlpPolicy_20260225-153005.csv
165,0.9270460605621338,Feed-forward PPO,../finalModels/mlp_hybrid/seed_456/eval/evaluation_results_MlpPolicy_20260225-153005.csv
166,0.9253440499305724,Feed-forward PPO,../finalModels/mlp_hybrid/seed_456/eval/evaluation_results_MlpPolicy_20260225-153005.csv
167,0.9219245910644532,Feed-forward PPO,../finalModels/mlp_hybrid/seed_456/eval/evaluation_results_MlpPolicy_20260225-153005.csv
168,0.9211901426315308,Feed-forward PPO,../finalModels/mlp_hybrid/seed_456/eval/evaluation_results_MlpPolicy_20260225-153005.csv
169,0.9325937032699584,Feed-forward PPO,../finalModels/mlp_hybrid/seed_456/eval/evaluation_results_MlpPolicy_20260225-153005.csv
170,0.9247862696647644,Feed-forward PPO,../finalModels/mlp_hybrid/seed_456/eval/evaluation_results_MlpPolicy_20260225-153005.csv
171,0.9258036017417908,Feed-forward PPO,../finalModels/mlp_hybrid/seed_456/eval/evaluation_results_MlpPolicy_20260225-153005.csv
172,0.921610951423645,Feed-forward PPO,../finalModels/mlp_hybrid/seed_456/eval/evaluation_results_MlpPolicy_20260225-153005.csv
173,0.922182559967041,Feed-forward PPO,../finalModels/mlp_hybrid/seed_456/eval/evaluation_results_MlpPolicy_20260225-153005.csv
174,0.9335891008377076,Feed-forward PPO,../finalModels/mlp_hybrid/seed_456/eval/evaluation_results_MlpPolicy_20260225-153005.csv
175,0.9336334466934204,Feed-forward PPO,../finalModels/mlp_hybrid/seed_456/eval/evaluation_results_MlpPolicy_20260225-153005.csv
176,0.9301810264587402,Feed-forward PPO,../finalModels/mlp_hybrid/seed_456/eval/evaluation_results_MlpPolicy_20260225-153005.csv
177,0.9337857961654664,Feed-forward PPO,../finalModels/mlp_hybrid/seed_456/eval/evaluation_results_MlpPolicy_20260225-153005.csv
178,0.9336539506912231,Feed-forward PPO,../finalModels/mlp_hybrid/seed_456/eval/evaluation_results_MlpPolicy_20260225-153005.csv
179,0.933906078338623,Feed-forward PPO,../finalModels/mlp_hybrid/seed_456/eval/evaluation_results_MlpPolicy_20260225-153005.csv
180,0.9350577592849731,Feed-forward PPO,../finalModels/mlp_hybrid/seed_456/eval/evaluation_results_MlpPolicy_20260225-153005.csv
181,0.9331458210945128,Feed-forward PPO,../finalModels/mlp_hybrid/seed_456/eval/evaluation_results_MlpPolicy_20260225-153005.csv
182,0.9251458644866944,Feed-forward PPO,../finalModels/mlp_hybrid/seed_456/eval/evaluation_results_MlpPolicy_20260225-153005.csv
183,0.9276385307312012,Feed-forward PPO,../finalModels/mlp_hybrid/seed_456/eval/evaluation_results_MlpPolicy_20260225-153005.csv
184,0.9307480454444884,Feed-forward PPO,../finalModels/mlp_hybrid/seed_456/eval/evaluation_results_MlpPolicy_20260225-153005.csv
185,0.9293120503425598,Feed-forward PPO,../finalModels/mlp_hybrid/seed_456/eval/evaluation_results_MlpPolicy_20260225-153005.csv
186,0.9273659586906432,Feed-forward PPO,../finalModels/mlp_hybrid/seed_456/eval/evaluation_results_MlpPolicy_20260225-153005.csv
187,0.9322267770767212,Feed-forward PPO,../finalModels/mlp_hybrid/seed_456/eval/evaluation_results_MlpPolicy_20260225-153005.csv
188,0.9303714632987976,Feed-forward PPO,../finalModels/mlp_hybrid/seed_456/eval/evaluation_results_MlpPolicy_20260225-153005.csv
189,0.927401840686798,Feed-forward PPO,../finalModels/mlp_hybrid/seed_456/eval/evaluation_results_MlpPolicy_20260225-153005.csv
190,0.9336368441581726,Feed-forward PPO,../finalModels/mlp_hybrid/seed_456/eval/evaluation_results_MlpPolicy_20260225-153005.csv
191,0.9346766471862792,Feed-forward PPO,../finalModels/mlp_hybrid/seed_456/eval/evaluation_results_MlpPolicy_20260225-153005.csv
192,0.9748712182044984,Feed-forward PPO,../finalModels/mlp_hybrid/seed_456/eval/evaluation_results_MlpPolicy_20260225-153005.csv
193,0.975157916545868,Feed-forward PPO,../finalModels/mlp_hybrid/seed_456/eval/evaluation_results_MlpPolicy_20260225-153005.csv
194,0.9752565622329712,Feed-forward PPO,../finalModels/mlp_hybrid/seed_456/eval/evaluation_results_MlpPolicy_20260225-153005.csv
195,0.9752883911132812,Feed-forward PPO,../finalModels/mlp_hybrid/seed_456/eval/evaluation_results_MlpPolicy_20260225-153005.csv
196,0.9752739071846008,Feed-forward PPO,../finalModels/mlp_hybrid/seed_456/eval/evaluation_results_MlpPolicy_20260225-153005.csv
197,0.9752688407897948,Feed-forward PPO,../finalModels/mlp_hybrid/seed_456/eval/evaluation_results_MlpPolicy_20260225-153005.csv
198,0.975283682346344,Feed-forward PPO,../finalModels/mlp_hybrid/seed_456/eval/evaluation_results_MlpPolicy_20260225-153005.csv
199,0.975255012512207,Feed-forward PPO,../finalModels/mlp_hybrid/seed_456/eval/evaluation_results_MlpPolicy_20260225-153005.csv
200,0.975251853466034,Feed-forward PPO,../finalModels/mlp_hybrid/seed_456/eval/evaluation_results_MlpPolicy_20260225-153005.csv
201,0.9752056002616882,Feed-forward PPO,../finalModels/mlp_hybrid/seed_456/eval/evaluation_results_MlpPolicy_20260225-153005.csv
202,0.97524756193161,Feed-forward PPO,../finalModels/mlp_hybrid/seed_456/eval/evaluation_results_MlpPolicy_20260225-153005.csv
203,0.975016713142395,Feed-forward PPO,../finalModels/mlp_hybrid/seed_456/eval/evaluation_results_MlpPolicy_20260225-153005.csv
204,0.9748814105987548,Feed-forward PPO,../finalModels/mlp_hybrid/seed_456/eval/evaluation_results_MlpPolicy_20260225-153005.csv
205,0.9748383164405824,Feed-forward PPO,../finalModels/mlp_hybrid/seed_456/eval/evaluation_results_MlpPolicy_20260225-153005.csv
206,0.9749948978424072,Feed-forward PPO,../finalModels/mlp_hybrid/seed_456/eval/evaluation_results_MlpPolicy_20260225-153005.csv
207,0.9749137163162231,Feed-forward PPO,../finalModels/mlp_hybrid/seed_456/eval/evaluation_results_MlpPolicy_20260225-153005.csv
208,0.9750266075134276,Feed-forward PPO,../finalModels/mlp_hybrid/seed_456/eval/evaluation_results_MlpPolicy_20260225-153005.csv
209,0.9751198887825012,Feed-forward PPO,../finalModels/mlp_hybrid/seed_456/eval/evaluation_results_MlpPolicy_20260225-153005.csv
210,0.9749961495399476,Feed-forward PPO,../finalModels/mlp_hybrid/seed_456/eval/evaluation_results_MlpPolicy_20260225-153005.csv
211,0.974995255470276,Feed-forward PPO,../finalModels/mlp_hybrid/seed_456/eval/evaluation_results_MlpPolicy_20260225-153005.csv
212,0.9751574993133544,Feed-forward PPO,../finalModels/mlp_hybrid/seed_456/eval/evaluation_results_MlpPolicy_20260225-153005.csv
213,0.9752400517463684,Feed-forward PPO,../finalModels/mlp_hybrid/seed_456/eval/evaluation_results_MlpPolicy_20260225-153005.csv
214,0.9751774072647096,Feed-forward PPO,../finalModels/mlp_hybrid/seed_456/eval/evaluation_results_MlpPolicy_20260225-153005.csv
215,0.9751380085945128,Feed-forward PPO,../finalModels/mlp_hybrid/seed_456/eval/evaluation_results_MlpPolicy_20260225-153005.csv
216,0.975242018699646,Feed-forward PPO,../finalModels/mlp_hybrid/seed_456/eval/evaluation_results_MlpPolicy_20260225-153005.csv
217,0.975246012210846,Feed-forward PPO,../finalModels/mlp_hybrid/seed_456/eval/evaluation_results_MlpPolicy_20260225-153005.csv
218,0.9752572774887084,Feed-forward PPO,../finalModels/mlp_hybrid/seed_456/eval/evaluation_results_MlpPolicy_20260225-153005.csv
219,0.975252330303192,Feed-forward PPO,../finalModels/mlp_hybrid/seed_456/eval/evaluation_results_MlpPolicy_20260225-153005.csv
220,0.9752479195594788,Feed-forward PPO,../finalModels/mlp_hybrid/seed_456/eval/evaluation_results_MlpPolicy_20260225-153005.csv
221,0.9751678109169006,Feed-forward PPO,../finalModels/mlp_hybrid/seed_456/eval/evaluation_results_MlpPolicy_20260225-153005.csv
222,0.975240170955658,Feed-forward PPO,../finalModels/mlp_hybrid/seed_456/eval/evaluation_results_MlpPolicy_20260225-153005.csv
223,0.975074827671051,Feed-forward PPO,../finalModels/mlp_hybrid/seed_456/eval/evaluation_results_MlpPolicy_20260225-153005.csv
224,0.975242018699646,Feed-forward PPO,../finalModels/mlp_hybrid/seed_456/eval/evaluation_results_MlpPolicy_20260225-153005.csv
225,0.975260853767395,Feed-forward PPO,../finalModels/mlp_hybrid/seed_456/eval/evaluation_results_MlpPolicy_20260225-153005.csv
226,0.975280225276947,Feed-forward PPO,../finalModels/mlp_hybrid/seed_456/eval/evaluation_results_MlpPolicy_20260225-153005.csv
227,0.9752692580223083,Feed-forward PPO,../finalModels/mlp_hybrid/seed_456/eval/evaluation_results_MlpPolicy_20260225-153005.csv
228,0.975271224975586,Feed-forward PPO,../finalModels/mlp_hybrid/seed_456/eval/evaluation_results_MlpPolicy_20260225-153005.csv
229,0.9752758145332336,Feed-forward PPO,../finalModels/mlp_hybrid/seed_456/eval/evaluation_results_MlpPolicy_20260225-153005.csv
230,0.9752499461174012,Feed-forward PPO,../finalModels/mlp_hybrid/seed_456/eval/evaluation_results_MlpPolicy_20260225-153005.csv
231,0.9752598404884338,Feed-forward PPO,../finalModels/mlp_hybrid/seed_456/eval/evaluation_results_MlpPolicy_20260225-153005.csv
232,0.9752779006958008,Feed-forward PPO,../finalModels/mlp_hybrid/seed_456/eval/evaluation_results_MlpPolicy_20260225-153005.csv
233,0.9753111004829408,Feed-forward PPO,../finalModels/mlp_hybrid/seed_456/eval/evaluation_results_MlpPolicy_20260225-153005.csv
234,0.9753258228302002,Feed-forward PPO,../finalModels/mlp_hybrid/seed_456/eval/evaluation_results_MlpPolicy_20260225-153005.csv
235,0.9753086566925048,Feed-forward PPO,../finalModels/mlp_hybrid/seed_456/eval/evaluation_results_MlpPolicy_20260225-153005.csv
236,0.9752788543701172,Feed-forward PPO,../finalModels/mlp_hybrid/seed_456/eval/evaluation_results_MlpPolicy_20260225-153005.csv
237,0.9752950072288512,Feed-forward PPO,../finalModels/mlp_hybrid/seed_456/eval/evaluation_results_MlpPolicy_20260225-153005.csv
238,0.9751996994018556,Feed-forward PPO,../finalModels/mlp_hybrid/seed_456/eval/evaluation_results_MlpPolicy_20260225-153005.csv
239,0.9753231406211852,Feed-forward PPO,../finalModels/mlp_hybrid/seed_456/eval/evaluation_results_MlpPolicy_20260225-153005.csv
240,0.9752473831176758,Feed-forward PPO,../finalModels/mlp_hybrid/seed_456/eval/evaluation_results_MlpPolicy_20260225-153005.csv
241,0.9752472043037416,Feed-forward PPO,../finalModels/mlp_hybrid/seed_456/eval/evaluation_results_MlpPolicy_20260225-153005.csv
242,0.9752312302589417,Feed-forward PPO,../finalModels/mlp_hybrid/seed_456/eval/evaluation_results_MlpPolicy_20260225-153005.csv
243,0.9751744270324708,Feed-forward PPO,../finalModels/mlp_hybrid/seed_456/eval/evaluation_results_MlpPolicy_20260225-153005.csv
244,0.975127935409546,Feed-forward PPO,../finalModels/mlp_hybrid/seed_456/eval/evaluation_results_MlpPolicy_20260225-153005.csv
245,0.9752453565597534,Feed-forward PPO,../finalModels/mlp_hybrid/seed_456/eval/evaluation_results_MlpPolicy_20260225-153005.csv
246,0.9752140045166016,Feed-forward PPO,../finalModels/mlp_hybrid/seed_456/eval/evaluation_results_MlpPolicy_20260225-153005.csv
247,0.9749962687492372,Feed-forward PPO,../finalModels/mlp_hybrid/seed_456/eval/evaluation_results_MlpPolicy_20260225-153005.csv
248,0.9748807549476624,Feed-forward PPO,../finalModels/mlp_hybrid/seed_456/eval/evaluation_results_MlpPolicy_20260225-153005.csv
249,0.974763572216034,Feed-forward PPO,../finalModels/mlp_hybrid/seed_456/eval/evaluation_results_MlpPolicy_20260225-153005.csv
250,0.9747264981269836,Feed-forward PPO,../finalModels/mlp_hybrid/seed_456/eval/evaluation_results_MlpPolicy_20260225-153005.csv
251,0.974428415298462,Feed-forward PPO,../finalModels/mlp_hybrid/seed_456/eval/evaluation_results_MlpPolicy_20260225-153005.csv
252,0.9337726831436156,Feed-forward PPO,../finalModels/mlp_hybrid/seed_456/eval/evaluation_results_MlpPolicy_20260225-153005.csv
253,0.9344396591186525,Feed-forward PPO,../finalModels/mlp_hybrid/seed_456/eval/evaluation_results_MlpPolicy_20260225-153005.csv
254,0.9342710375785828,Feed-forward PPO,../finalModels/mlp_hybrid/seed_456/eval/evaluation_results_MlpPolicy_20260225-153005.csv
255,0.9359058141708374,Feed-forward PPO,../finalModels/mlp_hybrid/seed_456/eval/evaluation_results_MlpPolicy_20260225-153005.csv
256,0.9347937107086182,Feed-forward PPO,../finalModels/mlp_hybrid/seed_456/eval/evaluation_results_MlpPolicy_20260225-153005.csv
257,0.933706283569336,Feed-forward PPO,../finalModels/mlp_hybrid/seed_456/eval/evaluation_results_MlpPolicy_20260225-153005.csv
258,0.9351184368133544,Feed-forward PPO,../finalModels/mlp_hybrid/seed_456/eval/evaluation_results_MlpPolicy_20260225-153005.csv
259,0.9308375716209412,Feed-forward PPO,../finalModels/mlp_hybrid/seed_456/eval/evaluation_results_MlpPolicy_20260225-153005.csv
260,0.9343644380569458,Feed-forward PPO,../finalModels/mlp_hybrid/seed_456/eval/evaluation_results_MlpPolicy_20260225-153005.csv
261,0.9322159886360168,Feed-forward PPO,../finalModels/mlp_hybrid/seed_456/eval/evaluation_results_MlpPolicy_20260225-153005.csv
262,0.920611560344696,Feed-forward PPO,../finalModels/mlp_hybrid/seed_456/eval/evaluation_results_MlpPolicy_20260225-153005.csv
263,0.9237834215164183,Feed-forward PPO,../finalModels/mlp_hybrid/seed_456/eval/evaluation_results_MlpPolicy_20260225-153005.csv
264,0.9212493300437928,Feed-forward PPO,../finalModels/mlp_hybrid/seed_456/eval/evaluation_results_MlpPolicy_20260225-153005.csv
265,0.9208359122276306,Feed-forward PPO,../finalModels/mlp_hybrid/seed_456/eval/evaluation_results_MlpPolicy_20260225-153005.csv
266,0.9205697774887084,Feed-forward PPO,../finalModels/mlp_hybrid/seed_456/eval/evaluation_results_MlpPolicy_20260225-153005.csv
267,0.9181896448135376,Feed-forward PPO,../finalModels/mlp_hybrid/seed_456/eval/evaluation_results_MlpPolicy_20260225-153005.csv
268,0.9156204462051392,Feed-forward PPO,../finalModels/mlp_hybrid/seed_456/eval/evaluation_results_MlpPolicy_20260225-153005.csv
269,0.9212117195129396,Feed-forward PPO,../finalModels/mlp_hybrid/seed_456/eval/evaluation_results_MlpPolicy_20260225-153005.csv
270,0.9212648868560792,Feed-forward PPO,../finalModels/mlp_hybrid/seed_456/eval/evaluation_results_MlpPolicy_20260225-153005.csv
271,0.9161561131477356,Feed-forward PPO,../finalModels/mlp_hybrid/seed_456/eval/evaluation_results_MlpPolicy_20260225-153005.csv
272,0.920311689376831,Feed-forward PPO,../finalModels/mlp_hybrid/seed_456/eval/evaluation_results_MlpPolicy_20260225-153005.csv
273,0.9207876324653624,Feed-forward PPO,../finalModels/mlp_hybrid/seed_456/eval/evaluation_results_MlpPolicy_20260225-153005.csv
274,0.9219146966934204,Feed-forward PPO,../finalModels/mlp_hybrid/seed_456/eval/evaluation_results_MlpPolicy_20260225-153005.csv
275,0.9214563369750975,Feed-forward PPO,../finalModels/mlp_hybrid/seed_456/eval/evaluation_results_MlpPolicy_20260225-153005.csv
276,0.928070604801178,Feed-forward PPO,../finalModels/mlp_hybrid/seed_456/eval/evaluation_results_MlpPolicy_20260225-153005.csv
277,0.9297836422920228,Feed-forward PPO,../finalModels/mlp_hybrid/seed_456/eval/evaluation_results_MlpPolicy_20260225-153005.csv
278,0.9277164340019226,Feed-forward PPO,../finalModels/mlp_hybrid/seed_456/eval/evaluation_results_MlpPolicy_20260225-153005.csv
279,0.9271629452705384,Feed-forward PPO,../finalModels/mlp_hybrid/seed_456/eval/evaluation_results_MlpPolicy_20260225-153005.csv
280,0.9328965544700624,Feed-forward PPO,../finalModels/mlp_hybrid/seed_456/eval/evaluation_results_MlpPolicy_20260225-153005.csv
281,0.9338337182998656,Feed-forward PPO,../finalModels/mlp_hybrid/seed_456/eval/evaluation_results_MlpPolicy_20260225-153005.csv
282,0.9346216917037964,Feed-forward PPO,../finalModels/mlp_hybrid/seed_456/eval/evaluation_results_MlpPolicy_20260225-153005.csv
283,0.9341744780540466,Feed-forward PPO,../finalModels/mlp_hybrid/seed_456/eval/evaluation_results_MlpPolicy_20260225-153005.csv
284,0.9354445338249208,Feed-forward PPO,../finalModels/mlp_hybrid/seed_456/eval/evaluation_results_MlpPolicy_20260225-153005.csv
285,0.9351763725280762,Feed-forward PPO,../finalModels/mlp_hybrid/seed_456/eval/evaluation_results_MlpPolicy_20260225-153005.csv
286,0.935616970062256,Feed-forward PPO,../finalModels/mlp_hybrid/seed_456/eval/evaluation_results_MlpPolicy_20260225-153005.csv
287,0.9354621171951294,Feed-forward PPO,../finalModels/mlp_hybrid/seed_456/eval/evaluation_results_MlpPolicy_20260225-153005.csv
288,0.9751277565956116,Feed-forward PPO,../finalModels/mlp_hybrid/seed_456/eval/evaluation_results_MlpPolicy_20260225-153005.csv
289,0.97507506608963,Feed-forward PPO,../finalModels/mlp_hybrid/seed_456/eval/evaluation_results_MlpPolicy_20260225-153005.csv
290,0.9751485586166382,Feed-forward PPO,../finalModels/mlp_hybrid/seed_456/eval/evaluation_results_MlpPolicy_20260225-153005.csv
291,0.9750646352767944,Feed-forward PPO,../finalModels/mlp_hybrid/seed_456/eval/evaluation_results_MlpPolicy_20260225-153005.csv
292,0.9750006794929504,Feed-forward PPO,../finalModels/mlp_hybrid/seed_456/eval/evaluation_results_MlpPolicy_20260225-153005.csv
293,0.9751251339912416,Feed-forward PPO,../finalModels/mlp_hybrid/seed_456/eval/evaluation_results_MlpPolicy_20260225-153005.csv
294,0.97519850730896,Feed-forward PPO,../finalModels/mlp_hybrid/seed_456/eval/evaluation_results_MlpPolicy_20260225-153005.csv
295,0.9752559065818788,Feed-forward PPO,../finalModels/mlp_hybrid/seed_456/eval/evaluation_results_MlpPolicy_20260225-153005.csv
296,0.9752567410469056,Feed-forward PPO,../finalModels/mlp_hybrid/seed_456/eval/evaluation_results_MlpPolicy_20260225-153005.csv
297,0.9751508831977844,Feed-forward PPO,../finalModels/mlp_hybrid/seed_456/eval/evaluation_results_MlpPolicy_20260225-153005.csv
298,0.975236177444458,Feed-forward PPO,../finalModels/mlp_hybrid/seed_456/eval/evaluation_results_MlpPolicy_20260225-153005.csv
299,0.9751383066177368,Feed-forward PPO,../finalModels/mlp_hybrid/seed_456/eval/evaluation_results_MlpPolicy_20260225-153005.csv
300,0.975241720676422,Feed-forward PPO,../finalModels/mlp_hybrid/seed_456/eval/evaluation_results_MlpPolicy_20260225-153005.csv
301,0.9752517342567444,Feed-forward PPO,../finalModels/mlp_hybrid/seed_456/eval/evaluation_results_MlpPolicy_20260225-153005.csv
302,0.9752546548843384,Feed-forward PPO,../finalModels/mlp_hybrid/seed_456/eval/evaluation_results_MlpPolicy_20260225-153005.csv
303,0.975245714187622,Feed-forward PPO,../finalModels/mlp_hybrid/seed_456/eval/evaluation_results_MlpPolicy_20260225-153005.csv
304,0.9752549529075624,Feed-forward PPO,../finalModels/mlp_hybrid/seed_456/eval/evaluation_results_MlpPolicy_20260225-153005.csv
305,0.9752272367477416,Feed-forward PPO,../finalModels/mlp_hybrid/seed_456/eval/evaluation_results_MlpPolicy_20260225-153005.csv
306,0.975247323513031,Feed-forward PPO,../finalModels/mlp_hybrid/seed_456/eval/evaluation_results_MlpPolicy_20260225-153005.csv
307,0.9752699136734008,Feed-forward PPO,../finalModels/mlp_hybrid/seed_456/eval/evaluation_results_MlpPolicy_20260225-153005.csv
308,0.9752567410469056,Feed-forward PPO,../finalModels/mlp_hybrid/seed_456/eval/evaluation_results_MlpPolicy_20260225-153005.csv
309,0.9751864075660706,Feed-forward PPO,../finalModels/mlp_hybrid/seed_456/eval/evaluation_results_MlpPolicy_20260225-153005.csv
310,0.9752427339553832,Feed-forward PPO,../finalModels/mlp_hybrid/seed_456/eval/evaluation_results_MlpPolicy_20260225-153005.csv
311,0.9752563834190368,Feed-forward PPO,../finalModels/mlp_hybrid/seed_456/eval/evaluation_results_MlpPolicy_20260225-153005.csv
312,0.975252091884613,Feed-forward PPO,../finalModels/mlp_hybrid/seed_456/eval/evaluation_results_MlpPolicy_20260225-153005.csv
313,0.9752631187438964,Feed-forward PPO,../finalModels/mlp_hybrid/seed_456/eval/evaluation_results_MlpPolicy_20260225-153005.csv
314,0.9752487540245056,Feed-forward PPO,../finalModels/mlp_hybrid/seed_456/eval/evaluation_results_MlpPolicy_20260225-153005.csv
315,0.975242555141449,Feed-forward PPO,../finalModels/mlp_hybrid/seed_456/eval/evaluation_results_MlpPolicy_20260225-153005.csv
316,0.9752503633499146,Feed-forward PPO,../finalModels/mlp_hybrid/seed_456/eval/evaluation_results_MlpPolicy_20260225-153005.csv
317,0.975251853466034,Feed-forward PPO,../finalModels/mlp_hybrid/seed_456/eval/evaluation_results_MlpPolicy_20260225-153005.csv
318,0.9752442240715028,Feed-forward PPO,../finalModels/mlp_hybrid/seed_456/eval/evaluation_results_MlpPolicy_20260225-153005.csv
319,0.975153923034668,Feed-forward PPO,../finalModels/mlp_hybrid/seed_456/eval/evaluation_results_MlpPolicy_20260225-153005.csv
320,0.9751400351524352,Feed-forward PPO,../finalModels/mlp_hybrid/seed_456/eval/evaluation_results_MlpPolicy_20260225-153005.csv
321,0.9752387404441832,Feed-forward PPO,../finalModels/mlp_hybrid/seed_456/eval/evaluation_results_MlpPolicy_20260225-153005.csv
322,0.9752400517463684,Feed-forward PPO,../finalModels/mlp_hybrid/seed_456/eval/evaluation_results_MlpPolicy_20260225-153005.csv
323,0.9752856492996216,Feed-forward PPO,../finalModels/mlp_hybrid/seed_456/eval/evaluation_results_MlpPolicy_20260225-153005.csv
324,0.9752834439277648,Feed-forward PPO,../finalModels/mlp_hybrid/seed_456/eval/evaluation_results_MlpPolicy_20260225-153005.csv
325,0.975289523601532,Feed-forward PPO,../finalModels/mlp_hybrid/seed_456/eval/evaluation_results_MlpPolicy_20260225-153005.csv
326,0.9753057360649108,Feed-forward PPO,../finalModels/mlp_hybrid/seed_456/eval/evaluation_results_MlpPolicy_20260225-153005.csv
327,0.975316286087036,Feed-forward PPO,../finalModels/mlp_hybrid/seed_456/eval/evaluation_results_MlpPolicy_20260225-153005.csv
328,0.975317656993866,Feed-forward PPO,../finalModels/mlp_hybrid/seed_456/eval/evaluation_results_MlpPolicy_20260225-153005.csv
329,0.9753038883209229,Feed-forward PPO,../finalModels/mlp_hybrid/seed_456/eval/evaluation_results_MlpPolicy_20260225-153005.csv
330,0.9752901196479796,Feed-forward PPO,../finalModels/mlp_hybrid/seed_456/eval/evaluation_results_MlpPolicy_20260225-153005.csv
331,0.9753116965293884,Feed-forward PPO,../finalModels/mlp_hybrid/seed_456/eval/evaluation_results_MlpPolicy_20260225-153005.csv
332,0.9752985835075378,Feed-forward PPO,../finalModels/mlp_hybrid/seed_456/eval/evaluation_results_MlpPolicy_20260225-153005.csv
333,0.9753056168556212,Feed-forward PPO,../finalModels/mlp_hybrid/seed_456/eval/evaluation_results_MlpPolicy_20260225-153005.csv
334,0.9752926826477052,Feed-forward PPO,../finalModels/mlp_hybrid/seed_456/eval/evaluation_results_MlpPolicy_20260225-153005.csv
335,0.9752755165100098,Feed-forward PPO,../finalModels/mlp_hybrid/seed_456/eval/evaluation_results_MlpPolicy_20260225-153005.csv
336,0.9750467538833618,Feed-forward PPO,../finalModels/mlp_hybrid/seed_456/eval/evaluation_results_MlpPolicy_20260225-153005.csv
337,0.9752377271652222,Feed-forward PPO,../finalModels/mlp_hybrid/seed_456/eval/evaluation_results_MlpPolicy_20260225-153005.csv
338,0.9752033352851868,Feed-forward PPO,../finalModels/mlp_hybrid/seed_456/eval/evaluation_results_MlpPolicy_20260225-153005.csv
339,0.9751184582710266,Feed-forward PPO,../finalModels/mlp_hybrid/seed_456/eval/evaluation_results_MlpPolicy_20260225-153005.csv
340,0.9749969244003296,Feed-forward PPO,../finalModels/mlp_hybrid/seed_456/eval/evaluation_results_MlpPolicy_20260225-153005.csv
341,0.974816918373108,Feed-forward PPO,../finalModels/mlp_hybrid/seed_456/eval/evaluation_results_MlpPolicy_20260225-153005.csv
342,0.9311305284500122,Feed-forward PPO,../finalModels/mlp_hybrid/seed_456/eval/evaluation_results_MlpPolicy_20260225-153005.csv
343,0.9313232898712158,Feed-forward PPO,../finalModels/mlp_hybrid/seed_456/eval/evaluation_results_MlpPolicy_20260225-153005.csv
344,0.9358057379722596,Feed-forward PPO,../finalModels/mlp_hybrid/seed_456/eval/evaluation_results_MlpPolicy_20260225-153005.csv
345,0.9357068538665771,Feed-forward PPO,../finalModels/mlp_hybrid/seed_456/eval/evaluation_results_MlpPolicy_20260225-153005.csv
346,0.9356167912483216,Feed-forward PPO,../finalModels/mlp_hybrid/seed_456/eval/evaluation_results_MlpPolicy_20260225-153005.csv
347,0.9350061416625975,Feed-forward PPO,../finalModels/mlp_hybrid/seed_456/eval/evaluation_results_MlpPolicy_20260225-153005.csv
348,0.9356807470321656,Feed-forward PPO,../finalModels/mlp_hybrid/seed_456/eval/evaluation_results_MlpPolicy_20260225-153005.csv
349,0.9343497157096864,Feed-forward PPO,../finalModels/mlp_hybrid/seed_456/eval/evaluation_results_MlpPolicy_20260225-153005.csv
350,0.9318170547485352,Feed-forward PPO,../finalModels/mlp_hybrid/seed_456/eval/evaluation_results_MlpPolicy_20260225-153005.csv
351,0.9293407201766968,Feed-forward PPO,../finalModels/mlp_hybrid/seed_456/eval/evaluation_results_MlpPolicy_20260225-153005.csv
352,0.9291728138923644,Feed-forward PPO,../finalModels/mlp_hybrid/seed_456/eval/evaluation_results_MlpPolicy_20260225-153005.csv
353,0.9282963871955872,Feed-forward PPO,../finalModels/mlp_hybrid/seed_456/eval/evaluation_results_MlpPolicy_20260225-153005.csv
354,0.9213598966598512,Feed-forward PPO,../finalModels/mlp_hybrid/seed_456/eval/evaluation_results_MlpPolicy_20260225-153005.csv
355,0.923226237297058,Feed-forward PPO,../finalModels/mlp_hybrid/seed_456/eval/evaluation_results_MlpPolicy_20260225-153005.csv
356,0.922562837600708,Feed-forward PPO,../finalModels/mlp_hybrid/seed_456/eval/evaluation_results_MlpPolicy_20260225-153005.csv
357,0.924950361251831,Feed-forward PPO,../finalModels/mlp_hybrid/seed_456/eval/evaluation_results_MlpPolicy_20260225-153005.csv
358,0.9223613142967224,Feed-forward PPO,../finalModels/mlp_hybrid/seed_456/eval/evaluation_results_MlpPolicy_20260225-153005.csv
359,0.9210193157196044,Feed-forward PPO,../finalModels/mlp_hybrid/seed_456/eval/evaluation_results_MlpPolicy_20260225-153005.csv
360,0.9262060523033142,Feed-forward PPO,../finalModels/mlp_hybrid/seed_456/eval/evaluation_results_MlpPolicy_20260225-153005.csv
361,0.9276890754699708,Feed-forward PPO,../finalModels/mlp_hybrid/seed_456/eval/evaluation_results_MlpPolicy_20260225-153005.csv
362,0.927332639694214,Feed-forward PPO,../finalModels/mlp_hybrid/seed_456/eval/evaluation_results_MlpPolicy_20260225-153005.csv
363,0.9339658617973328,Feed-forward PPO,../finalModels/mlp_hybrid/seed_456/eval/evaluation_results_MlpPolicy_20260225-153005.csv
364,0.934190571308136,Feed-forward PPO,../finalModels/mlp_hybrid/seed_456/eval/evaluation_results_MlpPolicy_20260225-153005.csv
365,0.9328012466430664,Feed-forward PPO,../finalModels/mlp_hybrid/seed_456/eval/evaluation_results_MlpPolicy_20260225-153005.csv
366,0.9351601600646972,Feed-forward PPO,../finalModels/mlp_hybrid/seed_456/eval/evaluation_results_MlpPolicy_20260225-153005.csv
367,0.9256375432014464,Feed-forward PPO,../finalModels/mlp_hybrid/seed_456/eval/evaluation_results_MlpPolicy_20260225-153005.csv
368,0.9263996481895448,Feed-forward PPO,../finalModels/mlp_hybrid/seed_456/eval/evaluation_results_MlpPolicy_20260225-153005.csv
369,0.9271562695503236,Feed-forward PPO,../finalModels/mlp_hybrid/seed_456/eval/evaluation_results_MlpPolicy_20260225-153005.csv
370,0.9315600395202636,Feed-forward PPO,../finalModels/mlp_hybrid/seed_456/eval/evaluation_results_MlpPolicy_20260225-153005.csv
371,0.9329429864883424,Feed-forward PPO,../finalModels/mlp_hybrid/seed_456/eval/evaluation_results_MlpPolicy_20260225-153005.csv
372,0.9356687664985656,Feed-forward PPO,../finalModels/mlp_hybrid/seed_456/eval/evaluation_results_MlpPolicy_20260225-153005.csv
373,0.9331789016723632,Feed-forward PPO,../finalModels/mlp_hybrid/seed_456/eval/evaluation_results_MlpPolicy_20260225-153005.csv
374,0.9247363209724426,Feed-forward PPO,../finalModels/mlp_hybrid/seed_456/eval/evaluation_results_MlpPolicy_20260225-153005.csv
375,0.9301565885543824,Feed-forward PPO,../finalModels/mlp_hybrid/seed_456/eval/evaluation_results_MlpPolicy_20260225-153005.csv
376,0.9311947226524352,Feed-forward PPO,../finalModels/mlp_hybrid/seed_456/eval/evaluation_results_MlpPolicy_20260225-153005.csv
377,0.9337857961654664,Feed-forward PPO,../finalModels/mlp_hybrid/seed_456/eval/evaluation_results_MlpPolicy_20260225-153005.csv
378,0.931680142879486,Feed-forward PPO,../finalModels/mlp_hybrid/seed_456/eval/evaluation_results_MlpPolicy_20260225-153005.csv
379,0.9280145764350892,Feed-forward PPO,../finalModels/mlp_hybrid/seed_456/eval/evaluation_results_MlpPolicy_20260225-153005.csv
380,0.9253615140914916,Feed-forward PPO,../finalModels/mlp_hybrid/seed_456/eval/evaluation_results_MlpPolicy_20260225-153005.csv
381,0.9333556890487672,Feed-forward PPO,../finalModels/mlp_hybrid/seed_456/eval/evaluation_results_MlpPolicy_20260225-153005.csv
382,0.9306535720825196,Feed-forward PPO,../finalModels/mlp_hybrid/seed_456/eval/evaluation_results_MlpPolicy_20260225-153005.csv
383,0.92767995595932,Feed-forward PPO,../finalModels/mlp_hybrid/seed_456/eval/evaluation_results_MlpPolicy_20260225-153005.csv
384,0.9302473068237304,Feed-forward PPO,../finalModels/mlp_hybrid/seed_456/eval/evaluation_results_MlpPolicy_20260225-153005.csv
385,0.934479832649231,Feed-forward PPO,../finalModels/mlp_hybrid/seed_456/eval/evaluation_results_MlpPolicy_20260225-153005.csv
386,0.9750787019729614,Feed-forward PPO,../finalModels/mlp_hybrid/seed_456/eval/evaluation_results_MlpPolicy_20260225-153005.csv
387,0.9751538634300232,Feed-forward PPO,../finalModels/mlp_hybrid/seed_456/eval/evaluation_results_MlpPolicy_20260225-153005.csv
388,0.9752396941184998,Feed-forward PPO,../finalModels/mlp_hybrid/seed_456/eval/evaluation_results_MlpPolicy_20260225-153005.csv
389,0.975245475769043,Feed-forward PPO,../finalModels/mlp_hybrid/seed_456/eval/evaluation_results_MlpPolicy_20260225-153005.csv
390,0.975191056728363,Feed-forward PPO,../finalModels/mlp_hybrid/seed_456/eval/evaluation_results_MlpPolicy_20260225-153005.csv
391,0.9751753807067872,Feed-forward PPO,../finalModels/mlp_hybrid/seed_456/eval/evaluation_results_MlpPolicy_20260225-153005.csv
392,0.9749959707260132,Feed-forward PPO,../finalModels/mlp_hybrid/seed_456/eval/evaluation_results_MlpPolicy_20260225-153005.csv
393,0.9750749468803406,Feed-forward PPO,../finalModels/mlp_hybrid/seed_456/eval/evaluation_results_MlpPolicy_20260225-153005.csv
394,0.9749682545661926,Feed-forward PPO,../finalModels/mlp_hybrid/seed_456/eval/evaluation_results_MlpPolicy_20260225-153005.csv
395,0.9749682545661926,Feed-forward PPO,../finalModels/mlp_hybrid/seed_456/eval/evaluation_results_MlpPolicy_20260225-153005.csv
396,0.974822163581848,Feed-forward PPO,../finalModels/mlp_hybrid/seed_456/eval/evaluation_results_MlpPolicy_20260225-153005.csv
397,0.974972367286682,Feed-forward PPO,../finalModels/mlp_hybrid/seed_456/eval/evaluation_results_MlpPolicy_20260225-153005.csv
398,0.9747790098190308,Feed-forward PPO,../finalModels/mlp_hybrid/seed_456/eval/evaluation_results_MlpPolicy_20260225-153005.csv
399,0.9748002886772156,Feed-forward PPO,../finalModels/mlp_hybrid/seed_456/eval/evaluation_results_MlpPolicy_20260225-153005.csv
400,0.9749334454536438,Feed-forward PPO,../finalModels/mlp_hybrid/seed_456/eval/evaluation_results_MlpPolicy_20260225-153005.csv
401,0.974751353263855,Feed-forward PPO,../finalModels/mlp_hybrid/seed_456/eval/evaluation_results_MlpPolicy_20260225-153005.csv
402,0.9747934937477112,Feed-forward PPO,../finalModels/mlp_hybrid/seed_456/eval/evaluation_results_MlpPolicy_20260225-153005.csv
403,0.974942147731781,Feed-forward PPO,../finalModels/mlp_hybrid/seed_456/eval/evaluation_results_MlpPolicy_20260225-153005.csv
404,0.974952220916748,Feed-forward PPO,../finalModels/mlp_hybrid/seed_456/eval/evaluation_results_MlpPolicy_20260225-153005.csv
405,0.974778950214386,Feed-forward PPO,../finalModels/mlp_hybrid/seed_456/eval/evaluation_results_MlpPolicy_20260225-153005.csv
406,0.9747838377952576,Feed-forward PPO,../finalModels/mlp_hybrid/seed_456/eval/evaluation_results_MlpPolicy_20260225-153005.csv
407,0.9748269319534302,Feed-forward PPO,../finalModels/mlp_hybrid/seed_456/eval/evaluation_results_MlpPolicy_20260225-153005.csv
408,0.9746716022491456,Feed-forward PPO,../finalModels/mlp_hybrid/seed_456/eval/evaluation_results_MlpPolicy_20260225-153005.csv
409,0.9747835397720336,Feed-forward PPO,../finalModels/mlp_hybrid/seed_456/eval/evaluation_results_MlpPolicy_20260225-153005.csv
410,0.9749979972839355,Feed-forward PPO,../finalModels/mlp_hybrid/seed_456/eval/evaluation_results_MlpPolicy_20260225-153005.csv
411,0.9748697280883788,Feed-forward PPO,../finalModels/mlp_hybrid/seed_456/eval/evaluation_results_MlpPolicy_20260225-153005.csv
412,0.974773645401001,Feed-forward PPO,../finalModels/mlp_hybrid/seed_456/eval/evaluation_results_MlpPolicy_20260225-153005.csv
413,0.9748697280883788,Feed-forward PPO,../finalModels/mlp_hybrid/seed_456/eval/evaluation_results_MlpPolicy_20260225-153005.csv
414,0.9749045968055724,Feed-forward PPO,../finalModels/mlp_hybrid/seed_456/eval/evaluation_results_MlpPolicy_20260225-153005.csv
415,0.975000500679016,Feed-forward PPO,../finalModels/mlp_hybrid/seed_456/eval/evaluation_results_MlpPolicy_20260225-153005.csv
416,0.9750110507011414,Feed-forward PPO,../finalModels/mlp_hybrid/seed_456/eval/evaluation_results_MlpPolicy_20260225-153005.csv
417,0.974997878074646,Feed-forward PPO,../finalModels/mlp_hybrid/seed_456/eval/evaluation_results_MlpPolicy_20260225-153005.csv
418,0.975138783454895,Feed-forward PPO,../finalModels/mlp_hybrid/seed_456/eval/evaluation_results_MlpPolicy_20260225-153005.csv
419,0.9752350449562072,Feed-forward PPO,../finalModels/mlp_hybrid/seed_456/eval/evaluation_results_MlpPolicy_20260225-153005.csv
420,0.9752550721168518,Feed-forward PPO,../finalModels/mlp_hybrid/seed_456/eval/evaluation_results_MlpPolicy_20260225-153005.csv
421,0.9752660393714904,Feed-forward PPO,../finalModels/mlp_hybrid/seed_456/eval/evaluation_results_MlpPolicy_20260225-153005.csv
422,0.9752644896507264,Feed-forward PPO,../finalModels/mlp_hybrid/seed_456/eval/evaluation_results_MlpPolicy_20260225-153005.csv
423,0.9752575159072876,Feed-forward PPO,../finalModels/mlp_hybrid/seed_456/eval/evaluation_results_MlpPolicy_20260225-153005.csv
424,0.9752945303916932,Feed-forward PPO,../finalModels/mlp_hybrid/seed_456/eval/evaluation_results_MlpPolicy_20260225-153005.csv
425,0.975271463394165,Feed-forward PPO,../finalModels/mlp_hybrid/seed_456/eval/evaluation_results_MlpPolicy_20260225-153005.csv
426,0.9752560257911682,Feed-forward PPO,../finalModels/mlp_hybrid/seed_456/eval/evaluation_results_MlpPolicy_20260225-153005.csv
427,0.9752700924873352,Feed-forward PPO,../finalModels/mlp_hybrid/seed_456/eval/evaluation_results_MlpPolicy_20260225-153005.csv
428,0.975242555141449,Feed-forward PPO,../finalModels/mlp_hybrid/seed_456/eval/evaluation_results_MlpPolicy_20260225-153005.csv
429,0.9752534627914428,Feed-forward PPO,../finalModels/mlp_hybrid/seed_456/eval/evaluation_results_MlpPolicy_20260225-153005.csv
430,0.9752418994903564,Feed-forward PPO,../finalModels/mlp_hybrid/seed_456/eval/evaluation_results_MlpPolicy_20260225-153005.csv
431,0.9749975204467772,Feed-forward PPO,../finalModels/mlp_hybrid/seed_456/eval/evaluation_results_MlpPolicy_20260225-153005.csv
432,0.9744911193847656,Feed-forward PPO,../finalModels/mlp_hybrid/seed_456/eval/evaluation_results_MlpPolicy_20260225-153005.csv
433,0.9752438068389891,Feed-forward PPO,../finalModels/mlp_hybrid/seed_456/eval/evaluation_results_MlpPolicy_20260225-153005.csv
434,0.9752452969551086,Feed-forward PPO,../finalModels/mlp_hybrid/seed_456/eval/evaluation_results_MlpPolicy_20260225-153005.csv
435,0.9752484560012816,Feed-forward PPO,../finalModels/mlp_hybrid/seed_456/eval/evaluation_results_MlpPolicy_20260225-153005.csv
436,0.9752105474472046,Feed-forward PPO,../finalModels/mlp_hybrid/seed_456/eval/evaluation_results_MlpPolicy_20260225-153005.csv
437,0.9742358326911926,Feed-forward PPO,../finalModels/mlp_hybrid/seed_456/eval/evaluation_results_MlpPolicy_20260225-153005.csv
438,0.9732420444488524,Feed-forward PPO,../finalModels/mlp_hybrid/seed_456/eval/evaluation_results_MlpPolicy_20260225-153005.csv
439,0.9346787333488464,Feed-forward PPO,../finalModels/mlp_hybrid/seed_456/eval/evaluation_results_MlpPolicy_20260225-153005.csv
440,0.9357784986495972,Feed-forward PPO,../finalModels/mlp_hybrid/seed_456/eval/evaluation_results_MlpPolicy_20260225-153005.csv
441,0.9310795664787292,Feed-forward PPO,../finalModels/mlp_hybrid/seed_456/eval/evaluation_results_MlpPolicy_20260225-153005.csv
442,0.9333584308624268,Feed-forward PPO,../finalModels/mlp_hybrid/seed_456/eval/evaluation_results_MlpPolicy_20260225-153005.csv
443,0.9264535307884216,Feed-forward PPO,../finalModels/mlp_hybrid/seed_456/eval/evaluation_results_MlpPolicy_20260225-153005.csv
444,0.9274011254310608,Feed-forward PPO,../finalModels/mlp_hybrid/seed_456/eval/evaluation_results_MlpPolicy_20260225-153005.csv
445,0.9316577911376952,Feed-forward PPO,../finalModels/mlp_hybrid/seed_456/eval/evaluation_results_MlpPolicy_20260225-153005.csv
446,0.9230750203132628,Feed-forward PPO,../finalModels/mlp_hybrid/seed_456/eval/evaluation_results_MlpPolicy_20260225-153005.csv
447,0.9209598898887634,Feed-forward PPO,../finalModels/mlp_hybrid/seed_456/eval/evaluation_results_MlpPolicy_20260225-153005.csv
448,0.9197282791137696,Feed-forward PPO,../finalModels/mlp_hybrid/seed_456/eval/evaluation_results_MlpPolicy_20260225-153005.csv
449,0.9159497022628784,Feed-forward PPO,../finalModels/mlp_hybrid/seed_456/eval/evaluation_results_MlpPolicy_20260225-153005.csv
450,0.9144802689552308,Feed-forward PPO,../finalModels/mlp_hybrid/seed_456/eval/evaluation_results_MlpPolicy_20260225-153005.csv
451,0.9174029231071472,Feed-forward PPO,../finalModels/mlp_hybrid/seed_456/eval/evaluation_results_MlpPolicy_20260225-153005.csv
452,0.9138138294219972,Feed-forward PPO,../finalModels/mlp_hybrid/seed_456/eval/evaluation_results_MlpPolicy_20260225-153005.csv
453,0.9244621396064758,Feed-forward PPO,../finalModels/mlp_hybrid/seed_456/eval/evaluation_results_MlpPolicy_20260225-153005.csv
454,0.9076939821243286,Feed-forward PPO,../finalModels/mlp_hybrid/seed_456/eval/evaluation_results_MlpPolicy_20260225-153005.csv
455,0.8971626162528992,Feed-forward PPO,../finalModels/mlp_hybrid/seed_456/eval/evaluation_results_MlpPolicy_20260225-153005.csv
456,0.9085866212844848,Feed-forward PPO,../finalModels/mlp_hybrid/seed_456/eval/evaluation_results_MlpPolicy_20260225-153005.csv
457,0.9209736585617064,Feed-forward PPO,../finalModels/mlp_hybrid/seed_456/eval/evaluation_results_MlpPolicy_20260225-153005.csv
458,0.920975923538208,Feed-forward PPO,../finalModels/mlp_hybrid/seed_456/eval/evaluation_results_MlpPolicy_20260225-153005.csv
459,0.918675661087036,Feed-forward PPO,../finalModels/mlp_hybrid/seed_456/eval/evaluation_results_MlpPolicy_20260225-153005.csv
460,0.9247705936431884,Feed-forward PPO,../finalModels/mlp_hybrid/seed_456/eval/evaluation_results_MlpPolicy_20260225-153005.csv
461,0.9345951080322266,Feed-forward PPO,../finalModels/mlp_hybrid/seed_456/eval/evaluation_results_MlpPolicy_20260225-153005.csv
462,0.9339202642440796,Feed-forward PPO,../finalModels/mlp_hybrid/seed_456/eval/evaluation_results_MlpPolicy_20260225-153005.csv
463,0.92476224899292,Feed-forward PPO,../finalModels/mlp_hybrid/seed_456/eval/evaluation_results_MlpPolicy_20260225-153005.csv
464,0.9210643768310548,Feed-forward PPO,../finalModels/mlp_hybrid/seed_456/eval/evaluation_results_MlpPolicy_20260225-153005.csv
465,0.9289766550064088,Feed-forward PPO,../finalModels/mlp_hybrid/seed_456/eval/evaluation_results_MlpPolicy_20260225-153005.csv
466,0.921361804008484,Feed-forward PPO,../finalModels/mlp_hybrid/seed_456/eval/evaluation_results_MlpPolicy_20260225-153005.csv
467,0.9226073026657104,Feed-forward PPO,../finalModels/mlp_hybrid/seed_456/eval/evaluation_results_MlpPolicy_20260225-153005.csv
468,0.9222553968429564,Feed-forward PPO,../finalModels/mlp_hybrid/seed_456/eval/evaluation_results_MlpPolicy_20260225-153005.csv
469,0.9212931990623474,Feed-forward PPO,../finalModels/mlp_hybrid/seed_456/eval/evaluation_results_MlpPolicy_20260225-153005.csv
470,0.9207812547683716,Feed-forward PPO,../finalModels/mlp_hybrid/seed_456/eval/evaluation_results_MlpPolicy_20260225-153005.csv
471,0.923141360282898,Feed-forward PPO,../finalModels/mlp_hybrid/seed_456/eval/evaluation_results_MlpPolicy_20260225-153005.csv
472,0.920872151851654,Feed-forward PPO,../finalModels/mlp_hybrid/seed_456/eval/evaluation_results_MlpPolicy_20260225-153005.csv
473,0.9240809679031372,Feed-forward PPO,../finalModels/mlp_hybrid/seed_456/eval/evaluation_results_MlpPolicy_20260225-153005.csv
474,0.921045422554016,Feed-forward PPO,../finalModels/mlp_hybrid/seed_456/eval/evaluation_results_MlpPolicy_20260225-153005.csv
475,0.921704649925232,Feed-forward PPO,../finalModels/mlp_hybrid/seed_456/eval/evaluation_results_MlpPolicy_20260225-153005.csv
476,0.9223825931549072,Feed-forward PPO,../finalModels/mlp_hybrid/seed_456/eval/evaluation_results_MlpPolicy_20260225-153005.csv
477,0.9218903183937072,Feed-forward PPO,../finalModels/mlp_hybrid/seed_456/eval/evaluation_results_MlpPolicy_20260225-153005.csv
478,0.9254044890403748,Feed-forward PPO,../finalModels/mlp_hybrid/seed_456/eval/evaluation_results_MlpPolicy_20260225-153005.csv
479,0.9264996647834778,Feed-forward PPO,../finalModels/mlp_hybrid/seed_456/eval/evaluation_results_MlpPolicy_20260225-153005.csv
480,0.9287706017494202,Feed-forward PPO,../finalModels/mlp_hybrid/seed_456/eval/evaluation_results_MlpPolicy_20260225-153005.csv
481,0.9335689544677734,Feed-forward PPO,../finalModels/mlp_hybrid/seed_456/eval/evaluation_results_MlpPolicy_20260225-153005.csv
482,0.9339360594749452,Feed-forward PPO,../finalModels/mlp_hybrid/seed_456/eval/evaluation_results_MlpPolicy_20260225-153005.csv
483,0.9748586416244508,Feed-forward PPO,../finalModels/mlp_hybrid/seed_456/eval/evaluation_results_MlpPolicy_20260225-153005.csv
484,0.9749959707260132,Feed-forward PPO,../finalModels/mlp_hybrid/seed_456/eval/evaluation_results_MlpPolicy_20260225-153005.csv
485,0.9749980568885804,Feed-forward PPO,../finalModels/mlp_hybrid/seed_456/eval/evaluation_results_MlpPolicy_20260225-153005.csv
486,0.9748063683509828,Feed-forward PPO,../finalModels/mlp_hybrid/seed_456/eval/evaluation_results_MlpPolicy_20260225-153005.csv
487,0.97497296333313,Feed-forward PPO,../finalModels/mlp_hybrid/seed_456/eval/evaluation_results_MlpPolicy_20260225-153005.csv
488,0.9749955534934998,Feed-forward PPO,../finalModels/mlp_hybrid/seed_456/eval/evaluation_results_MlpPolicy_20260225-153005.csv
489,0.9752488136291504,Feed-forward PPO,../finalModels/mlp_hybrid/seed_456/eval/evaluation_results_MlpPolicy_20260225-153005.csv
490,0.9748013019561768,Feed-forward PPO,../finalModels/mlp_hybrid/seed_456/eval/evaluation_results_MlpPolicy_20260225-153005.csv
491,0.9749972820281982,Feed-forward PPO,../finalModels/mlp_hybrid/seed_456/eval/evaluation_results_MlpPolicy_20260225-153005.csv
492,0.974731147289276,Feed-forward PPO,../finalModels/mlp_hybrid/seed_456/eval/evaluation_results_MlpPolicy_20260225-153005.csv
493,0.9749997854232788,Feed-forward PPO,../finalModels/mlp_hybrid/seed_456/eval/evaluation_results_MlpPolicy_20260225-153005.csv
494,0.9748064875602722,Feed-forward PPO,../finalModels/mlp_hybrid/seed_456/eval/evaluation_results_MlpPolicy_20260225-153005.csv
495,0.9748815298080444,Feed-forward PPO,../finalModels/mlp_hybrid/seed_456/eval/evaluation_results_MlpPolicy_20260225-153005.csv
496,0.9749969840049744,Feed-forward PPO,../finalModels/mlp_hybrid/seed_456/eval/evaluation_results_MlpPolicy_20260225-153005.csv
497,0.9749577045440674,Feed-forward PPO,../finalModels/mlp_hybrid/seed_456/eval/evaluation_results_MlpPolicy_20260225-153005.csv
498,0.9748928546905518,Feed-forward PPO,../finalModels/mlp_hybrid/seed_456/eval/evaluation_results_MlpPolicy_20260225-153005.csv
499,0.974780261516571,Feed-forward PPO,../finalModels/mlp_hybrid/seed_456/eval/evaluation_results_MlpPolicy_20260225-153005.csv
500,0.9748337864875792,Feed-forward PPO,../finalModels/mlp_hybrid/seed_456/eval/evaluation_results_MlpPolicy_20260225-153005.csv
501,0.9749464392662048,Feed-forward PPO,../finalModels/mlp_hybrid/seed_456/eval/evaluation_results_MlpPolicy_20260225-153005.csv
502,0.9749963879585266,Feed-forward PPO,../finalModels/mlp_hybrid/seed_456/eval/evaluation_results_MlpPolicy_20260225-153005.csv
503,0.974969208240509,Feed-forward PPO,../finalModels/mlp_hybrid/seed_456/eval/evaluation_results_MlpPolicy_20260225-153005.csv
504,0.9749253988265992,Feed-forward PPO,../finalModels/mlp_hybrid/seed_456/eval/evaluation_results_MlpPolicy_20260225-153005.csv
505,0.9748446941375732,Feed-forward PPO,../finalModels/mlp_hybrid/seed_456/eval/evaluation_results_MlpPolicy_20260225-153005.csv
506,0.9750185608863832,Feed-forward PPO,../finalModels/mlp_hybrid/seed_456/eval/evaluation_results_MlpPolicy_20260225-153005.csv
507,0.9752365946769714,Feed-forward PPO,../finalModels/mlp_hybrid/seed_456/eval/evaluation_results_MlpPolicy_20260225-153005.csv
508,0.9747535586357116,Feed-forward PPO,../finalModels/mlp_hybrid/seed_456/eval/evaluation_results_MlpPolicy_20260225-153005.csv
509,0.974338173866272,Feed-forward PPO,../finalModels/mlp_hybrid/seed_456/eval/evaluation_results_MlpPolicy_20260225-153005.csv
510,0.9748045206069946,Feed-forward PPO,../finalModels/mlp_hybrid/seed_456/eval/evaluation_results_MlpPolicy_20260225-153005.csv
511,0.974784016609192,Feed-forward PPO,../finalModels/mlp_hybrid/seed_456/eval/evaluation_results_MlpPolicy_20260225-153005.csv
512,0.973992884159088,Feed-forward PPO,../finalModels/mlp_hybrid/seed_456/eval/evaluation_results_MlpPolicy_20260225-153005.csv
513,0.973969042301178,Feed-forward PPO,../finalModels/mlp_hybrid/seed_456/eval/evaluation_results_MlpPolicy_20260225-153005.csv
514,0.9742875099182128,Feed-forward PPO,../finalModels/mlp_hybrid/seed_456/eval/evaluation_results_MlpPolicy_20260225-153005.csv
515,0.9749937057495116,Feed-forward PPO,../finalModels/mlp_hybrid/seed_456/eval/evaluation_results_MlpPolicy_20260225-153005.csv
516,0.974998414516449,Feed-forward PPO,../finalModels/mlp_hybrid/seed_456/eval/evaluation_results_MlpPolicy_20260225-153005.csv
517,0.9750784635543824,Feed-forward PPO,../finalModels/mlp_hybrid/seed_456/eval/evaluation_results_MlpPolicy_20260225-153005.csv
518,0.9749963879585266,Feed-forward PPO,../finalModels/mlp_hybrid/seed_456/eval/evaluation_results_MlpPolicy_20260225-153005.csv
519,0.975050151348114,Feed-forward PPO,../finalModels/mlp_hybrid/seed_456/eval/evaluation_results_MlpPolicy_20260225-153005.csv
520,0.9750952124595642,Feed-forward PPO,../finalModels/mlp_hybrid/seed_456/eval/evaluation_results_MlpPolicy_20260225-153005.csv
521,0.9751558303833008,Feed-forward PPO,../finalModels/mlp_hybrid/seed_456/eval/evaluation_results_MlpPolicy_20260225-153005.csv
522,0.9750374555587769,Feed-forward PPO,../finalModels/mlp_hybrid/seed_456/eval/evaluation_results_MlpPolicy_20260225-153005.csv
523,0.9750311970710754,Feed-forward PPO,../finalModels/mlp_hybrid/seed_456/eval/evaluation_results_MlpPolicy_20260225-153005.csv
524,0.9752585887908936,Feed-forward PPO,../finalModels/mlp_hybrid/seed_456/eval/evaluation_results_MlpPolicy_20260225-153005.csv
525,0.9752275347709656,Feed-forward PPO,../finalModels/mlp_hybrid/seed_456/eval/evaluation_results_MlpPolicy_20260225-153005.csv
526,0.9750409126281738,Feed-forward PPO,../finalModels/mlp_hybrid/seed_456/eval/evaluation_results_MlpPolicy_20260225-153005.csv
527,0.9749648571014404,Feed-forward PPO,../finalModels/mlp_hybrid/seed_456/eval/evaluation_results_MlpPolicy_20260225-153005.csv
528,0.9285977482795716,Feed-forward PPO,../finalModels/mlp_hybrid/seed_456/eval/evaluation_results_MlpPolicy_20260225-153005.csv
529,0.9231225252151488,Feed-forward PPO,../finalModels/mlp_hybrid/seed_456/eval/evaluation_results_MlpPolicy_20260225-153005.csv
530,0.921910047531128,Feed-forward PPO,../finalModels/mlp_hybrid/seed_456/eval/evaluation_results_MlpPolicy_20260225-153005.csv
531,0.9238083958625792,Feed-forward PPO,../finalModels/mlp_hybrid/seed_456/eval/evaluation_results_MlpPolicy_20260225-153005.csv
532,0.9254064559936525,Feed-forward PPO,../finalModels/mlp_hybrid/seed_456/eval/evaluation_results_MlpPolicy_20260225-153005.csv
533,0.9308502674102784,Feed-forward PPO,../finalModels/mlp_hybrid/seed_456/eval/evaluation_results_MlpPolicy_20260225-153005.csv
534,0.9351967573165894,Feed-forward PPO,../finalModels/mlp_hybrid/seed_456/eval/evaluation_results_MlpPolicy_20260225-153005.csv
535,0.9333142638206482,Feed-forward PPO,../finalModels/mlp_hybrid/seed_456/eval/evaluation_results_MlpPolicy_20260225-153005.csv
536,0.9314273595809937,Feed-forward PPO,../finalModels/mlp_hybrid/seed_456/eval/evaluation_results_MlpPolicy_20260225-153005.csv
537,0.9333788752555848,Feed-forward PPO,../finalModels/mlp_hybrid/seed_456/eval/evaluation_results_MlpPolicy_20260225-153005.csv
538,0.9258833527565002,Feed-forward PPO,../finalModels/mlp_hybrid/seed_456/eval/evaluation_results_MlpPolicy_20260225-153005.csv
539,0.9291574954986572,Feed-forward PPO,../finalModels/mlp_hybrid/seed_456/eval/evaluation_results_MlpPolicy_20260225-153005.csv
540,0.9335669279098512,Feed-forward PPO,../finalModels/mlp_hybrid/seed_456/eval/evaluation_results_MlpPolicy_20260225-153005.csv
541,0.9272817373275756,Feed-forward PPO,../finalModels/mlp_hybrid/seed_456/eval/evaluation_results_MlpPolicy_20260225-153005.csv
542,0.9305105805397034,Feed-forward PPO,../finalModels/mlp_hybrid/seed_456/eval/evaluation_results_MlpPolicy_20260225-153005.csv
543,0.9274987578392028,Feed-forward PPO,../finalModels/mlp_hybrid/seed_456/eval/evaluation_results_MlpPolicy_20260225-153005.csv
544,0.9250084161758424,Feed-forward PPO,../finalModels/mlp_hybrid/seed_456/eval/evaluation_results_MlpPolicy_20260225-153005.csv
545,0.920922040939331,Feed-forward PPO,../finalModels/mlp_hybrid/seed_456/eval/evaluation_results_MlpPolicy_20260225-153005.csv
546,0.9212052226066588,Feed-forward PPO,../finalModels/mlp_hybrid/seed_456/eval/evaluation_results_MlpPolicy_20260225-153005.csv
547,0.9184078574180604,Feed-forward PPO,../finalModels/mlp_hybrid/seed_456/eval/evaluation_results_MlpPolicy_20260225-153005.csv
548,0.914879560470581,Feed-forward PPO,../finalModels/mlp_hybrid/seed_456/eval/evaluation_results_MlpPolicy_20260225-153005.csv
549,0.916772961616516,Feed-forward PPO,../finalModels/mlp_hybrid/seed_456/eval/evaluation_results_MlpPolicy_20260225-153005.csv
550,0.9195543527603148,Feed-forward PPO,../finalModels/mlp_hybrid/seed_456/eval/evaluation_results_MlpPolicy_20260225-153005.csv
551,0.920760452747345,Feed-forward PPO,../finalModels/mlp_hybrid/seed_456/eval/evaluation_results_MlpPolicy_20260225-153005.csv
552,0.92360258102417,Feed-forward PPO,../finalModels/mlp_hybrid/seed_456/eval/evaluation_results_MlpPolicy_20260225-153005.csv
553,0.920910656452179,Feed-forward PPO,../finalModels/mlp_hybrid/seed_456/eval/evaluation_results_MlpPolicy_20260225-153005.csv
554,0.9152761101722716,Feed-forward PPO,../finalModels/mlp_hybrid/seed_456/eval/evaluation_results_MlpPolicy_20260225-153005.csv
555,0.9111522436141968,Feed-forward PPO,../finalModels/mlp_hybrid/seed_456/eval/evaluation_results_MlpPolicy_20260225-153005.csv
556,0.9212161302566528,Feed-forward PPO,../finalModels/mlp_hybrid/seed_456/eval/evaluation_results_MlpPolicy_20260225-153005.csv
557,0.9182142615318298,Feed-forward PPO,../finalModels/mlp_hybrid/seed_456/eval/evaluation_results_MlpPolicy_20260225-153005.csv
558,0.9138625860214232,Feed-forward PPO,../finalModels/mlp_hybrid/seed_456/eval/evaluation_results_MlpPolicy_20260225-153005.csv
559,0.9308497309684752,Feed-forward PPO,../finalModels/mlp_hybrid/seed_456/eval/evaluation_results_MlpPolicy_20260225-153005.csv
560,0.9236423373222352,Feed-forward PPO,../finalModels/mlp_hybrid/seed_456/eval/evaluation_results_MlpPolicy_20260225-153005.csv
561,0.9206380844116212,Feed-forward PPO,../finalModels/mlp_hybrid/seed_456/eval/evaluation_results_MlpPolicy_20260225-153005.csv
562,0.930809736251831,Feed-forward PPO,../finalModels/mlp_hybrid/seed_456/eval/evaluation_results_MlpPolicy_20260225-153005.csv
563,0.9241557717323304,Feed-forward PPO,../finalModels/mlp_hybrid/seed_456/eval/evaluation_results_MlpPolicy_20260225-153005.csv
564,0.9183451533317566,Feed-forward PPO,../finalModels/mlp_hybrid/seed_456/eval/evaluation_results_MlpPolicy_20260225-153005.csv
565,0.9190651178359984,Feed-forward PPO,../finalModels/mlp_hybrid/seed_456/eval/evaluation_results_MlpPolicy_20260225-153005.csv
566,0.9208180904388428,Feed-forward PPO,../finalModels/mlp_hybrid/seed_456/eval/evaluation_results_MlpPolicy_20260225-153005.csv
567,0.9211028814315796,Feed-forward PPO,../finalModels/mlp_hybrid/seed_456/eval/evaluation_results_MlpPolicy_20260225-153005.csv
568,0.9211222529411316,Feed-forward PPO,../finalModels/mlp_hybrid/seed_456/eval/evaluation_results_MlpPolicy_20260225-153005.csv
569,0.9270526170730592,Feed-forward PPO,../finalModels/mlp_hybrid/seed_456/eval/evaluation_results_MlpPolicy_20260225-153005.csv
570,0.9307999014854432,Feed-forward PPO,../finalModels/mlp_hybrid/seed_456/eval/evaluation_results_MlpPolicy_20260225-153005.csv
571,0.92257159948349,Feed-forward PPO,../finalModels/mlp_hybrid/seed_456/eval/evaluation_results_MlpPolicy_20260225-153005.csv
572,0.9277782440185548,Feed-forward PPO,../finalModels/mlp_hybrid/seed_456/eval/evaluation_results_MlpPolicy_20260225-153005.csv
573,0.9260811805725098,Feed-forward PPO,../finalModels/mlp_hybrid/seed_456/eval/evaluation_results_MlpPolicy_20260225-153005.csv
574,0.9247004985809326,Feed-forward PPO,../finalModels/mlp_hybrid/seed_456/eval/evaluation_results_MlpPolicy_20260225-153005.csv
575,0.9253968000411988,Feed-forward PPO,../finalModels/mlp_hybrid/seed_456/eval/evaluation_results_MlpPolicy_20260225-153005.csv
576,0.926501452922821,Feed-forward PPO,../finalModels/mlp_hybrid/seed_456/eval/evaluation_results_MlpPolicy_20260225-153005.csv
577,0.9284797310829164,Feed-forward PPO,../finalModels/mlp_hybrid/seed_456/eval/evaluation_results_MlpPolicy_20260225-153005.csv
578,0.9315837621688844,Feed-forward PPO,../finalModels/mlp_hybrid/seed_456/eval/evaluation_results_MlpPolicy_20260225-153005.csv
579,0.9319387674331664,Feed-forward PPO,../finalModels/mlp_hybrid/seed_456/eval/evaluation_results_MlpPolicy_20260225-153005.csv
580,0.974860429763794,Feed-forward PPO,../finalModels/mlp_hybrid/seed_456/eval/evaluation_results_MlpPolicy_20260225-153005.csv
581,0.9746825098991394,Feed-forward PPO,../finalModels/mlp_hybrid/seed_456/eval/evaluation_results_MlpPolicy_20260225-153005.csv
582,0.9743087887763976,Feed-forward PPO,../finalModels/mlp_hybrid/seed_456/eval/evaluation_results_MlpPolicy_20260225-153005.csv
583,0.9747304916381836,Feed-forward PPO,../finalModels/mlp_hybrid/seed_456/eval/evaluation_results_MlpPolicy_20260225-153005.csv
584,0.9747106432914734,Feed-forward PPO,../finalModels/mlp_hybrid/seed_456/eval/evaluation_results_MlpPolicy_20260225-153005.csv
585,0.9741796851158142,Feed-forward PPO,../finalModels/mlp_hybrid/seed_456/eval/evaluation_results_MlpPolicy_20260225-153005.csv
586,0.9739752411842346,Feed-forward PPO,../finalModels/mlp_hybrid/seed_456/eval/evaluation_results_MlpPolicy_20260225-153005.csv
587,0.974074125289917,Feed-forward PPO,../finalModels/mlp_hybrid/seed_456/eval/evaluation_results_MlpPolicy_20260225-153005.csv
588,0.9741972088813782,Feed-forward PPO,../finalModels/mlp_hybrid/seed_456/eval/evaluation_results_MlpPolicy_20260225-153005.csv
589,0.9744859337806702,Feed-forward PPO,../finalModels/mlp_hybrid/seed_456/eval/evaluation_results_MlpPolicy_20260225-153005.csv
590,0.9744025468826294,Feed-forward PPO,../finalModels/mlp_hybrid/seed_456/eval/evaluation_results_MlpPolicy_20260225-153005.csv
591,0.9741401076316832,Feed-forward PPO,../finalModels/mlp_hybrid/seed_456/eval/evaluation_results_MlpPolicy_20260225-153005.csv
592,0.974540650844574,Feed-forward PPO,../finalModels/mlp_hybrid/seed_456/eval/evaluation_results_MlpPolicy_20260225-153005.csv
593,0.9296730756759644,Feed-forward PPO,../finalModels/mlp_hybrid/seed_456/eval/evaluation_results_MlpPolicy_20260225-153005.csv
594,0.9330243468284608,Feed-forward PPO,../finalModels/mlp_hybrid/seed_456/eval/evaluation_results_MlpPolicy_20260225-153005.csv
595,0.934095025062561,Feed-forward PPO,../finalModels/mlp_hybrid/seed_456/eval/evaluation_results_MlpPolicy_20260225-153005.csv
596,0.9322497248649596,Feed-forward PPO,../finalModels/mlp_hybrid/seed_456/eval/evaluation_results_MlpPolicy_20260225-153005.csv
597,0.9749993681907654,Feed-forward PPO,../finalModels/mlp_hybrid/seed_456/eval/evaluation_results_MlpPolicy_20260225-153005.csv
598,0.9748663306236268,Feed-forward PPO,../finalModels/mlp_hybrid/seed_456/eval/evaluation_results_MlpPolicy_20260225-153005.csv
599,0.9747581481933594,Feed-forward PPO,../finalModels/mlp_hybrid/seed_456/eval/evaluation_results_MlpPolicy_20260225-153005.csv
600,0.974962592124939,Feed-forward PPO,../finalModels/mlp_hybrid/seed_456/eval/evaluation_results_MlpPolicy_20260225-153005.csv
601,0.974934697151184,Feed-forward PPO,../finalModels/mlp_hybrid/seed_456/eval/evaluation_results_MlpPolicy_20260225-153005.csv
602,0.9748343229293824,Feed-forward PPO,../finalModels/mlp_hybrid/seed_456/eval/evaluation_results_MlpPolicy_20260225-153005.csv
603,0.9749143719673156,Feed-forward PPO,../finalModels/mlp_hybrid/seed_456/eval/evaluation_results_MlpPolicy_20260225-153005.csv
604,0.9747424721717834,Feed-forward PPO,../finalModels/mlp_hybrid/seed_456/eval/evaluation_results_MlpPolicy_20260225-153005.csv
605,0.9749078750610352,Feed-forward PPO,../finalModels/mlp_hybrid/seed_456/eval/evaluation_results_MlpPolicy_20260225-153005.csv
606,0.9747459292411804,Feed-forward PPO,../finalModels/mlp_hybrid/seed_456/eval/evaluation_results_MlpPolicy_20260225-153005.csv
607,0.9740886688232422,Feed-forward PPO,../finalModels/mlp_hybrid/seed_456/eval/evaluation_results_MlpPolicy_20260225-153005.csv
608,0.9746699333190918,Feed-forward PPO,../finalModels/mlp_hybrid/seed_456/eval/evaluation_results_MlpPolicy_20260225-153005.csv
609,0.9748479127883912,Feed-forward PPO,../finalModels/mlp_hybrid/seed_456/eval/evaluation_results_MlpPolicy_20260225-153005.csv
610,0.9749611616134644,Feed-forward PPO,../finalModels/mlp_hybrid/seed_456/eval/evaluation_results_MlpPolicy_20260225-153005.csv
611,0.9749453663825988,Feed-forward PPO,../finalModels/mlp_hybrid/seed_456/eval/evaluation_results_MlpPolicy_20260225-153005.csv
612,0.9750260710716248,Feed-forward PPO,../finalModels/mlp_hybrid/seed_456/eval/evaluation_results_MlpPolicy_20260225-153005.csv
613,0.9749692678451538,Feed-forward PPO,../finalModels/mlp_hybrid/seed_456/eval/evaluation_results_MlpPolicy_20260225-153005.csv
614,0.9749965071678162,Feed-forward PPO,../finalModels/mlp_hybrid/seed_456/eval/evaluation_results_MlpPolicy_20260225-153005.csv
615,0.9750439524650574,Feed-forward PPO,../finalModels/mlp_hybrid/seed_456/eval/evaluation_results_MlpPolicy_20260225-153005.csv
616,0.9751031398773192,Feed-forward PPO,../finalModels/mlp_hybrid/seed_456/eval/evaluation_results_MlpPolicy_20260225-153005.csv
617,0.9752421379089355,Feed-forward PPO,../finalModels/mlp_hybrid/seed_456/eval/evaluation_results_MlpPolicy_20260225-153005.csv
618,0.975205898284912,Feed-forward PPO,../finalModels/mlp_hybrid/seed_456/eval/evaluation_results_MlpPolicy_20260225-153005.csv
619,0.9752047657966614,Feed-forward PPO,../finalModels/mlp_hybrid/seed_456/eval/evaluation_results_MlpPolicy_20260225-153005.csv
620,0.9750770926475524,Feed-forward PPO,../finalModels/mlp_hybrid/seed_456/eval/evaluation_results_MlpPolicy_20260225-153005.csv
621,0.9751351475715636,Feed-forward PPO,../finalModels/mlp_hybrid/seed_456/eval/evaluation_results_MlpPolicy_20260225-153005.csv
622,0.9752429127693176,Feed-forward PPO,../finalModels/mlp_hybrid/seed_456/eval/evaluation_results_MlpPolicy_20260225-153005.csv
623,0.9750784039497375,Feed-forward PPO,../finalModels/mlp_hybrid/seed_456/eval/evaluation_results_MlpPolicy_20260225-153005.csv
624,0.9747408628463744,Feed-forward PPO,../finalModels/mlp_hybrid/seed_456/eval/evaluation_results_MlpPolicy_20260225-153005.csv
625,0.9749970436096193,Feed-forward PPO,../finalModels/mlp_hybrid/seed_456/eval/evaluation_results_MlpPolicy_20260225-153005.csv
626,0.9750470519065856,Feed-forward PPO,../finalModels/mlp_hybrid/seed_456/eval/evaluation_results_MlpPolicy_20260225-153005.csv
627,0.9750490188598632,Feed-forward PPO,../finalModels/mlp_hybrid/seed_456/eval/evaluation_results_MlpPolicy_20260225-153005.csv
628,0.9238077998161316,Feed-forward PPO,../finalModels/mlp_hybrid/seed_456/eval/evaluation_results_MlpPolicy_20260225-153005.csv
629,0.933213710784912,Feed-forward PPO,../finalModels/mlp_hybrid/seed_456/eval/evaluation_results_MlpPolicy_20260225-153005.csv
630,0.9312036633491516,Feed-forward PPO,../finalModels/mlp_hybrid/seed_456/eval/evaluation_results_MlpPolicy_20260225-153005.csv
631,0.9302351474761964,Feed-forward PPO,../finalModels/mlp_hybrid/seed_456/eval/evaluation_results_MlpPolicy_20260225-153005.csv
632,0.934709906578064,Feed-forward PPO,../finalModels/mlp_hybrid/seed_456/eval/evaluation_results_MlpPolicy_20260225-153005.csv
633,0.935477375984192,Feed-forward PPO,../finalModels/mlp_hybrid/seed_456/eval/evaluation_results_MlpPolicy_20260225-153005.csv
634,0.9309322834014891,Feed-forward PPO,../finalModels/mlp_hybrid/seed_456/eval/evaluation_results_MlpPolicy_20260225-153005.csv
635,0.9326767325401306,Feed-forward PPO,../finalModels/mlp_hybrid/seed_456/eval/evaluation_results_MlpPolicy_20260225-153005.csv
636,0.9358509182929992,Feed-forward PPO,../finalModels/mlp_hybrid/seed_456/eval/evaluation_results_MlpPolicy_20260225-153005.csv
637,0.9357925653457642,Feed-forward PPO,../finalModels/mlp_hybrid/seed_456/eval/evaluation_results_MlpPolicy_20260225-153005.csv
638,0.93168967962265,Feed-forward PPO,../finalModels/mlp_hybrid/seed_456/eval/evaluation_results_MlpPolicy_20260225-153005.csv
639,0.9354041814804076,Feed-forward PPO,../finalModels/mlp_hybrid/seed_456/eval/evaluation_results_MlpPolicy_20260225-153005.csv
640,0.9354593753814696,Feed-forward PPO,../finalModels/mlp_hybrid/seed_456/eval/evaluation_results_MlpPolicy_20260225-153005.csv
641,0.9356327056884766,Feed-forward PPO,../finalModels/mlp_hybrid/seed_456/eval/evaluation_results_MlpPolicy_20260225-153005.csv
642,0.9348005056381226,Feed-forward PPO,../finalModels/mlp_hybrid/seed_456/eval/evaluation_results_MlpPolicy_20260225-153005.csv
643,0.931227445602417,Feed-forward PPO,../finalModels/mlp_hybrid/seed_456/eval/evaluation_results_MlpPolicy_20260225-153005.csv
644,0.9260036945343018,Feed-forward PPO,../finalModels/mlp_hybrid/seed_456/eval/evaluation_results_MlpPolicy_20260225-153005.csv
645,0.9319364428520204,Feed-forward PPO,../finalModels/mlp_hybrid/seed_456/eval/evaluation_results_MlpPolicy_20260225-153005.csv
646,0.923400104045868,Feed-forward PPO,../finalModels/mlp_hybrid/seed_456/eval/evaluation_results_MlpPolicy_20260225-153005.csv
647,0.9211602807044984,Feed-forward PPO,../finalModels/mlp_hybrid/seed_456/eval/evaluation_results_MlpPolicy_20260225-153005.csv
648,0.9192536473274232,Feed-forward PPO,../finalModels/mlp_hybrid/seed_456/eval/evaluation_results_MlpPolicy_20260225-153005.csv
649,0.924053430557251,Feed-forward PPO,../finalModels/mlp_hybrid/seed_456/eval/evaluation_results_MlpPolicy_20260225-153005.csv
650,0.9246122241020204,Feed-forward PPO,../finalModels/mlp_hybrid/seed_456/eval/evaluation_results_MlpPolicy_20260225-153005.csv
651,0.921054482460022,Feed-forward PPO,../finalModels/mlp_hybrid/seed_456/eval/evaluation_results_MlpPolicy_20260225-153005.csv
652,0.9211194515228271,Feed-forward PPO,../finalModels/mlp_hybrid/seed_456/eval/evaluation_results_MlpPolicy_20260225-153005.csv
653,0.9209508895874025,Feed-forward PPO,../finalModels/mlp_hybrid/seed_456/eval/evaluation_results_MlpPolicy_20260225-153005.csv
654,0.9212659001350404,Feed-forward PPO,../finalModels/mlp_hybrid/seed_456/eval/evaluation_results_MlpPolicy_20260225-153005.csv
655,0.9212141633033752,Feed-forward PPO,../finalModels/mlp_hybrid/seed_456/eval/evaluation_results_MlpPolicy_20260225-153005.csv
656,0.9211581945419312,Feed-forward PPO,../finalModels/mlp_hybrid/seed_456/eval/evaluation_results_MlpPolicy_20260225-153005.csv
657,0.920051097869873,Feed-forward PPO,../finalModels/mlp_hybrid/seed_456/eval/evaluation_results_MlpPolicy_20260225-153005.csv
658,0.9210550785064696,Feed-forward PPO,../finalModels/mlp_hybrid/seed_456/eval/evaluation_results_MlpPolicy_20260225-153005.csv
659,0.92995685338974,Feed-forward PPO,../finalModels/mlp_hybrid/seed_456/eval/evaluation_results_MlpPolicy_20260225-153005.csv
660,0.9312678575515748,Feed-forward PPO,../finalModels/mlp_hybrid/seed_456/eval/evaluation_results_MlpPolicy_20260225-153005.csv
661,0.926586389541626,Feed-forward PPO,../finalModels/mlp_hybrid/seed_456/eval/evaluation_results_MlpPolicy_20260225-153005.csv
662,0.9345248937606812,Feed-forward PPO,../finalModels/mlp_hybrid/seed_456/eval/evaluation_results_MlpPolicy_20260225-153005.csv
663,0.9343537092208862,Feed-forward PPO,../finalModels/mlp_hybrid/seed_456/eval/evaluation_results_MlpPolicy_20260225-153005.csv
664,0.9294738173484802,Feed-forward PPO,../finalModels/mlp_hybrid/seed_456/eval/evaluation_results_MlpPolicy_20260225-153005.csv
665,0.9264478087425232,Feed-forward PPO,../finalModels/mlp_hybrid/seed_456/eval/evaluation_results_MlpPolicy_20260225-153005.csv
666,0.9247471690177916,Feed-forward PPO,../finalModels/mlp_hybrid/seed_456/eval/evaluation_results_MlpPolicy_20260225-153005.csv
667,0.9325888156890868,Feed-forward PPO,../finalModels/mlp_hybrid/seed_456/eval/evaluation_results_MlpPolicy_20260225-153005.csv
668,0.932835340499878,Feed-forward PPO,../finalModels/mlp_hybrid/seed_456/eval/evaluation_results_MlpPolicy_20260225-153005.csv
669,0.9336519241333008,Feed-forward PPO,../finalModels/mlp_hybrid/seed_456/eval/evaluation_results_MlpPolicy_20260225-153005.csv
670,0.927156925201416,Feed-forward PPO,../finalModels/mlp_hybrid/seed_456/eval/evaluation_results_MlpPolicy_20260225-153005.csv
671,0.9268902540206908,Feed-forward PPO,../finalModels/mlp_hybrid/seed_456/eval/evaluation_results_MlpPolicy_20260225-153005.csv
672,0.9355331659317015,Feed-forward PPO,../finalModels/mlp_hybrid/seed_456/eval/evaluation_results_MlpPolicy_20260225-153005.csv
673,0.9312391877174376,Feed-forward PPO,../finalModels/mlp_hybrid/seed_456/eval/evaluation_results_MlpPolicy_20260225-153005.csv
674,0.928219199180603,Feed-forward PPO,../finalModels/mlp_hybrid/seed_456/eval/evaluation_results_MlpPolicy_20260225-153005.csv
675,0.9357187151908876,Feed-forward PPO,../finalModels/mlp_hybrid/seed_456/eval/evaluation_results_MlpPolicy_20260225-153005.csv
676,0.9344996213912964,Feed-forward PPO,../finalModels/mlp_hybrid/seed_456/eval/evaluation_results_MlpPolicy_20260225-153005.csv
677,0.9749959707260132,Feed-forward PPO,../finalModels/mlp_hybrid/seed_456/eval/evaluation_results_MlpPolicy_20260225-153005.csv
678,0.9748125076293944,Feed-forward PPO,../finalModels/mlp_hybrid/seed_456/eval/evaluation_results_MlpPolicy_20260225-153005.csv
679,0.9749742150306702,Feed-forward PPO,../finalModels/mlp_hybrid/seed_456/eval/evaluation_results_MlpPolicy_20260225-153005.csv
680,0.9749242663383484,Feed-forward PPO,../finalModels/mlp_hybrid/seed_456/eval/evaluation_results_MlpPolicy_20260225-153005.csv
681,0.9749830365180968,Feed-forward PPO,../finalModels/mlp_hybrid/seed_456/eval/evaluation_results_MlpPolicy_20260225-153005.csv
682,0.9749974608421326,Feed-forward PPO,../finalModels/mlp_hybrid/seed_456/eval/evaluation_results_MlpPolicy_20260225-153005.csv
683,0.9750284552574158,Feed-forward PPO,../finalModels/mlp_hybrid/seed_456/eval/evaluation_results_MlpPolicy_20260225-153005.csv
684,0.974934995174408,Feed-forward PPO,../finalModels/mlp_hybrid/seed_456/eval/evaluation_results_MlpPolicy_20260225-153005.csv
685,0.9750478267669678,Feed-forward PPO,../finalModels/mlp_hybrid/seed_456/eval/evaluation_results_MlpPolicy_20260225-153005.csv
686,0.9748824834823608,Feed-forward PPO,../finalModels/mlp_hybrid/seed_456/eval/evaluation_results_MlpPolicy_20260225-153005.csv
687,0.9752616286277772,Feed-forward PPO,../finalModels/mlp_hybrid/seed_456/eval/evaluation_results_MlpPolicy_20260225-153005.csv
688,0.974997103214264,Feed-forward PPO,../finalModels/mlp_hybrid/seed_456/eval/evaluation_results_MlpPolicy_20260225-153005.csv
689,0.9751482009887696,Feed-forward PPO,../finalModels/mlp_hybrid/seed_456/eval/evaluation_results_MlpPolicy_20260225-153005.csv
690,0.975241482257843,Feed-forward PPO,../finalModels/mlp_hybrid/seed_456/eval/evaluation_results_MlpPolicy_20260225-153005.csv
691,0.9750106930732728,Feed-forward PPO,../finalModels/mlp_hybrid/seed_456/eval/evaluation_results_MlpPolicy_20260225-153005.csv
692,0.974995493888855,Feed-forward PPO,../finalModels/mlp_hybrid/seed_456/eval/evaluation_results_MlpPolicy_20260225-153005.csv
693,0.97517067193985,Feed-forward PPO,../finalModels/mlp_hybrid/seed_456/eval/evaluation_results_MlpPolicy_20260225-153005.csv
694,0.9749957919120787,Feed-forward PPO,../finalModels/mlp_hybrid/seed_456/eval/evaluation_results_MlpPolicy_20260225-153005.csv
695,0.9752026200294496,Feed-forward PPO,../finalModels/mlp_hybrid/seed_456/eval/evaluation_results_MlpPolicy_20260225-153005.csv
696,0.9749966859817504,Feed-forward PPO,../finalModels/mlp_hybrid/seed_456/eval/evaluation_results_MlpPolicy_20260225-153005.csv
697,0.9751951694488524,Feed-forward PPO,../finalModels/mlp_hybrid/seed_456/eval/evaluation_results_MlpPolicy_20260225-153005.csv
698,0.974996030330658,Feed-forward PPO,../finalModels/mlp_hybrid/seed_456/eval/evaluation_results_MlpPolicy_20260225-153005.csv
699,0.975230038166046,Feed-forward PPO,../finalModels/mlp_hybrid/seed_456/eval/evaluation_results_MlpPolicy_20260225-153005.csv
700,0.9751178622245787,Feed-forward PPO,../finalModels/mlp_hybrid/seed_456/eval/evaluation_results_MlpPolicy_20260225-153005.csv
701,0.975077509880066,Feed-forward PPO,../finalModels/mlp_hybrid/seed_456/eval/evaluation_results_MlpPolicy_20260225-153005.csv
702,0.9752406477928162,Feed-forward PPO,../finalModels/mlp_hybrid/seed_456/eval/evaluation_results_MlpPolicy_20260225-153005.csv
703,0.975195586681366,Feed-forward PPO,../finalModels/mlp_hybrid/seed_456/eval/evaluation_results_MlpPolicy_20260225-153005.csv
704,0.9751855731010436,Feed-forward PPO,../finalModels/mlp_hybrid/seed_456/eval/evaluation_results_MlpPolicy_20260225-153005.csv
705,0.975260615348816,Feed-forward PPO,../finalModels/mlp_hybrid/seed_456/eval/evaluation_results_MlpPolicy_20260225-153005.csv
706,0.9752398133277892,Feed-forward PPO,../finalModels/mlp_hybrid/seed_456/eval/evaluation_results_MlpPolicy_20260225-153005.csv
707,0.975125014781952,Feed-forward PPO,../finalModels/mlp_hybrid/seed_456/eval/evaluation_results_MlpPolicy_20260225-153005.csv
708,0.9752504229545592,Feed-forward PPO,../finalModels/mlp_hybrid/seed_456/eval/evaluation_results_MlpPolicy_20260225-153005.csv
709,0.9752598404884338,Feed-forward PPO,../finalModels/mlp_hybrid/seed_456/eval/evaluation_results_MlpPolicy_20260225-153005.csv
710,0.975290298461914,Feed-forward PPO,../finalModels/mlp_hybrid/seed_456/eval/evaluation_results_MlpPolicy_20260225-153005.csv
711,0.9752944707870485,Feed-forward PPO,../finalModels/mlp_hybrid/seed_456/eval/evaluation_results_MlpPolicy_20260225-153005.csv
712,0.9753069877624512,Feed-forward PPO,../finalModels/mlp_hybrid/seed_456/eval/evaluation_results_MlpPolicy_20260225-153005.csv
713,0.9753129482269288,Feed-forward PPO,../finalModels/mlp_hybrid/seed_456/eval/evaluation_results_MlpPolicy_20260225-153005.csv
714,0.9753075242042542,Feed-forward PPO,../finalModels/mlp_hybrid/seed_456/eval/evaluation_results_MlpPolicy_20260225-153005.csv
715,0.9752607345581056,Feed-forward PPO,../finalModels/mlp_hybrid/seed_456/eval/evaluation_results_MlpPolicy_20260225-153005.csv
716,0.9752912521362304,Feed-forward PPO,../finalModels/mlp_hybrid/seed_456/eval/evaluation_results_MlpPolicy_20260225-153005.csv
717,0.975302755832672,Feed-forward PPO,../finalModels/mlp_hybrid/seed_456/eval/evaluation_results_MlpPolicy_20260225-153005.csv
718,0.9752905368804932,Feed-forward PPO,../finalModels/mlp_hybrid/seed_456/eval/evaluation_results_MlpPolicy_20260225-153005.csv
719,0.9752587080001832,Feed-forward PPO,../finalModels/mlp_hybrid/seed_456/eval/evaluation_results_MlpPolicy_20260225-153005.csv
0,0.9752588868141174,Rule-based baseline,../experiments/results/Baselines/baseline_rule_results.csv
1,0.9752485752105712,Rule-based baseline,../experiments/results/Baselines/baseline_rule_results.csv
2,0.975248157978058,Rule-based baseline,../experiments/results/Baselines/baseline_rule_results.csv
3,0.9752596020698548,Rule-based baseline,../experiments/results/Baselines/baseline_rule_results.csv
4,0.9752465486526488,Rule-based baseline,../experiments/results/Baselines/baseline_rule_results.csv
5,0.975242555141449,Rule-based baseline,../experiments/results/Baselines/baseline_rule_results.csv
6,0.975280463695526,Rule-based baseline,../experiments/results/Baselines/baseline_rule_results.csv
7,0.9752567410469056,Rule-based baseline,../experiments/results/Baselines/baseline_rule_results.csv
8,0.9752077460289,Rule-based baseline,../experiments/results/Baselines/baseline_rule_results.csv
9,0.9752936959266664,Rule-based baseline,../experiments/results/Baselines/baseline_rule_results.csv
10,0.9752954840660096,Rule-based baseline,../experiments/results/Baselines/baseline_rule_results.csv
11,0.975312113761902,Rule-based baseline,../experiments/results/Baselines/baseline_rule_results.csv
12,0.9751262664794922,Rule-based baseline,../experiments/results/Baselines/baseline_rule_results.csv
13,0.975314736366272,Rule-based baseline,../experiments/results/Baselines/baseline_rule_results.csv
14,0.9753014445304872,Rule-based baseline,../experiments/results/Baselines/baseline_rule_results.csv
15,0.9752857685089112,Rule-based baseline,../experiments/results/Baselines/baseline_rule_results.csv
16,0.9753099083900452,Rule-based baseline,../experiments/results/Baselines/baseline_rule_results.csv
17,0.975318431854248,Rule-based baseline,../experiments/results/Baselines/baseline_rule_results.csv
18,0.9752839207649232,Rule-based baseline,../experiments/results/Baselines/baseline_rule_results.csv
19,0.975278913974762,Rule-based baseline,../experiments/results/Baselines/baseline_rule_results.csv
20,0.9752909541130066,Rule-based baseline,../experiments/results/Baselines/baseline_rule_results.csv
21,0.9752917885780334,Rule-based baseline,../experiments/results/Baselines/baseline_rule_results.csv
22,0.975307047367096,Rule-based baseline,../experiments/results/Baselines/baseline_rule_results.csv
23,0.9752947092056274,Rule-based baseline,../experiments/results/Baselines/baseline_rule_results.csv
24,0.9753078818321228,Rule-based baseline,../experiments/results/Baselines/baseline_rule_results.csv
25,0.9753021001815796,Rule-based baseline,../experiments/results/Baselines/baseline_rule_results.csv
26,0.9753154516220092,Rule-based baseline,../experiments/results/Baselines/baseline_rule_results.csv
27,0.975317656993866,Rule-based baseline,../experiments/results/Baselines/baseline_rule_results.csv
28,0.975308358669281,Rule-based baseline,../experiments/results/Baselines/baseline_rule_results.csv
29,0.9753040671348572,Rule-based baseline,../experiments/results/Baselines/baseline_rule_results.csv
30,0.975295901298523,Rule-based baseline,../experiments/results/Baselines/baseline_rule_results.csv
31,0.9753177165985109,Rule-based baseline,../experiments/results/Baselines/baseline_rule_results.csv
32,0.9753196835517884,Rule-based baseline,../experiments/results/Baselines/baseline_rule_results.csv
33,0.9752705693244934,Rule-based baseline,../experiments/results/Baselines/baseline_rule_results.csv
34,0.9752720594406128,Rule-based baseline,../experiments/results/Baselines/baseline_rule_results.csv
35,0.975172221660614,Rule-based baseline,../experiments/results/Baselines/baseline_rule_results.csv
36,0.9748014211654664,Rule-based baseline,../experiments/results/Baselines/baseline_rule_results.csv
37,0.974484384059906,Rule-based baseline,../experiments/results/Baselines/baseline_rule_results.csv
38,0.974741280078888,Rule-based baseline,../experiments/results/Baselines/baseline_rule_results.csv
39,0.9744670987129213,Rule-based baseline,../experiments/results/Baselines/baseline_rule_results.csv
40,0.9749462008476256,Rule-based baseline,../experiments/results/Baselines/baseline_rule_results.csv
41,0.9747480154037476,Rule-based baseline,../experiments/results/Baselines/baseline_rule_results.csv
42,0.9747199416160583,Rule-based baseline,../experiments/results/Baselines/baseline_rule_results.csv
43,0.97489595413208,Rule-based baseline,../experiments/results/Baselines/baseline_rule_results.csv
44,0.974999189376831,Rule-based baseline,../experiments/results/Baselines/baseline_rule_results.csv
45,0.9751445651054382,Rule-based baseline,../experiments/results/Baselines/baseline_rule_results.csv
46,0.9753122329711914,Rule-based baseline,../experiments/results/Baselines/baseline_rule_results.csv
47,0.9752492308616638,Rule-based baseline,../experiments/results/Baselines/baseline_rule_results.csv
48,0.975250780582428,Rule-based baseline,../experiments/results/Baselines/baseline_rule_results.csv
49,0.9752487540245056,Rule-based baseline,../experiments/results/Baselines/baseline_rule_results.csv
50,0.9752436876296996,Rule-based baseline,../experiments/results/Baselines/baseline_rule_results.csv
51,0.975161075592041,Rule-based baseline,../experiments/results/Baselines/baseline_rule_results.csv
52,0.9750683903694152,Rule-based baseline,../experiments/results/Baselines/baseline_rule_results.csv
53,0.9748924970626832,Rule-based baseline,../experiments/results/Baselines/baseline_rule_results.csv
54,0.930253565311432,Rule-based baseline,../experiments/results/Baselines/baseline_rule_results.csv
55,0.929842472076416,Rule-based baseline,../experiments/results/Baselines/baseline_rule_results.csv
56,0.9351592063903807,Rule-based baseline,../experiments/results/Baselines/baseline_rule_results.csv
57,0.9358612298965454,Rule-based baseline,../experiments/results/Baselines/baseline_rule_results.csv
58,0.9358461499214172,Rule-based baseline,../experiments/results/Baselines/baseline_rule_results.csv
59,0.935303509235382,Rule-based baseline,../experiments/results/Baselines/baseline_rule_results.csv
60,0.9328182339668274,Rule-based baseline,../experiments/results/Baselines/baseline_rule_results.csv
61,0.933275818824768,Rule-based baseline,../experiments/results/Baselines/baseline_rule_results.csv
62,0.9278846979141236,Rule-based baseline,../experiments/results/Baselines/baseline_rule_results.csv
63,0.9272772073745728,Rule-based baseline,../experiments/results/Baselines/baseline_rule_results.csv
64,0.9225593209266664,Rule-based baseline,../experiments/results/Baselines/baseline_rule_results.csv
65,0.9231364130973816,Rule-based baseline,../experiments/results/Baselines/baseline_rule_results.csv
66,0.9207010865211488,Rule-based baseline,../experiments/results/Baselines/baseline_rule_results.csv
67,0.9215840101242064,Rule-based baseline,../experiments/results/Baselines/baseline_rule_results.csv
68,0.9287486672401428,Rule-based baseline,../experiments/results/Baselines/baseline_rule_results.csv
69,0.9335293769836426,Rule-based baseline,../experiments/results/Baselines/baseline_rule_results.csv
70,0.9330810904502868,Rule-based baseline,../experiments/results/Baselines/baseline_rule_results.csv
71,0.9251723885536194,Rule-based baseline,../experiments/results/Baselines/baseline_rule_results.csv
72,0.930245578289032,Rule-based baseline,../experiments/results/Baselines/baseline_rule_results.csv
73,0.9242063164711,Rule-based baseline,../experiments/results/Baselines/baseline_rule_results.csv
74,0.9269354343414308,Rule-based baseline,../experiments/results/Baselines/baseline_rule_results.csv
75,0.9344441890716552,Rule-based baseline,../experiments/results/Baselines/baseline_rule_results.csv
76,0.9338476061820984,Rule-based baseline,../experiments/results/Baselines/baseline_rule_results.csv
77,0.9287272691726683,Rule-based baseline,../experiments/results/Baselines/baseline_rule_results.csv
78,0.9304466843605042,Rule-based baseline,../experiments/results/Baselines/baseline_rule_results.csv
79,0.927355170249939,Rule-based baseline,../experiments/results/Baselines/baseline_rule_results.csv
80,0.9311312437057496,Rule-based baseline,../experiments/results/Baselines/baseline_rule_results.csv
81,0.9273259043693542,Rule-based baseline,../experiments/results/Baselines/baseline_rule_results.csv
82,0.9748325347900392,Rule-based baseline,../experiments/results/Baselines/baseline_rule_results.csv
83,0.9749300479888916,Rule-based baseline,../experiments/results/Baselines/baseline_rule_results.csv
84,0.9749975204467772,Rule-based baseline,../experiments/results/Baselines/baseline_rule_results.csv
85,0.974785566329956,Rule-based baseline,../experiments/results/Baselines/baseline_rule_results.csv
86,0.9742226004600524,Rule-based baseline,../experiments/results/Baselines/baseline_rule_results.csv
87,0.9747198820114136,Rule-based baseline,../experiments/results/Baselines/baseline_rule_results.csv
88,0.9746472835540771,Rule-based baseline,../experiments/results/Baselines/baseline_rule_results.csv
89,0.9747849106788636,Rule-based baseline,../experiments/results/Baselines/baseline_rule_results.csv
90,0.9744967222213744,Rule-based baseline,../experiments/results/Baselines/baseline_rule_results.csv
91,0.9745274782180786,Rule-based baseline,../experiments/results/Baselines/baseline_rule_results.csv
92,0.9746935963630676,Rule-based baseline,../experiments/results/Baselines/baseline_rule_results.csv
93,0.9748634099960328,Rule-based baseline,../experiments/results/Baselines/baseline_rule_results.csv
94,0.9748979806900024,Rule-based baseline,../experiments/results/Baselines/baseline_rule_results.csv
95,0.9748263955116272,Rule-based baseline,../experiments/results/Baselines/baseline_rule_results.csv
96,0.975228488445282,Rule-based baseline,../experiments/results/Baselines/baseline_rule_results.csv
97,0.9752606749534608,Rule-based baseline,../experiments/results/Baselines/baseline_rule_results.csv
98,0.975269615650177,Rule-based baseline,../experiments/results/Baselines/baseline_rule_results.csv
99,0.975293755531311,Rule-based baseline,../experiments/results/Baselines/baseline_rule_results.csv
100,0.9753127098083496,Rule-based baseline,../experiments/results/Baselines/baseline_rule_results.csv
101,0.9752923846244812,Rule-based baseline,../experiments/results/Baselines/baseline_rule_results.csv
102,0.9752671718597412,Rule-based baseline,../experiments/results/Baselines/baseline_rule_results.csv
103,0.9752389788627625,Rule-based baseline,../experiments/results/Baselines/baseline_rule_results.csv
104,0.9752275943756104,Rule-based baseline,../experiments/results/Baselines/baseline_rule_results.csv
105,0.9752453565597534,Rule-based baseline,../experiments/results/Baselines/baseline_rule_results.csv
106,0.9751578569412231,Rule-based baseline,../experiments/results/Baselines/baseline_rule_results.csv
107,0.9751105904579164,Rule-based baseline,../experiments/results/Baselines/baseline_rule_results.csv
108,0.9749886989593506,Rule-based baseline,../experiments/results/Baselines/baseline_rule_results.csv
109,0.9749253392219543,Rule-based baseline,../experiments/results/Baselines/baseline_rule_results.csv
110,0.9749959707260132,Rule-based baseline,../experiments/results/Baselines/baseline_rule_results.csv
111,0.974964201450348,Rule-based baseline,../experiments/results/Baselines/baseline_rule_results.csv
112,0.9749968647956848,Rule-based baseline,../experiments/results/Baselines/baseline_rule_results.csv
113,0.9749964475631714,Rule-based baseline,../experiments/results/Baselines/baseline_rule_results.csv
114,0.9750660061836244,Rule-based baseline,../experiments/results/Baselines/baseline_rule_results.csv
115,0.9749963879585266,Rule-based baseline,../experiments/results/Baselines/baseline_rule_results.csv
116,0.975243866443634,Rule-based baseline,../experiments/results/Baselines/baseline_rule_results.csv
117,0.9752545356750488,Rule-based baseline,../experiments/results/Baselines/baseline_rule_results.csv
118,0.9751889109611512,Rule-based baseline,../experiments/results/Baselines/baseline_rule_results.csv
119,0.9752615690231324,Rule-based baseline,../experiments/results/Baselines/baseline_rule_results.csv
120,0.975250005722046,Rule-based baseline,../experiments/results/Baselines/baseline_rule_results.csv
121,0.975300669670105,Rule-based baseline,../experiments/results/Baselines/baseline_rule_results.csv
122,0.9753010869026184,Rule-based baseline,../experiments/results/Baselines/baseline_rule_results.csv
123,0.9752548933029176,Rule-based baseline,../experiments/results/Baselines/baseline_rule_results.csv
124,0.9752582311630248,Rule-based baseline,../experiments/results/Baselines/baseline_rule_results.csv
125,0.975275993347168,Rule-based baseline,../experiments/results/Baselines/baseline_rule_results.csv
126,0.9752573370933532,Rule-based baseline,../experiments/results/Baselines/baseline_rule_results.csv
127,0.9752779006958008,Rule-based baseline,../experiments/results/Baselines/baseline_rule_results.csv
128,0.9752758741378784,Rule-based baseline,../experiments/results/Baselines/baseline_rule_results.csv
129,0.9752517342567444,Rule-based baseline,../experiments/results/Baselines/baseline_rule_results.csv
130,0.9753032922744752,Rule-based baseline,../experiments/results/Baselines/baseline_rule_results.csv
131,0.9753167629241944,Rule-based baseline,../experiments/results/Baselines/baseline_rule_results.csv
132,0.9753096103668212,Rule-based baseline,../experiments/results/Baselines/baseline_rule_results.csv
133,0.9751346111297609,Rule-based baseline,../experiments/results/Baselines/baseline_rule_results.csv
134,0.9749726057052612,Rule-based baseline,../experiments/results/Baselines/baseline_rule_results.csv
135,0.9750306010246276,Rule-based baseline,../experiments/results/Baselines/baseline_rule_results.csv
136,0.9748297929763794,Rule-based baseline,../experiments/results/Baselines/baseline_rule_results.csv
137,0.9749155640602112,Rule-based baseline,../experiments/results/Baselines/baseline_rule_results.csv
138,0.9747689366340636,Rule-based baseline,../experiments/results/Baselines/baseline_rule_results.csv
139,0.9752013683319092,Rule-based baseline,../experiments/results/Baselines/baseline_rule_results.csv
140,0.9753218293190002,Rule-based baseline,../experiments/results/Baselines/baseline_rule_results.csv
141,0.9753230810165404,Rule-based baseline,../experiments/results/Baselines/baseline_rule_results.csv
142,0.975279986858368,Rule-based baseline,../experiments/results/Baselines/baseline_rule_results.csv
143,0.9752432703971864,Rule-based baseline,../experiments/results/Baselines/baseline_rule_results.csv
144,0.9752508997917176,Rule-based baseline,../experiments/results/Baselines/baseline_rule_results.csv
145,0.975238800048828,Rule-based baseline,../experiments/results/Baselines/baseline_rule_results.csv
146,0.9751944541931152,Rule-based baseline,../experiments/results/Baselines/baseline_rule_results.csv
147,0.9751518368721008,Rule-based baseline,../experiments/results/Baselines/baseline_rule_results.csv
148,0.9749968647956848,Rule-based baseline,../experiments/results/Baselines/baseline_rule_results.csv
149,0.9747201800346376,Rule-based baseline,../experiments/results/Baselines/baseline_rule_results.csv
150,0.9746814966201782,Rule-based baseline,../experiments/results/Baselines/baseline_rule_results.csv
151,0.9328052997589112,Rule-based baseline,../experiments/results/Baselines/baseline_rule_results.csv
152,0.9352706670761108,Rule-based baseline,../experiments/results/Baselines/baseline_rule_results.csv
153,0.9356563091278076,Rule-based baseline,../experiments/results/Baselines/baseline_rule_results.csv
154,0.9351572394371032,Rule-based baseline,../experiments/results/Baselines/baseline_rule_results.csv
155,0.9352985620498656,Rule-based baseline,../experiments/results/Baselines/baseline_rule_results.csv
156,0.9348692893981934,Rule-based baseline,../experiments/results/Baselines/baseline_rule_results.csv
157,0.9347221851348876,Rule-based baseline,../experiments/results/Baselines/baseline_rule_results.csv
158,0.9297435283660888,Rule-based baseline,../experiments/results/Baselines/baseline_rule_results.csv
159,0.931263029575348,Rule-based baseline,../experiments/results/Baselines/baseline_rule_results.csv
160,0.927872121334076,Rule-based baseline,../experiments/results/Baselines/baseline_rule_results.csv
161,0.9340530633926392,Rule-based baseline,../experiments/results/Baselines/baseline_rule_results.csv
162,0.9332592487335204,Rule-based baseline,../experiments/results/Baselines/baseline_rule_results.csv
163,0.934416890144348,Rule-based baseline,../experiments/results/Baselines/baseline_rule_results.csv
164,0.9270460605621338,Rule-based baseline,../experiments/results/Baselines/baseline_rule_results.csv
165,0.9253440499305724,Rule-based baseline,../experiments/results/Baselines/baseline_rule_results.csv
166,0.9219245910644532,Rule-based baseline,../experiments/results/Baselines/baseline_rule_results.csv
167,0.921190083026886,Rule-based baseline,../experiments/results/Baselines/baseline_rule_results.csv
168,0.9325937032699584,Rule-based baseline,../experiments/results/Baselines/baseline_rule_results.csv
169,0.9247862696647644,Rule-based baseline,../experiments/results/Baselines/baseline_rule_results.csv
170,0.9258036017417908,Rule-based baseline,../experiments/results/Baselines/baseline_rule_results.csv
171,0.9341759085655212,Rule-based baseline,../experiments/results/Baselines/baseline_rule_results.csv
172,0.9343658089637756,Rule-based baseline,../experiments/results/Baselines/baseline_rule_results.csv
173,0.9299519658088684,Rule-based baseline,../experiments/results/Baselines/baseline_rule_results.csv
174,0.9298391938209534,Rule-based baseline,../experiments/results/Baselines/baseline_rule_results.csv
175,0.934295654296875,Rule-based baseline,../experiments/results/Baselines/baseline_rule_results.csv
176,0.9293650388717652,Rule-based baseline,../experiments/results/Baselines/baseline_rule_results.csv
177,0.9297340512275696,Rule-based baseline,../experiments/results/Baselines/baseline_rule_results.csv
178,0.9289721250534058,Rule-based baseline,../experiments/results/Baselines/baseline_rule_results.csv
179,0.9749634265899658,Rule-based baseline,../experiments/results/Baselines/baseline_rule_results.csv
180,0.9746665954589844,Rule-based baseline,../experiments/results/Baselines/baseline_rule_results.csv
181,0.9730941653251648,Rule-based baseline,../experiments/results/Baselines/baseline_rule_results.csv
182,0.9738619327545166,Rule-based baseline,../experiments/results/Baselines/baseline_rule_results.csv
183,0.9742864966392516,Rule-based baseline,../experiments/results/Baselines/baseline_rule_results.csv
184,0.974091649055481,Rule-based baseline,../experiments/results/Baselines/baseline_rule_results.csv
185,0.93573659658432,Rule-based baseline,../experiments/results/Baselines/baseline_rule_results.csv
186,0.9325105547904968,Rule-based baseline,../experiments/results/Baselines/baseline_rule_results.csv
187,0.9341484308242798,Rule-based baseline,../experiments/results/Baselines/baseline_rule_results.csv
188,0.9357433319091796,Rule-based baseline,../experiments/results/Baselines/baseline_rule_results.csv
189,0.9298012852668762,Rule-based baseline,../experiments/results/Baselines/baseline_rule_results.csv
190,0.9269601702690125,Rule-based baseline,../experiments/results/Baselines/baseline_rule_results.csv
191,0.9274559617042542,Rule-based baseline,../experiments/results/Baselines/baseline_rule_results.csv
192,0.975157916545868,Rule-based baseline,../experiments/results/Baselines/baseline_rule_results.csv
193,0.9752565622329712,Rule-based baseline,../experiments/results/Baselines/baseline_rule_results.csv
194,0.9752883911132812,Rule-based baseline,../experiments/results/Baselines/baseline_rule_results.csv
195,0.9752739071846008,Rule-based baseline,../experiments/results/Baselines/baseline_rule_results.csv
196,0.9752689003944396,Rule-based baseline,../experiments/results/Baselines/baseline_rule_results.csv
197,0.975283682346344,Rule-based baseline,../experiments/results/Baselines/baseline_rule_results.csv
198,0.9752550721168518,Rule-based baseline,../experiments/results/Baselines/baseline_rule_results.csv
199,0.9752519130706788,Rule-based baseline,../experiments/results/Baselines/baseline_rule_results.csv
200,0.9752056002616882,Rule-based baseline,../experiments/results/Baselines/baseline_rule_results.csv
201,0.9752476215362548,Rule-based baseline,../experiments/results/Baselines/baseline_rule_results.csv
202,0.975016713142395,Rule-based baseline,../experiments/results/Baselines/baseline_rule_results.csv
203,0.9748814105987548,Rule-based baseline,../experiments/results/Baselines/baseline_rule_results.csv
204,0.9748383164405824,Rule-based baseline,../experiments/results/Baselines/baseline_rule_results.csv
205,0.9749948978424072,Rule-based baseline,../experiments/results/Baselines/baseline_rule_results.csv
206,0.974913775920868,Rule-based baseline,../experiments/results/Baselines/baseline_rule_results.csv
207,0.9750266671180724,Rule-based baseline,../experiments/results/Baselines/baseline_rule_results.csv
208,0.975119948387146,Rule-based baseline,../experiments/results/Baselines/baseline_rule_results.csv
209,0.9749961495399476,Rule-based baseline,../experiments/results/Baselines/baseline_rule_results.csv
210,0.974995255470276,Rule-based baseline,../experiments/results/Baselines/baseline_rule_results.csv
211,0.9751574993133544,Rule-based baseline,../experiments/results/Baselines/baseline_rule_results.csv
212,0.9752400517463684,Rule-based baseline,../experiments/results/Baselines/baseline_rule_results.csv
213,0.9751774072647096,Rule-based baseline,../experiments/results/Baselines/baseline_rule_results.csv
214,0.9751380085945128,Rule-based baseline,../experiments/results/Baselines/baseline_rule_results.csv
215,0.9752420783042908,Rule-based baseline,../experiments/results/Baselines/baseline_rule_results.csv
216,0.975246012210846,Rule-based baseline,../experiments/results/Baselines/baseline_rule_results.csv
217,0.9752573370933532,Rule-based baseline,../experiments/results/Baselines/baseline_rule_results.csv
218,0.975252330303192,Rule-based baseline,../experiments/results/Baselines/baseline_rule_results.csv
219,0.9752479195594788,Rule-based baseline,../experiments/results/Baselines/baseline_rule_results.csv
220,0.9751678109169006,Rule-based baseline,../experiments/results/Baselines/baseline_rule_results.csv
221,0.9752402305603028,Rule-based baseline,../experiments/results/Baselines/baseline_rule_results.csv
222,0.975074827671051,Rule-based baseline,../experiments/results/Baselines/baseline_rule_results.csv
223,0.975242018699646,Rule-based baseline,../experiments/results/Baselines/baseline_rule_results.csv
224,0.975260853767395,Rule-based baseline,../experiments/results/Baselines/baseline_rule_results.csv
225,0.975280225276947,Rule-based baseline,../experiments/results/Baselines/baseline_rule_results.csv
226,0.9752693176269532,Rule-based baseline,../experiments/results/Baselines/baseline_rule_results.csv
227,0.975271224975586,Rule-based baseline,../experiments/results/Baselines/baseline_rule_results.csv
228,0.9752758145332336,Rule-based baseline,../experiments/results/Baselines/baseline_rule_results.csv
229,0.9752499461174012,Rule-based baseline,../experiments/results/Baselines/baseline_rule_results.csv
230,0.9752599000930786,Rule-based baseline,../experiments/results/Baselines/baseline_rule_results.csv
231,0.9752779603004456,Rule-based baseline,../experiments/results/Baselines/baseline_rule_results.csv
232,0.9753111004829408,Rule-based baseline,../experiments/results/Baselines/baseline_rule_results.csv
233,0.9753258228302002,Rule-based baseline,../experiments/results/Baselines/baseline_rule_results.csv
234,0.9753086566925048,Rule-based baseline,../experiments/results/Baselines/baseline_rule_results.csv
235,0.9752788543701172,Rule-based baseline,../experiments/results/Baselines/baseline_rule_results.csv
236,0.9752950072288512,Rule-based baseline,../experiments/results/Baselines/baseline_rule_results.csv
237,0.9751996994018556,Rule-based baseline,../experiments/results/Baselines/baseline_rule_results.csv
238,0.9753231406211852,Rule-based baseline,../experiments/results/Baselines/baseline_rule_results.csv
239,0.9752473831176758,Rule-based baseline,../experiments/results/Baselines/baseline_rule_results.csv
240,0.9752472043037416,Rule-based baseline,../experiments/results/Baselines/baseline_rule_results.csv
241,0.9752312302589417,Rule-based baseline,../experiments/results/Baselines/baseline_rule_results.csv
242,0.9751744866371156,Rule-based baseline,../experiments/results/Baselines/baseline_rule_results.csv
243,0.975127935409546,Rule-based baseline,../experiments/results/Baselines/baseline_rule_results.csv
244,0.9752453565597534,Rule-based baseline,../experiments/results/Baselines/baseline_rule_results.csv
245,0.9752140045166016,Rule-based baseline,../experiments/results/Baselines/baseline_rule_results.csv
246,0.9749963283538818,Rule-based baseline,../experiments/results/Baselines/baseline_rule_results.csv
247,0.9748807549476624,Rule-based baseline,../experiments/results/Baselines/baseline_rule_results.csv
248,0.974763572216034,Rule-based baseline,../experiments/results/Baselines/baseline_rule_results.csv
249,0.9747264981269836,Rule-based baseline,../experiments/results/Baselines/baseline_rule_results.csv
250,0.9330320358276368,Rule-based baseline,../experiments/results/Baselines/baseline_rule_results.csv
251,0.9337726831436156,Rule-based baseline,../experiments/results/Baselines/baseline_rule_results.csv
252,0.9344395995140076,Rule-based baseline,../experiments/results/Baselines/baseline_rule_results.csv
253,0.9342710375785828,Rule-based baseline,../experiments/results/Baselines/baseline_rule_results.csv
254,0.9359058141708374,Rule-based baseline,../experiments/results/Baselines/baseline_rule_results.csv
255,0.9347937107086182,Rule-based baseline,../experiments/results/Baselines/baseline_rule_results.csv
256,0.933706283569336,Rule-based baseline,../experiments/results/Baselines/baseline_rule_results.csv
257,0.9351184368133544,Rule-based baseline,../experiments/results/Baselines/baseline_rule_results.csv
258,0.9308375716209412,Rule-based baseline,../experiments/results/Baselines/baseline_rule_results.csv
259,0.9343644380569458,Rule-based baseline,../experiments/results/Baselines/baseline_rule_results.csv
260,0.9322159886360168,Rule-based baseline,../experiments/results/Baselines/baseline_rule_results.csv
261,0.920611560344696,Rule-based baseline,../experiments/results/Baselines/baseline_rule_results.csv
262,0.9237834215164183,Rule-based baseline,../experiments/results/Baselines/baseline_rule_results.csv
263,0.9212493300437928,Rule-based baseline,../experiments/results/Baselines/baseline_rule_results.csv
264,0.9208359122276306,Rule-based baseline,../experiments/results/Baselines/baseline_rule_results.csv
265,0.9205697774887084,Rule-based baseline,../experiments/results/Baselines/baseline_rule_results.csv
266,0.9181896448135376,Rule-based baseline,../experiments/results/Baselines/baseline_rule_results.csv
267,0.9156204462051392,Rule-based baseline,../experiments/results/Baselines/baseline_rule_results.csv
268,0.9212117195129396,Rule-based baseline,../experiments/results/Baselines/baseline_rule_results.csv
269,0.9212648868560792,Rule-based baseline,../experiments/results/Baselines/baseline_rule_results.csv
270,0.9205663800239564,Rule-based baseline,../experiments/results/Baselines/baseline_rule_results.csv
271,0.927423894405365,Rule-based baseline,../experiments/results/Baselines/baseline_rule_results.csv
272,0.9333477020263672,Rule-based baseline,../experiments/results/Baselines/baseline_rule_results.csv
273,0.93427973985672,Rule-based baseline,../experiments/results/Baselines/baseline_rule_results.csv
274,0.9341214299201964,Rule-based baseline,../experiments/results/Baselines/baseline_rule_results.csv
275,0.9358788728713988,Rule-based baseline,../experiments/results/Baselines/baseline_rule_results.csv
276,0.934639573097229,Rule-based baseline,../experiments/results/Baselines/baseline_rule_results.csv
277,0.9358037114143372,Rule-based baseline,../experiments/results/Baselines/baseline_rule_results.csv
278,0.9356993436813354,Rule-based baseline,../experiments/results/Baselines/baseline_rule_results.csv
279,0.9319086074829102,Rule-based baseline,../experiments/results/Baselines/baseline_rule_results.csv
280,0.9747782349586488,Rule-based baseline,../experiments/results/Baselines/baseline_rule_results.csv
281,0.9748921394348145,Rule-based baseline,../experiments/results/Baselines/baseline_rule_results.csv
282,0.9748288989067078,Rule-based baseline,../experiments/results/Baselines/baseline_rule_results.csv
283,0.9749972820281982,Rule-based baseline,../experiments/results/Baselines/baseline_rule_results.csv
284,0.9749882221221924,Rule-based baseline,../experiments/results/Baselines/baseline_rule_results.csv
285,0.9749974608421326,Rule-based baseline,../experiments/results/Baselines/baseline_rule_results.csv
286,0.9749985933303832,Rule-based baseline,../experiments/results/Baselines/baseline_rule_results.csv
287,0.9751277565956116,Rule-based baseline,../experiments/results/Baselines/baseline_rule_results.csv
288,0.97507506608963,Rule-based baseline,../experiments/results/Baselines/baseline_rule_results.csv
289,0.9751485586166382,Rule-based baseline,../experiments/results/Baselines/baseline_rule_results.csv
290,0.9750646352767944,Rule-based baseline,../experiments/results/Baselines/baseline_rule_results.csv
291,0.9750006794929504,Rule-based baseline,../experiments/results/Baselines/baseline_rule_results.csv
292,0.9751251339912416,Rule-based baseline,../experiments/results/Baselines/baseline_rule_results.csv
293,0.97519850730896,Rule-based baseline,../experiments/results/Baselines/baseline_rule_results.csv
294,0.9752559065818788,Rule-based baseline,../experiments/results/Baselines/baseline_rule_results.csv
295,0.9752567410469056,Rule-based baseline,../experiments/results/Baselines/baseline_rule_results.csv
296,0.9751508831977844,Rule-based baseline,../experiments/results/Baselines/baseline_rule_results.csv
297,0.9752362370491028,Rule-based baseline,../experiments/results/Baselines/baseline_rule_results.csv
298,0.9751383066177368,Rule-based baseline,../experiments/results/Baselines/baseline_rule_results.csv
299,0.975241720676422,Rule-based baseline,../experiments/results/Baselines/baseline_rule_results.csv
300,0.9752517342567444,Rule-based baseline,../experiments/results/Baselines/baseline_rule_results.csv
301,0.9752546548843384,Rule-based baseline,../experiments/results/Baselines/baseline_rule_results.csv
302,0.975245714187622,Rule-based baseline,../experiments/results/Baselines/baseline_rule_results.csv
303,0.9752549529075624,Rule-based baseline,../experiments/results/Baselines/baseline_rule_results.csv
304,0.9752272367477416,Rule-based baseline,../experiments/results/Baselines/baseline_rule_results.csv
305,0.975247323513031,Rule-based baseline,../experiments/results/Baselines/baseline_rule_results.csv
306,0.9752699732780457,Rule-based baseline,../experiments/results/Baselines/baseline_rule_results.csv
307,0.9752567410469056,Rule-based baseline,../experiments/results/Baselines/baseline_rule_results.csv
308,0.9751864075660706,Rule-based baseline,../experiments/results/Baselines/baseline_rule_results.csv
309,0.975242793560028,Rule-based baseline,../experiments/results/Baselines/baseline_rule_results.csv
310,0.9752563834190368,Rule-based baseline,../experiments/results/Baselines/baseline_rule_results.csv
311,0.975252091884613,Rule-based baseline,../experiments/results/Baselines/baseline_rule_results.csv
312,0.9752631187438964,Rule-based baseline,../experiments/results/Baselines/baseline_rule_results.csv
313,0.9752488136291504,Rule-based baseline,../experiments/results/Baselines/baseline_rule_results.csv
314,0.975242555141449,Rule-based baseline,../experiments/results/Baselines/baseline_rule_results.csv
315,0.9752503633499146,Rule-based baseline,../experiments/results/Baselines/baseline_rule_results.csv
316,0.9752519130706788,Rule-based baseline,../experiments/results/Baselines/baseline_rule_results.csv
317,0.9752442240715028,Rule-based baseline,../experiments/results/Baselines/baseline_rule_results.csv
318,0.9751539826393129,Rule-based baseline,../experiments/results/Baselines/baseline_rule_results.csv
319,0.9751400351524352,Rule-based baseline,../experiments/results/Baselines/baseline_rule_results.csv
320,0.9752387404441832,Rule-based baseline,../experiments/results/Baselines/baseline_rule_results.csv
321,0.9752400517463684,Rule-based baseline,../experiments/results/Baselines/baseline_rule_results.csv
322,0.9752856492996216,Rule-based baseline,../experiments/results/Baselines/baseline_rule_results.csv
323,0.9752834439277648,Rule-based baseline,../experiments/results/Baselines/baseline_rule_results.csv
324,0.975289523601532,Rule-based baseline,../experiments/results/Baselines/baseline_rule_results.csv
325,0.9753057360649108,Rule-based baseline,../experiments/results/Baselines/baseline_rule_results.csv
326,0.9753163456916808,Rule-based baseline,../experiments/results/Baselines/baseline_rule_results.csv
327,0.975317656993866,Rule-based baseline,../experiments/results/Baselines/baseline_rule_results.csv
328,0.9753039479255676,Rule-based baseline,../experiments/results/Baselines/baseline_rule_results.csv
329,0.9752901196479796,Rule-based baseline,../experiments/results/Baselines/baseline_rule_results.csv
330,0.9753116965293884,Rule-based baseline,../experiments/results/Baselines/baseline_rule_results.csv
331,0.9752985835075378,Rule-based baseline,../experiments/results/Baselines/baseline_rule_results.csv
332,0.9753056168556212,Rule-based baseline,../experiments/results/Baselines/baseline_rule_results.csv
333,0.9752926826477052,Rule-based baseline,../experiments/results/Baselines/baseline_rule_results.csv
334,0.9752755165100098,Rule-based baseline,../experiments/results/Baselines/baseline_rule_results.csv
335,0.9750468134880066,Rule-based baseline,../experiments/results/Baselines/baseline_rule_results.csv
336,0.9752377271652222,Rule-based baseline,../experiments/results/Baselines/baseline_rule_results.csv
337,0.9752033352851868,Rule-based baseline,../experiments/results/Baselines/baseline_rule_results.csv
338,0.9751184582710266,Rule-based baseline,../experiments/results/Baselines/baseline_rule_results.csv
339,0.9749969244003296,Rule-based baseline,../experiments/results/Baselines/baseline_rule_results.csv
340,0.974816918373108,Rule-based baseline,../experiments/results/Baselines/baseline_rule_results.csv
341,0.9746828079223632,Rule-based baseline,../experiments/results/Baselines/baseline_rule_results.csv
342,0.9746763110160828,Rule-based baseline,../experiments/results/Baselines/baseline_rule_results.csv
343,0.9358057379722596,Rule-based baseline,../experiments/results/Baselines/baseline_rule_results.csv
344,0.9357067942619324,Rule-based baseline,../experiments/results/Baselines/baseline_rule_results.csv
345,0.9356167912483216,Rule-based baseline,../experiments/results/Baselines/baseline_rule_results.csv
346,0.9350061416625975,Rule-based baseline,../experiments/results/Baselines/baseline_rule_results.csv
347,0.9356807470321656,Rule-based baseline,../experiments/results/Baselines/baseline_rule_results.csv
348,0.9343497157096864,Rule-based baseline,../experiments/results/Baselines/baseline_rule_results.csv
349,0.9318170547485352,Rule-based baseline,../experiments/results/Baselines/baseline_rule_results.csv
350,0.9293407201766968,Rule-based baseline,../experiments/results/Baselines/baseline_rule_results.csv
351,0.9291728138923644,Rule-based baseline,../experiments/results/Baselines/baseline_rule_results.csv
352,0.9282963871955872,Rule-based baseline,../experiments/results/Baselines/baseline_rule_results.csv
353,0.9213598966598512,Rule-based baseline,../experiments/results/Baselines/baseline_rule_results.csv
354,0.923226237297058,Rule-based baseline,../experiments/results/Baselines/baseline_rule_results.csv
355,0.922562837600708,Rule-based baseline,../experiments/results/Baselines/baseline_rule_results.csv
356,0.924950361251831,Rule-based baseline,../experiments/results/Baselines/baseline_rule_results.csv
357,0.9223613142967224,Rule-based baseline,../experiments/results/Baselines/baseline_rule_results.csv
358,0.9210193157196044,Rule-based baseline,../experiments/results/Baselines/baseline_rule_results.csv
359,0.9262060523033142,Rule-based baseline,../experiments/results/Baselines/baseline_rule_results.csv
360,0.9276890754699708,Rule-based baseline,../experiments/results/Baselines/baseline_rule_results.csv
361,0.927332639694214,Rule-based baseline,../experiments/results/Baselines/baseline_rule_results.csv
362,0.9339658617973328,Rule-based baseline,../experiments/results/Baselines/baseline_rule_results.csv
363,0.934190571308136,Rule-based baseline,../experiments/results/Baselines/baseline_rule_results.csv
364,0.9328012466430664,Rule-based baseline,../experiments/results/Baselines/baseline_rule_results.csv
365,0.9351601600646972,Rule-based baseline,../experiments/results/Baselines/baseline_rule_results.csv
366,0.935349702835083,Rule-based baseline,../experiments/results/Baselines/baseline_rule_results.csv
367,0.9355255365371704,Rule-based baseline,../experiments/results/Baselines/baseline_rule_results.csv
368,0.935697853565216,Rule-based baseline,../experiments/results/Baselines/baseline_rule_results.csv
369,0.9331335425376892,Rule-based baseline,../experiments/results/Baselines/baseline_rule_results.csv
370,0.9318748116493224,Rule-based baseline,../experiments/results/Baselines/baseline_rule_results.csv
371,0.9224953055381776,Rule-based baseline,../experiments/results/Baselines/baseline_rule_results.csv
372,0.9752361178398132,Rule-based baseline,../experiments/results/Baselines/baseline_rule_results.csv
373,0.972948431968689,Rule-based baseline,../experiments/results/Baselines/baseline_rule_results.csv
374,0.9741981029510498,Rule-based baseline,../experiments/results/Baselines/baseline_rule_results.csv
375,0.9743562340736388,Rule-based baseline,../experiments/results/Baselines/baseline_rule_results.csv
376,0.9747691750526428,Rule-based baseline,../experiments/results/Baselines/baseline_rule_results.csv
377,0.9744290113449096,Rule-based baseline,../experiments/results/Baselines/baseline_rule_results.csv
378,0.9739119410514832,Rule-based baseline,../experiments/results/Baselines/baseline_rule_results.csv
379,0.9731818437576294,Rule-based baseline,../experiments/results/Baselines/baseline_rule_results.csv
380,0.974704921245575,Rule-based baseline,../experiments/results/Baselines/baseline_rule_results.csv
381,0.933904767036438,Rule-based baseline,../experiments/results/Baselines/baseline_rule_results.csv
382,0.9358060359954834,Rule-based baseline,../experiments/results/Baselines/baseline_rule_results.csv
383,0.9342445731163024,Rule-based baseline,../experiments/results/Baselines/baseline_rule_results.csv
384,0.9274662137031556,Rule-based baseline,../experiments/results/Baselines/baseline_rule_results.csv
385,0.9212148189544678,Rule-based baseline,../experiments/results/Baselines/baseline_rule_results.csv
386,0.975153923034668,Rule-based baseline,../experiments/results/Baselines/baseline_rule_results.csv
387,0.9752396941184998,Rule-based baseline,../experiments/results/Baselines/baseline_rule_results.csv
388,0.975245475769043,Rule-based baseline,../experiments/results/Baselines/baseline_rule_results.csv
389,0.975191056728363,Rule-based baseline,../experiments/results/Baselines/baseline_rule_results.csv
390,0.9751753807067872,Rule-based baseline,../experiments/results/Baselines/baseline_rule_results.csv
391,0.9749959707260132,Rule-based baseline,../experiments/results/Baselines/baseline_rule_results.csv
392,0.9750749468803406,Rule-based baseline,../experiments/results/Baselines/baseline_rule_results.csv
393,0.9749683141708374,Rule-based baseline,../experiments/results/Baselines/baseline_rule_results.csv
394,0.9749682545661926,Rule-based baseline,../experiments/results/Baselines/baseline_rule_results.csv
395,0.974822163581848,Rule-based baseline,../experiments/results/Baselines/baseline_rule_results.csv
396,0.974972367286682,Rule-based baseline,../experiments/results/Baselines/baseline_rule_results.csv
397,0.9747790098190308,Rule-based baseline,../experiments/results/Baselines/baseline_rule_results.csv
398,0.9748003482818604,Rule-based baseline,../experiments/results/Baselines/baseline_rule_results.csv
399,0.9749334454536438,Rule-based baseline,../experiments/results/Baselines/baseline_rule_results.csv
400,0.974751353263855,Rule-based baseline,../experiments/results/Baselines/baseline_rule_results.csv
401,0.974793553352356,Rule-based baseline,../experiments/results/Baselines/baseline_rule_results.csv
402,0.974942147731781,Rule-based baseline,../experiments/results/Baselines/baseline_rule_results.csv
403,0.9749522805213928,Rule-based baseline,../experiments/results/Baselines/baseline_rule_results.csv
404,0.974778950214386,Rule-based baseline,../experiments/results/Baselines/baseline_rule_results.csv
405,0.9747838973999025,Rule-based baseline,../experiments/results/Baselines/baseline_rule_results.csv
406,0.9748269319534302,Rule-based baseline,../experiments/results/Baselines/baseline_rule_results.csv
407,0.9746716618537904,Rule-based baseline,../experiments/results/Baselines/baseline_rule_results.csv
408,0.9747835397720336,Rule-based baseline,../experiments/results/Baselines/baseline_rule_results.csv
409,0.9749979972839355,Rule-based baseline,../experiments/results/Baselines/baseline_rule_results.csv
410,0.9748697280883788,Rule-based baseline,../experiments/results/Baselines/baseline_rule_results.csv
411,0.974773645401001,Rule-based baseline,../experiments/results/Baselines/baseline_rule_results.csv
412,0.9748697280883788,Rule-based baseline,../experiments/results/Baselines/baseline_rule_results.csv
413,0.9749045968055724,Rule-based baseline,../experiments/results/Baselines/baseline_rule_results.csv
414,0.9750005602836608,Rule-based baseline,../experiments/results/Baselines/baseline_rule_results.csv
415,0.975011110305786,Rule-based baseline,../experiments/results/Baselines/baseline_rule_results.csv
416,0.974997878074646,Rule-based baseline,../experiments/results/Baselines/baseline_rule_results.csv
417,0.9751388430595398,Rule-based baseline,../experiments/results/Baselines/baseline_rule_results.csv
418,0.9752350449562072,Rule-based baseline,../experiments/results/Baselines/baseline_rule_results.csv
419,0.9752550721168518,Rule-based baseline,../experiments/results/Baselines/baseline_rule_results.csv
420,0.9752660393714904,Rule-based baseline,../experiments/results/Baselines/baseline_rule_results.csv
421,0.9752645492553712,Rule-based baseline,../experiments/results/Baselines/baseline_rule_results.csv
422,0.9752575755119324,Rule-based baseline,../experiments/results/Baselines/baseline_rule_results.csv
423,0.9752945303916932,Rule-based baseline,../experiments/results/Baselines/baseline_rule_results.csv
424,0.9752715229988098,Rule-based baseline,../experiments/results/Baselines/baseline_rule_results.csv
425,0.9752560257911682,Rule-based baseline,../experiments/results/Baselines/baseline_rule_results.csv
426,0.9752700924873352,Rule-based baseline,../experiments/results/Baselines/baseline_rule_results.csv
427,0.975242555141449,Rule-based baseline,../experiments/results/Baselines/baseline_rule_results.csv
428,0.9752534627914428,Rule-based baseline,../experiments/results/Baselines/baseline_rule_results.csv
429,0.9752418994903564,Rule-based baseline,../experiments/results/Baselines/baseline_rule_results.csv
430,0.974997580051422,Rule-based baseline,../experiments/results/Baselines/baseline_rule_results.csv
431,0.9744911193847656,Rule-based baseline,../experiments/results/Baselines/baseline_rule_results.csv
432,0.9752435088157654,Rule-based baseline,../experiments/results/Baselines/baseline_rule_results.csv
433,0.9752452969551086,Rule-based baseline,../experiments/results/Baselines/baseline_rule_results.csv
434,0.9752485156059264,Rule-based baseline,../experiments/results/Baselines/baseline_rule_results.csv
435,0.9752106070518494,Rule-based baseline,../experiments/results/Baselines/baseline_rule_results.csv
436,0.9742358922958374,Rule-based baseline,../experiments/results/Baselines/baseline_rule_results.csv
437,0.9732420444488524,Rule-based baseline,../experiments/results/Baselines/baseline_rule_results.csv
438,0.9741501808166504,Rule-based baseline,../experiments/results/Baselines/baseline_rule_results.csv
439,0.973838746547699,Rule-based baseline,../experiments/results/Baselines/baseline_rule_results.csv
440,0.9310795664787292,Rule-based baseline,../experiments/results/Baselines/baseline_rule_results.csv
441,0.9333584308624268,Rule-based baseline,../experiments/results/Baselines/baseline_rule_results.csv
442,0.9264535307884216,Rule-based baseline,../experiments/results/Baselines/baseline_rule_results.csv
443,0.9274011254310608,Rule-based baseline,../experiments/results/Baselines/baseline_rule_results.csv
444,0.9316577911376952,Rule-based baseline,../experiments/results/Baselines/baseline_rule_results.csv
445,0.9230750203132628,Rule-based baseline,../experiments/results/Baselines/baseline_rule_results.csv
446,0.9209598898887634,Rule-based baseline,../experiments/results/Baselines/baseline_rule_results.csv
447,0.9197282791137696,Rule-based baseline,../experiments/results/Baselines/baseline_rule_results.csv
448,0.9159497022628784,Rule-based baseline,../experiments/results/Baselines/baseline_rule_results.csv
449,0.9144802689552308,Rule-based baseline,../experiments/results/Baselines/baseline_rule_results.csv
450,0.9174029231071472,Rule-based baseline,../experiments/results/Baselines/baseline_rule_results.csv
451,0.9138138890266418,Rule-based baseline,../experiments/results/Baselines/baseline_rule_results.csv
452,0.9244621396064758,Rule-based baseline,../experiments/results/Baselines/baseline_rule_results.csv
453,0.9076939821243286,Rule-based baseline,../experiments/results/Baselines/baseline_rule_results.csv
454,0.8971626162528992,Rule-based baseline,../experiments/results/Baselines/baseline_rule_results.csv
455,0.9085866212844848,Rule-based baseline,../experiments/results/Baselines/baseline_rule_results.csv
456,0.9209736585617064,Rule-based baseline,../experiments/results/Baselines/baseline_rule_results.csv
457,0.920975923538208,Rule-based baseline,../experiments/results/Baselines/baseline_rule_results.csv
458,0.9186756014823914,Rule-based baseline,../experiments/results/Baselines/baseline_rule_results.csv
459,0.9247705936431884,Rule-based baseline,../experiments/results/Baselines/baseline_rule_results.csv
460,0.9345951080322266,Rule-based baseline,../experiments/results/Baselines/baseline_rule_results.csv
461,0.9339202642440796,Rule-based baseline,../experiments/results/Baselines/baseline_rule_results.csv
462,0.9351287484169006,Rule-based baseline,../experiments/results/Baselines/baseline_rule_results.csv
463,0.9318197965621948,Rule-based baseline,../experiments/results/Baselines/baseline_rule_results.csv
464,0.9353266954421996,Rule-based baseline,../experiments/results/Baselines/baseline_rule_results.csv
465,0.9340940117836,Rule-based baseline,../experiments/results/Baselines/baseline_rule_results.csv
466,0.9722753763198853,Rule-based baseline,../experiments/results/Baselines/baseline_rule_results.csv
467,0.9721880555152892,Rule-based baseline,../experiments/results/Baselines/baseline_rule_results.csv
468,0.971939504146576,Rule-based baseline,../experiments/results/Baselines/baseline_rule_results.csv
469,0.971306324005127,Rule-based baseline,../experiments/results/Baselines/baseline_rule_results.csv
470,0.972415030002594,Rule-based baseline,../experiments/results/Baselines/baseline_rule_results.csv
471,0.9710218906402588,Rule-based baseline,../experiments/results/Baselines/baseline_rule_results.csv
472,0.972717583179474,Rule-based baseline,../experiments/results/Baselines/baseline_rule_results.csv
473,0.9718761444091796,Rule-based baseline,../experiments/results/Baselines/baseline_rule_results.csv
474,0.9342073798179626,Rule-based baseline,../experiments/results/Baselines/baseline_rule_results.csv
475,0.934429168701172,Rule-based baseline,../experiments/results/Baselines/baseline_rule_results.csv
476,0.934267282485962,Rule-based baseline,../experiments/results/Baselines/baseline_rule_results.csv
477,0.9352957606315612,Rule-based baseline,../experiments/results/Baselines/baseline_rule_results.csv
478,0.9355525374412536,Rule-based baseline,../experiments/results/Baselines/baseline_rule_results.csv
479,0.935501217842102,Rule-based baseline,../experiments/results/Baselines/baseline_rule_results.csv
480,0.9747364521026612,Rule-based baseline,../experiments/results/Baselines/baseline_rule_results.csv
481,0.9747939705848694,Rule-based baseline,../experiments/results/Baselines/baseline_rule_results.csv
482,0.9748586416244508,Rule-based baseline,../experiments/results/Baselines/baseline_rule_results.csv
483,0.9749959707260132,Rule-based baseline,../experiments/results/Baselines/baseline_rule_results.csv
484,0.9749981164932252,Rule-based baseline,../experiments/results/Baselines/baseline_rule_results.csv
485,0.9748053550720216,Rule-based baseline,../experiments/results/Baselines/baseline_rule_results.csv
486,0.97497296333313,Rule-based baseline,../experiments/results/Baselines/baseline_rule_results.csv
487,0.9749955534934998,Rule-based baseline,../experiments/results/Baselines/baseline_rule_results.csv
488,0.9752488732337952,Rule-based baseline,../experiments/results/Baselines/baseline_rule_results.csv
489,0.9748013019561768,Rule-based baseline,../experiments/results/Baselines/baseline_rule_results.csv
490,0.9749972820281982,Rule-based baseline,../experiments/results/Baselines/baseline_rule_results.csv
491,0.974731147289276,Rule-based baseline,../experiments/results/Baselines/baseline_rule_results.csv
492,0.9749997854232788,Rule-based baseline,../experiments/results/Baselines/baseline_rule_results.csv
493,0.9748064875602722,Rule-based baseline,../experiments/results/Baselines/baseline_rule_results.csv
494,0.9748815894126892,Rule-based baseline,../experiments/results/Baselines/baseline_rule_results.csv
495,0.9749969840049744,Rule-based baseline,../experiments/results/Baselines/baseline_rule_results.csv
496,0.9749577641487122,Rule-based baseline,../experiments/results/Baselines/baseline_rule_results.csv
497,0.9748928546905518,Rule-based baseline,../experiments/results/Baselines/baseline_rule_results.csv
498,0.974780261516571,Rule-based baseline,../experiments/results/Baselines/baseline_rule_results.csv
499,0.9748337864875792,Rule-based baseline,../experiments/results/Baselines/baseline_rule_results.csv
500,0.9749464392662048,Rule-based baseline,../experiments/results/Baselines/baseline_rule_results.csv
501,0.9749963879585266,Rule-based baseline,../experiments/results/Baselines/baseline_rule_results.csv
502,0.974969208240509,Rule-based baseline,../experiments/results/Baselines/baseline_rule_results.csv
503,0.9749253988265992,Rule-based baseline,../experiments/results/Baselines/baseline_rule_results.csv
504,0.9748446941375732,Rule-based baseline,../experiments/results/Baselines/baseline_rule_results.csv
505,0.9750185608863832,Rule-based baseline,../experiments/results/Baselines/baseline_rule_results.csv
506,0.9752365946769714,Rule-based baseline,../experiments/results/Baselines/baseline_rule_results.csv
507,0.9747535586357116,Rule-based baseline,../experiments/results/Baselines/baseline_rule_results.csv
508,0.974338173866272,Rule-based baseline,../experiments/results/Baselines/baseline_rule_results.csv
509,0.9748045802116394,Rule-based baseline,../experiments/results/Baselines/baseline_rule_results.csv
510,0.974784016609192,Rule-based baseline,../experiments/results/Baselines/baseline_rule_results.csv
511,0.9739929437637328,Rule-based baseline,../experiments/results/Baselines/baseline_rule_results.csv
512,0.973969042301178,Rule-based baseline,../experiments/results/Baselines/baseline_rule_results.csv
513,0.9338381290435792,Rule-based baseline,../experiments/results/Baselines/baseline_rule_results.csv
514,0.9251570105552672,Rule-based baseline,../experiments/results/Baselines/baseline_rule_results.csv
515,0.9241405129432678,Rule-based baseline,../experiments/results/Baselines/baseline_rule_results.csv
516,0.921218991279602,Rule-based baseline,../experiments/results/Baselines/baseline_rule_results.csv
517,0.9749963879585266,Rule-based baseline,../experiments/results/Baselines/baseline_rule_results.csv
518,0.9750502109527588,Rule-based baseline,../experiments/results/Baselines/baseline_rule_results.csv
519,0.9750952124595642,Rule-based baseline,../experiments/results/Baselines/baseline_rule_results.csv
520,0.9751558303833008,Rule-based baseline,../experiments/results/Baselines/baseline_rule_results.csv
521,0.9750374555587769,Rule-based baseline,../experiments/results/Baselines/baseline_rule_results.csv
522,0.9750311970710754,Rule-based baseline,../experiments/results/Baselines/baseline_rule_results.csv
523,0.9752586483955384,Rule-based baseline,../experiments/results/Baselines/baseline_rule_results.csv
524,0.9752275943756104,Rule-based baseline,../experiments/results/Baselines/baseline_rule_results.csv
525,0.9750409126281738,Rule-based baseline,../experiments/results/Baselines/baseline_rule_results.csv
526,0.9749648571014404,Rule-based baseline,../experiments/results/Baselines/baseline_rule_results.csv
527,0.9748076796531676,Rule-based baseline,../experiments/results/Baselines/baseline_rule_results.csv
528,0.9749962687492372,Rule-based baseline,../experiments/results/Baselines/baseline_rule_results.csv
529,0.9750186204910278,Rule-based baseline,../experiments/results/Baselines/baseline_rule_results.csv
530,0.9749955534934998,Rule-based baseline,../experiments/results/Baselines/baseline_rule_results.csv
531,0.9749882817268372,Rule-based baseline,../experiments/results/Baselines/baseline_rule_results.csv
532,0.9746973514556884,Rule-based baseline,../experiments/results/Baselines/baseline_rule_results.csv
533,0.9730594754219056,Rule-based baseline,../experiments/results/Baselines/baseline_rule_results.csv
534,0.9712820649147034,Rule-based baseline,../experiments/results/Baselines/baseline_rule_results.csv
535,0.9314273595809937,Rule-based baseline,../experiments/results/Baselines/baseline_rule_results.csv
536,0.9333788752555848,Rule-based baseline,../experiments/results/Baselines/baseline_rule_results.csv
537,0.9258833527565002,Rule-based baseline,../experiments/results/Baselines/baseline_rule_results.csv
538,0.929157555103302,Rule-based baseline,../experiments/results/Baselines/baseline_rule_results.csv
539,0.9335669875144958,Rule-based baseline,../experiments/results/Baselines/baseline_rule_results.csv
540,0.9272817373275756,Rule-based baseline,../experiments/results/Baselines/baseline_rule_results.csv
541,0.9305105805397034,Rule-based baseline,../experiments/results/Baselines/baseline_rule_results.csv
542,0.9274987578392028,Rule-based baseline,../experiments/results/Baselines/baseline_rule_results.csv
543,0.9250084161758424,Rule-based baseline,../experiments/results/Baselines/baseline_rule_results.csv
544,0.920922040939331,Rule-based baseline,../experiments/results/Baselines/baseline_rule_results.csv
545,0.9212052226066588,Rule-based baseline,../experiments/results/Baselines/baseline_rule_results.csv
546,0.9184078574180604,Rule-based baseline,../experiments/results/Baselines/baseline_rule_results.csv
547,0.914879560470581,Rule-based baseline,../experiments/results/Baselines/baseline_rule_results.csv
548,0.9167730212211608,Rule-based baseline,../experiments/results/Baselines/baseline_rule_results.csv
549,0.9195544123649596,Rule-based baseline,../experiments/results/Baselines/baseline_rule_results.csv
550,0.920760452747345,Rule-based baseline,../experiments/results/Baselines/baseline_rule_results.csv
551,0.92360258102417,Rule-based baseline,../experiments/results/Baselines/baseline_rule_results.csv
552,0.920910656452179,Rule-based baseline,../experiments/results/Baselines/baseline_rule_results.csv
553,0.9152761101722716,Rule-based baseline,../experiments/results/Baselines/baseline_rule_results.csv
554,0.9111522436141968,Rule-based baseline,../experiments/results/Baselines/baseline_rule_results.csv
555,0.9212161302566528,Rule-based baseline,../experiments/results/Baselines/baseline_rule_results.csv
556,0.9182142615318298,Rule-based baseline,../experiments/results/Baselines/baseline_rule_results.csv
557,0.9138625860214232,Rule-based baseline,../experiments/results/Baselines/baseline_rule_results.csv
558,0.9308497309684752,Rule-based baseline,../experiments/results/Baselines/baseline_rule_results.csv
559,0.9236423373222352,Rule-based baseline,../experiments/results/Baselines/baseline_rule_results.csv
560,0.9206380844116212,Rule-based baseline,../experiments/results/Baselines/baseline_rule_results.csv
561,0.930809736251831,Rule-based baseline,../experiments/results/Baselines/baseline_rule_results.csv
562,0.9349711537361144,Rule-based baseline,../experiments/results/Baselines/baseline_rule_results.csv
563,0.9243671894073486,Rule-based baseline,../experiments/results/Baselines/baseline_rule_results.csv
564,0.9253499507904052,Rule-based baseline,../experiments/results/Baselines/baseline_rule_results.csv
565,0.9712343215942384,Rule-based baseline,../experiments/results/Baselines/baseline_rule_results.csv
566,0.9703890085220336,Rule-based baseline,../experiments/results/Baselines/baseline_rule_results.csv
567,0.970280945301056,Rule-based baseline,../experiments/results/Baselines/baseline_rule_results.csv
568,0.973721206188202,Rule-based baseline,../experiments/results/Baselines/baseline_rule_results.csv
569,0.974296510219574,Rule-based baseline,../experiments/results/Baselines/baseline_rule_results.csv
570,0.9722654819488524,Rule-based baseline,../experiments/results/Baselines/baseline_rule_results.csv
571,0.9738810658454896,Rule-based baseline,../experiments/results/Baselines/baseline_rule_results.csv
572,0.9734192490577698,Rule-based baseline,../experiments/results/Baselines/baseline_rule_results.csv
573,0.9729375839233398,Rule-based baseline,../experiments/results/Baselines/baseline_rule_results.csv
574,0.9731887578964232,Rule-based baseline,../experiments/results/Baselines/baseline_rule_results.csv
575,0.9735586047172546,Rule-based baseline,../experiments/results/Baselines/baseline_rule_results.csv
576,0.9739766120910645,Rule-based baseline,../experiments/results/Baselines/baseline_rule_results.csv
577,0.9744149446487428,Rule-based baseline,../experiments/results/Baselines/baseline_rule_results.csv
578,0.9744659662246704,Rule-based baseline,../experiments/results/Baselines/baseline_rule_results.csv
579,0.9748604893684388,Rule-based baseline,../experiments/results/Baselines/baseline_rule_results.csv
580,0.9746825098991394,Rule-based baseline,../experiments/results/Baselines/baseline_rule_results.csv
581,0.9743087887763976,Rule-based baseline,../experiments/results/Baselines/baseline_rule_results.csv
582,0.9747304916381836,Rule-based baseline,../experiments/results/Baselines/baseline_rule_results.csv
583,0.9747107028961182,Rule-based baseline,../experiments/results/Baselines/baseline_rule_results.csv
584,0.9741796851158142,Rule-based baseline,../experiments/results/Baselines/baseline_rule_results.csv
585,0.9739752411842346,Rule-based baseline,../experiments/results/Baselines/baseline_rule_results.csv
586,0.974074125289917,Rule-based baseline,../experiments/results/Baselines/baseline_rule_results.csv
587,0.974197268486023,Rule-based baseline,../experiments/results/Baselines/baseline_rule_results.csv
588,0.9744859337806702,Rule-based baseline,../experiments/results/Baselines/baseline_rule_results.csv
589,0.9744025468826294,Rule-based baseline,../experiments/results/Baselines/baseline_rule_results.csv
590,0.9741401076316832,Rule-based baseline,../experiments/results/Baselines/baseline_rule_results.csv
591,0.9323285818099976,Rule-based baseline,../experiments/results/Baselines/baseline_rule_results.csv
592,0.9347192049026488,Rule-based baseline,../experiments/results/Baselines/baseline_rule_results.csv
593,0.931782603263855,Rule-based baseline,../experiments/results/Baselines/baseline_rule_results.csv
594,0.9284539222717284,Rule-based baseline,../experiments/results/Baselines/baseline_rule_results.csv
595,0.9745170474052428,Rule-based baseline,../experiments/results/Baselines/baseline_rule_results.csv
596,0.9749994277954102,Rule-based baseline,../experiments/results/Baselines/baseline_rule_results.csv
597,0.9748663902282716,Rule-based baseline,../experiments/results/Baselines/baseline_rule_results.csv
598,0.9747582077980042,Rule-based baseline,../experiments/results/Baselines/baseline_rule_results.csv
599,0.974962592124939,Rule-based baseline,../experiments/results/Baselines/baseline_rule_results.csv
600,0.974934697151184,Rule-based baseline,../experiments/results/Baselines/baseline_rule_results.csv
601,0.9748343229293824,Rule-based baseline,../experiments/results/Baselines/baseline_rule_results.csv
602,0.9749143719673156,Rule-based baseline,../experiments/results/Baselines/baseline_rule_results.csv
603,0.9747424721717834,Rule-based baseline,../experiments/results/Baselines/baseline_rule_results.csv
604,0.97490793466568,Rule-based baseline,../experiments/results/Baselines/baseline_rule_results.csv
605,0.9747459888458252,Rule-based baseline,../experiments/results/Baselines/baseline_rule_results.csv
606,0.974088728427887,Rule-based baseline,../experiments/results/Baselines/baseline_rule_results.csv
607,0.9746699333190918,Rule-based baseline,../experiments/results/Baselines/baseline_rule_results.csv
608,0.974847972393036,Rule-based baseline,../experiments/results/Baselines/baseline_rule_results.csv
609,0.9749611616134644,Rule-based baseline,../experiments/results/Baselines/baseline_rule_results.csv
610,0.9749454259872437,Rule-based baseline,../experiments/results/Baselines/baseline_rule_results.csv
611,0.9750260710716248,Rule-based baseline,../experiments/results/Baselines/baseline_rule_results.csv
612,0.9749692678451538,Rule-based baseline,../experiments/results/Baselines/baseline_rule_results.csv
613,0.9749965667724608,Rule-based baseline,../experiments/results/Baselines/baseline_rule_results.csv
614,0.9750439524650574,Rule-based baseline,../experiments/results/Baselines/baseline_rule_results.csv
615,0.975103199481964,Rule-based baseline,../experiments/results/Baselines/baseline_rule_results.csv
616,0.9752421975135804,Rule-based baseline,../experiments/results/Baselines/baseline_rule_results.csv
617,0.9752059578895568,Rule-based baseline,../experiments/results/Baselines/baseline_rule_results.csv
618,0.9752048254013062,Rule-based baseline,../experiments/results/Baselines/baseline_rule_results.csv
619,0.9750770926475524,Rule-based baseline,../experiments/results/Baselines/baseline_rule_results.csv
620,0.9751351475715636,Rule-based baseline,../experiments/results/Baselines/baseline_rule_results.csv
621,0.9752429127693176,Rule-based baseline,../experiments/results/Baselines/baseline_rule_results.csv
622,0.9750784635543824,Rule-based baseline,../experiments/results/Baselines/baseline_rule_results.csv
623,0.9747409224510192,Rule-based baseline,../experiments/results/Baselines/baseline_rule_results.csv
624,0.9749970436096193,Rule-based baseline,../experiments/results/Baselines/baseline_rule_results.csv
625,0.9750470519065856,Rule-based baseline,../experiments/results/Baselines/baseline_rule_results.csv
626,0.9750490188598632,Rule-based baseline,../experiments/results/Baselines/baseline_rule_results.csv
627,0.9749956130981444,Rule-based baseline,../experiments/results/Baselines/baseline_rule_results.csv
628,0.9744022488594056,Rule-based baseline,../experiments/results/Baselines/baseline_rule_results.csv
629,0.974681556224823,Rule-based baseline,../experiments/results/Baselines/baseline_rule_results.csv
630,0.974726140499115,Rule-based baseline,../experiments/results/Baselines/baseline_rule_results.csv
631,0.974142611026764,Rule-based baseline,../experiments/results/Baselines/baseline_rule_results.csv
632,0.9734554290771484,Rule-based baseline,../experiments/results/Baselines/baseline_rule_results.csv
633,0.9309322834014891,Rule-based baseline,../experiments/results/Baselines/baseline_rule_results.csv
634,0.9326767325401306,Rule-based baseline,../experiments/results/Baselines/baseline_rule_results.csv
635,0.9358509182929992,Rule-based baseline,../experiments/results/Baselines/baseline_rule_results.csv
636,0.9357925057411194,Rule-based baseline,../experiments/results/Baselines/baseline_rule_results.csv
637,0.93168967962265,Rule-based baseline,../experiments/results/Baselines/baseline_rule_results.csv
638,0.9354041814804076,Rule-based baseline,../experiments/results/Baselines/baseline_rule_results.csv
639,0.935459315776825,Rule-based baseline,../experiments/results/Baselines/baseline_rule_results.csv
640,0.9356326460838318,Rule-based baseline,../experiments/results/Baselines/baseline_rule_results.csv
641,0.9348005056381226,Rule-based baseline,../experiments/results/Baselines/baseline_rule_results.csv
642,0.931227445602417,Rule-based baseline,../experiments/results/Baselines/baseline_rule_results.csv
643,0.926003634929657,Rule-based baseline,../experiments/results/Baselines/baseline_rule_results.csv
644,0.9319364428520204,Rule-based baseline,../experiments/results/Baselines/baseline_rule_results.csv
645,0.923400104045868,Rule-based baseline,../experiments/results/Baselines/baseline_rule_results.csv
646,0.9211602807044984,Rule-based baseline,../experiments/results/Baselines/baseline_rule_results.csv
647,0.9192536473274232,Rule-based baseline,../experiments/results/Baselines/baseline_rule_results.csv
648,0.924053430557251,Rule-based baseline,../experiments/results/Baselines/baseline_rule_results.csv
649,0.9246122241020204,Rule-based baseline,../experiments/results/Baselines/baseline_rule_results.csv
650,0.921054482460022,Rule-based baseline,../experiments/results/Baselines/baseline_rule_results.csv
651,0.9211194515228271,Rule-based baseline,../experiments/results/Baselines/baseline_rule_results.csv
652,0.9209508895874025,Rule-based baseline,../experiments/results/Baselines/baseline_rule_results.csv
653,0.9212659001350404,Rule-based baseline,../experiments/results/Baselines/baseline_rule_results.csv
654,0.9212141633033752,Rule-based baseline,../experiments/results/Baselines/baseline_rule_results.csv
655,0.9211581945419312,Rule-based baseline,../experiments/results/Baselines/baseline_rule_results.csv
656,0.920051097869873,Rule-based baseline,../experiments/results/Baselines/baseline_rule_results.csv
657,0.9210550785064696,Rule-based baseline,../experiments/results/Baselines/baseline_rule_results.csv
658,0.92995685338974,Rule-based baseline,../experiments/results/Baselines/baseline_rule_results.csv
659,0.9312679171562196,Rule-based baseline,../experiments/results/Baselines/baseline_rule_results.csv
660,0.9265863299369812,Rule-based baseline,../experiments/results/Baselines/baseline_rule_results.csv
661,0.9345248937606812,Rule-based baseline,../experiments/results/Baselines/baseline_rule_results.csv
662,0.9343537092208862,Rule-based baseline,../experiments/results/Baselines/baseline_rule_results.csv
663,0.934891164302826,Rule-based baseline,../experiments/results/Baselines/baseline_rule_results.csv
664,0.9355466365814208,Rule-based baseline,../experiments/results/Baselines/baseline_rule_results.csv
665,0.9729523062705994,Rule-based baseline,../experiments/results/Baselines/baseline_rule_results.csv
666,0.974565327167511,Rule-based baseline,../experiments/results/Baselines/baseline_rule_results.csv
667,0.9745976328849792,Rule-based baseline,../experiments/results/Baselines/baseline_rule_results.csv
668,0.974751353263855,Rule-based baseline,../experiments/results/Baselines/baseline_rule_results.csv
669,0.973745048046112,Rule-based baseline,../experiments/results/Baselines/baseline_rule_results.csv
670,0.973679780960083,Rule-based baseline,../experiments/results/Baselines/baseline_rule_results.csv
671,0.974995255470276,Rule-based baseline,../experiments/results/Baselines/baseline_rule_results.csv
672,0.9743619561195374,Rule-based baseline,../experiments/results/Baselines/baseline_rule_results.csv
673,0.973940372467041,Rule-based baseline,../experiments/results/Baselines/baseline_rule_results.csv
674,0.9750065803527832,Rule-based baseline,../experiments/results/Baselines/baseline_rule_results.csv
675,0.9748761653900146,Rule-based baseline,../experiments/results/Baselines/baseline_rule_results.csv
676,0.9749959707260132,Rule-based baseline,../experiments/results/Baselines/baseline_rule_results.csv
677,0.9748125672340392,Rule-based baseline,../experiments/results/Baselines/baseline_rule_results.csv
678,0.9749742150306702,Rule-based baseline,../experiments/results/Baselines/baseline_rule_results.csv
679,0.9749242663383484,Rule-based baseline,../experiments/results/Baselines/baseline_rule_results.csv
680,0.9749830961227416,Rule-based baseline,../experiments/results/Baselines/baseline_rule_results.csv
681,0.9749975204467772,Rule-based baseline,../experiments/results/Baselines/baseline_rule_results.csv
682,0.9750284552574158,Rule-based baseline,../experiments/results/Baselines/baseline_rule_results.csv
683,0.9749350547790528,Rule-based baseline,../experiments/results/Baselines/baseline_rule_results.csv
684,0.9750478267669678,Rule-based baseline,../experiments/results/Baselines/baseline_rule_results.csv
685,0.9748825430870056,Rule-based baseline,../experiments/results/Baselines/baseline_rule_results.csv
686,0.9752616286277772,Rule-based baseline,../experiments/results/Baselines/baseline_rule_results.csv
687,0.9749971628189088,Rule-based baseline,../experiments/results/Baselines/baseline_rule_results.csv
688,0.9751482605934144,Rule-based baseline,../experiments/results/Baselines/baseline_rule_results.csv
689,0.975241482257843,Rule-based baseline,../experiments/results/Baselines/baseline_rule_results.csv
690,0.9750107526779176,Rule-based baseline,../experiments/results/Baselines/baseline_rule_results.csv
691,0.974995493888855,Rule-based baseline,../experiments/results/Baselines/baseline_rule_results.csv
692,0.97517067193985,Rule-based baseline,../experiments/results/Baselines/baseline_rule_results.csv
693,0.9749957919120787,Rule-based baseline,../experiments/results/Baselines/baseline_rule_results.csv
694,0.9752026200294496,Rule-based baseline,../experiments/results/Baselines/baseline_rule_results.csv
695,0.9749966859817504,Rule-based baseline,../experiments/results/Baselines/baseline_rule_results.csv
696,0.9751951694488524,Rule-based baseline,../experiments/results/Baselines/baseline_rule_results.csv
697,0.974996030330658,Rule-based baseline,../experiments/results/Baselines/baseline_rule_results.csv
698,0.975230038166046,Rule-based baseline,../experiments/results/Baselines/baseline_rule_results.csv
699,0.9751179218292236,Rule-based baseline,../experiments/results/Baselines/baseline_rule_results.csv
700,0.975077509880066,Rule-based baseline,../experiments/results/Baselines/baseline_rule_results.csv
701,0.9752406477928162,Rule-based baseline,../experiments/results/Baselines/baseline_rule_results.csv
702,0.975195586681366,Rule-based baseline,../experiments/results/Baselines/baseline_rule_results.csv
703,0.9751855731010436,Rule-based baseline,../experiments/results/Baselines/baseline_rule_results.csv
704,0.975260615348816,Rule-based baseline,../experiments/results/Baselines/baseline_rule_results.csv
705,0.9752398133277892,Rule-based baseline,../experiments/results/Baselines/baseline_rule_results.csv
706,0.975125014781952,Rule-based baseline,../experiments/results/Baselines/baseline_rule_results.csv
707,0.975250482559204,Rule-based baseline,../experiments/results/Baselines/baseline_rule_results.csv
708,0.9752598404884338,Rule-based baseline,../experiments/results/Baselines/baseline_rule_results.csv
709,0.975290298461914,Rule-based baseline,../experiments/results/Baselines/baseline_rule_results.csv
710,0.9752945303916932,Rule-based baseline,../experiments/results/Baselines/baseline_rule_results.csv
711,0.9753069877624512,Rule-based baseline,../experiments/results/Baselines/baseline_rule_results.csv
712,0.9753129482269288,Rule-based baseline,../experiments/results/Baselines/baseline_rule_results.csv
713,0.9753075242042542,Rule-based baseline,../experiments/results/Baselines/baseline_rule_results.csv
714,0.9752607345581056,Rule-based baseline,../experiments/results/Baselines/baseline_rule_results.csv
715,0.9752912521362304,Rule-based baseline,../experiments/results/Baselines/baseline_rule_results.csv
716,0.9753028154373168,Rule-based baseline,../experiments/results/Baselines/baseline_rule_results.csv
717,0.9752905368804932,Rule-based baseline,../experiments/results/Baselines/baseline_rule_results.csv
718,0.9752587080001832,Rule-based baseline,../experiments/results/Baselines/baseline_rule_results.csv
719,0.9747744798660278,Rule-based baseline,../experiments/results/Baselines/baseline_rule_results.csv
0,0.9189786314964294,Static USR (k=1),../experiments/results/Baselines/baseline_static_oai1x_results.csv
1,0.919345498085022,Static USR (k=1),../experiments/results/Baselines/baseline_static_oai1x_results.csv
2,0.9194085001945496,Static USR (k=1),../experiments/results/Baselines/baseline_static_oai1x_results.csv
3,0.9185638427734376,Static USR (k=1),../experiments/results/Baselines/baseline_static_oai1x_results.csv
4,0.9195637106895448,Static USR (k=1),../experiments/results/Baselines/baseline_static_oai1x_results.csv
5,0.919813632965088,Static USR (k=1),../experiments/results/Baselines/baseline_static_oai1x_results.csv
6,0.9145486950874328,Static USR (k=1),../experiments/results/Baselines/baseline_static_oai1x_results.csv
7,0.9187905192375184,Static USR (k=1),../experiments/results/Baselines/baseline_static_oai1x_results.csv
8,0.9119371175765992,Static USR (k=1),../experiments/results/Baselines/baseline_static_oai1x_results.csv
9,0.9107938408851624,Static USR (k=1),../experiments/results/Baselines/baseline_static_oai1x_results.csv
10,0.9106944799423218,Static USR (k=1),../experiments/results/Baselines/baseline_static_oai1x_results.csv
11,0.9111000299453736,Static USR (k=1),../experiments/results/Baselines/baseline_static_oai1x_results.csv
12,0.9123108983039856,Static USR (k=1),../experiments/results/Baselines/baseline_static_oai1x_results.csv
13,0.911158323287964,Static USR (k=1),../experiments/results/Baselines/baseline_static_oai1x_results.csv
14,0.9108384847640992,Static USR (k=1),../experiments/results/Baselines/baseline_static_oai1x_results.csv
15,0.9129344820976256,Static USR (k=1),../experiments/results/Baselines/baseline_static_oai1x_results.csv
16,0.9110416173934937,Static USR (k=1),../experiments/results/Baselines/baseline_static_oai1x_results.csv
17,0.9112063646316528,Static USR (k=1),../experiments/results/Baselines/baseline_static_oai1x_results.csv
18,0.913062572479248,Static USR (k=1),../experiments/results/Baselines/baseline_static_oai1x_results.csv
19,0.9153944253921508,Static USR (k=1),../experiments/results/Baselines/baseline_static_oai1x_results.csv
20,0.9117535352706908,Static USR (k=1),../experiments/results/Baselines/baseline_static_oai1x_results.csv
21,0.9110863208770752,Static USR (k=1),../experiments/results/Baselines/baseline_static_oai1x_results.csv
22,0.910997986793518,Static USR (k=1),../experiments/results/Baselines/baseline_static_oai1x_results.csv
23,0.9105610251426696,Static USR (k=1),../experiments/results/Baselines/baseline_static_oai1x_results.csv
24,0.9108980894088744,Static USR (k=1),../experiments/results/Baselines/baseline_static_oai1x_results.csv
25,0.9108145833015442,Static USR (k=1),../experiments/results/Baselines/baseline_static_oai1x_results.csv
26,0.9111248254776,Static USR (k=1),../experiments/results/Baselines/baseline_static_oai1x_results.csv
27,0.911220908164978,Static USR (k=1),../experiments/results/Baselines/baseline_static_oai1x_results.csv
28,0.9109179973602296,Static USR (k=1),../experiments/results/Baselines/baseline_static_oai1x_results.csv
29,0.9108709692955016,Static USR (k=1),../experiments/results/Baselines/baseline_static_oai1x_results.csv
30,0.910660207271576,Static USR (k=1),../experiments/results/Baselines/baseline_static_oai1x_results.csv
31,0.9114142060279846,Static USR (k=1),../experiments/results/Baselines/baseline_static_oai1x_results.csv
32,0.9112388491630554,Static USR (k=1),../experiments/results/Baselines/baseline_static_oai1x_results.csv
33,0.9115909337997437,Static USR (k=1),../experiments/results/Baselines/baseline_static_oai1x_results.csv
34,0.9115905165672302,Static USR (k=1),../experiments/results/Baselines/baseline_static_oai1x_results.csv
35,0.9121125340461732,Static USR (k=1),../experiments/results/Baselines/baseline_static_oai1x_results.csv
36,0.9133796095848083,Static USR (k=1),../experiments/results/Baselines/baseline_static_oai1x_results.csv
37,0.9142097234725952,Static USR (k=1),../experiments/results/Baselines/baseline_static_oai1x_results.csv
38,0.913581609725952,Static USR (k=1),../experiments/results/Baselines/baseline_static_oai1x_results.csv
39,0.9141974449157716,Static USR (k=1),../experiments/results/Baselines/baseline_static_oai1x_results.csv
40,0.9128987789154052,Static USR (k=1),../experiments/results/Baselines/baseline_static_oai1x_results.csv
41,0.913587212562561,Static USR (k=1),../experiments/results/Baselines/baseline_static_oai1x_results.csv
42,0.9136719107627868,Static USR (k=1),../experiments/results/Baselines/baseline_static_oai1x_results.csv
43,0.9130778312683104,Static USR (k=1),../experiments/results/Baselines/baseline_static_oai1x_results.csv
44,0.9127337336540222,Static USR (k=1),../experiments/results/Baselines/baseline_static_oai1x_results.csv
45,0.9122485518455504,Static USR (k=1),../experiments/results/Baselines/baseline_static_oai1x_results.csv
46,0.9114343523979188,Static USR (k=1),../experiments/results/Baselines/baseline_static_oai1x_results.csv
47,0.9193324446678162,Static USR (k=1),../experiments/results/Baselines/baseline_static_oai1x_results.csv
48,0.919313371181488,Static USR (k=1),../experiments/results/Baselines/baseline_static_oai1x_results.csv
49,0.9195073246955872,Static USR (k=1),../experiments/results/Baselines/baseline_static_oai1x_results.csv
50,0.9196509718894958,Static USR (k=1),../experiments/results/Baselines/baseline_static_oai1x_results.csv
51,0.9206079244613647,Static USR (k=1),../experiments/results/Baselines/baseline_static_oai1x_results.csv
52,0.9212682843208312,Static USR (k=1),../experiments/results/Baselines/baseline_static_oai1x_results.csv
53,0.9271240234375,Static USR (k=1),../experiments/results/Baselines/baseline_static_oai1x_results.csv
54,0.930253565311432,Static USR (k=1),../experiments/results/Baselines/baseline_static_oai1x_results.csv
55,0.929842472076416,Static USR (k=1),../experiments/results/Baselines/baseline_static_oai1x_results.csv
56,0.9351592063903807,Static USR (k=1),../experiments/results/Baselines/baseline_static_oai1x_results.csv
57,0.9358612298965454,Static USR (k=1),../experiments/results/Baselines/baseline_static_oai1x_results.csv
58,0.9358461499214172,Static USR (k=1),../experiments/results/Baselines/baseline_static_oai1x_results.csv
59,0.935303509235382,Static USR (k=1),../experiments/results/Baselines/baseline_static_oai1x_results.csv
60,0.9328182339668274,Static USR (k=1),../experiments/results/Baselines/baseline_static_oai1x_results.csv
61,0.933275818824768,Static USR (k=1),../experiments/results/Baselines/baseline_static_oai1x_results.csv
62,0.9278846979141236,Static USR (k=1),../experiments/results/Baselines/baseline_static_oai1x_results.csv
63,0.9272772073745728,Static USR (k=1),../experiments/results/Baselines/baseline_static_oai1x_results.csv
64,0.9225593209266664,Static USR (k=1),../experiments/results/Baselines/baseline_static_oai1x_results.csv
65,0.9231364130973816,Static USR (k=1),../experiments/results/Baselines/baseline_static_oai1x_results.csv
66,0.9207010865211488,Static USR (k=1),../experiments/results/Baselines/baseline_static_oai1x_results.csv
67,0.9215840101242064,Static USR (k=1),../experiments/results/Baselines/baseline_static_oai1x_results.csv
68,0.9287486672401428,Static USR (k=1),../experiments/results/Baselines/baseline_static_oai1x_results.csv
69,0.9335293769836426,Static USR (k=1),../experiments/results/Baselines/baseline_static_oai1x_results.csv
70,0.9330810904502868,Static USR (k=1),../experiments/results/Baselines/baseline_static_oai1x_results.csv
71,0.9251723885536194,Static USR (k=1),../experiments/results/Baselines/baseline_static_oai1x_results.csv
72,0.930245578289032,Static USR (k=1),../experiments/results/Baselines/baseline_static_oai1x_results.csv
73,0.9242063164711,Static USR (k=1),../experiments/results/Baselines/baseline_static_oai1x_results.csv
74,0.9269354343414308,Static USR (k=1),../experiments/results/Baselines/baseline_static_oai1x_results.csv
75,0.9344441890716552,Static USR (k=1),../experiments/results/Baselines/baseline_static_oai1x_results.csv
76,0.9338476061820984,Static USR (k=1),../experiments/results/Baselines/baseline_static_oai1x_results.csv
77,0.9287272691726683,Static USR (k=1),../experiments/results/Baselines/baseline_static_oai1x_results.csv
78,0.9304466843605042,Static USR (k=1),../experiments/results/Baselines/baseline_static_oai1x_results.csv
79,0.927355170249939,Static USR (k=1),../experiments/results/Baselines/baseline_static_oai1x_results.csv
80,0.9311312437057496,Static USR (k=1),../experiments/results/Baselines/baseline_static_oai1x_results.csv
81,0.9273259043693542,Static USR (k=1),../experiments/results/Baselines/baseline_static_oai1x_results.csv
82,0.9281836748123168,Static USR (k=1),../experiments/results/Baselines/baseline_static_oai1x_results.csv
83,0.9264402985572816,Static USR (k=1),../experiments/results/Baselines/baseline_static_oai1x_results.csv
84,0.9224511384963988,Static USR (k=1),../experiments/results/Baselines/baseline_static_oai1x_results.csv
85,0.9290467500686646,Static USR (k=1),../experiments/results/Baselines/baseline_static_oai1x_results.csv
86,0.934172749519348,Static USR (k=1),../experiments/results/Baselines/baseline_static_oai1x_results.csv
87,0.9303463101387024,Static USR (k=1),../experiments/results/Baselines/baseline_static_oai1x_results.csv
88,0.9316543936729432,Static USR (k=1),../experiments/results/Baselines/baseline_static_oai1x_results.csv
89,0.9290658235549928,Static USR (k=1),../experiments/results/Baselines/baseline_static_oai1x_results.csv
90,0.9326167702674866,Static USR (k=1),../experiments/results/Baselines/baseline_static_oai1x_results.csv
91,0.932427167892456,Static USR (k=1),../experiments/results/Baselines/baseline_static_oai1x_results.csv
92,0.9309245347976683,Static USR (k=1),../experiments/results/Baselines/baseline_static_oai1x_results.csv
93,0.9276165962219238,Static USR (k=1),../experiments/results/Baselines/baseline_static_oai1x_results.csv
94,0.9269607067108154,Static USR (k=1),../experiments/results/Baselines/baseline_static_oai1x_results.csv
95,0.9282341599464417,Static USR (k=1),../experiments/results/Baselines/baseline_static_oai1x_results.csv
96,0.9201452732086182,Static USR (k=1),../experiments/results/Baselines/baseline_static_oai1x_results.csv
97,0.9187219142913818,Static USR (k=1),../experiments/results/Baselines/baseline_static_oai1x_results.csv
98,0.9174770712852478,Static USR (k=1),../experiments/results/Baselines/baseline_static_oai1x_results.csv
99,0.9111028909683228,Static USR (k=1),../experiments/results/Baselines/baseline_static_oai1x_results.csv
100,0.9114155173301696,Static USR (k=1),../experiments/results/Baselines/baseline_static_oai1x_results.csv
101,0.9109974503517152,Static USR (k=1),../experiments/results/Baselines/baseline_static_oai1x_results.csv
102,0.9181718230247498,Static USR (k=1),../experiments/results/Baselines/baseline_static_oai1x_results.csv
103,0.919951558113098,Static USR (k=1),../experiments/results/Baselines/baseline_static_oai1x_results.csv
104,0.9201350808143616,Static USR (k=1),../experiments/results/Baselines/baseline_static_oai1x_results.csv
105,0.919547200202942,Static USR (k=1),../experiments/results/Baselines/baseline_static_oai1x_results.csv
106,0.9206421971321106,Static USR (k=1),../experiments/results/Baselines/baseline_static_oai1x_results.csv
107,0.9209867119789124,Static USR (k=1),../experiments/results/Baselines/baseline_static_oai1x_results.csv
108,0.9254208207130432,Static USR (k=1),../experiments/results/Baselines/baseline_static_oai1x_results.csv
109,0.9265729188919068,Static USR (k=1),../experiments/results/Baselines/baseline_static_oai1x_results.csv
110,0.9251325726509094,Static USR (k=1),../experiments/results/Baselines/baseline_static_oai1x_results.csv
111,0.9258344173431396,Static USR (k=1),../experiments/results/Baselines/baseline_static_oai1x_results.csv
112,0.923774003982544,Static USR (k=1),../experiments/results/Baselines/baseline_static_oai1x_results.csv
113,0.9244780540466307,Static USR (k=1),../experiments/results/Baselines/baseline_static_oai1x_results.csv
114,0.9212751388549804,Static USR (k=1),../experiments/results/Baselines/baseline_static_oai1x_results.csv
115,0.9223565459251404,Static USR (k=1),../experiments/results/Baselines/baseline_static_oai1x_results.csv
116,0.9196968674659728,Static USR (k=1),../experiments/results/Baselines/baseline_static_oai1x_results.csv
117,0.9189441800117492,Static USR (k=1),../experiments/results/Baselines/baseline_static_oai1x_results.csv
118,0.9204041957855223,Static USR (k=1),../experiments/results/Baselines/baseline_static_oai1x_results.csv
119,0.9185526967048644,Static USR (k=1),../experiments/results/Baselines/baseline_static_oai1x_results.csv
120,0.9193143248558044,Static USR (k=1),../experiments/results/Baselines/baseline_static_oai1x_results.csv
121,0.9107661843299866,Static USR (k=1),../experiments/results/Baselines/baseline_static_oai1x_results.csv
122,0.9108005166053772,Static USR (k=1),../experiments/results/Baselines/baseline_static_oai1x_results.csv
123,0.9191007018089294,Static USR (k=1),../experiments/results/Baselines/baseline_static_oai1x_results.csv
124,0.918565034866333,Static USR (k=1),../experiments/results/Baselines/baseline_static_oai1x_results.csv
125,0.9156967997550964,Static USR (k=1),../experiments/results/Baselines/baseline_static_oai1x_results.csv
126,0.9188616275787354,Static USR (k=1),../experiments/results/Baselines/baseline_static_oai1x_results.csv
127,0.9162448048591614,Static USR (k=1),../experiments/results/Baselines/baseline_static_oai1x_results.csv
128,0.9161340594291688,Static USR (k=1),../experiments/results/Baselines/baseline_static_oai1x_results.csv
129,0.9190770983695984,Static USR (k=1),../experiments/results/Baselines/baseline_static_oai1x_results.csv
130,0.910798192024231,Static USR (k=1),../experiments/results/Baselines/baseline_static_oai1x_results.csv
131,0.9111679196357728,Static USR (k=1),../experiments/results/Baselines/baseline_static_oai1x_results.csv
132,0.910996675491333,Static USR (k=1),../experiments/results/Baselines/baseline_static_oai1x_results.csv
133,0.9122883677482604,Static USR (k=1),../experiments/results/Baselines/baseline_static_oai1x_results.csv
134,0.9128377437591552,Static USR (k=1),../experiments/results/Baselines/baseline_static_oai1x_results.csv
135,0.9126269817352296,Static USR (k=1),../experiments/results/Baselines/baseline_static_oai1x_results.csv
136,0.913305938243866,Static USR (k=1),../experiments/results/Baselines/baseline_static_oai1x_results.csv
137,0.9130008220672609,Static USR (k=1),../experiments/results/Baselines/baseline_static_oai1x_results.csv
138,0.9134998321533204,Static USR (k=1),../experiments/results/Baselines/baseline_static_oai1x_results.csv
139,0.9119694232940674,Static USR (k=1),../experiments/results/Baselines/baseline_static_oai1x_results.csv
140,0.911343514919281,Static USR (k=1),../experiments/results/Baselines/baseline_static_oai1x_results.csv
141,0.9113786220550536,Static USR (k=1),../experiments/results/Baselines/baseline_static_oai1x_results.csv
142,0.9140470027923584,Static USR (k=1),../experiments/results/Baselines/baseline_static_oai1x_results.csv
143,0.9196422696113586,Static USR (k=1),../experiments/results/Baselines/baseline_static_oai1x_results.csv
144,0.9192216396331788,Static USR (k=1),../experiments/results/Baselines/baseline_static_oai1x_results.csv
145,0.9198856353759766,Static USR (k=1),../experiments/results/Baselines/baseline_static_oai1x_results.csv
146,0.9203668832778932,Static USR (k=1),../experiments/results/Baselines/baseline_static_oai1x_results.csv
147,0.9206727147102356,Static USR (k=1),../experiments/results/Baselines/baseline_static_oai1x_results.csv
148,0.922425389289856,Static USR (k=1),../experiments/results/Baselines/baseline_static_oai1x_results.csv
149,0.9303730130195618,Static USR (k=1),../experiments/results/Baselines/baseline_static_oai1x_results.csv
150,0.9311501383781432,Static USR (k=1),../experiments/results/Baselines/baseline_static_oai1x_results.csv
151,0.9328052997589112,Static USR (k=1),../experiments/results/Baselines/baseline_static_oai1x_results.csv
152,0.9352706670761108,Static USR (k=1),../experiments/results/Baselines/baseline_static_oai1x_results.csv
153,0.9356563091278076,Static USR (k=1),../experiments/results/Baselines/baseline_static_oai1x_results.csv
154,0.9351572394371032,Static USR (k=1),../experiments/results/Baselines/baseline_static_oai1x_results.csv
155,0.9352985620498656,Static USR (k=1),../experiments/results/Baselines/baseline_static_oai1x_results.csv
156,0.9348692893981934,Static USR (k=1),../experiments/results/Baselines/baseline_static_oai1x_results.csv
157,0.9347221851348876,Static USR (k=1),../experiments/results/Baselines/baseline_static_oai1x_results.csv
158,0.9297435283660888,Static USR (k=1),../experiments/results/Baselines/baseline_static_oai1x_results.csv
159,0.931263029575348,Static USR (k=1),../experiments/results/Baselines/baseline_static_oai1x_results.csv
160,0.927872121334076,Static USR (k=1),../experiments/results/Baselines/baseline_static_oai1x_results.csv
161,0.9340530633926392,Static USR (k=1),../experiments/results/Baselines/baseline_static_oai1x_results.csv
162,0.9332592487335204,Static USR (k=1),../experiments/results/Baselines/baseline_static_oai1x_results.csv
163,0.934416890144348,Static USR (k=1),../experiments/results/Baselines/baseline_static_oai1x_results.csv
164,0.9270460605621338,Static USR (k=1),../experiments/results/Baselines/baseline_static_oai1x_results.csv
165,0.9253440499305724,Static USR (k=1),../experiments/results/Baselines/baseline_static_oai1x_results.csv
166,0.9219245910644532,Static USR (k=1),../experiments/results/Baselines/baseline_static_oai1x_results.csv
167,0.921190083026886,Static USR (k=1),../experiments/results/Baselines/baseline_static_oai1x_results.csv
168,0.9325937032699584,Static USR (k=1),../experiments/results/Baselines/baseline_static_oai1x_results.csv
169,0.9247862696647644,Static USR (k=1),../experiments/results/Baselines/baseline_static_oai1x_results.csv
170,0.9258036017417908,Static USR (k=1),../experiments/results/Baselines/baseline_static_oai1x_results.csv
171,0.9341759085655212,Static USR (k=1),../experiments/results/Baselines/baseline_static_oai1x_results.csv
172,0.9343658089637756,Static USR (k=1),../experiments/results/Baselines/baseline_static_oai1x_results.csv
173,0.9299519658088684,Static USR (k=1),../experiments/results/Baselines/baseline_static_oai1x_results.csv
174,0.9298391938209534,Static USR (k=1),../experiments/results/Baselines/baseline_static_oai1x_results.csv
175,0.934295654296875,Static USR (k=1),../experiments/results/Baselines/baseline_static_oai1x_results.csv
176,0.9293650388717652,Static USR (k=1),../experiments/results/Baselines/baseline_static_oai1x_results.csv
177,0.9297340512275696,Static USR (k=1),../experiments/results/Baselines/baseline_static_oai1x_results.csv
178,0.9289721250534058,Static USR (k=1),../experiments/results/Baselines/baseline_static_oai1x_results.csv
179,0.925834059715271,Static USR (k=1),../experiments/results/Baselines/baseline_static_oai1x_results.csv
180,0.931490421295166,Static USR (k=1),../experiments/results/Baselines/baseline_static_oai1x_results.csv
181,0.9352262616157532,Static USR (k=1),../experiments/results/Baselines/baseline_static_oai1x_results.csv
182,0.9357892870903016,Static USR (k=1),../experiments/results/Baselines/baseline_static_oai1x_results.csv
183,0.933826506137848,Static USR (k=1),../experiments/results/Baselines/baseline_static_oai1x_results.csv
184,0.9350466728210448,Static USR (k=1),../experiments/results/Baselines/baseline_static_oai1x_results.csv
185,0.93573659658432,Static USR (k=1),../experiments/results/Baselines/baseline_static_oai1x_results.csv
186,0.9325105547904968,Static USR (k=1),../experiments/results/Baselines/baseline_static_oai1x_results.csv
187,0.9341484308242798,Static USR (k=1),../experiments/results/Baselines/baseline_static_oai1x_results.csv
188,0.9357433319091796,Static USR (k=1),../experiments/results/Baselines/baseline_static_oai1x_results.csv
189,0.9298012852668762,Static USR (k=1),../experiments/results/Baselines/baseline_static_oai1x_results.csv
190,0.9269601702690125,Static USR (k=1),../experiments/results/Baselines/baseline_static_oai1x_results.csv
191,0.9274559617042542,Static USR (k=1),../experiments/results/Baselines/baseline_static_oai1x_results.csv
192,0.920602023601532,Static USR (k=1),../experiments/results/Baselines/baseline_static_oai1x_results.csv
193,0.9190796613693236,Static USR (k=1),../experiments/results/Baselines/baseline_static_oai1x_results.csv
194,0.91217041015625,Static USR (k=1),../experiments/results/Baselines/baseline_static_oai1x_results.csv
195,0.9164646863937378,Static USR (k=1),../experiments/results/Baselines/baseline_static_oai1x_results.csv
196,0.91709965467453,Static USR (k=1),../experiments/results/Baselines/baseline_static_oai1x_results.csv
197,0.9135331511497498,Static USR (k=1),../experiments/results/Baselines/baseline_static_oai1x_results.csv
198,0.9190451502799988,Static USR (k=1),../experiments/results/Baselines/baseline_static_oai1x_results.csv
199,0.9193757176399232,Static USR (k=1),../experiments/results/Baselines/baseline_static_oai1x_results.csv
200,0.9202762842178344,Static USR (k=1),../experiments/results/Baselines/baseline_static_oai1x_results.csv
201,0.9196261763572692,Static USR (k=1),../experiments/results/Baselines/baseline_static_oai1x_results.csv
202,0.9218696355819702,Static USR (k=1),../experiments/results/Baselines/baseline_static_oai1x_results.csv
203,0.9272915720939636,Static USR (k=1),../experiments/results/Baselines/baseline_static_oai1x_results.csv
204,0.9280734062194824,Static USR (k=1),../experiments/results/Baselines/baseline_static_oai1x_results.csv
205,0.9238629341125488,Static USR (k=1),../experiments/results/Baselines/baseline_static_oai1x_results.csv
206,0.9267554879188538,Static USR (k=1),../experiments/results/Baselines/baseline_static_oai1x_results.csv
207,0.9218053221702576,Static USR (k=1),../experiments/results/Baselines/baseline_static_oai1x_results.csv
208,0.9209274649620056,Static USR (k=1),../experiments/results/Baselines/baseline_static_oai1x_results.csv
209,0.9231146574020386,Static USR (k=1),../experiments/results/Baselines/baseline_static_oai1x_results.csv
210,0.9226132035255432,Static USR (k=1),../experiments/results/Baselines/baseline_static_oai1x_results.csv
211,0.9206480383872986,Static USR (k=1),../experiments/results/Baselines/baseline_static_oai1x_results.csv
212,0.9200529456138612,Static USR (k=1),../experiments/results/Baselines/baseline_static_oai1x_results.csv
213,0.9204691052436828,Static USR (k=1),../experiments/results/Baselines/baseline_static_oai1x_results.csv
214,0.9207836985588074,Static USR (k=1),../experiments/results/Baselines/baseline_static_oai1x_results.csv
215,0.9197434186935424,Static USR (k=1),../experiments/results/Baselines/baseline_static_oai1x_results.csv
216,0.9195508360862732,Static USR (k=1),../experiments/results/Baselines/baseline_static_oai1x_results.csv
217,0.918889582157135,Static USR (k=1),../experiments/results/Baselines/baseline_static_oai1x_results.csv
218,0.9191855788230896,Static USR (k=1),../experiments/results/Baselines/baseline_static_oai1x_results.csv
219,0.9194350838661194,Static USR (k=1),../experiments/results/Baselines/baseline_static_oai1x_results.csv
220,0.9205532073974608,Static USR (k=1),../experiments/results/Baselines/baseline_static_oai1x_results.csv
221,0.919761061668396,Static USR (k=1),../experiments/results/Baselines/baseline_static_oai1x_results.csv
222,0.921210765838623,Static USR (k=1),../experiments/results/Baselines/baseline_static_oai1x_results.csv
223,0.9197341799736024,Static USR (k=1),../experiments/results/Baselines/baseline_static_oai1x_results.csv
224,0.9185453057289124,Static USR (k=1),../experiments/results/Baselines/baseline_static_oai1x_results.csv
225,0.9146297574043274,Static USR (k=1),../experiments/results/Baselines/baseline_static_oai1x_results.csv
226,0.9175373315811156,Static USR (k=1),../experiments/results/Baselines/baseline_static_oai1x_results.csv
227,0.9170510172843932,Static USR (k=1),../experiments/results/Baselines/baseline_static_oai1x_results.csv
228,0.9163336753845216,Static USR (k=1),../experiments/results/Baselines/baseline_static_oai1x_results.csv
229,0.9193881154060364,Static USR (k=1),../experiments/results/Baselines/baseline_static_oai1x_results.csv
230,0.9187530875205994,Static USR (k=1),../experiments/results/Baselines/baseline_static_oai1x_results.csv
231,0.914260983467102,Static USR (k=1),../experiments/results/Baselines/baseline_static_oai1x_results.csv
232,0.9111091494560242,Static USR (k=1),../experiments/results/Baselines/baseline_static_oai1x_results.csv
233,0.9113965630531312,Static USR (k=1),../experiments/results/Baselines/baseline_static_oai1x_results.csv
234,0.9114519953727722,Static USR (k=1),../experiments/results/Baselines/baseline_static_oai1x_results.csv
235,0.9115530848503112,Static USR (k=1),../experiments/results/Baselines/baseline_static_oai1x_results.csv
236,0.9115105271339417,Static USR (k=1),../experiments/results/Baselines/baseline_static_oai1x_results.csv
237,0.9119719862937928,Static USR (k=1),../experiments/results/Baselines/baseline_static_oai1x_results.csv
238,0.9113654494285583,Static USR (k=1),../experiments/results/Baselines/baseline_static_oai1x_results.csv
239,0.9194355607032776,Static USR (k=1),../experiments/results/Baselines/baseline_static_oai1x_results.csv
240,0.9196165204048156,Static USR (k=1),../experiments/results/Baselines/baseline_static_oai1x_results.csv
241,0.920146644115448,Static USR (k=1),../experiments/results/Baselines/baseline_static_oai1x_results.csv
242,0.9204872846603394,Static USR (k=1),../experiments/results/Baselines/baseline_static_oai1x_results.csv
243,0.920837104320526,Static USR (k=1),../experiments/results/Baselines/baseline_static_oai1x_results.csv
244,0.919569492340088,Static USR (k=1),../experiments/results/Baselines/baseline_static_oai1x_results.csv
245,0.920201063156128,Static USR (k=1),../experiments/results/Baselines/baseline_static_oai1x_results.csv
246,0.9248831868171692,Static USR (k=1),../experiments/results/Baselines/baseline_static_oai1x_results.csv
247,0.927300214767456,Static USR (k=1),../experiments/results/Baselines/baseline_static_oai1x_results.csv
248,0.9295238256454468,Static USR (k=1),../experiments/results/Baselines/baseline_static_oai1x_results.csv
249,0.930243968963623,Static USR (k=1),../experiments/results/Baselines/baseline_static_oai1x_results.csv
250,0.9330320358276368,Static USR (k=1),../experiments/results/Baselines/baseline_static_oai1x_results.csv
251,0.9337726831436156,Static USR (k=1),../experiments/results/Baselines/baseline_static_oai1x_results.csv
252,0.9344395995140076,Static USR (k=1),../experiments/results/Baselines/baseline_static_oai1x_results.csv
253,0.9342710375785828,Static USR (k=1),../experiments/results/Baselines/baseline_static_oai1x_results.csv
254,0.9359058141708374,Static USR (k=1),../experiments/results/Baselines/baseline_static_oai1x_results.csv
255,0.9347937107086182,Static USR (k=1),../experiments/results/Baselines/baseline_static_oai1x_results.csv
256,0.933706283569336,Static USR (k=1),../experiments/results/Baselines/baseline_static_oai1x_results.csv
257,0.9351184368133544,Static USR (k=1),../experiments/results/Baselines/baseline_static_oai1x_results.csv
258,0.9308375716209412,Static USR (k=1),../experiments/results/Baselines/baseline_static_oai1x_results.csv
259,0.9343644380569458,Static USR (k=1),../experiments/results/Baselines/baseline_static_oai1x_results.csv
260,0.9322159886360168,Static USR (k=1),../experiments/results/Baselines/baseline_static_oai1x_results.csv
261,0.920611560344696,Static USR (k=1),../experiments/results/Baselines/baseline_static_oai1x_results.csv
262,0.9237834215164183,Static USR (k=1),../experiments/results/Baselines/baseline_static_oai1x_results.csv
263,0.9212493300437928,Static USR (k=1),../experiments/results/Baselines/baseline_static_oai1x_results.csv
264,0.9208359122276306,Static USR (k=1),../experiments/results/Baselines/baseline_static_oai1x_results.csv
265,0.9205697774887084,Static USR (k=1),../experiments/results/Baselines/baseline_static_oai1x_results.csv
266,0.9181896448135376,Static USR (k=1),../experiments/results/Baselines/baseline_static_oai1x_results.csv
267,0.9156204462051392,Static USR (k=1),../experiments/results/Baselines/baseline_static_oai1x_results.csv
268,0.9212117195129396,Static USR (k=1),../experiments/results/Baselines/baseline_static_oai1x_results.csv
269,0.9212648868560792,Static USR (k=1),../experiments/results/Baselines/baseline_static_oai1x_results.csv
270,0.9205663800239564,Static USR (k=1),../experiments/results/Baselines/baseline_static_oai1x_results.csv
271,0.927423894405365,Static USR (k=1),../experiments/results/Baselines/baseline_static_oai1x_results.csv
272,0.9333477020263672,Static USR (k=1),../experiments/results/Baselines/baseline_static_oai1x_results.csv
273,0.93427973985672,Static USR (k=1),../experiments/results/Baselines/baseline_static_oai1x_results.csv
274,0.9341214299201964,Static USR (k=1),../experiments/results/Baselines/baseline_static_oai1x_results.csv
275,0.9358788728713988,Static USR (k=1),../experiments/results/Baselines/baseline_static_oai1x_results.csv
276,0.934639573097229,Static USR (k=1),../experiments/results/Baselines/baseline_static_oai1x_results.csv
277,0.9358037114143372,Static USR (k=1),../experiments/results/Baselines/baseline_static_oai1x_results.csv
278,0.9356993436813354,Static USR (k=1),../experiments/results/Baselines/baseline_static_oai1x_results.csv
279,0.9319086074829102,Static USR (k=1),../experiments/results/Baselines/baseline_static_oai1x_results.csv
280,0.9291860461235046,Static USR (k=1),../experiments/results/Baselines/baseline_static_oai1x_results.csv
281,0.9270796179771424,Static USR (k=1),../experiments/results/Baselines/baseline_static_oai1x_results.csv
282,0.9282414317131042,Static USR (k=1),../experiments/results/Baselines/baseline_static_oai1x_results.csv
283,0.9241458177566528,Static USR (k=1),../experiments/results/Baselines/baseline_static_oai1x_results.csv
284,0.925425350666046,Static USR (k=1),../experiments/results/Baselines/baseline_static_oai1x_results.csv
285,0.9229517579078674,Static USR (k=1),../experiments/results/Baselines/baseline_static_oai1x_results.csv
286,0.924124836921692,Static USR (k=1),../experiments/results/Baselines/baseline_static_oai1x_results.csv
287,0.9208411574363708,Static USR (k=1),../experiments/results/Baselines/baseline_static_oai1x_results.csv
288,0.9212255477905272,Static USR (k=1),../experiments/results/Baselines/baseline_static_oai1x_results.csv
289,0.9206928014755248,Static USR (k=1),../experiments/results/Baselines/baseline_static_oai1x_results.csv
290,0.9213479161262512,Static USR (k=1),../experiments/results/Baselines/baseline_static_oai1x_results.csv
291,0.9222396016120912,Static USR (k=1),../experiments/results/Baselines/baseline_static_oai1x_results.csv
292,0.9208574295043944,Static USR (k=1),../experiments/results/Baselines/baseline_static_oai1x_results.csv
293,0.920305073261261,Static USR (k=1),../experiments/results/Baselines/baseline_static_oai1x_results.csv
294,0.9190265536308287,Static USR (k=1),../experiments/results/Baselines/baseline_static_oai1x_results.csv
295,0.918889582157135,Static USR (k=1),../experiments/results/Baselines/baseline_static_oai1x_results.csv
296,0.9206865429878236,Static USR (k=1),../experiments/results/Baselines/baseline_static_oai1x_results.csv
297,0.920097291469574,Static USR (k=1),../experiments/results/Baselines/baseline_static_oai1x_results.csv
298,0.9207839965820312,Static USR (k=1),../experiments/results/Baselines/baseline_static_oai1x_results.csv
299,0.9198132157325744,Static USR (k=1),../experiments/results/Baselines/baseline_static_oai1x_results.csv
300,0.91914165019989,Static USR (k=1),../experiments/results/Baselines/baseline_static_oai1x_results.csv
301,0.9189075231552124,Static USR (k=1),../experiments/results/Baselines/baseline_static_oai1x_results.csv
302,0.9195744395256042,Static USR (k=1),../experiments/results/Baselines/baseline_static_oai1x_results.csv
303,0.9189330339431764,Static USR (k=1),../experiments/results/Baselines/baseline_static_oai1x_results.csv
304,0.9201713800430298,Static USR (k=1),../experiments/results/Baselines/baseline_static_oai1x_results.csv
305,0.919398844242096,Static USR (k=1),../experiments/results/Baselines/baseline_static_oai1x_results.csv
306,0.918046772480011,Static USR (k=1),../experiments/results/Baselines/baseline_static_oai1x_results.csv
307,0.9187750220298768,Static USR (k=1),../experiments/results/Baselines/baseline_static_oai1x_results.csv
308,0.9204282164573668,Static USR (k=1),../experiments/results/Baselines/baseline_static_oai1x_results.csv
309,0.919788897037506,Static USR (k=1),../experiments/results/Baselines/baseline_static_oai1x_results.csv
310,0.918910562992096,Static USR (k=1),../experiments/results/Baselines/baseline_static_oai1x_results.csv
311,0.9191758036613464,Static USR (k=1),../experiments/results/Baselines/baseline_static_oai1x_results.csv
312,0.9185123443603516,Static USR (k=1),../experiments/results/Baselines/baseline_static_oai1x_results.csv
313,0.9195168614387512,Static USR (k=1),../experiments/results/Baselines/baseline_static_oai1x_results.csv
314,0.919709861278534,Static USR (k=1),../experiments/results/Baselines/baseline_static_oai1x_results.csv
315,0.9192020297050476,Static USR (k=1),../experiments/results/Baselines/baseline_static_oai1x_results.csv
316,0.9192611575126648,Static USR (k=1),../experiments/results/Baselines/baseline_static_oai1x_results.csv
317,0.9197595119476318,Static USR (k=1),../experiments/results/Baselines/baseline_static_oai1x_results.csv
318,0.920660138130188,Static USR (k=1),../experiments/results/Baselines/baseline_static_oai1x_results.csv
319,0.9207659363746644,Static USR (k=1),../experiments/results/Baselines/baseline_static_oai1x_results.csv
320,0.919890522956848,Static USR (k=1),../experiments/results/Baselines/baseline_static_oai1x_results.csv
321,0.9199341535568236,Static USR (k=1),../experiments/results/Baselines/baseline_static_oai1x_results.csv
322,0.9128167033195496,Static USR (k=1),../experiments/results/Baselines/baseline_static_oai1x_results.csv
323,0.91448175907135,Static USR (k=1),../experiments/results/Baselines/baseline_static_oai1x_results.csv
324,0.9112166166305542,Static USR (k=1),../experiments/results/Baselines/baseline_static_oai1x_results.csv
325,0.9109365940093994,Static USR (k=1),../experiments/results/Baselines/baseline_static_oai1x_results.csv
326,0.9111499786376952,Static USR (k=1),../experiments/results/Baselines/baseline_static_oai1x_results.csv
327,0.9114214777946472,Static USR (k=1),../experiments/results/Baselines/baseline_static_oai1x_results.csv
328,0.9109289050102234,Static USR (k=1),../experiments/results/Baselines/baseline_static_oai1x_results.csv
329,0.9115145802497864,Static USR (k=1),../experiments/results/Baselines/baseline_static_oai1x_results.csv
330,0.9114270210266112,Static USR (k=1),../experiments/results/Baselines/baseline_static_oai1x_results.csv
331,0.9107346534729004,Static USR (k=1),../experiments/results/Baselines/baseline_static_oai1x_results.csv
332,0.9108691811561584,Static USR (k=1),../experiments/results/Baselines/baseline_static_oai1x_results.csv
333,0.910609006881714,Static USR (k=1),../experiments/results/Baselines/baseline_static_oai1x_results.csv
334,0.9158188104629515,Static USR (k=1),../experiments/results/Baselines/baseline_static_oai1x_results.csv
335,0.9215270280838012,Static USR (k=1),../experiments/results/Baselines/baseline_static_oai1x_results.csv
336,0.9200800061225892,Static USR (k=1),../experiments/results/Baselines/baseline_static_oai1x_results.csv
337,0.9203081727027892,Static USR (k=1),../experiments/results/Baselines/baseline_static_oai1x_results.csv
338,0.9209339022636414,Static USR (k=1),../experiments/results/Baselines/baseline_static_oai1x_results.csv
339,0.9227170944213868,Static USR (k=1),../experiments/results/Baselines/baseline_static_oai1x_results.csv
340,0.9284853339195251,Static USR (k=1),../experiments/results/Baselines/baseline_static_oai1x_results.csv
341,0.9311304688453674,Static USR (k=1),../experiments/results/Baselines/baseline_static_oai1x_results.csv
342,0.9313233494758606,Static USR (k=1),../experiments/results/Baselines/baseline_static_oai1x_results.csv
343,0.9358057379722596,Static USR (k=1),../experiments/results/Baselines/baseline_static_oai1x_results.csv
344,0.9357067942619324,Static USR (k=1),../experiments/results/Baselines/baseline_static_oai1x_results.csv
345,0.9356167912483216,Static USR (k=1),../experiments/results/Baselines/baseline_static_oai1x_results.csv
346,0.9350061416625975,Static USR (k=1),../experiments/results/Baselines/baseline_static_oai1x_results.csv
347,0.9356807470321656,Static USR (k=1),../experiments/results/Baselines/baseline_static_oai1x_results.csv
348,0.9343497157096864,Static USR (k=1),../experiments/results/Baselines/baseline_static_oai1x_results.csv
349,0.9318170547485352,Static USR (k=1),../experiments/results/Baselines/baseline_static_oai1x_results.csv
350,0.9293407201766968,Static USR (k=1),../experiments/results/Baselines/baseline_static_oai1x_results.csv
351,0.9291728138923644,Static USR (k=1),../experiments/results/Baselines/baseline_static_oai1x_results.csv
352,0.9282963871955872,Static USR (k=1),../experiments/results/Baselines/baseline_static_oai1x_results.csv
353,0.9213598966598512,Static USR (k=1),../experiments/results/Baselines/baseline_static_oai1x_results.csv
354,0.923226237297058,Static USR (k=1),../experiments/results/Baselines/baseline_static_oai1x_results.csv
355,0.922562837600708,Static USR (k=1),../experiments/results/Baselines/baseline_static_oai1x_results.csv
356,0.924950361251831,Static USR (k=1),../experiments/results/Baselines/baseline_static_oai1x_results.csv
357,0.9223613142967224,Static USR (k=1),../experiments/results/Baselines/baseline_static_oai1x_results.csv
358,0.9210193157196044,Static USR (k=1),../experiments/results/Baselines/baseline_static_oai1x_results.csv
359,0.9262060523033142,Static USR (k=1),../experiments/results/Baselines/baseline_static_oai1x_results.csv
360,0.9276890754699708,Static USR (k=1),../experiments/results/Baselines/baseline_static_oai1x_results.csv
361,0.927332639694214,Static USR (k=1),../experiments/results/Baselines/baseline_static_oai1x_results.csv
362,0.9339658617973328,Static USR (k=1),../experiments/results/Baselines/baseline_static_oai1x_results.csv
363,0.934190571308136,Static USR (k=1),../experiments/results/Baselines/baseline_static_oai1x_results.csv
364,0.9328012466430664,Static USR (k=1),../experiments/results/Baselines/baseline_static_oai1x_results.csv
365,0.9351601600646972,Static USR (k=1),../experiments/results/Baselines/baseline_static_oai1x_results.csv
366,0.935349702835083,Static USR (k=1),../experiments/results/Baselines/baseline_static_oai1x_results.csv
367,0.9355255365371704,Static USR (k=1),../experiments/results/Baselines/baseline_static_oai1x_results.csv
368,0.935697853565216,Static USR (k=1),../experiments/results/Baselines/baseline_static_oai1x_results.csv
369,0.9331335425376892,Static USR (k=1),../experiments/results/Baselines/baseline_static_oai1x_results.csv
370,0.9318748116493224,Static USR (k=1),../experiments/results/Baselines/baseline_static_oai1x_results.csv
371,0.9224953055381776,Static USR (k=1),../experiments/results/Baselines/baseline_static_oai1x_results.csv
372,0.92008638381958,Static USR (k=1),../experiments/results/Baselines/baseline_static_oai1x_results.csv
373,0.9351150393486024,Static USR (k=1),../experiments/results/Baselines/baseline_static_oai1x_results.csv
374,0.9343196749687196,Static USR (k=1),../experiments/results/Baselines/baseline_static_oai1x_results.csv
375,0.933439075946808,Static USR (k=1),../experiments/results/Baselines/baseline_static_oai1x_results.csv
376,0.9293646216392516,Static USR (k=1),../experiments/results/Baselines/baseline_static_oai1x_results.csv
377,0.9330329298973083,Static USR (k=1),../experiments/results/Baselines/baseline_static_oai1x_results.csv
378,0.935868203639984,Static USR (k=1),../experiments/results/Baselines/baseline_static_oai1x_results.csv
379,0.9352702498435974,Static USR (k=1),../experiments/results/Baselines/baseline_static_oai1x_results.csv
380,0.9307246804237366,Static USR (k=1),../experiments/results/Baselines/baseline_static_oai1x_results.csv
381,0.933904767036438,Static USR (k=1),../experiments/results/Baselines/baseline_static_oai1x_results.csv
382,0.9358060359954834,Static USR (k=1),../experiments/results/Baselines/baseline_static_oai1x_results.csv
383,0.9342445731163024,Static USR (k=1),../experiments/results/Baselines/baseline_static_oai1x_results.csv
384,0.9274662137031556,Static USR (k=1),../experiments/results/Baselines/baseline_static_oai1x_results.csv
385,0.9212148189544678,Static USR (k=1),../experiments/results/Baselines/baseline_static_oai1x_results.csv
386,0.9206568002700806,Static USR (k=1),../experiments/results/Baselines/baseline_static_oai1x_results.csv
387,0.9200312495231628,Static USR (k=1),../experiments/results/Baselines/baseline_static_oai1x_results.csv
388,0.919460654258728,Static USR (k=1),../experiments/results/Baselines/baseline_static_oai1x_results.csv
389,0.920373260974884,Static USR (k=1),../experiments/results/Baselines/baseline_static_oai1x_results.csv
390,0.9204961657524108,Static USR (k=1),../experiments/results/Baselines/baseline_static_oai1x_results.csv
391,0.9249330759048462,Static USR (k=1),../experiments/results/Baselines/baseline_static_oai1x_results.csv
392,0.9212101101875304,Static USR (k=1),../experiments/results/Baselines/baseline_static_oai1x_results.csv
393,0.9257747530937196,Static USR (k=1),../experiments/results/Baselines/baseline_static_oai1x_results.csv
394,0.9257771372795104,Static USR (k=1),../experiments/results/Baselines/baseline_static_oai1x_results.csv
395,0.928359866142273,Static USR (k=1),../experiments/results/Baselines/baseline_static_oai1x_results.csv
396,0.925684094429016,Static USR (k=1),../experiments/results/Baselines/baseline_static_oai1x_results.csv
397,0.9292089343070984,Static USR (k=1),../experiments/results/Baselines/baseline_static_oai1x_results.csv
398,0.928746223449707,Static USR (k=1),../experiments/results/Baselines/baseline_static_oai1x_results.csv
399,0.92638897895813,Static USR (k=1),../experiments/results/Baselines/baseline_static_oai1x_results.csv
400,0.9297550916671752,Static USR (k=1),../experiments/results/Baselines/baseline_static_oai1x_results.csv
401,0.9288969039916992,Static USR (k=1),../experiments/results/Baselines/baseline_static_oai1x_results.csv
402,0.926235556602478,Static USR (k=1),../experiments/results/Baselines/baseline_static_oai1x_results.csv
403,0.9260817766189576,Static USR (k=1),../experiments/results/Baselines/baseline_static_oai1x_results.csv
404,0.929143726825714,Static USR (k=1),../experiments/results/Baselines/baseline_static_oai1x_results.csv
405,0.929107666015625,Static USR (k=1),../experiments/results/Baselines/baseline_static_oai1x_results.csv
406,0.9282658100128174,Static USR (k=1),../experiments/results/Baselines/baseline_static_oai1x_results.csv
407,0.9314419627189636,Static USR (k=1),../experiments/results/Baselines/baseline_static_oai1x_results.csv
408,0.9291214942932128,Static USR (k=1),../experiments/results/Baselines/baseline_static_oai1x_results.csv
409,0.9239801168441772,Static USR (k=1),../experiments/results/Baselines/baseline_static_oai1x_results.csv
410,0.9274734258651732,Static USR (k=1),../experiments/results/Baselines/baseline_static_oai1x_results.csv
411,0.92935311794281,Static USR (k=1),../experiments/results/Baselines/baseline_static_oai1x_results.csv
412,0.9274734258651732,Static USR (k=1),../experiments/results/Baselines/baseline_static_oai1x_results.csv
413,0.92687326669693,Static USR (k=1),../experiments/results/Baselines/baseline_static_oai1x_results.csv
414,0.922282338142395,Static USR (k=1),../experiments/results/Baselines/baseline_static_oai1x_results.csv
415,0.9219654202461244,Static USR (k=1),../experiments/results/Baselines/baseline_static_oai1x_results.csv
416,0.9249125719070436,Static USR (k=1),../experiments/results/Baselines/baseline_static_oai1x_results.csv
417,0.9207644462585448,Static USR (k=1),../experiments/results/Baselines/baseline_static_oai1x_results.csv
418,0.9201209545135498,Static USR (k=1),../experiments/results/Baselines/baseline_static_oai1x_results.csv
419,0.9191210865974426,Static USR (k=1),../experiments/results/Baselines/baseline_static_oai1x_results.csv
420,0.9184916019439696,Static USR (k=1),../experiments/results/Baselines/baseline_static_oai1x_results.csv
421,0.9185022711753844,Static USR (k=1),../experiments/results/Baselines/baseline_static_oai1x_results.csv
422,0.918881058692932,Static USR (k=1),../experiments/results/Baselines/baseline_static_oai1x_results.csv
423,0.9106189012527466,Static USR (k=1),../experiments/results/Baselines/baseline_static_oai1x_results.csv
424,0.9169011116027832,Static USR (k=1),../experiments/results/Baselines/baseline_static_oai1x_results.csv
425,0.9189276099205016,Static USR (k=1),../experiments/results/Baselines/baseline_static_oai1x_results.csv
426,0.9181151986122132,Static USR (k=1),../experiments/results/Baselines/baseline_static_oai1x_results.csv
427,0.919784128665924,Static USR (k=1),../experiments/results/Baselines/baseline_static_oai1x_results.csv
428,0.9191071391105652,Static USR (k=1),../experiments/results/Baselines/baseline_static_oai1x_results.csv
429,0.9198335409164428,Static USR (k=1),../experiments/results/Baselines/baseline_static_oai1x_results.csv
430,0.9251831769943236,Static USR (k=1),../experiments/results/Baselines/baseline_static_oai1x_results.csv
431,0.9326560497283936,Static USR (k=1),../experiments/results/Baselines/baseline_static_oai1x_results.csv
432,0.9197092056274414,Static USR (k=1),../experiments/results/Baselines/baseline_static_oai1x_results.csv
433,0.9194879531860352,Static USR (k=1),../experiments/results/Baselines/baseline_static_oai1x_results.csv
434,0.9194079637527466,Static USR (k=1),../experiments/results/Baselines/baseline_static_oai1x_results.csv
435,0.9202317595481871,Static USR (k=1),../experiments/results/Baselines/baseline_static_oai1x_results.csv
436,0.934126317501068,Static USR (k=1),../experiments/results/Baselines/baseline_static_oai1x_results.csv
437,0.9353281855583192,Static USR (k=1),../experiments/results/Baselines/baseline_static_oai1x_results.csv
438,0.9346787333488464,Static USR (k=1),../experiments/results/Baselines/baseline_static_oai1x_results.csv
439,0.935778558254242,Static USR (k=1),../experiments/results/Baselines/baseline_static_oai1x_results.csv
440,0.9310795664787292,Static USR (k=1),../experiments/results/Baselines/baseline_static_oai1x_results.csv
441,0.9333584308624268,Static USR (k=1),../experiments/results/Baselines/baseline_static_oai1x_results.csv
442,0.9264535307884216,Static USR (k=1),../experiments/results/Baselines/baseline_static_oai1x_results.csv
443,0.9274011254310608,Static USR (k=1),../experiments/results/Baselines/baseline_static_oai1x_results.csv
444,0.9316577911376952,Static USR (k=1),../experiments/results/Baselines/baseline_static_oai1x_results.csv
445,0.9230750203132628,Static USR (k=1),../experiments/results/Baselines/baseline_static_oai1x_results.csv
446,0.9209598898887634,Static USR (k=1),../experiments/results/Baselines/baseline_static_oai1x_results.csv
447,0.9197282791137696,Static USR (k=1),../experiments/results/Baselines/baseline_static_oai1x_results.csv
448,0.9159497022628784,Static USR (k=1),../experiments/results/Baselines/baseline_static_oai1x_results.csv
449,0.9144802689552308,Static USR (k=1),../experiments/results/Baselines/baseline_static_oai1x_results.csv
450,0.9174029231071472,Static USR (k=1),../experiments/results/Baselines/baseline_static_oai1x_results.csv
451,0.9138138890266418,Static USR (k=1),../experiments/results/Baselines/baseline_static_oai1x_results.csv
452,0.9244621396064758,Static USR (k=1),../experiments/results/Baselines/baseline_static_oai1x_results.csv
453,0.9076939821243286,Static USR (k=1),../experiments/results/Baselines/baseline_static_oai1x_results.csv
454,0.8971626162528992,Static USR (k=1),../experiments/results/Baselines/baseline_static_oai1x_results.csv
455,0.9085866212844848,Static USR (k=1),../experiments/results/Baselines/baseline_static_oai1x_results.csv
456,0.9209736585617064,Static USR (k=1),../experiments/results/Baselines/baseline_static_oai1x_results.csv
457,0.920975923538208,Static USR (k=1),../experiments/results/Baselines/baseline_static_oai1x_results.csv
458,0.9186756014823914,Static USR (k=1),../experiments/results/Baselines/baseline_static_oai1x_results.csv
459,0.9247705936431884,Static USR (k=1),../experiments/results/Baselines/baseline_static_oai1x_results.csv
460,0.9345951080322266,Static USR (k=1),../experiments/results/Baselines/baseline_static_oai1x_results.csv
461,0.9339202642440796,Static USR (k=1),../experiments/results/Baselines/baseline_static_oai1x_results.csv
462,0.9351287484169006,Static USR (k=1),../experiments/results/Baselines/baseline_static_oai1x_results.csv
463,0.9318197965621948,Static USR (k=1),../experiments/results/Baselines/baseline_static_oai1x_results.csv
464,0.9353266954421996,Static USR (k=1),../experiments/results/Baselines/baseline_static_oai1x_results.csv
465,0.9340940117836,Static USR (k=1),../experiments/results/Baselines/baseline_static_oai1x_results.csv
466,0.9344839453697203,Static USR (k=1),../experiments/results/Baselines/baseline_static_oai1x_results.csv
467,0.934377908706665,Static USR (k=1),../experiments/results/Baselines/baseline_static_oai1x_results.csv
468,0.934074342250824,Static USR (k=1),../experiments/results/Baselines/baseline_static_oai1x_results.csv
469,0.9333441257476808,Static USR (k=1),../experiments/results/Baselines/baseline_static_oai1x_results.csv
470,0.9346585273742676,Static USR (k=1),../experiments/results/Baselines/baseline_static_oai1x_results.csv
471,0.9331087470054626,Static USR (k=1),../experiments/results/Baselines/baseline_static_oai1x_results.csv
472,0.9349498152732848,Static USR (k=1),../experiments/results/Baselines/baseline_static_oai1x_results.csv
473,0.9339908361434937,Static USR (k=1),../experiments/results/Baselines/baseline_static_oai1x_results.csv
474,0.9342073798179626,Static USR (k=1),../experiments/results/Baselines/baseline_static_oai1x_results.csv
475,0.934429168701172,Static USR (k=1),../experiments/results/Baselines/baseline_static_oai1x_results.csv
476,0.934267282485962,Static USR (k=1),../experiments/results/Baselines/baseline_static_oai1x_results.csv
477,0.9352957606315612,Static USR (k=1),../experiments/results/Baselines/baseline_static_oai1x_results.csv
478,0.9355525374412536,Static USR (k=1),../experiments/results/Baselines/baseline_static_oai1x_results.csv
479,0.935501217842102,Static USR (k=1),../experiments/results/Baselines/baseline_static_oai1x_results.csv
480,0.930026113986969,Static USR (k=1),../experiments/results/Baselines/baseline_static_oai1x_results.csv
481,0.9288899302482604,Static USR (k=1),../experiments/results/Baselines/baseline_static_oai1x_results.csv
482,0.9277176856994628,Static USR (k=1),../experiments/results/Baselines/baseline_static_oai1x_results.csv
483,0.9232407212257384,Static USR (k=1),../experiments/results/Baselines/baseline_static_oai1x_results.csv
484,0.9248285889625548,Static USR (k=1),../experiments/results/Baselines/baseline_static_oai1x_results.csv
485,0.9286741018295288,Static USR (k=1),../experiments/results/Baselines/baseline_static_oai1x_results.csv
486,0.9256892800331116,Static USR (k=1),../experiments/results/Baselines/baseline_static_oai1x_results.csv
487,0.924469232559204,Static USR (k=1),../experiments/results/Baselines/baseline_static_oai1x_results.csv
488,0.9195102453231812,Static USR (k=1),../experiments/results/Baselines/baseline_static_oai1x_results.csv
489,0.9287335872650146,Static USR (k=1),../experiments/results/Baselines/baseline_static_oai1x_results.csv
490,0.9245962500572203,Static USR (k=1),../experiments/results/Baselines/baseline_static_oai1x_results.csv
491,0.930127739906311,Static USR (k=1),../experiments/results/Baselines/baseline_static_oai1x_results.csv
492,0.9234190583229064,Static USR (k=1),../experiments/results/Baselines/baseline_static_oai1x_results.csv
493,0.9285977482795716,Static USR (k=1),../experiments/results/Baselines/baseline_static_oai1x_results.csv
494,0.9273225665092468,Static USR (k=1),../experiments/results/Baselines/baseline_static_oai1x_results.csv
495,0.9233576655387878,Static USR (k=1),../experiments/results/Baselines/baseline_static_oai1x_results.csv
496,0.9259637594223022,Static USR (k=1),../experiments/results/Baselines/baseline_static_oai1x_results.csv
497,0.9270620942115784,Static USR (k=1),../experiments/results/Baselines/baseline_static_oai1x_results.csv
498,0.9291521310806274,Static USR (k=1),../experiments/results/Baselines/baseline_static_oai1x_results.csv
499,0.9281203746795654,Static USR (k=1),../experiments/results/Baselines/baseline_static_oai1x_results.csv
500,0.9261727333068848,Static USR (k=1),../experiments/results/Baselines/baseline_static_oai1x_results.csv
501,0.923496663570404,Static USR (k=1),../experiments/results/Baselines/baseline_static_oai1x_results.csv
502,0.9257269501686096,Static USR (k=1),../experiments/results/Baselines/baseline_static_oai1x_results.csv
503,0.9265152215957642,Static USR (k=1),../experiments/results/Baselines/baseline_static_oai1x_results.csv
504,0.9279539585113524,Static USR (k=1),../experiments/results/Baselines/baseline_static_oai1x_results.csv
505,0.9218764901161194,Static USR (k=1),../experiments/results/Baselines/baseline_static_oai1x_results.csv
506,0.9200092554092408,Static USR (k=1),../experiments/results/Baselines/baseline_static_oai1x_results.csv
507,0.9297006130218506,Static USR (k=1),../experiments/results/Baselines/baseline_static_oai1x_results.csv
508,0.9335352182388306,Static USR (k=1),../experiments/results/Baselines/baseline_static_oai1x_results.csv
509,0.9286550283432008,Static USR (k=1),../experiments/results/Baselines/baseline_static_oai1x_results.csv
510,0.9291107058525084,Static USR (k=1),../experiments/results/Baselines/baseline_static_oai1x_results.csv
511,0.9356659650802612,Static USR (k=1),../experiments/results/Baselines/baseline_static_oai1x_results.csv
512,0.9357894659042358,Static USR (k=1),../experiments/results/Baselines/baseline_static_oai1x_results.csv
513,0.9338381290435792,Static USR (k=1),../experiments/results/Baselines/baseline_static_oai1x_results.csv
514,0.9251570105552672,Static USR (k=1),../experiments/results/Baselines/baseline_static_oai1x_results.csv
515,0.9241405129432678,Static USR (k=1),../experiments/results/Baselines/baseline_static_oai1x_results.csv
516,0.921218991279602,Static USR (k=1),../experiments/results/Baselines/baseline_static_oai1x_results.csv
517,0.9223565459251404,Static USR (k=1),../experiments/results/Baselines/baseline_static_oai1x_results.csv
518,0.9215127825737,Static USR (k=1),../experiments/results/Baselines/baseline_static_oai1x_results.csv
519,0.921094298362732,Static USR (k=1),../experiments/results/Baselines/baseline_static_oai1x_results.csv
520,0.9206387996673584,Static USR (k=1),../experiments/results/Baselines/baseline_static_oai1x_results.csv
521,0.9216651320457458,Static USR (k=1),../experiments/results/Baselines/baseline_static_oai1x_results.csv
522,0.9217280745506288,Static USR (k=1),../experiments/results/Baselines/baseline_static_oai1x_results.csv
523,0.9187644124031068,Static USR (k=1),../experiments/results/Baselines/baseline_static_oai1x_results.csv
524,0.9201565980911256,Static USR (k=1),../experiments/results/Baselines/baseline_static_oai1x_results.csv
525,0.921614706516266,Static USR (k=1),../experiments/results/Baselines/baseline_static_oai1x_results.csv
526,0.9258153438568116,Static USR (k=1),../experiments/results/Baselines/baseline_static_oai1x_results.csv
527,0.9285977482795716,Static USR (k=1),../experiments/results/Baselines/baseline_static_oai1x_results.csv
528,0.9231225848197936,Static USR (k=1),../experiments/results/Baselines/baseline_static_oai1x_results.csv
529,0.921910047531128,Static USR (k=1),../experiments/results/Baselines/baseline_static_oai1x_results.csv
530,0.9238083958625792,Static USR (k=1),../experiments/results/Baselines/baseline_static_oai1x_results.csv
531,0.9254064559936525,Static USR (k=1),../experiments/results/Baselines/baseline_static_oai1x_results.csv
532,0.9308502674102784,Static USR (k=1),../experiments/results/Baselines/baseline_static_oai1x_results.csv
533,0.9351967573165894,Static USR (k=1),../experiments/results/Baselines/baseline_static_oai1x_results.csv
534,0.9333142638206482,Static USR (k=1),../experiments/results/Baselines/baseline_static_oai1x_results.csv
535,0.9314273595809937,Static USR (k=1),../experiments/results/Baselines/baseline_static_oai1x_results.csv
536,0.9333788752555848,Static USR (k=1),../experiments/results/Baselines/baseline_static_oai1x_results.csv
537,0.9258833527565002,Static USR (k=1),../experiments/results/Baselines/baseline_static_oai1x_results.csv
538,0.929157555103302,Static USR (k=1),../experiments/results/Baselines/baseline_static_oai1x_results.csv
539,0.9335669875144958,Static USR (k=1),../experiments/results/Baselines/baseline_static_oai1x_results.csv
540,0.9272817373275756,Static USR (k=1),../experiments/results/Baselines/baseline_static_oai1x_results.csv
541,0.9305105805397034,Static USR (k=1),../experiments/results/Baselines/baseline_static_oai1x_results.csv
542,0.9274987578392028,Static USR (k=1),../experiments/results/Baselines/baseline_static_oai1x_results.csv
543,0.9250084161758424,Static USR (k=1),../experiments/results/Baselines/baseline_static_oai1x_results.csv
544,0.920922040939331,Static USR (k=1),../experiments/results/Baselines/baseline_static_oai1x_results.csv
545,0.9212052226066588,Static USR (k=1),../experiments/results/Baselines/baseline_static_oai1x_results.csv
546,0.9184078574180604,Static USR (k=1),../experiments/results/Baselines/baseline_static_oai1x_results.csv
547,0.914879560470581,Static USR (k=1),../experiments/results/Baselines/baseline_static_oai1x_results.csv
548,0.9167730212211608,Static USR (k=1),../experiments/results/Baselines/baseline_static_oai1x_results.csv
549,0.9195544123649596,Static USR (k=1),../experiments/results/Baselines/baseline_static_oai1x_results.csv
550,0.920760452747345,Static USR (k=1),../experiments/results/Baselines/baseline_static_oai1x_results.csv
551,0.92360258102417,Static USR (k=1),../experiments/results/Baselines/baseline_static_oai1x_results.csv
552,0.920910656452179,Static USR (k=1),../experiments/results/Baselines/baseline_static_oai1x_results.csv
553,0.9152761101722716,Static USR (k=1),../experiments/results/Baselines/baseline_static_oai1x_results.csv
554,0.9111522436141968,Static USR (k=1),../experiments/results/Baselines/baseline_static_oai1x_results.csv
555,0.9212161302566528,Static USR (k=1),../experiments/results/Baselines/baseline_static_oai1x_results.csv
556,0.9182142615318298,Static USR (k=1),../experiments/results/Baselines/baseline_static_oai1x_results.csv
557,0.9138625860214232,Static USR (k=1),../experiments/results/Baselines/baseline_static_oai1x_results.csv
558,0.9308497309684752,Static USR (k=1),../experiments/results/Baselines/baseline_static_oai1x_results.csv
559,0.9236423373222352,Static USR (k=1),../experiments/results/Baselines/baseline_static_oai1x_results.csv
560,0.9206380844116212,Static USR (k=1),../experiments/results/Baselines/baseline_static_oai1x_results.csv
561,0.930809736251831,Static USR (k=1),../experiments/results/Baselines/baseline_static_oai1x_results.csv
562,0.9349711537361144,Static USR (k=1),../experiments/results/Baselines/baseline_static_oai1x_results.csv
563,0.9243671894073486,Static USR (k=1),../experiments/results/Baselines/baseline_static_oai1x_results.csv
564,0.9253499507904052,Static USR (k=1),../experiments/results/Baselines/baseline_static_oai1x_results.csv
565,0.9332695603370668,Static USR (k=1),../experiments/results/Baselines/baseline_static_oai1x_results.csv
566,0.9314533472061156,Static USR (k=1),../experiments/results/Baselines/baseline_static_oai1x_results.csv
567,0.9311764240264891,Static USR (k=1),../experiments/results/Baselines/baseline_static_oai1x_results.csv
568,0.9356643557548524,Static USR (k=1),../experiments/results/Baselines/baseline_static_oai1x_results.csv
569,0.9337719082832336,Static USR (k=1),../experiments/results/Baselines/baseline_static_oai1x_results.csv
570,0.9344674944877625,Static USR (k=1),../experiments/results/Baselines/baseline_static_oai1x_results.csv
571,0.935814619064331,Static USR (k=1),../experiments/results/Baselines/baseline_static_oai1x_results.csv
572,0.9354677796363832,Static USR (k=1),../experiments/results/Baselines/baseline_static_oai1x_results.csv
573,0.935097336769104,Static USR (k=1),../experiments/results/Baselines/baseline_static_oai1x_results.csv
574,0.9352909326553344,Static USR (k=1),../experiments/results/Baselines/baseline_static_oai1x_results.csv
575,0.9355571269989014,Static USR (k=1),../experiments/results/Baselines/baseline_static_oai1x_results.csv
576,0.9357589483261108,Static USR (k=1),../experiments/results/Baselines/baseline_static_oai1x_results.csv
577,0.9331266283988952,Static USR (k=1),../experiments/results/Baselines/baseline_static_oai1x_results.csv
578,0.9328009486198424,Static USR (k=1),../experiments/results/Baselines/baseline_static_oai1x_results.csv
579,0.9276514649391174,Static USR (k=1),../experiments/results/Baselines/baseline_static_oai1x_results.csv
580,0.931163251399994,Static USR (k=1),../experiments/results/Baselines/baseline_static_oai1x_results.csv
581,0.9336923360824584,Static USR (k=1),../experiments/results/Baselines/baseline_static_oai1x_results.csv
582,0.9301461577415466,Static USR (k=1),../experiments/results/Baselines/baseline_static_oai1x_results.csv
583,0.930568277835846,Static USR (k=1),../experiments/results/Baselines/baseline_static_oai1x_results.csv
584,0.934484839439392,Static USR (k=1),../experiments/results/Baselines/baseline_static_oai1x_results.csv
585,0.9357536435127258,Static USR (k=1),../experiments/results/Baselines/baseline_static_oai1x_results.csv
586,0.9351430535316468,Static USR (k=1),../experiments/results/Baselines/baseline_static_oai1x_results.csv
587,0.9343136548995972,Static USR (k=1),../experiments/results/Baselines/baseline_static_oai1x_results.csv
588,0.9326883554458618,Static USR (k=1),../experiments/results/Baselines/baseline_static_oai1x_results.csv
589,0.9331789016723632,Static USR (k=1),../experiments/results/Baselines/baseline_static_oai1x_results.csv
590,0.9347375631332396,Static USR (k=1),../experiments/results/Baselines/baseline_static_oai1x_results.csv
591,0.9323285818099976,Static USR (k=1),../experiments/results/Baselines/baseline_static_oai1x_results.csv
592,0.9347192049026488,Static USR (k=1),../experiments/results/Baselines/baseline_static_oai1x_results.csv
593,0.931782603263855,Static USR (k=1),../experiments/results/Baselines/baseline_static_oai1x_results.csv
594,0.9284539222717284,Static USR (k=1),../experiments/results/Baselines/baseline_static_oai1x_results.csv
595,0.9324888586997986,Static USR (k=1),../experiments/results/Baselines/baseline_static_oai1x_results.csv
596,0.9238684177398682,Static USR (k=1),../experiments/results/Baselines/baseline_static_oai1x_results.csv
597,0.9276070594787598,Static USR (k=1),../experiments/results/Baselines/baseline_static_oai1x_results.csv
598,0.92963445186615,Static USR (k=1),../experiments/results/Baselines/baseline_static_oai1x_results.csv
599,0.9258825778961182,Static USR (k=1),../experiments/results/Baselines/baseline_static_oai1x_results.csv
600,0.926356852054596,Static USR (k=1),../experiments/results/Baselines/baseline_static_oai1x_results.csv
601,0.9281066060066224,Static USR (k=1),../experiments/results/Baselines/baseline_static_oai1x_results.csv
602,0.9267486929893494,Static USR (k=1),../experiments/results/Baselines/baseline_static_oai1x_results.csv
603,0.9299062490463256,Static USR (k=1),../experiments/results/Baselines/baseline_static_oai1x_results.csv
604,0.9267959594726562,Static USR (k=1),../experiments/results/Baselines/baseline_static_oai1x_results.csv
605,0.9298596382141112,Static USR (k=1),../experiments/results/Baselines/baseline_static_oai1x_results.csv
606,0.9350507259368896,Static USR (k=1),../experiments/results/Baselines/baseline_static_oai1x_results.csv
607,0.931447982788086,Static USR (k=1),../experiments/results/Baselines/baseline_static_oai1x_results.csv
608,0.9278972148895264,Static USR (k=1),../experiments/results/Baselines/baseline_static_oai1x_results.csv
609,0.9258490204811096,Static USR (k=1),../experiments/results/Baselines/baseline_static_oai1x_results.csv
610,0.926105260848999,Static USR (k=1),../experiments/results/Baselines/baseline_static_oai1x_results.csv
611,0.9218031167984008,Static USR (k=1),../experiments/results/Baselines/baseline_static_oai1x_results.csv
612,0.9257178902626038,Static USR (k=1),../experiments/results/Baselines/baseline_static_oai1x_results.csv
613,0.9230048060417176,Static USR (k=1),../experiments/results/Baselines/baseline_static_oai1x_results.csv
614,0.92157781124115,Static USR (k=1),../experiments/results/Baselines/baseline_static_oai1x_results.csv
615,0.9210298657417296,Static USR (k=1),../experiments/results/Baselines/baseline_static_oai1x_results.csv
616,0.9197267293930054,Static USR (k=1),../experiments/results/Baselines/baseline_static_oai1x_results.csv
617,0.9202722311019896,Static USR (k=1),../experiments/results/Baselines/baseline_static_oai1x_results.csv
618,0.9202805757522584,Static USR (k=1),../experiments/results/Baselines/baseline_static_oai1x_results.csv
619,0.9212112426757812,Static USR (k=1),../experiments/results/Baselines/baseline_static_oai1x_results.csv
620,0.9208040833473206,Static USR (k=1),../experiments/results/Baselines/baseline_static_oai1x_results.csv
621,0.9198924899101256,Static USR (k=1),../experiments/results/Baselines/baseline_static_oai1x_results.csv
622,0.9211697578430176,Static USR (k=1),../experiments/results/Baselines/baseline_static_oai1x_results.csv
623,0.929962396621704,Static USR (k=1),../experiments/results/Baselines/baseline_static_oai1x_results.csv
624,0.9224931597709656,Static USR (k=1),../experiments/results/Baselines/baseline_static_oai1x_results.csv
625,0.9215250611305236,Static USR (k=1),../experiments/results/Baselines/baseline_static_oai1x_results.csv
626,0.9215627908706664,Static USR (k=1),../experiments/results/Baselines/baseline_static_oai1x_results.csv
627,0.9238077998161316,Static USR (k=1),../experiments/results/Baselines/baseline_static_oai1x_results.csv
628,0.933213710784912,Static USR (k=1),../experiments/results/Baselines/baseline_static_oai1x_results.csv
629,0.9312036633491516,Static USR (k=1),../experiments/results/Baselines/baseline_static_oai1x_results.csv
630,0.9302350878715516,Static USR (k=1),../experiments/results/Baselines/baseline_static_oai1x_results.csv
631,0.934709906578064,Static USR (k=1),../experiments/results/Baselines/baseline_static_oai1x_results.csv
632,0.9354774355888368,Static USR (k=1),../experiments/results/Baselines/baseline_static_oai1x_results.csv
633,0.9309322834014891,Static USR (k=1),../experiments/results/Baselines/baseline_static_oai1x_results.csv
634,0.9326767325401306,Static USR (k=1),../experiments/results/Baselines/baseline_static_oai1x_results.csv
635,0.9358509182929992,Static USR (k=1),../experiments/results/Baselines/baseline_static_oai1x_results.csv
636,0.9357925057411194,Static USR (k=1),../experiments/results/Baselines/baseline_static_oai1x_results.csv
637,0.93168967962265,Static USR (k=1),../experiments/results/Baselines/baseline_static_oai1x_results.csv
638,0.9354041814804076,Static USR (k=1),../experiments/results/Baselines/baseline_static_oai1x_results.csv
639,0.935459315776825,Static USR (k=1),../experiments/results/Baselines/baseline_static_oai1x_results.csv
640,0.9356326460838318,Static USR (k=1),../experiments/results/Baselines/baseline_static_oai1x_results.csv
641,0.9348005056381226,Static USR (k=1),../experiments/results/Baselines/baseline_static_oai1x_results.csv
642,0.931227445602417,Static USR (k=1),../experiments/results/Baselines/baseline_static_oai1x_results.csv
643,0.926003634929657,Static USR (k=1),../experiments/results/Baselines/baseline_static_oai1x_results.csv
644,0.9319364428520204,Static USR (k=1),../experiments/results/Baselines/baseline_static_oai1x_results.csv
645,0.923400104045868,Static USR (k=1),../experiments/results/Baselines/baseline_static_oai1x_results.csv
646,0.9211602807044984,Static USR (k=1),../experiments/results/Baselines/baseline_static_oai1x_results.csv
647,0.9192536473274232,Static USR (k=1),../experiments/results/Baselines/baseline_static_oai1x_results.csv
648,0.924053430557251,Static USR (k=1),../experiments/results/Baselines/baseline_static_oai1x_results.csv
649,0.9246122241020204,Static USR (k=1),../experiments/results/Baselines/baseline_static_oai1x_results.csv
650,0.921054482460022,Static USR (k=1),../experiments/results/Baselines/baseline_static_oai1x_results.csv
651,0.9211194515228271,Static USR (k=1),../experiments/results/Baselines/baseline_static_oai1x_results.csv
652,0.9209508895874025,Static USR (k=1),../experiments/results/Baselines/baseline_static_oai1x_results.csv
653,0.9212659001350404,Static USR (k=1),../experiments/results/Baselines/baseline_static_oai1x_results.csv
654,0.9212141633033752,Static USR (k=1),../experiments/results/Baselines/baseline_static_oai1x_results.csv
655,0.9211581945419312,Static USR (k=1),../experiments/results/Baselines/baseline_static_oai1x_results.csv
656,0.920051097869873,Static USR (k=1),../experiments/results/Baselines/baseline_static_oai1x_results.csv
657,0.9210550785064696,Static USR (k=1),../experiments/results/Baselines/baseline_static_oai1x_results.csv
658,0.92995685338974,Static USR (k=1),../experiments/results/Baselines/baseline_static_oai1x_results.csv
659,0.9312679171562196,Static USR (k=1),../experiments/results/Baselines/baseline_static_oai1x_results.csv
660,0.9265863299369812,Static USR (k=1),../experiments/results/Baselines/baseline_static_oai1x_results.csv
661,0.9345248937606812,Static USR (k=1),../experiments/results/Baselines/baseline_static_oai1x_results.csv
662,0.9343537092208862,Static USR (k=1),../experiments/results/Baselines/baseline_static_oai1x_results.csv
663,0.934891164302826,Static USR (k=1),../experiments/results/Baselines/baseline_static_oai1x_results.csv
664,0.9355466365814208,Static USR (k=1),../experiments/results/Baselines/baseline_static_oai1x_results.csv
665,0.935107409954071,Static USR (k=1),../experiments/results/Baselines/baseline_static_oai1x_results.csv
666,0.9321929812431335,Static USR (k=1),../experiments/results/Baselines/baseline_static_oai1x_results.csv
667,0.9319486618041992,Static USR (k=1),../experiments/results/Baselines/baseline_static_oai1x_results.csv
668,0.9297327995300292,Static USR (k=1),../experiments/results/Baselines/baseline_static_oai1x_results.csv
669,0.9356937408447266,Static USR (k=1),../experiments/results/Baselines/baseline_static_oai1x_results.csv
670,0.9356308579444884,Static USR (k=1),../experiments/results/Baselines/baseline_static_oai1x_results.csv
671,0.9235944151878356,Static USR (k=1),../experiments/results/Baselines/baseline_static_oai1x_results.csv
672,0.933404803276062,Static USR (k=1),../experiments/results/Baselines/baseline_static_oai1x_results.csv
673,0.9359104037284852,Static USR (k=1),../experiments/results/Baselines/baseline_static_oai1x_results.csv
674,0.9221829175949096,Static USR (k=1),../experiments/results/Baselines/baseline_static_oai1x_results.csv
675,0.9273843765258788,Static USR (k=1),../experiments/results/Baselines/baseline_static_oai1x_results.csv
676,0.9240165948867798,Static USR (k=1),../experiments/results/Baselines/baseline_static_oai1x_results.csv
677,0.9284650683403016,Static USR (k=1),../experiments/results/Baselines/baseline_static_oai1x_results.csv
678,0.925671398639679,Static USR (k=1),../experiments/results/Baselines/baseline_static_oai1x_results.csv
679,0.926554560661316,Static USR (k=1),../experiments/results/Baselines/baseline_static_oai1x_results.csv
680,0.9254969954490662,Static USR (k=1),../experiments/results/Baselines/baseline_static_oai1x_results.csv
681,0.9247913956642152,Static USR (k=1),../experiments/results/Baselines/baseline_static_oai1x_results.csv
682,0.9217470288276672,Static USR (k=1),../experiments/results/Baselines/baseline_static_oai1x_results.csv
683,0.92632657289505,Static USR (k=1),../experiments/results/Baselines/baseline_static_oai1x_results.csv
684,0.9215461015701294,Static USR (k=1),../experiments/results/Baselines/baseline_static_oai1x_results.csv
685,0.9273149371147156,Static USR (k=1),../experiments/results/Baselines/baseline_static_oai1x_results.csv
686,0.9185649156570436,Static USR (k=1),../experiments/results/Baselines/baseline_static_oai1x_results.csv
687,0.9229340553283693,Static USR (k=1),../experiments/results/Baselines/baseline_static_oai1x_results.csv
688,0.9206992983818054,Static USR (k=1),../experiments/results/Baselines/baseline_static_oai1x_results.csv
689,0.9198546409606934,Static USR (k=1),../experiments/results/Baselines/baseline_static_oai1x_results.csv
690,0.9220281839370728,Static USR (k=1),../experiments/results/Baselines/baseline_static_oai1x_results.csv
691,0.9251545071601868,Static USR (k=1),../experiments/results/Baselines/baseline_static_oai1x_results.csv
692,0.9204970598220824,Static USR (k=1),../experiments/results/Baselines/baseline_static_oai1x_results.csv
693,0.9238377809524536,Static USR (k=1),../experiments/results/Baselines/baseline_static_oai1x_results.csv
694,0.9202989339828492,Static USR (k=1),../experiments/results/Baselines/baseline_static_oai1x_results.csv
695,0.9231061935424804,Static USR (k=1),../experiments/results/Baselines/baseline_static_oai1x_results.csv
696,0.920350968837738,Static USR (k=1),../experiments/results/Baselines/baseline_static_oai1x_results.csv
697,0.9248778820037842,Static USR (k=1),../experiments/results/Baselines/baseline_static_oai1x_results.csv
698,0.9201287031173706,Static USR (k=1),../experiments/results/Baselines/baseline_static_oai1x_results.csv
699,0.9209074378013612,Static USR (k=1),../experiments/results/Baselines/baseline_static_oai1x_results.csv
700,0.9211925864219666,Static USR (k=1),../experiments/results/Baselines/baseline_static_oai1x_results.csv
701,0.9200387597084044,Static USR (k=1),../experiments/results/Baselines/baseline_static_oai1x_results.csv
702,0.9203611612319946,Static USR (k=1),../experiments/results/Baselines/baseline_static_oai1x_results.csv
703,0.9204285144805908,Static USR (k=1),../experiments/results/Baselines/baseline_static_oai1x_results.csv
704,0.9186335802078248,Static USR (k=1),../experiments/results/Baselines/baseline_static_oai1x_results.csv
705,0.920046865940094,Static USR (k=1),../experiments/results/Baselines/baseline_static_oai1x_results.csv
706,0.920845866203308,Static USR (k=1),../experiments/results/Baselines/baseline_static_oai1x_results.csv
707,0.9192062616348268,Static USR (k=1),../experiments/results/Baselines/baseline_static_oai1x_results.csv
708,0.9185730814933776,Static USR (k=1),../experiments/results/Baselines/baseline_static_oai1x_results.csv
709,0.9110021591186525,Static USR (k=1),../experiments/results/Baselines/baseline_static_oai1x_results.csv
710,0.9106231331825256,Static USR (k=1),../experiments/results/Baselines/baseline_static_oai1x_results.csv
711,0.9110062122344972,Static USR (k=1),../experiments/results/Baselines/baseline_static_oai1x_results.csv
712,0.9114209413528442,Static USR (k=1),../experiments/results/Baselines/baseline_static_oai1x_results.csv
713,0.9108935594558716,Static USR (k=1),../experiments/results/Baselines/baseline_static_oai1x_results.csv
714,0.9187542796134948,Static USR (k=1),../experiments/results/Baselines/baseline_static_oai1x_results.csv
715,0.9117224216461182,Static USR (k=1),../experiments/results/Baselines/baseline_static_oai1x_results.csv
716,0.910792350769043,Static USR (k=1),../experiments/results/Baselines/baseline_static_oai1x_results.csv
717,0.9113145470619202,Static USR (k=1),../experiments/results/Baselines/baseline_static_oai1x_results.csv
718,0.9189863204956056,Static USR (k=1),../experiments/results/Baselines/baseline_static_oai1x_results.csv
719,0.9292973279953004,Static USR (k=1),../experiments/results/Baselines/baseline_static_oai1x_results.csv
