t,power,model,source_file
0,1.590859055519104,Feed-forward PPO,../finalModels/mlp_hybrid/seed_456/eval/timeline_MlpPolicy_20260225-153005.csv
1,1.5139893293380735,Feed-forward PPO,../finalModels/mlp_hybrid/seed_456/eval/timeline_MlpPolicy_20260225-153005.csv
2,1.4400763511657717,Feed-forward PPO,../finalModels/mlp_hybrid/seed_456/eval/timeline_MlpPolicy_20260225-153005.csv
3,0.8206891417503357,Feed-forward PPO,../finalModels/mlp_hybrid/seed_456/eval/timeline_MlpPolicy_20260225-153005.csv
4,0.8208350539207458,Feed-forward PPO,../finalModels/mlp_hybrid/seed_456/eval/timeline_MlpPolicy_20260225-153005.csv
5,0.8206606507301331,Feed-forward PPO,../finalModels/mlp_hybrid/seed_456/eval/timeline_MlpPolicy_20260225-153005.csv
6,0.8206168413162231,Feed-forward PPO,../finalModels/mlp_hybrid/seed_456/eval/timeline_MlpPolicy_20260225-153005.csv
7,0.8209586143493652,Feed-forward PPO,../finalModels/mlp_hybrid/seed_456/eval/timeline_MlpPolicy_20260225-153005.csv
8,0.8207944631576538,Feed-forward PPO,../finalModels/mlp_hybrid/seed_456/eval/timeline_MlpPolicy_20260225-153005.csv
9,0.8213800191879272,Feed-forward PPO,../finalModels/mlp_hybrid/seed_456/eval/timeline_MlpPolicy_20260225-153005.csv
10,0.8210428357124329,Feed-forward PPO,../finalModels/mlp_hybrid/seed_456/eval/timeline_MlpPolicy_20260225-153005.csv
11,0.821078360080719,Feed-forward PPO,../finalModels/mlp_hybrid/seed_456/eval/timeline_MlpPolicy_20260225-153005.csv
12,0.8211866021156311,Feed-forward PPO,../finalModels/mlp_hybrid/seed_456/eval/timeline_MlpPolicy_20260225-153005.csv
13,0.8214457631111145,Feed-forward PPO,../finalModels/mlp_hybrid/seed_456/eval/timeline_MlpPolicy_20260225-153005.csv
14,0.8211996555328369,Feed-forward PPO,../finalModels/mlp_hybrid/seed_456/eval/timeline_MlpPolicy_20260225-153005.csv
15,0.8211184740066528,Feed-forward PPO,../finalModels/mlp_hybrid/seed_456/eval/timeline_MlpPolicy_20260225-153005.csv
16,0.8209959864616394,Feed-forward PPO,../finalModels/mlp_hybrid/seed_456/eval/timeline_MlpPolicy_20260225-153005.csv
17,0.8211719989776611,Feed-forward PPO,../finalModels/mlp_hybrid/seed_456/eval/timeline_MlpPolicy_20260225-153005.csv
18,0.8212147951126099,Feed-forward PPO,../finalModels/mlp_hybrid/seed_456/eval/timeline_MlpPolicy_20260225-153005.csv
19,0.8209925293922424,Feed-forward PPO,../finalModels/mlp_hybrid/seed_456/eval/timeline_MlpPolicy_20260225-153005.csv
20,0.8209382891654968,Feed-forward PPO,../finalModels/mlp_hybrid/seed_456/eval/timeline_MlpPolicy_20260225-153005.csv
21,0.8210228681564331,Feed-forward PPO,../finalModels/mlp_hybrid/seed_456/eval/timeline_MlpPolicy_20260225-153005.csv
22,0.821037769317627,Feed-forward PPO,../finalModels/mlp_hybrid/seed_456/eval/timeline_MlpPolicy_20260225-153005.csv
23,0.8211585879325867,Feed-forward PPO,../finalModels/mlp_hybrid/seed_456/eval/timeline_MlpPolicy_20260225-153005.csv
24,0.821047306060791,Feed-forward PPO,../finalModels/mlp_hybrid/seed_456/eval/timeline_MlpPolicy_20260225-153005.csv
25,0.8211355209350586,Feed-forward PPO,../finalModels/mlp_hybrid/seed_456/eval/timeline_MlpPolicy_20260225-153005.csv
26,0.8211109638214111,Feed-forward PPO,../finalModels/mlp_hybrid/seed_456/eval/timeline_MlpPolicy_20260225-153005.csv
27,0.821194589138031,Feed-forward PPO,../finalModels/mlp_hybrid/seed_456/eval/timeline_MlpPolicy_20260225-153005.csv
28,0.8212161064147949,Feed-forward PPO,../finalModels/mlp_hybrid/seed_456/eval/timeline_MlpPolicy_20260225-153005.csv
29,0.8211367726325989,Feed-forward PPO,../finalModels/mlp_hybrid/seed_456/eval/timeline_MlpPolicy_20260225-153005.csv
30,0.8211234211921692,Feed-forward PPO,../finalModels/mlp_hybrid/seed_456/eval/timeline_MlpPolicy_20260225-153005.csv
31,0.8210693001747131,Feed-forward PPO,../finalModels/mlp_hybrid/seed_456/eval/timeline_MlpPolicy_20260225-153005.csv
32,0.82126784324646,Feed-forward PPO,../finalModels/mlp_hybrid/seed_456/eval/timeline_MlpPolicy_20260225-153005.csv
33,0.8212223649024963,Feed-forward PPO,../finalModels/mlp_hybrid/seed_456/eval/timeline_MlpPolicy_20260225-153005.csv
34,0.821312665939331,Feed-forward PPO,../finalModels/mlp_hybrid/seed_456/eval/timeline_MlpPolicy_20260225-153005.csv
35,0.821315586566925,Feed-forward PPO,../finalModels/mlp_hybrid/seed_456/eval/timeline_MlpPolicy_20260225-153005.csv
36,0.8214139938354492,Feed-forward PPO,../finalModels/mlp_hybrid/seed_456/eval/timeline_MlpPolicy_20260225-153005.csv
37,0.8216312527656555,Feed-forward PPO,../finalModels/mlp_hybrid/seed_456/eval/timeline_MlpPolicy_20260225-153005.csv
38,0.8217755556106567,Feed-forward PPO,../finalModels/mlp_hybrid/seed_456/eval/timeline_MlpPolicy_20260225-153005.csv
39,0.8216659426689148,Feed-forward PPO,../finalModels/mlp_hybrid/seed_456/eval/timeline_MlpPolicy_20260225-153005.csv
40,0.8217807412147522,Feed-forward PPO,../finalModels/mlp_hybrid/seed_456/eval/timeline_MlpPolicy_20260225-153005.csv
41,0.8215503692626953,Feed-forward PPO,../finalModels/mlp_hybrid/seed_456/eval/timeline_MlpPolicy_20260225-153005.csv
42,0.8216627836227417,Feed-forward PPO,../finalModels/mlp_hybrid/seed_456/eval/timeline_MlpPolicy_20260225-153005.csv
43,0.8216778635978699,Feed-forward PPO,../finalModels/mlp_hybrid/seed_456/eval/timeline_MlpPolicy_20260225-153005.csv
44,0.8215766549110413,Feed-forward PPO,../finalModels/mlp_hybrid/seed_456/eval/timeline_MlpPolicy_20260225-153005.csv
45,0.8215200304985046,Feed-forward PPO,../finalModels/mlp_hybrid/seed_456/eval/timeline_MlpPolicy_20260225-153005.csv
46,0.8214367032051086,Feed-forward PPO,../finalModels/mlp_hybrid/seed_456/eval/timeline_MlpPolicy_20260225-153005.csv
47,0.8212745189666748,Feed-forward PPO,../finalModels/mlp_hybrid/seed_456/eval/timeline_MlpPolicy_20260225-153005.csv
48,0.8207030296325684,Feed-forward PPO,../finalModels/mlp_hybrid/seed_456/eval/timeline_MlpPolicy_20260225-153005.csv
49,0.8207046985626221,Feed-forward PPO,../finalModels/mlp_hybrid/seed_456/eval/timeline_MlpPolicy_20260225-153005.csv
50,0.8206716179847717,Feed-forward PPO,../finalModels/mlp_hybrid/seed_456/eval/timeline_MlpPolicy_20260225-153005.csv
51,0.8206453919410706,Feed-forward PPO,../finalModels/mlp_hybrid/seed_456/eval/timeline_MlpPolicy_20260225-153005.csv
52,0.8204581141471863,Feed-forward PPO,../finalModels/mlp_hybrid/seed_456/eval/timeline_MlpPolicy_20260225-153005.csv
53,0.8203153610229492,Feed-forward PPO,../finalModels/mlp_hybrid/seed_456/eval/timeline_MlpPolicy_20260225-153005.csv
54,0.819787323474884,Feed-forward PPO,../finalModels/mlp_hybrid/seed_456/eval/timeline_MlpPolicy_20260225-153005.csv
55,0.8195781707763672,Feed-forward PPO,../finalModels/mlp_hybrid/seed_456/eval/timeline_MlpPolicy_20260225-153005.csv
56,0.7723179459571838,Feed-forward PPO,../finalModels/mlp_hybrid/seed_456/eval/timeline_MlpPolicy_20260225-153005.csv
57,0.60445636510849,Feed-forward PPO,../finalModels/mlp_hybrid/seed_456/eval/timeline_MlpPolicy_20260225-153005.csv
58,0.5740041136741638,Feed-forward PPO,../finalModels/mlp_hybrid/seed_456/eval/timeline_MlpPolicy_20260225-153005.csv
59,0.5714084506034851,Feed-forward PPO,../finalModels/mlp_hybrid/seed_456/eval/timeline_MlpPolicy_20260225-153005.csv
60,0.6001120209693909,Feed-forward PPO,../finalModels/mlp_hybrid/seed_456/eval/timeline_MlpPolicy_20260225-153005.csv
61,0.3097977638244629,Feed-forward PPO,../finalModels/mlp_hybrid/seed_456/eval/timeline_MlpPolicy_20260225-153005.csv
62,0.3234890699386596,Feed-forward PPO,../finalModels/mlp_hybrid/seed_456/eval/timeline_MlpPolicy_20260225-153005.csv
63,0.2311159372329712,Feed-forward PPO,../finalModels/mlp_hybrid/seed_456/eval/timeline_MlpPolicy_20260225-153005.csv
64,0.2281011343002319,Feed-forward PPO,../finalModels/mlp_hybrid/seed_456/eval/timeline_MlpPolicy_20260225-153005.csv
65,0.2360293865203857,Feed-forward PPO,../finalModels/mlp_hybrid/seed_456/eval/timeline_MlpPolicy_20260225-153005.csv
66,0.2478348016738891,Feed-forward PPO,../finalModels/mlp_hybrid/seed_456/eval/timeline_MlpPolicy_20260225-153005.csv
67,0.1999144554138183,Feed-forward PPO,../finalModels/mlp_hybrid/seed_456/eval/timeline_MlpPolicy_20260225-153005.csv
68,0.2216492891311645,Feed-forward PPO,../finalModels/mlp_hybrid/seed_456/eval/timeline_MlpPolicy_20260225-153005.csv
69,0.2486070394515991,Feed-forward PPO,../finalModels/mlp_hybrid/seed_456/eval/timeline_MlpPolicy_20260225-153005.csv
70,0.3460928201675415,Feed-forward PPO,../finalModels/mlp_hybrid/seed_456/eval/timeline_MlpPolicy_20260225-153005.csv
71,0.310145616531372,Feed-forward PPO,../finalModels/mlp_hybrid/seed_456/eval/timeline_MlpPolicy_20260225-153005.csv
72,0.2307456731796264,Feed-forward PPO,../finalModels/mlp_hybrid/seed_456/eval/timeline_MlpPolicy_20260225-153005.csv
73,0.281959056854248,Feed-forward PPO,../finalModels/mlp_hybrid/seed_456/eval/timeline_MlpPolicy_20260225-153005.csv
74,0.2441434860229492,Feed-forward PPO,../finalModels/mlp_hybrid/seed_456/eval/timeline_MlpPolicy_20260225-153005.csv
75,0.2273650169372558,Feed-forward PPO,../finalModels/mlp_hybrid/seed_456/eval/timeline_MlpPolicy_20260225-153005.csv
76,0.4283927083015442,Feed-forward PPO,../finalModels/mlp_hybrid/seed_456/eval/timeline_MlpPolicy_20260225-153005.csv
77,0.5857419967651367,Feed-forward PPO,../finalModels/mlp_hybrid/seed_456/eval/timeline_MlpPolicy_20260225-153005.csv
78,0.7764146327972412,Feed-forward PPO,../finalModels/mlp_hybrid/seed_456/eval/timeline_MlpPolicy_20260225-153005.csv
79,0.6782410144805908,Feed-forward PPO,../finalModels/mlp_hybrid/seed_456/eval/timeline_MlpPolicy_20260225-153005.csv
80,0.8700119256973267,Feed-forward PPO,../finalModels/mlp_hybrid/seed_456/eval/timeline_MlpPolicy_20260225-153005.csv
81,0.6419320106506348,Feed-forward PPO,../finalModels/mlp_hybrid/seed_456/eval/timeline_MlpPolicy_20260225-153005.csv
82,0.8725898265838623,Feed-forward PPO,../finalModels/mlp_hybrid/seed_456/eval/timeline_MlpPolicy_20260225-153005.csv
83,0.8130359649658203,Feed-forward PPO,../finalModels/mlp_hybrid/seed_456/eval/timeline_MlpPolicy_20260225-153005.csv
84,0.9300614595413208,Feed-forward PPO,../finalModels/mlp_hybrid/seed_456/eval/timeline_MlpPolicy_20260225-153005.csv
85,1.102103352546692,Feed-forward PPO,../finalModels/mlp_hybrid/seed_456/eval/timeline_MlpPolicy_20260225-153005.csv
86,0.7573063373565674,Feed-forward PPO,../finalModels/mlp_hybrid/seed_456/eval/timeline_MlpPolicy_20260225-153005.csv
87,0.5685789585113525,Feed-forward PPO,../finalModels/mlp_hybrid/seed_456/eval/timeline_MlpPolicy_20260225-153005.csv
88,0.6824901103973389,Feed-forward PPO,../finalModels/mlp_hybrid/seed_456/eval/timeline_MlpPolicy_20260225-153005.csv
89,0.6203701496124268,Feed-forward PPO,../finalModels/mlp_hybrid/seed_456/eval/timeline_MlpPolicy_20260225-153005.csv
90,0.7561841011047363,Feed-forward PPO,../finalModels/mlp_hybrid/seed_456/eval/timeline_MlpPolicy_20260225-153005.csv
91,0.6181678771972656,Feed-forward PPO,../finalModels/mlp_hybrid/seed_456/eval/timeline_MlpPolicy_20260225-153005.csv
92,0.618549108505249,Feed-forward PPO,../finalModels/mlp_hybrid/seed_456/eval/timeline_MlpPolicy_20260225-153005.csv
93,0.6525540351867676,Feed-forward PPO,../finalModels/mlp_hybrid/seed_456/eval/timeline_MlpPolicy_20260225-153005.csv
94,0.8513120412826538,Feed-forward PPO,../finalModels/mlp_hybrid/seed_456/eval/timeline_MlpPolicy_20260225-153005.csv
95,0.895841121673584,Feed-forward PPO,../finalModels/mlp_hybrid/seed_456/eval/timeline_MlpPolicy_20260225-153005.csv
96,0.8091108798980713,Feed-forward PPO,../finalModels/mlp_hybrid/seed_456/eval/timeline_MlpPolicy_20260225-153005.csv
97,0.8205490708351135,Feed-forward PPO,../finalModels/mlp_hybrid/seed_456/eval/timeline_MlpPolicy_20260225-153005.csv
98,0.8208091855049133,Feed-forward PPO,../finalModels/mlp_hybrid/seed_456/eval/timeline_MlpPolicy_20260225-153005.csv
99,0.8208896517753601,Feed-forward PPO,../finalModels/mlp_hybrid/seed_456/eval/timeline_MlpPolicy_20260225-153005.csv
100,0.8210375308990479,Feed-forward PPO,../finalModels/mlp_hybrid/seed_456/eval/timeline_MlpPolicy_20260225-153005.csv
101,0.8212706446647644,Feed-forward PPO,../finalModels/mlp_hybrid/seed_456/eval/timeline_MlpPolicy_20260225-153005.csv
102,0.8210391998291016,Feed-forward PPO,../finalModels/mlp_hybrid/seed_456/eval/timeline_MlpPolicy_20260225-153005.csv
103,0.8208702802658081,Feed-forward PPO,../finalModels/mlp_hybrid/seed_456/eval/timeline_MlpPolicy_20260225-153005.csv
104,0.8205929398536682,Feed-forward PPO,../finalModels/mlp_hybrid/seed_456/eval/timeline_MlpPolicy_20260225-153005.csv
105,0.8205466270446777,Feed-forward PPO,../finalModels/mlp_hybrid/seed_456/eval/timeline_MlpPolicy_20260225-153005.csv
106,0.8206658363342285,Feed-forward PPO,../finalModels/mlp_hybrid/seed_456/eval/timeline_MlpPolicy_20260225-153005.csv
107,0.8204479813575745,Feed-forward PPO,../finalModels/mlp_hybrid/seed_456/eval/timeline_MlpPolicy_20260225-153005.csv
108,0.8203816413879395,Feed-forward PPO,../finalModels/mlp_hybrid/seed_456/eval/timeline_MlpPolicy_20260225-153005.csv
109,0.8199811577796936,Feed-forward PPO,../finalModels/mlp_hybrid/seed_456/eval/timeline_MlpPolicy_20260225-153005.csv
110,0.8198498487472534,Feed-forward PPO,../finalModels/mlp_hybrid/seed_456/eval/timeline_MlpPolicy_20260225-153005.csv
111,0.8200137615203857,Feed-forward PPO,../finalModels/mlp_hybrid/seed_456/eval/timeline_MlpPolicy_20260225-153005.csv
112,0.819935142993927,Feed-forward PPO,../finalModels/mlp_hybrid/seed_456/eval/timeline_MlpPolicy_20260225-153005.csv
113,0.8201082348823547,Feed-forward PPO,../finalModels/mlp_hybrid/seed_456/eval/timeline_MlpPolicy_20260225-153005.csv
114,0.8200592994689941,Feed-forward PPO,../finalModels/mlp_hybrid/seed_456/eval/timeline_MlpPolicy_20260225-153005.csv
115,0.8203130960464478,Feed-forward PPO,../finalModels/mlp_hybrid/seed_456/eval/timeline_MlpPolicy_20260225-153005.csv
116,0.8201966881752014,Feed-forward PPO,../finalModels/mlp_hybrid/seed_456/eval/timeline_MlpPolicy_20260225-153005.csv
117,0.8206387758255005,Feed-forward PPO,../finalModels/mlp_hybrid/seed_456/eval/timeline_MlpPolicy_20260225-153005.csv
118,0.8207694888114929,Feed-forward PPO,../finalModels/mlp_hybrid/seed_456/eval/timeline_MlpPolicy_20260225-153005.csv
119,0.8204960823059082,Feed-forward PPO,../finalModels/mlp_hybrid/seed_456/eval/timeline_MlpPolicy_20260225-153005.csv
120,0.8208366632461548,Feed-forward PPO,../finalModels/mlp_hybrid/seed_456/eval/timeline_MlpPolicy_20260225-153005.csv
121,0.820704996585846,Feed-forward PPO,../finalModels/mlp_hybrid/seed_456/eval/timeline_MlpPolicy_20260225-153005.csv
122,0.8211010694503784,Feed-forward PPO,../finalModels/mlp_hybrid/seed_456/eval/timeline_MlpPolicy_20260225-153005.csv
123,0.8211041688919067,Feed-forward PPO,../finalModels/mlp_hybrid/seed_456/eval/timeline_MlpPolicy_20260225-153005.csv
124,0.820740818977356,Feed-forward PPO,../finalModels/mlp_hybrid/seed_456/eval/timeline_MlpPolicy_20260225-153005.csv
125,0.8208307027816772,Feed-forward PPO,../finalModels/mlp_hybrid/seed_456/eval/timeline_MlpPolicy_20260225-153005.csv
126,0.8209315538406372,Feed-forward PPO,../finalModels/mlp_hybrid/seed_456/eval/timeline_MlpPolicy_20260225-153005.csv
127,0.8207828998565674,Feed-forward PPO,../finalModels/mlp_hybrid/seed_456/eval/timeline_MlpPolicy_20260225-153005.csv
128,0.8209185600280762,Feed-forward PPO,../finalModels/mlp_hybrid/seed_456/eval/timeline_MlpPolicy_20260225-153005.csv
129,0.820921003818512,Feed-forward PPO,../finalModels/mlp_hybrid/seed_456/eval/timeline_MlpPolicy_20260225-153005.csv
130,0.820745050907135,Feed-forward PPO,../finalModels/mlp_hybrid/seed_456/eval/timeline_MlpPolicy_20260225-153005.csv
131,0.8211095333099365,Feed-forward PPO,../finalModels/mlp_hybrid/seed_456/eval/timeline_MlpPolicy_20260225-153005.csv
132,0.821201503276825,Feed-forward PPO,../finalModels/mlp_hybrid/seed_456/eval/timeline_MlpPolicy_20260225-153005.csv
133,0.8211587071418762,Feed-forward PPO,../finalModels/mlp_hybrid/seed_456/eval/timeline_MlpPolicy_20260225-153005.csv
134,0.8214423060417175,Feed-forward PPO,../finalModels/mlp_hybrid/seed_456/eval/timeline_MlpPolicy_20260225-153005.csv
135,0.8215359449386597,Feed-forward PPO,../finalModels/mlp_hybrid/seed_456/eval/timeline_MlpPolicy_20260225-153005.csv
136,0.821501612663269,Feed-forward PPO,../finalModels/mlp_hybrid/seed_456/eval/timeline_MlpPolicy_20260225-153005.csv
137,0.82161545753479,Feed-forward PPO,../finalModels/mlp_hybrid/seed_456/eval/timeline_MlpPolicy_20260225-153005.csv
138,0.8215668797492981,Feed-forward PPO,../finalModels/mlp_hybrid/seed_456/eval/timeline_MlpPolicy_20260225-153005.csv
139,0.8216506838798523,Feed-forward PPO,../finalModels/mlp_hybrid/seed_456/eval/timeline_MlpPolicy_20260225-153005.csv
140,0.821388304233551,Feed-forward PPO,../finalModels/mlp_hybrid/seed_456/eval/timeline_MlpPolicy_20260225-153005.csv
141,0.8212496638298035,Feed-forward PPO,../finalModels/mlp_hybrid/seed_456/eval/timeline_MlpPolicy_20260225-153005.csv
142,0.8212591409683228,Feed-forward PPO,../finalModels/mlp_hybrid/seed_456/eval/timeline_MlpPolicy_20260225-153005.csv
143,0.8209695816040039,Feed-forward PPO,../finalModels/mlp_hybrid/seed_456/eval/timeline_MlpPolicy_20260225-153005.csv
144,0.8206528425216675,Feed-forward PPO,../finalModels/mlp_hybrid/seed_456/eval/timeline_MlpPolicy_20260225-153005.csv
145,0.8207225203514099,Feed-forward PPO,../finalModels/mlp_hybrid/seed_456/eval/timeline_MlpPolicy_20260225-153005.csv
146,0.8206086754798889,Feed-forward PPO,../finalModels/mlp_hybrid/seed_456/eval/timeline_MlpPolicy_20260225-153005.csv
147,0.820503830909729,Feed-forward PPO,../finalModels/mlp_hybrid/seed_456/eval/timeline_MlpPolicy_20260225-153005.csv
148,0.8204410076141357,Feed-forward PPO,../finalModels/mlp_hybrid/seed_456/eval/timeline_MlpPolicy_20260225-153005.csv
149,0.8201919198036194,Feed-forward PPO,../finalModels/mlp_hybrid/seed_456/eval/timeline_MlpPolicy_20260225-153005.csv
150,0.8195720314979553,Feed-forward PPO,../finalModels/mlp_hybrid/seed_456/eval/timeline_MlpPolicy_20260225-153005.csv
151,0.8195399641990662,Feed-forward PPO,../finalModels/mlp_hybrid/seed_456/eval/timeline_MlpPolicy_20260225-153005.csv
152,0.8194710612297058,Feed-forward PPO,../finalModels/mlp_hybrid/seed_456/eval/timeline_MlpPolicy_20260225-153005.csv
153,0.5054035186767578,Feed-forward PPO,../finalModels/mlp_hybrid/seed_456/eval/timeline_MlpPolicy_20260225-153005.csv
154,0.5473095178604126,Feed-forward PPO,../finalModels/mlp_hybrid/seed_456/eval/timeline_MlpPolicy_20260225-153005.csv
155,0.4934902787208557,Feed-forward PPO,../finalModels/mlp_hybrid/seed_456/eval/timeline_MlpPolicy_20260225-153005.csv
156,0.5085024237632751,Feed-forward PPO,../finalModels/mlp_hybrid/seed_456/eval/timeline_MlpPolicy_20260225-153005.csv
157,0.4646859765052795,Feed-forward PPO,../finalModels/mlp_hybrid/seed_456/eval/timeline_MlpPolicy_20260225-153005.csv
158,0.4526638388633728,Feed-forward PPO,../finalModels/mlp_hybrid/seed_456/eval/timeline_MlpPolicy_20260225-153005.csv
159,0.2680957317352295,Feed-forward PPO,../finalModels/mlp_hybrid/seed_456/eval/timeline_MlpPolicy_20260225-153005.csv
160,0.3023275136947632,Feed-forward PPO,../finalModels/mlp_hybrid/seed_456/eval/timeline_MlpPolicy_20260225-153005.csv
161,0.8542764186859131,Feed-forward PPO,../finalModels/mlp_hybrid/seed_456/eval/timeline_MlpPolicy_20260225-153005.csv
162,0.6364476084709167,Feed-forward PPO,../finalModels/mlp_hybrid/seed_456/eval/timeline_MlpPolicy_20260225-153005.csv
163,0.3225443363189697,Feed-forward PPO,../finalModels/mlp_hybrid/seed_456/eval/timeline_MlpPolicy_20260225-153005.csv
164,0.4257221817970276,Feed-forward PPO,../finalModels/mlp_hybrid/seed_456/eval/timeline_MlpPolicy_20260225-153005.csv
165,0.2276146411895752,Feed-forward PPO,../finalModels/mlp_hybrid/seed_456/eval/timeline_MlpPolicy_20260225-153005.csv
166,0.2283231019973755,Feed-forward PPO,../finalModels/mlp_hybrid/seed_456/eval/timeline_MlpPolicy_20260225-153005.csv
167,0.2252249717712402,Feed-forward PPO,../finalModels/mlp_hybrid/seed_456/eval/timeline_MlpPolicy_20260225-153005.csv
168,0.2173539400100708,Feed-forward PPO,../finalModels/mlp_hybrid/seed_456/eval/timeline_MlpPolicy_20260225-153005.csv
169,0.3095433712005615,Feed-forward PPO,../finalModels/mlp_hybrid/seed_456/eval/timeline_MlpPolicy_20260225-153005.csv
170,0.2364284992218017,Feed-forward PPO,../finalModels/mlp_hybrid/seed_456/eval/timeline_MlpPolicy_20260225-153005.csv
171,0.2252168655395507,Feed-forward PPO,../finalModels/mlp_hybrid/seed_456/eval/timeline_MlpPolicy_20260225-153005.csv
172,0.4439129829406738,Feed-forward PPO,../finalModels/mlp_hybrid/seed_456/eval/timeline_MlpPolicy_20260225-153005.csv
173,0.4564757347106933,Feed-forward PPO,../finalModels/mlp_hybrid/seed_456/eval/timeline_MlpPolicy_20260225-153005.csv
174,0.7041683197021484,Feed-forward PPO,../finalModels/mlp_hybrid/seed_456/eval/timeline_MlpPolicy_20260225-153005.csv
175,0.7112758159637451,Feed-forward PPO,../finalModels/mlp_hybrid/seed_456/eval/timeline_MlpPolicy_20260225-153005.csv
176,0.5610740184783936,Feed-forward PPO,../finalModels/mlp_hybrid/seed_456/eval/timeline_MlpPolicy_20260225-153005.csv
177,0.7391080856323242,Feed-forward PPO,../finalModels/mlp_hybrid/seed_456/eval/timeline_MlpPolicy_20260225-153005.csv
178,0.7172040939331055,Feed-forward PPO,../finalModels/mlp_hybrid/seed_456/eval/timeline_MlpPolicy_20260225-153005.csv
179,0.7621464729309082,Feed-forward PPO,../finalModels/mlp_hybrid/seed_456/eval/timeline_MlpPolicy_20260225-153005.csv
180,0.9679107666015624,Feed-forward PPO,../finalModels/mlp_hybrid/seed_456/eval/timeline_MlpPolicy_20260225-153005.csv
181,0.6235687732696533,Feed-forward PPO,../finalModels/mlp_hybrid/seed_456/eval/timeline_MlpPolicy_20260225-153005.csv
182,0.4625844955444336,Feed-forward PPO,../finalModels/mlp_hybrid/seed_456/eval/timeline_MlpPolicy_20260225-153005.csv
183,0.4588985443115234,Feed-forward PPO,../finalModels/mlp_hybrid/seed_456/eval/timeline_MlpPolicy_20260225-153005.csv
184,0.5865943431854248,Feed-forward PPO,../finalModels/mlp_hybrid/seed_456/eval/timeline_MlpPolicy_20260225-153005.csv
185,0.5181882381439209,Feed-forward PPO,../finalModels/mlp_hybrid/seed_456/eval/timeline_MlpPolicy_20260225-153005.csv
186,0.4566588401794433,Feed-forward PPO,../finalModels/mlp_hybrid/seed_456/eval/timeline_MlpPolicy_20260225-153005.csv
187,0.6183953285217285,Feed-forward PPO,../finalModels/mlp_hybrid/seed_456/eval/timeline_MlpPolicy_20260225-153005.csv
188,0.5708091259002686,Feed-forward PPO,../finalModels/mlp_hybrid/seed_456/eval/timeline_MlpPolicy_20260225-153005.csv
189,0.4568734169006347,Feed-forward PPO,../finalModels/mlp_hybrid/seed_456/eval/timeline_MlpPolicy_20260225-153005.csv
190,0.7124087810516357,Feed-forward PPO,../finalModels/mlp_hybrid/seed_456/eval/timeline_MlpPolicy_20260225-153005.csv
191,0.8966939449310303,Feed-forward PPO,../finalModels/mlp_hybrid/seed_456/eval/timeline_MlpPolicy_20260225-153005.csv
192,0.8197502493858337,Feed-forward PPO,../finalModels/mlp_hybrid/seed_456/eval/timeline_MlpPolicy_20260225-153005.csv
193,0.82045578956604,Feed-forward PPO,../finalModels/mlp_hybrid/seed_456/eval/timeline_MlpPolicy_20260225-153005.csv
194,0.8207449316978455,Feed-forward PPO,../finalModels/mlp_hybrid/seed_456/eval/timeline_MlpPolicy_20260225-153005.csv
195,0.8210132122039795,Feed-forward PPO,../finalModels/mlp_hybrid/seed_456/eval/timeline_MlpPolicy_20260225-153005.csv
196,0.8209130167961121,Feed-forward PPO,../finalModels/mlp_hybrid/seed_456/eval/timeline_MlpPolicy_20260225-153005.csv
197,0.820898711681366,Feed-forward PPO,../finalModels/mlp_hybrid/seed_456/eval/timeline_MlpPolicy_20260225-153005.csv
198,0.8209813237190247,Feed-forward PPO,../finalModels/mlp_hybrid/seed_456/eval/timeline_MlpPolicy_20260225-153005.csv
199,0.820754885673523,Feed-forward PPO,../finalModels/mlp_hybrid/seed_456/eval/timeline_MlpPolicy_20260225-153005.csv
200,0.8206959962844849,Feed-forward PPO,../finalModels/mlp_hybrid/seed_456/eval/timeline_MlpPolicy_20260225-153005.csv
201,0.8205204010009766,Feed-forward PPO,../finalModels/mlp_hybrid/seed_456/eval/timeline_MlpPolicy_20260225-153005.csv
202,0.8206498622894287,Feed-forward PPO,../finalModels/mlp_hybrid/seed_456/eval/timeline_MlpPolicy_20260225-153005.csv
203,0.8202293515205383,Feed-forward PPO,../finalModels/mlp_hybrid/seed_456/eval/timeline_MlpPolicy_20260225-153005.csv
204,0.8197686076164246,Feed-forward PPO,../finalModels/mlp_hybrid/seed_456/eval/timeline_MlpPolicy_20260225-153005.csv
205,0.8196867108345032,Feed-forward PPO,../finalModels/mlp_hybrid/seed_456/eval/timeline_MlpPolicy_20260225-153005.csv
206,0.8201022744178772,Feed-forward PPO,../finalModels/mlp_hybrid/seed_456/eval/timeline_MlpPolicy_20260225-153005.csv
207,0.8198290467262268,Feed-forward PPO,../finalModels/mlp_hybrid/seed_456/eval/timeline_MlpPolicy_20260225-153005.csv
208,0.8202390670776367,Feed-forward PPO,../finalModels/mlp_hybrid/seed_456/eval/timeline_MlpPolicy_20260225-153005.csv
209,0.8203918933868408,Feed-forward PPO,../finalModels/mlp_hybrid/seed_456/eval/timeline_MlpPolicy_20260225-153005.csv
210,0.8201497793197632,Feed-forward PPO,../finalModels/mlp_hybrid/seed_456/eval/timeline_MlpPolicy_20260225-153005.csv
211,0.8201795816421509,Feed-forward PPO,../finalModels/mlp_hybrid/seed_456/eval/timeline_MlpPolicy_20260225-153005.csv
212,0.8204478025436401,Feed-forward PPO,../finalModels/mlp_hybrid/seed_456/eval/timeline_MlpPolicy_20260225-153005.csv
213,0.820573627948761,Feed-forward PPO,../finalModels/mlp_hybrid/seed_456/eval/timeline_MlpPolicy_20260225-153005.csv
214,0.8204838633537292,Feed-forward PPO,../finalModels/mlp_hybrid/seed_456/eval/timeline_MlpPolicy_20260225-153005.csv
215,0.8204209804534912,Feed-forward PPO,../finalModels/mlp_hybrid/seed_456/eval/timeline_MlpPolicy_20260225-153005.csv
216,0.8206337094306946,Feed-forward PPO,../finalModels/mlp_hybrid/seed_456/eval/timeline_MlpPolicy_20260225-153005.csv
217,0.820665717124939,Feed-forward PPO,../finalModels/mlp_hybrid/seed_456/eval/timeline_MlpPolicy_20260225-153005.csv
218,0.8207811117172241,Feed-forward PPO,../finalModels/mlp_hybrid/seed_456/eval/timeline_MlpPolicy_20260225-153005.csv
219,0.8207316994667053,Feed-forward PPO,../finalModels/mlp_hybrid/seed_456/eval/timeline_MlpPolicy_20260225-153005.csv
220,0.8206861019134521,Feed-forward PPO,../finalModels/mlp_hybrid/seed_456/eval/timeline_MlpPolicy_20260225-153005.csv
221,0.8204658627510071,Feed-forward PPO,../finalModels/mlp_hybrid/seed_456/eval/timeline_MlpPolicy_20260225-153005.csv
222,0.820627748966217,Feed-forward PPO,../finalModels/mlp_hybrid/seed_456/eval/timeline_MlpPolicy_20260225-153005.csv
223,0.8203251361846924,Feed-forward PPO,../finalModels/mlp_hybrid/seed_456/eval/timeline_MlpPolicy_20260225-153005.csv
224,0.8206320405006409,Feed-forward PPO,../finalModels/mlp_hybrid/seed_456/eval/timeline_MlpPolicy_20260225-153005.csv
225,0.8208380937576294,Feed-forward PPO,../finalModels/mlp_hybrid/seed_456/eval/timeline_MlpPolicy_20260225-153005.csv
226,0.8209559321403503,Feed-forward PPO,../finalModels/mlp_hybrid/seed_456/eval/timeline_MlpPolicy_20260225-153005.csv
227,0.8208880424499512,Feed-forward PPO,../finalModels/mlp_hybrid/seed_456/eval/timeline_MlpPolicy_20260225-153005.csv
228,0.8208995461463928,Feed-forward PPO,../finalModels/mlp_hybrid/seed_456/eval/timeline_MlpPolicy_20260225-153005.csv
229,0.820915699005127,Feed-forward PPO,../finalModels/mlp_hybrid/seed_456/eval/timeline_MlpPolicy_20260225-153005.csv
230,0.8206936717033386,Feed-forward PPO,../finalModels/mlp_hybrid/seed_456/eval/timeline_MlpPolicy_20260225-153005.csv
231,0.8208009600639343,Feed-forward PPO,../finalModels/mlp_hybrid/seed_456/eval/timeline_MlpPolicy_20260225-153005.csv
232,0.8209648132324219,Feed-forward PPO,../finalModels/mlp_hybrid/seed_456/eval/timeline_MlpPolicy_20260225-153005.csv
233,0.8211840987205505,Feed-forward PPO,../finalModels/mlp_hybrid/seed_456/eval/timeline_MlpPolicy_20260225-153005.csv
234,0.8212605118751526,Feed-forward PPO,../finalModels/mlp_hybrid/seed_456/eval/timeline_MlpPolicy_20260225-153005.csv
235,0.8212780356407166,Feed-forward PPO,../finalModels/mlp_hybrid/seed_456/eval/timeline_MlpPolicy_20260225-153005.csv
236,0.8213050365447998,Feed-forward PPO,../finalModels/mlp_hybrid/seed_456/eval/timeline_MlpPolicy_20260225-153005.csv
237,0.8212922215461731,Feed-forward PPO,../finalModels/mlp_hybrid/seed_456/eval/timeline_MlpPolicy_20260225-153005.csv
238,0.8213863372802734,Feed-forward PPO,../finalModels/mlp_hybrid/seed_456/eval/timeline_MlpPolicy_20260225-153005.csv
239,0.8212538361549377,Feed-forward PPO,../finalModels/mlp_hybrid/seed_456/eval/timeline_MlpPolicy_20260225-153005.csv
240,0.8206851482391357,Feed-forward PPO,../finalModels/mlp_hybrid/seed_456/eval/timeline_MlpPolicy_20260225-153005.csv
241,0.8206527829170227,Feed-forward PPO,../finalModels/mlp_hybrid/seed_456/eval/timeline_MlpPolicy_20260225-153005.csv
242,0.8205499053001404,Feed-forward PPO,../finalModels/mlp_hybrid/seed_456/eval/timeline_MlpPolicy_20260225-153005.csv
243,0.8204792737960815,Feed-forward PPO,../finalModels/mlp_hybrid/seed_456/eval/timeline_MlpPolicy_20260225-153005.csv
244,0.8204095959663391,Feed-forward PPO,../finalModels/mlp_hybrid/seed_456/eval/timeline_MlpPolicy_20260225-153005.csv
245,0.8206626772880554,Feed-forward PPO,../finalModels/mlp_hybrid/seed_456/eval/timeline_MlpPolicy_20260225-153005.csv
246,0.820532500743866,Feed-forward PPO,../finalModels/mlp_hybrid/seed_456/eval/timeline_MlpPolicy_20260225-153005.csv
247,0.8200300931930542,Feed-forward PPO,../finalModels/mlp_hybrid/seed_456/eval/timeline_MlpPolicy_20260225-153005.csv
248,0.8197675347328186,Feed-forward PPO,../finalModels/mlp_hybrid/seed_456/eval/timeline_MlpPolicy_20260225-153005.csv
249,0.8196085691452026,Feed-forward PPO,../finalModels/mlp_hybrid/seed_456/eval/timeline_MlpPolicy_20260225-153005.csv
250,0.8195783495903015,Feed-forward PPO,../finalModels/mlp_hybrid/seed_456/eval/timeline_MlpPolicy_20260225-153005.csv
251,0.8194605708122253,Feed-forward PPO,../finalModels/mlp_hybrid/seed_456/eval/timeline_MlpPolicy_20260225-153005.csv
252,0.6443407535552979,Feed-forward PPO,../finalModels/mlp_hybrid/seed_456/eval/timeline_MlpPolicy_20260225-153005.csv
253,0.6258313655853271,Feed-forward PPO,../finalModels/mlp_hybrid/seed_456/eval/timeline_MlpPolicy_20260225-153005.csv
254,0.6301016211509705,Feed-forward PPO,../finalModels/mlp_hybrid/seed_456/eval/timeline_MlpPolicy_20260225-153005.csv
255,0.5787549018859863,Feed-forward PPO,../finalModels/mlp_hybrid/seed_456/eval/timeline_MlpPolicy_20260225-153005.csv
256,0.4586779475212097,Feed-forward PPO,../finalModels/mlp_hybrid/seed_456/eval/timeline_MlpPolicy_20260225-153005.csv
257,0.3633593320846557,Feed-forward PPO,../finalModels/mlp_hybrid/seed_456/eval/timeline_MlpPolicy_20260225-153005.csv
258,0.4898838996887207,Feed-forward PPO,../finalModels/mlp_hybrid/seed_456/eval/timeline_MlpPolicy_20260225-153005.csv
259,0.2947678565979004,Feed-forward PPO,../finalModels/mlp_hybrid/seed_456/eval/timeline_MlpPolicy_20260225-153005.csv
260,0.421252429485321,Feed-forward PPO,../finalModels/mlp_hybrid/seed_456/eval/timeline_MlpPolicy_20260225-153005.csv
261,0.3091448545455932,Feed-forward PPO,../finalModels/mlp_hybrid/seed_456/eval/timeline_MlpPolicy_20260225-153005.csv
262,0.208024263381958,Feed-forward PPO,../finalModels/mlp_hybrid/seed_456/eval/timeline_MlpPolicy_20260225-153005.csv
263,0.2481608390808105,Feed-forward PPO,../finalModels/mlp_hybrid/seed_456/eval/timeline_MlpPolicy_20260225-153005.csv
264,0.1853953599929809,Feed-forward PPO,../finalModels/mlp_hybrid/seed_456/eval/timeline_MlpPolicy_20260225-153005.csv
265,0.1755483150482177,Feed-forward PPO,../finalModels/mlp_hybrid/seed_456/eval/timeline_MlpPolicy_20260225-153005.csv
266,0.2093921899795532,Feed-forward PPO,../finalModels/mlp_hybrid/seed_456/eval/timeline_MlpPolicy_20260225-153005.csv
267,0.139237642288208,Feed-forward PPO,../finalModels/mlp_hybrid/seed_456/eval/timeline_MlpPolicy_20260225-153005.csv
268,0.1077589988708496,Feed-forward PPO,../finalModels/mlp_hybrid/seed_456/eval/timeline_MlpPolicy_20260225-153005.csv
269,0.2176086902618408,Feed-forward PPO,../finalModels/mlp_hybrid/seed_456/eval/timeline_MlpPolicy_20260225-153005.csv
270,0.1857783794403076,Feed-forward PPO,../finalModels/mlp_hybrid/seed_456/eval/timeline_MlpPolicy_20260225-153005.csv
271,0.2322697639465332,Feed-forward PPO,../finalModels/mlp_hybrid/seed_456/eval/timeline_MlpPolicy_20260225-153005.csv
272,0.3291614055633545,Feed-forward PPO,../finalModels/mlp_hybrid/seed_456/eval/timeline_MlpPolicy_20260225-153005.csv
273,0.4053518772125244,Feed-forward PPO,../finalModels/mlp_hybrid/seed_456/eval/timeline_MlpPolicy_20260225-153005.csv
274,0.4502608776092529,Feed-forward PPO,../finalModels/mlp_hybrid/seed_456/eval/timeline_MlpPolicy_20260225-153005.csv
275,0.4403915405273437,Feed-forward PPO,../finalModels/mlp_hybrid/seed_456/eval/timeline_MlpPolicy_20260225-153005.csv
276,0.4668622016906738,Feed-forward PPO,../finalModels/mlp_hybrid/seed_456/eval/timeline_MlpPolicy_20260225-153005.csv
277,0.5388047695159912,Feed-forward PPO,../finalModels/mlp_hybrid/seed_456/eval/timeline_MlpPolicy_20260225-153005.csv
278,0.4594740867614746,Feed-forward PPO,../finalModels/mlp_hybrid/seed_456/eval/timeline_MlpPolicy_20260225-153005.csv
279,0.4556152820587158,Feed-forward PPO,../finalModels/mlp_hybrid/seed_456/eval/timeline_MlpPolicy_20260225-153005.csv
280,0.6197292804718018,Feed-forward PPO,../finalModels/mlp_hybrid/seed_456/eval/timeline_MlpPolicy_20260225-153005.csv
281,0.7489261627197266,Feed-forward PPO,../finalModels/mlp_hybrid/seed_456/eval/timeline_MlpPolicy_20260225-153005.csv
282,0.8880575895309448,Feed-forward PPO,../finalModels/mlp_hybrid/seed_456/eval/timeline_MlpPolicy_20260225-153005.csv
283,0.8087666034698486,Feed-forward PPO,../finalModels/mlp_hybrid/seed_456/eval/timeline_MlpPolicy_20260225-153005.csv
284,1.0473898649215698,Feed-forward PPO,../finalModels/mlp_hybrid/seed_456/eval/timeline_MlpPolicy_20260225-153005.csv
285,0.9926763772964478,Feed-forward PPO,../finalModels/mlp_hybrid/seed_456/eval/timeline_MlpPolicy_20260225-153005.csv
286,1.086180329322815,Feed-forward PPO,../finalModels/mlp_hybrid/seed_456/eval/timeline_MlpPolicy_20260225-153005.csv
287,1.0486156940460205,Feed-forward PPO,../finalModels/mlp_hybrid/seed_456/eval/timeline_MlpPolicy_20260225-153005.csv
288,0.8204083442687988,Feed-forward PPO,../finalModels/mlp_hybrid/seed_456/eval/timeline_MlpPolicy_20260225-153005.csv
289,0.8203228712081909,Feed-forward PPO,../finalModels/mlp_hybrid/seed_456/eval/timeline_MlpPolicy_20260225-153005.csv
290,0.8204401731491089,Feed-forward PPO,../finalModels/mlp_hybrid/seed_456/eval/timeline_MlpPolicy_20260225-153005.csv
291,0.8203036785125732,Feed-forward PPO,../finalModels/mlp_hybrid/seed_456/eval/timeline_MlpPolicy_20260225-153005.csv
292,0.8202028274536133,Feed-forward PPO,../finalModels/mlp_hybrid/seed_456/eval/timeline_MlpPolicy_20260225-153005.csv
293,0.8204051852226257,Feed-forward PPO,../finalModels/mlp_hybrid/seed_456/eval/timeline_MlpPolicy_20260225-153005.csv
294,0.8205112218856812,Feed-forward PPO,../finalModels/mlp_hybrid/seed_456/eval/timeline_MlpPolicy_20260225-153005.csv
295,0.8207553029060364,Feed-forward PPO,../finalModels/mlp_hybrid/seed_456/eval/timeline_MlpPolicy_20260225-153005.csv
296,0.8207776546478271,Feed-forward PPO,../finalModels/mlp_hybrid/seed_456/eval/timeline_MlpPolicy_20260225-153005.csv
297,0.820441722869873,Feed-forward PPO,../finalModels/mlp_hybrid/seed_456/eval/timeline_MlpPolicy_20260225-153005.csv
298,0.8205646276473999,Feed-forward PPO,../finalModels/mlp_hybrid/seed_456/eval/timeline_MlpPolicy_20260225-153005.csv
299,0.8204218149185181,Feed-forward PPO,../finalModels/mlp_hybrid/seed_456/eval/timeline_MlpPolicy_20260225-153005.csv
300,0.8206188678741455,Feed-forward PPO,../finalModels/mlp_hybrid/seed_456/eval/timeline_MlpPolicy_20260225-153005.csv
301,0.8207338452339172,Feed-forward PPO,../finalModels/mlp_hybrid/seed_456/eval/timeline_MlpPolicy_20260225-153005.csv
302,0.820775032043457,Feed-forward PPO,../finalModels/mlp_hybrid/seed_456/eval/timeline_MlpPolicy_20260225-153005.csv
303,0.8206616640090942,Feed-forward PPO,../finalModels/mlp_hybrid/seed_456/eval/timeline_MlpPolicy_20260225-153005.csv
304,0.8207705616950989,Feed-forward PPO,../finalModels/mlp_hybrid/seed_456/eval/timeline_MlpPolicy_20260225-153005.csv
305,0.8205468058586121,Feed-forward PPO,../finalModels/mlp_hybrid/seed_456/eval/timeline_MlpPolicy_20260225-153005.csv
306,0.8206886053085327,Feed-forward PPO,../finalModels/mlp_hybrid/seed_456/eval/timeline_MlpPolicy_20260225-153005.csv
307,0.8208737373352051,Feed-forward PPO,../finalModels/mlp_hybrid/seed_456/eval/timeline_MlpPolicy_20260225-153005.csv
308,0.8207995891571045,Feed-forward PPO,../finalModels/mlp_hybrid/seed_456/eval/timeline_MlpPolicy_20260225-153005.csv
309,0.8204949498176575,Feed-forward PPO,../finalModels/mlp_hybrid/seed_456/eval/timeline_MlpPolicy_20260225-153005.csv
310,0.8206223249435425,Feed-forward PPO,../finalModels/mlp_hybrid/seed_456/eval/timeline_MlpPolicy_20260225-153005.csv
311,0.8207781910896301,Feed-forward PPO,../finalModels/mlp_hybrid/seed_456/eval/timeline_MlpPolicy_20260225-153005.csv
312,0.8207318186759949,Feed-forward PPO,../finalModels/mlp_hybrid/seed_456/eval/timeline_MlpPolicy_20260225-153005.csv
313,0.8208450675010681,Feed-forward PPO,../finalModels/mlp_hybrid/seed_456/eval/timeline_MlpPolicy_20260225-153005.csv
314,0.8206700682640076,Feed-forward PPO,../finalModels/mlp_hybrid/seed_456/eval/timeline_MlpPolicy_20260225-153005.csv
315,0.8206380009651184,Feed-forward PPO,../finalModels/mlp_hybrid/seed_456/eval/timeline_MlpPolicy_20260225-153005.csv
316,0.8207240700721741,Feed-forward PPO,../finalModels/mlp_hybrid/seed_456/eval/timeline_MlpPolicy_20260225-153005.csv
317,0.8207131624221802,Feed-forward PPO,../finalModels/mlp_hybrid/seed_456/eval/timeline_MlpPolicy_20260225-153005.csv
318,0.8206271529197693,Feed-forward PPO,../finalModels/mlp_hybrid/seed_456/eval/timeline_MlpPolicy_20260225-153005.csv
319,0.8204456567764282,Feed-forward PPO,../finalModels/mlp_hybrid/seed_456/eval/timeline_MlpPolicy_20260225-153005.csv
320,0.8204228281974792,Feed-forward PPO,../finalModels/mlp_hybrid/seed_456/eval/timeline_MlpPolicy_20260225-153005.csv
321,0.8206060528755188,Feed-forward PPO,../finalModels/mlp_hybrid/seed_456/eval/timeline_MlpPolicy_20260225-153005.csv
322,0.8205980658531189,Feed-forward PPO,../finalModels/mlp_hybrid/seed_456/eval/timeline_MlpPolicy_20260225-153005.csv
323,0.8209981322288513,Feed-forward PPO,../finalModels/mlp_hybrid/seed_456/eval/timeline_MlpPolicy_20260225-153005.csv
324,0.8209596872329712,Feed-forward PPO,../finalModels/mlp_hybrid/seed_456/eval/timeline_MlpPolicy_20260225-153005.csv
325,0.8210352063179016,Feed-forward PPO,../finalModels/mlp_hybrid/seed_456/eval/timeline_MlpPolicy_20260225-153005.csv
326,0.8211431503295898,Feed-forward PPO,../finalModels/mlp_hybrid/seed_456/eval/timeline_MlpPolicy_20260225-153005.csv
327,0.8212012052536011,Feed-forward PPO,../finalModels/mlp_hybrid/seed_456/eval/timeline_MlpPolicy_20260225-153005.csv
328,0.8212673664093018,Feed-forward PPO,../finalModels/mlp_hybrid/seed_456/eval/timeline_MlpPolicy_20260225-153005.csv
329,0.8211387395858765,Feed-forward PPO,../finalModels/mlp_hybrid/seed_456/eval/timeline_MlpPolicy_20260225-153005.csv
330,0.8212957978248596,Feed-forward PPO,../finalModels/mlp_hybrid/seed_456/eval/timeline_MlpPolicy_20260225-153005.csv
331,0.821272611618042,Feed-forward PPO,../finalModels/mlp_hybrid/seed_456/eval/timeline_MlpPolicy_20260225-153005.csv
332,0.821089506149292,Feed-forward PPO,../finalModels/mlp_hybrid/seed_456/eval/timeline_MlpPolicy_20260225-153005.csv
333,0.8211290240287781,Feed-forward PPO,../finalModels/mlp_hybrid/seed_456/eval/timeline_MlpPolicy_20260225-153005.csv
334,0.8210592269897461,Feed-forward PPO,../finalModels/mlp_hybrid/seed_456/eval/timeline_MlpPolicy_20260225-153005.csv
335,0.8209279775619507,Feed-forward PPO,../finalModels/mlp_hybrid/seed_456/eval/timeline_MlpPolicy_20260225-153005.csv
336,0.8202784061431885,Feed-forward PPO,../finalModels/mlp_hybrid/seed_456/eval/timeline_MlpPolicy_20260225-153005.csv
337,0.8205664157867432,Feed-forward PPO,../finalModels/mlp_hybrid/seed_456/eval/timeline_MlpPolicy_20260225-153005.csv
338,0.8205148577690125,Feed-forward PPO,../finalModels/mlp_hybrid/seed_456/eval/timeline_MlpPolicy_20260225-153005.csv
339,0.8203927278518677,Feed-forward PPO,../finalModels/mlp_hybrid/seed_456/eval/timeline_MlpPolicy_20260225-153005.csv
340,0.8201746940612793,Feed-forward PPO,../finalModels/mlp_hybrid/seed_456/eval/timeline_MlpPolicy_20260225-153005.csv
341,0.8196552991867065,Feed-forward PPO,../finalModels/mlp_hybrid/seed_456/eval/timeline_MlpPolicy_20260225-153005.csv
342,0.7240442633628845,Feed-forward PPO,../finalModels/mlp_hybrid/seed_456/eval/timeline_MlpPolicy_20260225-153005.csv
343,0.7178128957748413,Feed-forward PPO,../finalModels/mlp_hybrid/seed_456/eval/timeline_MlpPolicy_20260225-153005.csv
344,0.5664239525794983,Feed-forward PPO,../finalModels/mlp_hybrid/seed_456/eval/timeline_MlpPolicy_20260225-153005.csv
345,0.5534122586250305,Feed-forward PPO,../finalModels/mlp_hybrid/seed_456/eval/timeline_MlpPolicy_20260225-153005.csv
346,0.5439936518669128,Feed-forward PPO,../finalModels/mlp_hybrid/seed_456/eval/timeline_MlpPolicy_20260225-153005.csv
347,0.4776308536529541,Feed-forward PPO,../finalModels/mlp_hybrid/seed_456/eval/timeline_MlpPolicy_20260225-153005.csv
348,0.5509097576141357,Feed-forward PPO,../finalModels/mlp_hybrid/seed_456/eval/timeline_MlpPolicy_20260225-153005.csv
349,0.4207762479782104,Feed-forward PPO,../finalModels/mlp_hybrid/seed_456/eval/timeline_MlpPolicy_20260225-153005.csv
350,0.308690071105957,Feed-forward PPO,../finalModels/mlp_hybrid/seed_456/eval/timeline_MlpPolicy_20260225-153005.csv
351,0.2595137357711792,Feed-forward PPO,../finalModels/mlp_hybrid/seed_456/eval/timeline_MlpPolicy_20260225-153005.csv
352,0.257066011428833,Feed-forward PPO,../finalModels/mlp_hybrid/seed_456/eval/timeline_MlpPolicy_20260225-153005.csv
353,0.2367986440658569,Feed-forward PPO,../finalModels/mlp_hybrid/seed_456/eval/timeline_MlpPolicy_20260225-153005.csv
354,0.2192151546478271,Feed-forward PPO,../finalModels/mlp_hybrid/seed_456/eval/timeline_MlpPolicy_20260225-153005.csv
355,0.2481920719146728,Feed-forward PPO,../finalModels/mlp_hybrid/seed_456/eval/timeline_MlpPolicy_20260225-153005.csv
356,0.2360398769378662,Feed-forward PPO,../finalModels/mlp_hybrid/seed_456/eval/timeline_MlpPolicy_20260225-153005.csv
357,0.2339744567871093,Feed-forward PPO,../finalModels/mlp_hybrid/seed_456/eval/timeline_MlpPolicy_20260225-153005.csv
358,0.2319164276123047,Feed-forward PPO,../finalModels/mlp_hybrid/seed_456/eval/timeline_MlpPolicy_20260225-153005.csv
359,0.1992532014846801,Feed-forward PPO,../finalModels/mlp_hybrid/seed_456/eval/timeline_MlpPolicy_20260225-153005.csv
360,0.2259801626205444,Feed-forward PPO,../finalModels/mlp_hybrid/seed_456/eval/timeline_MlpPolicy_20260225-153005.csv
361,0.2296030521392822,Feed-forward PPO,../finalModels/mlp_hybrid/seed_456/eval/timeline_MlpPolicy_20260225-153005.csv
362,0.2281720638275146,Feed-forward PPO,../finalModels/mlp_hybrid/seed_456/eval/timeline_MlpPolicy_20260225-153005.csv
363,0.3869472742080688,Feed-forward PPO,../finalModels/mlp_hybrid/seed_456/eval/timeline_MlpPolicy_20260225-153005.csv
364,0.4069445133209228,Feed-forward PPO,../finalModels/mlp_hybrid/seed_456/eval/timeline_MlpPolicy_20260225-153005.csv
365,0.3097717761993408,Feed-forward PPO,../finalModels/mlp_hybrid/seed_456/eval/timeline_MlpPolicy_20260225-153005.csv
366,0.4932810068130493,Feed-forward PPO,../finalModels/mlp_hybrid/seed_456/eval/timeline_MlpPolicy_20260225-153005.csv
367,0.4498186111450195,Feed-forward PPO,../finalModels/mlp_hybrid/seed_456/eval/timeline_MlpPolicy_20260225-153005.csv
368,0.4526348114013672,Feed-forward PPO,../finalModels/mlp_hybrid/seed_456/eval/timeline_MlpPolicy_20260225-153005.csv
369,0.4556102752685547,Feed-forward PPO,../finalModels/mlp_hybrid/seed_456/eval/timeline_MlpPolicy_20260225-153005.csv
370,0.6151061058044434,Feed-forward PPO,../finalModels/mlp_hybrid/seed_456/eval/timeline_MlpPolicy_20260225-153005.csv
371,0.619795560836792,Feed-forward PPO,../finalModels/mlp_hybrid/seed_456/eval/timeline_MlpPolicy_20260225-153005.csv
372,1.0994497537612915,Feed-forward PPO,../finalModels/mlp_hybrid/seed_456/eval/timeline_MlpPolicy_20260225-153005.csv
373,1.3223400115966797,Feed-forward PPO,../finalModels/mlp_hybrid/seed_456/eval/timeline_MlpPolicy_20260225-153005.csv
374,0.4738287925720215,Feed-forward PPO,../finalModels/mlp_hybrid/seed_456/eval/timeline_MlpPolicy_20260225-153005.csv
375,0.5594515800476074,Feed-forward PPO,../finalModels/mlp_hybrid/seed_456/eval/timeline_MlpPolicy_20260225-153005.csv
376,0.6022531986236572,Feed-forward PPO,../finalModels/mlp_hybrid/seed_456/eval/timeline_MlpPolicy_20260225-153005.csv
377,0.739128589630127,Feed-forward PPO,../finalModels/mlp_hybrid/seed_456/eval/timeline_MlpPolicy_20260225-153005.csv
378,0.6171262264251709,Feed-forward PPO,../finalModels/mlp_hybrid/seed_456/eval/timeline_MlpPolicy_20260225-153005.csv
379,0.4655094146728515,Feed-forward PPO,../finalModels/mlp_hybrid/seed_456/eval/timeline_MlpPolicy_20260225-153005.csv
380,0.4560480117797851,Feed-forward PPO,../finalModels/mlp_hybrid/seed_456/eval/timeline_MlpPolicy_20260225-153005.csv
381,0.6634187698364258,Feed-forward PPO,../finalModels/mlp_hybrid/seed_456/eval/timeline_MlpPolicy_20260225-153005.csv
382,0.5833022594451904,Feed-forward PPO,../finalModels/mlp_hybrid/seed_456/eval/timeline_MlpPolicy_20260225-153005.csv
383,0.4592337608337402,Feed-forward PPO,../finalModels/mlp_hybrid/seed_456/eval/timeline_MlpPolicy_20260225-153005.csv
384,0.5643596649169922,Feed-forward PPO,../finalModels/mlp_hybrid/seed_456/eval/timeline_MlpPolicy_20260225-153005.csv
385,0.8624660968780518,Feed-forward PPO,../finalModels/mlp_hybrid/seed_456/eval/timeline_MlpPolicy_20260225-153005.csv
386,0.8203269243240356,Feed-forward PPO,../finalModels/mlp_hybrid/seed_456/eval/timeline_MlpPolicy_20260225-153005.csv
387,0.8204459547996521,Feed-forward PPO,../finalModels/mlp_hybrid/seed_456/eval/timeline_MlpPolicy_20260225-153005.csv
388,0.8205767273902893,Feed-forward PPO,../finalModels/mlp_hybrid/seed_456/eval/timeline_MlpPolicy_20260225-153005.csv
389,0.8206799030303955,Feed-forward PPO,../finalModels/mlp_hybrid/seed_456/eval/timeline_MlpPolicy_20260225-153005.csv
390,0.8204996585845947,Feed-forward PPO,../finalModels/mlp_hybrid/seed_456/eval/timeline_MlpPolicy_20260225-153005.csv
391,0.8204768896102905,Feed-forward PPO,../finalModels/mlp_hybrid/seed_456/eval/timeline_MlpPolicy_20260225-153005.csv
392,0.8200271129608154,Feed-forward PPO,../finalModels/mlp_hybrid/seed_456/eval/timeline_MlpPolicy_20260225-153005.csv
393,0.8203252553939819,Feed-forward PPO,../finalModels/mlp_hybrid/seed_456/eval/timeline_MlpPolicy_20260225-153005.csv
394,0.8199402093887329,Feed-forward PPO,../finalModels/mlp_hybrid/seed_456/eval/timeline_MlpPolicy_20260225-153005.csv
395,0.8199410438537598,Feed-forward PPO,../finalModels/mlp_hybrid/seed_456/eval/timeline_MlpPolicy_20260225-153005.csv
396,0.8196642398834229,Feed-forward PPO,../finalModels/mlp_hybrid/seed_456/eval/timeline_MlpPolicy_20260225-153005.csv
397,0.8199521899223328,Feed-forward PPO,../finalModels/mlp_hybrid/seed_456/eval/timeline_MlpPolicy_20260225-153005.csv
398,0.8196226358413696,Feed-forward PPO,../finalModels/mlp_hybrid/seed_456/eval/timeline_MlpPolicy_20260225-153005.csv
399,0.819642186164856,Feed-forward PPO,../finalModels/mlp_hybrid/seed_456/eval/timeline_MlpPolicy_20260225-153005.csv
400,0.8198716640472412,Feed-forward PPO,../finalModels/mlp_hybrid/seed_456/eval/timeline_MlpPolicy_20260225-153005.csv
401,0.8195984959602356,Feed-forward PPO,../finalModels/mlp_hybrid/seed_456/eval/timeline_MlpPolicy_20260225-153005.csv
402,0.8196362257003784,Feed-forward PPO,../finalModels/mlp_hybrid/seed_456/eval/timeline_MlpPolicy_20260225-153005.csv
403,0.8198885917663574,Feed-forward PPO,../finalModels/mlp_hybrid/seed_456/eval/timeline_MlpPolicy_20260225-153005.csv
404,0.8199059367179871,Feed-forward PPO,../finalModels/mlp_hybrid/seed_456/eval/timeline_MlpPolicy_20260225-153005.csv
405,0.8196253776550293,Feed-forward PPO,../finalModels/mlp_hybrid/seed_456/eval/timeline_MlpPolicy_20260225-153005.csv
406,0.8196269869804382,Feed-forward PPO,../finalModels/mlp_hybrid/seed_456/eval/timeline_MlpPolicy_20260225-153005.csv
407,0.8196712732315063,Feed-forward PPO,../finalModels/mlp_hybrid/seed_456/eval/timeline_MlpPolicy_20260225-153005.csv
408,0.8195278644561768,Feed-forward PPO,../finalModels/mlp_hybrid/seed_456/eval/timeline_MlpPolicy_20260225-153005.csv
409,0.8196259140968323,Feed-forward PPO,../finalModels/mlp_hybrid/seed_456/eval/timeline_MlpPolicy_20260225-153005.csv
410,0.8200935125350952,Feed-forward PPO,../finalModels/mlp_hybrid/seed_456/eval/timeline_MlpPolicy_20260225-153005.csv
411,0.8197475671768188,Feed-forward PPO,../finalModels/mlp_hybrid/seed_456/eval/timeline_MlpPolicy_20260225-153005.csv
412,0.819616436958313,Feed-forward PPO,../finalModels/mlp_hybrid/seed_456/eval/timeline_MlpPolicy_20260225-153005.csv
413,0.8197475671768188,Feed-forward PPO,../finalModels/mlp_hybrid/seed_456/eval/timeline_MlpPolicy_20260225-153005.csv
414,0.8198158144950867,Feed-forward PPO,../finalModels/mlp_hybrid/seed_456/eval/timeline_MlpPolicy_20260225-153005.csv
415,0.8202013373374939,Feed-forward PPO,../finalModels/mlp_hybrid/seed_456/eval/timeline_MlpPolicy_20260225-153005.csv
416,0.8202207088470459,Feed-forward PPO,../finalModels/mlp_hybrid/seed_456/eval/timeline_MlpPolicy_20260225-153005.csv
417,0.8200297355651855,Feed-forward PPO,../finalModels/mlp_hybrid/seed_456/eval/timeline_MlpPolicy_20260225-153005.csv
418,0.8204271793365479,Feed-forward PPO,../finalModels/mlp_hybrid/seed_456/eval/timeline_MlpPolicy_20260225-153005.csv
419,0.8205558061599731,Feed-forward PPO,../finalModels/mlp_hybrid/seed_456/eval/timeline_MlpPolicy_20260225-153005.csv
420,0.8207402229309082,Feed-forward PPO,../finalModels/mlp_hybrid/seed_456/eval/timeline_MlpPolicy_20260225-153005.csv
421,0.8208482265472412,Feed-forward PPO,../finalModels/mlp_hybrid/seed_456/eval/timeline_MlpPolicy_20260225-153005.csv
422,0.8208445310592651,Feed-forward PPO,../finalModels/mlp_hybrid/seed_456/eval/timeline_MlpPolicy_20260225-153005.csv
423,0.820781409740448,Feed-forward PPO,../finalModels/mlp_hybrid/seed_456/eval/timeline_MlpPolicy_20260225-153005.csv
424,0.8210582733154297,Feed-forward PPO,../finalModels/mlp_hybrid/seed_456/eval/timeline_MlpPolicy_20260225-153005.csv
425,0.8209031820297241,Feed-forward PPO,../finalModels/mlp_hybrid/seed_456/eval/timeline_MlpPolicy_20260225-153005.csv
426,0.8207768797874451,Feed-forward PPO,../finalModels/mlp_hybrid/seed_456/eval/timeline_MlpPolicy_20260225-153005.csv
427,0.8208716511726379,Feed-forward PPO,../finalModels/mlp_hybrid/seed_456/eval/timeline_MlpPolicy_20260225-153005.csv
428,0.8206209540367126,Feed-forward PPO,../finalModels/mlp_hybrid/seed_456/eval/timeline_MlpPolicy_20260225-153005.csv
429,0.8207421898841858,Feed-forward PPO,../finalModels/mlp_hybrid/seed_456/eval/timeline_MlpPolicy_20260225-153005.csv
430,0.8206163644790649,Feed-forward PPO,../finalModels/mlp_hybrid/seed_456/eval/timeline_MlpPolicy_20260225-153005.csv
431,0.8200079798698425,Feed-forward PPO,../finalModels/mlp_hybrid/seed_456/eval/timeline_MlpPolicy_20260225-153005.csv
432,0.8194769024848938,Feed-forward PPO,../finalModels/mlp_hybrid/seed_456/eval/timeline_MlpPolicy_20260225-153005.csv
433,0.8206390738487244,Feed-forward PPO,../finalModels/mlp_hybrid/seed_456/eval/timeline_MlpPolicy_20260225-153005.csv
434,0.8206765055656433,Feed-forward PPO,../finalModels/mlp_hybrid/seed_456/eval/timeline_MlpPolicy_20260225-153005.csv
435,0.8206895589828491,Feed-forward PPO,../finalModels/mlp_hybrid/seed_456/eval/timeline_MlpPolicy_20260225-153005.csv
436,0.8205260038375854,Feed-forward PPO,../finalModels/mlp_hybrid/seed_456/eval/timeline_MlpPolicy_20260225-153005.csv
437,0.819408118724823,Feed-forward PPO,../finalModels/mlp_hybrid/seed_456/eval/timeline_MlpPolicy_20260225-153005.csv
438,0.81920325756073,Feed-forward PPO,../finalModels/mlp_hybrid/seed_456/eval/timeline_MlpPolicy_20260225-153005.csv
439,0.6186314225196838,Feed-forward PPO,../finalModels/mlp_hybrid/seed_456/eval/timeline_MlpPolicy_20260225-153005.csv
440,0.5609176158905029,Feed-forward PPO,../finalModels/mlp_hybrid/seed_456/eval/timeline_MlpPolicy_20260225-153005.csv
441,0.2991344928741455,Feed-forward PPO,../finalModels/mlp_hybrid/seed_456/eval/timeline_MlpPolicy_20260225-153005.csv
442,0.3315714597702026,Feed-forward PPO,../finalModels/mlp_hybrid/seed_456/eval/timeline_MlpPolicy_20260225-153005.csv
443,0.2265075445175171,Feed-forward PPO,../finalModels/mlp_hybrid/seed_456/eval/timeline_MlpPolicy_20260225-153005.csv
444,0.2284971475601196,Feed-forward PPO,../finalModels/mlp_hybrid/seed_456/eval/timeline_MlpPolicy_20260225-153005.csv
445,0.3084951639175415,Feed-forward PPO,../finalModels/mlp_hybrid/seed_456/eval/timeline_MlpPolicy_20260225-153005.csv
446,0.2473160028457641,Feed-forward PPO,../finalModels/mlp_hybrid/seed_456/eval/timeline_MlpPolicy_20260225-153005.csv
447,0.2039765119552612,Feed-forward PPO,../finalModels/mlp_hybrid/seed_456/eval/timeline_MlpPolicy_20260225-153005.csv
448,0.1551874876022339,Feed-forward PPO,../finalModels/mlp_hybrid/seed_456/eval/timeline_MlpPolicy_20260225-153005.csv
449,0.112453818321228,Feed-forward PPO,../finalModels/mlp_hybrid/seed_456/eval/timeline_MlpPolicy_20260225-153005.csv
450,0.0974442958831787,Feed-forward PPO,../finalModels/mlp_hybrid/seed_456/eval/timeline_MlpPolicy_20260225-153005.csv
451,0.1310802698135376,Feed-forward PPO,../finalModels/mlp_hybrid/seed_456/eval/timeline_MlpPolicy_20260225-153005.csv
452,0.0933582782745361,Feed-forward PPO,../finalModels/mlp_hybrid/seed_456/eval/timeline_MlpPolicy_20260225-153005.csv
453,0.2407665252685547,Feed-forward PPO,../finalModels/mlp_hybrid/seed_456/eval/timeline_MlpPolicy_20260225-153005.csv
454,0.0873886346817016,Feed-forward PPO,../finalModels/mlp_hybrid/seed_456/eval/timeline_MlpPolicy_20260225-153005.csv
455,0.0151818149467552,Feed-forward PPO,../finalModels/mlp_hybrid/seed_456/eval/timeline_MlpPolicy_20260225-153005.csv
456,0.1010283231735229,Feed-forward PPO,../finalModels/mlp_hybrid/seed_456/eval/timeline_MlpPolicy_20260225-153005.csv
457,0.2027682065963745,Feed-forward PPO,../finalModels/mlp_hybrid/seed_456/eval/timeline_MlpPolicy_20260225-153005.csv
458,0.2018758058547973,Feed-forward PPO,../finalModels/mlp_hybrid/seed_456/eval/timeline_MlpPolicy_20260225-153005.csv
459,0.1443997621536255,Feed-forward PPO,../finalModels/mlp_hybrid/seed_456/eval/timeline_MlpPolicy_20260225-153005.csv
460,0.236652135848999,Feed-forward PPO,../finalModels/mlp_hybrid/seed_456/eval/timeline_MlpPolicy_20260225-153005.csv
461,0.4417146444320678,Feed-forward PPO,../finalModels/mlp_hybrid/seed_456/eval/timeline_MlpPolicy_20260225-153005.csv
462,0.3823885917663574,Feed-forward PPO,../finalModels/mlp_hybrid/seed_456/eval/timeline_MlpPolicy_20260225-153005.csv
463,0.4731225967407226,Feed-forward PPO,../finalModels/mlp_hybrid/seed_456/eval/timeline_MlpPolicy_20260225-153005.csv
464,0.3952672481536865,Feed-forward PPO,../finalModels/mlp_hybrid/seed_456/eval/timeline_MlpPolicy_20260225-153005.csv
465,0.5085432529449463,Feed-forward PPO,../finalModels/mlp_hybrid/seed_456/eval/timeline_MlpPolicy_20260225-153005.csv
466,0.4386548995971679,Feed-forward PPO,../finalModels/mlp_hybrid/seed_456/eval/timeline_MlpPolicy_20260225-153005.csv
467,0.4744939804077148,Feed-forward PPO,../finalModels/mlp_hybrid/seed_456/eval/timeline_MlpPolicy_20260225-153005.csv
468,0.459482192993164,Feed-forward PPO,../finalModels/mlp_hybrid/seed_456/eval/timeline_MlpPolicy_20260225-153005.csv
469,0.4369103908538818,Feed-forward PPO,../finalModels/mlp_hybrid/seed_456/eval/timeline_MlpPolicy_20260225-153005.csv
470,0.4053964614868164,Feed-forward PPO,../finalModels/mlp_hybrid/seed_456/eval/timeline_MlpPolicy_20260225-153005.csv
471,0.4957680702209472,Feed-forward PPO,../finalModels/mlp_hybrid/seed_456/eval/timeline_MlpPolicy_20260225-153005.csv
472,0.4149448871612549,Feed-forward PPO,../finalModels/mlp_hybrid/seed_456/eval/timeline_MlpPolicy_20260225-153005.csv
473,0.491530179977417,Feed-forward PPO,../finalModels/mlp_hybrid/seed_456/eval/timeline_MlpPolicy_20260225-153005.csv
474,0.4316456317901611,Feed-forward PPO,../finalModels/mlp_hybrid/seed_456/eval/timeline_MlpPolicy_20260225-153005.csv
475,0.4457821846008301,Feed-forward PPO,../finalModels/mlp_hybrid/seed_456/eval/timeline_MlpPolicy_20260225-153005.csv
476,0.4648733139038086,Feed-forward PPO,../finalModels/mlp_hybrid/seed_456/eval/timeline_MlpPolicy_20260225-153005.csv
477,0.449700117111206,Feed-forward PPO,../finalModels/mlp_hybrid/seed_456/eval/timeline_MlpPolicy_20260225-153005.csv
478,0.4548759460449219,Feed-forward PPO,../finalModels/mlp_hybrid/seed_456/eval/timeline_MlpPolicy_20260225-153005.csv
479,0.4531745910644531,Feed-forward PPO,../finalModels/mlp_hybrid/seed_456/eval/timeline_MlpPolicy_20260225-153005.csv
480,0.4982879161834717,Feed-forward PPO,../finalModels/mlp_hybrid/seed_456/eval/timeline_MlpPolicy_20260225-153005.csv
481,0.699608325958252,Feed-forward PPO,../finalModels/mlp_hybrid/seed_456/eval/timeline_MlpPolicy_20260225-153005.csv
482,0.7675676345825195,Feed-forward PPO,../finalModels/mlp_hybrid/seed_456/eval/timeline_MlpPolicy_20260225-153005.csv
483,0.8197197318077087,Feed-forward PPO,../finalModels/mlp_hybrid/seed_456/eval/timeline_MlpPolicy_20260225-153005.csv
484,0.8201412558555603,Feed-forward PPO,../finalModels/mlp_hybrid/seed_456/eval/timeline_MlpPolicy_20260225-153005.csv
485,0.820033609867096,Feed-forward PPO,../finalModels/mlp_hybrid/seed_456/eval/timeline_MlpPolicy_20260225-153005.csv
486,0.8196454644203186,Feed-forward PPO,../finalModels/mlp_hybrid/seed_456/eval/timeline_MlpPolicy_20260225-153005.csv
487,0.8199503421783447,Feed-forward PPO,../finalModels/mlp_hybrid/seed_456/eval/timeline_MlpPolicy_20260225-153005.csv
488,0.820059597492218,Feed-forward PPO,../finalModels/mlp_hybrid/seed_456/eval/timeline_MlpPolicy_20260225-153005.csv
489,0.8206738829612732,Feed-forward PPO,../finalModels/mlp_hybrid/seed_456/eval/timeline_MlpPolicy_20260225-153005.csv
490,0.819642961025238,Feed-forward PPO,../finalModels/mlp_hybrid/seed_456/eval/timeline_MlpPolicy_20260225-153005.csv
491,0.8200503587722778,Feed-forward PPO,../finalModels/mlp_hybrid/seed_456/eval/timeline_MlpPolicy_20260225-153005.csv
492,0.8195830583572388,Feed-forward PPO,../finalModels/mlp_hybrid/seed_456/eval/timeline_MlpPolicy_20260225-153005.csv
493,0.8201318383216858,Feed-forward PPO,../finalModels/mlp_hybrid/seed_456/eval/timeline_MlpPolicy_20260225-153005.csv
494,0.8196493983268738,Feed-forward PPO,../finalModels/mlp_hybrid/seed_456/eval/timeline_MlpPolicy_20260225-153005.csv
495,0.8197662830352783,Feed-forward PPO,../finalModels/mlp_hybrid/seed_456/eval/timeline_MlpPolicy_20260225-153005.csv
496,0.8201350569725037,Feed-forward PPO,../finalModels/mlp_hybrid/seed_456/eval/timeline_MlpPolicy_20260225-153005.csv
497,0.8199195861816406,Feed-forward PPO,../finalModels/mlp_hybrid/seed_456/eval/timeline_MlpPolicy_20260225-153005.csv
498,0.8197952508926392,Feed-forward PPO,../finalModels/mlp_hybrid/seed_456/eval/timeline_MlpPolicy_20260225-153005.csv
499,0.8196249008178711,Feed-forward PPO,../finalModels/mlp_hybrid/seed_456/eval/timeline_MlpPolicy_20260225-153005.csv
500,0.8196827173233032,Feed-forward PPO,../finalModels/mlp_hybrid/seed_456/eval/timeline_MlpPolicy_20260225-153005.csv
501,0.8198937773704529,Feed-forward PPO,../finalModels/mlp_hybrid/seed_456/eval/timeline_MlpPolicy_20260225-153005.csv
502,0.8201261758804321,Feed-forward PPO,../finalModels/mlp_hybrid/seed_456/eval/timeline_MlpPolicy_20260225-153005.csv
503,0.8199450373649597,Feed-forward PPO,../finalModels/mlp_hybrid/seed_456/eval/timeline_MlpPolicy_20260225-153005.csv
504,0.8198556900024414,Feed-forward PPO,../finalModels/mlp_hybrid/seed_456/eval/timeline_MlpPolicy_20260225-153005.csv
505,0.8196972012519836,Feed-forward PPO,../finalModels/mlp_hybrid/seed_456/eval/timeline_MlpPolicy_20260225-153005.csv
506,0.8202306032180786,Feed-forward PPO,../finalModels/mlp_hybrid/seed_456/eval/timeline_MlpPolicy_20260225-153005.csv
507,0.8205801248550415,Feed-forward PPO,../finalModels/mlp_hybrid/seed_456/eval/timeline_MlpPolicy_20260225-153005.csv
508,0.8196009397506714,Feed-forward PPO,../finalModels/mlp_hybrid/seed_456/eval/timeline_MlpPolicy_20260225-153005.csv
509,0.8194361329078674,Feed-forward PPO,../finalModels/mlp_hybrid/seed_456/eval/timeline_MlpPolicy_20260225-153005.csv
510,0.8196463584899902,Feed-forward PPO,../finalModels/mlp_hybrid/seed_456/eval/timeline_MlpPolicy_20260225-153005.csv
511,0.81962651014328,Feed-forward PPO,../finalModels/mlp_hybrid/seed_456/eval/timeline_MlpPolicy_20260225-153005.csv
512,0.8193328380584717,Feed-forward PPO,../finalModels/mlp_hybrid/seed_456/eval/timeline_MlpPolicy_20260225-153005.csv
513,0.8193265795707703,Feed-forward PPO,../finalModels/mlp_hybrid/seed_456/eval/timeline_MlpPolicy_20260225-153005.csv
514,0.81942218542099,Feed-forward PPO,../finalModels/mlp_hybrid/seed_456/eval/timeline_MlpPolicy_20260225-153005.csv
515,0.8200125098228455,Feed-forward PPO,../finalModels/mlp_hybrid/seed_456/eval/timeline_MlpPolicy_20260225-153005.csv
516,0.8200830817222595,Feed-forward PPO,../finalModels/mlp_hybrid/seed_456/eval/timeline_MlpPolicy_20260225-153005.csv
517,0.8203287720680237,Feed-forward PPO,../finalModels/mlp_hybrid/seed_456/eval/timeline_MlpPolicy_20260225-153005.csv
518,0.8201966881752014,Feed-forward PPO,../finalModels/mlp_hybrid/seed_456/eval/timeline_MlpPolicy_20260225-153005.csv
519,0.8202809691429138,Feed-forward PPO,../finalModels/mlp_hybrid/seed_456/eval/timeline_MlpPolicy_20260225-153005.csv
520,0.8203604817390442,Feed-forward PPO,../finalModels/mlp_hybrid/seed_456/eval/timeline_MlpPolicy_20260225-153005.csv
521,0.8204510807991028,Feed-forward PPO,../finalModels/mlp_hybrid/seed_456/eval/timeline_MlpPolicy_20260225-153005.csv
522,0.8202580213546753,Feed-forward PPO,../finalModels/mlp_hybrid/seed_456/eval/timeline_MlpPolicy_20260225-153005.csv
523,0.8202492594718933,Feed-forward PPO,../finalModels/mlp_hybrid/seed_456/eval/timeline_MlpPolicy_20260225-153005.csv
524,0.8208014369010925,Feed-forward PPO,../finalModels/mlp_hybrid/seed_456/eval/timeline_MlpPolicy_20260225-153005.csv
525,0.8205486536026001,Feed-forward PPO,../finalModels/mlp_hybrid/seed_456/eval/timeline_MlpPolicy_20260225-153005.csv
526,0.8202657103538513,Feed-forward PPO,../finalModels/mlp_hybrid/seed_456/eval/timeline_MlpPolicy_20260225-153005.csv
527,0.8199355602264404,Feed-forward PPO,../finalModels/mlp_hybrid/seed_456/eval/timeline_MlpPolicy_20260225-153005.csv
528,0.8215066194534302,Feed-forward PPO,../finalModels/mlp_hybrid/seed_456/eval/timeline_MlpPolicy_20260225-153005.csv
529,1.0689338445663452,Feed-forward PPO,../finalModels/mlp_hybrid/seed_456/eval/timeline_MlpPolicy_20260225-153005.csv
530,1.1089820861816406,Feed-forward PPO,../finalModels/mlp_hybrid/seed_456/eval/timeline_MlpPolicy_20260225-153005.csv
531,1.047210931777954,Feed-forward PPO,../finalModels/mlp_hybrid/seed_456/eval/timeline_MlpPolicy_20260225-153005.csv
532,0.9856680631637572,Feed-forward PPO,../finalModels/mlp_hybrid/seed_456/eval/timeline_MlpPolicy_20260225-153005.csv
533,0.7335927486419678,Feed-forward PPO,../finalModels/mlp_hybrid/seed_456/eval/timeline_MlpPolicy_20260225-153005.csv
534,0.4971736669540405,Feed-forward PPO,../finalModels/mlp_hybrid/seed_456/eval/timeline_MlpPolicy_20260225-153005.csv
535,0.3272697925567627,Feed-forward PPO,../finalModels/mlp_hybrid/seed_456/eval/timeline_MlpPolicy_20260225-153005.csv
536,0.3050453662872314,Feed-forward PPO,../finalModels/mlp_hybrid/seed_456/eval/timeline_MlpPolicy_20260225-153005.csv
537,0.3322300910949707,Feed-forward PPO,../finalModels/mlp_hybrid/seed_456/eval/timeline_MlpPolicy_20260225-153005.csv
538,0.2253957986831665,Feed-forward PPO,../finalModels/mlp_hybrid/seed_456/eval/timeline_MlpPolicy_20260225-153005.csv
539,0.2569453716278076,Feed-forward PPO,../finalModels/mlp_hybrid/seed_456/eval/timeline_MlpPolicy_20260225-153005.csv
540,0.3499943017959595,Feed-forward PPO,../finalModels/mlp_hybrid/seed_456/eval/timeline_MlpPolicy_20260225-153005.csv
541,0.2280440330505371,Feed-forward PPO,../finalModels/mlp_hybrid/seed_456/eval/timeline_MlpPolicy_20260225-153005.csv
542,0.2891062498092651,Feed-forward PPO,../finalModels/mlp_hybrid/seed_456/eval/timeline_MlpPolicy_20260225-153005.csv
543,0.228851318359375,Feed-forward PPO,../finalModels/mlp_hybrid/seed_456/eval/timeline_MlpPolicy_20260225-153005.csv
544,0.2330298423767089,Feed-forward PPO,../finalModels/mlp_hybrid/seed_456/eval/timeline_MlpPolicy_20260225-153005.csv
545,0.2044264078140258,Feed-forward PPO,../finalModels/mlp_hybrid/seed_456/eval/timeline_MlpPolicy_20260225-153005.csv
546,0.1881685256958007,Feed-forward PPO,../finalModels/mlp_hybrid/seed_456/eval/timeline_MlpPolicy_20260225-153005.csv
547,0.1417237520217895,Feed-forward PPO,../finalModels/mlp_hybrid/seed_456/eval/timeline_MlpPolicy_20260225-153005.csv
548,0.1002103090286254,Feed-forward PPO,../finalModels/mlp_hybrid/seed_456/eval/timeline_MlpPolicy_20260225-153005.csv
549,0.12542724609375,Feed-forward PPO,../finalModels/mlp_hybrid/seed_456/eval/timeline_MlpPolicy_20260225-153005.csv
550,0.1534881591796875,Feed-forward PPO,../finalModels/mlp_hybrid/seed_456/eval/timeline_MlpPolicy_20260225-153005.csv
551,0.2009118795394897,Feed-forward PPO,../finalModels/mlp_hybrid/seed_456/eval/timeline_MlpPolicy_20260225-153005.csv
552,0.249341607093811,Feed-forward PPO,../finalModels/mlp_hybrid/seed_456/eval/timeline_MlpPolicy_20260225-153005.csv
553,0.2066746950149536,Feed-forward PPO,../finalModels/mlp_hybrid/seed_456/eval/timeline_MlpPolicy_20260225-153005.csv
554,0.1029757261276245,Feed-forward PPO,../finalModels/mlp_hybrid/seed_456/eval/timeline_MlpPolicy_20260225-153005.csv
555,0.0865769386291503,Feed-forward PPO,../finalModels/mlp_hybrid/seed_456/eval/timeline_MlpPolicy_20260225-153005.csv
556,0.1872690916061401,Feed-forward PPO,../finalModels/mlp_hybrid/seed_456/eval/timeline_MlpPolicy_20260225-153005.csv
557,0.1396279335021972,Feed-forward PPO,../finalModels/mlp_hybrid/seed_456/eval/timeline_MlpPolicy_20260225-153005.csv
558,0.0936942100524902,Feed-forward PPO,../finalModels/mlp_hybrid/seed_456/eval/timeline_MlpPolicy_20260225-153005.csv
559,0.2950682640075683,Feed-forward PPO,../finalModels/mlp_hybrid/seed_456/eval/timeline_MlpPolicy_20260225-153005.csv
560,0.2491000890731811,Feed-forward PPO,../finalModels/mlp_hybrid/seed_456/eval/timeline_MlpPolicy_20260225-153005.csv
561,0.2051374912261963,Feed-forward PPO,../finalModels/mlp_hybrid/seed_456/eval/timeline_MlpPolicy_20260225-153005.csv
562,0.294321060180664,Feed-forward PPO,../finalModels/mlp_hybrid/seed_456/eval/timeline_MlpPolicy_20260225-153005.csv
563,0.4899542331695556,Feed-forward PPO,../finalModels/mlp_hybrid/seed_456/eval/timeline_MlpPolicy_20260225-153005.csv
564,0.2815616130828857,Feed-forward PPO,../finalModels/mlp_hybrid/seed_456/eval/timeline_MlpPolicy_20260225-153005.csv
565,0.2968056201934814,Feed-forward PPO,../finalModels/mlp_hybrid/seed_456/eval/timeline_MlpPolicy_20260225-153005.csv
566,0.4104518890380859,Feed-forward PPO,../finalModels/mlp_hybrid/seed_456/eval/timeline_MlpPolicy_20260225-153005.csv
567,0.3897798061370849,Feed-forward PPO,../finalModels/mlp_hybrid/seed_456/eval/timeline_MlpPolicy_20260225-153005.csv
568,0.3855488300323486,Feed-forward PPO,../finalModels/mlp_hybrid/seed_456/eval/timeline_MlpPolicy_20260225-153005.csv
569,0.455294132232666,Feed-forward PPO,../finalModels/mlp_hybrid/seed_456/eval/timeline_MlpPolicy_20260225-153005.csv
570,0.5883886814117432,Feed-forward PPO,../finalModels/mlp_hybrid/seed_456/eval/timeline_MlpPolicy_20260225-153005.csv
571,0.4724898338317871,Feed-forward PPO,../finalModels/mlp_hybrid/seed_456/eval/timeline_MlpPolicy_20260225-153005.csv
572,0.4600074291229248,Feed-forward PPO,../finalModels/mlp_hybrid/seed_456/eval/timeline_MlpPolicy_20260225-153005.csv
573,0.4515755176544189,Feed-forward PPO,../finalModels/mlp_hybrid/seed_456/eval/timeline_MlpPolicy_20260225-153005.csv
574,0.4746580123901367,Feed-forward PPO,../finalModels/mlp_hybrid/seed_456/eval/timeline_MlpPolicy_20260225-153005.csv
575,0.4552745819091797,Feed-forward PPO,../finalModels/mlp_hybrid/seed_456/eval/timeline_MlpPolicy_20260225-153005.csv
576,0.4532756805419922,Feed-forward PPO,../finalModels/mlp_hybrid/seed_456/eval/timeline_MlpPolicy_20260225-153005.csv
577,0.483302354812622,Feed-forward PPO,../finalModels/mlp_hybrid/seed_456/eval/timeline_MlpPolicy_20260225-153005.csv
578,0.6157197952270508,Feed-forward PPO,../finalModels/mlp_hybrid/seed_456/eval/timeline_MlpPolicy_20260225-153005.csv
579,0.6177237033843994,Feed-forward PPO,../finalModels/mlp_hybrid/seed_456/eval/timeline_MlpPolicy_20260225-153005.csv
580,0.8197279572486877,Feed-forward PPO,../finalModels/mlp_hybrid/seed_456/eval/timeline_MlpPolicy_20260225-153005.csv
581,0.8195390701293945,Feed-forward PPO,../finalModels/mlp_hybrid/seed_456/eval/timeline_MlpPolicy_20260225-153005.csv
582,0.8194282054901123,Feed-forward PPO,../finalModels/mlp_hybrid/seed_456/eval/timeline_MlpPolicy_20260225-153005.csv
583,0.8195822238922119,Feed-forward PPO,../finalModels/mlp_hybrid/seed_456/eval/timeline_MlpPolicy_20260225-153005.csv
584,0.8195646405220032,Feed-forward PPO,../finalModels/mlp_hybrid/seed_456/eval/timeline_MlpPolicy_20260225-153005.csv
585,0.8193901181221008,Feed-forward PPO,../finalModels/mlp_hybrid/seed_456/eval/timeline_MlpPolicy_20260225-153005.csv
586,0.8193285465240479,Feed-forward PPO,../finalModels/mlp_hybrid/seed_456/eval/timeline_MlpPolicy_20260225-153005.csv
587,0.8193583488464355,Feed-forward PPO,../finalModels/mlp_hybrid/seed_456/eval/timeline_MlpPolicy_20260225-153005.csv
588,0.8193979859352112,Feed-forward PPO,../finalModels/mlp_hybrid/seed_456/eval/timeline_MlpPolicy_20260225-153005.csv
589,0.819475531578064,Feed-forward PPO,../finalModels/mlp_hybrid/seed_456/eval/timeline_MlpPolicy_20260225-153005.csv
590,0.8194531798362732,Feed-forward PPO,../finalModels/mlp_hybrid/seed_456/eval/timeline_MlpPolicy_20260225-153005.csv
591,0.819378137588501,Feed-forward PPO,../finalModels/mlp_hybrid/seed_456/eval/timeline_MlpPolicy_20260225-153005.csv
592,0.8194908499717712,Feed-forward PPO,../finalModels/mlp_hybrid/seed_456/eval/timeline_MlpPolicy_20260225-153005.csv
593,0.5333800315856934,Feed-forward PPO,../finalModels/mlp_hybrid/seed_456/eval/timeline_MlpPolicy_20260225-153005.csv
594,0.6200566291809082,Feed-forward PPO,../finalModels/mlp_hybrid/seed_456/eval/timeline_MlpPolicy_20260225-153005.csv
595,0.7950718402862549,Feed-forward PPO,../finalModels/mlp_hybrid/seed_456/eval/timeline_MlpPolicy_20260225-153005.csv
596,0.618431568145752,Feed-forward PPO,../finalModels/mlp_hybrid/seed_456/eval/timeline_MlpPolicy_20260225-153005.csv
597,0.8201020359992981,Feed-forward PPO,../finalModels/mlp_hybrid/seed_456/eval/timeline_MlpPolicy_20260225-153005.csv
598,0.8197340965270996,Feed-forward PPO,../finalModels/mlp_hybrid/seed_456/eval/timeline_MlpPolicy_20260225-153005.csv
599,0.8196039795875549,Feed-forward PPO,../finalModels/mlp_hybrid/seed_456/eval/timeline_MlpPolicy_20260225-153005.csv
600,0.8199271559715271,Feed-forward PPO,../finalModels/mlp_hybrid/seed_456/eval/timeline_MlpPolicy_20260225-153005.csv
601,0.8198766112327576,Feed-forward PPO,../finalModels/mlp_hybrid/seed_456/eval/timeline_MlpPolicy_20260225-153005.csv
602,0.8196840286254883,Feed-forward PPO,../finalModels/mlp_hybrid/seed_456/eval/timeline_MlpPolicy_20260225-153005.csv
603,0.8198292255401611,Feed-forward PPO,../finalModels/mlp_hybrid/seed_456/eval/timeline_MlpPolicy_20260225-153005.csv
604,0.8195921182632446,Feed-forward PPO,../finalModels/mlp_hybrid/seed_456/eval/timeline_MlpPolicy_20260225-153005.csv
605,0.819825291633606,Feed-forward PPO,../finalModels/mlp_hybrid/seed_456/eval/timeline_MlpPolicy_20260225-153005.csv
606,0.8195943832397461,Feed-forward PPO,../finalModels/mlp_hybrid/seed_456/eval/timeline_MlpPolicy_20260225-153005.csv
607,0.8193628191947937,Feed-forward PPO,../finalModels/mlp_hybrid/seed_456/eval/timeline_MlpPolicy_20260225-153005.csv
608,0.8195275664329529,Feed-forward PPO,../finalModels/mlp_hybrid/seed_456/eval/timeline_MlpPolicy_20260225-153005.csv
609,0.8197031617164612,Feed-forward PPO,../finalModels/mlp_hybrid/seed_456/eval/timeline_MlpPolicy_20260225-153005.csv
610,0.81993168592453,Feed-forward PPO,../finalModels/mlp_hybrid/seed_456/eval/timeline_MlpPolicy_20260225-153005.csv
611,0.8199025392532349,Feed-forward PPO,../finalModels/mlp_hybrid/seed_456/eval/timeline_MlpPolicy_20260225-153005.csv
612,0.8202382922172546,Feed-forward PPO,../finalModels/mlp_hybrid/seed_456/eval/timeline_MlpPolicy_20260225-153005.csv
613,0.8199479579925537,Feed-forward PPO,../finalModels/mlp_hybrid/seed_456/eval/timeline_MlpPolicy_20260225-153005.csv
614,0.820156455039978,Feed-forward PPO,../finalModels/mlp_hybrid/seed_456/eval/timeline_MlpPolicy_20260225-153005.csv
615,0.8202686905860901,Feed-forward PPO,../finalModels/mlp_hybrid/seed_456/eval/timeline_MlpPolicy_20260225-153005.csv
616,0.8203690052032471,Feed-forward PPO,../finalModels/mlp_hybrid/seed_456/eval/timeline_MlpPolicy_20260225-153005.csv
617,0.8206334710121155,Feed-forward PPO,../finalModels/mlp_hybrid/seed_456/eval/timeline_MlpPolicy_20260225-153005.csv
618,0.8205193281173706,Feed-forward PPO,../finalModels/mlp_hybrid/seed_456/eval/timeline_MlpPolicy_20260225-153005.csv
619,0.8205177187919617,Feed-forward PPO,../finalModels/mlp_hybrid/seed_456/eval/timeline_MlpPolicy_20260225-153005.csv
620,0.8203272223472595,Feed-forward PPO,../finalModels/mlp_hybrid/seed_456/eval/timeline_MlpPolicy_20260225-153005.csv
621,0.8204168677330017,Feed-forward PPO,../finalModels/mlp_hybrid/seed_456/eval/timeline_MlpPolicy_20260225-153005.csv
622,0.820601224899292,Feed-forward PPO,../finalModels/mlp_hybrid/seed_456/eval/timeline_MlpPolicy_20260225-153005.csv
623,0.8203387260437012,Feed-forward PPO,../finalModels/mlp_hybrid/seed_456/eval/timeline_MlpPolicy_20260225-153005.csv
624,0.819589376449585,Feed-forward PPO,../finalModels/mlp_hybrid/seed_456/eval/timeline_MlpPolicy_20260225-153005.csv
625,0.8201882243156433,Feed-forward PPO,../finalModels/mlp_hybrid/seed_456/eval/timeline_MlpPolicy_20260225-153005.csv
626,0.8202771544456482,Feed-forward PPO,../finalModels/mlp_hybrid/seed_456/eval/timeline_MlpPolicy_20260225-153005.csv
627,0.8202724456787109,Feed-forward PPO,../finalModels/mlp_hybrid/seed_456/eval/timeline_MlpPolicy_20260225-153005.csv
628,1.0471668243408203,Feed-forward PPO,../finalModels/mlp_hybrid/seed_456/eval/timeline_MlpPolicy_20260225-153005.csv
629,0.6607175469398499,Feed-forward PPO,../finalModels/mlp_hybrid/seed_456/eval/timeline_MlpPolicy_20260225-153005.csv
630,0.7214698195457458,Feed-forward PPO,../finalModels/mlp_hybrid/seed_456/eval/timeline_MlpPolicy_20260225-153005.csv
631,0.7571422457695007,Feed-forward PPO,../finalModels/mlp_hybrid/seed_456/eval/timeline_MlpPolicy_20260225-153005.csv
632,0.6174113154411316,Feed-forward PPO,../finalModels/mlp_hybrid/seed_456/eval/timeline_MlpPolicy_20260225-153005.csv
633,0.5279061198234558,Feed-forward PPO,../finalModels/mlp_hybrid/seed_456/eval/timeline_MlpPolicy_20260225-153005.csv
634,0.7310948371887207,Feed-forward PPO,../finalModels/mlp_hybrid/seed_456/eval/timeline_MlpPolicy_20260225-153005.csv
635,0.6747350692749023,Feed-forward PPO,../finalModels/mlp_hybrid/seed_456/eval/timeline_MlpPolicy_20260225-153005.csv
636,0.5722757577896118,Feed-forward PPO,../finalModels/mlp_hybrid/seed_456/eval/timeline_MlpPolicy_20260225-153005.csv
637,0.564328134059906,Feed-forward PPO,../finalModels/mlp_hybrid/seed_456/eval/timeline_MlpPolicy_20260225-153005.csv
638,0.7053916454315186,Feed-forward PPO,../finalModels/mlp_hybrid/seed_456/eval/timeline_MlpPolicy_20260225-153005.csv
639,0.5970398783683777,Feed-forward PPO,../finalModels/mlp_hybrid/seed_456/eval/timeline_MlpPolicy_20260225-153005.csv
640,0.5956584811210632,Feed-forward PPO,../finalModels/mlp_hybrid/seed_456/eval/timeline_MlpPolicy_20260225-153005.csv
641,0.5444949269294739,Feed-forward PPO,../finalModels/mlp_hybrid/seed_456/eval/timeline_MlpPolicy_20260225-153005.csv
642,0.4600627422332763,Feed-forward PPO,../finalModels/mlp_hybrid/seed_456/eval/timeline_MlpPolicy_20260225-153005.csv
643,0.3016003370285034,Feed-forward PPO,../finalModels/mlp_hybrid/seed_456/eval/timeline_MlpPolicy_20260225-153005.csv
644,0.2256162166595459,Feed-forward PPO,../finalModels/mlp_hybrid/seed_456/eval/timeline_MlpPolicy_20260225-153005.csv
645,0.3088374137878418,Feed-forward PPO,../finalModels/mlp_hybrid/seed_456/eval/timeline_MlpPolicy_20260225-153005.csv
646,0.2489268779754638,Feed-forward PPO,../finalModels/mlp_hybrid/seed_456/eval/timeline_MlpPolicy_20260225-153005.csv
647,0.1820501089096069,Feed-forward PPO,../finalModels/mlp_hybrid/seed_456/eval/timeline_MlpPolicy_20260225-153005.csv
648,0.1504116058349609,Feed-forward PPO,../finalModels/mlp_hybrid/seed_456/eval/timeline_MlpPolicy_20260225-153005.csv
649,0.2462315559387207,Feed-forward PPO,../finalModels/mlp_hybrid/seed_456/eval/timeline_MlpPolicy_20260225-153005.csv
650,0.2385815382003784,Feed-forward PPO,../finalModels/mlp_hybrid/seed_456/eval/timeline_MlpPolicy_20260225-153005.csv
651,0.197671890258789,Feed-forward PPO,../finalModels/mlp_hybrid/seed_456/eval/timeline_MlpPolicy_20260225-153005.csv
652,0.193837285041809,Feed-forward PPO,../finalModels/mlp_hybrid/seed_456/eval/timeline_MlpPolicy_20260225-153005.csv
653,0.204314112663269,Feed-forward PPO,../finalModels/mlp_hybrid/seed_456/eval/timeline_MlpPolicy_20260225-153005.csv
654,0.1843411922454834,Feed-forward PPO,../finalModels/mlp_hybrid/seed_456/eval/timeline_MlpPolicy_20260225-153005.csv
655,0.1876400709152221,Feed-forward PPO,../finalModels/mlp_hybrid/seed_456/eval/timeline_MlpPolicy_20260225-153005.csv
656,0.1911842823028564,Feed-forward PPO,../finalModels/mlp_hybrid/seed_456/eval/timeline_MlpPolicy_20260225-153005.csv
657,0.1592812538146972,Feed-forward PPO,../finalModels/mlp_hybrid/seed_456/eval/timeline_MlpPolicy_20260225-153005.csv
658,0.1982159614562988,Feed-forward PPO,../finalModels/mlp_hybrid/seed_456/eval/timeline_MlpPolicy_20260225-153005.csv
659,0.2741127014160156,Feed-forward PPO,../finalModels/mlp_hybrid/seed_456/eval/timeline_MlpPolicy_20260225-153005.csv
660,0.3024570941925049,Feed-forward PPO,../finalModels/mlp_hybrid/seed_456/eval/timeline_MlpPolicy_20260225-153005.csv
661,0.2267376184463501,Feed-forward PPO,../finalModels/mlp_hybrid/seed_456/eval/timeline_MlpPolicy_20260225-153005.csv
662,0.435271680355072,Feed-forward PPO,../finalModels/mlp_hybrid/seed_456/eval/timeline_MlpPolicy_20260225-153005.csv
663,0.4200310111045837,Feed-forward PPO,../finalModels/mlp_hybrid/seed_456/eval/timeline_MlpPolicy_20260225-153005.csv
664,0.5237739086151123,Feed-forward PPO,../finalModels/mlp_hybrid/seed_456/eval/timeline_MlpPolicy_20260225-153005.csv
665,0.4528877735137939,Feed-forward PPO,../finalModels/mlp_hybrid/seed_456/eval/timeline_MlpPolicy_20260225-153005.csv
666,0.4736495018005371,Feed-forward PPO,../finalModels/mlp_hybrid/seed_456/eval/timeline_MlpPolicy_20260225-153005.csv
667,0.6191036701202393,Feed-forward PPO,../finalModels/mlp_hybrid/seed_456/eval/timeline_MlpPolicy_20260225-153005.csv
668,0.6195881366729736,Feed-forward PPO,../finalModels/mlp_hybrid/seed_456/eval/timeline_MlpPolicy_20260225-153005.csv
669,0.71663498878479,Feed-forward PPO,../finalModels/mlp_hybrid/seed_456/eval/timeline_MlpPolicy_20260225-153005.csv
670,0.4557230472564697,Feed-forward PPO,../finalModels/mlp_hybrid/seed_456/eval/timeline_MlpPolicy_20260225-153005.csv
671,0.4546473026275635,Feed-forward PPO,../finalModels/mlp_hybrid/seed_456/eval/timeline_MlpPolicy_20260225-153005.csv
672,1.066320538520813,Feed-forward PPO,../finalModels/mlp_hybrid/seed_456/eval/timeline_MlpPolicy_20260225-153005.csv
673,0.6035168170928955,Feed-forward PPO,../finalModels/mlp_hybrid/seed_456/eval/timeline_MlpPolicy_20260225-153005.csv
674,0.4706037044525146,Feed-forward PPO,../finalModels/mlp_hybrid/seed_456/eval/timeline_MlpPolicy_20260225-153005.csv
675,1.1099412441253662,Feed-forward PPO,../finalModels/mlp_hybrid/seed_456/eval/timeline_MlpPolicy_20260225-153005.csv
676,0.8682025671005249,Feed-forward PPO,../finalModels/mlp_hybrid/seed_456/eval/timeline_MlpPolicy_20260225-153005.csv
677,0.8200913667678833,Feed-forward PPO,../finalModels/mlp_hybrid/seed_456/eval/timeline_MlpPolicy_20260225-153005.csv
678,0.8196554183959961,Feed-forward PPO,../finalModels/mlp_hybrid/seed_456/eval/timeline_MlpPolicy_20260225-153005.csv
679,0.8199541568756104,Feed-forward PPO,../finalModels/mlp_hybrid/seed_456/eval/timeline_MlpPolicy_20260225-153005.csv
680,0.819851815700531,Feed-forward PPO,../finalModels/mlp_hybrid/seed_456/eval/timeline_MlpPolicy_20260225-153005.csv
681,0.8199734091758728,Feed-forward PPO,../finalModels/mlp_hybrid/seed_456/eval/timeline_MlpPolicy_20260225-153005.csv
682,0.8200370073318481,Feed-forward PPO,../finalModels/mlp_hybrid/seed_456/eval/timeline_MlpPolicy_20260225-153005.csv
683,0.820246696472168,Feed-forward PPO,../finalModels/mlp_hybrid/seed_456/eval/timeline_MlpPolicy_20260225-153005.csv
684,0.8198789358139038,Feed-forward PPO,../finalModels/mlp_hybrid/seed_456/eval/timeline_MlpPolicy_20260225-153005.csv
685,0.8202763199806213,Feed-forward PPO,../finalModels/mlp_hybrid/seed_456/eval/timeline_MlpPolicy_20260225-153005.csv
686,0.8197665214538574,Feed-forward PPO,../finalModels/mlp_hybrid/seed_456/eval/timeline_MlpPolicy_20260225-153005.csv
687,0.8208306431770325,Feed-forward PPO,../finalModels/mlp_hybrid/seed_456/eval/timeline_MlpPolicy_20260225-153005.csv
688,0.8201614022254944,Feed-forward PPO,../finalModels/mlp_hybrid/seed_456/eval/timeline_MlpPolicy_20260225-153005.csv
689,0.8204386234283447,Feed-forward PPO,../finalModels/mlp_hybrid/seed_456/eval/timeline_MlpPolicy_20260225-153005.csv
690,0.8206108808517456,Feed-forward PPO,../finalModels/mlp_hybrid/seed_456/eval/timeline_MlpPolicy_20260225-153005.csv
691,0.8202160596847534,Feed-forward PPO,../finalModels/mlp_hybrid/seed_456/eval/timeline_MlpPolicy_20260225-153005.csv
692,0.8200108408927917,Feed-forward PPO,../finalModels/mlp_hybrid/seed_456/eval/timeline_MlpPolicy_20260225-153005.csv
693,0.8204765915870667,Feed-forward PPO,../finalModels/mlp_hybrid/seed_456/eval/timeline_MlpPolicy_20260225-153005.csv
694,0.8201033473014832,Feed-forward PPO,../finalModels/mlp_hybrid/seed_456/eval/timeline_MlpPolicy_20260225-153005.csv
695,0.8205170631408691,Feed-forward PPO,../finalModels/mlp_hybrid/seed_456/eval/timeline_MlpPolicy_20260225-153005.csv
696,0.8201485872268677,Feed-forward PPO,../finalModels/mlp_hybrid/seed_456/eval/timeline_MlpPolicy_20260225-153005.csv
697,0.8205069899559021,Feed-forward PPO,../finalModels/mlp_hybrid/seed_456/eval/timeline_MlpPolicy_20260225-153005.csv
698,0.8200317621231079,Feed-forward PPO,../finalModels/mlp_hybrid/seed_456/eval/timeline_MlpPolicy_20260225-153005.csv
699,0.820551872253418,Feed-forward PPO,../finalModels/mlp_hybrid/seed_456/eval/timeline_MlpPolicy_20260225-153005.csv
700,0.8203940987586975,Feed-forward PPO,../finalModels/mlp_hybrid/seed_456/eval/timeline_MlpPolicy_20260225-153005.csv
701,0.8203351497650146,Feed-forward PPO,../finalModels/mlp_hybrid/seed_456/eval/timeline_MlpPolicy_20260225-153005.csv
702,0.8205792307853699,Feed-forward PPO,../finalModels/mlp_hybrid/seed_456/eval/timeline_MlpPolicy_20260225-153005.csv
703,0.8205026984214783,Feed-forward PPO,../finalModels/mlp_hybrid/seed_456/eval/timeline_MlpPolicy_20260225-153005.csv
704,0.8204936385154724,Feed-forward PPO,../finalModels/mlp_hybrid/seed_456/eval/timeline_MlpPolicy_20260225-153005.csv
705,0.8208222389221191,Feed-forward PPO,../finalModels/mlp_hybrid/seed_456/eval/timeline_MlpPolicy_20260225-153005.csv
706,0.8205760717391968,Feed-forward PPO,../finalModels/mlp_hybrid/seed_456/eval/timeline_MlpPolicy_20260225-153005.csv
707,0.8204068541526794,Feed-forward PPO,../finalModels/mlp_hybrid/seed_456/eval/timeline_MlpPolicy_20260225-153005.csv
708,0.8207228183746338,Feed-forward PPO,../finalModels/mlp_hybrid/seed_456/eval/timeline_MlpPolicy_20260225-153005.csv
709,0.8208337426185608,Feed-forward PPO,../finalModels/mlp_hybrid/seed_456/eval/timeline_MlpPolicy_20260225-153005.csv
710,0.8210389614105225,Feed-forward PPO,../finalModels/mlp_hybrid/seed_456/eval/timeline_MlpPolicy_20260225-153005.csv
711,0.8210644721984863,Feed-forward PPO,../finalModels/mlp_hybrid/seed_456/eval/timeline_MlpPolicy_20260225-153005.csv
712,0.821160614490509,Feed-forward PPO,../finalModels/mlp_hybrid/seed_456/eval/timeline_MlpPolicy_20260225-153005.csv
713,0.8212704062461853,Feed-forward PPO,../finalModels/mlp_hybrid/seed_456/eval/timeline_MlpPolicy_20260225-153005.csv
714,0.8211338520050049,Feed-forward PPO,../finalModels/mlp_hybrid/seed_456/eval/timeline_MlpPolicy_20260225-153005.csv
715,0.8208032250404358,Feed-forward PPO,../finalModels/mlp_hybrid/seed_456/eval/timeline_MlpPolicy_20260225-153005.csv
716,0.8210242986679077,Feed-forward PPO,../finalModels/mlp_hybrid/seed_456/eval/timeline_MlpPolicy_20260225-153005.csv
717,0.8211065530776978,Feed-forward PPO,../finalModels/mlp_hybrid/seed_456/eval/timeline_MlpPolicy_20260225-153005.csv
718,0.8210337162017822,Feed-forward PPO,../finalModels/mlp_hybrid/seed_456/eval/timeline_MlpPolicy_20260225-153005.csv
719,0.8207669854164124,Feed-forward PPO,../finalModels/mlp_hybrid/seed_456/eval/timeline_MlpPolicy_20260225-153005.csv
0,0.8208297491073608,Recurrent PPO,../finalModels/lstm_hybrid/seed_456/eval/timeline_MlpLstmPolicy_20260225-152927.csv
1,0.8207671046257019,Recurrent PPO,../finalModels/lstm_hybrid/seed_456/eval/timeline_MlpLstmPolicy_20260225-152927.csv
2,0.820699155330658,Recurrent PPO,../finalModels/lstm_hybrid/seed_456/eval/timeline_MlpLstmPolicy_20260225-152927.csv
3,0.8206891417503357,Recurrent PPO,../finalModels/lstm_hybrid/seed_456/eval/timeline_MlpLstmPolicy_20260225-152927.csv
4,0.8208350539207458,Recurrent PPO,../finalModels/lstm_hybrid/seed_456/eval/timeline_MlpLstmPolicy_20260225-152927.csv
5,0.8206606507301331,Recurrent PPO,../finalModels/lstm_hybrid/seed_456/eval/timeline_MlpLstmPolicy_20260225-152927.csv
6,0.8206168413162231,Recurrent PPO,../finalModels/lstm_hybrid/seed_456/eval/timeline_MlpLstmPolicy_20260225-152927.csv
7,0.8209586143493652,Recurrent PPO,../finalModels/lstm_hybrid/seed_456/eval/timeline_MlpLstmPolicy_20260225-152927.csv
8,0.8207944631576538,Recurrent PPO,../finalModels/lstm_hybrid/seed_456/eval/timeline_MlpLstmPolicy_20260225-152927.csv
9,0.8213800191879272,Recurrent PPO,../finalModels/lstm_hybrid/seed_456/eval/timeline_MlpLstmPolicy_20260225-152927.csv
10,0.8210428357124329,Recurrent PPO,../finalModels/lstm_hybrid/seed_456/eval/timeline_MlpLstmPolicy_20260225-152927.csv
11,0.821078360080719,Recurrent PPO,../finalModels/lstm_hybrid/seed_456/eval/timeline_MlpLstmPolicy_20260225-152927.csv
12,0.8211866021156311,Recurrent PPO,../finalModels/lstm_hybrid/seed_456/eval/timeline_MlpLstmPolicy_20260225-152927.csv
13,0.8214457631111145,Recurrent PPO,../finalModels/lstm_hybrid/seed_456/eval/timeline_MlpLstmPolicy_20260225-152927.csv
14,0.8211996555328369,Recurrent PPO,../finalModels/lstm_hybrid/seed_456/eval/timeline_MlpLstmPolicy_20260225-152927.csv
15,0.8211184740066528,Recurrent PPO,../finalModels/lstm_hybrid/seed_456/eval/timeline_MlpLstmPolicy_20260225-152927.csv
16,0.8209959864616394,Recurrent PPO,../finalModels/lstm_hybrid/seed_456/eval/timeline_MlpLstmPolicy_20260225-152927.csv
17,0.8211719989776611,Recurrent PPO,../finalModels/lstm_hybrid/seed_456/eval/timeline_MlpLstmPolicy_20260225-152927.csv
18,0.8212147951126099,Recurrent PPO,../finalModels/lstm_hybrid/seed_456/eval/timeline_MlpLstmPolicy_20260225-152927.csv
19,0.8209925293922424,Recurrent PPO,../finalModels/lstm_hybrid/seed_456/eval/timeline_MlpLstmPolicy_20260225-152927.csv
20,0.8209382891654968,Recurrent PPO,../finalModels/lstm_hybrid/seed_456/eval/timeline_MlpLstmPolicy_20260225-152927.csv
21,0.8210228681564331,Recurrent PPO,../finalModels/lstm_hybrid/seed_456/eval/timeline_MlpLstmPolicy_20260225-152927.csv
22,0.821037769317627,Recurrent PPO,../finalModels/lstm_hybrid/seed_456/eval/timeline_MlpLstmPolicy_20260225-152927.csv
23,0.8211585879325867,Recurrent PPO,../finalModels/lstm_hybrid/seed_456/eval/timeline_MlpLstmPolicy_20260225-152927.csv
24,0.821047306060791,Recurrent PPO,../finalModels/lstm_hybrid/seed_456/eval/timeline_MlpLstmPolicy_20260225-152927.csv
25,0.8211355209350586,Recurrent PPO,../finalModels/lstm_hybrid/seed_456/eval/timeline_MlpLstmPolicy_20260225-152927.csv
26,0.8211109638214111,Recurrent PPO,../finalModels/lstm_hybrid/seed_456/eval/timeline_MlpLstmPolicy_20260225-152927.csv
27,0.821194589138031,Recurrent PPO,../finalModels/lstm_hybrid/seed_456/eval/timeline_MlpLstmPolicy_20260225-152927.csv
28,0.8212161064147949,Recurrent PPO,../finalModels/lstm_hybrid/seed_456/eval/timeline_MlpLstmPolicy_20260225-152927.csv
29,0.8211367726325989,Recurrent PPO,../finalModels/lstm_hybrid/seed_456/eval/timeline_MlpLstmPolicy_20260225-152927.csv
30,0.8211234211921692,Recurrent PPO,../finalModels/lstm_hybrid/seed_456/eval/timeline_MlpLstmPolicy_20260225-152927.csv
31,0.8210693001747131,Recurrent PPO,../finalModels/lstm_hybrid/seed_456/eval/timeline_MlpLstmPolicy_20260225-152927.csv
32,0.82126784324646,Recurrent PPO,../finalModels/lstm_hybrid/seed_456/eval/timeline_MlpLstmPolicy_20260225-152927.csv
33,0.8212223649024963,Recurrent PPO,../finalModels/lstm_hybrid/seed_456/eval/timeline_MlpLstmPolicy_20260225-152927.csv
34,0.821312665939331,Recurrent PPO,../finalModels/lstm_hybrid/seed_456/eval/timeline_MlpLstmPolicy_20260225-152927.csv
35,0.821315586566925,Recurrent PPO,../finalModels/lstm_hybrid/seed_456/eval/timeline_MlpLstmPolicy_20260225-152927.csv
36,0.8214139938354492,Recurrent PPO,../finalModels/lstm_hybrid/seed_456/eval/timeline_MlpLstmPolicy_20260225-152927.csv
37,0.8216312527656555,Recurrent PPO,../finalModels/lstm_hybrid/seed_456/eval/timeline_MlpLstmPolicy_20260225-152927.csv
38,0.8217755556106567,Recurrent PPO,../finalModels/lstm_hybrid/seed_456/eval/timeline_MlpLstmPolicy_20260225-152927.csv
39,0.8216659426689148,Recurrent PPO,../finalModels/lstm_hybrid/seed_456/eval/timeline_MlpLstmPolicy_20260225-152927.csv
40,0.8217807412147522,Recurrent PPO,../finalModels/lstm_hybrid/seed_456/eval/timeline_MlpLstmPolicy_20260225-152927.csv
41,0.8215503692626953,Recurrent PPO,../finalModels/lstm_hybrid/seed_456/eval/timeline_MlpLstmPolicy_20260225-152927.csv
42,0.8216627836227417,Recurrent PPO,../finalModels/lstm_hybrid/seed_456/eval/timeline_MlpLstmPolicy_20260225-152927.csv
43,0.8216778635978699,Recurrent PPO,../finalModels/lstm_hybrid/seed_456/eval/timeline_MlpLstmPolicy_20260225-152927.csv
44,0.8215766549110413,Recurrent PPO,../finalModels/lstm_hybrid/seed_456/eval/timeline_MlpLstmPolicy_20260225-152927.csv
45,0.8215200304985046,Recurrent PPO,../finalModels/lstm_hybrid/seed_456/eval/timeline_MlpLstmPolicy_20260225-152927.csv
46,0.8214367032051086,Recurrent PPO,../finalModels/lstm_hybrid/seed_456/eval/timeline_MlpLstmPolicy_20260225-152927.csv
47,0.8212745189666748,Recurrent PPO,../finalModels/lstm_hybrid/seed_456/eval/timeline_MlpLstmPolicy_20260225-152927.csv
48,0.8207030296325684,Recurrent PPO,../finalModels/lstm_hybrid/seed_456/eval/timeline_MlpLstmPolicy_20260225-152927.csv
49,0.8207046985626221,Recurrent PPO,../finalModels/lstm_hybrid/seed_456/eval/timeline_MlpLstmPolicy_20260225-152927.csv
50,0.8206716179847717,Recurrent PPO,../finalModels/lstm_hybrid/seed_456/eval/timeline_MlpLstmPolicy_20260225-152927.csv
51,0.8206453919410706,Recurrent PPO,../finalModels/lstm_hybrid/seed_456/eval/timeline_MlpLstmPolicy_20260225-152927.csv
52,0.8204581141471863,Recurrent PPO,../finalModels/lstm_hybrid/seed_456/eval/timeline_MlpLstmPolicy_20260225-152927.csv
53,0.8203153610229492,Recurrent PPO,../finalModels/lstm_hybrid/seed_456/eval/timeline_MlpLstmPolicy_20260225-152927.csv
54,0.819787323474884,Recurrent PPO,../finalModels/lstm_hybrid/seed_456/eval/timeline_MlpLstmPolicy_20260225-152927.csv
55,0.8195781707763672,Recurrent PPO,../finalModels/lstm_hybrid/seed_456/eval/timeline_MlpLstmPolicy_20260225-152927.csv
56,0.7099208831787109,Recurrent PPO,../finalModels/lstm_hybrid/seed_456/eval/timeline_MlpLstmPolicy_20260225-152927.csv
57,0.5142900943756104,Recurrent PPO,../finalModels/lstm_hybrid/seed_456/eval/timeline_MlpLstmPolicy_20260225-152927.csv
58,0.4649660587310791,Recurrent PPO,../finalModels/lstm_hybrid/seed_456/eval/timeline_MlpLstmPolicy_20260225-152927.csv
59,0.4626893997192383,Recurrent PPO,../finalModels/lstm_hybrid/seed_456/eval/timeline_MlpLstmPolicy_20260225-152927.csv
60,0.5093181133270264,Recurrent PPO,../finalModels/lstm_hybrid/seed_456/eval/timeline_MlpLstmPolicy_20260225-152927.csv
61,0.4095077514648437,Recurrent PPO,../finalModels/lstm_hybrid/seed_456/eval/timeline_MlpLstmPolicy_20260225-152927.csv
62,0.4100236892700195,Recurrent PPO,../finalModels/lstm_hybrid/seed_456/eval/timeline_MlpLstmPolicy_20260225-152927.csv
63,0.2311159372329712,Recurrent PPO,../finalModels/lstm_hybrid/seed_456/eval/timeline_MlpLstmPolicy_20260225-152927.csv
64,0.2281011343002319,Recurrent PPO,../finalModels/lstm_hybrid/seed_456/eval/timeline_MlpLstmPolicy_20260225-152927.csv
65,0.2360293865203857,Recurrent PPO,../finalModels/lstm_hybrid/seed_456/eval/timeline_MlpLstmPolicy_20260225-152927.csv
66,0.2478348016738891,Recurrent PPO,../finalModels/lstm_hybrid/seed_456/eval/timeline_MlpLstmPolicy_20260225-152927.csv
67,0.1999144554138183,Recurrent PPO,../finalModels/lstm_hybrid/seed_456/eval/timeline_MlpLstmPolicy_20260225-152927.csv
68,0.2216492891311645,Recurrent PPO,../finalModels/lstm_hybrid/seed_456/eval/timeline_MlpLstmPolicy_20260225-152927.csv
69,0.2486070394515991,Recurrent PPO,../finalModels/lstm_hybrid/seed_456/eval/timeline_MlpLstmPolicy_20260225-152927.csv
70,0.3460928201675415,Recurrent PPO,../finalModels/lstm_hybrid/seed_456/eval/timeline_MlpLstmPolicy_20260225-152927.csv
71,0.310145616531372,Recurrent PPO,../finalModels/lstm_hybrid/seed_456/eval/timeline_MlpLstmPolicy_20260225-152927.csv
72,0.2307456731796264,Recurrent PPO,../finalModels/lstm_hybrid/seed_456/eval/timeline_MlpLstmPolicy_20260225-152927.csv
73,0.281959056854248,Recurrent PPO,../finalModels/lstm_hybrid/seed_456/eval/timeline_MlpLstmPolicy_20260225-152927.csv
74,0.2441434860229492,Recurrent PPO,../finalModels/lstm_hybrid/seed_456/eval/timeline_MlpLstmPolicy_20260225-152927.csv
75,0.2273650169372558,Recurrent PPO,../finalModels/lstm_hybrid/seed_456/eval/timeline_MlpLstmPolicy_20260225-152927.csv
76,0.4283927083015442,Recurrent PPO,../finalModels/lstm_hybrid/seed_456/eval/timeline_MlpLstmPolicy_20260225-152927.csv
77,0.6425275802612305,Recurrent PPO,../finalModels/lstm_hybrid/seed_456/eval/timeline_MlpLstmPolicy_20260225-152927.csv
78,0.7764146327972412,Recurrent PPO,../finalModels/lstm_hybrid/seed_456/eval/timeline_MlpLstmPolicy_20260225-152927.csv
79,0.6782410144805908,Recurrent PPO,../finalModels/lstm_hybrid/seed_456/eval/timeline_MlpLstmPolicy_20260225-152927.csv
80,0.8700119256973267,Recurrent PPO,../finalModels/lstm_hybrid/seed_456/eval/timeline_MlpLstmPolicy_20260225-152927.csv
81,0.6419320106506348,Recurrent PPO,../finalModels/lstm_hybrid/seed_456/eval/timeline_MlpLstmPolicy_20260225-152927.csv
82,0.8197656869888306,Recurrent PPO,../finalModels/lstm_hybrid/seed_456/eval/timeline_MlpLstmPolicy_20260225-152927.csv
83,0.819677472114563,Recurrent PPO,../finalModels/lstm_hybrid/seed_456/eval/timeline_MlpLstmPolicy_20260225-152927.csv
84,0.8198644518852234,Recurrent PPO,../finalModels/lstm_hybrid/seed_456/eval/timeline_MlpLstmPolicy_20260225-152927.csv
85,0.8201916217803955,Recurrent PPO,../finalModels/lstm_hybrid/seed_456/eval/timeline_MlpLstmPolicy_20260225-152927.csv
86,0.8196293115615845,Recurrent PPO,../finalModels/lstm_hybrid/seed_456/eval/timeline_MlpLstmPolicy_20260225-152927.csv
87,0.8194049000740051,Recurrent PPO,../finalModels/lstm_hybrid/seed_456/eval/timeline_MlpLstmPolicy_20260225-152927.csv
88,0.8195735812187195,Recurrent PPO,../finalModels/lstm_hybrid/seed_456/eval/timeline_MlpLstmPolicy_20260225-152927.csv
89,0.8195191621780396,Recurrent PPO,../finalModels/lstm_hybrid/seed_456/eval/timeline_MlpLstmPolicy_20260225-152927.csv
90,0.8196284770965576,Recurrent PPO,../finalModels/lstm_hybrid/seed_456/eval/timeline_MlpLstmPolicy_20260225-152927.csv
91,0.8194787502288818,Recurrent PPO,../finalModels/lstm_hybrid/seed_456/eval/timeline_MlpLstmPolicy_20260225-152927.csv
92,0.8194868564605713,Recurrent PPO,../finalModels/lstm_hybrid/seed_456/eval/timeline_MlpLstmPolicy_20260225-152927.csv
93,0.8195491433143616,Recurrent PPO,../finalModels/lstm_hybrid/seed_456/eval/timeline_MlpLstmPolicy_20260225-152927.csv
94,0.8197300434112549,Recurrent PPO,../finalModels/lstm_hybrid/seed_456/eval/timeline_MlpLstmPolicy_20260225-152927.csv
95,0.8198044896125793,Recurrent PPO,../finalModels/lstm_hybrid/seed_456/eval/timeline_MlpLstmPolicy_20260225-152927.csv
96,0.8196727633476257,Recurrent PPO,../finalModels/lstm_hybrid/seed_456/eval/timeline_MlpLstmPolicy_20260225-152927.csv
97,0.8205490708351135,Recurrent PPO,../finalModels/lstm_hybrid/seed_456/eval/timeline_MlpLstmPolicy_20260225-152927.csv
98,0.8208091855049133,Recurrent PPO,../finalModels/lstm_hybrid/seed_456/eval/timeline_MlpLstmPolicy_20260225-152927.csv
99,0.8208896517753601,Recurrent PPO,../finalModels/lstm_hybrid/seed_456/eval/timeline_MlpLstmPolicy_20260225-152927.csv
100,0.8210375308990479,Recurrent PPO,../finalModels/lstm_hybrid/seed_456/eval/timeline_MlpLstmPolicy_20260225-152927.csv
101,0.8212706446647644,Recurrent PPO,../finalModels/lstm_hybrid/seed_456/eval/timeline_MlpLstmPolicy_20260225-152927.csv
102,0.8210391998291016,Recurrent PPO,../finalModels/lstm_hybrid/seed_456/eval/timeline_MlpLstmPolicy_20260225-152927.csv
103,0.8208702802658081,Recurrent PPO,../finalModels/lstm_hybrid/seed_456/eval/timeline_MlpLstmPolicy_20260225-152927.csv
104,0.8205929398536682,Recurrent PPO,../finalModels/lstm_hybrid/seed_456/eval/timeline_MlpLstmPolicy_20260225-152927.csv
105,0.8205466270446777,Recurrent PPO,../finalModels/lstm_hybrid/seed_456/eval/timeline_MlpLstmPolicy_20260225-152927.csv
106,0.8206658363342285,Recurrent PPO,../finalModels/lstm_hybrid/seed_456/eval/timeline_MlpLstmPolicy_20260225-152927.csv
107,0.8204479813575745,Recurrent PPO,../finalModels/lstm_hybrid/seed_456/eval/timeline_MlpLstmPolicy_20260225-152927.csv
108,0.8203816413879395,Recurrent PPO,../finalModels/lstm_hybrid/seed_456/eval/timeline_MlpLstmPolicy_20260225-152927.csv
109,0.8199811577796936,Recurrent PPO,../finalModels/lstm_hybrid/seed_456/eval/timeline_MlpLstmPolicy_20260225-152927.csv
110,0.8198498487472534,Recurrent PPO,../finalModels/lstm_hybrid/seed_456/eval/timeline_MlpLstmPolicy_20260225-152927.csv
111,0.8200137615203857,Recurrent PPO,../finalModels/lstm_hybrid/seed_456/eval/timeline_MlpLstmPolicy_20260225-152927.csv
112,0.819935142993927,Recurrent PPO,../finalModels/lstm_hybrid/seed_456/eval/timeline_MlpLstmPolicy_20260225-152927.csv
113,0.8201082348823547,Recurrent PPO,../finalModels/lstm_hybrid/seed_456/eval/timeline_MlpLstmPolicy_20260225-152927.csv
114,0.8200592994689941,Recurrent PPO,../finalModels/lstm_hybrid/seed_456/eval/timeline_MlpLstmPolicy_20260225-152927.csv
115,0.8203130960464478,Recurrent PPO,../finalModels/lstm_hybrid/seed_456/eval/timeline_MlpLstmPolicy_20260225-152927.csv
116,0.8201966881752014,Recurrent PPO,../finalModels/lstm_hybrid/seed_456/eval/timeline_MlpLstmPolicy_20260225-152927.csv
117,0.8206387758255005,Recurrent PPO,../finalModels/lstm_hybrid/seed_456/eval/timeline_MlpLstmPolicy_20260225-152927.csv
118,0.8207694888114929,Recurrent PPO,../finalModels/lstm_hybrid/seed_456/eval/timeline_MlpLstmPolicy_20260225-152927.csv
119,0.8204960823059082,Recurrent PPO,../finalModels/lstm_hybrid/seed_456/eval/timeline_MlpLstmPolicy_20260225-152927.csv
120,0.8208366632461548,Recurrent PPO,../finalModels/lstm_hybrid/seed_456/eval/timeline_MlpLstmPolicy_20260225-152927.csv
121,0.820704996585846,Recurrent PPO,../finalModels/lstm_hybrid/seed_456/eval/timeline_MlpLstmPolicy_20260225-152927.csv
122,0.8211010694503784,Recurrent PPO,../finalModels/lstm_hybrid/seed_456/eval/timeline_MlpLstmPolicy_20260225-152927.csv
123,0.8211041688919067,Recurrent PPO,../finalModels/lstm_hybrid/seed_456/eval/timeline_MlpLstmPolicy_20260225-152927.csv
124,0.820740818977356,Recurrent PPO,../finalModels/lstm_hybrid/seed_456/eval/timeline_MlpLstmPolicy_20260225-152927.csv
125,0.8208307027816772,Recurrent PPO,../finalModels/lstm_hybrid/seed_456/eval/timeline_MlpLstmPolicy_20260225-152927.csv
126,0.8209315538406372,Recurrent PPO,../finalModels/lstm_hybrid/seed_456/eval/timeline_MlpLstmPolicy_20260225-152927.csv
127,0.8207828998565674,Recurrent PPO,../finalModels/lstm_hybrid/seed_456/eval/timeline_MlpLstmPolicy_20260225-152927.csv
128,0.8209185600280762,Recurrent PPO,../finalModels/lstm_hybrid/seed_456/eval/timeline_MlpLstmPolicy_20260225-152927.csv
129,0.820921003818512,Recurrent PPO,../finalModels/lstm_hybrid/seed_456/eval/timeline_MlpLstmPolicy_20260225-152927.csv
130,0.820745050907135,Recurrent PPO,../finalModels/lstm_hybrid/seed_456/eval/timeline_MlpLstmPolicy_20260225-152927.csv
131,0.8211095333099365,Recurrent PPO,../finalModels/lstm_hybrid/seed_456/eval/timeline_MlpLstmPolicy_20260225-152927.csv
132,0.821201503276825,Recurrent PPO,../finalModels/lstm_hybrid/seed_456/eval/timeline_MlpLstmPolicy_20260225-152927.csv
133,0.8211587071418762,Recurrent PPO,../finalModels/lstm_hybrid/seed_456/eval/timeline_MlpLstmPolicy_20260225-152927.csv
134,0.8214423060417175,Recurrent PPO,../finalModels/lstm_hybrid/seed_456/eval/timeline_MlpLstmPolicy_20260225-152927.csv
135,0.8215359449386597,Recurrent PPO,../finalModels/lstm_hybrid/seed_456/eval/timeline_MlpLstmPolicy_20260225-152927.csv
136,0.821501612663269,Recurrent PPO,../finalModels/lstm_hybrid/seed_456/eval/timeline_MlpLstmPolicy_20260225-152927.csv
137,0.82161545753479,Recurrent PPO,../finalModels/lstm_hybrid/seed_456/eval/timeline_MlpLstmPolicy_20260225-152927.csv
138,0.8215668797492981,Recurrent PPO,../finalModels/lstm_hybrid/seed_456/eval/timeline_MlpLstmPolicy_20260225-152927.csv
139,0.8216506838798523,Recurrent PPO,../finalModels/lstm_hybrid/seed_456/eval/timeline_MlpLstmPolicy_20260225-152927.csv
140,0.821388304233551,Recurrent PPO,../finalModels/lstm_hybrid/seed_456/eval/timeline_MlpLstmPolicy_20260225-152927.csv
141,0.8212496638298035,Recurrent PPO,../finalModels/lstm_hybrid/seed_456/eval/timeline_MlpLstmPolicy_20260225-152927.csv
142,0.8212591409683228,Recurrent PPO,../finalModels/lstm_hybrid/seed_456/eval/timeline_MlpLstmPolicy_20260225-152927.csv
143,0.8209695816040039,Recurrent PPO,../finalModels/lstm_hybrid/seed_456/eval/timeline_MlpLstmPolicy_20260225-152927.csv
144,0.8206528425216675,Recurrent PPO,../finalModels/lstm_hybrid/seed_456/eval/timeline_MlpLstmPolicy_20260225-152927.csv
145,0.8207225203514099,Recurrent PPO,../finalModels/lstm_hybrid/seed_456/eval/timeline_MlpLstmPolicy_20260225-152927.csv
146,0.8206086754798889,Recurrent PPO,../finalModels/lstm_hybrid/seed_456/eval/timeline_MlpLstmPolicy_20260225-152927.csv
147,0.820503830909729,Recurrent PPO,../finalModels/lstm_hybrid/seed_456/eval/timeline_MlpLstmPolicy_20260225-152927.csv
148,0.8204410076141357,Recurrent PPO,../finalModels/lstm_hybrid/seed_456/eval/timeline_MlpLstmPolicy_20260225-152927.csv
149,0.8201919198036194,Recurrent PPO,../finalModels/lstm_hybrid/seed_456/eval/timeline_MlpLstmPolicy_20260225-152927.csv
150,0.8195720314979553,Recurrent PPO,../finalModels/lstm_hybrid/seed_456/eval/timeline_MlpLstmPolicy_20260225-152927.csv
151,0.8195399641990662,Recurrent PPO,../finalModels/lstm_hybrid/seed_456/eval/timeline_MlpLstmPolicy_20260225-152927.csv
152,0.6176595687866211,Recurrent PPO,../finalModels/lstm_hybrid/seed_456/eval/timeline_MlpLstmPolicy_20260225-152927.csv
153,0.4568023681640625,Recurrent PPO,../finalModels/lstm_hybrid/seed_456/eval/timeline_MlpLstmPolicy_20260225-152927.csv
154,0.4548988342285156,Recurrent PPO,../finalModels/lstm_hybrid/seed_456/eval/timeline_MlpLstmPolicy_20260225-152927.csv
155,0.4691085815429687,Recurrent PPO,../finalModels/lstm_hybrid/seed_456/eval/timeline_MlpLstmPolicy_20260225-152927.csv
156,0.4535822868347168,Recurrent PPO,../finalModels/lstm_hybrid/seed_456/eval/timeline_MlpLstmPolicy_20260225-152927.csv
157,0.4960331916809082,Recurrent PPO,../finalModels/lstm_hybrid/seed_456/eval/timeline_MlpLstmPolicy_20260225-152927.csv
158,0.4972343444824219,Recurrent PPO,../finalModels/lstm_hybrid/seed_456/eval/timeline_MlpLstmPolicy_20260225-152927.csv
159,0.2680957317352295,Recurrent PPO,../finalModels/lstm_hybrid/seed_456/eval/timeline_MlpLstmPolicy_20260225-152927.csv
160,0.3023275136947632,Recurrent PPO,../finalModels/lstm_hybrid/seed_456/eval/timeline_MlpLstmPolicy_20260225-152927.csv
161,0.8542764186859131,Recurrent PPO,../finalModels/lstm_hybrid/seed_456/eval/timeline_MlpLstmPolicy_20260225-152927.csv
162,0.6364476084709167,Recurrent PPO,../finalModels/lstm_hybrid/seed_456/eval/timeline_MlpLstmPolicy_20260225-152927.csv
163,0.3225443363189697,Recurrent PPO,../finalModels/lstm_hybrid/seed_456/eval/timeline_MlpLstmPolicy_20260225-152927.csv
164,0.4257221817970276,Recurrent PPO,../finalModels/lstm_hybrid/seed_456/eval/timeline_MlpLstmPolicy_20260225-152927.csv
165,0.2276146411895752,Recurrent PPO,../finalModels/lstm_hybrid/seed_456/eval/timeline_MlpLstmPolicy_20260225-152927.csv
166,0.2283231019973755,Recurrent PPO,../finalModels/lstm_hybrid/seed_456/eval/timeline_MlpLstmPolicy_20260225-152927.csv
167,0.2252249717712402,Recurrent PPO,../finalModels/lstm_hybrid/seed_456/eval/timeline_MlpLstmPolicy_20260225-152927.csv
168,0.2173539400100708,Recurrent PPO,../finalModels/lstm_hybrid/seed_456/eval/timeline_MlpLstmPolicy_20260225-152927.csv
169,0.3095433712005615,Recurrent PPO,../finalModels/lstm_hybrid/seed_456/eval/timeline_MlpLstmPolicy_20260225-152927.csv
170,0.2364284992218017,Recurrent PPO,../finalModels/lstm_hybrid/seed_456/eval/timeline_MlpLstmPolicy_20260225-152927.csv
171,0.2252168655395507,Recurrent PPO,../finalModels/lstm_hybrid/seed_456/eval/timeline_MlpLstmPolicy_20260225-152927.csv
172,0.4050920009613037,Recurrent PPO,../finalModels/lstm_hybrid/seed_456/eval/timeline_MlpLstmPolicy_20260225-152927.csv
173,0.421231210231781,Recurrent PPO,../finalModels/lstm_hybrid/seed_456/eval/timeline_MlpLstmPolicy_20260225-152927.csv
174,0.7041683197021484,Recurrent PPO,../finalModels/lstm_hybrid/seed_456/eval/timeline_MlpLstmPolicy_20260225-152927.csv
175,0.7112758159637451,Recurrent PPO,../finalModels/lstm_hybrid/seed_456/eval/timeline_MlpLstmPolicy_20260225-152927.csv
176,0.5610740184783936,Recurrent PPO,../finalModels/lstm_hybrid/seed_456/eval/timeline_MlpLstmPolicy_20260225-152927.csv
177,0.7391080856323242,Recurrent PPO,../finalModels/lstm_hybrid/seed_456/eval/timeline_MlpLstmPolicy_20260225-152927.csv
178,0.7172040939331055,Recurrent PPO,../finalModels/lstm_hybrid/seed_456/eval/timeline_MlpLstmPolicy_20260225-152927.csv
179,0.8196328282356262,Recurrent PPO,../finalModels/lstm_hybrid/seed_456/eval/timeline_MlpLstmPolicy_20260225-152927.csv
180,0.8199342489242554,Recurrent PPO,../finalModels/lstm_hybrid/seed_456/eval/timeline_MlpLstmPolicy_20260225-152927.csv
181,0.8195255994796753,Recurrent PPO,../finalModels/lstm_hybrid/seed_456/eval/timeline_MlpLstmPolicy_20260225-152927.csv
182,0.8191854953765869,Recurrent PPO,../finalModels/lstm_hybrid/seed_456/eval/timeline_MlpLstmPolicy_20260225-152927.csv
183,0.5642231702804565,Recurrent PPO,../finalModels/lstm_hybrid/seed_456/eval/timeline_MlpLstmPolicy_20260225-152927.csv
184,0.6430107355117798,Recurrent PPO,../finalModels/lstm_hybrid/seed_456/eval/timeline_MlpLstmPolicy_20260225-152927.csv
185,0.6080366969108582,Recurrent PPO,../finalModels/lstm_hybrid/seed_456/eval/timeline_MlpLstmPolicy_20260225-152927.csv
186,0.5572758913040161,Recurrent PPO,../finalModels/lstm_hybrid/seed_456/eval/timeline_MlpLstmPolicy_20260225-152927.csv
187,0.8194831013679504,Recurrent PPO,../finalModels/lstm_hybrid/seed_456/eval/timeline_MlpLstmPolicy_20260225-152927.csv
188,0.8194065690040588,Recurrent PPO,../finalModels/lstm_hybrid/seed_456/eval/timeline_MlpLstmPolicy_20260225-152927.csv
189,0.819283664226532,Recurrent PPO,../finalModels/lstm_hybrid/seed_456/eval/timeline_MlpLstmPolicy_20260225-152927.csv
190,0.8195967674255371,Recurrent PPO,../finalModels/lstm_hybrid/seed_456/eval/timeline_MlpLstmPolicy_20260225-152927.csv
191,0.8198058605194092,Recurrent PPO,../finalModels/lstm_hybrid/seed_456/eval/timeline_MlpLstmPolicy_20260225-152927.csv
192,0.8197502493858337,Recurrent PPO,../finalModels/lstm_hybrid/seed_456/eval/timeline_MlpLstmPolicy_20260225-152927.csv
193,0.82045578956604,Recurrent PPO,../finalModels/lstm_hybrid/seed_456/eval/timeline_MlpLstmPolicy_20260225-152927.csv
194,0.8207449316978455,Recurrent PPO,../finalModels/lstm_hybrid/seed_456/eval/timeline_MlpLstmPolicy_20260225-152927.csv
195,0.8210132122039795,Recurrent PPO,../finalModels/lstm_hybrid/seed_456/eval/timeline_MlpLstmPolicy_20260225-152927.csv
196,0.8209130167961121,Recurrent PPO,../finalModels/lstm_hybrid/seed_456/eval/timeline_MlpLstmPolicy_20260225-152927.csv
197,0.820898711681366,Recurrent PPO,../finalModels/lstm_hybrid/seed_456/eval/timeline_MlpLstmPolicy_20260225-152927.csv
198,0.8209813237190247,Recurrent PPO,../finalModels/lstm_hybrid/seed_456/eval/timeline_MlpLstmPolicy_20260225-152927.csv
199,0.820754885673523,Recurrent PPO,../finalModels/lstm_hybrid/seed_456/eval/timeline_MlpLstmPolicy_20260225-152927.csv
200,0.8206959962844849,Recurrent PPO,../finalModels/lstm_hybrid/seed_456/eval/timeline_MlpLstmPolicy_20260225-152927.csv
201,0.8205204010009766,Recurrent PPO,../finalModels/lstm_hybrid/seed_456/eval/timeline_MlpLstmPolicy_20260225-152927.csv
202,0.8206498622894287,Recurrent PPO,../finalModels/lstm_hybrid/seed_456/eval/timeline_MlpLstmPolicy_20260225-152927.csv
203,0.8202293515205383,Recurrent PPO,../finalModels/lstm_hybrid/seed_456/eval/timeline_MlpLstmPolicy_20260225-152927.csv
204,0.8197686076164246,Recurrent PPO,../finalModels/lstm_hybrid/seed_456/eval/timeline_MlpLstmPolicy_20260225-152927.csv
205,0.8196867108345032,Recurrent PPO,../finalModels/lstm_hybrid/seed_456/eval/timeline_MlpLstmPolicy_20260225-152927.csv
206,0.8201022744178772,Recurrent PPO,../finalModels/lstm_hybrid/seed_456/eval/timeline_MlpLstmPolicy_20260225-152927.csv
207,0.8198290467262268,Recurrent PPO,../finalModels/lstm_hybrid/seed_456/eval/timeline_MlpLstmPolicy_20260225-152927.csv
208,0.8202390670776367,Recurrent PPO,../finalModels/lstm_hybrid/seed_456/eval/timeline_MlpLstmPolicy_20260225-152927.csv
209,0.8203918933868408,Recurrent PPO,../finalModels/lstm_hybrid/seed_456/eval/timeline_MlpLstmPolicy_20260225-152927.csv
210,0.8201497793197632,Recurrent PPO,../finalModels/lstm_hybrid/seed_456/eval/timeline_MlpLstmPolicy_20260225-152927.csv
211,0.8201795816421509,Recurrent PPO,../finalModels/lstm_hybrid/seed_456/eval/timeline_MlpLstmPolicy_20260225-152927.csv
212,0.8204478025436401,Recurrent PPO,../finalModels/lstm_hybrid/seed_456/eval/timeline_MlpLstmPolicy_20260225-152927.csv
213,0.820573627948761,Recurrent PPO,../finalModels/lstm_hybrid/seed_456/eval/timeline_MlpLstmPolicy_20260225-152927.csv
214,0.8204838633537292,Recurrent PPO,../finalModels/lstm_hybrid/seed_456/eval/timeline_MlpLstmPolicy_20260225-152927.csv
215,0.8204209804534912,Recurrent PPO,../finalModels/lstm_hybrid/seed_456/eval/timeline_MlpLstmPolicy_20260225-152927.csv
216,0.8206337094306946,Recurrent PPO,../finalModels/lstm_hybrid/seed_456/eval/timeline_MlpLstmPolicy_20260225-152927.csv
217,0.820665717124939,Recurrent PPO,../finalModels/lstm_hybrid/seed_456/eval/timeline_MlpLstmPolicy_20260225-152927.csv
218,0.8207811117172241,Recurrent PPO,../finalModels/lstm_hybrid/seed_456/eval/timeline_MlpLstmPolicy_20260225-152927.csv
219,0.8207316994667053,Recurrent PPO,../finalModels/lstm_hybrid/seed_456/eval/timeline_MlpLstmPolicy_20260225-152927.csv
220,0.8206861019134521,Recurrent PPO,../finalModels/lstm_hybrid/seed_456/eval/timeline_MlpLstmPolicy_20260225-152927.csv
221,0.8204658627510071,Recurrent PPO,../finalModels/lstm_hybrid/seed_456/eval/timeline_MlpLstmPolicy_20260225-152927.csv
222,0.820627748966217,Recurrent PPO,../finalModels/lstm_hybrid/seed_456/eval/timeline_MlpLstmPolicy_20260225-152927.csv
223,0.8203251361846924,Recurrent PPO,../finalModels/lstm_hybrid/seed_456/eval/timeline_MlpLstmPolicy_20260225-152927.csv
224,0.8206320405006409,Recurrent PPO,../finalModels/lstm_hybrid/seed_456/eval/timeline_MlpLstmPolicy_20260225-152927.csv
225,0.8208380937576294,Recurrent PPO,../finalModels/lstm_hybrid/seed_456/eval/timeline_MlpLstmPolicy_20260225-152927.csv
226,0.8209559321403503,Recurrent PPO,../finalModels/lstm_hybrid/seed_456/eval/timeline_MlpLstmPolicy_20260225-152927.csv
227,0.8208880424499512,Recurrent PPO,../finalModels/lstm_hybrid/seed_456/eval/timeline_MlpLstmPolicy_20260225-152927.csv
228,0.8208995461463928,Recurrent PPO,../finalModels/lstm_hybrid/seed_456/eval/timeline_MlpLstmPolicy_20260225-152927.csv
229,0.820915699005127,Recurrent PPO,../finalModels/lstm_hybrid/seed_456/eval/timeline_MlpLstmPolicy_20260225-152927.csv
230,0.8206936717033386,Recurrent PPO,../finalModels/lstm_hybrid/seed_456/eval/timeline_MlpLstmPolicy_20260225-152927.csv
231,0.8208009600639343,Recurrent PPO,../finalModels/lstm_hybrid/seed_456/eval/timeline_MlpLstmPolicy_20260225-152927.csv
232,0.8209648132324219,Recurrent PPO,../finalModels/lstm_hybrid/seed_456/eval/timeline_MlpLstmPolicy_20260225-152927.csv
233,0.8211840987205505,Recurrent PPO,../finalModels/lstm_hybrid/seed_456/eval/timeline_MlpLstmPolicy_20260225-152927.csv
234,0.8212605118751526,Recurrent PPO,../finalModels/lstm_hybrid/seed_456/eval/timeline_MlpLstmPolicy_20260225-152927.csv
235,0.8212780356407166,Recurrent PPO,../finalModels/lstm_hybrid/seed_456/eval/timeline_MlpLstmPolicy_20260225-152927.csv
236,0.8213050365447998,Recurrent PPO,../finalModels/lstm_hybrid/seed_456/eval/timeline_MlpLstmPolicy_20260225-152927.csv
237,0.8212922215461731,Recurrent PPO,../finalModels/lstm_hybrid/seed_456/eval/timeline_MlpLstmPolicy_20260225-152927.csv
238,0.8213863372802734,Recurrent PPO,../finalModels/lstm_hybrid/seed_456/eval/timeline_MlpLstmPolicy_20260225-152927.csv
239,0.8212538361549377,Recurrent PPO,../finalModels/lstm_hybrid/seed_456/eval/timeline_MlpLstmPolicy_20260225-152927.csv
240,0.8206851482391357,Recurrent PPO,../finalModels/lstm_hybrid/seed_456/eval/timeline_MlpLstmPolicy_20260225-152927.csv
241,0.8206527829170227,Recurrent PPO,../finalModels/lstm_hybrid/seed_456/eval/timeline_MlpLstmPolicy_20260225-152927.csv
242,0.8205499053001404,Recurrent PPO,../finalModels/lstm_hybrid/seed_456/eval/timeline_MlpLstmPolicy_20260225-152927.csv
243,0.8204792737960815,Recurrent PPO,../finalModels/lstm_hybrid/seed_456/eval/timeline_MlpLstmPolicy_20260225-152927.csv
244,0.8204095959663391,Recurrent PPO,../finalModels/lstm_hybrid/seed_456/eval/timeline_MlpLstmPolicy_20260225-152927.csv
245,0.8206626772880554,Recurrent PPO,../finalModels/lstm_hybrid/seed_456/eval/timeline_MlpLstmPolicy_20260225-152927.csv
246,0.820532500743866,Recurrent PPO,../finalModels/lstm_hybrid/seed_456/eval/timeline_MlpLstmPolicy_20260225-152927.csv
247,0.8200300931930542,Recurrent PPO,../finalModels/lstm_hybrid/seed_456/eval/timeline_MlpLstmPolicy_20260225-152927.csv
248,0.8197675347328186,Recurrent PPO,../finalModels/lstm_hybrid/seed_456/eval/timeline_MlpLstmPolicy_20260225-152927.csv
249,0.8196085691452026,Recurrent PPO,../finalModels/lstm_hybrid/seed_456/eval/timeline_MlpLstmPolicy_20260225-152927.csv
250,0.8195783495903015,Recurrent PPO,../finalModels/lstm_hybrid/seed_456/eval/timeline_MlpLstmPolicy_20260225-152927.csv
251,0.6170673370361328,Recurrent PPO,../finalModels/lstm_hybrid/seed_456/eval/timeline_MlpLstmPolicy_20260225-152927.csv
252,0.5883450508117676,Recurrent PPO,../finalModels/lstm_hybrid/seed_456/eval/timeline_MlpLstmPolicy_20260225-152927.csv
253,0.5525133609771729,Recurrent PPO,../finalModels/lstm_hybrid/seed_456/eval/timeline_MlpLstmPolicy_20260225-152927.csv
254,0.5622115135192871,Recurrent PPO,../finalModels/lstm_hybrid/seed_456/eval/timeline_MlpLstmPolicy_20260225-152927.csv
255,0.469266414642334,Recurrent PPO,../finalModels/lstm_hybrid/seed_456/eval/timeline_MlpLstmPolicy_20260225-152927.csv
256,0.4586779475212097,Recurrent PPO,../finalModels/lstm_hybrid/seed_456/eval/timeline_MlpLstmPolicy_20260225-152927.csv
257,0.3633593320846557,Recurrent PPO,../finalModels/lstm_hybrid/seed_456/eval/timeline_MlpLstmPolicy_20260225-152927.csv
258,0.4898838996887207,Recurrent PPO,../finalModels/lstm_hybrid/seed_456/eval/timeline_MlpLstmPolicy_20260225-152927.csv
259,0.2947678565979004,Recurrent PPO,../finalModels/lstm_hybrid/seed_456/eval/timeline_MlpLstmPolicy_20260225-152927.csv
260,0.421252429485321,Recurrent PPO,../finalModels/lstm_hybrid/seed_456/eval/timeline_MlpLstmPolicy_20260225-152927.csv
261,0.3091448545455932,Recurrent PPO,../finalModels/lstm_hybrid/seed_456/eval/timeline_MlpLstmPolicy_20260225-152927.csv
262,0.208024263381958,Recurrent PPO,../finalModels/lstm_hybrid/seed_456/eval/timeline_MlpLstmPolicy_20260225-152927.csv
263,0.2481608390808105,Recurrent PPO,../finalModels/lstm_hybrid/seed_456/eval/timeline_MlpLstmPolicy_20260225-152927.csv
264,0.1853953599929809,Recurrent PPO,../finalModels/lstm_hybrid/seed_456/eval/timeline_MlpLstmPolicy_20260225-152927.csv
265,0.1755483150482177,Recurrent PPO,../finalModels/lstm_hybrid/seed_456/eval/timeline_MlpLstmPolicy_20260225-152927.csv
266,0.2093921899795532,Recurrent PPO,../finalModels/lstm_hybrid/seed_456/eval/timeline_MlpLstmPolicy_20260225-152927.csv
267,0.139237642288208,Recurrent PPO,../finalModels/lstm_hybrid/seed_456/eval/timeline_MlpLstmPolicy_20260225-152927.csv
268,0.1077589988708496,Recurrent PPO,../finalModels/lstm_hybrid/seed_456/eval/timeline_MlpLstmPolicy_20260225-152927.csv
269,0.2176086902618408,Recurrent PPO,../finalModels/lstm_hybrid/seed_456/eval/timeline_MlpLstmPolicy_20260225-152927.csv
270,0.1857783794403076,Recurrent PPO,../finalModels/lstm_hybrid/seed_456/eval/timeline_MlpLstmPolicy_20260225-152927.csv
271,0.2107175588607788,Recurrent PPO,../finalModels/lstm_hybrid/seed_456/eval/timeline_MlpLstmPolicy_20260225-152927.csv
272,0.3291614055633545,Recurrent PPO,../finalModels/lstm_hybrid/seed_456/eval/timeline_MlpLstmPolicy_20260225-152927.csv
273,0.4053518772125244,Recurrent PPO,../finalModels/lstm_hybrid/seed_456/eval/timeline_MlpLstmPolicy_20260225-152927.csv
274,0.4502608776092529,Recurrent PPO,../finalModels/lstm_hybrid/seed_456/eval/timeline_MlpLstmPolicy_20260225-152927.csv
275,0.4403915405273437,Recurrent PPO,../finalModels/lstm_hybrid/seed_456/eval/timeline_MlpLstmPolicy_20260225-152927.csv
276,0.4668622016906738,Recurrent PPO,../finalModels/lstm_hybrid/seed_456/eval/timeline_MlpLstmPolicy_20260225-152927.csv
277,0.5388047695159912,Recurrent PPO,../finalModels/lstm_hybrid/seed_456/eval/timeline_MlpLstmPolicy_20260225-152927.csv
278,0.5664282441139221,Recurrent PPO,../finalModels/lstm_hybrid/seed_456/eval/timeline_MlpLstmPolicy_20260225-152927.csv
279,0.5520965456962585,Recurrent PPO,../finalModels/lstm_hybrid/seed_456/eval/timeline_MlpLstmPolicy_20260225-152927.csv
280,0.6974889039993286,Recurrent PPO,../finalModels/lstm_hybrid/seed_456/eval/timeline_MlpLstmPolicy_20260225-152927.csv
281,0.7981859445571899,Recurrent PPO,../finalModels/lstm_hybrid/seed_456/eval/timeline_MlpLstmPolicy_20260225-152927.csv
282,0.8927993774414062,Recurrent PPO,../finalModels/lstm_hybrid/seed_456/eval/timeline_MlpLstmPolicy_20260225-152927.csv
283,0.8369622230529785,Recurrent PPO,../finalModels/lstm_hybrid/seed_456/eval/timeline_MlpLstmPolicy_20260225-152927.csv
284,0.8200815320014954,Recurrent PPO,../finalModels/lstm_hybrid/seed_456/eval/timeline_MlpLstmPolicy_20260225-152927.csv
285,0.8199800848960876,Recurrent PPO,../finalModels/lstm_hybrid/seed_456/eval/timeline_MlpLstmPolicy_20260225-152927.csv
286,0.8201596736907959,Recurrent PPO,../finalModels/lstm_hybrid/seed_456/eval/timeline_MlpLstmPolicy_20260225-152927.csv
287,0.8200840950012207,Recurrent PPO,../finalModels/lstm_hybrid/seed_456/eval/timeline_MlpLstmPolicy_20260225-152927.csv
288,0.8204083442687988,Recurrent PPO,../finalModels/lstm_hybrid/seed_456/eval/timeline_MlpLstmPolicy_20260225-152927.csv
289,0.8203228712081909,Recurrent PPO,../finalModels/lstm_hybrid/seed_456/eval/timeline_MlpLstmPolicy_20260225-152927.csv
290,0.8204401731491089,Recurrent PPO,../finalModels/lstm_hybrid/seed_456/eval/timeline_MlpLstmPolicy_20260225-152927.csv
291,0.8203036785125732,Recurrent PPO,../finalModels/lstm_hybrid/seed_456/eval/timeline_MlpLstmPolicy_20260225-152927.csv
292,0.8202028274536133,Recurrent PPO,../finalModels/lstm_hybrid/seed_456/eval/timeline_MlpLstmPolicy_20260225-152927.csv
293,0.8204051852226257,Recurrent PPO,../finalModels/lstm_hybrid/seed_456/eval/timeline_MlpLstmPolicy_20260225-152927.csv
294,0.8205112218856812,Recurrent PPO,../finalModels/lstm_hybrid/seed_456/eval/timeline_MlpLstmPolicy_20260225-152927.csv
295,0.8207553029060364,Recurrent PPO,../finalModels/lstm_hybrid/seed_456/eval/timeline_MlpLstmPolicy_20260225-152927.csv
296,0.8207776546478271,Recurrent PPO,../finalModels/lstm_hybrid/seed_456/eval/timeline_MlpLstmPolicy_20260225-152927.csv
297,0.820441722869873,Recurrent PPO,../finalModels/lstm_hybrid/seed_456/eval/timeline_MlpLstmPolicy_20260225-152927.csv
298,0.8205646276473999,Recurrent PPO,../finalModels/lstm_hybrid/seed_456/eval/timeline_MlpLstmPolicy_20260225-152927.csv
299,0.8204218149185181,Recurrent PPO,../finalModels/lstm_hybrid/seed_456/eval/timeline_MlpLstmPolicy_20260225-152927.csv
300,0.8206188678741455,Recurrent PPO,../finalModels/lstm_hybrid/seed_456/eval/timeline_MlpLstmPolicy_20260225-152927.csv
301,0.8207338452339172,Recurrent PPO,../finalModels/lstm_hybrid/seed_456/eval/timeline_MlpLstmPolicy_20260225-152927.csv
302,0.820775032043457,Recurrent PPO,../finalModels/lstm_hybrid/seed_456/eval/timeline_MlpLstmPolicy_20260225-152927.csv
303,0.8206616640090942,Recurrent PPO,../finalModels/lstm_hybrid/seed_456/eval/timeline_MlpLstmPolicy_20260225-152927.csv
304,0.8207705616950989,Recurrent PPO,../finalModels/lstm_hybrid/seed_456/eval/timeline_MlpLstmPolicy_20260225-152927.csv
305,0.8205468058586121,Recurrent PPO,../finalModels/lstm_hybrid/seed_456/eval/timeline_MlpLstmPolicy_20260225-152927.csv
306,0.8206886053085327,Recurrent PPO,../finalModels/lstm_hybrid/seed_456/eval/timeline_MlpLstmPolicy_20260225-152927.csv
307,0.8208737373352051,Recurrent PPO,../finalModels/lstm_hybrid/seed_456/eval/timeline_MlpLstmPolicy_20260225-152927.csv
308,0.8207995891571045,Recurrent PPO,../finalModels/lstm_hybrid/seed_456/eval/timeline_MlpLstmPolicy_20260225-152927.csv
309,0.8204949498176575,Recurrent PPO,../finalModels/lstm_hybrid/seed_456/eval/timeline_MlpLstmPolicy_20260225-152927.csv
310,0.8206223249435425,Recurrent PPO,../finalModels/lstm_hybrid/seed_456/eval/timeline_MlpLstmPolicy_20260225-152927.csv
311,0.8207781910896301,Recurrent PPO,../finalModels/lstm_hybrid/seed_456/eval/timeline_MlpLstmPolicy_20260225-152927.csv
312,0.8207318186759949,Recurrent PPO,../finalModels/lstm_hybrid/seed_456/eval/timeline_MlpLstmPolicy_20260225-152927.csv
313,0.8208450675010681,Recurrent PPO,../finalModels/lstm_hybrid/seed_456/eval/timeline_MlpLstmPolicy_20260225-152927.csv
314,0.8206700682640076,Recurrent PPO,../finalModels/lstm_hybrid/seed_456/eval/timeline_MlpLstmPolicy_20260225-152927.csv
315,0.8206380009651184,Recurrent PPO,../finalModels/lstm_hybrid/seed_456/eval/timeline_MlpLstmPolicy_20260225-152927.csv
316,0.8207240700721741,Recurrent PPO,../finalModels/lstm_hybrid/seed_456/eval/timeline_MlpLstmPolicy_20260225-152927.csv
317,0.8207131624221802,Recurrent PPO,../finalModels/lstm_hybrid/seed_456/eval/timeline_MlpLstmPolicy_20260225-152927.csv
318,0.8206271529197693,Recurrent PPO,../finalModels/lstm_hybrid/seed_456/eval/timeline_MlpLstmPolicy_20260225-152927.csv
319,0.8204456567764282,Recurrent PPO,../finalModels/lstm_hybrid/seed_456/eval/timeline_MlpLstmPolicy_20260225-152927.csv
320,0.8204228281974792,Recurrent PPO,../finalModels/lstm_hybrid/seed_456/eval/timeline_MlpLstmPolicy_20260225-152927.csv
321,0.8206060528755188,Recurrent PPO,../finalModels/lstm_hybrid/seed_456/eval/timeline_MlpLstmPolicy_20260225-152927.csv
322,0.8205980658531189,Recurrent PPO,../finalModels/lstm_hybrid/seed_456/eval/timeline_MlpLstmPolicy_20260225-152927.csv
323,0.8209981322288513,Recurrent PPO,../finalModels/lstm_hybrid/seed_456/eval/timeline_MlpLstmPolicy_20260225-152927.csv
324,0.8209596872329712,Recurrent PPO,../finalModels/lstm_hybrid/seed_456/eval/timeline_MlpLstmPolicy_20260225-152927.csv
325,0.8210352063179016,Recurrent PPO,../finalModels/lstm_hybrid/seed_456/eval/timeline_MlpLstmPolicy_20260225-152927.csv
326,0.8211431503295898,Recurrent PPO,../finalModels/lstm_hybrid/seed_456/eval/timeline_MlpLstmPolicy_20260225-152927.csv
327,0.8212012052536011,Recurrent PPO,../finalModels/lstm_hybrid/seed_456/eval/timeline_MlpLstmPolicy_20260225-152927.csv
328,0.8212673664093018,Recurrent PPO,../finalModels/lstm_hybrid/seed_456/eval/timeline_MlpLstmPolicy_20260225-152927.csv
329,0.8211387395858765,Recurrent PPO,../finalModels/lstm_hybrid/seed_456/eval/timeline_MlpLstmPolicy_20260225-152927.csv
330,0.8212957978248596,Recurrent PPO,../finalModels/lstm_hybrid/seed_456/eval/timeline_MlpLstmPolicy_20260225-152927.csv
331,0.821272611618042,Recurrent PPO,../finalModels/lstm_hybrid/seed_456/eval/timeline_MlpLstmPolicy_20260225-152927.csv
332,0.821089506149292,Recurrent PPO,../finalModels/lstm_hybrid/seed_456/eval/timeline_MlpLstmPolicy_20260225-152927.csv
333,0.8211290240287781,Recurrent PPO,../finalModels/lstm_hybrid/seed_456/eval/timeline_MlpLstmPolicy_20260225-152927.csv
334,0.8210592269897461,Recurrent PPO,../finalModels/lstm_hybrid/seed_456/eval/timeline_MlpLstmPolicy_20260225-152927.csv
335,0.8209279775619507,Recurrent PPO,../finalModels/lstm_hybrid/seed_456/eval/timeline_MlpLstmPolicy_20260225-152927.csv
336,0.8202784061431885,Recurrent PPO,../finalModels/lstm_hybrid/seed_456/eval/timeline_MlpLstmPolicy_20260225-152927.csv
337,0.8205664157867432,Recurrent PPO,../finalModels/lstm_hybrid/seed_456/eval/timeline_MlpLstmPolicy_20260225-152927.csv
338,0.8205148577690125,Recurrent PPO,../finalModels/lstm_hybrid/seed_456/eval/timeline_MlpLstmPolicy_20260225-152927.csv
339,0.8203927278518677,Recurrent PPO,../finalModels/lstm_hybrid/seed_456/eval/timeline_MlpLstmPolicy_20260225-152927.csv
340,0.8201746940612793,Recurrent PPO,../finalModels/lstm_hybrid/seed_456/eval/timeline_MlpLstmPolicy_20260225-152927.csv
341,0.8196552991867065,Recurrent PPO,../finalModels/lstm_hybrid/seed_456/eval/timeline_MlpLstmPolicy_20260225-152927.csv
342,0.8195410370826721,Recurrent PPO,../finalModels/lstm_hybrid/seed_456/eval/timeline_MlpLstmPolicy_20260225-152927.csv
343,0.8195332884788513,Recurrent PPO,../finalModels/lstm_hybrid/seed_456/eval/timeline_MlpLstmPolicy_20260225-152927.csv
344,0.4594812393188476,Recurrent PPO,../finalModels/lstm_hybrid/seed_456/eval/timeline_MlpLstmPolicy_20260225-152927.csv
345,0.4557845592498779,Recurrent PPO,../finalModels/lstm_hybrid/seed_456/eval/timeline_MlpLstmPolicy_20260225-152927.csv
346,0.4543371200561523,Recurrent PPO,../finalModels/lstm_hybrid/seed_456/eval/timeline_MlpLstmPolicy_20260225-152927.csv
347,0.4853577613830566,Recurrent PPO,../finalModels/lstm_hybrid/seed_456/eval/timeline_MlpLstmPolicy_20260225-152927.csv
348,0.4555087089538574,Recurrent PPO,../finalModels/lstm_hybrid/seed_456/eval/timeline_MlpLstmPolicy_20260225-152927.csv
349,0.4559798240661621,Recurrent PPO,../finalModels/lstm_hybrid/seed_456/eval/timeline_MlpLstmPolicy_20260225-152927.csv
350,0.395301342010498,Recurrent PPO,../finalModels/lstm_hybrid/seed_456/eval/timeline_MlpLstmPolicy_20260225-152927.csv
351,0.2595137357711792,Recurrent PPO,../finalModels/lstm_hybrid/seed_456/eval/timeline_MlpLstmPolicy_20260225-152927.csv
352,0.257066011428833,Recurrent PPO,../finalModels/lstm_hybrid/seed_456/eval/timeline_MlpLstmPolicy_20260225-152927.csv
353,0.2367986440658569,Recurrent PPO,../finalModels/lstm_hybrid/seed_456/eval/timeline_MlpLstmPolicy_20260225-152927.csv
354,0.2192151546478271,Recurrent PPO,../finalModels/lstm_hybrid/seed_456/eval/timeline_MlpLstmPolicy_20260225-152927.csv
355,0.2481920719146728,Recurrent PPO,../finalModels/lstm_hybrid/seed_456/eval/timeline_MlpLstmPolicy_20260225-152927.csv
356,0.2360398769378662,Recurrent PPO,../finalModels/lstm_hybrid/seed_456/eval/timeline_MlpLstmPolicy_20260225-152927.csv
357,0.2339744567871093,Recurrent PPO,../finalModels/lstm_hybrid/seed_456/eval/timeline_MlpLstmPolicy_20260225-152927.csv
358,0.2319164276123047,Recurrent PPO,../finalModels/lstm_hybrid/seed_456/eval/timeline_MlpLstmPolicy_20260225-152927.csv
359,0.1992532014846801,Recurrent PPO,../finalModels/lstm_hybrid/seed_456/eval/timeline_MlpLstmPolicy_20260225-152927.csv
360,0.2259801626205444,Recurrent PPO,../finalModels/lstm_hybrid/seed_456/eval/timeline_MlpLstmPolicy_20260225-152927.csv
361,0.2296030521392822,Recurrent PPO,../finalModels/lstm_hybrid/seed_456/eval/timeline_MlpLstmPolicy_20260225-152927.csv
362,0.2281720638275146,Recurrent PPO,../finalModels/lstm_hybrid/seed_456/eval/timeline_MlpLstmPolicy_20260225-152927.csv
363,0.3869472742080688,Recurrent PPO,../finalModels/lstm_hybrid/seed_456/eval/timeline_MlpLstmPolicy_20260225-152927.csv
364,0.4069445133209228,Recurrent PPO,../finalModels/lstm_hybrid/seed_456/eval/timeline_MlpLstmPolicy_20260225-152927.csv
365,0.3097717761993408,Recurrent PPO,../finalModels/lstm_hybrid/seed_456/eval/timeline_MlpLstmPolicy_20260225-152927.csv
366,0.4693417549133301,Recurrent PPO,../finalModels/lstm_hybrid/seed_456/eval/timeline_MlpLstmPolicy_20260225-152927.csv
367,0.4498186111450195,Recurrent PPO,../finalModels/lstm_hybrid/seed_456/eval/timeline_MlpLstmPolicy_20260225-152927.csv
368,0.4526348114013672,Recurrent PPO,../finalModels/lstm_hybrid/seed_456/eval/timeline_MlpLstmPolicy_20260225-152927.csv
369,0.4556102752685547,Recurrent PPO,../finalModels/lstm_hybrid/seed_456/eval/timeline_MlpLstmPolicy_20260225-152927.csv
370,0.6151061058044434,Recurrent PPO,../finalModels/lstm_hybrid/seed_456/eval/timeline_MlpLstmPolicy_20260225-152927.csv
371,0.619795560836792,Recurrent PPO,../finalModels/lstm_hybrid/seed_456/eval/timeline_MlpLstmPolicy_20260225-152927.csv
372,0.8201864361763,Recurrent PPO,../finalModels/lstm_hybrid/seed_456/eval/timeline_MlpLstmPolicy_20260225-152927.csv
373,0.8205628395080566,Recurrent PPO,../finalModels/lstm_hybrid/seed_456/eval/timeline_MlpLstmPolicy_20260225-152927.csv
374,0.8191681504249573,Recurrent PPO,../finalModels/lstm_hybrid/seed_456/eval/timeline_MlpLstmPolicy_20260225-152927.csv
375,0.8193981051445007,Recurrent PPO,../finalModels/lstm_hybrid/seed_456/eval/timeline_MlpLstmPolicy_20260225-152927.csv
376,0.8194408416748047,Recurrent PPO,../finalModels/lstm_hybrid/seed_456/eval/timeline_MlpLstmPolicy_20260225-152927.csv
377,0.8196161389350891,Recurrent PPO,../finalModels/lstm_hybrid/seed_456/eval/timeline_MlpLstmPolicy_20260225-152927.csv
378,0.8194608092308044,Recurrent PPO,../finalModels/lstm_hybrid/seed_456/eval/timeline_MlpLstmPolicy_20260225-152927.csv
379,0.819309413433075,Recurrent PPO,../finalModels/lstm_hybrid/seed_456/eval/timeline_MlpLstmPolicy_20260225-152927.csv
380,0.8191956877708435,Recurrent PPO,../finalModels/lstm_hybrid/seed_456/eval/timeline_MlpLstmPolicy_20260225-152927.csv
381,0.8195577263832092,Recurrent PPO,../finalModels/lstm_hybrid/seed_456/eval/timeline_MlpLstmPolicy_20260225-152927.csv
382,0.8194184899330139,Recurrent PPO,../finalModels/lstm_hybrid/seed_456/eval/timeline_MlpLstmPolicy_20260225-152927.csv
383,0.8192957639694214,Recurrent PPO,../finalModels/lstm_hybrid/seed_456/eval/timeline_MlpLstmPolicy_20260225-152927.csv
384,0.8194018006324768,Recurrent PPO,../finalModels/lstm_hybrid/seed_456/eval/timeline_MlpLstmPolicy_20260225-152927.csv
385,0.8197486400604248,Recurrent PPO,../finalModels/lstm_hybrid/seed_456/eval/timeline_MlpLstmPolicy_20260225-152927.csv
386,0.8203269243240356,Recurrent PPO,../finalModels/lstm_hybrid/seed_456/eval/timeline_MlpLstmPolicy_20260225-152927.csv
387,0.8204459547996521,Recurrent PPO,../finalModels/lstm_hybrid/seed_456/eval/timeline_MlpLstmPolicy_20260225-152927.csv
388,0.8205767273902893,Recurrent PPO,../finalModels/lstm_hybrid/seed_456/eval/timeline_MlpLstmPolicy_20260225-152927.csv
389,0.8206799030303955,Recurrent PPO,../finalModels/lstm_hybrid/seed_456/eval/timeline_MlpLstmPolicy_20260225-152927.csv
390,0.8204996585845947,Recurrent PPO,../finalModels/lstm_hybrid/seed_456/eval/timeline_MlpLstmPolicy_20260225-152927.csv
391,0.8204768896102905,Recurrent PPO,../finalModels/lstm_hybrid/seed_456/eval/timeline_MlpLstmPolicy_20260225-152927.csv
392,0.8200271129608154,Recurrent PPO,../finalModels/lstm_hybrid/seed_456/eval/timeline_MlpLstmPolicy_20260225-152927.csv
393,0.8203252553939819,Recurrent PPO,../finalModels/lstm_hybrid/seed_456/eval/timeline_MlpLstmPolicy_20260225-152927.csv
394,0.8199402093887329,Recurrent PPO,../finalModels/lstm_hybrid/seed_456/eval/timeline_MlpLstmPolicy_20260225-152927.csv
395,0.8199410438537598,Recurrent PPO,../finalModels/lstm_hybrid/seed_456/eval/timeline_MlpLstmPolicy_20260225-152927.csv
396,0.8196642398834229,Recurrent PPO,../finalModels/lstm_hybrid/seed_456/eval/timeline_MlpLstmPolicy_20260225-152927.csv
397,0.8199521899223328,Recurrent PPO,../finalModels/lstm_hybrid/seed_456/eval/timeline_MlpLstmPolicy_20260225-152927.csv
398,0.8196226358413696,Recurrent PPO,../finalModels/lstm_hybrid/seed_456/eval/timeline_MlpLstmPolicy_20260225-152927.csv
399,0.819642186164856,Recurrent PPO,../finalModels/lstm_hybrid/seed_456/eval/timeline_MlpLstmPolicy_20260225-152927.csv
400,0.8198716640472412,Recurrent PPO,../finalModels/lstm_hybrid/seed_456/eval/timeline_MlpLstmPolicy_20260225-152927.csv
401,0.8195984959602356,Recurrent PPO,../finalModels/lstm_hybrid/seed_456/eval/timeline_MlpLstmPolicy_20260225-152927.csv
402,0.8196362257003784,Recurrent PPO,../finalModels/lstm_hybrid/seed_456/eval/timeline_MlpLstmPolicy_20260225-152927.csv
403,0.8198885917663574,Recurrent PPO,../finalModels/lstm_hybrid/seed_456/eval/timeline_MlpLstmPolicy_20260225-152927.csv
404,0.8199059367179871,Recurrent PPO,../finalModels/lstm_hybrid/seed_456/eval/timeline_MlpLstmPolicy_20260225-152927.csv
405,0.8196253776550293,Recurrent PPO,../finalModels/lstm_hybrid/seed_456/eval/timeline_MlpLstmPolicy_20260225-152927.csv
406,0.8196269869804382,Recurrent PPO,../finalModels/lstm_hybrid/seed_456/eval/timeline_MlpLstmPolicy_20260225-152927.csv
407,0.8196712732315063,Recurrent PPO,../finalModels/lstm_hybrid/seed_456/eval/timeline_MlpLstmPolicy_20260225-152927.csv
408,0.8195278644561768,Recurrent PPO,../finalModels/lstm_hybrid/seed_456/eval/timeline_MlpLstmPolicy_20260225-152927.csv
409,0.8196259140968323,Recurrent PPO,../finalModels/lstm_hybrid/seed_456/eval/timeline_MlpLstmPolicy_20260225-152927.csv
410,0.8200935125350952,Recurrent PPO,../finalModels/lstm_hybrid/seed_456/eval/timeline_MlpLstmPolicy_20260225-152927.csv
411,0.8197475671768188,Recurrent PPO,../finalModels/lstm_hybrid/seed_456/eval/timeline_MlpLstmPolicy_20260225-152927.csv
412,0.819616436958313,Recurrent PPO,../finalModels/lstm_hybrid/seed_456/eval/timeline_MlpLstmPolicy_20260225-152927.csv
413,0.8197475671768188,Recurrent PPO,../finalModels/lstm_hybrid/seed_456/eval/timeline_MlpLstmPolicy_20260225-152927.csv
414,0.8198158144950867,Recurrent PPO,../finalModels/lstm_hybrid/seed_456/eval/timeline_MlpLstmPolicy_20260225-152927.csv
415,0.8202013373374939,Recurrent PPO,../finalModels/lstm_hybrid/seed_456/eval/timeline_MlpLstmPolicy_20260225-152927.csv
416,0.8202207088470459,Recurrent PPO,../finalModels/lstm_hybrid/seed_456/eval/timeline_MlpLstmPolicy_20260225-152927.csv
417,0.8200297355651855,Recurrent PPO,../finalModels/lstm_hybrid/seed_456/eval/timeline_MlpLstmPolicy_20260225-152927.csv
418,0.8204271793365479,Recurrent PPO,../finalModels/lstm_hybrid/seed_456/eval/timeline_MlpLstmPolicy_20260225-152927.csv
419,0.8205558061599731,Recurrent PPO,../finalModels/lstm_hybrid/seed_456/eval/timeline_MlpLstmPolicy_20260225-152927.csv
420,0.8207402229309082,Recurrent PPO,../finalModels/lstm_hybrid/seed_456/eval/timeline_MlpLstmPolicy_20260225-152927.csv
421,0.8208482265472412,Recurrent PPO,../finalModels/lstm_hybrid/seed_456/eval/timeline_MlpLstmPolicy_20260225-152927.csv
422,0.8208445310592651,Recurrent PPO,../finalModels/lstm_hybrid/seed_456/eval/timeline_MlpLstmPolicy_20260225-152927.csv
423,0.820781409740448,Recurrent PPO,../finalModels/lstm_hybrid/seed_456/eval/timeline_MlpLstmPolicy_20260225-152927.csv
424,0.8210582733154297,Recurrent PPO,../finalModels/lstm_hybrid/seed_456/eval/timeline_MlpLstmPolicy_20260225-152927.csv
425,0.8209031820297241,Recurrent PPO,../finalModels/lstm_hybrid/seed_456/eval/timeline_MlpLstmPolicy_20260225-152927.csv
426,0.8207768797874451,Recurrent PPO,../finalModels/lstm_hybrid/seed_456/eval/timeline_MlpLstmPolicy_20260225-152927.csv
427,0.8208716511726379,Recurrent PPO,../finalModels/lstm_hybrid/seed_456/eval/timeline_MlpLstmPolicy_20260225-152927.csv
428,0.8206209540367126,Recurrent PPO,../finalModels/lstm_hybrid/seed_456/eval/timeline_MlpLstmPolicy_20260225-152927.csv
429,0.8207421898841858,Recurrent PPO,../finalModels/lstm_hybrid/seed_456/eval/timeline_MlpLstmPolicy_20260225-152927.csv
430,0.8206163644790649,Recurrent PPO,../finalModels/lstm_hybrid/seed_456/eval/timeline_MlpLstmPolicy_20260225-152927.csv
431,0.8200079798698425,Recurrent PPO,../finalModels/lstm_hybrid/seed_456/eval/timeline_MlpLstmPolicy_20260225-152927.csv
432,0.8194769024848938,Recurrent PPO,../finalModels/lstm_hybrid/seed_456/eval/timeline_MlpLstmPolicy_20260225-152927.csv
433,0.8206390738487244,Recurrent PPO,../finalModels/lstm_hybrid/seed_456/eval/timeline_MlpLstmPolicy_20260225-152927.csv
434,0.8206765055656433,Recurrent PPO,../finalModels/lstm_hybrid/seed_456/eval/timeline_MlpLstmPolicy_20260225-152927.csv
435,0.8206895589828491,Recurrent PPO,../finalModels/lstm_hybrid/seed_456/eval/timeline_MlpLstmPolicy_20260225-152927.csv
436,0.8205260038375854,Recurrent PPO,../finalModels/lstm_hybrid/seed_456/eval/timeline_MlpLstmPolicy_20260225-152927.csv
437,0.819408118724823,Recurrent PPO,../finalModels/lstm_hybrid/seed_456/eval/timeline_MlpLstmPolicy_20260225-152927.csv
438,0.81920325756073,Recurrent PPO,../finalModels/lstm_hybrid/seed_456/eval/timeline_MlpLstmPolicy_20260225-152927.csv
439,0.8193806409835815,Recurrent PPO,../finalModels/lstm_hybrid/seed_456/eval/timeline_MlpLstmPolicy_20260225-152927.csv
440,0.8192884922027588,Recurrent PPO,../finalModels/lstm_hybrid/seed_456/eval/timeline_MlpLstmPolicy_20260225-152927.csv
441,0.818956732749939,Recurrent PPO,../finalModels/lstm_hybrid/seed_456/eval/timeline_MlpLstmPolicy_20260225-152927.csv
442,0.8189735412597656,Recurrent PPO,../finalModels/lstm_hybrid/seed_456/eval/timeline_MlpLstmPolicy_20260225-152927.csv
443,0.8189300298690796,Recurrent PPO,../finalModels/lstm_hybrid/seed_456/eval/timeline_MlpLstmPolicy_20260225-152927.csv
444,0.8189356923103333,Recurrent PPO,../finalModels/lstm_hybrid/seed_456/eval/timeline_MlpLstmPolicy_20260225-152927.csv
445,0.8189599514007568,Recurrent PPO,../finalModels/lstm_hybrid/seed_456/eval/timeline_MlpLstmPolicy_20260225-152927.csv
446,0.8189104199409485,Recurrent PPO,../finalModels/lstm_hybrid/seed_456/eval/timeline_MlpLstmPolicy_20260225-152927.csv
447,0.8188801407814026,Recurrent PPO,../finalModels/lstm_hybrid/seed_456/eval/timeline_MlpLstmPolicy_20260225-152927.csv
448,0.8188439607620239,Recurrent PPO,../finalModels/lstm_hybrid/seed_456/eval/timeline_MlpLstmPolicy_20260225-152927.csv
449,0.0278232097625732,Recurrent PPO,../finalModels/lstm_hybrid/seed_456/eval/timeline_MlpLstmPolicy_20260225-152927.csv
450,0.0151818149467552,Recurrent PPO,../finalModels/lstm_hybrid/seed_456/eval/timeline_MlpLstmPolicy_20260225-152927.csv
451,0.1047785282135009,Recurrent PPO,../finalModels/lstm_hybrid/seed_456/eval/timeline_MlpLstmPolicy_20260225-152927.csv
452,0.0151818149467552,Recurrent PPO,../finalModels/lstm_hybrid/seed_456/eval/timeline_MlpLstmPolicy_20260225-152927.csv
453,0.2407665252685547,Recurrent PPO,../finalModels/lstm_hybrid/seed_456/eval/timeline_MlpLstmPolicy_20260225-152927.csv
454,0.0873886346817016,Recurrent PPO,../finalModels/lstm_hybrid/seed_456/eval/timeline_MlpLstmPolicy_20260225-152927.csv
455,0.0151818149467552,Recurrent PPO,../finalModels/lstm_hybrid/seed_456/eval/timeline_MlpLstmPolicy_20260225-152927.csv
456,0.1010283231735229,Recurrent PPO,../finalModels/lstm_hybrid/seed_456/eval/timeline_MlpLstmPolicy_20260225-152927.csv
457,0.2027682065963745,Recurrent PPO,../finalModels/lstm_hybrid/seed_456/eval/timeline_MlpLstmPolicy_20260225-152927.csv
458,0.2018758058547973,Recurrent PPO,../finalModels/lstm_hybrid/seed_456/eval/timeline_MlpLstmPolicy_20260225-152927.csv
459,0.1443997621536255,Recurrent PPO,../finalModels/lstm_hybrid/seed_456/eval/timeline_MlpLstmPolicy_20260225-152927.csv
460,0.236652135848999,Recurrent PPO,../finalModels/lstm_hybrid/seed_456/eval/timeline_MlpLstmPolicy_20260225-152927.csv
461,0.4885792732238769,Recurrent PPO,../finalModels/lstm_hybrid/seed_456/eval/timeline_MlpLstmPolicy_20260225-152927.csv
462,0.4263539314270019,Recurrent PPO,../finalModels/lstm_hybrid/seed_456/eval/timeline_MlpLstmPolicy_20260225-152927.csv
463,0.4731225967407226,Recurrent PPO,../finalModels/lstm_hybrid/seed_456/eval/timeline_MlpLstmPolicy_20260225-152927.csv
464,0.3952672481536865,Recurrent PPO,../finalModels/lstm_hybrid/seed_456/eval/timeline_MlpLstmPolicy_20260225-152927.csv
465,0.5085432529449463,Recurrent PPO,../finalModels/lstm_hybrid/seed_456/eval/timeline_MlpLstmPolicy_20260225-152927.csv
466,0.4386548995971679,Recurrent PPO,../finalModels/lstm_hybrid/seed_456/eval/timeline_MlpLstmPolicy_20260225-152927.csv
467,0.4744939804077148,Recurrent PPO,../finalModels/lstm_hybrid/seed_456/eval/timeline_MlpLstmPolicy_20260225-152927.csv
468,0.459482192993164,Recurrent PPO,../finalModels/lstm_hybrid/seed_456/eval/timeline_MlpLstmPolicy_20260225-152927.csv
469,0.4369103908538818,Recurrent PPO,../finalModels/lstm_hybrid/seed_456/eval/timeline_MlpLstmPolicy_20260225-152927.csv
470,0.4053964614868164,Recurrent PPO,../finalModels/lstm_hybrid/seed_456/eval/timeline_MlpLstmPolicy_20260225-152927.csv
471,0.8191037178039551,Recurrent PPO,../finalModels/lstm_hybrid/seed_456/eval/timeline_MlpLstmPolicy_20260225-152927.csv
472,0.8189684152603149,Recurrent PPO,../finalModels/lstm_hybrid/seed_456/eval/timeline_MlpLstmPolicy_20260225-152927.csv
473,0.8191406726837158,Recurrent PPO,../finalModels/lstm_hybrid/seed_456/eval/timeline_MlpLstmPolicy_20260225-152927.csv
474,0.8190207481384277,Recurrent PPO,../finalModels/lstm_hybrid/seed_456/eval/timeline_MlpLstmPolicy_20260225-152927.csv
475,0.4457821846008301,Recurrent PPO,../finalModels/lstm_hybrid/seed_456/eval/timeline_MlpLstmPolicy_20260225-152927.csv
476,0.4648733139038086,Recurrent PPO,../finalModels/lstm_hybrid/seed_456/eval/timeline_MlpLstmPolicy_20260225-152927.csv
477,0.449700117111206,Recurrent PPO,../finalModels/lstm_hybrid/seed_456/eval/timeline_MlpLstmPolicy_20260225-152927.csv
478,0.4548759460449219,Recurrent PPO,../finalModels/lstm_hybrid/seed_456/eval/timeline_MlpLstmPolicy_20260225-152927.csv
479,0.4531745910644531,Recurrent PPO,../finalModels/lstm_hybrid/seed_456/eval/timeline_MlpLstmPolicy_20260225-152927.csv
480,0.4982879161834717,Recurrent PPO,../finalModels/lstm_hybrid/seed_456/eval/timeline_MlpLstmPolicy_20260225-152927.csv
481,0.8195874094963074,Recurrent PPO,../finalModels/lstm_hybrid/seed_456/eval/timeline_MlpLstmPolicy_20260225-152927.csv
482,0.8196367621421814,Recurrent PPO,../finalModels/lstm_hybrid/seed_456/eval/timeline_MlpLstmPolicy_20260225-152927.csv
483,0.8197197318077087,Recurrent PPO,../finalModels/lstm_hybrid/seed_456/eval/timeline_MlpLstmPolicy_20260225-152927.csv
484,0.8201412558555603,Recurrent PPO,../finalModels/lstm_hybrid/seed_456/eval/timeline_MlpLstmPolicy_20260225-152927.csv
485,0.820033609867096,Recurrent PPO,../finalModels/lstm_hybrid/seed_456/eval/timeline_MlpLstmPolicy_20260225-152927.csv
486,0.8196454644203186,Recurrent PPO,../finalModels/lstm_hybrid/seed_456/eval/timeline_MlpLstmPolicy_20260225-152927.csv
487,0.8199503421783447,Recurrent PPO,../finalModels/lstm_hybrid/seed_456/eval/timeline_MlpLstmPolicy_20260225-152927.csv
488,0.820059597492218,Recurrent PPO,../finalModels/lstm_hybrid/seed_456/eval/timeline_MlpLstmPolicy_20260225-152927.csv
489,0.8206738829612732,Recurrent PPO,../finalModels/lstm_hybrid/seed_456/eval/timeline_MlpLstmPolicy_20260225-152927.csv
490,0.819642961025238,Recurrent PPO,../finalModels/lstm_hybrid/seed_456/eval/timeline_MlpLstmPolicy_20260225-152927.csv
491,0.8200503587722778,Recurrent PPO,../finalModels/lstm_hybrid/seed_456/eval/timeline_MlpLstmPolicy_20260225-152927.csv
492,0.8195830583572388,Recurrent PPO,../finalModels/lstm_hybrid/seed_456/eval/timeline_MlpLstmPolicy_20260225-152927.csv
493,0.8201318383216858,Recurrent PPO,../finalModels/lstm_hybrid/seed_456/eval/timeline_MlpLstmPolicy_20260225-152927.csv
494,0.8196493983268738,Recurrent PPO,../finalModels/lstm_hybrid/seed_456/eval/timeline_MlpLstmPolicy_20260225-152927.csv
495,0.8197662830352783,Recurrent PPO,../finalModels/lstm_hybrid/seed_456/eval/timeline_MlpLstmPolicy_20260225-152927.csv
496,0.8201350569725037,Recurrent PPO,../finalModels/lstm_hybrid/seed_456/eval/timeline_MlpLstmPolicy_20260225-152927.csv
497,0.8199195861816406,Recurrent PPO,../finalModels/lstm_hybrid/seed_456/eval/timeline_MlpLstmPolicy_20260225-152927.csv
498,0.8197952508926392,Recurrent PPO,../finalModels/lstm_hybrid/seed_456/eval/timeline_MlpLstmPolicy_20260225-152927.csv
499,0.8196249008178711,Recurrent PPO,../finalModels/lstm_hybrid/seed_456/eval/timeline_MlpLstmPolicy_20260225-152927.csv
500,0.8196827173233032,Recurrent PPO,../finalModels/lstm_hybrid/seed_456/eval/timeline_MlpLstmPolicy_20260225-152927.csv
501,0.8198937773704529,Recurrent PPO,../finalModels/lstm_hybrid/seed_456/eval/timeline_MlpLstmPolicy_20260225-152927.csv
502,0.8201261758804321,Recurrent PPO,../finalModels/lstm_hybrid/seed_456/eval/timeline_MlpLstmPolicy_20260225-152927.csv
503,0.8199450373649597,Recurrent PPO,../finalModels/lstm_hybrid/seed_456/eval/timeline_MlpLstmPolicy_20260225-152927.csv
504,0.8198556900024414,Recurrent PPO,../finalModels/lstm_hybrid/seed_456/eval/timeline_MlpLstmPolicy_20260225-152927.csv
505,0.8196972012519836,Recurrent PPO,../finalModels/lstm_hybrid/seed_456/eval/timeline_MlpLstmPolicy_20260225-152927.csv
506,0.8202306032180786,Recurrent PPO,../finalModels/lstm_hybrid/seed_456/eval/timeline_MlpLstmPolicy_20260225-152927.csv
507,0.8205801248550415,Recurrent PPO,../finalModels/lstm_hybrid/seed_456/eval/timeline_MlpLstmPolicy_20260225-152927.csv
508,0.8196009397506714,Recurrent PPO,../finalModels/lstm_hybrid/seed_456/eval/timeline_MlpLstmPolicy_20260225-152927.csv
509,0.8194361329078674,Recurrent PPO,../finalModels/lstm_hybrid/seed_456/eval/timeline_MlpLstmPolicy_20260225-152927.csv
510,0.8196463584899902,Recurrent PPO,../finalModels/lstm_hybrid/seed_456/eval/timeline_MlpLstmPolicy_20260225-152927.csv
511,0.81962651014328,Recurrent PPO,../finalModels/lstm_hybrid/seed_456/eval/timeline_MlpLstmPolicy_20260225-152927.csv
512,0.8193328380584717,Recurrent PPO,../finalModels/lstm_hybrid/seed_456/eval/timeline_MlpLstmPolicy_20260225-152927.csv
513,0.8193265795707703,Recurrent PPO,../finalModels/lstm_hybrid/seed_456/eval/timeline_MlpLstmPolicy_20260225-152927.csv
514,0.81942218542099,Recurrent PPO,../finalModels/lstm_hybrid/seed_456/eval/timeline_MlpLstmPolicy_20260225-152927.csv
515,0.8200125098228455,Recurrent PPO,../finalModels/lstm_hybrid/seed_456/eval/timeline_MlpLstmPolicy_20260225-152927.csv
516,0.8200830817222595,Recurrent PPO,../finalModels/lstm_hybrid/seed_456/eval/timeline_MlpLstmPolicy_20260225-152927.csv
517,0.8203287720680237,Recurrent PPO,../finalModels/lstm_hybrid/seed_456/eval/timeline_MlpLstmPolicy_20260225-152927.csv
518,0.8201966881752014,Recurrent PPO,../finalModels/lstm_hybrid/seed_456/eval/timeline_MlpLstmPolicy_20260225-152927.csv
519,0.8202809691429138,Recurrent PPO,../finalModels/lstm_hybrid/seed_456/eval/timeline_MlpLstmPolicy_20260225-152927.csv
520,0.8203604817390442,Recurrent PPO,../finalModels/lstm_hybrid/seed_456/eval/timeline_MlpLstmPolicy_20260225-152927.csv
521,0.8204510807991028,Recurrent PPO,../finalModels/lstm_hybrid/seed_456/eval/timeline_MlpLstmPolicy_20260225-152927.csv
522,0.8202580213546753,Recurrent PPO,../finalModels/lstm_hybrid/seed_456/eval/timeline_MlpLstmPolicy_20260225-152927.csv
523,0.8202492594718933,Recurrent PPO,../finalModels/lstm_hybrid/seed_456/eval/timeline_MlpLstmPolicy_20260225-152927.csv
524,0.8208014369010925,Recurrent PPO,../finalModels/lstm_hybrid/seed_456/eval/timeline_MlpLstmPolicy_20260225-152927.csv
525,0.8205486536026001,Recurrent PPO,../finalModels/lstm_hybrid/seed_456/eval/timeline_MlpLstmPolicy_20260225-152927.csv
526,0.8202657103538513,Recurrent PPO,../finalModels/lstm_hybrid/seed_456/eval/timeline_MlpLstmPolicy_20260225-152927.csv
527,0.8199355602264404,Recurrent PPO,../finalModels/lstm_hybrid/seed_456/eval/timeline_MlpLstmPolicy_20260225-152927.csv
528,0.8196493983268738,Recurrent PPO,../finalModels/lstm_hybrid/seed_456/eval/timeline_MlpLstmPolicy_20260225-152927.csv
529,0.8201491832733154,Recurrent PPO,../finalModels/lstm_hybrid/seed_456/eval/timeline_MlpLstmPolicy_20260225-152927.csv
530,0.8202263712882996,Recurrent PPO,../finalModels/lstm_hybrid/seed_456/eval/timeline_MlpLstmPolicy_20260225-152927.csv
531,0.8201058506965637,Recurrent PPO,../finalModels/lstm_hybrid/seed_456/eval/timeline_MlpLstmPolicy_20260225-152927.csv
532,0.8199830651283264,Recurrent PPO,../finalModels/lstm_hybrid/seed_456/eval/timeline_MlpLstmPolicy_20260225-152927.csv
533,0.8195525407791138,Recurrent PPO,../finalModels/lstm_hybrid/seed_456/eval/timeline_MlpLstmPolicy_20260225-152927.csv
534,0.8191813230514526,Recurrent PPO,../finalModels/lstm_hybrid/seed_456/eval/timeline_MlpLstmPolicy_20260225-152927.csv
535,0.8189725875854492,Recurrent PPO,../finalModels/lstm_hybrid/seed_456/eval/timeline_MlpLstmPolicy_20260225-152927.csv
536,0.8189586400985718,Recurrent PPO,../finalModels/lstm_hybrid/seed_456/eval/timeline_MlpLstmPolicy_20260225-152927.csv
537,0.8189737200737,Recurrent PPO,../finalModels/lstm_hybrid/seed_456/eval/timeline_MlpLstmPolicy_20260225-152927.csv
538,0.8189265727996826,Recurrent PPO,../finalModels/lstm_hybrid/seed_456/eval/timeline_MlpLstmPolicy_20260225-152927.csv
539,0.8189457058906555,Recurrent PPO,../finalModels/lstm_hybrid/seed_456/eval/timeline_MlpLstmPolicy_20260225-152927.csv
540,0.8189777135848999,Recurrent PPO,../finalModels/lstm_hybrid/seed_456/eval/timeline_MlpLstmPolicy_20260225-152927.csv
541,0.8189349174499512,Recurrent PPO,../finalModels/lstm_hybrid/seed_456/eval/timeline_MlpLstmPolicy_20260225-152927.csv
542,0.8189534544944763,Recurrent PPO,../finalModels/lstm_hybrid/seed_456/eval/timeline_MlpLstmPolicy_20260225-152927.csv
543,0.8189361691474915,Recurrent PPO,../finalModels/lstm_hybrid/seed_456/eval/timeline_MlpLstmPolicy_20260225-152927.csv
544,0.8189213275909424,Recurrent PPO,../finalModels/lstm_hybrid/seed_456/eval/timeline_MlpLstmPolicy_20260225-152927.csv
545,0.8188804388046265,Recurrent PPO,../finalModels/lstm_hybrid/seed_456/eval/timeline_MlpLstmPolicy_20260225-152927.csv
546,0.8188683986663818,Recurrent PPO,../finalModels/lstm_hybrid/seed_456/eval/timeline_MlpLstmPolicy_20260225-152927.csv
547,0.8188340067863464,Recurrent PPO,../finalModels/lstm_hybrid/seed_456/eval/timeline_MlpLstmPolicy_20260225-152927.csv
548,0.8187992572784424,Recurrent PPO,../finalModels/lstm_hybrid/seed_456/eval/timeline_MlpLstmPolicy_20260225-152927.csv
549,0.8188213109970093,Recurrent PPO,../finalModels/lstm_hybrid/seed_456/eval/timeline_MlpLstmPolicy_20260225-152927.csv
550,0.8188427686691284,Recurrent PPO,../finalModels/lstm_hybrid/seed_456/eval/timeline_MlpLstmPolicy_20260225-152927.csv
551,0.8188881874084473,Recurrent PPO,../finalModels/lstm_hybrid/seed_456/eval/timeline_MlpLstmPolicy_20260225-152927.csv
552,0.8189133405685425,Recurrent PPO,../finalModels/lstm_hybrid/seed_456/eval/timeline_MlpLstmPolicy_20260225-152927.csv
553,0.8188821077346802,Recurrent PPO,../finalModels/lstm_hybrid/seed_456/eval/timeline_MlpLstmPolicy_20260225-152927.csv
554,0.8188017010688782,Recurrent PPO,../finalModels/lstm_hybrid/seed_456/eval/timeline_MlpLstmPolicy_20260225-152927.csv
555,0.8187776803970337,Recurrent PPO,../finalModels/lstm_hybrid/seed_456/eval/timeline_MlpLstmPolicy_20260225-152927.csv
556,0.8188677430152893,Recurrent PPO,../finalModels/lstm_hybrid/seed_456/eval/timeline_MlpLstmPolicy_20260225-152927.csv
557,0.8188324570655823,Recurrent PPO,../finalModels/lstm_hybrid/seed_456/eval/timeline_MlpLstmPolicy_20260225-152927.csv
558,0.8187934756278992,Recurrent PPO,../finalModels/lstm_hybrid/seed_456/eval/timeline_MlpLstmPolicy_20260225-152927.csv
559,0.8189553618431091,Recurrent PPO,../finalModels/lstm_hybrid/seed_456/eval/timeline_MlpLstmPolicy_20260225-152927.csv
560,0.8189135193824768,Recurrent PPO,../finalModels/lstm_hybrid/seed_456/eval/timeline_MlpLstmPolicy_20260225-152927.csv
561,0.8188940286636353,Recurrent PPO,../finalModels/lstm_hybrid/seed_456/eval/timeline_MlpLstmPolicy_20260225-152927.csv
562,0.81895512342453,Recurrent PPO,../finalModels/lstm_hybrid/seed_456/eval/timeline_MlpLstmPolicy_20260225-152927.csv
563,0.8191432356834412,Recurrent PPO,../finalModels/lstm_hybrid/seed_456/eval/timeline_MlpLstmPolicy_20260225-152927.csv
564,0.8189175724983215,Recurrent PPO,../finalModels/lstm_hybrid/seed_456/eval/timeline_MlpLstmPolicy_20260225-152927.csv
565,0.8189234137535095,Recurrent PPO,../finalModels/lstm_hybrid/seed_456/eval/timeline_MlpLstmPolicy_20260225-152927.csv
566,0.8189716935157776,Recurrent PPO,../finalModels/lstm_hybrid/seed_456/eval/timeline_MlpLstmPolicy_20260225-152927.csv
567,0.8189588785171509,Recurrent PPO,../finalModels/lstm_hybrid/seed_456/eval/timeline_MlpLstmPolicy_20260225-152927.csv
568,0.8189572691917419,Recurrent PPO,../finalModels/lstm_hybrid/seed_456/eval/timeline_MlpLstmPolicy_20260225-152927.csv
569,0.8192682862281799,Recurrent PPO,../finalModels/lstm_hybrid/seed_456/eval/timeline_MlpLstmPolicy_20260225-152927.csv
570,0.819424569606781,Recurrent PPO,../finalModels/lstm_hybrid/seed_456/eval/timeline_MlpLstmPolicy_20260225-152927.csv
571,0.8190807104110718,Recurrent PPO,../finalModels/lstm_hybrid/seed_456/eval/timeline_MlpLstmPolicy_20260225-152927.csv
572,0.819299578666687,Recurrent PPO,../finalModels/lstm_hybrid/seed_456/eval/timeline_MlpLstmPolicy_20260225-152927.csv
573,0.8192266821861267,Recurrent PPO,../finalModels/lstm_hybrid/seed_456/eval/timeline_MlpLstmPolicy_20260225-152927.csv
574,0.8191668391227722,Recurrent PPO,../finalModels/lstm_hybrid/seed_456/eval/timeline_MlpLstmPolicy_20260225-152927.csv
575,0.8191968202590942,Recurrent PPO,../finalModels/lstm_hybrid/seed_456/eval/timeline_MlpLstmPolicy_20260225-152927.csv
576,0.819244921207428,Recurrent PPO,../finalModels/lstm_hybrid/seed_456/eval/timeline_MlpLstmPolicy_20260225-152927.csv
577,0.8193287253379822,Recurrent PPO,../finalModels/lstm_hybrid/seed_456/eval/timeline_MlpLstmPolicy_20260225-152927.csv
578,0.8194566369056702,Recurrent PPO,../finalModels/lstm_hybrid/seed_456/eval/timeline_MlpLstmPolicy_20260225-152927.csv
579,0.8194715976715088,Recurrent PPO,../finalModels/lstm_hybrid/seed_456/eval/timeline_MlpLstmPolicy_20260225-152927.csv
580,0.8197279572486877,Recurrent PPO,../finalModels/lstm_hybrid/seed_456/eval/timeline_MlpLstmPolicy_20260225-152927.csv
581,0.8195390701293945,Recurrent PPO,../finalModels/lstm_hybrid/seed_456/eval/timeline_MlpLstmPolicy_20260225-152927.csv
582,0.8194282054901123,Recurrent PPO,../finalModels/lstm_hybrid/seed_456/eval/timeline_MlpLstmPolicy_20260225-152927.csv
583,0.8195822238922119,Recurrent PPO,../finalModels/lstm_hybrid/seed_456/eval/timeline_MlpLstmPolicy_20260225-152927.csv
584,0.8195646405220032,Recurrent PPO,../finalModels/lstm_hybrid/seed_456/eval/timeline_MlpLstmPolicy_20260225-152927.csv
585,0.8193901181221008,Recurrent PPO,../finalModels/lstm_hybrid/seed_456/eval/timeline_MlpLstmPolicy_20260225-152927.csv
586,0.8193285465240479,Recurrent PPO,../finalModels/lstm_hybrid/seed_456/eval/timeline_MlpLstmPolicy_20260225-152927.csv
587,0.8193583488464355,Recurrent PPO,../finalModels/lstm_hybrid/seed_456/eval/timeline_MlpLstmPolicy_20260225-152927.csv
588,0.8193979859352112,Recurrent PPO,../finalModels/lstm_hybrid/seed_456/eval/timeline_MlpLstmPolicy_20260225-152927.csv
589,0.819475531578064,Recurrent PPO,../finalModels/lstm_hybrid/seed_456/eval/timeline_MlpLstmPolicy_20260225-152927.csv
590,0.8194531798362732,Recurrent PPO,../finalModels/lstm_hybrid/seed_456/eval/timeline_MlpLstmPolicy_20260225-152927.csv
591,0.819378137588501,Recurrent PPO,../finalModels/lstm_hybrid/seed_456/eval/timeline_MlpLstmPolicy_20260225-152927.csv
592,0.8194908499717712,Recurrent PPO,../finalModels/lstm_hybrid/seed_456/eval/timeline_MlpLstmPolicy_20260225-152927.csv
593,0.8193785548210144,Recurrent PPO,../finalModels/lstm_hybrid/seed_456/eval/timeline_MlpLstmPolicy_20260225-152927.csv
594,0.8195135593414307,Recurrent PPO,../finalModels/lstm_hybrid/seed_456/eval/timeline_MlpLstmPolicy_20260225-152927.csv
595,0.8196567893028259,Recurrent PPO,../finalModels/lstm_hybrid/seed_456/eval/timeline_MlpLstmPolicy_20260225-152927.csv
596,0.8194844126701355,Recurrent PPO,../finalModels/lstm_hybrid/seed_456/eval/timeline_MlpLstmPolicy_20260225-152927.csv
597,0.8201020359992981,Recurrent PPO,../finalModels/lstm_hybrid/seed_456/eval/timeline_MlpLstmPolicy_20260225-152927.csv
598,0.8197340965270996,Recurrent PPO,../finalModels/lstm_hybrid/seed_456/eval/timeline_MlpLstmPolicy_20260225-152927.csv
599,0.8196039795875549,Recurrent PPO,../finalModels/lstm_hybrid/seed_456/eval/timeline_MlpLstmPolicy_20260225-152927.csv
600,0.8199271559715271,Recurrent PPO,../finalModels/lstm_hybrid/seed_456/eval/timeline_MlpLstmPolicy_20260225-152927.csv
601,0.8198766112327576,Recurrent PPO,../finalModels/lstm_hybrid/seed_456/eval/timeline_MlpLstmPolicy_20260225-152927.csv
602,0.8196840286254883,Recurrent PPO,../finalModels/lstm_hybrid/seed_456/eval/timeline_MlpLstmPolicy_20260225-152927.csv
603,0.8198292255401611,Recurrent PPO,../finalModels/lstm_hybrid/seed_456/eval/timeline_MlpLstmPolicy_20260225-152927.csv
604,0.8195921182632446,Recurrent PPO,../finalModels/lstm_hybrid/seed_456/eval/timeline_MlpLstmPolicy_20260225-152927.csv
605,0.819825291633606,Recurrent PPO,../finalModels/lstm_hybrid/seed_456/eval/timeline_MlpLstmPolicy_20260225-152927.csv
606,0.8195943832397461,Recurrent PPO,../finalModels/lstm_hybrid/seed_456/eval/timeline_MlpLstmPolicy_20260225-152927.csv
607,0.8193628191947937,Recurrent PPO,../finalModels/lstm_hybrid/seed_456/eval/timeline_MlpLstmPolicy_20260225-152927.csv
608,0.8195275664329529,Recurrent PPO,../finalModels/lstm_hybrid/seed_456/eval/timeline_MlpLstmPolicy_20260225-152927.csv
609,0.8197031617164612,Recurrent PPO,../finalModels/lstm_hybrid/seed_456/eval/timeline_MlpLstmPolicy_20260225-152927.csv
610,0.81993168592453,Recurrent PPO,../finalModels/lstm_hybrid/seed_456/eval/timeline_MlpLstmPolicy_20260225-152927.csv
611,0.8199025392532349,Recurrent PPO,../finalModels/lstm_hybrid/seed_456/eval/timeline_MlpLstmPolicy_20260225-152927.csv
612,0.8202382922172546,Recurrent PPO,../finalModels/lstm_hybrid/seed_456/eval/timeline_MlpLstmPolicy_20260225-152927.csv
613,0.8199479579925537,Recurrent PPO,../finalModels/lstm_hybrid/seed_456/eval/timeline_MlpLstmPolicy_20260225-152927.csv
614,0.820156455039978,Recurrent PPO,../finalModels/lstm_hybrid/seed_456/eval/timeline_MlpLstmPolicy_20260225-152927.csv
615,0.8202686905860901,Recurrent PPO,../finalModels/lstm_hybrid/seed_456/eval/timeline_MlpLstmPolicy_20260225-152927.csv
616,0.8203690052032471,Recurrent PPO,../finalModels/lstm_hybrid/seed_456/eval/timeline_MlpLstmPolicy_20260225-152927.csv
617,0.8206334710121155,Recurrent PPO,../finalModels/lstm_hybrid/seed_456/eval/timeline_MlpLstmPolicy_20260225-152927.csv
618,0.8205193281173706,Recurrent PPO,../finalModels/lstm_hybrid/seed_456/eval/timeline_MlpLstmPolicy_20260225-152927.csv
619,0.8205177187919617,Recurrent PPO,../finalModels/lstm_hybrid/seed_456/eval/timeline_MlpLstmPolicy_20260225-152927.csv
620,0.8203272223472595,Recurrent PPO,../finalModels/lstm_hybrid/seed_456/eval/timeline_MlpLstmPolicy_20260225-152927.csv
621,0.8204168677330017,Recurrent PPO,../finalModels/lstm_hybrid/seed_456/eval/timeline_MlpLstmPolicy_20260225-152927.csv
622,0.820601224899292,Recurrent PPO,../finalModels/lstm_hybrid/seed_456/eval/timeline_MlpLstmPolicy_20260225-152927.csv
623,0.8203387260437012,Recurrent PPO,../finalModels/lstm_hybrid/seed_456/eval/timeline_MlpLstmPolicy_20260225-152927.csv
624,0.819589376449585,Recurrent PPO,../finalModels/lstm_hybrid/seed_456/eval/timeline_MlpLstmPolicy_20260225-152927.csv
625,0.8201882243156433,Recurrent PPO,../finalModels/lstm_hybrid/seed_456/eval/timeline_MlpLstmPolicy_20260225-152927.csv
626,0.8202771544456482,Recurrent PPO,../finalModels/lstm_hybrid/seed_456/eval/timeline_MlpLstmPolicy_20260225-152927.csv
627,0.8202724456787109,Recurrent PPO,../finalModels/lstm_hybrid/seed_456/eval/timeline_MlpLstmPolicy_20260225-152927.csv
628,0.8201057314872742,Recurrent PPO,../finalModels/lstm_hybrid/seed_456/eval/timeline_MlpLstmPolicy_20260225-152927.csv
629,0.8194524049758911,Recurrent PPO,../finalModels/lstm_hybrid/seed_456/eval/timeline_MlpLstmPolicy_20260225-152927.csv
630,0.819537878036499,Recurrent PPO,../finalModels/lstm_hybrid/seed_456/eval/timeline_MlpLstmPolicy_20260225-152927.csv
631,0.8195786476135254,Recurrent PPO,../finalModels/lstm_hybrid/seed_456/eval/timeline_MlpLstmPolicy_20260225-152927.csv
632,0.8193786144256592,Recurrent PPO,../finalModels/lstm_hybrid/seed_456/eval/timeline_MlpLstmPolicy_20260225-152927.csv
633,0.8192310929298401,Recurrent PPO,../finalModels/lstm_hybrid/seed_456/eval/timeline_MlpLstmPolicy_20260225-152927.csv
634,0.8195495009422302,Recurrent PPO,../finalModels/lstm_hybrid/seed_456/eval/timeline_MlpLstmPolicy_20260225-152927.csv
635,0.8194762468338013,Recurrent PPO,../finalModels/lstm_hybrid/seed_456/eval/timeline_MlpLstmPolicy_20260225-152927.csv
636,0.8193058371543884,Recurrent PPO,../finalModels/lstm_hybrid/seed_456/eval/timeline_MlpLstmPolicy_20260225-152927.csv
637,0.8192939162254333,Recurrent PPO,../finalModels/lstm_hybrid/seed_456/eval/timeline_MlpLstmPolicy_20260225-152927.csv
638,0.8195182085037231,Recurrent PPO,../finalModels/lstm_hybrid/seed_456/eval/timeline_MlpLstmPolicy_20260225-152927.csv
639,0.8193452954292297,Recurrent PPO,../finalModels/lstm_hybrid/seed_456/eval/timeline_MlpLstmPolicy_20260225-152927.csv
640,0.8193429708480835,Recurrent PPO,../finalModels/lstm_hybrid/seed_456/eval/timeline_MlpLstmPolicy_20260225-152927.csv
641,0.8192598819732666,Recurrent PPO,../finalModels/lstm_hybrid/seed_456/eval/timeline_MlpLstmPolicy_20260225-152927.csv
642,0.8191223740577698,Recurrent PPO,../finalModels/lstm_hybrid/seed_456/eval/timeline_MlpLstmPolicy_20260225-152927.csv
643,0.818957507610321,Recurrent PPO,../finalModels/lstm_hybrid/seed_456/eval/timeline_MlpLstmPolicy_20260225-152927.csv
644,0.8189273476600647,Recurrent PPO,../finalModels/lstm_hybrid/seed_456/eval/timeline_MlpLstmPolicy_20260225-152927.csv
645,0.8189616203308105,Recurrent PPO,../finalModels/lstm_hybrid/seed_456/eval/timeline_MlpLstmPolicy_20260225-152927.csv
646,0.8189122676849365,Recurrent PPO,../finalModels/lstm_hybrid/seed_456/eval/timeline_MlpLstmPolicy_20260225-152927.csv
647,0.8188638687133789,Recurrent PPO,../finalModels/lstm_hybrid/seed_456/eval/timeline_MlpLstmPolicy_20260225-152927.csv
648,0.8188404440879822,Recurrent PPO,../finalModels/lstm_hybrid/seed_456/eval/timeline_MlpLstmPolicy_20260225-152927.csv
649,0.8189157247543335,Recurrent PPO,../finalModels/lstm_hybrid/seed_456/eval/timeline_MlpLstmPolicy_20260225-152927.csv
650,0.8189190030097961,Recurrent PPO,../finalModels/lstm_hybrid/seed_456/eval/timeline_MlpLstmPolicy_20260225-152927.csv
651,0.8188754320144653,Recurrent PPO,../finalModels/lstm_hybrid/seed_456/eval/timeline_MlpLstmPolicy_20260225-152927.csv
652,0.8188726305961609,Recurrent PPO,../finalModels/lstm_hybrid/seed_456/eval/timeline_MlpLstmPolicy_20260225-152927.csv
653,0.8188803791999817,Recurrent PPO,../finalModels/lstm_hybrid/seed_456/eval/timeline_MlpLstmPolicy_20260225-152927.csv
654,0.8188655972480774,Recurrent PPO,../finalModels/lstm_hybrid/seed_456/eval/timeline_MlpLstmPolicy_20260225-152927.csv
655,0.8188680410385132,Recurrent PPO,../finalModels/lstm_hybrid/seed_456/eval/timeline_MlpLstmPolicy_20260225-152927.csv
656,0.8188706636428833,Recurrent PPO,../finalModels/lstm_hybrid/seed_456/eval/timeline_MlpLstmPolicy_20260225-152927.csv
657,0.8188470005989075,Recurrent PPO,../finalModels/lstm_hybrid/seed_456/eval/timeline_MlpLstmPolicy_20260225-152927.csv
658,0.8188758492469788,Recurrent PPO,../finalModels/lstm_hybrid/seed_456/eval/timeline_MlpLstmPolicy_20260225-152927.csv
659,0.8189502954483032,Recurrent PPO,../finalModels/lstm_hybrid/seed_456/eval/timeline_MlpLstmPolicy_20260225-152927.csv
660,0.8189578056335449,Recurrent PPO,../finalModels/lstm_hybrid/seed_456/eval/timeline_MlpLstmPolicy_20260225-152927.csv
661,0.8189306855201721,Recurrent PPO,../finalModels/lstm_hybrid/seed_456/eval/timeline_MlpLstmPolicy_20260225-152927.csv
662,0.8190860748291016,Recurrent PPO,../finalModels/lstm_hybrid/seed_456/eval/timeline_MlpLstmPolicy_20260225-152927.csv
663,0.8190644383430481,Recurrent PPO,../finalModels/lstm_hybrid/seed_456/eval/timeline_MlpLstmPolicy_20260225-152927.csv
664,0.8193698525428772,Recurrent PPO,../finalModels/lstm_hybrid/seed_456/eval/timeline_MlpLstmPolicy_20260225-152927.csv
665,0.8192422986030579,Recurrent PPO,../finalModels/lstm_hybrid/seed_456/eval/timeline_MlpLstmPolicy_20260225-152927.csv
666,0.8191683292388916,Recurrent PPO,../finalModels/lstm_hybrid/seed_456/eval/timeline_MlpLstmPolicy_20260225-152927.csv
667,0.8194970488548279,Recurrent PPO,../finalModels/lstm_hybrid/seed_456/eval/timeline_MlpLstmPolicy_20260225-152927.csv
668,0.819506049156189,Recurrent PPO,../finalModels/lstm_hybrid/seed_456/eval/timeline_MlpLstmPolicy_20260225-152927.csv
669,0.8195998072624207,Recurrent PPO,../finalModels/lstm_hybrid/seed_456/eval/timeline_MlpLstmPolicy_20260225-152927.csv
670,0.8192727565765381,Recurrent PPO,../finalModels/lstm_hybrid/seed_456/eval/timeline_MlpLstmPolicy_20260225-152927.csv
671,0.8192614912986755,Recurrent PPO,../finalModels/lstm_hybrid/seed_456/eval/timeline_MlpLstmPolicy_20260225-152927.csv
672,0.8201195597648621,Recurrent PPO,../finalModels/lstm_hybrid/seed_456/eval/timeline_MlpLstmPolicy_20260225-152927.csv
673,0.8194423913955688,Recurrent PPO,../finalModels/lstm_hybrid/seed_456/eval/timeline_MlpLstmPolicy_20260225-152927.csv
674,0.8193179965019226,Recurrent PPO,../finalModels/lstm_hybrid/seed_456/eval/timeline_MlpLstmPolicy_20260225-152927.csv
675,0.8202077746391296,Recurrent PPO,../finalModels/lstm_hybrid/seed_456/eval/timeline_MlpLstmPolicy_20260225-152927.csv
676,0.8197582960128784,Recurrent PPO,../finalModels/lstm_hybrid/seed_456/eval/timeline_MlpLstmPolicy_20260225-152927.csv
677,0.8200913667678833,Recurrent PPO,../finalModels/lstm_hybrid/seed_456/eval/timeline_MlpLstmPolicy_20260225-152927.csv
678,0.8196554183959961,Recurrent PPO,../finalModels/lstm_hybrid/seed_456/eval/timeline_MlpLstmPolicy_20260225-152927.csv
679,0.8199541568756104,Recurrent PPO,../finalModels/lstm_hybrid/seed_456/eval/timeline_MlpLstmPolicy_20260225-152927.csv
680,0.819851815700531,Recurrent PPO,../finalModels/lstm_hybrid/seed_456/eval/timeline_MlpLstmPolicy_20260225-152927.csv
681,0.8199734091758728,Recurrent PPO,../finalModels/lstm_hybrid/seed_456/eval/timeline_MlpLstmPolicy_20260225-152927.csv
682,0.8200370073318481,Recurrent PPO,../finalModels/lstm_hybrid/seed_456/eval/timeline_MlpLstmPolicy_20260225-152927.csv
683,0.820246696472168,Recurrent PPO,../finalModels/lstm_hybrid/seed_456/eval/timeline_MlpLstmPolicy_20260225-152927.csv
684,0.8198789358139038,Recurrent PPO,../finalModels/lstm_hybrid/seed_456/eval/timeline_MlpLstmPolicy_20260225-152927.csv
685,0.8202763199806213,Recurrent PPO,../finalModels/lstm_hybrid/seed_456/eval/timeline_MlpLstmPolicy_20260225-152927.csv
686,0.8197665214538574,Recurrent PPO,../finalModels/lstm_hybrid/seed_456/eval/timeline_MlpLstmPolicy_20260225-152927.csv
687,0.8208306431770325,Recurrent PPO,../finalModels/lstm_hybrid/seed_456/eval/timeline_MlpLstmPolicy_20260225-152927.csv
688,0.8201614022254944,Recurrent PPO,../finalModels/lstm_hybrid/seed_456/eval/timeline_MlpLstmPolicy_20260225-152927.csv
689,0.8204386234283447,Recurrent PPO,../finalModels/lstm_hybrid/seed_456/eval/timeline_MlpLstmPolicy_20260225-152927.csv
690,0.8206108808517456,Recurrent PPO,../finalModels/lstm_hybrid/seed_456/eval/timeline_MlpLstmPolicy_20260225-152927.csv
691,0.8202160596847534,Recurrent PPO,../finalModels/lstm_hybrid/seed_456/eval/timeline_MlpLstmPolicy_20260225-152927.csv
692,0.8200108408927917,Recurrent PPO,../finalModels/lstm_hybrid/seed_456/eval/timeline_MlpLstmPolicy_20260225-152927.csv
693,0.8204765915870667,Recurrent PPO,../finalModels/lstm_hybrid/seed_456/eval/timeline_MlpLstmPolicy_20260225-152927.csv
694,0.8201033473014832,Recurrent PPO,../finalModels/lstm_hybrid/seed_456/eval/timeline_MlpLstmPolicy_20260225-152927.csv
695,0.8205170631408691,Recurrent PPO,../finalModels/lstm_hybrid/seed_456/eval/timeline_MlpLstmPolicy_20260225-152927.csv
696,0.8201485872268677,Recurrent PPO,../finalModels/lstm_hybrid/seed_456/eval/timeline_MlpLstmPolicy_20260225-152927.csv
697,0.8205069899559021,Recurrent PPO,../finalModels/lstm_hybrid/seed_456/eval/timeline_MlpLstmPolicy_20260225-152927.csv
698,0.8200317621231079,Recurrent PPO,../finalModels/lstm_hybrid/seed_456/eval/timeline_MlpLstmPolicy_20260225-152927.csv
699,0.820551872253418,Recurrent PPO,../finalModels/lstm_hybrid/seed_456/eval/timeline_MlpLstmPolicy_20260225-152927.csv
700,0.8203940987586975,Recurrent PPO,../finalModels/lstm_hybrid/seed_456/eval/timeline_MlpLstmPolicy_20260225-152927.csv
701,0.8203351497650146,Recurrent PPO,../finalModels/lstm_hybrid/seed_456/eval/timeline_MlpLstmPolicy_20260225-152927.csv
702,0.8205792307853699,Recurrent PPO,../finalModels/lstm_hybrid/seed_456/eval/timeline_MlpLstmPolicy_20260225-152927.csv
703,0.8205026984214783,Recurrent PPO,../finalModels/lstm_hybrid/seed_456/eval/timeline_MlpLstmPolicy_20260225-152927.csv
704,0.8204936385154724,Recurrent PPO,../finalModels/lstm_hybrid/seed_456/eval/timeline_MlpLstmPolicy_20260225-152927.csv
705,0.8208222389221191,Recurrent PPO,../finalModels/lstm_hybrid/seed_456/eval/timeline_MlpLstmPolicy_20260225-152927.csv
706,0.8205760717391968,Recurrent PPO,../finalModels/lstm_hybrid/seed_456/eval/timeline_MlpLstmPolicy_20260225-152927.csv
707,0.8204068541526794,Recurrent PPO,../finalModels/lstm_hybrid/seed_456/eval/timeline_MlpLstmPolicy_20260225-152927.csv
708,0.8207228183746338,Recurrent PPO,../finalModels/lstm_hybrid/seed_456/eval/timeline_MlpLstmPolicy_20260225-152927.csv
709,0.8208337426185608,Recurrent PPO,../finalModels/lstm_hybrid/seed_456/eval/timeline_MlpLstmPolicy_20260225-152927.csv
710,0.8210389614105225,Recurrent PPO,../finalModels/lstm_hybrid/seed_456/eval/timeline_MlpLstmPolicy_20260225-152927.csv
711,0.8210644721984863,Recurrent PPO,../finalModels/lstm_hybrid/seed_456/eval/timeline_MlpLstmPolicy_20260225-152927.csv
712,0.821160614490509,Recurrent PPO,../finalModels/lstm_hybrid/seed_456/eval/timeline_MlpLstmPolicy_20260225-152927.csv
713,0.8212704062461853,Recurrent PPO,../finalModels/lstm_hybrid/seed_456/eval/timeline_MlpLstmPolicy_20260225-152927.csv
714,0.8211338520050049,Recurrent PPO,../finalModels/lstm_hybrid/seed_456/eval/timeline_MlpLstmPolicy_20260225-152927.csv
715,0.8208032250404358,Recurrent PPO,../finalModels/lstm_hybrid/seed_456/eval/timeline_MlpLstmPolicy_20260225-152927.csv
716,0.8210242986679077,Recurrent PPO,../finalModels/lstm_hybrid/seed_456/eval/timeline_MlpLstmPolicy_20260225-152927.csv
717,0.8211065530776978,Recurrent PPO,../finalModels/lstm_hybrid/seed_456/eval/timeline_MlpLstmPolicy_20260225-152927.csv
718,0.8210337162017822,Recurrent PPO,../finalModels/lstm_hybrid/seed_456/eval/timeline_MlpLstmPolicy_20260225-152927.csv
719,0.8207669854164124,Recurrent PPO,../finalModels/lstm_hybrid/seed_456/eval/timeline_MlpLstmPolicy_20260225-152927.csv
0,0.8207671642303463,Rule-based baseline,../experiments/results/Baselines/baseline_rule_results.csv
1,0.820699155330658,Rule-based baseline,../experiments/results/Baselines/baseline_rule_results.csv
2,0.8206891417503356,Rule-based baseline,../experiments/results/Baselines/baseline_rule_results.csv
3,0.8208350539207456,Rule-based baseline,../experiments/results/Baselines/baseline_rule_results.csv
4,0.8206606507301328,Rule-based baseline,../experiments/results/Baselines/baseline_rule_results.csv
5,0.8206168413162231,Rule-based baseline,../experiments/results/Baselines/baseline_rule_results.csv
6,0.8209586143493652,Rule-based baseline,../experiments/results/Baselines/baseline_rule_results.csv
7,0.8207944631576536,Rule-based baseline,../experiments/results/Baselines/baseline_rule_results.csv
8,0.8213800191879272,Rule-based baseline,../experiments/results/Baselines/baseline_rule_results.csv
9,0.8210428357124328,Rule-based baseline,../experiments/results/Baselines/baseline_rule_results.csv
10,0.8210783600807188,Rule-based baseline,../experiments/results/Baselines/baseline_rule_results.csv
11,0.8211866021156308,Rule-based baseline,../experiments/results/Baselines/baseline_rule_results.csv
12,0.8214457631111144,Rule-based baseline,../experiments/results/Baselines/baseline_rule_results.csv
13,0.8211996555328368,Rule-based baseline,../experiments/results/Baselines/baseline_rule_results.csv
14,0.8211185336112976,Rule-based baseline,../experiments/results/Baselines/baseline_rule_results.csv
15,0.8209959864616392,Rule-based baseline,../experiments/results/Baselines/baseline_rule_results.csv
16,0.8211719989776608,Rule-based baseline,../experiments/results/Baselines/baseline_rule_results.csv
17,0.8212147951126096,Rule-based baseline,../experiments/results/Baselines/baseline_rule_results.csv
18,0.8209925293922424,Rule-based baseline,../experiments/results/Baselines/baseline_rule_results.csv
19,0.8209382891654968,Rule-based baseline,../experiments/results/Baselines/baseline_rule_results.csv
20,0.8210228681564328,Rule-based baseline,../experiments/results/Baselines/baseline_rule_results.csv
21,0.8210377693176268,Rule-based baseline,../experiments/results/Baselines/baseline_rule_results.csv
22,0.8211585879325864,Rule-based baseline,../experiments/results/Baselines/baseline_rule_results.csv
23,0.8210473060607908,Rule-based baseline,../experiments/results/Baselines/baseline_rule_results.csv
24,0.8211355209350584,Rule-based baseline,../experiments/results/Baselines/baseline_rule_results.csv
25,0.8211109638214108,Rule-based baseline,../experiments/results/Baselines/baseline_rule_results.csv
26,0.8211945891380308,Rule-based baseline,../experiments/results/Baselines/baseline_rule_results.csv
27,0.8212161064147948,Rule-based baseline,../experiments/results/Baselines/baseline_rule_results.csv
28,0.8211367726325988,Rule-based baseline,../experiments/results/Baselines/baseline_rule_results.csv
29,0.8211234211921692,Rule-based baseline,../experiments/results/Baselines/baseline_rule_results.csv
30,0.8210693001747128,Rule-based baseline,../experiments/results/Baselines/baseline_rule_results.csv
31,0.82126784324646,Rule-based baseline,../experiments/results/Baselines/baseline_rule_results.csv
32,0.821222364902496,Rule-based baseline,../experiments/results/Baselines/baseline_rule_results.csv
33,0.8213126659393308,Rule-based baseline,../experiments/results/Baselines/baseline_rule_results.csv
34,0.8213155865669248,Rule-based baseline,../experiments/results/Baselines/baseline_rule_results.csv
35,0.8214139938354492,Rule-based baseline,../experiments/results/Baselines/baseline_rule_results.csv
36,0.8216312527656552,Rule-based baseline,../experiments/results/Baselines/baseline_rule_results.csv
37,0.8217756152153012,Rule-based baseline,../experiments/results/Baselines/baseline_rule_results.csv
38,0.8216659426689148,Rule-based baseline,../experiments/results/Baselines/baseline_rule_results.csv
39,0.821780741214752,Rule-based baseline,../experiments/results/Baselines/baseline_rule_results.csv
40,0.8215503692626952,Rule-based baseline,../experiments/results/Baselines/baseline_rule_results.csv
41,0.8216627836227416,Rule-based baseline,../experiments/results/Baselines/baseline_rule_results.csv
42,0.8216778635978697,Rule-based baseline,../experiments/results/Baselines/baseline_rule_results.csv
43,0.8215766549110411,Rule-based baseline,../experiments/results/Baselines/baseline_rule_results.csv
44,0.8215200304985044,Rule-based baseline,../experiments/results/Baselines/baseline_rule_results.csv
45,0.8214367032051084,Rule-based baseline,../experiments/results/Baselines/baseline_rule_results.csv
46,0.8212745189666748,Rule-based baseline,../experiments/results/Baselines/baseline_rule_results.csv
47,0.8207030892372128,Rule-based baseline,../experiments/results/Baselines/baseline_rule_results.csv
48,0.820704698562622,Rule-based baseline,../experiments/results/Baselines/baseline_rule_results.csv
49,0.8206716179847716,Rule-based baseline,../experiments/results/Baselines/baseline_rule_results.csv
50,0.8206453919410704,Rule-based baseline,../experiments/results/Baselines/baseline_rule_results.csv
51,0.820458114147186,Rule-based baseline,../experiments/results/Baselines/baseline_rule_results.csv
52,0.820315420627594,Rule-based baseline,../experiments/results/Baselines/baseline_rule_results.csv
53,0.819787323474884,Rule-based baseline,../experiments/results/Baselines/baseline_rule_results.csv
54,0.7566818594932556,Rule-based baseline,../experiments/results/Baselines/baseline_rule_results.csv
55,0.7723178863525388,Rule-based baseline,../experiments/results/Baselines/baseline_rule_results.csv
56,0.6044563055038452,Rule-based baseline,../experiments/results/Baselines/baseline_rule_results.csv
57,0.5740040540695188,Rule-based baseline,../experiments/results/Baselines/baseline_rule_results.csv
58,0.57140839099884,Rule-based baseline,../experiments/results/Baselines/baseline_rule_results.csv
59,0.600111961364746,Rule-based baseline,../experiments/results/Baselines/baseline_rule_results.csv
60,0.3097977340221404,Rule-based baseline,../experiments/results/Baselines/baseline_rule_results.csv
61,0.3234890401363372,Rule-based baseline,../experiments/results/Baselines/baseline_rule_results.csv
62,0.2311158925294876,Rule-based baseline,../experiments/results/Baselines/baseline_rule_results.csv
63,0.228101089596748,Rule-based baseline,../experiments/results/Baselines/baseline_rule_results.csv
64,0.236029341816902,Rule-based baseline,../experiments/results/Baselines/baseline_rule_results.csv
65,0.2478347569704052,Rule-based baseline,../experiments/results/Baselines/baseline_rule_results.csv
66,0.199914053082466,Rule-based baseline,../experiments/results/Baselines/baseline_rule_results.csv
67,0.2216492444276808,Rule-based baseline,../experiments/results/Baselines/baseline_rule_results.csv
68,0.2486069947481152,Rule-based baseline,../experiments/results/Baselines/baseline_rule_results.csv
69,0.3460927903652188,Rule-based baseline,../experiments/results/Baselines/baseline_rule_results.csv
70,0.3101455867290496,Rule-based baseline,../experiments/results/Baselines/baseline_rule_results.csv
71,0.2307456284761428,Rule-based baseline,../experiments/results/Baselines/baseline_rule_results.csv
72,0.2819590270519256,Rule-based baseline,../experiments/results/Baselines/baseline_rule_results.csv
73,0.2441434413194656,Rule-based baseline,../experiments/results/Baselines/baseline_rule_results.csv
74,0.227364972233772,Rule-based baseline,../experiments/results/Baselines/baseline_rule_results.csv
75,0.4283926784992216,Rule-based baseline,../experiments/results/Baselines/baseline_rule_results.csv
76,0.6425275206565856,Rule-based baseline,../experiments/results/Baselines/baseline_rule_results.csv
77,0.8158445954322812,Rule-based baseline,../experiments/results/Baselines/baseline_rule_results.csv
78,0.748926281929016,Rule-based baseline,../experiments/results/Baselines/baseline_rule_results.csv
79,0.8793210983276364,Rule-based baseline,../experiments/results/Baselines/baseline_rule_results.csv
80,0.7240444421768188,Rule-based baseline,../experiments/results/Baselines/baseline_rule_results.csv
81,0.8811635375022888,Rule-based baseline,../experiments/results/Baselines/baseline_rule_results.csv
82,0.8196775317192077,Rule-based baseline,../experiments/results/Baselines/baseline_rule_results.csv
83,0.819864511489868,Rule-based baseline,../experiments/results/Baselines/baseline_rule_results.csv
84,0.8201916217803952,Rule-based baseline,../experiments/results/Baselines/baseline_rule_results.csv
85,0.8196293115615844,Rule-based baseline,../experiments/results/Baselines/baseline_rule_results.csv
86,0.8194049596786496,Rule-based baseline,../experiments/results/Baselines/baseline_rule_results.csv
87,0.8195735812187191,Rule-based baseline,../experiments/results/Baselines/baseline_rule_results.csv
88,0.8195191621780396,Rule-based baseline,../experiments/results/Baselines/baseline_rule_results.csv
89,0.8196284770965576,Rule-based baseline,../experiments/results/Baselines/baseline_rule_results.csv
90,0.8194787502288816,Rule-based baseline,../experiments/results/Baselines/baseline_rule_results.csv
91,0.8194868564605712,Rule-based baseline,../experiments/results/Baselines/baseline_rule_results.csv
92,0.8195492029190063,Rule-based baseline,../experiments/results/Baselines/baseline_rule_results.csv
93,0.8197300434112548,Rule-based baseline,../experiments/results/Baselines/baseline_rule_results.csv
94,0.8198044896125792,Rule-based baseline,../experiments/results/Baselines/baseline_rule_results.csv
95,0.8196727633476256,Rule-based baseline,../experiments/results/Baselines/baseline_rule_results.csv
96,0.8205490708351132,Rule-based baseline,../experiments/results/Baselines/baseline_rule_results.csv
97,0.8208091855049132,Rule-based baseline,../experiments/results/Baselines/baseline_rule_results.csv
98,0.82088965177536,Rule-based baseline,../experiments/results/Baselines/baseline_rule_results.csv
99,0.8210375308990476,Rule-based baseline,../experiments/results/Baselines/baseline_rule_results.csv
100,0.8212706446647644,Rule-based baseline,../experiments/results/Baselines/baseline_rule_results.csv
101,0.8210391998291016,Rule-based baseline,../experiments/results/Baselines/baseline_rule_results.csv
102,0.820870280265808,Rule-based baseline,../experiments/results/Baselines/baseline_rule_results.csv
103,0.820592939853668,Rule-based baseline,../experiments/results/Baselines/baseline_rule_results.csv
104,0.8205466270446776,Rule-based baseline,../experiments/results/Baselines/baseline_rule_results.csv
105,0.8206658363342284,Rule-based baseline,../experiments/results/Baselines/baseline_rule_results.csv
106,0.8204479813575744,Rule-based baseline,../experiments/results/Baselines/baseline_rule_results.csv
107,0.8203816413879392,Rule-based baseline,../experiments/results/Baselines/baseline_rule_results.csv
108,0.8199812173843384,Rule-based baseline,../experiments/results/Baselines/baseline_rule_results.csv
109,0.8198498487472532,Rule-based baseline,../experiments/results/Baselines/baseline_rule_results.csv
110,0.8200137615203856,Rule-based baseline,../experiments/results/Baselines/baseline_rule_results.csv
111,0.8199351429939268,Rule-based baseline,../experiments/results/Baselines/baseline_rule_results.csv
112,0.8201082348823544,Rule-based baseline,../experiments/results/Baselines/baseline_rule_results.csv
113,0.820059299468994,Rule-based baseline,../experiments/results/Baselines/baseline_rule_results.csv
114,0.8203130960464476,Rule-based baseline,../experiments/results/Baselines/baseline_rule_results.csv
115,0.8201966881752012,Rule-based baseline,../experiments/results/Baselines/baseline_rule_results.csv
116,0.8206387758255004,Rule-based baseline,../experiments/results/Baselines/baseline_rule_results.csv
117,0.8207695484161376,Rule-based baseline,../experiments/results/Baselines/baseline_rule_results.csv
118,0.820496082305908,Rule-based baseline,../experiments/results/Baselines/baseline_rule_results.csv
119,0.8208366632461548,Rule-based baseline,../experiments/results/Baselines/baseline_rule_results.csv
120,0.820704996585846,Rule-based baseline,../experiments/results/Baselines/baseline_rule_results.csv
121,0.8211010694503784,Rule-based baseline,../experiments/results/Baselines/baseline_rule_results.csv
122,0.8211041688919064,Rule-based baseline,../experiments/results/Baselines/baseline_rule_results.csv
123,0.820740818977356,Rule-based baseline,../experiments/results/Baselines/baseline_rule_results.csv
124,0.8208307027816772,Rule-based baseline,../experiments/results/Baselines/baseline_rule_results.csv
125,0.8209315538406372,Rule-based baseline,../experiments/results/Baselines/baseline_rule_results.csv
126,0.8207828998565672,Rule-based baseline,../experiments/results/Baselines/baseline_rule_results.csv
127,0.8209186196327208,Rule-based baseline,../experiments/results/Baselines/baseline_rule_results.csv
128,0.820921003818512,Rule-based baseline,../experiments/results/Baselines/baseline_rule_results.csv
129,0.8207451105117796,Rule-based baseline,../experiments/results/Baselines/baseline_rule_results.csv
130,0.8211095333099364,Rule-based baseline,../experiments/results/Baselines/baseline_rule_results.csv
131,0.8212015032768248,Rule-based baseline,../experiments/results/Baselines/baseline_rule_results.csv
132,0.821158707141876,Rule-based baseline,../experiments/results/Baselines/baseline_rule_results.csv
133,0.821442365646362,Rule-based baseline,../experiments/results/Baselines/baseline_rule_results.csv
134,0.8215359449386596,Rule-based baseline,../experiments/results/Baselines/baseline_rule_results.csv
135,0.8215016126632688,Rule-based baseline,../experiments/results/Baselines/baseline_rule_results.csv
136,0.82161545753479,Rule-based baseline,../experiments/results/Baselines/baseline_rule_results.csv
137,0.821566879749298,Rule-based baseline,../experiments/results/Baselines/baseline_rule_results.csv
138,0.821650683879852,Rule-based baseline,../experiments/results/Baselines/baseline_rule_results.csv
139,0.8213883042335508,Rule-based baseline,../experiments/results/Baselines/baseline_rule_results.csv
140,0.8212496638298032,Rule-based baseline,../experiments/results/Baselines/baseline_rule_results.csv
141,0.8212591409683228,Rule-based baseline,../experiments/results/Baselines/baseline_rule_results.csv
142,0.8209695816040036,Rule-based baseline,../experiments/results/Baselines/baseline_rule_results.csv
143,0.8206528425216671,Rule-based baseline,../experiments/results/Baselines/baseline_rule_results.csv
144,0.8207225203514096,Rule-based baseline,../experiments/results/Baselines/baseline_rule_results.csv
145,0.8206086754798888,Rule-based baseline,../experiments/results/Baselines/baseline_rule_results.csv
146,0.8205038309097288,Rule-based baseline,../experiments/results/Baselines/baseline_rule_results.csv
147,0.8204410076141356,Rule-based baseline,../experiments/results/Baselines/baseline_rule_results.csv
148,0.8201919198036192,Rule-based baseline,../experiments/results/Baselines/baseline_rule_results.csv
149,0.8195720314979552,Rule-based baseline,../experiments/results/Baselines/baseline_rule_results.csv
150,0.819539964199066,Rule-based baseline,../experiments/results/Baselines/baseline_rule_results.csv
151,0.6716905832290648,Rule-based baseline,../experiments/results/Baselines/baseline_rule_results.csv
152,0.5054034590721128,Rule-based baseline,../experiments/results/Baselines/baseline_rule_results.csv
153,0.5473094582557676,Rule-based baseline,../experiments/results/Baselines/baseline_rule_results.csv
154,0.4934902489185332,Rule-based baseline,../experiments/results/Baselines/baseline_rule_results.csv
155,0.5085023641586304,Rule-based baseline,../experiments/results/Baselines/baseline_rule_results.csv
156,0.4646859467029568,Rule-based baseline,../experiments/results/Baselines/baseline_rule_results.csv
157,0.4526638090610504,Rule-based baseline,../experiments/results/Baselines/baseline_rule_results.csv
158,0.2680957019329068,Rule-based baseline,../experiments/results/Baselines/baseline_rule_results.csv
159,0.3023274838924408,Rule-based baseline,../experiments/results/Baselines/baseline_rule_results.csv
160,0.854276359081268,Rule-based baseline,../experiments/results/Baselines/baseline_rule_results.csv
161,0.636447548866272,Rule-based baseline,../experiments/results/Baselines/baseline_rule_results.csv
162,0.3225443065166472,Rule-based baseline,../experiments/results/Baselines/baseline_rule_results.csv
163,0.4257221519947052,Rule-based baseline,../experiments/results/Baselines/baseline_rule_results.csv
164,0.2276145964860916,Rule-based baseline,../experiments/results/Baselines/baseline_rule_results.csv
165,0.2283230572938916,Rule-based baseline,../experiments/results/Baselines/baseline_rule_results.csv
166,0.2252249270677564,Rule-based baseline,../experiments/results/Baselines/baseline_rule_results.csv
167,0.2173538953065872,Rule-based baseline,../experiments/results/Baselines/baseline_rule_results.csv
168,0.3095433413982388,Rule-based baseline,../experiments/results/Baselines/baseline_rule_results.csv
169,0.236428454518318,Rule-based baseline,../experiments/results/Baselines/baseline_rule_results.csv
170,0.2252168208360672,Rule-based baseline,../experiments/results/Baselines/baseline_rule_results.csv
171,0.4050919711589812,Rule-based baseline,../experiments/results/Baselines/baseline_rule_results.csv
172,0.4212311804294584,Rule-based baseline,../experiments/results/Baselines/baseline_rule_results.csv
173,0.768496751785278,Rule-based baseline,../experiments/results/Baselines/baseline_rule_results.csv
174,0.7732489705085752,Rule-based baseline,../experiments/results/Baselines/baseline_rule_results.csv
175,0.6295694708824155,Rule-based baseline,../experiments/results/Baselines/baseline_rule_results.csv
176,0.7916592359542844,Rule-based baseline,../experiments/results/Baselines/baseline_rule_results.csv
177,0.7771210074424744,Rule-based baseline,../experiments/results/Baselines/baseline_rule_results.csv
178,0.8067576885223388,Rule-based baseline,../experiments/results/Baselines/baseline_rule_results.csv
179,0.8199342489242551,Rule-based baseline,../experiments/results/Baselines/baseline_rule_results.csv
180,0.8195255994796752,Rule-based baseline,../experiments/results/Baselines/baseline_rule_results.csv
181,0.8191854953765868,Rule-based baseline,../experiments/results/Baselines/baseline_rule_results.csv
182,0.8192937970161436,Rule-based baseline,../experiments/results/Baselines/baseline_rule_results.csv
183,0.8194222450256348,Rule-based baseline,../experiments/results/Baselines/baseline_rule_results.csv
184,0.8193629384040833,Rule-based baseline,../experiments/results/Baselines/baseline_rule_results.csv
185,0.5572758316993712,Rule-based baseline,../experiments/results/Baselines/baseline_rule_results.csv
186,0.6791856288909912,Rule-based baseline,../experiments/results/Baselines/baseline_rule_results.csv
187,0.6338673830032348,Rule-based baseline,../experiments/results/Baselines/baseline_rule_results.csv
188,0.5581344366073608,Rule-based baseline,../experiments/results/Baselines/baseline_rule_results.csv
189,0.774092137813568,Rule-based baseline,../experiments/results/Baselines/baseline_rule_results.csv
190,0.8995175957679749,Rule-based baseline,../experiments/results/Baselines/baseline_rule_results.csv
191,0.8743956089019772,Rule-based baseline,../experiments/results/Baselines/baseline_rule_results.csv
192,0.82045578956604,Rule-based baseline,../experiments/results/Baselines/baseline_rule_results.csv
193,0.8207449316978452,Rule-based baseline,../experiments/results/Baselines/baseline_rule_results.csv
194,0.8210132122039792,Rule-based baseline,../experiments/results/Baselines/baseline_rule_results.csv
195,0.820913016796112,Rule-based baseline,../experiments/results/Baselines/baseline_rule_results.csv
196,0.820898711681366,Rule-based baseline,../experiments/results/Baselines/baseline_rule_results.csv
197,0.8209813237190244,Rule-based baseline,../experiments/results/Baselines/baseline_rule_results.csv
198,0.8207548856735228,Rule-based baseline,../experiments/results/Baselines/baseline_rule_results.csv
199,0.8206959962844848,Rule-based baseline,../experiments/results/Baselines/baseline_rule_results.csv
200,0.8205204010009765,Rule-based baseline,../experiments/results/Baselines/baseline_rule_results.csv
201,0.8206498622894284,Rule-based baseline,../experiments/results/Baselines/baseline_rule_results.csv
202,0.820229351520538,Rule-based baseline,../experiments/results/Baselines/baseline_rule_results.csv
203,0.8197686076164244,Rule-based baseline,../experiments/results/Baselines/baseline_rule_results.csv
204,0.8196867108345032,Rule-based baseline,../experiments/results/Baselines/baseline_rule_results.csv
205,0.8201022744178772,Rule-based baseline,../experiments/results/Baselines/baseline_rule_results.csv
206,0.8198290467262268,Rule-based baseline,../experiments/results/Baselines/baseline_rule_results.csv
207,0.8202390670776364,Rule-based baseline,../experiments/results/Baselines/baseline_rule_results.csv
208,0.8203918933868408,Rule-based baseline,../experiments/results/Baselines/baseline_rule_results.csv
209,0.8201497793197632,Rule-based baseline,../experiments/results/Baselines/baseline_rule_results.csv
210,0.8201795816421508,Rule-based baseline,../experiments/results/Baselines/baseline_rule_results.csv
211,0.82044780254364,Rule-based baseline,../experiments/results/Baselines/baseline_rule_results.csv
212,0.8205736279487608,Rule-based baseline,../experiments/results/Baselines/baseline_rule_results.csv
213,0.8204838633537292,Rule-based baseline,../experiments/results/Baselines/baseline_rule_results.csv
214,0.8204209804534912,Rule-based baseline,../experiments/results/Baselines/baseline_rule_results.csv
215,0.8206337094306944,Rule-based baseline,../experiments/results/Baselines/baseline_rule_results.csv
216,0.8206657171249389,Rule-based baseline,../experiments/results/Baselines/baseline_rule_results.csv
217,0.820781111717224,Rule-based baseline,../experiments/results/Baselines/baseline_rule_results.csv
218,0.8207316994667052,Rule-based baseline,../experiments/results/Baselines/baseline_rule_results.csv
219,0.8206861615180968,Rule-based baseline,../experiments/results/Baselines/baseline_rule_results.csv
220,0.8204658627510067,Rule-based baseline,../experiments/results/Baselines/baseline_rule_results.csv
221,0.8206277489662168,Rule-based baseline,../experiments/results/Baselines/baseline_rule_results.csv
222,0.8203251361846924,Rule-based baseline,../experiments/results/Baselines/baseline_rule_results.csv
223,0.8206320405006408,Rule-based baseline,../experiments/results/Baselines/baseline_rule_results.csv
224,0.8208380937576292,Rule-based baseline,../experiments/results/Baselines/baseline_rule_results.csv
225,0.82095593214035,Rule-based baseline,../experiments/results/Baselines/baseline_rule_results.csv
226,0.8208880424499512,Rule-based baseline,../experiments/results/Baselines/baseline_rule_results.csv
227,0.8208995461463928,Rule-based baseline,../experiments/results/Baselines/baseline_rule_results.csv
228,0.8209156990051268,Rule-based baseline,../experiments/results/Baselines/baseline_rule_results.csv
229,0.8206936717033384,Rule-based baseline,../experiments/results/Baselines/baseline_rule_results.csv
230,0.820800960063934,Rule-based baseline,../experiments/results/Baselines/baseline_rule_results.csv
231,0.8209648728370664,Rule-based baseline,../experiments/results/Baselines/baseline_rule_results.csv
232,0.8211840987205504,Rule-based baseline,../experiments/results/Baselines/baseline_rule_results.csv
233,0.8212605118751524,Rule-based baseline,../experiments/results/Baselines/baseline_rule_results.csv
234,0.8212780356407164,Rule-based baseline,../experiments/results/Baselines/baseline_rule_results.csv
235,0.8213050365447996,Rule-based baseline,../experiments/results/Baselines/baseline_rule_results.csv
236,0.8212922811508176,Rule-based baseline,../experiments/results/Baselines/baseline_rule_results.csv
237,0.8213863372802732,Rule-based baseline,../experiments/results/Baselines/baseline_rule_results.csv
238,0.8212538361549376,Rule-based baseline,../experiments/results/Baselines/baseline_rule_results.csv
239,0.8206851482391356,Rule-based baseline,../experiments/results/Baselines/baseline_rule_results.csv
240,0.8206527829170224,Rule-based baseline,../experiments/results/Baselines/baseline_rule_results.csv
241,0.8205499053001404,Rule-based baseline,../experiments/results/Baselines/baseline_rule_results.csv
242,0.8204792737960812,Rule-based baseline,../experiments/results/Baselines/baseline_rule_results.csv
243,0.8204095959663388,Rule-based baseline,../experiments/results/Baselines/baseline_rule_results.csv
244,0.8206627368927,Rule-based baseline,../experiments/results/Baselines/baseline_rule_results.csv
245,0.820532500743866,Rule-based baseline,../experiments/results/Baselines/baseline_rule_results.csv
246,0.820030093193054,Rule-based baseline,../experiments/results/Baselines/baseline_rule_results.csv
247,0.8197675347328184,Rule-based baseline,../experiments/results/Baselines/baseline_rule_results.csv
248,0.8196085691452024,Rule-based baseline,../experiments/results/Baselines/baseline_rule_results.csv
249,0.8195783495903012,Rule-based baseline,../experiments/results/Baselines/baseline_rule_results.csv
250,0.6655336022377012,Rule-based baseline,../experiments/results/Baselines/baseline_rule_results.csv
251,0.6443406939506529,Rule-based baseline,../experiments/results/Baselines/baseline_rule_results.csv
252,0.6258313059806824,Rule-based baseline,../experiments/results/Baselines/baseline_rule_results.csv
253,0.6301015615463256,Rule-based baseline,../experiments/results/Baselines/baseline_rule_results.csv
254,0.5787548422813416,Rule-based baseline,../experiments/results/Baselines/baseline_rule_results.csv
255,0.4586779177188872,Rule-based baseline,../experiments/results/Baselines/baseline_rule_results.csv
256,0.3633593022823332,Rule-based baseline,../experiments/results/Baselines/baseline_rule_results.csv
257,0.489883869886398,Rule-based baseline,../experiments/results/Baselines/baseline_rule_results.csv
258,0.294767826795578,Rule-based baseline,../experiments/results/Baselines/baseline_rule_results.csv
259,0.4212523996829984,Rule-based baseline,../experiments/results/Baselines/baseline_rule_results.csv
260,0.3091448247432708,Rule-based baseline,../experiments/results/Baselines/baseline_rule_results.csv
261,0.2080242186784744,Rule-based baseline,../experiments/results/Baselines/baseline_rule_results.csv
262,0.2481607943773268,Rule-based baseline,../experiments/results/Baselines/baseline_rule_results.csv
263,0.1853953152894972,Rule-based baseline,../experiments/results/Baselines/baseline_rule_results.csv
264,0.175548270344734,Rule-based baseline,../experiments/results/Baselines/baseline_rule_results.csv
265,0.2093921452760696,Rule-based baseline,../experiments/results/Baselines/baseline_rule_results.csv
266,0.1392375975847244,Rule-based baseline,../experiments/results/Baselines/baseline_rule_results.csv
267,0.1077589616179464,Rule-based baseline,../experiments/results/Baselines/baseline_rule_results.csv
268,0.2176086455583572,Rule-based baseline,../experiments/results/Baselines/baseline_rule_results.csv
269,0.185778334736824,Rule-based baseline,../experiments/results/Baselines/baseline_rule_results.csv
270,0.2107160836458204,Rule-based baseline,../experiments/results/Baselines/baseline_rule_results.csv
271,0.22853846848011,Rule-based baseline,../experiments/results/Baselines/baseline_rule_results.csv
272,0.3296371400356292,Rule-based baseline,../experiments/results/Baselines/baseline_rule_results.csv
273,0.413322418928146,Rule-based baseline,../experiments/results/Baselines/baseline_rule_results.csv
274,0.4006901681423184,Rule-based baseline,../experiments/results/Baselines/baseline_rule_results.csv
275,0.5761600136756896,Rule-based baseline,../experiments/results/Baselines/baseline_rule_results.csv
276,0.619840621948242,Rule-based baseline,../experiments/results/Baselines/baseline_rule_results.csv
277,0.5664281845092772,Rule-based baseline,../experiments/results/Baselines/baseline_rule_results.csv
278,0.5520964860916135,Rule-based baseline,../experiments/results/Baselines/baseline_rule_results.csv
279,0.6974888443946836,Rule-based baseline,../experiments/results/Baselines/baseline_rule_results.csv
280,0.819623291492462,Rule-based baseline,../experiments/results/Baselines/baseline_rule_results.csv
281,0.8197913765907288,Rule-based baseline,../experiments/results/Baselines/baseline_rule_results.csv
282,0.819672346115112,Rule-based baseline,../experiments/results/Baselines/baseline_rule_results.csv
283,0.8200815320014953,Rule-based baseline,../experiments/results/Baselines/baseline_rule_results.csv
284,0.8199800848960876,Rule-based baseline,../experiments/results/Baselines/baseline_rule_results.csv
285,0.8201596736907956,Rule-based baseline,../experiments/results/Baselines/baseline_rule_results.csv
286,0.8200840950012204,Rule-based baseline,../experiments/results/Baselines/baseline_rule_results.csv
287,0.8204083442687988,Rule-based baseline,../experiments/results/Baselines/baseline_rule_results.csv
288,0.8203228712081908,Rule-based baseline,../experiments/results/Baselines/baseline_rule_results.csv
289,0.8204401731491088,Rule-based baseline,../experiments/results/Baselines/baseline_rule_results.csv
290,0.8203036785125732,Rule-based baseline,../experiments/results/Baselines/baseline_rule_results.csv
291,0.8202028274536132,Rule-based baseline,../experiments/results/Baselines/baseline_rule_results.csv
292,0.8204051852226256,Rule-based baseline,../experiments/results/Baselines/baseline_rule_results.csv
293,0.8205112814903256,Rule-based baseline,../experiments/results/Baselines/baseline_rule_results.csv
294,0.8207553625106812,Rule-based baseline,../experiments/results/Baselines/baseline_rule_results.csv
295,0.8207777142524716,Rule-based baseline,../experiments/results/Baselines/baseline_rule_results.csv
296,0.8204417824745176,Rule-based baseline,../experiments/results/Baselines/baseline_rule_results.csv
297,0.8205646276473996,Rule-based baseline,../experiments/results/Baselines/baseline_rule_results.csv
298,0.820421814918518,Rule-based baseline,../experiments/results/Baselines/baseline_rule_results.csv
299,0.8206188678741452,Rule-based baseline,../experiments/results/Baselines/baseline_rule_results.csv
300,0.8207338452339172,Rule-based baseline,../experiments/results/Baselines/baseline_rule_results.csv
301,0.8207750320434568,Rule-based baseline,../experiments/results/Baselines/baseline_rule_results.csv
302,0.820661664009094,Rule-based baseline,../experiments/results/Baselines/baseline_rule_results.csv
303,0.8207705616950988,Rule-based baseline,../experiments/results/Baselines/baseline_rule_results.csv
304,0.820546805858612,Rule-based baseline,../experiments/results/Baselines/baseline_rule_results.csv
305,0.8206886053085324,Rule-based baseline,../experiments/results/Baselines/baseline_rule_results.csv
306,0.8208737373352047,Rule-based baseline,../experiments/results/Baselines/baseline_rule_results.csv
307,0.8207996487617492,Rule-based baseline,../experiments/results/Baselines/baseline_rule_results.csv
308,0.8204949498176572,Rule-based baseline,../experiments/results/Baselines/baseline_rule_results.csv
309,0.8206223249435424,Rule-based baseline,../experiments/results/Baselines/baseline_rule_results.csv
310,0.82077819108963,Rule-based baseline,../experiments/results/Baselines/baseline_rule_results.csv
311,0.8207318782806396,Rule-based baseline,../experiments/results/Baselines/baseline_rule_results.csv
312,0.820845067501068,Rule-based baseline,../experiments/results/Baselines/baseline_rule_results.csv
313,0.8206700682640076,Rule-based baseline,../experiments/results/Baselines/baseline_rule_results.csv
314,0.8206380009651184,Rule-based baseline,../experiments/results/Baselines/baseline_rule_results.csv
315,0.820724070072174,Rule-based baseline,../experiments/results/Baselines/baseline_rule_results.csv
316,0.82071316242218,Rule-based baseline,../experiments/results/Baselines/baseline_rule_results.csv
317,0.8206271529197692,Rule-based baseline,../experiments/results/Baselines/baseline_rule_results.csv
318,0.820445656776428,Rule-based baseline,../experiments/results/Baselines/baseline_rule_results.csv
319,0.820422887802124,Rule-based baseline,../experiments/results/Baselines/baseline_rule_results.csv
320,0.8206061124801636,Rule-based baseline,../experiments/results/Baselines/baseline_rule_results.csv
321,0.8205980658531188,Rule-based baseline,../experiments/results/Baselines/baseline_rule_results.csv
322,0.8209981322288512,Rule-based baseline,../experiments/results/Baselines/baseline_rule_results.csv
323,0.8209596872329712,Rule-based baseline,../experiments/results/Baselines/baseline_rule_results.csv
324,0.8210352659225464,Rule-based baseline,../experiments/results/Baselines/baseline_rule_results.csv
325,0.8211431503295896,Rule-based baseline,../experiments/results/Baselines/baseline_rule_results.csv
326,0.8212012052536009,Rule-based baseline,../experiments/results/Baselines/baseline_rule_results.csv
327,0.8212673664093016,Rule-based baseline,../experiments/results/Baselines/baseline_rule_results.csv
328,0.8211387395858764,Rule-based baseline,../experiments/results/Baselines/baseline_rule_results.csv
329,0.8212958574295044,Rule-based baseline,../experiments/results/Baselines/baseline_rule_results.csv
330,0.821272611618042,Rule-based baseline,../experiments/results/Baselines/baseline_rule_results.csv
331,0.821089506149292,Rule-based baseline,../experiments/results/Baselines/baseline_rule_results.csv
332,0.821129024028778,Rule-based baseline,../experiments/results/Baselines/baseline_rule_results.csv
333,0.821059226989746,Rule-based baseline,../experiments/results/Baselines/baseline_rule_results.csv
334,0.8209279775619504,Rule-based baseline,../experiments/results/Baselines/baseline_rule_results.csv
335,0.8202784061431884,Rule-based baseline,../experiments/results/Baselines/baseline_rule_results.csv
336,0.8205664753913876,Rule-based baseline,../experiments/results/Baselines/baseline_rule_results.csv
337,0.8205148577690125,Rule-based baseline,../experiments/results/Baselines/baseline_rule_results.csv
338,0.8203927874565125,Rule-based baseline,../experiments/results/Baselines/baseline_rule_results.csv
339,0.8201746940612792,Rule-based baseline,../experiments/results/Baselines/baseline_rule_results.csv
340,0.8196552991867064,Rule-based baseline,../experiments/results/Baselines/baseline_rule_results.csv
341,0.819541037082672,Rule-based baseline,../experiments/results/Baselines/baseline_rule_results.csv
342,0.819533348083496,Rule-based baseline,../experiments/results/Baselines/baseline_rule_results.csv
343,0.5664238929748532,Rule-based baseline,../experiments/results/Baselines/baseline_rule_results.csv
344,0.5534121990203856,Rule-based baseline,../experiments/results/Baselines/baseline_rule_results.csv
345,0.543993592262268,Rule-based baseline,../experiments/results/Baselines/baseline_rule_results.csv
346,0.4776308238506316,Rule-based baseline,../experiments/results/Baselines/baseline_rule_results.csv
347,0.5509096980094907,Rule-based baseline,../experiments/results/Baselines/baseline_rule_results.csv
348,0.420776218175888,Rule-based baseline,../experiments/results/Baselines/baseline_rule_results.csv
349,0.3086900413036344,Rule-based baseline,../experiments/results/Baselines/baseline_rule_results.csv
350,0.2595137059688568,Rule-based baseline,../experiments/results/Baselines/baseline_rule_results.csv
351,0.2570550143718716,Rule-based baseline,../experiments/results/Baselines/baseline_rule_results.csv
352,0.2367985993623732,Rule-based baseline,../experiments/results/Baselines/baseline_rule_results.csv
353,0.2192151099443432,Rule-based baseline,../experiments/results/Baselines/baseline_rule_results.csv
354,0.2481920272111892,Rule-based baseline,../experiments/results/Baselines/baseline_rule_results.csv
355,0.2360398322343824,Rule-based baseline,../experiments/results/Baselines/baseline_rule_results.csv
356,0.2339744120836256,Rule-based baseline,../experiments/results/Baselines/baseline_rule_results.csv
357,0.2319163829088208,Rule-based baseline,../experiments/results/Baselines/baseline_rule_results.csv
358,0.1992531567811964,Rule-based baseline,../experiments/results/Baselines/baseline_rule_results.csv
359,0.2259801179170608,Rule-based baseline,../experiments/results/Baselines/baseline_rule_results.csv
360,0.2296030074357984,Rule-based baseline,../experiments/results/Baselines/baseline_rule_results.csv
361,0.2281720191240308,Rule-based baseline,../experiments/results/Baselines/baseline_rule_results.csv
362,0.3869472444057464,Rule-based baseline,../experiments/results/Baselines/baseline_rule_results.csv
363,0.4069444835186004,Rule-based baseline,../experiments/results/Baselines/baseline_rule_results.csv
364,0.3097717463970184,Rule-based baseline,../experiments/results/Baselines/baseline_rule_results.csv
365,0.4932809770107268,Rule-based baseline,../experiments/results/Baselines/baseline_rule_results.csv
366,0.5131728649139404,Rule-based baseline,../experiments/results/Baselines/baseline_rule_results.csv
367,0.5329044461250304,Rule-based baseline,../experiments/results/Baselines/baseline_rule_results.csv
368,0.5521305203437804,Rule-based baseline,../experiments/results/Baselines/baseline_rule_results.csv
369,0.662816762924194,Rule-based baseline,../experiments/results/Baselines/baseline_rule_results.csv
370,0.6989086270332336,Rule-based baseline,../experiments/results/Baselines/baseline_rule_results.csv
371,1.088412880897522,Rule-based baseline,../experiments/results/Baselines/baseline_rule_results.csv
372,0.8205628395080564,Rule-based baseline,../experiments/results/Baselines/baseline_rule_results.csv
373,0.8191681504249572,Rule-based baseline,../experiments/results/Baselines/baseline_rule_results.csv
374,0.8193981647491452,Rule-based baseline,../experiments/results/Baselines/baseline_rule_results.csv
375,0.8194408416748044,Rule-based baseline,../experiments/results/Baselines/baseline_rule_results.csv
376,0.8196161389350888,Rule-based baseline,../experiments/results/Baselines/baseline_rule_results.csv
377,0.8194608092308044,Rule-based baseline,../experiments/results/Baselines/baseline_rule_results.csv
378,0.8193094134330748,Rule-based baseline,../experiments/results/Baselines/baseline_rule_results.csv
379,0.8191956877708432,Rule-based baseline,../experiments/results/Baselines/baseline_rule_results.csv
380,0.8195577263832092,Rule-based baseline,../experiments/results/Baselines/baseline_rule_results.csv
381,0.6407808661460876,Rule-based baseline,../experiments/results/Baselines/baseline_rule_results.csv
382,0.565554678440094,Rule-based baseline,../experiments/results/Baselines/baseline_rule_results.csv
383,0.631063103675842,Rule-based baseline,../experiments/results/Baselines/baseline_rule_results.csv
384,0.8737998604774472,Rule-based baseline,../experiments/results/Baselines/baseline_rule_results.csv
385,1.1624177694320676,Rule-based baseline,../experiments/results/Baselines/baseline_rule_results.csv
386,0.820445954799652,Rule-based baseline,../experiments/results/Baselines/baseline_rule_results.csv
387,0.8205767273902892,Rule-based baseline,../experiments/results/Baselines/baseline_rule_results.csv
388,0.8206799030303952,Rule-based baseline,../experiments/results/Baselines/baseline_rule_results.csv
389,0.8204996585845944,Rule-based baseline,../experiments/results/Baselines/baseline_rule_results.csv
390,0.8204768896102904,Rule-based baseline,../experiments/results/Baselines/baseline_rule_results.csv
391,0.8200271129608152,Rule-based baseline,../experiments/results/Baselines/baseline_rule_results.csv
392,0.8203252553939816,Rule-based baseline,../experiments/results/Baselines/baseline_rule_results.csv
393,0.8199402093887328,Rule-based baseline,../experiments/results/Baselines/baseline_rule_results.csv
394,0.8199410438537597,Rule-based baseline,../experiments/results/Baselines/baseline_rule_results.csv
395,0.8196642398834229,Rule-based baseline,../experiments/results/Baselines/baseline_rule_results.csv
396,0.8199521899223328,Rule-based baseline,../experiments/results/Baselines/baseline_rule_results.csv
397,0.8196226954460144,Rule-based baseline,../experiments/results/Baselines/baseline_rule_results.csv
398,0.819642186164856,Rule-based baseline,../experiments/results/Baselines/baseline_rule_results.csv
399,0.8198716640472412,Rule-based baseline,../experiments/results/Baselines/baseline_rule_results.csv
400,0.8195984959602356,Rule-based baseline,../experiments/results/Baselines/baseline_rule_results.csv
401,0.8196362257003784,Rule-based baseline,../experiments/results/Baselines/baseline_rule_results.csv
402,0.8198885917663572,Rule-based baseline,../experiments/results/Baselines/baseline_rule_results.csv
403,0.8199059367179868,Rule-based baseline,../experiments/results/Baselines/baseline_rule_results.csv
404,0.8196253776550292,Rule-based baseline,../experiments/results/Baselines/baseline_rule_results.csv
405,0.819626986980438,Rule-based baseline,../experiments/results/Baselines/baseline_rule_results.csv
406,0.8196713328361508,Rule-based baseline,../experiments/results/Baselines/baseline_rule_results.csv
407,0.8195278644561768,Rule-based baseline,../experiments/results/Baselines/baseline_rule_results.csv
408,0.819625914096832,Rule-based baseline,../experiments/results/Baselines/baseline_rule_results.csv
409,0.82009357213974,Rule-based baseline,../experiments/results/Baselines/baseline_rule_results.csv
410,0.8197475671768188,Rule-based baseline,../experiments/results/Baselines/baseline_rule_results.csv
411,0.8196164369583128,Rule-based baseline,../experiments/results/Baselines/baseline_rule_results.csv
412,0.8197475671768188,Rule-based baseline,../experiments/results/Baselines/baseline_rule_results.csv
413,0.8198158144950864,Rule-based baseline,../experiments/results/Baselines/baseline_rule_results.csv
414,0.8202013373374936,Rule-based baseline,../experiments/results/Baselines/baseline_rule_results.csv
415,0.8202207088470456,Rule-based baseline,../experiments/results/Baselines/baseline_rule_results.csv
416,0.8200297355651855,Rule-based baseline,../experiments/results/Baselines/baseline_rule_results.csv
417,0.8204271793365476,Rule-based baseline,../experiments/results/Baselines/baseline_rule_results.csv
418,0.8205558061599731,Rule-based baseline,../experiments/results/Baselines/baseline_rule_results.csv
419,0.820740222930908,Rule-based baseline,../experiments/results/Baselines/baseline_rule_results.csv
420,0.8208482265472412,Rule-based baseline,../experiments/results/Baselines/baseline_rule_results.csv
421,0.8208445310592648,Rule-based baseline,../experiments/results/Baselines/baseline_rule_results.csv
422,0.820781409740448,Rule-based baseline,../experiments/results/Baselines/baseline_rule_results.csv
423,0.8210582733154296,Rule-based baseline,../experiments/results/Baselines/baseline_rule_results.csv
424,0.8209032416343688,Rule-based baseline,../experiments/results/Baselines/baseline_rule_results.csv
425,0.8207768797874448,Rule-based baseline,../experiments/results/Baselines/baseline_rule_results.csv
426,0.8208716511726376,Rule-based baseline,../experiments/results/Baselines/baseline_rule_results.csv
427,0.8206210136413572,Rule-based baseline,../experiments/results/Baselines/baseline_rule_results.csv
428,0.8207421898841856,Rule-based baseline,../experiments/results/Baselines/baseline_rule_results.csv
429,0.8206163644790648,Rule-based baseline,../experiments/results/Baselines/baseline_rule_results.csv
430,0.8200079798698424,Rule-based baseline,../experiments/results/Baselines/baseline_rule_results.csv
431,0.8194769024848936,Rule-based baseline,../experiments/results/Baselines/baseline_rule_results.csv
432,0.8206390738487244,Rule-based baseline,../experiments/results/Baselines/baseline_rule_results.csv
433,0.8206765055656432,Rule-based baseline,../experiments/results/Baselines/baseline_rule_results.csv
434,0.8206896185874936,Rule-based baseline,../experiments/results/Baselines/baseline_rule_results.csv
435,0.8205260038375852,Rule-based baseline,../experiments/results/Baselines/baseline_rule_results.csv
436,0.8194081187248228,Rule-based baseline,../experiments/results/Baselines/baseline_rule_results.csv
437,0.81920325756073,Rule-based baseline,../experiments/results/Baselines/baseline_rule_results.csv
438,0.8193806409835812,Rule-based baseline,../experiments/results/Baselines/baseline_rule_results.csv
439,0.8192884922027588,Rule-based baseline,../experiments/results/Baselines/baseline_rule_results.csv
440,0.2991344630718228,Rule-based baseline,../experiments/results/Baselines/baseline_rule_results.csv
441,0.33157142996788,Rule-based baseline,../experiments/results/Baselines/baseline_rule_results.csv
442,0.2265074998140332,Rule-based baseline,../experiments/results/Baselines/baseline_rule_results.csv
443,0.228497102856636,Rule-based baseline,../experiments/results/Baselines/baseline_rule_results.csv
444,0.3084951341152188,Rule-based baseline,../experiments/results/Baselines/baseline_rule_results.csv
445,0.2473159581422804,Rule-based baseline,../experiments/results/Baselines/baseline_rule_results.csv
446,0.2039764672517776,Rule-based baseline,../experiments/results/Baselines/baseline_rule_results.csv
447,0.15518744289875,Rule-based baseline,../experiments/results/Baselines/baseline_rule_results.csv
448,0.1124537810683248,Rule-based baseline,../experiments/results/Baselines/baseline_rule_results.csv
449,0.0974442586302756,Rule-based baseline,../experiments/results/Baselines/baseline_rule_results.csv
450,0.131080225110054,Rule-based baseline,../experiments/results/Baselines/baseline_rule_results.csv
451,0.0933582410216328,Rule-based baseline,../experiments/results/Baselines/baseline_rule_results.csv
452,0.2407664805650708,Rule-based baseline,../experiments/results/Baselines/baseline_rule_results.csv
453,0.0873885974287984,Rule-based baseline,../experiments/results/Baselines/baseline_rule_results.csv
454,0.0151818149467552,Rule-based baseline,../experiments/results/Baselines/baseline_rule_results.csv
455,0.1010282859206196,Rule-based baseline,../experiments/results/Baselines/baseline_rule_results.csv
456,0.2027681618928908,Rule-based baseline,../experiments/results/Baselines/baseline_rule_results.csv
457,0.2018770724534988,Rule-based baseline,../experiments/results/Baselines/baseline_rule_results.csv
458,0.1443997174501416,Rule-based baseline,../experiments/results/Baselines/baseline_rule_results.csv
459,0.2366520911455152,Rule-based baseline,../experiments/results/Baselines/baseline_rule_results.csv
460,0.4417146146297452,Rule-based baseline,../experiments/results/Baselines/baseline_rule_results.csv
461,0.3823885619640348,Rule-based baseline,../experiments/results/Baselines/baseline_rule_results.csv
462,0.4895828068256376,Rule-based baseline,../experiments/results/Baselines/baseline_rule_results.csv
463,0.3087165057659148,Rule-based baseline,../experiments/results/Baselines/baseline_rule_results.csv
464,0.5994685292243956,Rule-based baseline,../experiments/results/Baselines/baseline_rule_results.csv
465,0.3982907235622404,Rule-based baseline,../experiments/results/Baselines/baseline_rule_results.csv
466,0.8190824985504148,Rule-based baseline,../experiments/results/Baselines/baseline_rule_results.csv
467,0.8190687894821164,Rule-based baseline,../experiments/results/Baselines/baseline_rule_results.csv
468,0.819030463695526,Rule-based baseline,../experiments/results/Baselines/baseline_rule_results.csv
469,0.818973124027252,Rule-based baseline,../experiments/results/Baselines/baseline_rule_results.csv
470,0.8191037178039547,Rule-based baseline,../experiments/results/Baselines/baseline_rule_results.csv
471,0.8189684748649596,Rule-based baseline,../experiments/results/Baselines/baseline_rule_results.csv
472,0.8191406726837156,Rule-based baseline,../experiments/results/Baselines/baseline_rule_results.csv
473,0.8190207481384276,Rule-based baseline,../experiments/results/Baselines/baseline_rule_results.csv
474,0.407645672559738,Rule-based baseline,../experiments/results/Baselines/baseline_rule_results.csv
475,0.4266552627086636,Rule-based baseline,../experiments/results/Baselines/baseline_rule_results.csv
476,0.4126547276973724,Rule-based baseline,../experiments/results/Baselines/baseline_rule_results.csv
477,0.5072499513626096,Rule-based baseline,../experiments/results/Baselines/baseline_rule_results.csv
478,0.53570681810379,Rule-based baseline,../experiments/results/Baselines/baseline_rule_results.csv
479,0.5943010449409484,Rule-based baseline,../experiments/results/Baselines/baseline_rule_results.csv
480,0.8195874094963072,Rule-based baseline,../experiments/results/Baselines/baseline_rule_results.csv
481,0.8196367621421812,Rule-based baseline,../experiments/results/Baselines/baseline_rule_results.csv
482,0.8197197318077084,Rule-based baseline,../experiments/results/Baselines/baseline_rule_results.csv
483,0.82014125585556,Rule-based baseline,../experiments/results/Baselines/baseline_rule_results.csv
484,0.820033609867096,Rule-based baseline,../experiments/results/Baselines/baseline_rule_results.csv
485,0.8196454644203184,Rule-based baseline,../experiments/results/Baselines/baseline_rule_results.csv
486,0.8199503421783444,Rule-based baseline,../experiments/results/Baselines/baseline_rule_results.csv
487,0.820059597492218,Rule-based baseline,../experiments/results/Baselines/baseline_rule_results.csv
488,0.8206738829612732,Rule-based baseline,../experiments/results/Baselines/baseline_rule_results.csv
489,0.819642961025238,Rule-based baseline,../experiments/results/Baselines/baseline_rule_results.csv
490,0.8200504183769224,Rule-based baseline,../experiments/results/Baselines/baseline_rule_results.csv
491,0.8195830583572388,Rule-based baseline,../experiments/results/Baselines/baseline_rule_results.csv
492,0.8201318383216856,Rule-based baseline,../experiments/results/Baselines/baseline_rule_results.csv
493,0.8196493983268736,Rule-based baseline,../experiments/results/Baselines/baseline_rule_results.csv
494,0.819766283035278,Rule-based baseline,../experiments/results/Baselines/baseline_rule_results.csv
495,0.8201350569725036,Rule-based baseline,../experiments/results/Baselines/baseline_rule_results.csv
496,0.8199196457862852,Rule-based baseline,../experiments/results/Baselines/baseline_rule_results.csv
497,0.8197952508926392,Rule-based baseline,../experiments/results/Baselines/baseline_rule_results.csv
498,0.8196249008178708,Rule-based baseline,../experiments/results/Baselines/baseline_rule_results.csv
499,0.8196827173233032,Rule-based baseline,../experiments/results/Baselines/baseline_rule_results.csv
500,0.8198937773704528,Rule-based baseline,../experiments/results/Baselines/baseline_rule_results.csv
501,0.820126175880432,Rule-based baseline,../experiments/results/Baselines/baseline_rule_results.csv
502,0.8199450373649596,Rule-based baseline,../experiments/results/Baselines/baseline_rule_results.csv
503,0.8198556900024412,Rule-based baseline,../experiments/results/Baselines/baseline_rule_results.csv
504,0.8196972012519836,Rule-based baseline,../experiments/results/Baselines/baseline_rule_results.csv
505,0.8202306032180784,Rule-based baseline,../experiments/results/Baselines/baseline_rule_results.csv
506,0.8205801248550412,Rule-based baseline,../experiments/results/Baselines/baseline_rule_results.csv
507,0.8196009397506712,Rule-based baseline,../experiments/results/Baselines/baseline_rule_results.csv
508,0.8194361329078672,Rule-based baseline,../experiments/results/Baselines/baseline_rule_results.csv
509,0.81964635848999,Rule-based baseline,../experiments/results/Baselines/baseline_rule_results.csv
510,0.81962651014328,Rule-based baseline,../experiments/results/Baselines/baseline_rule_results.csv
511,0.8193328380584716,Rule-based baseline,../experiments/results/Baselines/baseline_rule_results.csv
512,0.81932657957077,Rule-based baseline,../experiments/results/Baselines/baseline_rule_results.csv
513,0.6430130004882812,Rule-based baseline,../experiments/results/Baselines/baseline_rule_results.csv
514,1.0004867315292356,Rule-based baseline,../experiments/results/Baselines/baseline_rule_results.csv
515,1.035789370536804,Rule-based baseline,../experiments/results/Baselines/baseline_rule_results.csv
516,1.1634118556976316,Rule-based baseline,../experiments/results/Baselines/baseline_rule_results.csv
517,0.8201966881752012,Rule-based baseline,../experiments/results/Baselines/baseline_rule_results.csv
518,0.8202809691429136,Rule-based baseline,../experiments/results/Baselines/baseline_rule_results.csv
519,0.820360481739044,Rule-based baseline,../experiments/results/Baselines/baseline_rule_results.csv
520,0.8204511404037476,Rule-based baseline,../experiments/results/Baselines/baseline_rule_results.csv
521,0.82025808095932,Rule-based baseline,../experiments/results/Baselines/baseline_rule_results.csv
522,0.820249319076538,Rule-based baseline,../experiments/results/Baselines/baseline_rule_results.csv
523,0.8208014369010924,Rule-based baseline,../experiments/results/Baselines/baseline_rule_results.csv
524,0.8205487132072448,Rule-based baseline,../experiments/results/Baselines/baseline_rule_results.csv
525,0.8202657103538512,Rule-based baseline,../experiments/results/Baselines/baseline_rule_results.csv
526,0.8199355602264404,Rule-based baseline,../experiments/results/Baselines/baseline_rule_results.csv
527,0.8196493983268736,Rule-based baseline,../experiments/results/Baselines/baseline_rule_results.csv
528,0.8201491832733152,Rule-based baseline,../experiments/results/Baselines/baseline_rule_results.csv
529,0.8202263712882996,Rule-based baseline,../experiments/results/Baselines/baseline_rule_results.csv
530,0.8201058506965636,Rule-based baseline,../experiments/results/Baselines/baseline_rule_results.csv
531,0.8199830651283264,Rule-based baseline,../experiments/results/Baselines/baseline_rule_results.csv
532,0.8195525407791135,Rule-based baseline,../experiments/results/Baselines/baseline_rule_results.csv
533,0.8191813230514524,Rule-based baseline,../experiments/results/Baselines/baseline_rule_results.csv
534,0.8189725875854492,Rule-based baseline,../experiments/results/Baselines/baseline_rule_results.csv
535,0.3050453364849088,Rule-based baseline,../experiments/results/Baselines/baseline_rule_results.csv
536,0.332230061292648,Rule-based baseline,../experiments/results/Baselines/baseline_rule_results.csv
537,0.2253957539796828,Rule-based baseline,../experiments/results/Baselines/baseline_rule_results.csv
538,0.2569453418254852,Rule-based baseline,../experiments/results/Baselines/baseline_rule_results.csv
539,0.3499942719936368,Rule-based baseline,../experiments/results/Baselines/baseline_rule_results.csv
540,0.2280439883470532,Rule-based baseline,../experiments/results/Baselines/baseline_rule_results.csv
541,0.2891062200069424,Rule-based baseline,../experiments/results/Baselines/baseline_rule_results.csv
542,0.2288512736558912,Rule-based baseline,../experiments/results/Baselines/baseline_rule_results.csv
543,0.2330297976732252,Rule-based baseline,../experiments/results/Baselines/baseline_rule_results.csv
544,0.204426363110542,Rule-based baseline,../experiments/results/Baselines/baseline_rule_results.csv
545,0.1881684809923172,Rule-based baseline,../experiments/results/Baselines/baseline_rule_results.csv
546,0.1417237073183056,Rule-based baseline,../experiments/results/Baselines/baseline_rule_results.csv
547,0.1002102717757224,Rule-based baseline,../experiments/results/Baselines/baseline_rule_results.csv
548,0.1254272013902664,Rule-based baseline,../experiments/results/Baselines/baseline_rule_results.csv
549,0.1534881144762036,Rule-based baseline,../experiments/results/Baselines/baseline_rule_results.csv
550,0.200911834836006,Rule-based baseline,../experiments/results/Baselines/baseline_rule_results.csv
551,0.2493415623903272,Rule-based baseline,../experiments/results/Baselines/baseline_rule_results.csv
552,0.20667465031147,Rule-based baseline,../experiments/results/Baselines/baseline_rule_results.csv
553,0.1029756888747212,Rule-based baseline,../experiments/results/Baselines/baseline_rule_results.csv
554,0.0865769013762472,Rule-based baseline,../experiments/results/Baselines/baseline_rule_results.csv
555,0.1872690469026564,Rule-based baseline,../experiments/results/Baselines/baseline_rule_results.csv
556,0.1396278887987136,Rule-based baseline,../experiments/results/Baselines/baseline_rule_results.csv
557,0.0936941727995872,Rule-based baseline,../experiments/results/Baselines/baseline_rule_results.csv
558,0.2950682342052456,Rule-based baseline,../experiments/results/Baselines/baseline_rule_results.csv
559,0.2491000443696972,Rule-based baseline,../experiments/results/Baselines/baseline_rule_results.csv
560,0.2051374465227124,Rule-based baseline,../experiments/results/Baselines/baseline_rule_results.csv
561,0.2943210303783416,Rule-based baseline,../experiments/results/Baselines/baseline_rule_results.csv
562,0.473164826631546,Rule-based baseline,../experiments/results/Baselines/baseline_rule_results.csv
563,0.2419050484895704,Rule-based baseline,../experiments/results/Baselines/baseline_rule_results.csv
564,0.228200390934944,Rule-based baseline,../experiments/results/Baselines/baseline_rule_results.csv
565,0.8189716935157776,Rule-based baseline,../experiments/results/Baselines/baseline_rule_results.csv
566,0.8189588785171508,Rule-based baseline,../experiments/results/Baselines/baseline_rule_results.csv
567,0.8189572691917416,Rule-based baseline,../experiments/results/Baselines/baseline_rule_results.csv
568,0.8192683458328244,Rule-based baseline,../experiments/results/Baselines/baseline_rule_results.csv
569,0.8194245696067808,Rule-based baseline,../experiments/results/Baselines/baseline_rule_results.csv
570,0.8190807104110716,Rule-based baseline,../experiments/results/Baselines/baseline_rule_results.csv
571,0.8192995786666868,Rule-based baseline,../experiments/results/Baselines/baseline_rule_results.csv
572,0.8192266821861264,Rule-based baseline,../experiments/results/Baselines/baseline_rule_results.csv
573,0.819166839122772,Rule-based baseline,../experiments/results/Baselines/baseline_rule_results.csv
574,0.819196820259094,Rule-based baseline,../experiments/results/Baselines/baseline_rule_results.csv
575,0.819244921207428,Rule-based baseline,../experiments/results/Baselines/baseline_rule_results.csv
576,0.819328725337982,Rule-based baseline,../experiments/results/Baselines/baseline_rule_results.csv
577,0.81945663690567,Rule-based baseline,../experiments/results/Baselines/baseline_rule_results.csv
578,0.8194715976715088,Rule-based baseline,../experiments/results/Baselines/baseline_rule_results.csv
579,0.8197279572486876,Rule-based baseline,../experiments/results/Baselines/baseline_rule_results.csv
580,0.8195390701293944,Rule-based baseline,../experiments/results/Baselines/baseline_rule_results.csv
581,0.819428205490112,Rule-based baseline,../experiments/results/Baselines/baseline_rule_results.csv
582,0.8195822238922116,Rule-based baseline,../experiments/results/Baselines/baseline_rule_results.csv
583,0.819564700126648,Rule-based baseline,../experiments/results/Baselines/baseline_rule_results.csv
584,0.8193901181221008,Rule-based baseline,../experiments/results/Baselines/baseline_rule_results.csv
585,0.8193285465240476,Rule-based baseline,../experiments/results/Baselines/baseline_rule_results.csv
586,0.8193583488464355,Rule-based baseline,../experiments/results/Baselines/baseline_rule_results.csv
587,0.8193979859352112,Rule-based baseline,../experiments/results/Baselines/baseline_rule_results.csv
588,0.819475531578064,Rule-based baseline,../experiments/results/Baselines/baseline_rule_results.csv
589,0.8194531798362732,Rule-based baseline,../experiments/results/Baselines/baseline_rule_results.csv
590,0.8193781375885008,Rule-based baseline,../experiments/results/Baselines/baseline_rule_results.csv
591,0.6843116879463196,Rule-based baseline,../experiments/results/Baselines/baseline_rule_results.csv
592,0.617383062839508,Rule-based baseline,../experiments/results/Baselines/baseline_rule_results.csv
593,0.7016482949256896,Rule-based baseline,../experiments/results/Baselines/baseline_rule_results.csv
594,0.8280656337738036,Rule-based baseline,../experiments/results/Baselines/baseline_rule_results.csv
595,0.8194844126701352,Rule-based baseline,../experiments/results/Baselines/baseline_rule_results.csv
596,0.8201020956039428,Rule-based baseline,../experiments/results/Baselines/baseline_rule_results.csv
597,0.8197340965270996,Rule-based baseline,../experiments/results/Baselines/baseline_rule_results.csv
598,0.8196039795875548,Rule-based baseline,../experiments/results/Baselines/baseline_rule_results.csv
599,0.8199271559715268,Rule-based baseline,../experiments/results/Baselines/baseline_rule_results.csv
600,0.8198766112327576,Rule-based baseline,../experiments/results/Baselines/baseline_rule_results.csv
601,0.819684028625488,Rule-based baseline,../experiments/results/Baselines/baseline_rule_results.csv
602,0.8198292851448056,Rule-based baseline,../experiments/results/Baselines/baseline_rule_results.csv
603,0.8195921778678892,Rule-based baseline,../experiments/results/Baselines/baseline_rule_results.csv
604,0.8198253512382504,Rule-based baseline,../experiments/results/Baselines/baseline_rule_results.csv
605,0.819594383239746,Rule-based baseline,../experiments/results/Baselines/baseline_rule_results.csv
606,0.8193628191947936,Rule-based baseline,../experiments/results/Baselines/baseline_rule_results.csv
607,0.8195275664329528,Rule-based baseline,../experiments/results/Baselines/baseline_rule_results.csv
608,0.8197031617164612,Rule-based baseline,../experiments/results/Baselines/baseline_rule_results.csv
609,0.81993168592453,Rule-based baseline,../experiments/results/Baselines/baseline_rule_results.csv
610,0.8199025988578796,Rule-based baseline,../experiments/results/Baselines/baseline_rule_results.csv
611,0.8202382922172544,Rule-based baseline,../experiments/results/Baselines/baseline_rule_results.csv
612,0.8199479579925536,Rule-based baseline,../experiments/results/Baselines/baseline_rule_results.csv
613,0.820156455039978,Rule-based baseline,../experiments/results/Baselines/baseline_rule_results.csv
614,0.82026869058609,Rule-based baseline,../experiments/results/Baselines/baseline_rule_results.csv
615,0.8203690052032468,Rule-based baseline,../experiments/results/Baselines/baseline_rule_results.csv
616,0.8206334710121151,Rule-based baseline,../experiments/results/Baselines/baseline_rule_results.csv
617,0.8205193877220152,Rule-based baseline,../experiments/results/Baselines/baseline_rule_results.csv
618,0.8205177187919616,Rule-based baseline,../experiments/results/Baselines/baseline_rule_results.csv
619,0.8203272223472592,Rule-based baseline,../experiments/results/Baselines/baseline_rule_results.csv
620,0.8204168677330016,Rule-based baseline,../experiments/results/Baselines/baseline_rule_results.csv
621,0.820601224899292,Rule-based baseline,../experiments/results/Baselines/baseline_rule_results.csv
622,0.8203387260437012,Rule-based baseline,../experiments/results/Baselines/baseline_rule_results.csv
623,0.8195893764495848,Rule-based baseline,../experiments/results/Baselines/baseline_rule_results.csv
624,0.8201882243156432,Rule-based baseline,../experiments/results/Baselines/baseline_rule_results.csv
625,0.820277154445648,Rule-based baseline,../experiments/results/Baselines/baseline_rule_results.csv
626,0.8202724456787108,Rule-based baseline,../experiments/results/Baselines/baseline_rule_results.csv
627,0.820105731487274,Rule-based baseline,../experiments/results/Baselines/baseline_rule_results.csv
628,0.8194524049758908,Rule-based baseline,../experiments/results/Baselines/baseline_rule_results.csv
629,0.8195378780364988,Rule-based baseline,../experiments/results/Baselines/baseline_rule_results.csv
630,0.8195786476135252,Rule-based baseline,../experiments/results/Baselines/baseline_rule_results.csv
631,0.8193786144256592,Rule-based baseline,../experiments/results/Baselines/baseline_rule_results.csv
632,0.81923109292984,Rule-based baseline,../experiments/results/Baselines/baseline_rule_results.csv
633,0.7310947775840756,Rule-based baseline,../experiments/results/Baselines/baseline_rule_results.csv
634,0.6747350096702576,Rule-based baseline,../experiments/results/Baselines/baseline_rule_results.csv
635,0.5722756981849668,Rule-based baseline,../experiments/results/Baselines/baseline_rule_results.csv
636,0.5643280744552612,Rule-based baseline,../experiments/results/Baselines/baseline_rule_results.csv
637,0.7053915858268736,Rule-based baseline,../experiments/results/Baselines/baseline_rule_results.csv
638,0.5970398187637328,Rule-based baseline,../experiments/results/Baselines/baseline_rule_results.csv
639,0.5956584215164183,Rule-based baseline,../experiments/results/Baselines/baseline_rule_results.csv
640,0.5444948673248288,Rule-based baseline,../experiments/results/Baselines/baseline_rule_results.csv
641,0.460062712430954,Rule-based baseline,../experiments/results/Baselines/baseline_rule_results.csv
642,0.3016003072261808,Rule-based baseline,../experiments/results/Baselines/baseline_rule_results.csv
643,0.225616171956062,Rule-based baseline,../experiments/results/Baselines/baseline_rule_results.csv
644,0.3088373839855192,Rule-based baseline,../experiments/results/Baselines/baseline_rule_results.csv
645,0.24892683327198,Rule-based baseline,../experiments/results/Baselines/baseline_rule_results.csv
646,0.1820500642061232,Rule-based baseline,../experiments/results/Baselines/baseline_rule_results.csv
647,0.1504115611314772,Rule-based baseline,../experiments/results/Baselines/baseline_rule_results.csv
648,0.2462315112352368,Rule-based baseline,../experiments/results/Baselines/baseline_rule_results.csv
649,0.2385814934968948,Rule-based baseline,../experiments/results/Baselines/baseline_rule_results.csv
650,0.197677448391914,Rule-based baseline,../experiments/results/Baselines/baseline_rule_results.csv
651,0.1938372403383252,Rule-based baseline,../experiments/results/Baselines/baseline_rule_results.csv
652,0.2043129950761792,Rule-based baseline,../experiments/results/Baselines/baseline_rule_results.csv
653,0.18434102833271,Rule-based baseline,../experiments/results/Baselines/baseline_rule_results.csv
654,0.1876400262117384,Rule-based baseline,../experiments/results/Baselines/baseline_rule_results.csv
655,0.1911842375993728,Rule-based baseline,../experiments/results/Baselines/baseline_rule_results.csv
656,0.1592812091112136,Rule-based baseline,../experiments/results/Baselines/baseline_rule_results.csv
657,0.1982159167528152,Rule-based baseline,../experiments/results/Baselines/baseline_rule_results.csv
658,0.2741126716136932,Rule-based baseline,../experiments/results/Baselines/baseline_rule_results.csv
659,0.3024570643901824,Rule-based baseline,../experiments/results/Baselines/baseline_rule_results.csv
660,0.2267375737428664,Rule-based baseline,../experiments/results/Baselines/baseline_rule_results.csv
661,0.4352716505527496,Rule-based baseline,../experiments/results/Baselines/baseline_rule_results.csv
662,0.4200309813022612,Rule-based baseline,../experiments/results/Baselines/baseline_rule_results.csv
663,0.6121193766593932,Rule-based baseline,../experiments/results/Baselines/baseline_rule_results.csv
664,0.5343906879425048,Rule-based baseline,../experiments/results/Baselines/baseline_rule_results.csv
665,0.8191683292388916,Rule-based baseline,../experiments/results/Baselines/baseline_rule_results.csv
666,0.8194970488548275,Rule-based baseline,../experiments/results/Baselines/baseline_rule_results.csv
667,0.8195060491561889,Rule-based baseline,../experiments/results/Baselines/baseline_rule_results.csv
668,0.8195998072624204,Rule-based baseline,../experiments/results/Baselines/baseline_rule_results.csv
669,0.819272756576538,Rule-based baseline,../experiments/results/Baselines/baseline_rule_results.csv
670,0.8192614912986752,Rule-based baseline,../experiments/results/Baselines/baseline_rule_results.csv
671,0.820119559764862,Rule-based baseline,../experiments/results/Baselines/baseline_rule_results.csv
672,0.8194423913955688,Rule-based baseline,../experiments/results/Baselines/baseline_rule_results.csv
673,0.8193179965019224,Rule-based baseline,../experiments/results/Baselines/baseline_rule_results.csv
674,0.8202077746391296,Rule-based baseline,../experiments/results/Baselines/baseline_rule_results.csv
675,0.8197582960128784,Rule-based baseline,../experiments/results/Baselines/baseline_rule_results.csv
676,0.8200913667678832,Rule-based baseline,../experiments/results/Baselines/baseline_rule_results.csv
677,0.819655418395996,Rule-based baseline,../experiments/results/Baselines/baseline_rule_results.csv
678,0.8199542164802548,Rule-based baseline,../experiments/results/Baselines/baseline_rule_results.csv
679,0.8198518157005308,Rule-based baseline,../experiments/results/Baselines/baseline_rule_results.csv
680,0.8199734091758728,Rule-based baseline,../experiments/results/Baselines/baseline_rule_results.csv
681,0.820037007331848,Rule-based baseline,../experiments/results/Baselines/baseline_rule_results.csv
682,0.820246696472168,Rule-based baseline,../experiments/results/Baselines/baseline_rule_results.csv
683,0.8198789358139036,Rule-based baseline,../experiments/results/Baselines/baseline_rule_results.csv
684,0.8202763199806212,Rule-based baseline,../experiments/results/Baselines/baseline_rule_results.csv
685,0.8197665214538572,Rule-based baseline,../experiments/results/Baselines/baseline_rule_results.csv
686,0.8208306431770324,Rule-based baseline,../experiments/results/Baselines/baseline_rule_results.csv
687,0.8201614022254944,Rule-based baseline,../experiments/results/Baselines/baseline_rule_results.csv
688,0.8204386234283444,Rule-based baseline,../experiments/results/Baselines/baseline_rule_results.csv
689,0.8206108808517456,Rule-based baseline,../experiments/results/Baselines/baseline_rule_results.csv
690,0.8202160596847532,Rule-based baseline,../experiments/results/Baselines/baseline_rule_results.csv
691,0.8200108408927916,Rule-based baseline,../experiments/results/Baselines/baseline_rule_results.csv
692,0.8204765915870664,Rule-based baseline,../experiments/results/Baselines/baseline_rule_results.csv
693,0.8201033473014832,Rule-based baseline,../experiments/results/Baselines/baseline_rule_results.csv
694,0.8205171227455136,Rule-based baseline,../experiments/results/Baselines/baseline_rule_results.csv
695,0.8201485872268676,Rule-based baseline,../experiments/results/Baselines/baseline_rule_results.csv
696,0.820506989955902,Rule-based baseline,../experiments/results/Baselines/baseline_rule_results.csv
697,0.8200318217277524,Rule-based baseline,../experiments/results/Baselines/baseline_rule_results.csv
698,0.820551872253418,Rule-based baseline,../experiments/results/Baselines/baseline_rule_results.csv
699,0.8203940987586972,Rule-based baseline,../experiments/results/Baselines/baseline_rule_results.csv
700,0.8203352093696592,Rule-based baseline,../experiments/results/Baselines/baseline_rule_results.csv
701,0.8205792307853697,Rule-based baseline,../experiments/results/Baselines/baseline_rule_results.csv
702,0.820502698421478,Rule-based baseline,../experiments/results/Baselines/baseline_rule_results.csv
703,0.8204936385154724,Rule-based baseline,../experiments/results/Baselines/baseline_rule_results.csv
704,0.8208222389221188,Rule-based baseline,../experiments/results/Baselines/baseline_rule_results.csv
705,0.8205760717391968,Rule-based baseline,../experiments/results/Baselines/baseline_rule_results.csv
706,0.8204068541526792,Rule-based baseline,../experiments/results/Baselines/baseline_rule_results.csv
707,0.8207228183746336,Rule-based baseline,../experiments/results/Baselines/baseline_rule_results.csv
708,0.8208337426185608,Rule-based baseline,../experiments/results/Baselines/baseline_rule_results.csv
709,0.8210389614105223,Rule-based baseline,../experiments/results/Baselines/baseline_rule_results.csv
710,0.821064472198486,Rule-based baseline,../experiments/results/Baselines/baseline_rule_results.csv
711,0.8211606144905088,Rule-based baseline,../experiments/results/Baselines/baseline_rule_results.csv
712,0.8212704062461852,Rule-based baseline,../experiments/results/Baselines/baseline_rule_results.csv
713,0.8211338520050048,Rule-based baseline,../experiments/results/Baselines/baseline_rule_results.csv
714,0.8208032250404356,Rule-based baseline,../experiments/results/Baselines/baseline_rule_results.csv
715,0.8210242986679076,Rule-based baseline,../experiments/results/Baselines/baseline_rule_results.csv
716,0.8211065530776976,Rule-based baseline,../experiments/results/Baselines/baseline_rule_results.csv
717,0.821033716201782,Rule-based baseline,../experiments/results/Baselines/baseline_rule_results.csv
718,0.8207669854164124,Rule-based baseline,../experiments/results/Baselines/baseline_rule_results.csv
719,0.8196187019348145,Rule-based baseline,../experiments/results/Baselines/baseline_rule_results.csv
0,1.5355435609817505,Static USR (k=1),../experiments/results/Baselines/baseline_static_oai1x_results.csv
1,1.4650417566299436,Static USR (k=1),../experiments/results/Baselines/baseline_static_oai1x_results.csv
2,1.454574465751648,Static USR (k=1),../experiments/results/Baselines/baseline_static_oai1x_results.csv
3,1.6137707233428955,Static USR (k=1),../experiments/results/Baselines/baseline_static_oai1x_results.csv
4,1.4251188039779663,Static USR (k=1),../experiments/results/Baselines/baseline_static_oai1x_results.csv
5,1.3794500827789304,Static USR (k=1),../experiments/results/Baselines/baseline_static_oai1x_results.csv
6,1.7573128938674925,Static USR (k=1),../experiments/results/Baselines/baseline_static_oai1x_results.csv
7,1.566572904586792,Static USR (k=1),../experiments/results/Baselines/baseline_static_oai1x_results.csv
8,2.339320182800293,Static USR (k=1),../experiments/results/Baselines/baseline_static_oai1x_results.csv
9,1.8674763441085815,Static USR (k=1),../experiments/results/Baselines/baseline_static_oai1x_results.csv
10,1.91768741607666,Static USR (k=1),../experiments/results/Baselines/baseline_static_oai1x_results.csv
11,2.0705409049987793,Static USR (k=1),../experiments/results/Baselines/baseline_static_oai1x_results.csv
12,2.4372007846832275,Static USR (k=1),../experiments/results/Baselines/baseline_static_oai1x_results.csv
13,2.088602304458618,Static USR (k=1),../experiments/results/Baselines/baseline_static_oai1x_results.csv
14,1.9749715328216553,Static USR (k=1),../experiments/results/Baselines/baseline_static_oai1x_results.csv
15,1.8018950223922727,Static USR (k=1),../experiments/results/Baselines/baseline_static_oai1x_results.csv
16,2.0503923892974854,Static USR (k=1),../experiments/results/Baselines/baseline_static_oai1x_results.csv
17,2.1094882488250732,Static USR (k=1),../experiments/results/Baselines/baseline_static_oai1x_results.csv
18,1.7975949048995972,Static USR (k=1),../experiments/results/Baselines/baseline_static_oai1x_results.csv
19,1.7337316274642944,Static USR (k=1),../experiments/results/Baselines/baseline_static_oai1x_results.csv
20,1.8393019437789917,Static USR (k=1),../experiments/results/Baselines/baseline_static_oai1x_results.csv
21,1.860345482826233,Static USR (k=1),../experiments/results/Baselines/baseline_static_oai1x_results.csv
22,2.031702756881714,Static USR (k=1),../experiments/results/Baselines/baseline_static_oai1x_results.csv
23,1.8736172914505005,Static USR (k=1),../experiments/results/Baselines/baseline_static_oai1x_results.csv
24,1.9991806745529173,Static USR (k=1),../experiments/results/Baselines/baseline_static_oai1x_results.csv
25,1.964188814163208,Static USR (k=1),../experiments/results/Baselines/baseline_static_oai1x_results.csv
26,2.0816612243652344,Static USR (k=1),../experiments/results/Baselines/baseline_static_oai1x_results.csv
27,2.1113181114196777,Static USR (k=1),../experiments/results/Baselines/baseline_static_oai1x_results.csv
28,2.001004934310913,Static USR (k=1),../experiments/results/Baselines/baseline_static_oai1x_results.csv
29,1.981940984725952,Static USR (k=1),../experiments/results/Baselines/baseline_static_oai1x_results.csv
30,1.9049649238586424,Static USR (k=1),../experiments/results/Baselines/baseline_static_oai1x_results.csv
31,2.1829257011413574,Static USR (k=1),../experiments/results/Baselines/baseline_static_oai1x_results.csv
32,2.1200966835021973,Static USR (k=1),../experiments/results/Baselines/baseline_static_oai1x_results.csv
33,2.24504017829895,Static USR (k=1),../experiments/results/Baselines/baseline_static_oai1x_results.csv
34,2.249002456665039,Static USR (k=1),../experiments/results/Baselines/baseline_static_oai1x_results.csv
35,2.3875932693481445,Static USR (k=1),../experiments/results/Baselines/baseline_static_oai1x_results.csv
36,2.7268786430358887,Static USR (k=1),../experiments/results/Baselines/baseline_static_oai1x_results.csv
37,2.952136993408203,Static USR (k=1),../experiments/results/Baselines/baseline_static_oai1x_results.csv
38,2.7810704708099365,Static USR (k=1),../experiments/results/Baselines/baseline_static_oai1x_results.csv
39,2.9602975845336914,Static USR (k=1),../experiments/results/Baselines/baseline_static_oai1x_results.csv
40,2.6005961894989014,Static USR (k=1),../experiments/results/Baselines/baseline_static_oai1x_results.csv
41,2.7760884761810303,Static USR (k=1),../experiments/results/Baselines/baseline_static_oai1x_results.csv
42,2.799602746963501,Static USR (k=1),../experiments/results/Baselines/baseline_static_oai1x_results.csv
43,2.6416594982147217,Static USR (k=1),../experiments/results/Baselines/baseline_static_oai1x_results.csv
44,2.553201198577881,Static USR (k=1),../experiments/results/Baselines/baseline_static_oai1x_results.csv
45,2.423011302947998,Static USR (k=1),../experiments/results/Baselines/baseline_static_oai1x_results.csv
46,2.1921873092651367,Static USR (k=1),../experiments/results/Baselines/baseline_static_oai1x_results.csv
47,1.469099521636963,Static USR (k=1),../experiments/results/Baselines/baseline_static_oai1x_results.csv
48,1.470755100250244,Static USR (k=1),../experiments/results/Baselines/baseline_static_oai1x_results.csv
49,1.4364123344421384,Static USR (k=1),../experiments/results/Baselines/baseline_static_oai1x_results.csv
50,1.4093096256256104,Static USR (k=1),../experiments/results/Baselines/baseline_static_oai1x_results.csv
51,1.2464144229888916,Static USR (k=1),../experiments/results/Baselines/baseline_static_oai1x_results.csv
52,1.1562575101852417,Static USR (k=1),../experiments/results/Baselines/baseline_static_oai1x_results.csv
53,0.8908700942993164,Static USR (k=1),../experiments/results/Baselines/baseline_static_oai1x_results.csv
54,0.7566818594932556,Static USR (k=1),../experiments/results/Baselines/baseline_static_oai1x_results.csv
55,0.7723178863525388,Static USR (k=1),../experiments/results/Baselines/baseline_static_oai1x_results.csv
56,0.6044563055038452,Static USR (k=1),../experiments/results/Baselines/baseline_static_oai1x_results.csv
57,0.5740040540695188,Static USR (k=1),../experiments/results/Baselines/baseline_static_oai1x_results.csv
58,0.57140839099884,Static USR (k=1),../experiments/results/Baselines/baseline_static_oai1x_results.csv
59,0.600111961364746,Static USR (k=1),../experiments/results/Baselines/baseline_static_oai1x_results.csv
60,0.3097977340221404,Static USR (k=1),../experiments/results/Baselines/baseline_static_oai1x_results.csv
61,0.3234890401363372,Static USR (k=1),../experiments/results/Baselines/baseline_static_oai1x_results.csv
62,0.2311158925294876,Static USR (k=1),../experiments/results/Baselines/baseline_static_oai1x_results.csv
63,0.228101089596748,Static USR (k=1),../experiments/results/Baselines/baseline_static_oai1x_results.csv
64,0.236029341816902,Static USR (k=1),../experiments/results/Baselines/baseline_static_oai1x_results.csv
65,0.2478347569704052,Static USR (k=1),../experiments/results/Baselines/baseline_static_oai1x_results.csv
66,0.199914053082466,Static USR (k=1),../experiments/results/Baselines/baseline_static_oai1x_results.csv
67,0.2216492444276808,Static USR (k=1),../experiments/results/Baselines/baseline_static_oai1x_results.csv
68,0.2486069947481152,Static USR (k=1),../experiments/results/Baselines/baseline_static_oai1x_results.csv
69,0.3460927903652188,Static USR (k=1),../experiments/results/Baselines/baseline_static_oai1x_results.csv
70,0.3101455867290496,Static USR (k=1),../experiments/results/Baselines/baseline_static_oai1x_results.csv
71,0.2307456284761428,Static USR (k=1),../experiments/results/Baselines/baseline_static_oai1x_results.csv
72,0.2819590270519256,Static USR (k=1),../experiments/results/Baselines/baseline_static_oai1x_results.csv
73,0.2441434413194656,Static USR (k=1),../experiments/results/Baselines/baseline_static_oai1x_results.csv
74,0.227364972233772,Static USR (k=1),../experiments/results/Baselines/baseline_static_oai1x_results.csv
75,0.4283926784992216,Static USR (k=1),../experiments/results/Baselines/baseline_static_oai1x_results.csv
76,0.6425275206565856,Static USR (k=1),../experiments/results/Baselines/baseline_static_oai1x_results.csv
77,0.8158445954322812,Static USR (k=1),../experiments/results/Baselines/baseline_static_oai1x_results.csv
78,0.748926281929016,Static USR (k=1),../experiments/results/Baselines/baseline_static_oai1x_results.csv
79,0.8793210983276364,Static USR (k=1),../experiments/results/Baselines/baseline_static_oai1x_results.csv
80,0.7240444421768188,Static USR (k=1),../experiments/results/Baselines/baseline_static_oai1x_results.csv
81,0.8811635375022888,Static USR (k=1),../experiments/results/Baselines/baseline_static_oai1x_results.csv
82,0.8397825360298156,Static USR (k=1),../experiments/results/Baselines/baseline_static_oai1x_results.csv
83,0.9262457489967344,Static USR (k=1),../experiments/results/Baselines/baseline_static_oai1x_results.csv
84,1.0911128520965576,Static USR (k=1),../experiments/results/Baselines/baseline_static_oai1x_results.csv
85,0.8036735653877256,Static USR (k=1),../experiments/results/Baselines/baseline_static_oai1x_results.csv
86,0.6329033970832824,Static USR (k=1),../experiments/results/Baselines/baseline_static_oai1x_results.csv
87,0.7523092627525328,Static USR (k=1),../experiments/results/Baselines/baseline_static_oai1x_results.csv
88,0.70619398355484,Static USR (k=1),../experiments/results/Baselines/baseline_static_oai1x_results.csv
89,0.8029161691665648,Static USR (k=1),../experiments/results/Baselines/baseline_static_oai1x_results.csv
90,0.676256477832794,Static USR (k=1),../experiments/results/Baselines/baseline_static_oai1x_results.csv
91,0.6817345023155212,Static USR (k=1),../experiments/results/Baselines/baseline_static_oai1x_results.csv
92,0.7308509349822996,Static USR (k=1),../experiments/results/Baselines/baseline_static_oai1x_results.csv
93,0.8657737970352172,Static USR (k=1),../experiments/results/Baselines/baseline_static_oai1x_results.csv
94,0.89883953332901,Static USR (k=1),../experiments/results/Baselines/baseline_static_oai1x_results.csv
95,0.837134540081024,Static USR (k=1),../experiments/results/Baselines/baseline_static_oai1x_results.csv
96,1.31673002243042,Static USR (k=1),../experiments/results/Baselines/baseline_static_oai1x_results.csv
97,1.5836720466613767,Static USR (k=1),../experiments/results/Baselines/baseline_static_oai1x_results.csv
98,1.6771198511123655,Static USR (k=1),../experiments/results/Baselines/baseline_static_oai1x_results.csv
99,1.8599432706832884,Static USR (k=1),../experiments/results/Baselines/baseline_static_oai1x_results.csv
100,2.1868538856506348,Static USR (k=1),../experiments/results/Baselines/baseline_static_oai1x_results.csv
101,1.862359285354614,Static USR (k=1),../experiments/results/Baselines/baseline_static_oai1x_results.csv
102,1.6545504331588743,Static USR (k=1),../experiments/results/Baselines/baseline_static_oai1x_results.csv
103,1.3560664653778076,Static USR (k=1),../experiments/results/Baselines/baseline_static_oai1x_results.csv
104,1.3147761821746824,Static USR (k=1),../experiments/results/Baselines/baseline_static_oai1x_results.csv
105,1.4303992986679075,Static USR (k=1),../experiments/results/Baselines/baseline_static_oai1x_results.csv
106,1.2396857738494873,Static USR (k=1),../experiments/results/Baselines/baseline_static_oai1x_results.csv
107,1.1953264474868772,Static USR (k=1),../experiments/results/Baselines/baseline_static_oai1x_results.csv
108,0.98476904630661,Static USR (k=1),../experiments/results/Baselines/baseline_static_oai1x_results.csv
109,0.9196066856384276,Static USR (k=1),../experiments/results/Baselines/baseline_static_oai1x_results.csv
110,1.0011128187179563,Static USR (k=1),../experiments/results/Baselines/baseline_static_oai1x_results.csv
111,0.9616487622261044,Static USR (k=1),../experiments/results/Baselines/baseline_static_oai1x_results.csv
112,1.0483369827270508,Static USR (k=1),../experiments/results/Baselines/baseline_static_oai1x_results.csv
113,1.0239406824111936,Static USR (k=1),../experiments/results/Baselines/baseline_static_oai1x_results.csv
114,1.1549901962280271,Static USR (k=1),../experiments/results/Baselines/baseline_static_oai1x_results.csv
115,1.0937559604644775,Static USR (k=1),../experiments/results/Baselines/baseline_static_oai1x_results.csv
116,1.402334213256836,Static USR (k=1),../experiments/results/Baselines/baseline_static_oai1x_results.csv
117,1.5381672382354736,Static USR (k=1),../experiments/results/Baselines/baseline_static_oai1x_results.csv
118,1.2732058763504028,Static USR (k=1),../experiments/results/Baselines/baseline_static_oai1x_results.csv
119,1.615633964538574,Static USR (k=1),../experiments/results/Baselines/baseline_static_oai1x_results.csv
120,1.471052885055542,Static USR (k=1),../experiments/results/Baselines/baseline_static_oai1x_results.csv
121,1.950188875198364,Static USR (k=1),../experiments/results/Baselines/baseline_static_oai1x_results.csv
122,1.954410433769226,Static USR (k=1),../experiments/results/Baselines/baseline_static_oai1x_results.csv
123,1.5082926750183103,Static USR (k=1),../experiments/results/Baselines/baseline_static_oai1x_results.csv
124,1.6087394952774048,Static USR (k=1),../experiments/results/Baselines/baseline_static_oai1x_results.csv
125,1.7259377241134644,Static USR (k=1),../experiments/results/Baselines/baseline_static_oai1x_results.csv
126,1.5532023906707764,Static USR (k=1),../experiments/results/Baselines/baseline_static_oai1x_results.csv
127,1.7108874320983884,Static USR (k=1),../experiments/results/Baselines/baseline_static_oai1x_results.csv
128,1.7136757373809812,Static USR (k=1),../experiments/results/Baselines/baseline_static_oai1x_results.csv
129,1.512684106826782,Static USR (k=1),../experiments/results/Baselines/baseline_static_oai1x_results.csv
130,1.9621722698211668,Static USR (k=1),../experiments/results/Baselines/baseline_static_oai1x_results.csv
131,2.091186761856079,Static USR (k=1),../experiments/results/Baselines/baseline_static_oai1x_results.csv
132,2.0318105220794678,Static USR (k=1),../experiments/results/Baselines/baseline_static_oai1x_results.csv
133,2.431964874267578,Static USR (k=1),../experiments/results/Baselines/baseline_static_oai1x_results.csv
134,2.578036069869995,Static USR (k=1),../experiments/results/Baselines/baseline_static_oai1x_results.csv
135,2.5244131088256836,Static USR (k=1),../experiments/results/Baselines/baseline_static_oai1x_results.csv
136,2.702134847640991,Static USR (k=1),../experiments/results/Baselines/baseline_static_oai1x_results.csv
137,2.626267671585083,Static USR (k=1),../experiments/results/Baselines/baseline_static_oai1x_results.csv
138,2.7571892738342285,Static USR (k=1),../experiments/results/Baselines/baseline_static_oai1x_results.csv
139,2.3508689403533936,Static USR (k=1),../experiments/results/Baselines/baseline_static_oai1x_results.csv
140,2.15781569480896,Static USR (k=1),../experiments/results/Baselines/baseline_static_oai1x_results.csv
141,2.1710429191589355,Static USR (k=1),../experiments/results/Baselines/baseline_static_oai1x_results.csv
142,1.7702316045761108,Static USR (k=1),../experiments/results/Baselines/baseline_static_oai1x_results.csv
143,1.4169330596923828,Static USR (k=1),../experiments/results/Baselines/baseline_static_oai1x_results.csv
144,1.4893482923507688,Static USR (k=1),../experiments/results/Baselines/baseline_static_oai1x_results.csv
145,1.3712139129638672,Static USR (k=1),../experiments/results/Baselines/baseline_static_oai1x_results.csv
146,1.2791092395782468,Static USR (k=1),../experiments/results/Baselines/baseline_static_oai1x_results.csv
147,1.2351292371749876,Static USR (k=1),../experiments/results/Baselines/baseline_static_oai1x_results.csv
148,1.0912868976593015,Static USR (k=1),../experiments/results/Baselines/baseline_static_oai1x_results.csv
149,0.7508863806724548,Static USR (k=1),../experiments/results/Baselines/baseline_static_oai1x_results.csv
150,0.7232789397239684,Static USR (k=1),../experiments/results/Baselines/baseline_static_oai1x_results.csv
151,0.6716905832290648,Static USR (k=1),../experiments/results/Baselines/baseline_static_oai1x_results.csv
152,0.5054034590721128,Static USR (k=1),../experiments/results/Baselines/baseline_static_oai1x_results.csv
153,0.5473094582557676,Static USR (k=1),../experiments/results/Baselines/baseline_static_oai1x_results.csv
154,0.4934902489185332,Static USR (k=1),../experiments/results/Baselines/baseline_static_oai1x_results.csv
155,0.5085023641586304,Static USR (k=1),../experiments/results/Baselines/baseline_static_oai1x_results.csv
156,0.4646859467029568,Static USR (k=1),../experiments/results/Baselines/baseline_static_oai1x_results.csv
157,0.4526638090610504,Static USR (k=1),../experiments/results/Baselines/baseline_static_oai1x_results.csv
158,0.2680957019329068,Static USR (k=1),../experiments/results/Baselines/baseline_static_oai1x_results.csv
159,0.3023274838924408,Static USR (k=1),../experiments/results/Baselines/baseline_static_oai1x_results.csv
160,0.854276359081268,Static USR (k=1),../experiments/results/Baselines/baseline_static_oai1x_results.csv
161,0.636447548866272,Static USR (k=1),../experiments/results/Baselines/baseline_static_oai1x_results.csv
162,0.3225443065166472,Static USR (k=1),../experiments/results/Baselines/baseline_static_oai1x_results.csv
163,0.4257221519947052,Static USR (k=1),../experiments/results/Baselines/baseline_static_oai1x_results.csv
164,0.2276145964860916,Static USR (k=1),../experiments/results/Baselines/baseline_static_oai1x_results.csv
165,0.2283230572938916,Static USR (k=1),../experiments/results/Baselines/baseline_static_oai1x_results.csv
166,0.2252249270677564,Static USR (k=1),../experiments/results/Baselines/baseline_static_oai1x_results.csv
167,0.2173538953065872,Static USR (k=1),../experiments/results/Baselines/baseline_static_oai1x_results.csv
168,0.3095433413982388,Static USR (k=1),../experiments/results/Baselines/baseline_static_oai1x_results.csv
169,0.236428454518318,Static USR (k=1),../experiments/results/Baselines/baseline_static_oai1x_results.csv
170,0.2252168208360672,Static USR (k=1),../experiments/results/Baselines/baseline_static_oai1x_results.csv
171,0.4050919711589812,Static USR (k=1),../experiments/results/Baselines/baseline_static_oai1x_results.csv
172,0.4212311804294584,Static USR (k=1),../experiments/results/Baselines/baseline_static_oai1x_results.csv
173,0.768496751785278,Static USR (k=1),../experiments/results/Baselines/baseline_static_oai1x_results.csv
174,0.7732489705085752,Static USR (k=1),../experiments/results/Baselines/baseline_static_oai1x_results.csv
175,0.6295694708824155,Static USR (k=1),../experiments/results/Baselines/baseline_static_oai1x_results.csv
176,0.7916592359542844,Static USR (k=1),../experiments/results/Baselines/baseline_static_oai1x_results.csv
177,0.7771210074424744,Static USR (k=1),../experiments/results/Baselines/baseline_static_oai1x_results.csv
178,0.8067576885223388,Static USR (k=1),../experiments/results/Baselines/baseline_static_oai1x_results.csv
179,0.9611777663230896,Static USR (k=1),../experiments/results/Baselines/baseline_static_oai1x_results.csv
180,0.7114469408988952,Static USR (k=1),../experiments/results/Baselines/baseline_static_oai1x_results.csv
181,0.4997744262218472,Static USR (k=1),../experiments/results/Baselines/baseline_static_oai1x_results.csv
182,0.5642231106758115,Static USR (k=1),../experiments/results/Baselines/baseline_static_oai1x_results.csv
183,0.6430106759071348,Static USR (k=1),../experiments/results/Baselines/baseline_static_oai1x_results.csv
184,0.6080366373062132,Static USR (k=1),../experiments/results/Baselines/baseline_static_oai1x_results.csv
185,0.5572758316993712,Static USR (k=1),../experiments/results/Baselines/baseline_static_oai1x_results.csv
186,0.6791856288909912,Static USR (k=1),../experiments/results/Baselines/baseline_static_oai1x_results.csv
187,0.6338673830032348,Static USR (k=1),../experiments/results/Baselines/baseline_static_oai1x_results.csv
188,0.5581344366073608,Static USR (k=1),../experiments/results/Baselines/baseline_static_oai1x_results.csv
189,0.774092137813568,Static USR (k=1),../experiments/results/Baselines/baseline_static_oai1x_results.csv
190,0.8995175957679749,Static USR (k=1),../experiments/results/Baselines/baseline_static_oai1x_results.csv
191,0.8743956089019772,Static USR (k=1),../experiments/results/Baselines/baseline_static_oai1x_results.csv
192,1.2449088096618652,Static USR (k=1),../experiments/results/Baselines/baseline_static_oai1x_results.csv
193,1.5125467777252195,Static USR (k=1),../experiments/results/Baselines/baseline_static_oai1x_results.csv
194,1.8258112668991089,Static USR (k=1),../experiments/results/Baselines/baseline_static_oai1x_results.csv
195,1.7044218778610227,Static USR (k=1),../experiments/results/Baselines/baseline_static_oai1x_results.csv
196,1.6878298521041868,Static USR (k=1),../experiments/results/Baselines/baseline_static_oai1x_results.csv
197,1.7836817502975464,Static USR (k=1),../experiments/results/Baselines/baseline_static_oai1x_results.csv
198,1.5228906869888303,Static USR (k=1),../experiments/results/Baselines/baseline_static_oai1x_results.csv
199,1.4617059230804443,Static USR (k=1),../experiments/results/Baselines/baseline_static_oai1x_results.csv
200,1.2924505472183228,Static USR (k=1),../experiments/results/Baselines/baseline_static_oai1x_results.csv
201,1.4138100147247312,Static USR (k=1),../experiments/results/Baselines/baseline_static_oai1x_results.csv
202,1.110494256019592,Static USR (k=1),../experiments/results/Baselines/baseline_static_oai1x_results.csv
203,0.8824883103370664,Static USR (k=1),../experiments/results/Baselines/baseline_static_oai1x_results.csv
204,0.8449314236640928,Static USR (k=1),../experiments/results/Baselines/baseline_static_oai1x_results.csv
205,1.045379400253296,Static USR (k=1),../experiments/results/Baselines/baseline_static_oai1x_results.csv
206,0.9099818468093872,Static USR (k=1),../experiments/results/Baselines/baseline_static_oai1x_results.csv
207,1.1155042648315427,Static USR (k=1),../experiments/results/Baselines/baseline_static_oai1x_results.csv
208,1.2022044658660889,Static USR (k=1),../experiments/results/Baselines/baseline_static_oai1x_results.csv
209,1.0692018270492551,Static USR (k=1),../experiments/results/Baselines/baseline_static_oai1x_results.csv
210,1.0848593711853027,Static USR (k=1),../experiments/results/Baselines/baseline_static_oai1x_results.csv
211,1.239570379257202,Static USR (k=1),../experiments/results/Baselines/baseline_static_oai1x_results.csv
212,1.3378988504409788,Static USR (k=1),../experiments/results/Baselines/baseline_static_oai1x_results.csv
213,1.2641029357910156,Static USR (k=1),../experiments/results/Baselines/baseline_static_oai1x_results.csv
214,1.2216399908065796,Static USR (k=1),../experiments/results/Baselines/baseline_static_oai1x_results.csv
215,1.3970704078674316,Static USR (k=1),../experiments/results/Baselines/baseline_static_oai1x_results.csv
216,1.4302154779434204,Static USR (k=1),../experiments/results/Baselines/baseline_static_oai1x_results.csv
217,1.5511212348937988,Static USR (k=1),../experiments/results/Baselines/baseline_static_oai1x_results.csv
218,1.4988980293273924,Static USR (k=1),../experiments/results/Baselines/baseline_static_oai1x_results.csv
219,1.4514753818511963,Static USR (k=1),../experiments/results/Baselines/baseline_static_oai1x_results.csv
220,1.2516247034072876,Static USR (k=1),../experiments/results/Baselines/baseline_static_oai1x_results.csv
221,1.390852928161621,Static USR (k=1),../experiments/results/Baselines/baseline_static_oai1x_results.csv
222,1.1614311933517456,Static USR (k=1),../experiments/results/Baselines/baseline_static_oai1x_results.csv
223,1.395285964012146,Static USR (k=1),../experiments/results/Baselines/baseline_static_oai1x_results.csv
224,1.6173096895217896,Static USR (k=1),../experiments/results/Baselines/baseline_static_oai1x_results.csv
225,1.7543565034866333,Static USR (k=1),../experiments/results/Baselines/baseline_static_oai1x_results.csv
226,1.6752424240112305,Static USR (k=1),../experiments/results/Baselines/baseline_static_oai1x_results.csv
227,1.688584804534912,Static USR (k=1),../experiments/results/Baselines/baseline_static_oai1x_results.csv
228,1.7073878049850464,Static USR (k=1),../experiments/results/Baselines/baseline_static_oai1x_results.csv
229,1.4594485759735107,Static USR (k=1),../experiments/results/Baselines/baseline_static_oai1x_results.csv
230,1.574081778526306,Static USR (k=1),../experiments/results/Baselines/baseline_static_oai1x_results.csv
231,1.764665603637695,Static USR (k=1),../experiments/results/Baselines/baseline_static_oai1x_results.csv
232,2.0669188499450684,Static USR (k=1),../experiments/results/Baselines/baseline_static_oai1x_results.csv
233,2.172797918319702,Static USR (k=1),../experiments/results/Baselines/baseline_static_oai1x_results.csv
234,2.1970133781433105,Static USR (k=1),../experiments/results/Baselines/baseline_static_oai1x_results.csv
235,2.2344322204589844,Static USR (k=1),../experiments/results/Baselines/baseline_static_oai1x_results.csv
236,2.216768264770508,Static USR (k=1),../experiments/results/Baselines/baseline_static_oai1x_results.csv
237,2.3481528759002686,Static USR (k=1),../experiments/results/Baselines/baseline_static_oai1x_results.csv
238,2.163411855697632,Static USR (k=1),../experiments/results/Baselines/baseline_static_oai1x_results.csv
239,1.4504289627075195,Static USR (k=1),../experiments/results/Baselines/baseline_static_oai1x_results.csv
240,1.4168268442153928,Static USR (k=1),../experiments/results/Baselines/baseline_static_oai1x_results.csv
241,1.317506432533264,Static USR (k=1),../experiments/results/Baselines/baseline_static_oai1x_results.csv
242,1.2608114480972288,Static USR (k=1),../experiments/results/Baselines/baseline_static_oai1x_results.csv
243,1.2140395641326904,Static USR (k=1),../experiments/results/Baselines/baseline_static_oai1x_results.csv
244,1.4271556138992307,Static USR (k=1),../experiments/results/Baselines/baseline_static_oai1x_results.csv
245,1.302734136581421,Static USR (k=1),../experiments/results/Baselines/baseline_static_oai1x_results.csv
246,1.0092926025390625,Static USR (k=1),../experiments/results/Baselines/baseline_static_oai1x_results.csv
247,0.8819696307182312,Static USR (k=1),../experiments/results/Baselines/baseline_static_oai1x_results.csv
248,0.7847858667373656,Static USR (k=1),../experiments/results/Baselines/baseline_static_oai1x_results.csv
249,0.7568825483322144,Static USR (k=1),../experiments/results/Baselines/baseline_static_oai1x_results.csv
250,0.6655336022377012,Static USR (k=1),../experiments/results/Baselines/baseline_static_oai1x_results.csv
251,0.6443406939506529,Static USR (k=1),../experiments/results/Baselines/baseline_static_oai1x_results.csv
252,0.6258313059806824,Static USR (k=1),../experiments/results/Baselines/baseline_static_oai1x_results.csv
253,0.6301015615463256,Static USR (k=1),../experiments/results/Baselines/baseline_static_oai1x_results.csv
254,0.5787548422813416,Static USR (k=1),../experiments/results/Baselines/baseline_static_oai1x_results.csv
255,0.4586779177188872,Static USR (k=1),../experiments/results/Baselines/baseline_static_oai1x_results.csv
256,0.3633593022823332,Static USR (k=1),../experiments/results/Baselines/baseline_static_oai1x_results.csv
257,0.489883869886398,Static USR (k=1),../experiments/results/Baselines/baseline_static_oai1x_results.csv
258,0.294767826795578,Static USR (k=1),../experiments/results/Baselines/baseline_static_oai1x_results.csv
259,0.4212523996829984,Static USR (k=1),../experiments/results/Baselines/baseline_static_oai1x_results.csv
260,0.3091448247432708,Static USR (k=1),../experiments/results/Baselines/baseline_static_oai1x_results.csv
261,0.2080242186784744,Static USR (k=1),../experiments/results/Baselines/baseline_static_oai1x_results.csv
262,0.2481607943773268,Static USR (k=1),../experiments/results/Baselines/baseline_static_oai1x_results.csv
263,0.1853953152894972,Static USR (k=1),../experiments/results/Baselines/baseline_static_oai1x_results.csv
264,0.175548270344734,Static USR (k=1),../experiments/results/Baselines/baseline_static_oai1x_results.csv
265,0.2093921452760696,Static USR (k=1),../experiments/results/Baselines/baseline_static_oai1x_results.csv
266,0.1392375975847244,Static USR (k=1),../experiments/results/Baselines/baseline_static_oai1x_results.csv
267,0.1077589616179464,Static USR (k=1),../experiments/results/Baselines/baseline_static_oai1x_results.csv
268,0.2176086455583572,Static USR (k=1),../experiments/results/Baselines/baseline_static_oai1x_results.csv
269,0.185778334736824,Static USR (k=1),../experiments/results/Baselines/baseline_static_oai1x_results.csv
270,0.2107160836458204,Static USR (k=1),../experiments/results/Baselines/baseline_static_oai1x_results.csv
271,0.22853846848011,Static USR (k=1),../experiments/results/Baselines/baseline_static_oai1x_results.csv
272,0.3296371400356292,Static USR (k=1),../experiments/results/Baselines/baseline_static_oai1x_results.csv
273,0.413322418928146,Static USR (k=1),../experiments/results/Baselines/baseline_static_oai1x_results.csv
274,0.4006901681423184,Static USR (k=1),../experiments/results/Baselines/baseline_static_oai1x_results.csv
275,0.5761600136756896,Static USR (k=1),../experiments/results/Baselines/baseline_static_oai1x_results.csv
276,0.619840621948242,Static USR (k=1),../experiments/results/Baselines/baseline_static_oai1x_results.csv
277,0.5664281845092772,Static USR (k=1),../experiments/results/Baselines/baseline_static_oai1x_results.csv
278,0.5520964860916135,Static USR (k=1),../experiments/results/Baselines/baseline_static_oai1x_results.csv
279,0.6974888443946836,Static USR (k=1),../experiments/results/Baselines/baseline_static_oai1x_results.csv
280,0.7981858849525452,Static USR (k=1),../experiments/results/Baselines/baseline_static_oai1x_results.csv
281,0.8927993178367613,Static USR (k=1),../experiments/results/Baselines/baseline_static_oai1x_results.csv
282,0.8369621634483336,Static USR (k=1),../experiments/results/Baselines/baseline_static_oai1x_results.csv
283,1.0350087881088257,Static USR (k=1),../experiments/results/Baselines/baseline_static_oai1x_results.csv
284,0.984180688858032,Static USR (k=1),../experiments/results/Baselines/baseline_static_oai1x_results.csv
285,1.0743336677551267,Static USR (k=1),../experiments/results/Baselines/baseline_static_oai1x_results.csv
286,1.036306858062744,Static USR (k=1),../experiments/results/Baselines/baseline_static_oai1x_results.csv
287,1.213161826133728,Static USR (k=1),../experiments/results/Baselines/baseline_static_oai1x_results.csv
288,1.1603453159332275,Static USR (k=1),../experiments/results/Baselines/baseline_static_oai1x_results.csv
289,1.2345714569091797,Static USR (k=1),../experiments/results/Baselines/baseline_static_oai1x_results.csv
290,1.1500331163406372,Static USR (k=1),../experiments/results/Baselines/baseline_static_oai1x_results.csv
291,1.0969406366348264,Static USR (k=1),../experiments/results/Baselines/baseline_static_oai1x_results.csv
292,1.2111047506332395,Static USR (k=1),../experiments/results/Baselines/baseline_static_oai1x_results.csv
293,1.284839868545532,Static USR (k=1),../experiments/results/Baselines/baseline_static_oai1x_results.csv
294,1.5234184265136717,Static USR (k=1),../experiments/results/Baselines/baseline_static_oai1x_results.csv
295,1.5471369028091428,Static USR (k=1),../experiments/results/Baselines/baseline_static_oai1x_results.csv
296,1.235496997833252,Static USR (k=1),../experiments/results/Baselines/baseline_static_oai1x_results.csv
297,1.330061674118042,Static USR (k=1),../experiments/results/Baselines/baseline_static_oai1x_results.csv
298,1.222180724143982,Static USR (k=1),../experiments/results/Baselines/baseline_static_oai1x_results.csv
299,1.381553530693054,Static USR (k=1),../experiments/results/Baselines/baseline_static_oai1x_results.csv
300,1.5010788440704343,Static USR (k=1),../experiments/results/Baselines/baseline_static_oai1x_results.csv
301,1.5442135334014893,Static USR (k=1),../experiments/results/Baselines/baseline_static_oai1x_results.csv
302,1.4261289834976196,Static USR (k=1),../experiments/results/Baselines/baseline_static_oai1x_results.csv
303,1.539229393005371,Static USR (k=1),../experiments/results/Baselines/baseline_static_oai1x_results.csv
304,1.3149062395095823,Static USR (k=1),../experiments/results/Baselines/baseline_static_oai1x_results.csv
305,1.454098343849182,Static USR (k=1),../experiments/results/Baselines/baseline_static_oai1x_results.csv
306,1.6587979793548584,Static USR (k=1),../experiments/results/Baselines/baseline_static_oai1x_results.csv
307,1.5724982023239136,Static USR (k=1),../experiments/results/Baselines/baseline_static_oai1x_results.csv
308,1.2723453044891355,Static USR (k=1),../experiments/results/Baselines/baseline_static_oai1x_results.csv
309,1.3851140737533567,Static USR (k=1),../experiments/results/Baselines/baseline_static_oai1x_results.csv
310,1.5476342439651487,Static USR (k=1),../experiments/results/Baselines/baseline_static_oai1x_results.csv
311,1.4990296363830564,Static USR (k=1),../experiments/results/Baselines/baseline_static_oai1x_results.csv
312,1.6254751682281492,Static USR (k=1),../experiments/results/Baselines/baseline_static_oai1x_results.csv
313,1.4347598552703855,Static USR (k=1),../experiments/results/Baselines/baseline_static_oai1x_results.csv
314,1.4014339447021484,Static USR (k=1),../experiments/results/Baselines/baseline_static_oai1x_results.csv
315,1.4908479452133176,Static USR (k=1),../experiments/results/Baselines/baseline_static_oai1x_results.csv
316,1.4796024560928345,Static USR (k=1),../experiments/results/Baselines/baseline_static_oai1x_results.csv
317,1.3902888298034668,Static USR (k=1),../experiments/results/Baselines/baseline_static_oai1x_results.csv
318,1.23818838596344,Static USR (k=1),../experiments/results/Baselines/baseline_static_oai1x_results.csv
319,1.2229522466659544,Static USR (k=1),../experiments/results/Baselines/baseline_static_oai1x_results.csv
320,1.3687403202056885,Static USR (k=1),../experiments/results/Baselines/baseline_static_oai1x_results.csv
321,1.361105680465698,Static USR (k=1),../experiments/results/Baselines/baseline_static_oai1x_results.csv
322,1.804552674293518,Static USR (k=1),../experiments/results/Baselines/baseline_static_oai1x_results.csv
323,1.758683681488037,Static USR (k=1),../experiments/results/Baselines/baseline_static_oai1x_results.csv
324,1.8568238019943235,Static USR (k=1),../experiments/results/Baselines/baseline_static_oai1x_results.csv
325,2.010096311569214,Static USR (k=1),../experiments/results/Baselines/baseline_static_oai1x_results.csv
326,2.0906918048858643,Static USR (k=1),../experiments/results/Baselines/baseline_static_oai1x_results.csv
327,2.182368040084839,Static USR (k=1),../experiments/results/Baselines/baseline_static_oai1x_results.csv
328,2.0037801265716553,Static USR (k=1),../experiments/results/Baselines/baseline_static_oai1x_results.csv
329,2.2216501235961914,Static USR (k=1),../experiments/results/Baselines/baseline_static_oai1x_results.csv
330,2.189575672149658,Static USR (k=1),../experiments/results/Baselines/baseline_static_oai1x_results.csv
331,1.9336113929748535,Static USR (k=1),../experiments/results/Baselines/baseline_static_oai1x_results.csv
332,1.990039587020874,Static USR (k=1),../experiments/results/Baselines/baseline_static_oai1x_results.csv
333,1.8905481100082395,Static USR (k=1),../experiments/results/Baselines/baseline_static_oai1x_results.csv
334,1.7218470573425293,Static USR (k=1),../experiments/results/Baselines/baseline_static_oai1x_results.csv
335,1.1365635395050049,Static USR (k=1),../experiments/results/Baselines/baseline_static_oai1x_results.csv
336,1.3317157030105589,Static USR (k=1),../experiments/results/Baselines/baseline_static_oai1x_results.csv
337,1.2877193689346311,Static USR (k=1),../experiments/results/Baselines/baseline_static_oai1x_results.csv
338,1.2028387784957884,Static USR (k=1),../experiments/results/Baselines/baseline_static_oai1x_results.csv
339,1.082286715507507,Static USR (k=1),../experiments/results/Baselines/baseline_static_oai1x_results.csv
340,0.8267021179199217,Static USR (k=1),../experiments/results/Baselines/baseline_static_oai1x_results.csv
341,0.7240442037582396,Static USR (k=1),../experiments/results/Baselines/baseline_static_oai1x_results.csv
342,0.7178128361701964,Static USR (k=1),../experiments/results/Baselines/baseline_static_oai1x_results.csv
343,0.5664238929748532,Static USR (k=1),../experiments/results/Baselines/baseline_static_oai1x_results.csv
344,0.5534121990203856,Static USR (k=1),../experiments/results/Baselines/baseline_static_oai1x_results.csv
345,0.543993592262268,Static USR (k=1),../experiments/results/Baselines/baseline_static_oai1x_results.csv
346,0.4776308238506316,Static USR (k=1),../experiments/results/Baselines/baseline_static_oai1x_results.csv
347,0.5509096980094907,Static USR (k=1),../experiments/results/Baselines/baseline_static_oai1x_results.csv
348,0.420776218175888,Static USR (k=1),../experiments/results/Baselines/baseline_static_oai1x_results.csv
349,0.3086900413036344,Static USR (k=1),../experiments/results/Baselines/baseline_static_oai1x_results.csv
350,0.2595137059688568,Static USR (k=1),../experiments/results/Baselines/baseline_static_oai1x_results.csv
351,0.2570550143718716,Static USR (k=1),../experiments/results/Baselines/baseline_static_oai1x_results.csv
352,0.2367985993623732,Static USR (k=1),../experiments/results/Baselines/baseline_static_oai1x_results.csv
353,0.2192151099443432,Static USR (k=1),../experiments/results/Baselines/baseline_static_oai1x_results.csv
354,0.2481920272111892,Static USR (k=1),../experiments/results/Baselines/baseline_static_oai1x_results.csv
355,0.2360398322343824,Static USR (k=1),../experiments/results/Baselines/baseline_static_oai1x_results.csv
356,0.2339744120836256,Static USR (k=1),../experiments/results/Baselines/baseline_static_oai1x_results.csv
357,0.2319163829088208,Static USR (k=1),../experiments/results/Baselines/baseline_static_oai1x_results.csv
358,0.1992531567811964,Static USR (k=1),../experiments/results/Baselines/baseline_static_oai1x_results.csv
359,0.2259801179170608,Static USR (k=1),../experiments/results/Baselines/baseline_static_oai1x_results.csv
360,0.2296030074357984,Static USR (k=1),../experiments/results/Baselines/baseline_static_oai1x_results.csv
361,0.2281720191240308,Static USR (k=1),../experiments/results/Baselines/baseline_static_oai1x_results.csv
362,0.3869472444057464,Static USR (k=1),../experiments/results/Baselines/baseline_static_oai1x_results.csv
363,0.4069444835186004,Static USR (k=1),../experiments/results/Baselines/baseline_static_oai1x_results.csv
364,0.3097717463970184,Static USR (k=1),../experiments/results/Baselines/baseline_static_oai1x_results.csv
365,0.4932809770107268,Static USR (k=1),../experiments/results/Baselines/baseline_static_oai1x_results.csv
366,0.5131728649139404,Static USR (k=1),../experiments/results/Baselines/baseline_static_oai1x_results.csv
367,0.5329044461250304,Static USR (k=1),../experiments/results/Baselines/baseline_static_oai1x_results.csv
368,0.5521305203437804,Static USR (k=1),../experiments/results/Baselines/baseline_static_oai1x_results.csv
369,0.662816762924194,Static USR (k=1),../experiments/results/Baselines/baseline_static_oai1x_results.csv
370,0.6989086270332336,Static USR (k=1),../experiments/results/Baselines/baseline_static_oai1x_results.csv
371,1.088412880897522,Static USR (k=1),../experiments/results/Baselines/baseline_static_oai1x_results.csv
372,1.3284648656845093,Static USR (k=1),../experiments/results/Baselines/baseline_static_oai1x_results.csv
373,0.4888505041599272,Static USR (k=1),../experiments/results/Baselines/baseline_static_oai1x_results.csv
374,0.6288937330245972,Static USR (k=1),../experiments/results/Baselines/baseline_static_oai1x_results.csv
375,0.653910994529724,Static USR (k=1),../experiments/results/Baselines/baseline_static_oai1x_results.csv
376,0.7916792035102844,Static USR (k=1),../experiments/results/Baselines/baseline_static_oai1x_results.csv
377,0.6656930446624756,Static USR (k=1),../experiments/results/Baselines/baseline_static_oai1x_results.csv
378,0.5746510624885556,Static USR (k=1),../experiments/results/Baselines/baseline_static_oai1x_results.csv
379,0.5062105059623716,Static USR (k=1),../experiments/results/Baselines/baseline_static_oai1x_results.csv
380,0.737836480140686,Static USR (k=1),../experiments/results/Baselines/baseline_static_oai1x_results.csv
381,0.6407808661460876,Static USR (k=1),../experiments/results/Baselines/baseline_static_oai1x_results.csv
382,0.565554678440094,Static USR (k=1),../experiments/results/Baselines/baseline_static_oai1x_results.csv
383,0.631063103675842,Static USR (k=1),../experiments/results/Baselines/baseline_static_oai1x_results.csv
384,0.8737998604774472,Static USR (k=1),../experiments/results/Baselines/baseline_static_oai1x_results.csv
385,1.1624177694320676,Static USR (k=1),../experiments/results/Baselines/baseline_static_oai1x_results.csv
386,1.23833429813385,Static USR (k=1),../experiments/results/Baselines/baseline_static_oai1x_results.csv
387,1.3405351638793943,Static USR (k=1),../experiments/results/Baselines/baseline_static_oai1x_results.csv
388,1.4451094865798948,Static USR (k=1),../experiments/results/Baselines/baseline_static_oai1x_results.csv
389,1.2759193181991575,Static USR (k=1),../experiments/results/Baselines/baseline_static_oai1x_results.csv
390,1.2591407299041748,Static USR (k=1),../experiments/results/Baselines/baseline_static_oai1x_results.csv
391,1.007861256599426,Static USR (k=1),../experiments/results/Baselines/baseline_static_oai1x_results.csv
392,1.1615493297576904,Static USR (k=1),../experiments/results/Baselines/baseline_static_oai1x_results.csv
393,0.964232802391052,Static USR (k=1),../experiments/results/Baselines/baseline_static_oai1x_results.csv
394,0.9646977186203,Static USR (k=1),../experiments/results/Baselines/baseline_static_oai1x_results.csv
395,0.8324744105339048,Static USR (k=1),../experiments/results/Baselines/baseline_static_oai1x_results.csv
396,0.9702306389808651,Static USR (k=1),../experiments/results/Baselines/baseline_static_oai1x_results.csv
397,0.797607898712158,Static USR (k=1),../experiments/results/Baselines/baseline_static_oai1x_results.csv
398,0.8151218295097348,Static USR (k=1),../experiments/results/Baselines/baseline_static_oai1x_results.csv
399,0.9296132922172544,Static USR (k=1),../experiments/results/Baselines/baseline_static_oai1x_results.csv
400,0.7756101489067077,Static USR (k=1),../experiments/results/Baselines/baseline_static_oai1x_results.csv
401,0.8096932768821716,Static USR (k=1),../experiments/results/Baselines/baseline_static_oai1x_results.csv
402,0.9380108118057248,Static USR (k=1),../experiments/results/Baselines/baseline_static_oai1x_results.csv
403,0.9469251632690427,Static USR (k=1),../experiments/results/Baselines/baseline_static_oai1x_results.csv
404,0.8001868128776548,Static USR (k=1),../experiments/results/Baselines/baseline_static_oai1x_results.csv
405,0.8015947937965392,Static USR (k=1),../experiments/results/Baselines/baseline_static_oai1x_results.csv
406,0.8363073468208312,Static USR (k=1),../experiments/results/Baselines/baseline_static_oai1x_results.csv
407,0.7133744955062864,Static USR (k=1),../experiments/results/Baselines/baseline_static_oai1x_results.csv
408,0.8005542755126952,Static USR (k=1),../experiments/results/Baselines/baseline_static_oai1x_results.csv
409,1.0410130023956297,Static USR (k=1),../experiments/results/Baselines/baseline_static_oai1x_results.csv
410,0.873344838619232,Static USR (k=1),../experiments/results/Baselines/baseline_static_oai1x_results.csv
411,0.7919020652770996,Static USR (k=1),../experiments/results/Baselines/baseline_static_oai1x_results.csv
412,0.873344838619232,Static USR (k=1),../experiments/results/Baselines/baseline_static_oai1x_results.csv
413,0.903978943824768,Static USR (k=1),../experiments/results/Baselines/baseline_static_oai1x_results.csv
414,1.0961869955062864,Static USR (k=1),../experiments/results/Baselines/baseline_static_oai1x_results.csv
415,1.1061031818389893,Static USR (k=1),../experiments/results/Baselines/baseline_static_oai1x_results.csv
416,1.0091255903244016,Static USR (k=1),../experiments/results/Baselines/baseline_static_oai1x_results.csv
417,1.2258297204971311,Static USR (k=1),../experiments/results/Baselines/baseline_static_oai1x_results.csv
418,1.3225529193878172,Static USR (k=1),../experiments/results/Baselines/baseline_static_oai1x_results.csv
419,1.5077155828475952,Static USR (k=1),../experiments/results/Baselines/baseline_static_oai1x_results.csv
420,1.6290743350982664,Static USR (k=1),../experiments/results/Baselines/baseline_static_oai1x_results.csv
421,1.6248483657836912,Static USR (k=1),../experiments/results/Baselines/baseline_static_oai1x_results.csv
422,1.551389455795288,Static USR (k=1),../experiments/results/Baselines/baseline_static_oai1x_results.csv
423,1.8892974853515625,Static USR (k=1),../experiments/results/Baselines/baseline_static_oai1x_results.csv
424,1.6930714845657349,Static USR (k=1),../experiments/results/Baselines/baseline_static_oai1x_results.csv
425,1.5461100339889524,Static USR (k=1),../experiments/results/Baselines/baseline_static_oai1x_results.csv
426,1.6561959981918335,Static USR (k=1),../experiments/results/Baselines/baseline_static_oai1x_results.csv
427,1.383827805519104,Static USR (k=1),../experiments/results/Baselines/baseline_static_oai1x_results.csv
428,1.509755492210388,Static USR (k=1),../experiments/results/Baselines/baseline_static_oai1x_results.csv
429,1.3789697885513303,Static USR (k=1),../experiments/results/Baselines/baseline_static_oai1x_results.csv
430,0.9981606006622312,Static USR (k=1),../experiments/results/Baselines/baseline_static_oai1x_results.csv
431,0.6751277446746824,Static USR (k=1),../experiments/results/Baselines/baseline_static_oai1x_results.csv
432,1.402551293373108,Static USR (k=1),../experiments/results/Baselines/baseline_static_oai1x_results.csv
433,1.4414374828338623,Static USR (k=1),../experiments/results/Baselines/baseline_static_oai1x_results.csv
434,1.4551097154617307,Static USR (k=1),../experiments/results/Baselines/baseline_static_oai1x_results.csv
435,1.2972340583801267,Static USR (k=1),../experiments/results/Baselines/baseline_static_oai1x_results.csv
436,0.634771168231964,Static USR (k=1),../experiments/results/Baselines/baseline_static_oai1x_results.csv
437,0.5110005736351012,Static USR (k=1),../experiments/results/Baselines/baseline_static_oai1x_results.csv
438,0.6186313629150388,Static USR (k=1),../experiments/results/Baselines/baseline_static_oai1x_results.csv
439,0.560917556285858,Static USR (k=1),../experiments/results/Baselines/baseline_static_oai1x_results.csv
440,0.2991344630718228,Static USR (k=1),../experiments/results/Baselines/baseline_static_oai1x_results.csv
441,0.33157142996788,Static USR (k=1),../experiments/results/Baselines/baseline_static_oai1x_results.csv
442,0.2265074998140332,Static USR (k=1),../experiments/results/Baselines/baseline_static_oai1x_results.csv
443,0.228497102856636,Static USR (k=1),../experiments/results/Baselines/baseline_static_oai1x_results.csv
444,0.3084951341152188,Static USR (k=1),../experiments/results/Baselines/baseline_static_oai1x_results.csv
445,0.2473159581422804,Static USR (k=1),../experiments/results/Baselines/baseline_static_oai1x_results.csv
446,0.2039764672517776,Static USR (k=1),../experiments/results/Baselines/baseline_static_oai1x_results.csv
447,0.15518744289875,Static USR (k=1),../experiments/results/Baselines/baseline_static_oai1x_results.csv
448,0.1124537810683248,Static USR (k=1),../experiments/results/Baselines/baseline_static_oai1x_results.csv
449,0.0974442586302756,Static USR (k=1),../experiments/results/Baselines/baseline_static_oai1x_results.csv
450,0.131080225110054,Static USR (k=1),../experiments/results/Baselines/baseline_static_oai1x_results.csv
451,0.0933582410216328,Static USR (k=1),../experiments/results/Baselines/baseline_static_oai1x_results.csv
452,0.2407664805650708,Static USR (k=1),../experiments/results/Baselines/baseline_static_oai1x_results.csv
453,0.0873885974287984,Static USR (k=1),../experiments/results/Baselines/baseline_static_oai1x_results.csv
454,0.0151818149467552,Static USR (k=1),../experiments/results/Baselines/baseline_static_oai1x_results.csv
455,0.1010282859206196,Static USR (k=1),../experiments/results/Baselines/baseline_static_oai1x_results.csv
456,0.2027681618928908,Static USR (k=1),../experiments/results/Baselines/baseline_static_oai1x_results.csv
457,0.2018770724534988,Static USR (k=1),../experiments/results/Baselines/baseline_static_oai1x_results.csv
458,0.1443997174501416,Static USR (k=1),../experiments/results/Baselines/baseline_static_oai1x_results.csv
459,0.2366520911455152,Static USR (k=1),../experiments/results/Baselines/baseline_static_oai1x_results.csv
460,0.4417146146297452,Static USR (k=1),../experiments/results/Baselines/baseline_static_oai1x_results.csv
461,0.3823885619640348,Static USR (k=1),../experiments/results/Baselines/baseline_static_oai1x_results.csv
462,0.4895828068256376,Static USR (k=1),../experiments/results/Baselines/baseline_static_oai1x_results.csv
463,0.3087165057659148,Static USR (k=1),../experiments/results/Baselines/baseline_static_oai1x_results.csv
464,0.5994685292243956,Static USR (k=1),../experiments/results/Baselines/baseline_static_oai1x_results.csv
465,0.3982907235622404,Static USR (k=1),../experiments/results/Baselines/baseline_static_oai1x_results.csv
466,0.4326972067356108,Static USR (k=1),../experiments/results/Baselines/baseline_static_oai1x_results.csv
467,0.423145979642868,Static USR (k=1),../experiments/results/Baselines/baseline_static_oai1x_results.csv
468,0.3961022794246672,Static USR (k=1),../experiments/results/Baselines/baseline_static_oai1x_results.csv
469,0.3295857608318328,Static USR (k=1),../experiments/results/Baselines/baseline_static_oai1x_results.csv
470,0.4474465548992156,Static USR (k=1),../experiments/results/Baselines/baseline_static_oai1x_results.csv
471,0.3102396428585052,Static USR (k=1),../experiments/results/Baselines/baseline_static_oai1x_results.csv
472,0.4716064631938932,Static USR (k=1),../experiments/results/Baselines/baseline_static_oai1x_results.csv
473,0.389263480901718,Static USR (k=1),../experiments/results/Baselines/baseline_static_oai1x_results.csv
474,0.407645672559738,Static USR (k=1),../experiments/results/Baselines/baseline_static_oai1x_results.csv
475,0.4266552627086636,Static USR (k=1),../experiments/results/Baselines/baseline_static_oai1x_results.csv
476,0.4126547276973724,Static USR (k=1),../experiments/results/Baselines/baseline_static_oai1x_results.csv
477,0.5072499513626096,Static USR (k=1),../experiments/results/Baselines/baseline_static_oai1x_results.csv
478,0.53570681810379,Static USR (k=1),../experiments/results/Baselines/baseline_static_oai1x_results.csv
479,0.5943010449409484,Static USR (k=1),../experiments/results/Baselines/baseline_static_oai1x_results.csv
480,0.7653796076774596,Static USR (k=1),../experiments/results/Baselines/baseline_static_oai1x_results.csv
481,0.8102156519889832,Static USR (k=1),../experiments/results/Baselines/baseline_static_oai1x_results.csv
482,0.8613663315773008,Static USR (k=1),../experiments/results/Baselines/baseline_static_oai1x_results.csv
483,1.0649282932281492,Static USR (k=1),../experiments/results/Baselines/baseline_static_oai1x_results.csv
484,1.0110636949539185,Static USR (k=1),../experiments/results/Baselines/baseline_static_oai1x_results.csv
485,0.8180054426193236,Static USR (k=1),../experiments/results/Baselines/baseline_static_oai1x_results.csv
486,0.9693515300750732,Static USR (k=1),../experiments/results/Baselines/baseline_static_oai1x_results.csv
487,1.024032473564148,Static USR (k=1),../experiments/results/Baselines/baseline_static_oai1x_results.csv
488,1.4387571811676023,Static USR (k=1),../experiments/results/Baselines/baseline_static_oai1x_results.csv
489,0.8157935738563536,Static USR (k=1),../experiments/results/Baselines/baseline_static_oai1x_results.csv
490,1.0194243192672727,Static USR (k=1),../experiments/results/Baselines/baseline_static_oai1x_results.csv
491,0.7612843513488768,Static USR (k=1),../experiments/results/Baselines/baseline_static_oai1x_results.csv
492,1.0601567029953003,Static USR (k=1),../experiments/results/Baselines/baseline_static_oai1x_results.csv
493,0.821558117866516,Static USR (k=1),../experiments/results/Baselines/baseline_static_oai1x_results.csv
494,0.8814020752906796,Static USR (k=1),../experiments/results/Baselines/baseline_static_oai1x_results.csv
495,1.061824917793274,Static USR (k=1),../experiments/results/Baselines/baseline_static_oai1x_results.csv
496,0.9537535309791564,Static USR (k=1),../experiments/results/Baselines/baseline_static_oai1x_results.csv
497,0.8944792747497556,Static USR (k=1),../experiments/results/Baselines/baseline_static_oai1x_results.csv
498,0.7996948957443236,Static USR (k=1),../experiments/results/Baselines/baseline_static_oai1x_results.csv
499,0.8427684307098388,Static USR (k=1),../experiments/results/Baselines/baseline_static_oai1x_results.csv
500,0.9406911134719848,Static USR (k=1),../experiments/results/Baselines/baseline_static_oai1x_results.csv
501,1.0573956966400144,Static USR (k=1),../experiments/results/Baselines/baseline_static_oai1x_results.csv
502,0.9667006731033324,Static USR (k=1),../experiments/results/Baselines/baseline_static_oai1x_results.csv
503,0.9222877621650696,Static USR (k=1),../experiments/results/Baselines/baseline_static_oai1x_results.csv
504,0.8501736521720884,Static USR (k=1),../experiments/results/Baselines/baseline_static_oai1x_results.csv
505,1.1111878156661987,Static USR (k=1),../experiments/results/Baselines/baseline_static_oai1x_results.csv
506,1.3438373804092407,Static USR (k=1),../experiments/results/Baselines/baseline_static_oai1x_results.csv
507,0.7778188586235044,Static USR (k=1),../experiments/results/Baselines/baseline_static_oai1x_results.csv
508,0.651133358478546,Static USR (k=1),../experiments/results/Baselines/baseline_static_oai1x_results.csv
509,0.8187891840934752,Static USR (k=1),../experiments/results/Baselines/baseline_static_oai1x_results.csv
510,0.8011686205863952,Static USR (k=1),../experiments/results/Baselines/baseline_static_oai1x_results.csv
511,0.5893431305885312,Static USR (k=1),../experiments/results/Baselines/baseline_static_oai1x_results.csv
512,0.5854302048683164,Static USR (k=1),../experiments/results/Baselines/baseline_static_oai1x_results.csv
513,0.6430130004882812,Static USR (k=1),../experiments/results/Baselines/baseline_static_oai1x_results.csv
514,1.0004867315292356,Static USR (k=1),../experiments/results/Baselines/baseline_static_oai1x_results.csv
515,1.035789370536804,Static USR (k=1),../experiments/results/Baselines/baseline_static_oai1x_results.csv
516,1.1634118556976316,Static USR (k=1),../experiments/results/Baselines/baseline_static_oai1x_results.csv
517,1.0937559604644775,Static USR (k=1),../experiments/results/Baselines/baseline_static_oai1x_results.csv
518,1.137986183166504,Static USR (k=1),../experiments/results/Baselines/baseline_static_oai1x_results.csv
519,1.1811559200286863,Static USR (k=1),../experiments/results/Baselines/baseline_static_oai1x_results.csv
520,1.241815209388733,Static USR (k=1),../experiments/results/Baselines/baseline_static_oai1x_results.csv
521,1.1256725788116455,Static USR (k=1),../experiments/results/Baselines/baseline_static_oai1x_results.csv
522,1.1209474802017212,Static USR (k=1),../experiments/results/Baselines/baseline_static_oai1x_results.csv
523,1.5746209621429443,Static USR (k=1),../experiments/results/Baselines/baseline_static_oai1x_results.csv
524,1.316460847854614,Static USR (k=1),../experiments/results/Baselines/baseline_static_oai1x_results.csv
525,1.1297394037246704,Static USR (k=1),../experiments/results/Baselines/baseline_static_oai1x_results.csv
526,0.9618411064147948,Static USR (k=1),../experiments/results/Baselines/baseline_static_oai1x_results.csv
527,0.8215065598487852,Static USR (k=1),../experiments/results/Baselines/baseline_static_oai1x_results.csv
528,1.0689338445663452,Static USR (k=1),../experiments/results/Baselines/baseline_static_oai1x_results.csv
529,1.1089819669723509,Static USR (k=1),../experiments/results/Baselines/baseline_static_oai1x_results.csv
530,1.047210931777954,Static USR (k=1),../experiments/results/Baselines/baseline_static_oai1x_results.csv
531,0.9856680035591124,Static USR (k=1),../experiments/results/Baselines/baseline_static_oai1x_results.csv
532,0.7335927486419676,Static USR (k=1),../experiments/results/Baselines/baseline_static_oai1x_results.csv
533,0.497173637151718,Static USR (k=1),../experiments/results/Baselines/baseline_static_oai1x_results.csv
534,0.32726976275444,Static USR (k=1),../experiments/results/Baselines/baseline_static_oai1x_results.csv
535,0.3050453364849088,Static USR (k=1),../experiments/results/Baselines/baseline_static_oai1x_results.csv
536,0.332230061292648,Static USR (k=1),../experiments/results/Baselines/baseline_static_oai1x_results.csv
537,0.2253957539796828,Static USR (k=1),../experiments/results/Baselines/baseline_static_oai1x_results.csv
538,0.2569453418254852,Static USR (k=1),../experiments/results/Baselines/baseline_static_oai1x_results.csv
539,0.3499942719936368,Static USR (k=1),../experiments/results/Baselines/baseline_static_oai1x_results.csv
540,0.2280439883470532,Static USR (k=1),../experiments/results/Baselines/baseline_static_oai1x_results.csv
541,0.2891062200069424,Static USR (k=1),../experiments/results/Baselines/baseline_static_oai1x_results.csv
542,0.2288512736558912,Static USR (k=1),../experiments/results/Baselines/baseline_static_oai1x_results.csv
543,0.2330297976732252,Static USR (k=1),../experiments/results/Baselines/baseline_static_oai1x_results.csv
544,0.204426363110542,Static USR (k=1),../experiments/results/Baselines/baseline_static_oai1x_results.csv
545,0.1881684809923172,Static USR (k=1),../experiments/results/Baselines/baseline_static_oai1x_results.csv
546,0.1417237073183056,Static USR (k=1),../experiments/results/Baselines/baseline_static_oai1x_results.csv
547,0.1002102717757224,Static USR (k=1),../experiments/results/Baselines/baseline_static_oai1x_results.csv
548,0.1254272013902664,Static USR (k=1),../experiments/results/Baselines/baseline_static_oai1x_results.csv
549,0.1534881144762036,Static USR (k=1),../experiments/results/Baselines/baseline_static_oai1x_results.csv
550,0.200911834836006,Static USR (k=1),../experiments/results/Baselines/baseline_static_oai1x_results.csv
551,0.2493415623903272,Static USR (k=1),../experiments/results/Baselines/baseline_static_oai1x_results.csv
552,0.20667465031147,Static USR (k=1),../experiments/results/Baselines/baseline_static_oai1x_results.csv
553,0.1029756888747212,Static USR (k=1),../experiments/results/Baselines/baseline_static_oai1x_results.csv
554,0.0865769013762472,Static USR (k=1),../experiments/results/Baselines/baseline_static_oai1x_results.csv
555,0.1872690469026564,Static USR (k=1),../experiments/results/Baselines/baseline_static_oai1x_results.csv
556,0.1396278887987136,Static USR (k=1),../experiments/results/Baselines/baseline_static_oai1x_results.csv
557,0.0936941727995872,Static USR (k=1),../experiments/results/Baselines/baseline_static_oai1x_results.csv
558,0.2950682342052456,Static USR (k=1),../experiments/results/Baselines/baseline_static_oai1x_results.csv
559,0.2491000443696972,Static USR (k=1),../experiments/results/Baselines/baseline_static_oai1x_results.csv
560,0.2051374465227124,Static USR (k=1),../experiments/results/Baselines/baseline_static_oai1x_results.csv
561,0.2943210303783416,Static USR (k=1),../experiments/results/Baselines/baseline_static_oai1x_results.csv
562,0.473164826631546,Static USR (k=1),../experiments/results/Baselines/baseline_static_oai1x_results.csv
563,0.2419050484895704,Static USR (k=1),../experiments/results/Baselines/baseline_static_oai1x_results.csv
564,0.228200390934944,Static USR (k=1),../experiments/results/Baselines/baseline_static_oai1x_results.csv
565,0.3230194747447964,Static USR (k=1),../experiments/results/Baselines/baseline_static_oai1x_results.csv
566,0.3057913482189176,Static USR (k=1),../experiments/results/Baselines/baseline_static_oai1x_results.csv
567,0.3008777797222136,Static USR (k=1),../experiments/results/Baselines/baseline_static_oai1x_results.csv
568,0.5493659377098083,Static USR (k=1),../experiments/results/Baselines/baseline_static_oai1x_results.csv
569,0.644342005252838,Static USR (k=1),../experiments/results/Baselines/baseline_static_oai1x_results.csv
570,0.4314759075641632,Static USR (k=1),../experiments/results/Baselines/baseline_static_oai1x_results.csv
571,0.5680580735206604,Static USR (k=1),../experiments/results/Baselines/baseline_static_oai1x_results.csv
572,0.5253903865814208,Static USR (k=1),../experiments/results/Baselines/baseline_static_oai1x_results.csv
573,0.4880705773830412,Static USR (k=1),../experiments/results/Baselines/baseline_static_oai1x_results.csv
574,0.5069243907928463,Static USR (k=1),../experiments/results/Baselines/baseline_static_oai1x_results.csv
575,0.535854697227478,Static USR (k=1),../experiments/results/Baselines/baseline_static_oai1x_results.csv
576,0.5867659449577332,Static USR (k=1),../experiments/results/Baselines/baseline_static_oai1x_results.csv
577,0.6632754206657407,Static USR (k=1),../experiments/results/Baselines/baseline_static_oai1x_results.csv
578,0.6720531582832336,Static USR (k=1),../experiments/results/Baselines/baseline_static_oai1x_results.csv
579,0.8648741245269772,Static USR (k=1),../experiments/results/Baselines/baseline_static_oai1x_results.csv
580,0.722598135471344,Static USR (k=1),../experiments/results/Baselines/baseline_static_oai1x_results.csv
581,0.6465185880661009,Static USR (k=1),../experiments/results/Baselines/baseline_static_oai1x_results.csv
582,0.7604247927665708,Static USR (k=1),../experiments/results/Baselines/baseline_static_oai1x_results.csv
583,0.7440162301063536,Static USR (k=1),../experiments/results/Baselines/baseline_static_oai1x_results.csv
584,0.6241665482521056,Static USR (k=1),../experiments/results/Baselines/baseline_static_oai1x_results.csv
585,0.5866329073905944,Static USR (k=1),../experiments/results/Baselines/baseline_static_oai1x_results.csv
586,0.605242133140564,Static USR (k=1),../experiments/results/Baselines/baseline_static_oai1x_results.csv
587,0.6288629770278928,Static USR (k=1),../experiments/results/Baselines/baseline_static_oai1x_results.csv
588,0.6743376851081848,Static USR (k=1),../experiments/results/Baselines/baseline_static_oai1x_results.csv
589,0.6611710786819456,Static USR (k=1),../experiments/results/Baselines/baseline_static_oai1x_results.csv
590,0.6171513199806212,Static USR (k=1),../experiments/results/Baselines/baseline_static_oai1x_results.csv
591,0.6843116879463196,Static USR (k=1),../experiments/results/Baselines/baseline_static_oai1x_results.csv
592,0.617383062839508,Static USR (k=1),../experiments/results/Baselines/baseline_static_oai1x_results.csv
593,0.7016482949256896,Static USR (k=1),../experiments/results/Baselines/baseline_static_oai1x_results.csv
594,0.8280656337738036,Static USR (k=1),../experiments/results/Baselines/baseline_static_oai1x_results.csv
595,0.6800545454025269,Static USR (k=1),../experiments/results/Baselines/baseline_static_oai1x_results.csv
596,1.0453064441680908,Static USR (k=1),../experiments/results/Baselines/baseline_static_oai1x_results.csv
597,0.867445647716522,Static USR (k=1),../experiments/results/Baselines/baseline_static_oai1x_results.csv
598,0.7806278467178344,Static USR (k=1),../experiments/results/Baselines/baseline_static_oai1x_results.csv
599,0.9576981067657468,Static USR (k=1),../experiments/results/Baselines/baseline_static_oai1x_results.csv
600,0.9320898056030272,Static USR (k=1),../experiments/results/Baselines/baseline_static_oai1x_results.csv
601,0.8434395194053648,Static USR (k=1),../experiments/results/Baselines/baseline_static_oai1x_results.csv
602,0.910093545913696,Static USR (k=1),../experiments/results/Baselines/baseline_static_oai1x_results.csv
603,0.7698103189468384,Static USR (k=1),../experiments/results/Baselines/baseline_static_oai1x_results.csv
604,0.9083471298217772,Static USR (k=1),../experiments/results/Baselines/baseline_static_oai1x_results.csv
605,0.77186381816864,Static USR (k=1),../experiments/results/Baselines/baseline_static_oai1x_results.csv
606,0.6079641580581664,Static USR (k=1),../experiments/results/Baselines/baseline_static_oai1x_results.csv
607,0.7130615115165708,Static USR (k=1),../experiments/results/Baselines/baseline_static_oai1x_results.csv
608,0.8531332015991208,Static USR (k=1),../experiments/results/Baselines/baseline_static_oai1x_results.csv
609,0.9599153399467468,Static USR (k=1),../experiments/results/Baselines/baseline_static_oai1x_results.csv
610,0.9452045559883115,Static USR (k=1),../experiments/results/Baselines/baseline_static_oai1x_results.csv
611,1.1151603460311887,Static USR (k=1),../experiments/results/Baselines/baseline_static_oai1x_results.csv
612,0.968153357505798,Static USR (k=1),../experiments/results/Baselines/baseline_static_oai1x_results.csv
613,1.0726921558380127,Static USR (k=1),../experiments/results/Baselines/baseline_static_oai1x_results.csv
614,1.1313652992248535,Static USR (k=1),../experiments/results/Baselines/baseline_static_oai1x_results.csv
615,1.1869231462478635,Static USR (k=1),../experiments/results/Baselines/baseline_static_oai1x_results.csv
616,1.3966658115386963,Static USR (k=1),../experiments/results/Baselines/baseline_static_oai1x_results.csv
617,1.2916754484176636,Static USR (k=1),../experiments/results/Baselines/baseline_static_oai1x_results.csv
618,1.2901451587677,Static USR (k=1),../experiments/results/Baselines/baseline_static_oai1x_results.csv
619,1.1626211404800415,Static USR (k=1),../experiments/results/Baselines/baseline_static_oai1x_results.csv
620,1.2188214063644407,Static USR (k=1),../experiments/results/Baselines/baseline_static_oai1x_results.csv
621,1.3640713691711424,Static USR (k=1),../experiments/results/Baselines/baseline_static_oai1x_results.csv
622,1.16875684261322,Static USR (k=1),../experiments/results/Baselines/baseline_static_oai1x_results.csv
623,0.7673740983009336,Static USR (k=1),../experiments/results/Baselines/baseline_static_oai1x_results.csv
624,1.0892891883850095,Static USR (k=1),../experiments/results/Baselines/baseline_static_oai1x_results.csv
625,1.1358922719955444,Static USR (k=1),../experiments/results/Baselines/baseline_static_oai1x_results.csv
626,1.1333703994750977,Static USR (k=1),../experiments/results/Baselines/baseline_static_oai1x_results.csv
627,1.0471667051315308,Static USR (k=1),../experiments/results/Baselines/baseline_static_oai1x_results.csv
628,0.6607174873352047,Static USR (k=1),../experiments/results/Baselines/baseline_static_oai1x_results.csv
629,0.7214697599411009,Static USR (k=1),../experiments/results/Baselines/baseline_static_oai1x_results.csv
630,0.757142186164856,Static USR (k=1),../experiments/results/Baselines/baseline_static_oai1x_results.csv
631,0.6174112558364868,Static USR (k=1),../experiments/results/Baselines/baseline_static_oai1x_results.csv
632,0.5279060602188108,Static USR (k=1),../experiments/results/Baselines/baseline_static_oai1x_results.csv
633,0.7310947775840756,Static USR (k=1),../experiments/results/Baselines/baseline_static_oai1x_results.csv
634,0.6747350096702576,Static USR (k=1),../experiments/results/Baselines/baseline_static_oai1x_results.csv
635,0.5722756981849668,Static USR (k=1),../experiments/results/Baselines/baseline_static_oai1x_results.csv
636,0.5643280744552612,Static USR (k=1),../experiments/results/Baselines/baseline_static_oai1x_results.csv
637,0.7053915858268736,Static USR (k=1),../experiments/results/Baselines/baseline_static_oai1x_results.csv
638,0.5970398187637328,Static USR (k=1),../experiments/results/Baselines/baseline_static_oai1x_results.csv
639,0.5956584215164183,Static USR (k=1),../experiments/results/Baselines/baseline_static_oai1x_results.csv
640,0.5444948673248288,Static USR (k=1),../experiments/results/Baselines/baseline_static_oai1x_results.csv
641,0.460062712430954,Static USR (k=1),../experiments/results/Baselines/baseline_static_oai1x_results.csv
642,0.3016003072261808,Static USR (k=1),../experiments/results/Baselines/baseline_static_oai1x_results.csv
643,0.225616171956062,Static USR (k=1),../experiments/results/Baselines/baseline_static_oai1x_results.csv
644,0.3088373839855192,Static USR (k=1),../experiments/results/Baselines/baseline_static_oai1x_results.csv
645,0.24892683327198,Static USR (k=1),../experiments/results/Baselines/baseline_static_oai1x_results.csv
646,0.1820500642061232,Static USR (k=1),../experiments/results/Baselines/baseline_static_oai1x_results.csv
647,0.1504115611314772,Static USR (k=1),../experiments/results/Baselines/baseline_static_oai1x_results.csv
648,0.2462315112352368,Static USR (k=1),../experiments/results/Baselines/baseline_static_oai1x_results.csv
649,0.2385814934968948,Static USR (k=1),../experiments/results/Baselines/baseline_static_oai1x_results.csv
650,0.197677448391914,Static USR (k=1),../experiments/results/Baselines/baseline_static_oai1x_results.csv
651,0.1938372403383252,Static USR (k=1),../experiments/results/Baselines/baseline_static_oai1x_results.csv
652,0.2043129950761792,Static USR (k=1),../experiments/results/Baselines/baseline_static_oai1x_results.csv
653,0.18434102833271,Static USR (k=1),../experiments/results/Baselines/baseline_static_oai1x_results.csv
654,0.1876400262117384,Static USR (k=1),../experiments/results/Baselines/baseline_static_oai1x_results.csv
655,0.1911842375993728,Static USR (k=1),../experiments/results/Baselines/baseline_static_oai1x_results.csv
656,0.1592812091112136,Static USR (k=1),../experiments/results/Baselines/baseline_static_oai1x_results.csv
657,0.1982159167528152,Static USR (k=1),../experiments/results/Baselines/baseline_static_oai1x_results.csv
658,0.2741126716136932,Static USR (k=1),../experiments/results/Baselines/baseline_static_oai1x_results.csv
659,0.3024570643901824,Static USR (k=1),../experiments/results/Baselines/baseline_static_oai1x_results.csv
660,0.2267375737428664,Static USR (k=1),../experiments/results/Baselines/baseline_static_oai1x_results.csv
661,0.4352716505527496,Static USR (k=1),../experiments/results/Baselines/baseline_static_oai1x_results.csv
662,0.4200309813022612,Static USR (k=1),../experiments/results/Baselines/baseline_static_oai1x_results.csv
663,0.6121193766593932,Static USR (k=1),../experiments/results/Baselines/baseline_static_oai1x_results.csv
664,0.5343906879425048,Static USR (k=1),../experiments/results/Baselines/baseline_static_oai1x_results.csv
665,0.4890196025371548,Static USR (k=1),../experiments/results/Baselines/baseline_static_oai1x_results.csv
666,0.6885725855827332,Static USR (k=1),../experiments/results/Baselines/baseline_static_oai1x_results.csv
667,0.6955251693725584,Static USR (k=1),../experiments/results/Baselines/baseline_static_oai1x_results.csv
668,0.7768444418907164,Static USR (k=1),../experiments/results/Baselines/baseline_static_oai1x_results.csv
669,0.5519123673439024,Static USR (k=1),../experiments/results/Baselines/baseline_static_oai1x_results.csv
670,0.5454554557800292,Static USR (k=1),../experiments/results/Baselines/baseline_static_oai1x_results.csv
671,1.0540591478347776,Static USR (k=1),../experiments/results/Baselines/baseline_static_oai1x_results.csv
672,0.6548454761505124,Static USR (k=1),../experiments/results/Baselines/baseline_static_oai1x_results.csv
673,0.5800837278366088,Static USR (k=1),../experiments/results/Baselines/baseline_static_oai1x_results.csv
674,1.099522352218628,Static USR (k=1),../experiments/results/Baselines/baseline_static_oai1x_results.csv
675,0.8779325485229492,Static USR (k=1),../experiments/results/Baselines/baseline_static_oai1x_results.csv
676,1.039940357208252,Static USR (k=1),../experiments/results/Baselines/baseline_static_oai1x_results.csv
677,0.826864957809448,Static USR (k=1),../experiments/results/Baselines/baseline_static_oai1x_results.csv
678,0.971260607242584,Static USR (k=1),../experiments/results/Baselines/baseline_static_oai1x_results.csv
679,0.9204673171043396,Static USR (k=1),../experiments/results/Baselines/baseline_static_oai1x_results.csv
680,0.9809708595275876,Static USR (k=1),../experiments/results/Baselines/baseline_static_oai1x_results.csv
681,1.0127651691436768,Static USR (k=1),../experiments/results/Baselines/baseline_static_oai1x_results.csv
682,1.1195857524871824,Static USR (k=1),../experiments/results/Baselines/baseline_static_oai1x_results.csv
683,0.933214008808136,Static USR (k=1),../experiments/results/Baselines/baseline_static_oai1x_results.csv
684,1.1354069709777832,Static USR (k=1),../experiments/results/Baselines/baseline_static_oai1x_results.csv
685,0.8815396428108212,Static USR (k=1),../experiments/results/Baselines/baseline_static_oai1x_results.csv
686,1.608559727668762,Static USR (k=1),../experiments/results/Baselines/baseline_static_oai1x_results.csv
687,1.0753250122070312,Static USR (k=1),../experiments/results/Baselines/baseline_static_oai1x_results.csv
688,1.233332633972168,Static USR (k=1),../experiments/results/Baselines/baseline_static_oai1x_results.csv
689,1.3732470273971555,Static USR (k=1),../experiments/results/Baselines/baseline_static_oai1x_results.csv
690,1.1038008928298948,Static USR (k=1),../experiments/results/Baselines/baseline_static_oai1x_results.csv
691,0.999640882015228,Static USR (k=1),../experiments/results/Baselines/baseline_static_oai1x_results.csv
692,1.259027361869812,Static USR (k=1),../experiments/results/Baselines/baseline_static_oai1x_results.csv
693,1.0459840297698972,Static USR (k=1),../experiments/results/Baselines/baseline_static_oai1x_results.csv
694,1.2896829843521116,Static USR (k=1),../experiments/results/Baselines/baseline_static_oai1x_results.csv
695,1.0685937404632568,Static USR (k=1),../experiments/results/Baselines/baseline_static_oai1x_results.csv
696,1.281583786010742,Static USR (k=1),../experiments/results/Baselines/baseline_static_oai1x_results.csv
697,1.010072350502014,Static USR (k=1),../experiments/results/Baselines/baseline_static_oai1x_results.csv
698,1.3191688060760496,Static USR (k=1),../experiments/results/Baselines/baseline_static_oai1x_results.csv
699,1.2036786079406736,Static USR (k=1),../experiments/results/Baselines/baseline_static_oai1x_results.csv
700,1.1668294668197632,Static USR (k=1),../experiments/results/Baselines/baseline_static_oai1x_results.csv
701,1.3429386615753172,Static USR (k=1),../experiments/results/Baselines/baseline_static_oai1x_results.csv
702,1.2782047986984253,Static USR (k=1),../experiments/results/Baselines/baseline_static_oai1x_results.csv
703,1.2713701725006104,Static USR (k=1),../experiments/results/Baselines/baseline_static_oai1x_results.csv
704,1.598870873451233,Static USR (k=1),../experiments/results/Baselines/baseline_static_oai1x_results.csv
705,1.3400642871856687,Static USR (k=1),../experiments/results/Baselines/baseline_static_oai1x_results.csv
706,1.2122209072113037,Static USR (k=1),../experiments/results/Baselines/baseline_static_oai1x_results.csv
707,1.489694595336914,Static USR (k=1),../experiments/results/Baselines/baseline_static_oai1x_results.csv
708,1.6121340990066528,Static USR (k=1),../experiments/results/Baselines/baseline_static_oai1x_results.csv
709,1.8619804382324217,Static USR (k=1),../experiments/results/Baselines/baseline_static_oai1x_results.csv
710,1.898105263710022,Static USR (k=1),../experiments/results/Baselines/baseline_static_oai1x_results.csv
711,2.034538745880127,Static USR (k=1),../experiments/results/Baselines/baseline_static_oai1x_results.csv
712,2.1865384578704834,Static USR (k=1),../experiments/results/Baselines/baseline_static_oai1x_results.csv
713,1.9967883825302124,Static USR (k=1),../experiments/results/Baselines/baseline_static_oai1x_results.csv
714,1.5767549276351929,Static USR (k=1),../experiments/results/Baselines/baseline_static_oai1x_results.csv
715,1.8413575887680051,Static USR (k=1),../experiments/results/Baselines/baseline_static_oai1x_results.csv
716,1.957947015762329,Static USR (k=1),../experiments/results/Baselines/baseline_static_oai1x_results.csv
717,1.8547172546386717,Static USR (k=1),../experiments/results/Baselines/baseline_static_oai1x_results.csv
718,1.535443902015686,Static USR (k=1),../experiments/results/Baselines/baseline_static_oai1x_results.csv
719,0.7940662503242492,Static USR (k=1),../experiments/results/Baselines/baseline_static_oai1x_results.csv
