timestamp,Traffic_bps,Traffic_bps_scaled,Traffic_Mbps_scaled,Traffic_Predicted_Mbps,Traffic_Prediction_Uncertainty
2019-04-01 00:00:00,875583787,169500681.65324423,169.5006816532442,,
2019-04-01 00:15:00,840520789,162712979.37957668,162.7129793795767,,
2019-04-01 00:30:00,816378806,158039431.70119664,158.03943170119663,,
2019-04-01 00:45:00,699909180,135492553.50175095,135.49255350175093,,
2019-04-01 01:00:00,873730830,169141975.29157177,169.14197529157175,,
2019-04-01 01:15:00,682957577,132210962.058104,132.210962058104,,
2019-04-01 01:30:00,524048257,101448357.1983894,101.44835719838942,,
2019-04-01 01:45:00,523886167,101416978.85870668,101.41697885870668,,
2019-04-01 02:00:00,485716037,94027779.61832269,94.02777961832268,,
2019-04-01 02:15:00,456010253,88277158.4764033,88.2771584764033,,
2019-04-01 02:30:00,500325889,96856041.07041946,96.85604107041948,,
2019-04-01 02:45:00,433746040,83967120.60680874,83.96712060680873,,
2019-04-01 03:00:00,364708267,70602380.69606169,70.60238069606169,,
2019-04-01 03:15:00,262902693,50894256.30487788,50.89425630487788,,
2019-04-01 03:30:00,251278334,48643944.22334316,48.64394422334316,,
2019-04-01 03:45:00,259855479,50304358.61854336,50.30435861854336,,
2019-04-01 04:00:00,254620893,49291016.53941173,49.29101653941173,,
2019-04-01 04:15:00,241170303,46687171.87315787,46.687171873157865,,
2019-04-01 04:30:00,214411588,41507061.75690592,41.50706175690592,,
2019-04-01 04:45:00,202870838,39272935.19947838,39.27293519947838,,
2019-04-01 05:00:00,206848385,40042932.243528046,40.04293224352804,,
2019-04-01 05:15:00,185207006,35853466.25879962,35.85346625879962,,
2019-04-01 05:30:00,135900889,26308496.87350581,26.308496873505813,,
2019-04-01 05:45:00,142793548,27642818.518389545,27.642818518389547,,
2019-04-01 06:00:00,152436483,29509554.837523703,29.5095548375237,,
2019-04-01 06:15:00,172487370,33391123.98568813,33.39112398568813,,
2019-04-01 06:30:00,237331176,45943970.99036974,45.943970990369735,,
2019-04-01 06:45:00,243750146,47186593.12050258,47.186593120502586,,
2019-04-01 07:00:00,571822916,110696857.89755929,110.69685789755928,,
2019-04-01 07:15:00,456441652,88360671.2431427,88.36067124314269,,
2019-04-01 07:30:00,556224249,107677175.796728,107.677175796728,,
2019-04-01 07:45:00,517321943,100146237.60122314,100.14623760122312,,
2019-04-01 08:00:00,564316362,109243694.83223304,109.24369483223305,,
2019-04-01 08:15:00,541006006,104731138.42102142,104.7311384210214,,
2019-04-01 08:30:00,472025826,91377547.7034223,91.3775477034223,,
2019-04-01 08:45:00,567874482,109932496.72002316,109.93249672002317,,
2019-04-01 09:00:00,546481045,105791028.81227428,105.79102881227428,,
2019-04-01 09:15:00,441381899,85445315.29785326,85.44531529785326,,
2019-04-01 09:30:00,350990456,67946805.81012519,67.94680581012518,,
2019-04-01 09:45:00,326660504,63236869.98237247,63.23686998237247,,
2019-04-01 10:00:00,448925812,86905710.53908306,86.90571053908306,,
2019-04-01 10:15:00,436075632,84418096.7873144,84.4180967873144,,
2019-04-01 10:30:00,633177368,122574215.14293876,122.57421514293875,,
2019-04-01 10:45:00,595176533,115217789.02869818,115.21778902869818,,
2019-04-01 11:00:00,447367128,86603971.28305227,86.60397128305226,,
2019-04-01 11:15:00,507224347,98191485.31997848,98.1914853199785,,
2019-04-01 11:30:00,440249765,85226150.11049831,85.22615011049831,,
2019-04-01 11:45:00,560708778,108545317.4111338,108.5453174111338,,
2019-04-01 12:00:00,737156135,142703039.07234284,142.70303907234285,,
2019-04-01 12:15:00,911005506,176357827.25709453,176.35782725709453,,
2019-04-01 12:30:00,961442609,186121739.59312195,186.121739593122,,
2019-04-01 12:45:00,948780493,183670532.3813872,183.6705323813872,,
2019-04-01 13:00:00,1019569476,197374281.8685164,197.3742818685164,,
2019-04-01 13:15:00,1062550653,205694832.00652248,205.6948320065225,,
2019-04-01 13:30:00,793836285,153675517.32496738,153.6755173249674,,
2019-04-01 13:45:00,815131865,157798041.49660465,157.79804149660464,,
2019-04-01 14:00:00,662723931,128294013.3431429,128.2940133431429,,
2019-04-01 14:15:00,777680943,150548070.78929815,150.54807078929815,,
2019-04-01 14:30:00,813373245,157457597.4486508,157.4575974486508,,
2019-04-01 14:45:00,624267174,120849327.15496296,120.84932715496298,,
2019-04-01 15:00:00,745481874,144314784.8089813,144.3147848089813,,
2019-04-01 15:15:00,755185660,146193301.02414873,146.19330102414872,,
2019-04-01 15:30:00,584743996,113198196.89014173,113.19819689014172,,
2019-04-01 15:45:00,625627608,121112688.0049101,121.1126880049101,,
2019-04-01 16:00:00,676525234,130965751.10363545,130.96575110363543,,
2019-04-01 16:15:00,718629133,139116472.58422786,139.11647258422786,,
2019-04-01 16:30:00,845982838,163770355.08989623,163.77035508989624,,
2019-04-01 16:45:00,905073172,175209410.9984519,175.2094109984519,,
2019-04-01 17:00:00,932899231,180596143.8711374,180.5961438711374,,
2019-04-01 17:15:00,894279702,173119947.3176861,173.1199473176861,,
2019-04-01 17:30:00,1137070648,220120852.8360932,220.12085283609312,,
2019-04-01 17:45:00,974589687,188666828.6135384,188.66682861353843,,
2019-04-01 18:00:00,1065173370,206202553.0560484,206.20255305604843,,
2019-04-01 18:15:00,1034439539,200252916.50308692,200.252916503087,,
2019-04-01 18:30:00,951603207,184216970.03157648,184.2169700315765,,
2019-04-01 18:45:00,897974867,173835279.18611553,173.83527918611554,,
2019-04-01 19:00:00,944850122,182909667.9460911,182.90966794609108,,
2019-04-01 19:15:00,774978030,150024824.92436597,150.02482492436596,,
2019-04-01 19:30:00,923623789,178800549.01776317,178.80054901776316,,
2019-04-01 19:45:00,860677618,166615057.40591165,166.61505740591164,,
2019-04-01 20:00:00,1202435283,232774524.99518657,232.77452499518657,,
2019-04-01 20:15:00,1275256260,246871639.8840387,246.8716398840387,,
2019-04-01 20:30:00,1008964124,195321235.1814235,195.32123518142348,,
2019-04-01 20:45:00,1122212576,217244539.49013463,217.24453949013463,,
2019-04-01 21:00:00,1452363936,281157189.9978417,281.1571899978417,,
2019-04-01 21:15:00,1479323842,286376247.8563301,286.3762478563301,,
2019-04-01 21:30:00,1661551444,321652943.489156,321.65294348915603,,
2019-04-01 21:45:00,1674868469,324230931.85372734,324.2309318537273,,
2019-04-01 22:00:00,1592433582,308272699.4766948,308.2726994766948,,
2019-04-01 22:15:00,1724786387,333894337.2905742,333.8943372905742,,
2019-04-01 22:30:00,1779111294,344410873.6905899,344.4108736905899,,
2019-04-01 22:45:00,1612236307,312106227.95898014,312.1062279589801,,
2019-04-01 23:00:00,1531516491,296480009.1572329,296.48000915723287,,
2019-04-01 23:15:00,1763564990,341401328.3286124,341.4013283286124,,
2019-04-01 23:30:00,1296565377,250996784.62810045,250.9967846281004,,
2019-04-01 23:45:00,1107383223,214373785.7378423,214.3737857378423,,
2019-04-02 00:00:00,940327351,182034123.2194257,182.0341232194257,197.80966186523438,19.085556030273438
2019-04-02 00:15:00,828612579,160407717.74472415,160.40771774472415,169.45550537109375,19.720123291015625
2019-04-02 00:30:00,756100900,146370478.58976793,146.37047858976794,146.19207763671875,11.756256103515625
2019-04-02 00:45:00,725410339,140429218.49900696,140.42921849900696,136.43994140625,15.812591552734375
2019-04-02 01:00:00,725502828,140447123.06596923,140.44712306596924,127.53169250488281,12.7276611328125
2019-04-02 01:15:00,556797081,107788067.99906704,107.78806799906704,131.13523864746094,15.40594482421875
2019-04-02 01:30:00,593684868,114929023.70657568,114.92902370657568,92.4344711303711,16.822166442871094
2019-04-02 01:45:00,461913166,89419879.24407302,89.41987924407302,105.43296813964844,12.709259033203125
2019-04-02 02:00:00,358462704,69393327.71732229,69.3933277173223,80.48104858398438,11.416336059570312
2019-04-02 02:15:00,402773265,77971227.86285987,77.97122786285988,64.42903137207031,13.320816040039062
2019-04-02 02:30:00,366638831,70976110.67922688,70.97611067922688,67.38115692138672,14.430450439453125
2019-04-02 02:45:00,275750760,53381461.00962482,53.38146100962482,64.89759826660156,10.9241943359375
2019-04-02 03:00:00,259445988,50225086.93185683,50.22508693185684,42.262542724609375,14.715347290039062
2019-04-02 03:15:00,228439488,44222665.503190845,44.222665503190846,42.80449676513672,11.041202545166016
2019-04-02 03:30:00,207457804,40160907.173450366,40.16090717345037,39.33612823486328,9.46621322631836
2019-04-02 03:45:00,229069763,44344677.86079175,44.34467786079175,32.91868591308594,13.122577667236328
2019-04-02 04:00:00,200956545,38902355.05260772,38.90235505260772,35.04908752441406,13.014778137207031
2019-04-02 04:15:00,139827624,27068657.43044364,27.06865743044364,33.197052001953125,9.36111831665039
2019-04-02 04:30:00,173919971,33668455.349793345,33.66845534979335,22.230422973632812,8.62371826171875
2019-04-02 04:45:00,138419091,26795985.29195064,26.79598529195064,31.09345817565918,7.256870269775391
2019-04-02 05:00:00,159823768,30939629.10529539,30.93962910529539,23.717458724975586,10.016494750976562
2019-04-02 05:15:00,228468996,44228377.83613771,44.22837783613771,23.743785858154297,9.191295623779297
2019-04-02 05:30:00,213710721,41371383.78295063,41.37138378295062,43.18608093261719,9.44466781616211
2019-04-02 05:45:00,155412425,30085655.26908699,30.085655269086992,36.15122604370117,9.627758026123047
2019-04-02 06:00:00,135938806,26315837.07034553,26.315837070345527,26.811574935913086,8.403619766235352
2019-04-02 06:15:00,246638807,47745797.1805078,47.7457971805078,22.68609046936035,12.384037017822266
2019-04-02 06:30:00,257787324,49903992.95683364,49.90399295683364,43.03458023071289,9.399749755859375
2019-04-02 06:45:00,281483478,54491234.423834726,54.491234423834726,47.40591812133789,11.392711639404297
2019-04-02 07:00:00,368994358,71432107.51023331,71.43210751023331,52.000911712646484,9.680919647216797
2019-04-02 07:15:00,457610094,88586865.14761284,88.58686514761284,67.31626892089844,10.466476440429688
2019-04-02 07:30:00,473667900,91695430.0882466,91.6954300882466,90.9744644165039,8.076179504394531
2019-04-02 07:45:00,639791733,123854662.99139048,123.85466299139048,90.76638793945312,10.056854248046875
2019-04-02 08:00:00,585754590,113393833.64634708,113.39383364634708,124.20262908935547,11.056472778320312
2019-04-02 08:15:00,559859026,108380817.39939912,108.38081739939912,115.63190460205078,9.569389343261719
2019-04-02 08:30:00,529449831,102494025.80097675,102.49402580097676,107.4158935546875,8.065505981445312
2019-04-02 08:45:00,498609159,96523706.33611429,96.52370633611427,103.7698745727539,9.984954833984375
2019-04-02 09:00:00,554314134,107307404.45177722,107.30740445177722,95.82701873779297,12.324905395507812
2019-04-02 09:15:00,478231117,92578804.59051076,92.57880459051076,112.75740814208984,9.676712036132812
2019-04-02 09:30:00,443789567,85911405.8916421,85.91140589164209,94.44036865234375,9.988906860351562
2019-04-02 09:45:00,386884662,74895418.23846607,74.89541823846606,86.41873168945312,10.345779418945312
2019-04-02 10:00:00,458669362,88791924.50426064,88.79192450426065,77.12416076660156,10.760322570800781
2019-04-02 10:15:00,518386459,100352312.89671142,100.35231289671142,86.19063568115234,12.320297241210938
2019-04-02 10:30:00,527674044,102150258.46375564,102.15025846375563,99.35111999511719,9.453964233398438
2019-04-02 10:45:00,519774148,100620949.93055671,100.62094993055672,102.01457214355469,12.491500854492188
2019-04-02 11:00:00,516361441,99960297.95027652,99.96029795027653,100.03276824951172,10.540809631347656
2019-04-02 11:15:00,464669844,89953533.25530073,89.95353325530073,102.89046478271484,11.065132141113281
2019-04-02 11:30:00,409814427,79334297.5957065,79.33429759570649,89.09783172607422,17.100852966308594
2019-04-02 11:45:00,551759765,106812914.6118301,106.8129146118301,79.67497253417969,12.741683959960938
2019-04-02 12:00:00,671255874,129945677.26817012,129.94567726817013,104.04293060302734,14.029647827148438
2019-04-02 12:15:00,834348382,161518088.37145746,161.51808837145745,128.85560607910156,14.350509643554688
2019-04-02 12:30:00,984922541,190667123.52811688,190.6671235281169,158.60789489746094,10.840835571289062
2019-04-02 12:45:00,1066948969,206546283.999119,206.54628399911903,189.1683807373047,18.087066650390625
2019-04-02 13:00:00,1110668874,215009841.4671093,215.0098414671093,208.51158142089844,13.149398803710938
2019-04-02 13:15:00,1183954962,229196995.2908012,229.1969952908012,209.65321350097656,12.777923583984375
2019-04-02 13:30:00,900935149,174408348.06237355,174.40834806237356,231.80445861816406,11.364791870117188
2019-04-02 13:45:00,818561108,158461894.61344475,158.46189461344474,175.82931518554688,15.080703735351562
2019-04-02 14:00:00,695464292,134632085.8262887,134.6320858262887,155.7888946533203,17.375717163085938
2019-04-02 14:15:00,639000550,123701501.11264904,123.70150111264904,133.15255737304688,16.979995727539062
2019-04-02 14:30:00,646601080,125172856.60718144,125.17285660718144,126.18817901611328,13.072891235351562
2019-04-02 14:45:00,699127426,135341216.9445276,135.3412169445276,118.96418762207031,21.616371154785156
2019-04-02 15:00:00,655957263,126984081.78028128,126.98408178028129,137.8804168701172,16.58056640625
2019-04-02 15:15:00,642111760,124303787.52269468,124.30378752269468,121.2813949584961,18.38141632080078
2019-04-02 15:30:00,592992052,114794904.2927585,114.79490429275847,120.192138671875,16.324905395507812
2019-04-02 15:45:00,726570559,140653820.74014887,140.65382074014886,114.80793762207031,12.703285217285156
2019-04-02 16:00:00,757635483,146667552.23185158,146.66755223185157,140.13644409179688,21.969345092773438
2019-04-02 16:15:00,682812485,132182874.29167026,132.18287429167026,143.03257751464844,12.172149658203125
2019-04-02 16:30:00,710515030,137545696.59462556,137.54569659462555,124.81864929199219,16.187515258789062
2019-04-02 16:45:00,732247523,141752800.965694,141.752800965694,136.3264923095703,16.596710205078125
2019-04-02 17:00:00,975310465,188806361.07649007,188.80636107649008,140.11561584472656,19.716888427734375
2019-04-02 17:15:00,1003400129,194244124.1622181,194.24412416221816,186.1588897705078,19.29833984375
2019-04-02 17:30:00,1024752355,198377614.2011493,198.37761420114933,195.7679443359375,18.743942260742188
2019-04-02 17:45:00,1147403606,222121167.883606,222.12116788360592,196.38417053222656,30.190811157226562
2019-04-02 18:00:00,1119980866,216812511.88538823,216.81251188538823,227.41085815429688,16.449920654296875
2019-04-02 18:15:00,1099529439,212853403.8379918,212.8534038379918,211.56272888183594,21.42401123046875
2019-04-02 18:30:00,1167908141,226090556.8913569,226.09055689135693,209.71636962890625,25.848556518554688
2019-04-02 18:45:00,877918795,169952706.29502276,169.95270629502275,217.10067749023438,26.326324462890625
2019-04-02 19:00:00,889840885,172260654.9022659,172.2606549022659,166.12928771972656,21.432571411132812
2019-04-02 19:15:00,1031230796,199631749.07876363,199.63174907876365,167.59957885742188,27.428390502929688
2019-04-02 19:30:00,973808814,188515662.60549924,188.51566260549924,198.41297912597656,19.345901489257812
2019-04-02 19:45:00,968645907,187516196.570603,187.516196570603,183.917236328125,30.85992431640625
2019-04-02 20:00:00,1160003987,224560424.0693656,224.56042406936555,182.59323120117188,20.962478637695312
2019-04-02 20:15:00,994029299,192430063.53633693,192.4300635363369,220.93841552734375,17.318130493164062
2019-04-02 20:30:00,1082524057,209561401.53784665,209.56140153784665,187.10086059570312,19.22320556640625
2019-04-02 20:45:00,1152317472,223072423.09061068,223.07242309061067,201.32235717773438,21.813751220703125
2019-04-02 21:00:00,1276243632,247062781.1883092,247.06278118830923,213.5545654296875,20.107315063476562
2019-04-02 21:15:00,1346182823,260602022.9202675,260.6020229202675,229.26617431640625,26.07733154296875
2019-04-02 21:30:00,1531184828,296415803.8745246,296.4158038745246,243.20797729492188,24.757598876953125
2019-04-02 21:45:00,1470391737,284647118.20754373,284.6471182075437,280.8147277832031,19.62677001953125
2019-04-02 22:00:00,1692903279,327722216.9070523,327.72221690705226,272.17987060546875,25.852630615234375
2019-04-02 22:15:00,1539744234,298072784.24931866,298.07278424931866,305.0756530761719,33.8870849609375
2019-04-02 22:30:00,1445875385,279901097.9667065,279.9010979667065,284.67779541015625,20.309600830078125
2019-04-02 22:45:00,1173240037,227122736.815109,227.12273681510905,267.9781494140625,24.978271484375
2019-04-02 23:00:00,1184237358,229251663.1766241,229.2516631766241,214.29800415039062,20.332931518554688
2019-04-02 23:15:00,1175403072,227541469.9076849,227.5414699076849,216.9024200439453,29.529266357421875
2019-04-02 23:30:00,1107869162,214467856.6799552,214.4678566799552,215.05796813964844,18.693252563476562
2019-04-02 23:45:00,736128900,142504180.85305735,142.50418085305736,202.22018432617188,16.144622802734375
2019-04-03 00:00:00,700742724,135653915.87310326,135.65391587310327,135.6168212890625,18.272308349609375
2019-04-03 00:15:00,677712895,131195665.53565425,131.19566553565423,127.14319610595703,17.85601806640625
2019-04-03 00:30:00,650533074,125934035.23240474,125.93403523240474,115.59417724609375,33.521087646484375
2019-04-03 00:45:00,603240318,116778824.16262671,116.77882416262672,119.18148803710938,8.699447631835938
2019-04-03 01:00:00,723442724,140048315.9643976,140.0483159643976,108.21916961669922,15.905563354492188
2019-04-03 01:15:00,572754708,110877239.6971129,110.8772396971129,130.33583068847656,15.42913818359375
2019-04-03 01:30:00,506665119,98083226.66031972,98.08322666031972,95.7981185913086,21.618545532226562
2019-04-03 01:45:00,463830452,89791038.79356365,89.79103879356364,87.11572265625,13.379188537597656
2019-04-03 02:00:00,351720692,68088169.20858628,68.08816920858628,79.33113098144531,16.63819122314453
2019-04-03 02:15:00,321716111,62279705.178381495,62.2797051783815,56.70119857788086,17.447647094726562
2019-04-03 02:30:00,372264707,72065200.9879498,72.06520098794981,52.934329986572266,16.428836822509766
2019-04-03 02:45:00,311394330,60281553.84055241,60.28155384055241,67.6789779663086,11.509101867675781
2019-04-03 03:00:00,267040771,51695329.8881811,51.6953298881811,52.66939163208008,11.295021057128906
2019-04-03 03:15:00,294745027,57058483.416623466,57.05848341662347,41.96996307373047,14.120216369628906
2019-04-03 03:30:00,262867529,50887449.05004042,50.887449050040416,50.389862060546875,15.340782165527344
2019-04-03 03:45:00,235331900,45556939.33235552,45.55693933235552,42.43702697753906,16.694988250732422
2019-04-03 04:00:00,215436485,41705467.3723406,41.7054673723406,38.05559539794922,11.411758422851562
2019-04-03 04:15:00,194318262,37617277.01642984,37.61727701642984,36.256011962890625,11.796073913574219
2019-04-03 04:30:00,168310740,32582587.27849418,32.58258727849418,30.846364974975586,10.37319564819336
2019-04-03 04:45:00,132257175,25603125.193582885,25.603125193582883,22.64710235595703,15.421337127685547
2019-04-03 05:00:00,75442987,14604699.073141748,14.604699073141749,20.421306610107422,10.749744415283203
2019-04-03 05:15:00,100287321,19414212.006963205,19.414212006963204,7.150761604309082,13.53579330444336
2019-04-03 05:30:00,127376941,24658380.66780589,24.65838066780589,14.24895191192627,11.700601577758789
2019-04-03 05:45:00,105253378,20375570.65604572,20.37557065604572,16.479190826416016,11.471681594848633
2019-04-03 06:00:00,173808480,33646872.26342425,33.64687226342425,8.660197257995605,15.617227554321289
2019-04-03 06:15:00,170724191,33049797.3795838,33.0497973795838,26.07052993774414,21.606876373291016
2019-04-03 06:30:00,211372400,40918717.79106183,40.91871779106183,28.978065490722656,11.28164291381836
2019-04-03 06:45:00,364168985,70497983.30090603,70.49798330090603,36.71342849731445,14.042526245117188
2019-04-03 07:00:00,364813550,70622762.00111948,70.62276200111948,63.393009185791016,15.729438781738281
2019-04-03 07:15:00,384501985,74434165.55008171,74.43416555008172,65.40386199951172,18.737350463867188
2019-04-03 07:30:00,478957915,92719502.4406232,92.7195024406232,69.37604522705078,10.264762878417969
2019-04-03 07:45:00,511219648,98964919.28822292,98.96491928822292,90.48657989501953,14.283180236816406
2019-04-03 08:00:00,572997640,110924267.90869784,110.92426790869784,97.99465942382812,12.450057983398438
2019-04-03 08:15:00,515268398,99748700.2296162,99.7487002296162,108.52921295166016,11.596710205078125
2019-04-03 08:30:00,555124963,107464369.51924963,107.46436951924964,97.77140808105469,16.250755310058594
2019-04-03 08:45:00,553802140,107208289.62885465,107.20828962885464,103.92547607421875,11.565376281738281
2019-04-03 09:00:00,453221681,87737330.23625436,87.73733023625437,105.48277282714844,11.784408569335938
2019-04-03 09:15:00,448662607,86854757.76040336,86.85475776040336,92.58192443847656,11.459236145019531
2019-04-03 09:30:00,456341934,88341367.24365795,88.34136724365794,84.22237396240234,16.637069702148438
2019-04-03 09:45:00,450371179,87185513.22087839,87.18551322087839,88.94125366210938,12.07159423828125
2019-04-03 10:00:00,470734470,91127559.3807662,91.1275593807662,86.66557312011719,17.64936065673828
2019-04-03 10:15:00,470663690,91113857.37026128,91.11385737026129,90.5643310546875,10.556732177734375
2019-04-03 10:30:00,524707369,101575951.99279352,101.57595199279352,94.66160583496094,11.438072204589844
2019-04-03 10:45:00,502592028,97294733.64436156,97.29473364436156,96.15985870361328,17.838233947753906
2019-04-03 11:00:00,597122354,115594472.55204806,115.59447255204806,95.54197692871094,15.623931884765625
2019-04-03 11:15:00,614971340,119049784.69777104,119.04978469777105,113.13394927978516,14.355888366699219
2019-04-03 11:30:00,783324864,151640654.3557148,151.6406543557148,120.53314208984375,12.439231872558594
2019-04-03 11:45:00,859554118,166397563.63927865,166.39756363927864,152.02696228027344,14.061737060546875
2019-04-03 12:00:00,864807084,167414463.8273829,167.4144638273829,165.91488647460938,12.3172607421875
2019-04-03 12:15:00,1061058697,205406010.350901,205.406010350901,168.17401123046875,14.288375854492188
2019-04-03 12:30:00,1255760934,243097619.5160117,243.0976195160117,202.48443603515625,23.116104125976562
2019-04-03 12:45:00,1339471849,259302872.93091625,259.30287293091624,240.17039489746094,12.271728515625
2019-04-03 13:00:00,1177854259,228015985.16656503,228.01598516656503,258.6560363769531,17.523956298828125
2019-04-03 13:15:00,1201989976,232688319.8356512,232.6883198356512,221.7240753173828,19.637481689453125
2019-04-03 13:30:00,1040672050,201459442.79856685,201.45944279856684,227.97134399414062,19.05975341796875
2019-04-03 13:45:00,1013236967,196148397.36949772,196.1483973694978,196.2385711669922,21.136993408203125
2019-04-03 14:00:00,1104098012,213737815.1863744,213.7378151863744,178.95838928222656,36.12872314453125
2019-04-03 14:15:00,909712012,176107425.04776904,176.10742504776903,206.87933349609375,29.385711669921875
2019-04-03 14:30:00,848335517,164225800.58823925,164.22580058823925,175.1849365234375,14.251022338867188
2019-04-03 14:45:00,870574662,168530985.6463145,168.5309856463145,160.2568359375,26.914230346679688
2019-04-03 15:00:00,857660406,166030967.68396214,166.03096768396213,160.33773803710938,36.09307861328125
2019-04-03 15:15:00,752235013,145622097.34810567,145.62209734810568,168.25953674316406,20.478317260742188
2019-04-03 15:30:00,807008226,156225419.4717922,156.22541947179218,143.4732666015625,21.714828491210938
2019-04-03 15:45:00,719131153,139213656.58131292,139.21365658131293,154.70423889160156,21.981048583984375
2019-04-03 16:00:00,986354273,190944286.6660688,190.9442866660688,126.17243194580078,35.17852783203125
2019-04-03 16:15:00,894143542,173093588.66057464,173.09358866057465,185.68785095214844,17.60504150390625
2019-04-03 16:30:00,693397553,134231994.28222343,134.23199428222344,173.7013702392578,17.177154541015625
2019-04-03 16:45:00,804671789,155773118.1957524,155.7731181957524,128.97218322753906,25.62109375
2019-04-03 17:00:00,964877427,186786671.95139417,186.78667195139417,151.11753845214844,24.052261352539062
2019-04-03 17:15:00,1123659845,217524710.37232527,217.52471037232527,190.8941192626953,21.96099853515625
2019-04-03 17:30:00,1025065481,198438230.9818976,198.4382309818976,216.83322143554688,23.510162353515625
2019-04-03 17:45:00,895739314,173402507.63072816,173.40250763072817,200.94004821777344,24.328903198242188
2019-04-03 18:00:00,1120863195,216983318.34521872,216.98331834521872,183.97129821777344,24.04949951171875
2019-04-03 18:15:00,1077401484,208569743.5969276,208.5697435969276,218.1549835205078,16.688720703125
2019-04-03 18:30:00,1108742558,214636933.83687752,214.63693383687752,202.9878387451172,27.246810913085938
2019-04-03 18:45:00,1334392657,258319612.9402333,258.3196129402333,213.23434448242188,15.747055053710938
2019-04-03 19:00:00,920174232,178132763.39680612,178.13276339680613,245.42872619628906,28.85736083984375
2019-04-03 19:15:00,891432183,172568707.76907104,172.56870776907104,175.8123321533203,19.241683959960938
2019-04-03 19:30:00,976410771,189019364.81159368,189.01936481159368,171.07730102539062,29.34234619140625
2019-04-03 19:45:00,1043955174,202095009.3362466,202.09500933624665,177.9525909423828,30.5152587890625
2019-04-03 20:00:00,984334334,190553254.94245607,190.55325494245608,195.69436645507812,23.93408203125
2019-04-03 20:15:00,1114854762,215820170.39263123,215.82017039263124,180.53936767578125,28.413528442382812
2019-04-03 20:30:00,1124306023,217649801.32660687,217.64980132660688,207.48342895507812,27.1751708984375
2019-04-03 20:45:00,1232360271,238567580.9422871,238.5675809422871,204.4483184814453,30.020111083984375
2019-04-03 21:00:00,1430581464,276940410.396722,276.94041039672203,217.4426727294922,45.41996765136719
2019-04-03 21:15:00,1551233249,300296895.6398421,300.2968956398421,264.7713317871094,37.639801025390625
2019-04-03 21:30:00,1728422261,334598191.2569854,334.59819125698544,279.688720703125,27.27484130859375
2019-04-03 21:45:00,1834428072,355119422.3378722,355.1194223378722,329.2192687988281,34.6793212890625
2019-04-03 22:00:00,2066266114,400000000.0,400.0,339.1237487792969,28.4459228515625
2019-04-03 22:15:00,1795698589,347621940.23959106,347.6219402395911,382.7812805175781,35.92449951171875
2019-04-03 22:30:00,1792042260,346914126.47345,346.91412647345,339.2516784667969,27.468841552734375
2019-04-03 22:45:00,1739111397,336667457.3457192,336.66745734571924,323.98828125,26.340362548828125
2019-04-03 23:00:00,1346760813,260713913.6387154,260.7139136387154,314.1302795410156,24.1845703125
2019-04-03 23:15:00,1325515234,256601068.95601928,256.6010689560193,253.35861206054688,24.502349853515625
2019-04-03 23:30:00,1341538803,259703006.0959515,259.7030060959515,246.90797424316406,15.806884765625
2019-04-03 23:45:00,1132725287,219279652.18520737,219.27965218520737,233.5808868408203,38.72052001953125
2019-04-04 00:00:00,952677563,184424950.2123907,184.42495021239068,203.95437622070312,23.185043334960938
2019-04-04 00:15:00,840055832,162622970.25696662,162.62297025696662,168.28936767578125,22.999282836914062
2019-04-04 00:30:00,757235267,146590076.05445346,146.59007605445348,146.1361541748047,23.601791381835938
2019-04-04 00:45:00,680796130,131792536.3799486,131.7925363799486,127.70512390136719,21.40032958984375
2019-04-04 01:00:00,794692230,153841216.2142248,153.84121621422477,111.66746520996094,23.472274780273438
2019-04-04 01:15:00,588360336,113898269.34944354,113.89826934944354,136.0672149658203,24.132522583007812
2019-04-04 01:30:00,524347967,101506376.830608,101.506376830608,97.04987335205078,28.111175537109375
2019-04-04 01:45:00,512274595,99169142.16016611,99.16914216016612,81.94261932373047,27.58843231201172
2019-04-04 02:00:00,416544772,80637197.53766431,80.6371975376643,77.42752838134766,24.362258911132812
2019-04-04 02:15:00,348734124,67510011.73317407,67.51001173317407,69.64120483398438,17.41705322265625
2019-04-04 02:30:00,258961708,50131337.14876379,50.13133714876379,42.46392822265625,24.57721710205078
2019-04-04 02:45:00,277462325,53712795.87271981,53.71279587271981,35.92932891845703,22.982524871826172
2019-04-04 03:00:00,240675491,46591383.24329119,46.59138324329119,33.7818489074707,24.737091064453125
2019-04-04 03:15:00,252240689,48830242.588975646,48.83024258897564,24.0279598236084,40.104209899902344
2019-04-04 03:30:00,297832477,57656170.22551627,57.65617022551627,21.7576904296875,24.91539764404297
2019-04-04 03:45:00,226317038,43811789.09465483,43.81178909465483,32.24086380004883,27.970016479492188
2019-04-04 04:00:00,207621001,40192499.81273226,40.19249981273226,29.28795051574707,21.152690887451172
2019-04-04 04:15:00,185752893,35959142.288871706,35.9591422888717,24.121320724487305,25.028564453125
2019-04-04 04:30:00,140609825,27220080.52056745,27.22008052056745,21.970386505126953,15.029327392578125
2019-04-04 04:45:00,136272682,26380470.75866628,26.38047075866628,9.406131744384766,38.389957427978516
2019-04-04 05:00:00,133743607,25890877.48065349,25.89087748065349,8.975520133972168,24.06746482849121
2019-04-04 05:15:00,101574778,19663445.538167503,19.6634455381675,5.54209041595459,14.44097900390625
2019-04-04 05:30:00,101213430,19593493.65780675,19.59349365780675,7.90507698059082,29.44264793395996
2019-04-04 05:45:00,76428316,14795444.88140408,14.795444881404082,-2.6680984497070312,30.911178588867188
2019-04-04 06:00:00,116101720,22475656.78270616,22.47565678270616,-0.9333453178405762,19.913799285888672
2019-04-04 06:15:00,128085182,24795486.144240186,24.795486144240183,15.929887771606445,22.675519943237305
2019-04-04 06:30:00,161318426,31228973.83003785,31.22897383003785,11.485220909118652,22.392658233642578
2019-04-04 06:45:00,200083459,38733337.90731662,38.73333790731662,15.420929908752441,22.83660316467285
2019-04-04 07:00:00,249787880,48355413.33375417,48.35541333375416,21.129318237304688,26.93282699584961
2019-04-04 07:15:00,361377388,69957569.4633881,69.9575694633881,24.401325225830078,32.86659240722656
2019-04-04 07:30:00,472359736,91442187.97366388,91.44218797366388,53.61750411987305,21.320045471191406
2019-04-04 07:45:00,522274470,101104977.0329825,101.1049770329825,75.33977508544922,29.681907653808594
2019-04-04 08:00:00,780597973,151112766.68790203,151.11276668790202,85.08354949951172,25.506614685058594
2019-04-04 08:15:00,646170198,125089443.924356,125.08944392435602,126.97723388671875,28.02642822265625
2019-04-04 08:30:00,493296443,95495239.39006048,95.49523939006048,103.41327667236328,35.192543029785156
2019-04-04 08:45:00,475620452,92073416.63833722,92.07341663833722,77.27452850341797,25.53606414794922
2019-04-04 09:00:00,379756395,73515486.20518103,73.51548620518103,74.66879272460938,30.62407684326172
2019-04-04 09:15:00,434553815,84123494.46292086,84.12349446292086,64.19912719726562,27.732513427734375
2019-04-04 09:30:00,405411775,78482006.21461675,78.48200621461675,68.1189193725586,30.691574096679688
2019-04-04 09:45:00,377031989,72988079.59834743,72.98807959834743,61.182003021240234,34.15697479248047
2019-04-04 10:00:00,416120379,80555041.0337901,80.55504103379009,72.30733489990234,16.047897338867188
2019-04-04 10:15:00,548356086,106154010.32511924,106.15401032511924,58.47231674194336,26.842933654785156
2019-04-04 10:30:00,502376757,97253060.21255304,97.25306021255304,104.34373474121094,21.405906677246094
2019-04-04 10:45:00,749876398,145165502.7238181,145.1655027238181,81.24480438232422,26.409805297851562
2019-04-04 11:00:00,547234884,105936961.41890076,105.93696141890076,130.9535369873047,34.17596435546875
2019-04-04 11:15:00,563084027,109005132.1434002,109.0051321434002,100.16149139404297,26.18604278564453
2019-04-04 11:30:00,546718623,105837020.5649126,105.8370205649126,92.95513153076172,27.55554962158203
2019-04-04 11:45:00,694304698,134407604.7699246,134.4076047699246,95.6614990234375,29.53290557861328
2019-04-04 12:00:00,802934308,155436766.36028886,155.43676636028886,122.04874420166016,27.381423950195312
2019-04-04 12:15:00,1324899565,256481884.1141776,256.4818841141776,139.8003387451172,33.50273132324219
2019-04-04 12:30:00,1082506461,209557995.20022523,209.55799520022524,243.97952270507812,29.809661865234375
2019-04-04 12:45:00,1204886248,233248997.2779953,233.24899727799536,190.51589965820312,29.986434936523438
2019-04-04 13:00:00,1127917809,218348992.1956877,218.3489921956877,213.54583740234375,30.841812133789062
2019-04-04 13:15:00,1110186062,214916375.8681279,214.91637586812791,211.1927490234375,29.5296630859375
2019-04-04 13:30:00,1059411756,205087185.7834668,205.0871857834668,195.05303955078125,41.060638427734375
2019-04-04 13:45:00,926254633,179309843.33995616,179.30984333995616,199.6487274169922,27.589706420898438
2019-04-04 14:00:00,768808147,148830422.5270763,148.8304225270763,173.5864715576172,30.44390869140625
2019-04-04 14:15:00,722219322,139811482.57847294,139.81148257847295,139.1192626953125,32.19770812988281
2019-04-04 14:30:00,756134322,146376948.61795524,146.37694861795524,114.15190887451172,38.82737731933594
2019-04-04 14:45:00,834499627,161547367.27197763,161.54736727197763,126.21446990966797,39.00581359863281
2019-04-04 15:00:00,753652086,145896422.71024534,145.89642271024533,152.78936767578125,24.70965576171875
2019-04-04 15:15:00,771974199,149443325.57543942,149.44332557543942,136.71067810058594,32.73602294921875
2019-04-04 15:30:00,709549743,137358830.63511345,137.35883063511343,134.37803649902344,36.163909912109375
2019-04-04 15:45:00,787745779,152496481.19622603,152.49648119622603,119.38728332519531,37.696624755859375
2019-04-04 16:00:00,759069823,146945220.24184927,146.94522024184928,131.2039337158203,40.00987243652344
2019-04-04 16:15:00,809578726,156723032.04600683,156.72303204600684,127.60912322998047,42.85392761230469
2019-04-04 16:30:00,856248923,165757724.46704316,165.75772446704318,139.45547485351562,28.428131103515625
2019-04-04 16:45:00,816316119,158027296.38143793,158.02729638143794,154.4541473388672,31.840423583984375
2019-04-04 17:00:00,919654634,178032176.54664594,178.03217654664593,136.8944091796875,43.752716064453125
2019-04-04 17:15:00,855563666,165625068.3690978,165.6250683690978,156.09405517578125,46.39471435546875
2019-04-04 17:30:00,813012753,157387811.27782655,157.38781127782656,142.65811157226562,41.32279968261719
2019-04-04 17:45:00,879904756,170337160.35668385,170.33716035668385,147.4050750732422,36.588409423828125
2019-04-04 18:00:00,1019479656,197356893.9823402,197.35689398234013,164.603515625,39.58160400390625
2019-04-04 18:15:00,1099099042,212770085.0443313,212.77008504433127,159.8549346923828,59.37080383300781
2019-04-04 18:30:00,1049320036,203133571.01301232,203.1335710130124,202.6880340576172,31.258392333984375
2019-04-04 18:45:00,1040372065,201401369.93022385,201.40136993022384,196.424072265625,49.346466064453125
2019-04-04 19:00:00,1007714648,195079354.23655692,195.07935423655692,175.79190063476562,39.32087707519531
2019-04-04 19:15:00,916726274,177465287.31971452,177.46528731971452,170.73280334472656,31.6939697265625
2019-04-04 19:30:00,1034331467,200231995.2869343,200.23199528693428,144.49571228027344,39.58207702636719
2019-04-04 19:45:00,888596383,172019736.85370132,172.01973685370132,166.48223876953125,58.94099426269531
2019-04-04 20:00:00,1061159924,205425606.4715196,205.4256064715196,128.6295623779297,48.61065673828125
2019-04-04 20:15:00,1036766261,200703337.0920393,200.70333709203925,166.2677001953125,52.70648193359375
2019-04-04 20:30:00,1208824473,234011382.1370058,234.0113821370058,160.5337371826172,61.2286376953125
2019-04-04 20:45:00,1481677471,286831877.2612848,286.83187726128483,198.68841552734375,56.2967529296875
2019-04-04 21:00:00,1501038562,290579911.6250715,290.5799116250716,259.5873107910156,38.44677734375
2019-04-04 21:15:00,1644597835,318370963.7121794,318.37096371217945,239.38003540039062,54.84771728515625
2019-04-04 21:30:00,1379407647,267033880.6127273,267.03388061272733,288.04425048828125,45.605987548828125
2019-04-04 21:45:00,1569757087,303882849.62214696,303.882849622147,238.7441864013672,49.8409423828125
2019-04-04 22:00:00,1682550502,325718065.18044657,325.71806518044656,253.68458557128906,55.54766845703125
2019-04-04 22:15:00,1669301543,323153253.4342283,323.1532534342283,262.2629089355469,52.169097900390625
2019-04-04 22:30:00,1498889976,290163975.6552674,290.1639756552674,275.2059631347656,58.41827392578125
2019-04-04 22:45:00,1624173820,314417162.2416686,314.41716224166856,228.12586975097656,55.05072021484375
2019-04-04 23:00:00,1600951429,309921634.6147755,309.9216346147755,267.9171447753906,46.79473876953125
2019-04-04 23:15:00,1268875360,245636387.5693893,245.6363875693893,254.5601348876953,58.121063232421875
2019-04-04 23:30:00,1199227401,232153524.2483292,232.15352424832923,213.7836456298828,36.435455322265625
2019-04-04 23:45:00,963877568,186593113.3399016,186.5931133399016,193.00865173339844,48.73619079589844
2019-04-05 00:00:00,1136212817,219954788.8438149,219.95478884381487,145.52232360839844,38.00334167480469
2019-04-05 00:15:00,1062539875,205692745.5376157,205.69274553761568,186.45831298828125,41.12062072753906
2019-04-05 00:30:00,1045398743,202374463.95058087,202.3744639505809,161.6610107421875,35.279510498046875
2019-04-05 00:45:00,930286149,180090288.02182642,180.0902880218264,162.1264190673828,33.26228332519531
2019-04-05 01:00:00,774385412,149910102.43126893,149.91010243126894,140.3308563232422,33.46429443359375
2019-04-05 01:15:00,667591232,129236254.22238328,129.23625422238328,100.56820678710938,33.22578430175781
2019-04-05 01:30:00,601982196,116535269.47400735,116.53526947400736,78.55200958251953,38.650146484375
2019-04-05 01:45:00,495261647,95875675.1890478,95.8756751890478,62.87395095825195,46.62232208251953
2019-04-05 02:00:00,494828738,95791870.10758868,95.79187010758868,50.0368766784668,37.216552734375
2019-04-05 02:15:00,364327545,70528678.28233668,70.52867828233668,48.87532043457031,43.94416809082031
2019-04-05 02:30:00,331207160,64117038.50842903,64.11703850842903,30.903017044067383,40.617210388183594
2019-04-05 02:45:00,420044274,81314651.80675174,81.31465180675174,12.622357368469238,41.56169128417969
2019-04-05 03:00:00,321545732,62246722.20511477,62.24672220511477,34.00437545776367,44.86328887939453
2019-04-05 03:15:00,270052054,52278271.8392874,52.2782718392874,9.213882446289062,50.8006706237793
2019-04-05 03:30:00,190361256,36851256.42049802,36.85125642049802,2.22117018699646,42.05934524536133
2019-04-05 03:45:00,185634712,35936264.11278407,35.93626411278407,-3.7554540634155273,36.00571823120117
2019-04-05 04:00:00,162854054,31526249.76939442,31.52624976939442,0.12404286116361618,39.772216796875
2019-04-05 04:15:00,251592668,48704794.855867244,48.70479485586724,-9.521528244018555,40.3090705871582
2019-04-05 04:30:00,196889940,38115117.63484304,38.115117634843045,1.458412766456604,36.07862854003906
2019-04-05 04:45:00,153436874,29703216.43671886,29.70321643671885,0.009811308234930038,32.475852966308594
2019-04-05 05:00:00,135074651,26148548.8407908,26.1485488407908,-18.13997459411621,53.658294677734375
2019-04-05 05:15:00,143801316,27837908.20082142,27.837908200821417,-1.8902488946914673,27.457134246826172
2019-04-05 05:30:00,119383545,23110971.8522926,23.1109718522926,-20.909635543823242,50.77442932128906
2019-04-05 05:45:00,186044104,36015516.6344658,36.0155166344658,-12.833078384399414,33.397850036621094
2019-04-05 06:00:00,106778878,20670885.95733512,20.67088595733512,0.8015843033790588,28.682262420654297
2019-04-05 06:15:00,96975064,18773005.731051736,18.773005731051736,-24.47130584716797,42.81719970703125
2019-04-05 06:30:00,263437969,50997878.19488967,50.99787819488967,-28.070537567138672,42.721893310546875
2019-04-05 06:45:00,269460230,52163703.053400606,52.1637030534006,10.759634971618652,46.22506332397461
2019-04-05 07:00:00,273094124,52867173.71971576,52.86717371971576,7.218687057495117,37.852088928222656
2019-04-05 07:15:00,394237217,76318769.26768398,76.31876926768398,-9.154635429382324,59.273563385009766
2019-04-05 07:30:00,526428216,101909083.72027823,101.90908372027825,16.725597381591797,43.54750061035156
2019-04-05 07:45:00,580045108,112288558.39427468,112.28855839427467,59.18341827392578,33.54179382324219
2019-04-05 08:00:00,634080970,122749139.75577109,122.74913975577108,70.76133728027344,44.11451721191406
2019-04-05 08:15:00,449142284,86947616.467566,86.947616467566,79.32530212402344,38.86577606201172
2019-04-05 08:30:00,614567678,118971641.423337,118.97164142333702,40.11994934082031,50.61277770996094
2019-04-05 08:45:00,566843263,109732867.25448376,109.73286725448376,75.34272003173828,41.609100341796875
2019-04-05 09:00:00,498062931,96417964.29324786,96.41796429324786,76.58062744140625,47.10417175292969
2019-04-05 09:15:00,529643876,102531590.17832103,102.53159017832104,68.54839324951172,41.42908477783203
2019-04-05 09:30:00,391105215,75712457.81945781,75.71245781945781,53.63358688354492,51.47953796386719
2019-04-05 09:45:00,412679260,79888888.89071721,79.88888889071721,55.51445388793945,27.555633544921875
2019-04-05 10:00:00,448820611,86885345.10806966,86.88534510806966,55.23329544067383,25.85749053955078
2019-04-05 10:15:00,384275984,74390414.94148996,74.39041494148996,38.72970199584961,56.58720397949219
2019-04-05 10:30:00,596281638,115431721.78256996,115.43172178256998,42.21317672729492,34.888519287109375
2019-04-05 10:45:00,516392003,99966214.32276946,99.96621432276946,97.2618637084961,34.181488037109375
2019-04-05 11:00:00,491794208,95204427.86489987,95.20442786489988,61.80146408081055,48.19293212890625
2019-04-05 11:15:00,552179034,106894079.1815163,106.8940791815163,56.225677490234375,37.51476287841797
2019-04-05 11:30:00,594808517,115146546.31750885,115.14654631750884,65.15205383300781,42.4937744140625
2019-04-05 11:45:00,552638844,106983091.91746248,106.98309191746247,72.78609466552734,56.13409423828125
2019-04-05 12:00:00,685637545,132729766.09439766,132.72976609439766,81.9743423461914,41.79551696777344
2019-04-05 12:15:00,945754036,183084652.95772645,183.0846529577265,116.32225036621094,35.14756774902344
2019-04-05 12:30:00,1136089983,219931009.9125016,219.9310099125016,157.7910919189453,51.508544921875
2019-04-05 12:45:00,1085371100,210112548.93956995,210.11254893957,189.12417602539062,40.910247802734375
2019-04-05 13:00:00,1240814428,240204186.59394425,240.20418659394423,172.34632873535156,36.374298095703125
2019-04-05 13:15:00,1046516462,202590838.597085,202.590838597085,201.15423583984375,51.84808349609375
2019-04-05 13:30:00,1112573126,215378477.8178868,215.3784778178868,167.4991912841797,41.83583068847656
2019-04-05 13:45:00,866557189,167753259.49133772,167.75325949133773,186.7042694091797,50.657379150390625
2019-04-05 14:00:00,759618916,147051516.90833953,147.05151690833952,130.41189575195312,40.99736022949219
2019-04-05 14:15:00,955008593,184876204.7694308,184.8762047694308,100.48473358154297,44.944000244140625
2019-04-05 14:30:00,821636739,159057293.4305015,159.0572934305015,155.2977294921875,42.82989501953125
2019-04-05 14:45:00,793661753,153641730.38942844,153.64173038942843,121.6786880493164,55.9091796875
2019-04-05 15:00:00,746844391,144578548.89837292,144.57854889837293,121.64512634277344,40.753326416015625
2019-04-05 15:15:00,813278775,157439309.38800654,157.43930938800654,104.44869995117188,33.15104675292969
2019-04-05 15:30:00,788140727,152572937.56306553,152.57293756306552,105.27680969238281,55.2894287109375
2019-04-05 15:45:00,715714906,138552319.30692157,138.55231930692156,112.02388763427734,48.75868225097656
2019-04-05 16:00:00,849205422,164394201.93675983,164.39420193675983,87.05719757080078,44.49986267089844
2019-04-05 16:15:00,1068129096,206774739.95491368,206.77473995491368,111.48115539550781,45.49324035644531
2019-04-05 16:30:00,847807747,164123631.75404617,164.12363175404616,150.01876831054688,48.384552001953125
2019-04-05 16:45:00,853279889,165182961.32692617,165.18296132692618,120.12128448486328,55.430419921875
2019-04-05 17:00:00,1075758344,208251654.84952632,208.25165484952632,125.54834747314453,65.59593200683594
2019-04-05 17:15:00,1137868258,220275258.89145952,220.27525889145952,181.35479736328125,50.210205078125
2019-04-05 17:30:00,1020518506,197558000.7019367,197.5580007019367,165.44541931152344,65.86549377441406
2019-04-05 17:45:00,841178748,162840350.96942988,162.8403509694299,134.00534057617188,64.31268310546875
2019-04-05 18:00:00,868262557,168083394.7025664,168.08339470256638,113.31005096435547,57.53251647949219
2019-04-05 18:15:00,974540146,188657238.1741145,188.6572381741145,138.26882934570312,37.714752197265625
2019-04-05 18:30:00,1036526812,200656983.1401688,200.6569831401688,137.02088928222656,67.19027709960938
2019-04-05 18:45:00,990078604,191665264.6610649,191.66526466106487,168.05950927734375,39.63282775878906
2019-04-05 19:00:00,858429722,166179896.41967288,166.17989641967287,137.01596069335938,56.97892761230469
2019-04-05 19:15:00,856483982,165803228.57678148,165.8032285767815,102.65303802490234,56.781829833984375
2019-04-05 19:30:00,756729434,146492153.91430458,146.4921539143046,96.02326202392578,66.79060363769531
2019-04-05 19:45:00,833597494,161372727.03684285,161.37272703684286,80.86332702636719,49.684234619140625
2019-04-05 20:00:00,734080927,142107722.14212483,142.10772214212483,101.2899169921875,64.34672546386719
2019-04-05 20:15:00,842159538,163030218.09125987,163.03021809125983,72.42372131347656,63.160736083984375
2019-04-05 20:30:00,1169057966,226313146.8069945,226.3131468069945,104.30244445800781,61.80580139160156
2019-04-05 20:45:00,1004822957,194519563.61125323,194.51956361125323,148.74615478515625,64.76602172851562
2019-04-05 21:00:00,977439131,189218440.81502467,189.21844081502468,135.38223266601562,65.47686767578125
2019-04-05 21:15:00,1131096132,218964270.73671693,218.9642707367169,119.79146575927734,55.8343505859375
2019-04-05 21:30:00,1158163920,224204213.0300357,224.2042130300357,159.03431701660156,68.26374816894531
2019-04-05 21:45:00,1281477657,248076014.665747,248.07601466574692,163.31727600097656,47.53956604003906
2019-04-05 22:00:00,1297240685,251127514.73985603,251.12751473985605,180.2255096435547,60.8349609375
2019-04-05 22:15:00,1263995893,244691791.5240031,244.6917915240031,171.1978302001953,75.37564086914062
2019-04-05 22:30:00,1202502019,232787444.14428315,232.7874441442832,192.12213134765625,52.291290283203125
2019-04-05 22:45:00,1153165112,223236514.2489096,223.2365142489096,165.73446655273438,62.71392822265625
2019-04-05 23:00:00,1079485396,208973159.59177563,208.9731595917756,155.7862548828125,46.366241455078125
2019-04-05 23:15:00,1037365587,200819358.15940115,200.8193581594012,145.7022247314453,60.36236572265625
2019-04-05 23:30:00,1188754300,230126079.4910369,230.12607949103696,123.81749725341797,65.42631530761719
2019-04-05 23:45:00,790509269,153031453.91465294,153.03145391465296,148.57640075683594,49.54115295410156
2019-04-06 00:00:00,739112188,143081703.36669424,143.08170336669423,100.34457397460938,63.37078857421875
2019-04-06 00:15:00,734594581,142207158.31765318,142.20715831765318,79.74159240722656,49.121826171875
2019-04-06 00:30:00,683502063,132316366.87432024,132.31636687432024,86.1473159790039,42.537933349609375
2019-04-06 00:45:00,644776418,124819627.75875054,124.81962775875054,80.83783721923828,49.18135070800781
2019-04-06 01:00:00,703528076,136193120.76663134,136.19312076663132,59.465579986572266,48.4639892578125
2019-04-06 01:15:00,672218138,130131958.01748508,130.13195801748506,88.18482971191406,49.14739990234375
2019-04-06 01:30:00,720052512,139392018.69909772,139.39201869909772,89.77325439453125,32.064666748046875
2019-04-06 01:45:00,696107787,134756657.38958153,134.75665738958153,96.68201446533203,42.90313720703125
2019-04-06 02:00:00,548903211,106259926.01454432,106.25992601454432,99.17758178710938,41.6546630859375
2019-04-06 02:15:00,563072057,109002814.92009214,109.00281492009212,82.77694702148438,25.016502380371094
2019-04-06 02:30:00,499214824,96640954.54454131,96.64095454454132,93.29467010498047,23.757408142089844
2019-04-06 02:45:00,438956351,84975763.38804539,84.97576338804538,71.15657043457031,26.098358154296875
2019-04-06 03:00:00,353938953,68517593.27646798,68.51759327646798,58.54417419433594,41.571250915527344
2019-04-06 03:15:00,385111075,74552076.79024059,74.55207679024059,42.62090301513672,49.89915466308594
2019-04-06 03:30:00,309504237,59915658.4726337,59.915658472633694,55.74970245361328,32.99859619140625
2019-04-06 03:45:00,288897456,55926476.080224775,55.92647608022477,34.61981201171875,33.70349884033203
2019-04-06 04:00:00,301529968,58371952.374765605,58.371952374765605,28.780841827392578,34.34982681274414
2019-04-06 04:15:00,231191538,44755423.59884048,44.75542359884047,37.0484619140625,28.02810287475586
2019-04-06 04:30:00,164186341,31784161.756814256,31.784161756814257,10.217384338378906,53.941497802734375
2019-04-06 04:45:00,140879499,27272285.60648021,27.27228560648021,8.818495750427246,28.22452735900879
2019-04-06 05:00:00,126214991,24433443.52304468,24.43344352304468,5.3547587394714355,23.665512084960938
2019-04-06 05:15:00,180016877,34848730.428340174,34.848730428340176,-1.221422553062439,26.07329750061035
2019-04-06 05:30:00,127442893,24671148.04555131,24.67114804555132,16.292753219604492,24.277904510498047
2019-04-06 05:45:00,125432355,24281936.22305128,24.28193622305128,10.081772804260254,26.248741149902344
2019-04-06 06:00:00,145153686,28099707.974013653,28.09970797401365,8.63656997680664,24.812191009521484
2019-04-06 06:15:00,106130762,20545419.833565544,20.545419833565543,3.180402994155884,43.931365966796875
2019-04-06 06:30:00,160477525,31066187.247166947,31.066187247166948,11.19418716430664,20.16985511779785
2019-04-06 06:45:00,205993062,39877353.76470487,39.87735376470487,6.906713485717773,40.781959533691406
2019-04-06 07:00:00,209252446,40508324.57294995,40.50832457294995,21.47275733947754,26.357555389404297
2019-04-06 07:15:00,211798833,41001269.21018655,41.00126921018655,20.215356826782227,29.946941375732422
2019-04-06 07:30:00,270143376,52295950.491496086,52.295950491496086,18.905132293701172,41.434959411621094
2019-04-06 07:45:00,311883509,60376252.00100436,60.37625200100436,31.365388870239258,31.376686096191406
2019-04-06 08:00:00,238557412,46181352.99875513,46.18135299875513,31.685741424560547,41.170013427734375
2019-04-06 08:15:00,448141171,86753815.09934592,86.75381509934593,16.905410766601562,33.837486267089844
2019-04-06 08:30:00,550868678,106640412.7266252,106.6404127266252,71.11244201660156,25.369224548339844
2019-04-06 08:45:00,421512753,81598928.6460321,81.59892864603209,86.20811462402344,44.84431457519531
2019-04-06 09:00:00,470379287,91058800.95752276,91.05880095752276,56.90278244018555,37.13196563720703
2019-04-06 09:15:00,558367254,108092031.36358456,108.09203136358455,80.02865600585938,27.06243133544922
2019-04-06 09:30:00,738584184,142979489.2333989,142.9794892333989,91.20960235595703,28.307937622070312
2019-04-06 09:45:00,630272877,122011946.61802404,122.01194661802406,122.30290222167969,33.90361022949219
2019-04-06 10:00:00,716798696,138762125.7771834,138.7621257771834,102.03491973876953,27.042572021484375
2019-04-06 10:15:00,648746916,125588260.21574102,125.58826021574104,112.75897216796875,34.39251708984375
2019-04-06 10:30:00,669692839,129643095.71985751,129.6430957198575,99.12358093261719,45.204017639160156
2019-04-06 10:45:00,721250380,139623909.06247035,139.62390906247035,112.29154968261719,33.821014404296875
2019-04-06 11:00:00,859167316,166322684.22323844,166.32268422323844,102.03933715820312,43.24836730957031
2019-04-06 11:15:00,770933855,149241929.63849768,149.24192963849768,156.72650146484375,26.632125854492188
2019-04-06 11:30:00,699363320,135386882.69849834,135.38688269849834,116.40618896484375,55.31553649902344
2019-04-06 11:45:00,786295642,152215755.1096538,152.2157551096538,113.01445770263672,36.64794921875
2019-04-06 12:00:00,856958469,165895082.57308623,165.89508257308623,136.84417724609375,30.6483154296875
2019-04-06 12:15:00,929054260,179851811.67230815,179.85181167230814,137.15365600585938,52.670654296875
2019-04-06 12:30:00,734418576,142173086.2300731,142.1730862300731,158.06907653808594,48.8055419921875
2019-04-06 12:45:00,734906822,142267603.7748737,142.2676037748737,111.84413146972656,66.50091552734375
2019-04-06 13:00:00,806445880,156116557.21127507,156.11655721127508,106.39933013916016,43.76939392089844
2019-04-06 13:15:00,958136440,185481711.8682129,185.48171186821293,109.81745147705078,60.69572448730469
2019-04-06 13:30:00,810889987,156976873.69614387,156.97687369614383,137.9356231689453,52.61363220214844
2019-04-06 13:45:00,826192745,159939271.98478946,159.93927198478946,125.5221939086914,59.69538879394531
2019-04-06 14:00:00,877680837,169906640.97973976,169.90664097973976,114.56421661376953,61.61882019042969
2019-04-06 14:15:00,884925500,171309105.63826823,171.30910563826822,146.0206756591797,45.54667663574219
2019-04-06 14:30:00,992127452,192061892.7596661,192.0618927596661,148.82728576660156,33.209442138671875
2019-04-06 14:45:00,856926878,165888967.00069487,165.88896700069486,144.5044403076172,67.94073486328125
2019-04-06 15:00:00,863968201,167252067.90087253,167.25206790087253,119.57778930664062,55.347930908203125
2019-04-06 15:15:00,839084452,162434924.77852252,162.43492477852251,139.13888549804688,36.1888427734375
2019-04-06 15:30:00,898863152,174007238.64360872,174.00723864360873,131.6663360595703,47.362060546875
2019-04-06 15:45:00,823652367,159447490.6052687,159.44749060526868,141.42184448242188,54.745208740234375
2019-04-06 16:00:00,880452465,170443189.1002787,170.44318910027872,111.7716064453125,82.81036376953125
2019-04-06 16:15:00,934023720,180813829.09423253,180.8138290942325,119.68891906738281,49.317230224609375
2019-04-06 16:30:00,954657527,184808243.33936688,184.8082433393669,161.51051330566406,37.44517517089844
2019-04-06 16:45:00,868738603,168175550.4993003,168.1755504993003,143.0453338623047,58.989593505859375
2019-04-06 17:00:00,961991859,186228066.65259963,186.22806665259964,142.31390380859375,44.11479187011719
2019-04-06 17:15:00,907240833,175629039.61943403,175.62903961943402,155.19711303710938,63.65687561035156
2019-04-06 17:30:00,828090320,160306615.76246515,160.30661576246516,146.36279296875,55.67063903808594
2019-04-06 17:45:00,945481509,183031895.5712207,183.0318955712207,117.5425796508789,59.884765625
2019-04-06 18:00:00,906398032,175465885.22333965,175.46588522333963,154.22244262695312,44.55610656738281
2019-04-06 18:15:00,1006309374,194807312.99453524,194.80731299453524,131.0019989013672,46.66603088378906
2019-04-06 18:30:00,963718371,186562295.0442481,186.5622950442481,155.90623474121094,58.25468444824219
2019-04-06 18:45:00,826459761,159990962.51936114,159.99096251936115,162.78050231933594,52.640228271484375
2019-04-06 19:00:00,880590098,170469832.90943134,170.46983290943135,126.03364562988281,50.55523681640625
2019-04-06 19:15:00,905663073,175323607.5186393,175.3236075186393,148.81712341308594,46.51029968261719
2019-04-06 19:30:00,913300825,176802168.66780597,176.80216866780597,132.73541259765625,52.09800720214844
2019-04-06 19:45:00,898772889,173989764.99887565,173.98976499887564,140.94134521484375,56.583526611328125
2019-04-06 20:00:00,924209252,178913886.40369487,178.91388640369487,128.44711303710938,61.95323181152344
2019-04-06 20:15:00,1024737023,198374646.1420216,198.3746461420216,142.8931427001953,52.31304931640625
2019-04-06 20:30:00,788965113,152732527.07468057,152.73252707468058,179.0220947265625,46.730316162109375
2019-04-06 20:45:00,1067072277,206570154.6901524,206.5701546901524,118.44912719726562,44.06134033203125
2019-04-06 21:00:00,1131587608,219059413.5639975,219.0594135639975,172.46234130859375,47.82096862792969
2019-04-06 21:15:00,1128124491,218389002.9181401,218.3890029181401,177.73153686523438,50.94120788574219
2019-04-06 21:30:00,1289006572,249533506.505542,249.533506505542,196.97666931152344,49.96455383300781
2019-04-06 21:45:00,1310072936,253611657.6898962,253.6116576898962,216.8562469482422,42.53472900390625
2019-04-06 22:00:00,1324412875,256387667.7890484,256.3876677890484,226.328857421875,39.39265441894531
2019-04-06 22:15:00,1302054400,252059382.12467825,252.05938212467825,220.83419799804688,34.231781005859375
2019-04-06 22:30:00,1212553447,234733258.95136857,234.73325895136853,211.2581024169922,48.257171630859375
2019-04-06 22:45:00,1308004485,253211234.726758,253.211234726758,215.68563842773438,35.605743408203125
2019-04-06 23:00:00,1325101285,256520934.2633589,256.52093426335887,218.35382080078125,39.05108642578125
2019-04-06 23:15:00,1206765860,233612863.6720217,233.6128636720217,225.53895568847656,36.58563232421875
2019-04-06 23:30:00,1065420627,206250418.5266816,206.2504185266816,213.41259765625,28.46875
2019-04-06 23:45:00,813051801,157395370.4203272,157.3953704203272,181.9334259033203,37.16630554199219
2019-04-07 00:00:00,793144601,153541617.05039704,153.54161705039704,136.0857696533203,26.0013427734375
2019-04-07 00:15:00,781155325,151220662.1803991,151.2206621803991,123.91520690917969,43.22053527832031
2019-04-07 00:30:00,771503631,149352230.2423046,149.3522302423046,123.4976806640625,35.41908264160156
2019-04-07 00:45:00,706097354,136690496.77886748,136.69049677886747,102.66642761230469,51.35960388183594
2019-04-07 01:00:00,720666165,139510813.27175072,139.51081327175072,102.49954223632812,39.42866516113281
2019-04-07 01:15:00,755766884,146305817.7994202,146.3058177994202,115.71329498291016,34.651702880859375
2019-04-07 01:30:00,563231674,109033714.5218266,109.0337145218266,124.77095031738281,34.78382873535156
2019-04-07 01:45:00,549430439,106361989.92517573,106.36198992517572,98.79464721679688,23.633567810058594
2019-04-07 02:00:00,451032215,87313480.47456776,87.31348047456775,84.5496597290039,32.356163024902344
2019-04-07 02:15:00,434232763,84061343.32027283,84.06134332027284,74.53067779541016,20.75609588623047
2019-04-07 02:30:00,425179098,82308681.36861873,82.30868136861872,66.56169128417969,25.72435760498047
2019-04-07 02:45:00,336588493,65158788.73867067,65.15878873867067,60.000064849853516,17.806358337402344
2019-04-07 03:00:00,315491114,61074633.48740762,61.07463348740762,48.410240173339844,24.91448211669922
2019-04-07 03:15:00,477593922,92455452.61843269,92.45545261843267,55.84513854980469,11.60275650024414
2019-04-07 03:30:00,300833501,58237126.17880158,58.23712617880158,80.4154281616211,17.241493225097656
2019-04-07 03:45:00,259719261,50277988.73344927,50.27798873344927,38.8228759765625,20.813846588134766
2019-04-07 04:00:00,220976564,42777948.59099161,42.777948590991606,38.83125305175781,17.469425201416016
2019-04-07 04:15:00,244314070,47295760.859581135,47.29576085958114,30.293678283691406,18.258750915527344
2019-04-07 04:30:00,252148197,48812337.44125565,48.81233744125564,36.87856674194336,17.867443084716797
2019-04-07 04:45:00,257196026,49789525.99713398,49.78952599713398,41.70907974243164,15.939315795898438
2019-04-07 05:00:00,149532034,28947294.443217102,28.947294443217107,34.15923309326172,24.814010620117188
2019-04-07 05:15:00,112561191,21790260.26460792,21.790260264607912,17.484010696411133,18.837800979614258
2019-04-07 05:30:00,95705315,18527200.219090465,18.527200219090467,8.959595680236816,27.72522735595703
2019-04-07 05:45:00,103052222,19949457.87510505,19.949457875105047,9.675146102905273,17.536897659301758
2019-04-07 06:00:00,139710751,27046032.4647225,27.0460324647225,14.72497844696045,14.925527572631836
2019-04-07 06:15:00,100658877,19486140.01226369,19.48614001226369,23.633974075317383,11.945926666259766
2019-04-07 06:30:00,66160373,12807715.821641743,12.807715821641745,10.587037086486816,23.578454971313477
2019-04-07 06:45:00,176776827,34221502.41002307,34.22150241002307,7.788512229919434,12.08332347869873
2019-04-07 07:00:00,231959763,44904141.13232658,44.90414113232658,32.008541107177734,13.765174865722656
2019-04-07 07:15:00,134931798,26120894.51320306,26.12089451320306,32.92222595214844,19.288719177246094
2019-04-07 07:30:00,165275310,31994970.808489,31.994970808489,22.051488876342773,12.287431716918945
2019-04-07 07:45:00,229115212,44353476.14668379,44.35347614668379,36.80947494506836,14.681978225708008
2019-04-07 08:00:00,268191681,51918129.84452786,51.91812984452786,35.78620147705078,19.896392822265625
2019-04-07 08:15:00,370313287,71687433.57710603,71.68743357710603,45.79251480102539,14.801956176757812
2019-04-07 08:30:00,457473088,88560342.71682394,88.56034271682394,65.01652526855469,17.36358642578125
2019-04-07 08:45:00,410517649,79470431.46447302,79.47043146447302,81.48783111572266,13.818099975585938
2019-04-07 09:00:00,381158894,73786990.24631055,73.78699024631055,73.75357818603516,15.723274230957031
2019-04-07 09:15:00,369285123,71488395.51651284,71.48839551651284,57.775081634521484,26.875892639160156
2019-04-07 09:30:00,482056967,93319435.23321024,93.31943523321024,64.87540435791016,20.93303680419922
2019-04-07 09:45:00,505093230,97778931.1023856,97.7789311023856,86.0901107788086,13.0911865234375
2019-04-07 10:00:00,636423410,123202603.12801124,123.20260312801123,85.42219543457031,22.011917114257812
2019-04-07 10:15:00,873434499,169084609.7861333,169.08460978613329,111.31050872802734,26.98424530029297
2019-04-07 10:30:00,875720007,169527051.9255101,169.5270519255101,164.82566833496094,31.950164794921875
2019-04-07 10:45:00,679321212,131507013.0410124,131.5070130410124,172.37770080566406,15.1722412109375
2019-04-07 11:00:00,757420071,146625851.50443017,146.6258515044302,128.1800994873047,18.839874267578125
2019-04-07 11:15:00,572659990,110858903.62716368,110.85890362716368,141.55552673339844,25.64886474609375
2019-04-07 11:30:00,709999136,137445826.7866653,137.4458267866653,107.05532836914062,19.784912109375
2019-04-07 11:45:00,791033713,153132978.88211897,153.13297888211898,119.1131362915039,27.5538330078125
2019-04-07 12:00:00,764123739,147923587.15514416,147.92358715514416,139.6324462890625,37.38359069824219
2019-04-07 12:15:00,959017633,185652298.4144529,185.65229841445293,140.73602294921875,17.603790283203125
2019-04-07 12:30:00,681308631,131891749.35092606,131.89174935092606,171.85494995117188,27.52203369140625
2019-04-07 12:45:00,828483570,160382743.4204344,160.3827434204344,126.73250579833984,20.072708129882812
2019-04-07 13:00:00,912295328,176607518.61896914,176.60751861896915,156.91102600097656,29.644210815429688
2019-04-07 13:15:00,1100764921,213092575.7416743,213.0925757416743,157.44277954101562,44.72108459472656
2019-04-07 13:30:00,955329067,184938244.0194245,184.9382440194245,209.23728942871094,29.763031005859375
2019-04-07 13:45:00,1017784728,197028779.8079817,197.0287798079817,177.19644165039062,37.5906982421875
2019-04-07 14:00:00,1004659654,194487950.4518652,194.4879504518652,172.36618041992188,41.96885681152344
2019-04-07 14:15:00,1153658846,223332094.1931684,223.3320941931684,184.234375,24.863845825195312
2019-04-07 14:30:00,1041306768,201582315.25835305,201.58231525835305,218.63816833496094,31.509109497070312
2019-04-07 14:45:00,982069092,190114736.01507264,190.11473601507265,179.5476837158203,46.06805419921875
2019-04-07 15:00:00,1133141112,219360150.0450295,219.36015004502948,165.1822967529297,38.606597900390625
2019-04-07 15:15:00,1033130605,199999525.32735577,199.99952532735577,206.4871826171875,38.93428039550781
2019-04-07 15:30:00,1051534538,203562267.3914692,203.5622673914692,190.7462615966797,27.720413208007812
2019-04-07 15:45:00,1094054977,211793625.14580736,211.79362514580737,194.0379180908203,31.15692138671875
2019-04-07 16:00:00,1155250821,223640278.11763263,223.64027811763265,181.37548828125,53.73942565917969
2019-04-07 16:15:00,1217079204,235609381.72555253,235.6093817255525,215.31570434570312,32.683319091796875
2019-04-07 16:30:00,1058437378,204898559.9344732,204.8985599344732,220.00473022460938,44.17225646972656
2019-04-07 16:45:00,1174212315,227310956.1336977,227.3109561336977,202.37478637695312,34.50225830078125
2019-04-07 17:00:00,1322290330,255976772.9898512,255.9767729898512,204.2949676513672,41.445526123046875
2019-04-07 17:15:00,1194624949,231262554.40299985,231.26255440299985,240.71841430664062,37.755889892578125
2019-04-07 17:30:00,1161777926,224903833.6598304,224.90383365983035,217.15957641601562,37.101470947265625
2019-04-07 17:45:00,1260009077,243920000.13218048,243.9200001321805,215.85565185546875,35.66386413574219
2019-04-07 18:00:00,1314197026,254410023.3935308,254.4100233935308,219.332763671875,40.31706237792969
2019-04-07 18:15:00,1354206781,262155348.1082737,262.15534810827376,244.36172485351562,48.08213806152344
2019-04-07 18:30:00,1519093154,294075026.19481087,294.07502619481085,250.07826232910156,30.411041259765625
2019-04-07 18:45:00,1388777436,268847739.7156792,268.8477397156792,272.4526672363281,38.651031494140625
2019-04-07 19:00:00,1234816259,239043025.60710725,239.04302560710724,247.02252197265625,62.778564453125
2019-04-07 19:15:00,1123039318,217404585.09014684,217.40458509014684,234.5904998779297,40.57733154296875
2019-04-07 19:30:00,1186664285,229721482.0413979,229.7214820413979,204.1859130859375,36.29191589355469
2019-04-07 19:45:00,1226675836,237467154.43643,237.46715443643,213.26902770996094,46.936187744140625
2019-04-07 20:00:00,1322906062,256095970.0276051,256.09597002760506,225.73419189453125,39.59202575683594
2019-04-07 20:15:00,1571871005,304292074.3557236,304.2920743557236,248.73248291015625,28.5635986328125
2019-04-07 20:30:00,1960113780,379450404.1312464,379.4504041312464,293.079833984375,29.858612060546875
2019-04-07 20:45:00,1616003739,312835549.7001584,312.8355497001584,366.830078125,27.524017333984375
2019-04-07 21:00:00,1806618252,349735833.1067322,349.7358331067322,302.152587890625,33.431304931640625
2019-04-07 21:15:00,1952317478,377941149.9365081,377.9411499365081,340.3407287597656,26.922576904296875
2019-04-07 21:30:00,1763427596,341374730.7864915,341.3747307864915,364.9371337890625,25.207122802734375
2019-04-07 21:45:00,1948086036,377122002.39857394,377.122002398574,329.9081115722656,28.968902587890625
2019-04-07 22:00:00,1766030207,341878559.5977692,341.8785595977692,363.1982727050781,25.254974365234375
2019-04-07 22:15:00,1733559345,335592658.32300246,335.59265832300247,331.45941162109375,25.141265869140625
2019-04-07 22:30:00,2038727947,394668998.9612829,394.6689989612829,316.2864990234375,29.739471435546875
2019-04-07 22:45:00,1757207458,340170599.7294403,340.17059972944026,382.9752197265625,25.8311767578125
2019-04-07 23:00:00,1684503901,326096215.6978005,326.0962156978005,335.24884033203125,22.33831787109375
2019-04-07 23:15:00,1591728341,308136174.75798184,308.13617475798185,315.0824890136719,23.54071044921875
2019-04-07 23:30:00,1300862309,251828610.10709092,251.82861010709092,293.658447265625,20.6285400390625
2019-04-07 23:45:00,911372228,176428819.46812007,176.42881946812008,234.48455810546875,28.7652587890625
2019-04-08 00:00:00,856809756,165866293.83208287,165.86629383208287,166.00877380371094,29.022293090820312
2019-04-08 00:15:00,833437756,161341804.01121363,161.34180401121364,156.32733154296875,16.641571044921875
2019-04-08 00:30:00,813086140,157402017.9667913,157.4020179667913,146.2557830810547,24.395751953125
2019-04-08 00:45:00,712519334,137933701.6025807,137.9337016025807,143.8587646484375,27.862533569335938
2019-04-08 01:00:00,858758276,166243499.843796,166.243499843796,122.91627502441406,21.315093994140625
2019-04-08 01:15:00,800136045,154895062.07911417,154.89506207911418,157.31358337402344,16.628021240234375
2019-04-08 01:30:00,537036818,103962759.56156924,103.96275956156924,142.22625732421875,18.424652099609375
2019-04-08 01:45:00,530626841,102721878.349499,102.721878349499,95.71403503417969,16.776145935058594
2019-04-08 02:00:00,584446329,113140572.75393134,113.14057275393134,93.47345733642578,11.008026123046875
2019-04-08 02:15:00,526049387,101835747.7646754,101.8357477646754,102.42720794677734,14.438987731933594
2019-04-08 02:30:00,425116055,82296477.13227707,82.29647713227708,93.18424987792969,13.258270263671875
2019-04-08 02:45:00,360874442,69860206.20575303,69.86020620575303,72.22651672363281,15.82733154296875
2019-04-08 03:00:00,421777658,81650210.52075386,81.65021052075386,60.89677047729492,10.667137145996094
2019-04-08 03:15:00,282900042,54765461.25074769,54.76546125074769,71.11824035644531,15.437332153320312
2019-04-08 03:30:00,333103988,64484237.6774321,64.48423767743209,47.53093338012695,13.443405151367188
2019-04-08 03:45:00,249811408,48359968.02297654,48.35996802297654,57.353172302246094,14.618118286132812
2019-04-08 04:00:00,244884600,47406207.42716202,47.40620742716202,37.059242248535156,9.746807098388672
2019-04-08 04:15:00,194566610,37665353.68928767,37.66535368928767,39.1866569519043,10.644325256347656
2019-04-08 04:30:00,183529215,35528669.56613121,35.528669566131214,27.2672176361084,9.537235260009766
2019-04-08 04:45:00,192779739,37319440.6458722,37.3194406458722,23.2100830078125,12.749610900878906
2019-04-08 05:00:00,158238997,30632839.773705937,30.63283977370593,30.42096710205078,13.001262664794922
2019-04-08 05:15:00,158944882,30769489.16174309,30.769489161743085,23.520957946777344,7.296474456787109
2019-04-08 05:30:00,123017401,23814435.16234328,23.81443516234328,23.862401962280273,8.543708801269531
2019-04-08 05:45:00,168578811,32634482.04619785,32.63448204619785,14.06545639038086,12.407339096069336
2019-04-08 06:00:00,147310871,28517308.58903298,28.517308589032982,19.406436920166016,14.187877655029297
2019-04-08 06:15:00,223758917,43316572.92038425,43.31657292038425,17.81879234313965,14.83047866821289
2019-04-08 06:30:00,308572968,59735377.91850948,59.735377918509485,36.24375534057617,10.970512390136719
2019-04-08 06:45:00,291221205,56376321.13827522,56.37632113827522,53.97963333129883,8.983631134033203
2019-04-08 07:00:00,284401371,55056097.387076445,55.05609738707644,46.13382339477539,13.347114562988281
2019-04-08 07:15:00,469599709,90907885.64323328,90.90788564323329,52.191402435302734,8.4691162109375
2019-04-08 07:30:00,476646488,92272042.7481201,92.2720427481201,85.036376953125,13.591018676757812
2019-04-08 07:45:00,577168174,111731624.51620208,111.73162451620207,81.97380065917969,14.358108520507812
2019-04-08 08:00:00,574660256,111246126.93522592,111.24612693522592,105.61119842529297,12.15313720703125
2019-04-08 08:15:00,624134676,120823677.4094433,120.8236774094433,106.13935852050781,12.192779541015625
2019-04-08 08:30:00,655499084,126895384.7829496,126.8953847829496,118.77886962890625,9.315498352050781
2019-04-08 08:45:00,537214396,103997136.15978122,103.99713615978122,123.05448150634766,11.159286499023438
2019-04-08 09:00:00,645053384,124873244.47309792,124.87324447309793,99.93265533447266,17.843650817871094
2019-04-08 09:15:00,464430860,89907269.32087703,89.90726932087703,118.81666564941406,11.170486450195312
2019-04-08 09:30:00,460956556,89234693.02947685,89.23469302947686,83.97994995117188,13.210502624511719
2019-04-08 09:45:00,564547583,109288455.95925984,109.28845595925984,82.71800994873047,13.769607543945312
2019-04-08 10:00:00,538741028,104292670.60031746,104.29267060031746,107.07649230957031,11.738014221191406
2019-04-08 10:15:00,379760298,73516241.77097645,73.51624177097645,100.52207946777344,15.094856262207031
2019-04-08 10:30:00,350656412,67882139.59937206,67.88213959937205,68.55498504638672,10.085884094238281
2019-04-08 10:45:00,210404589,40731363.22072018,40.731363220720176,69.13877868652344,9.531707763671875
2019-04-08 11:00:00,181839089,35201484.99129866,35.20148499129866,38.840606689453125,12.75436782836914
2019-04-08 11:15:00,212321481,41102446.49736341,41.10244649736341,35.32353591918945,8.865814208984375
2019-04-08 11:30:00,268317125,51942414.0350588,51.9424140350588,33.834083557128906,19.502582550048828
2019-04-08 11:45:00,259459912,50227782.42202737,50.227782422027374,47.19524002075195,9.860069274902344
2019-04-08 12:00:00,364053360,70475599.93039696,70.47559993039695,43.17840576171875,22.159236907958984
2019-04-08 12:15:00,510223191,98772019.25598632,98.77201925598632,68.58889770507812,13.174079895019531
2019-04-08 12:30:00,690209756,133614881.7083103,133.6148817083103,96.84773254394531,14.629013061523438
2019-04-08 12:45:00,687446155,133079887.5018477,133.0798875018477,126.94358825683594,18.4981689453125
2019-04-08 13:00:00,832219472,161105961.39796156,161.10596139796155,126.737060546875,25.622726440429688
2019-04-08 13:15:00,697328456,134992961.70522207,134.99296170522206,160.1253662109375,18.690994262695312
2019-04-08 13:30:00,572104026,110751276.8319057,110.7512768319057,124.2370376586914,28.854736328125
2019-04-08 13:45:00,543368472,105188478.54463726,105.18847854463726,98.16675567626953,22.002105712890625
2019-04-08 14:00:00,341949264,66196558.45549041,66.1965584554904,101.45611572265625,12.012947082519531
2019-04-08 14:15:00,377836511,73143823.71950373,73.14382371950373,55.824981689453125,24.387115478515625
2019-04-08 14:30:00,351555661,68056221.53275074,68.05622153275074,59.8907470703125,22.28546142578125
2019-04-08 14:45:00,506858862,98120732.57472004,98.12073257472004,60.11482238769531,26.216659545898438
2019-04-08 15:00:00,485727191,94029938.87553054,94.02993887553056,101.13426971435547,17.41668701171875
2019-04-08 15:15:00,419377407,81185555.75363804,81.18555575363804,84.19718170166016,16.99445343017578
2019-04-08 15:30:00,278456935,53905338.35178599,53.90533835178599,77.89461517333984,21.843955993652344
2019-04-08 15:45:00,388407372,75190193.43507464,75.19019343507465,50.94257354736328,18.008682250976562
2019-04-08 16:00:00,506244684,98001836.3694658,98.0018363694658,68.58831024169922,23.011512756347656
2019-04-08 16:15:00,534772178,103524357.17290188,103.52435717290189,89.95330810546875,21.293426513671875
2019-04-08 16:30:00,525157828,101663154.50692232,101.66315450692234,104.41710662841797,19.0601806640625
2019-04-08 16:45:00,547418971,105972598.06778207,105.97259806778207,82.89842224121094,38.10785675048828
2019-04-08 17:00:00,666630075,129050187.77266753,129.0501877726675,106.65010070800781,17.873931884765625
2019-04-08 17:15:00,747850153,144773250.24747515,144.77325024747515,122.11954498291016,17.95166015625
2019-04-08 17:30:00,941736244,182306865.0488453,182.3068650488453,130.17660522460938,23.487991333007812
2019-04-08 17:45:00,935053920,181013261.29573265,181.0132612957326,175.011474609375,18.137786865234375
2019-04-08 18:00:00,935691028,181136596.4258368,181.1365964258368,174.80703735351562,21.116119384765625
2019-04-08 18:15:00,1021179139,197685889.9405055,197.68588994050552,175.25436401367188,27.688079833984375
2019-04-08 18:30:00,883254953,170985711.2819109,170.9857112819109,193.00732421875,21.45599365234375
2019-04-08 18:45:00,1036069204,200568396.68039003,200.56839668039004,161.8794403076172,20.378738403320312
2019-04-08 19:00:00,889465147,172187917.3207019,172.1879173207019,193.8727569580078,18.509765625
2019-04-08 19:15:00,937479844,181482885.9938416,181.4828859938416,161.44384765625,21.901718139648438
2019-04-08 19:30:00,1017945366,197059877.0609273,197.0598770609273,182.00160217285156,25.353958129882812
2019-04-08 19:45:00,1029196311,199237901.4545461,199.2379014545461,188.61480712890625,26.107574462890625
2019-04-08 20:00:00,1092710826,211533416.4551856,211.5334164551856,183.8997802734375,26.32470703125
2019-04-08 20:15:00,1197881732,231893021.6943005,231.8930216943005,205.97047424316406,29.086227416992188
2019-04-08 20:30:00,1307279793,253070944.56856588,253.07094456856584,226.8987579345703,22.684661865234375
2019-04-08 20:45:00,1346472401,260658081.14007527,260.65808114007524,236.97158813476562,25.663162231445312
2019-04-08 21:00:00,1470035192,284578096.1202948,284.5780961202948,229.17816162109375,35.21575927734375
2019-04-08 21:15:00,1632103515,315952239.4413133,315.95223944131334,270.7184753417969,23.460723876953125
2019-04-08 21:30:00,1529921151,296171173.81619126,296.17117381619124,303.6374816894531,26.903106689453125
2019-04-08 21:45:00,1591063404,308007452.3256689,308.00745232566885,279.5950012207031,27.119903564453125
2019-04-08 22:00:00,1678712384,324975059.6258387,324.9750596258387,293.86273193359375,26.73834228515625
2019-04-08 22:15:00,1752613228,339281221.5474391,339.2812215474391,310.6754150390625,25.55853271484375
2019-04-08 22:30:00,1729444308,334796045.15258485,334.79604515258484,318.41119384765625,29.320892333984375
2019-04-08 22:45:00,1497001464,289798386.3466678,289.7983863466678,309.0756530761719,40.0087890625
2019-04-08 23:00:00,1425790212,276012891.5321311,276.01289153213105,278.0257873535156,21.62677001953125
2019-04-08 23:15:00,1295575823,250805220.91938052,250.8052209193806,263.21807861328125,17.83709716796875
2019-04-08 23:30:00,974019664,188556480.19401243,188.55648019401244,234.1960906982422,18.827621459960938
2019-04-08 23:45:00,800123179,154892571.40283337,154.89257140283337,167.56265258789062,29.582733154296875
2019-04-09 00:00:00,849287311,164410054.49310678,164.41005449310677,137.9174346923828,23.111328125
2019-04-09 00:15:00,814161350,157610163.46997017,157.61016346997016,145.5038299560547,21.83233642578125
2019-04-09 00:30:00,771216093,149296566.9377473,149.2965669377473,142.4130401611328,19.934951782226562
2019-04-09 00:45:00,752239064,145622881.56461537,145.62288156461537,131.47833251953125,24.996475219726562
2019-04-09 01:00:00,805248421,155884746.02453846,155.88474602453846,134.4510040283203,19.091827392578125
2019-04-09 01:15:00,708006181,137060018.7851699,137.0600187851699,145.62156677246094,15.354537963867188
2019-04-09 01:30:00,688590963,133301506.19698931,133.30150619698932,127.0409164428711,13.09954833984375
2019-04-09 01:45:00,630826688,122119156.62282404,122.11915662282404,123.56005859375,11.178054809570312
2019-04-09 02:00:00,467474157,90496408.7312134,90.4964087312134,110.18074035644531,17.937171936035156
2019-04-09 02:15:00,354927329,68708928.94098926,68.70892894098925,75.8535385131836,17.27672576904297
2019-04-09 02:30:00,301268381,58321312.81808361,58.321312818083605,60.25218200683594,9.946640014648438
2019-04-09 02:45:00,294936709,57095590.35046925,57.09559035046925,50.864280700683594,8.468589782714844
2019-04-09 03:00:00,289004231,55947146.21545597,55.947146215455966,47.5176887512207,13.807758331298828
2019-04-09 03:15:00,280445538,54290303.86741366,54.29030386741366,51.04384231567383,10.306415557861328
2019-04-09 03:30:00,210276037,40706477.36518996,40.706477365189954,41.49699020385742,13.816211700439453
2019-04-09 03:45:00,153467075,29709062.92469935,29.70906292469936,34.18857955932617,11.632400512695312
2019-04-09 04:00:00,152468360,29515725.775484502,29.5157257754845,17.244548797607422,18.64762306213379
2019-04-09 04:15:00,191415097,37055265.186427966,37.05526518642797,24.05153465270996,8.510721206665039
2019-04-09 04:30:00,171126507,33127680.087386847,33.12768008738685,33.432373046875,7.827972412109375
2019-04-09 04:45:00,142845436,27652863.303937435,27.65286330393744,27.673351287841797,8.399322509765625
2019-04-09 05:00:00,134581023,26052989.41663813,26.05298941663813,22.20001983642578,9.220775604248047
2019-04-09 05:15:00,92642293,17934242.32673643,17.93424232673643,22.264129638671875,8.036775588989258
2019-04-09 05:30:00,94442421,18282721.7385224,18.2827217385224,12.844707489013672,10.78495979309082
2019-04-09 05:45:00,71338807,13810187.66491759,13.81018766491759,13.594786643981934,12.810823440551758
2019-04-09 06:00:00,115266518,22313973.445919853,22.313973445919853,10.433318138122559,8.89746379852295
2019-04-09 06:15:00,144873591,28045485.529362943,28.045485529362946,15.576543807983398,11.560632705688477
2019-04-09 06:30:00,181528890,35141434.83650044,35.141434836500444,24.396263122558594,8.221792221069336
2019-04-09 06:45:00,222526566,43078007.13417691,43.07800713417691,29.905303955078125,9.946102142333984
2019-04-09 07:00:00,361111434,69906084.51704977,69.90608451704978,33.98088836669922,17.31613540649414
2019-04-09 07:15:00,455721511,88221262.09441385,88.22126209441385,69.99571990966797,8.928070068359375
2019-04-09 07:30:00,547087971,105908521.13253018,105.90852113253018,83.11628723144531,8.428421020507812
2019-04-09 07:45:00,572043063,110739475.25425082,110.73947525425082,105.13999938964844,12.31231689453125
2019-04-09 08:00:00,532681839,103119697.00142892,103.11969700142892,107.67182922363281,9.965850830078125
2019-04-09 08:15:00,578007750,111894154.59774607,111.89415459774608,99.99263000488281,11.829887390136719
2019-04-09 08:30:00,575968371,111499359.5640992,111.4993595640992,109.04070281982422,9.504379272460938
2019-04-09 08:45:00,496224329,96062036.85727192,96.0620368572719,111.91690826416016,12.701698303222656
2019-04-09 09:00:00,562512670,108894525.48027413,108.89452548027413,94.67024230957031,9.431121826171875
2019-04-09 09:15:00,389292205,75361484.63401651,75.36148463401652,106.57156372070312,7.513580322265625
2019-04-09 09:30:00,465909910,90193592.5567814,90.1935925567814,75.38494873046875,9.04840087890625
2019-04-09 09:45:00,369709012,71570454.45308988,71.57045445308988,91.806884765625,8.315261840820312
2019-04-09 10:00:00,314706770,60922795.54268488,60.92279554268488,69.46499633789062,13.123016357421875
2019-04-09 10:15:00,313013623,60595026.14482696,60.59502614482696,61.282772064208984,10.316139221191406
2019-04-09 10:30:00,365860817,70825498.1332961,70.82549813329611,58.36962890625,11.750354766845703
2019-04-09 10:45:00,355198286,68761382.39762084,68.76138239762084,72.72847747802734,10.389144897460938
2019-04-09 11:00:00,444358553,86021553.5625824,86.0215535625824,70.60468292236328,5.7701873779296875
2019-04-09 11:15:00,554827464,107406777.90547168,107.40677790547169,87.52471160888672,14.934661865234375
2019-04-09 11:30:00,535414444,103648690.8191149,103.64869081911488,110.29266357421875,11.660659790039062
2019-04-09 11:45:00,559991571,108406476.24345642,108.40647624345642,97.0994644165039,15.96551513671875
2019-04-09 12:00:00,761383786,147393170.86821276,147.39317086821276,106.53748321533203,14.7344970703125
2019-04-09 12:15:00,1087345063,210494680.3575176,210.4946803575176,149.41566467285156,16.32952880859375
2019-04-09 12:30:00,1011956749,195900565.20667505,195.90056520667503,207.4537811279297,15.143402099609375
2019-04-09 12:45:00,1160505307,224657472.5563157,224.65747255631567,194.78933715820312,15.142242431640625
2019-04-09 13:00:00,1150955550,222808774.1848338,222.8087741848338,224.84170532226562,15.204360961914062
2019-04-09 13:15:00,1027540438,198917347.77778968,198.91734777778967,225.9998779296875,13.14044189453125
2019-04-09 13:30:00,943656498,182678599.16130823,182.67859916130823,195.61012268066406,17.684173583984375
2019-04-09 13:45:00,888402449,171982193.96439272,171.98219396439274,180.48789978027344,13.715118408203125
2019-04-09 14:00:00,805713296,155974739.2731041,155.9747392731041,165.70040893554688,14.742645263671875
2019-04-09 14:15:00,705601425,136594491.91354257,136.59449191354256,153.98797607421875,12.205322265625
2019-04-09 14:30:00,736645762,142604238.0521757,142.6042380521757,130.6125946044922,17.692092895507812
2019-04-09 14:45:00,692716314,134100116.0124528,134.1001160124528,144.687255859375,16.337127685546875
2019-04-09 15:00:00,719161043,139219442.86407632,139.2194428640763,136.486328125,21.07489013671875
2019-04-09 15:15:00,776900632,150397013.57653877,150.39701357653877,136.5435791015625,19.882080078125
2019-04-09 15:30:00,682274858,132078797.28119086,132.07879728119084,147.37319946289062,13.2890625
2019-04-09 15:45:00,664330817,128605083.827068,128.60508382706797,121.81898498535156,34.77381896972656
2019-04-09 16:00:00,771155780,149284891.19093207,149.28489119093206,129.50059509277344,12.087203979492188
2019-04-09 16:15:00,898630217,173962145.7103371,173.9621457103371,145.8673553466797,17.29742431640625
2019-04-09 16:30:00,817471777,158251015.48367164,158.25101548367164,168.15249633789062,25.596084594726562
2019-04-09 16:45:00,785867667,152132905.18106034,152.13290518106035,150.75750732421875,12.866439819335938
2019-04-09 17:00:00,764414150,147979806.63201255,147.97980663201255,155.6792755126953,13.935455322265625
2019-04-09 17:15:00,889069846,172111392.6180372,172.1113926180372,148.1208038330078,16.729660034179688
2019-04-09 17:30:00,965225581,186854069.65929657,186.85406965929656,173.86949157714844,17.371673583984375
2019-04-09 17:45:00,1080870864,209241366.6713212,209.2413666713212,188.9153289794922,21.435714721679688
2019-04-09 18:00:00,1145929086,221835721.5918608,221.8357215918608,213.1905517578125,15.869873046875
2019-04-09 18:15:00,1358362197,262959778.08403435,262.9597780840343,217.90286254882812,13.84716796875
2019-04-09 18:30:00,979379445,189594058.2607841,189.59405826078407,257.58868408203125,26.429168701171875
2019-04-09 18:45:00,982600973,190217700.6809298,190.21770068092985,188.19403076171875,16.66925048828125
2019-04-09 19:00:00,1044874227,202272925.0449296,202.2729250449296,180.33746337890625,24.4537353515625
2019-04-09 19:15:00,1037894429,200921734.51768664,200.92173451768664,202.00828552246094,15.72247314453125
2019-04-09 19:30:00,1075003539,208105535.2389136,208.1055352389136,198.8822021484375,22.761062622070312
2019-04-09 19:45:00,988798022,191417362.03297192,191.4173620329719,204.9072265625,20.743545532226562
2019-04-09 20:00:00,883187978,170972745.86578253,170.97274586578254,185.699462890625,16.736297607421875
2019-04-09 20:15:00,1162816627,225104911.5351267,225.1049115351267,165.78872680664062,22.480880737304688
2019-04-09 20:30:00,1460555994,282743056.9768324,282.7430569768324,219.9355926513672,19.345077514648438
2019-04-09 20:45:00,1361373247,263542674.9296243,263.5426749296243,268.7025451660156,23.75079345703125
2019-04-09 21:00:00,1553976769,300828002.4477041,300.8280024477041,253.78994750976562,20.38067626953125
2019-04-09 21:15:00,1580538782,305970033.8288566,305.9700338288566,290.97955322265625,21.562042236328125
2019-04-09 21:30:00,1557868481,301581383.04541737,301.5813830454174,296.2344665527344,23.639434814453125
2019-04-09 21:45:00,1902086686,368217176.5025616,368.2171765025616,293.5810852050781,22.1424560546875
2019-04-09 22:00:00,1544537380,299000669.7656176,299.0006697656176,362.25616455078125,21.179901123046875
2019-04-09 22:15:00,1636425090,316788835.45781267,316.7888354578127,283.3211975097656,24.493988037109375
2019-04-09 22:30:00,1573282221,304565265.8852053,304.5652658852053,303.8142395019531,23.3270263671875
2019-04-09 22:45:00,1630105152,315565384.5272323,315.5653845272323,284.5252685546875,20.99615478515625
2019-04-09 23:00:00,1622641279,314120483.9020072,314.1204839020072,306.6387939453125,20.532318115234375
2019-04-09 23:15:00,1423293703,275529602.5727691,275.5296025727691,303.7198486328125,17.59918212890625
2019-04-09 23:30:00,1335463606,258526933.573862,258.52693357386204,260.94219970703125,21.082244873046875
2019-04-09 23:45:00,861280592,166731784.67466268,166.7317846746627,248.2718505859375,17.61273193359375
2019-04-10 00:00:00,771592850,149369501.78335065,149.36950178335064,158.5588836669922,13.268203735351562
2019-04-10 00:15:00,728407920,141009507.9360141,141.00950793601407,141.13026428222656,18.407440185546875
2019-04-10 00:30:00,696986645,134926791.91272843,134.92679191272842,130.96847534179688,16.133071899414062
2019-04-10 00:45:00,652490941,126313050.6915916,126.3130506915916,123.08769226074219,17.971878051757812
2019-04-10 01:00:00,773348540,149709378.62459666,149.70937862459667,117.77338409423828,19.863807678222656
2019-04-10 01:15:00,638577902,123619682.41618273,123.61968241618273,138.24835205078125,10.127700805664062
2019-04-10 01:30:00,689374438,133453175.91555876,133.45317591555877,115.79058837890625,11.986259460449219
2019-04-10 01:45:00,635489416,123021795.05229016,123.02179505229016,125.80699157714844,13.974777221679688
2019-04-10 02:00:00,517011211,100086084.26513644,100.08608426513644,114.14868927001953,16.181663513183594
2019-04-10 02:15:00,411864455,79731154.12567812,79.73115412567812,92.37088012695312,15.786834716796875
2019-04-10 02:30:00,363104203,70291856.51156645,70.29185651156645,72.09521484375,14.020408630371094
2019-04-10 02:45:00,315138955,61006460.46794726,61.00646046794726,64.18708038330078,10.815406799316406
2019-04-10 03:00:00,319560466,61862402.6856591,61.86240268565911,57.50517272949219,10.36673355102539
2019-04-10 03:15:00,200382592,38791245.840466805,38.79124584046681,54.28105163574219,13.704124450683594
2019-04-10 03:30:00,217956208,42193250.23495013,42.193250234950135,30.506296157836914,17.78314971923828
2019-04-10 03:45:00,191469298,37065757.736178994,37.065757736179,30.34947967529297,18.22637939453125
2019-04-10 04:00:00,156389236,30274752.1125926,30.2747521125926,29.39708137512207,16.64086151123047
2019-04-10 04:15:00,185592203,35928034.96945892,35.92803496945892,20.30653953552246,19.08547019958496
2019-04-10 04:30:00,156157093,30229812.49935941,30.22981249935941,23.277870178222656,17.907596588134766
2019-04-10 04:45:00,109114317,21122994.034639627,21.12299403463963,22.528038024902344,17.28887939453125
2019-04-10 05:00:00,112662041,21809783.403339498,21.80978340333949,10.6113920211792,14.861076354980469
2019-04-10 05:15:00,78947456,15283114.883429771,15.283114883429771,10.6041259765625,20.92650604248047
2019-04-10 05:30:00,83768863,16216471.331049472,16.216471331049473,7.786579132080078,14.115748405456543
2019-04-10 05:45:00,117474140,22741337.95333586,22.74133795333585,11.887369155883789,13.631460189819336
2019-04-10 06:00:00,182024233,35237326.260483794,35.23732626048379,15.147892951965332,19.871164321899414
2019-04-10 06:15:00,265892513,51473043.321659975,51.47304332165997,27.46535873413086,17.857681274414062
2019-04-10 06:30:00,360619465,69810846.251917,69.810846251917,51.291805267333984,13.237201690673828
2019-04-10 06:45:00,272279750,52709522.39020264,52.70952239020264,62.80640411376953,16.62445068359375
2019-04-10 07:00:00,330243770,63930539.78138268,63.93053978138268,50.03760528564453,14.418811798095703
2019-04-10 07:15:00,387974598,75106414.48771298,75.10641448771298,56.590248107910156,13.618721008300781
2019-04-10 07:30:00,504640250,97691240.55818497,97.69124055818496,67.2403335571289,16.57196807861328
2019-04-10 07:45:00,572365920,110801975.81946118,110.80197581946118,94.42909240722656,15.182479858398438
2019-04-10 08:00:00,547854302,106056872.01430824,106.05687201430824,102.2411117553711,18.642921447753906
2019-04-10 08:15:00,574191852,111155450.5219941,111.1554505219941,103.5560531616211,12.930473327636719
2019-04-10 08:30:00,542884836,105094853.4308684,105.0948534308684,105.1219711303711,11.753097534179688
2019-04-10 08:45:00,484167526,93728009.71172488,93.72800971172488,99.30754089355469,11.514572143554688
2019-04-10 09:00:00,511889577,99094608.10138418,99.09460810138418,89.87532043457031,18.418792724609375
2019-04-10 09:15:00,527028501,102025290.43652506,102.02529043652508,98.04168701171875,13.802764892578125
2019-04-10 09:30:00,536827397,103922218.6073173,103.9222186073173,105.83316802978516,12.355789184570312
2019-04-10 09:45:00,455194575,88119254.71086732,88.11925471086731,103.45663452148438,12.674140930175781
2019-04-10 10:00:00,452512912,87600122.54646112,87.60012254646112,88.28112030029297,11.992538452148438
2019-04-10 10:15:00,485242924,93936191.60905428,93.93619160905428,86.305908203125,14.082473754882812
2019-04-10 10:30:00,570474629,110435848.53562576,110.43584853562577,96.58611297607422,14.316146850585938
2019-04-10 10:45:00,496868356,96186711.40826732,96.18671140826731,111.8629379272461,10.541519165039062
2019-04-10 11:00:00,535783770,103720187.12784252,103.72018712784254,100.11005401611328,14.514717102050781
2019-04-10 11:15:00,593835054,114958097.59962022,114.95809759962022,103.89614868164062,13.27838134765625
2019-04-10 11:30:00,553717994,107192000.14911535,107.19200014911536,109.74934387207031,17.327659606933594
2019-04-10 11:45:00,582353016,112735336.85797064,112.73533685797064,105.60916137695312,14.110549926757812
2019-04-10 12:00:00,931793535,180382096.7079945,180.3820967079945,106.44782257080078,18.411331176757812
2019-04-10 12:15:00,952497875,184390165.1479148,184.3901651479148,175.9834747314453,29.421646118164062
2019-04-10 12:30:00,1338058064,259029184.0792391,259.0291840792391,180.77757263183594,18.240280151367188
2019-04-10 12:45:00,1473738821,285295066.499842,285.295066499842,252.42434692382812,21.4088134765625
2019-04-10 13:00:00,1123884180,217568138.46679577,217.56813846679577,288.9744567871094,14.13201904296875
2019-04-10 13:15:00,1148868285,222404709.09643927,222.4047090964393,216.6990509033203,18.349029541015625
2019-04-10 13:30:00,1052283765,203707307.1798921,203.70730717989213,220.4252166748047,15.085739135742188
2019-04-10 13:45:00,1087314424,210488749.07890972,210.4887490789098,194.49436950683594,30.398696899414062
2019-04-10 14:00:00,782427051,151466850.41169873,151.46685041169872,207.99630737304688,15.367568969726562
2019-04-10 14:15:00,727734745,140879190.74299836,140.87919074299836,138.3219757080078,32.45281982421875
2019-04-10 14:30:00,942559077,182466153.92154664,182.46615392154663,127.4862289428711,22.150100708007812
2019-04-10 14:45:00,891706987,172621905.95068726,172.62190595068725,180.4195098876953,19.988632202148438
2019-04-10 15:00:00,803778019,155600096.91955873,155.60009691955872,168.61053466796875,17.081741333007812
2019-04-10 15:15:00,842673052,163129627.16476122,163.12962716476122,155.72084045410156,18.493148803710938
2019-04-10 15:30:00,859272770,166343098.63148636,166.34309863148636,161.2747802734375,20.769638061523438
2019-04-10 15:45:00,982334291,190166074.8040512,190.1660748040512,168.15798950195312,19.880401611328125
2019-04-10 16:00:00,766350791,148354713.0367352,148.3547130367352,184.77145385742188,15.925323486328125
2019-04-10 16:15:00,896371494,173524888.7694821,173.52488876948212,146.9755859375,22.894363403320312
2019-04-10 16:30:00,834904998,161625841.38472688,161.62584138472687,167.9715576171875,21.862579345703125
2019-04-10 16:45:00,807073695,156238093.3475445,156.2380933475445,159.7364501953125,28.088302612304688
2019-04-10 17:00:00,812599272,157307767.18337065,157.30776718337066,151.97824096679688,25.570465087890625
2019-04-10 17:15:00,963190730,186460151.18263707,186.46015118263708,149.27577209472656,34.358306884765625
2019-04-10 17:30:00,1062619555,205708170.46269387,205.70817046269383,190.14454650878906,20.417984008789062
2019-04-10 17:45:00,1147451044,222130351.2118672,222.1303512118672,213.92074584960938,15.813186645507812
2019-04-10 18:00:00,1060649932,205326879.20758304,205.32687920758303,226.6754913330078,25.347671508789062
2019-04-10 18:15:00,1024521962,198333013.3632536,198.3330133632536,202.46627807617188,27.232635498046875
2019-04-10 18:30:00,985820143,190840886.6255065,190.84088662550656,193.92393493652344,20.183700561523438
2019-04-10 18:45:00,1045193370,202334706.632081,202.334706632081,184.30340576171875,27.566238403320312
2019-04-10 19:00:00,962403779,186307808.5594545,186.3078085594545,203.9754638671875,27.601547241210938
2019-04-10 19:15:00,1007821741,195100085.9321066,195.10008593210665,177.2130126953125,19.781997680664062
2019-04-10 19:30:00,1126225815,218021446.0023807,218.02144600238069,184.5723876953125,22.280746459960938
2019-04-10 19:45:00,1215074332,235221266.7608021,235.2212667608021,215.04637145996094,25.370361328125
2019-04-10 20:00:00,1265822020,245045303.9757879,245.0453039757879,218.40811157226562,28.674758911132812
2019-04-10 20:15:00,1261034242,244118457.62863827,244.11845762863825,236.36170959472656,31.929779052734375
2019-04-10 20:30:00,1202916432,232867668.66080445,232.86766866080444,234.30372619628906,26.836746215820312
2019-04-10 20:45:00,1160932348,224740141.6756719,224.7401416756719,218.63723754882812,27.830795288085938
2019-04-10 21:00:00,1672694935,323810166.30271274,323.8101663027128,207.3342742919922,44.20426940917969
2019-04-10 21:15:00,1604416619,310592446.56421834,310.59244656421833,321.1722106933594,26.3917236328125
2019-04-10 21:30:00,1801051829,348658252.0609444,348.6582520609444,301.2285461425781,24.590240478515625
2019-04-10 21:45:00,1771338147,342906101.97753066,342.9061019775307,327.5990905761719,38.983795166015625
2019-04-10 22:00:00,1608133229,311311929.8824256,311.3119298824256,323.7709655761719,34.9544677734375
2019-04-10 22:15:00,1655514523,320484280.6612469,320.4842806612469,284.45233154296875,32.459625244140625
2019-04-10 22:30:00,1553743723,300782888.0263968,300.7828880263968,308.3207092285156,31.650909423828125
2019-04-10 22:45:00,1633584346,316238907.45371825,316.23890745371824,276.95648193359375,46.5626220703125
2019-04-10 23:00:00,1749633962,338704477.6363206,338.7044776363206,299.3143310546875,25.91766357421875
2019-04-10 23:15:00,1310018846,253601186.6281809,253.60118662818087,320.9754333496094,24.9454345703125
2019-04-10 23:30:00,1296215221,250928999.361212,250.928999361212,226.62562561035156,35.98512268066406
2019-04-10 23:45:00,859962433,166476607.66893843,166.47660766893844,234.2023162841797,26.09503173828125
2019-04-11 00:00:00,857347073,165970310.83093104,165.97031083093103,153.55072021484375,18.388870239257812
2019-04-11 00:15:00,802967638,155443218.5785727,155.4432185785727,151.4506072998047,24.973739624023438
2019-04-11 00:30:00,733281327,141952930.8508033,141.95293085080328,133.5117645263672,30.073654174804688
2019-04-11 00:45:00,656559421,127100651.0829321,127.1006510829321,129.7998809814453,21.996429443359375
2019-04-11 01:00:00,661478058,128052829.88829967,128.05282988829967,109.17959594726562,18.10973358154297
2019-04-11 01:15:00,551026698,106671003.171666,106.67100317166602,107.29281616210938,23.54840087890625
2019-04-11 01:30:00,463016188,89633408.75850031,89.63340875850031,92.7132797241211,16.680419921875
2019-04-11 01:45:00,455920785,88259838.73246638,88.25983873246639,64.68791961669922,21.204627990722656
2019-04-11 02:00:00,447599583,86648971.29508847,86.64897129508847,77.84490966796875,18.89965057373047
2019-04-11 02:15:00,396253124,76709020.45291926,76.70902045291926,57.955440521240234,30.37126922607422
2019-04-11 02:30:00,386757478,74870797.20845677,74.87079720845676,50.948143005371094,29.8206787109375
2019-04-11 02:45:00,409907058,79352229.65186758,79.35222965186759,56.432918548583984,25.427001953125
2019-04-11 03:00:00,347869420,67342617.22495635,67.34261722495634,61.25204849243164,31.483238220214844
2019-04-11 03:15:00,294221941,56957221.33881929,56.95722133881929,45.21528244018555,25.262496948242188
2019-04-11 03:30:00,264126640,51131195.1951219,51.1311951951219,44.17805480957031,16.05804443359375
2019-04-11 03:45:00,239559105,46375266.64680134,46.375266646801336,38.16321563720703,29.70270538330078
2019-04-11 04:00:00,194190287,37592502.85996802,37.59250285996802,22.229162216186523,33.569522857666016
2019-04-11 04:15:00,180135469,34871688.16823562,34.87168816823562,14.46093463897705,21.830860137939453
2019-04-11 04:30:00,99351887,19233125.1675359,19.233125167535903,21.14166831970215,20.625667572021484
2019-04-11 04:45:00,137068229,26534477.44630632,26.53447744630632,-5.750679969787598,19.8764705657959
2019-04-11 05:00:00,174811253,33840994.98425013,33.84099498425013,15.940887451171875,22.032312393188477
2019-04-11 05:15:00,105458989,20415374.047991574,20.415374047991573,19.25457191467285,21.995258331298828
2019-04-11 05:30:00,134303740,25999311.33555821,25.999311335558208,2.204627513885498,18.691791534423828
2019-04-11 05:45:00,182903608,35407560.86754467,35.407560867544674,8.602607727050781,27.833019256591797
2019-04-11 06:00:00,135429208,26217186.0792564,26.2171860792564,18.23160743713379,23.765090942382812
2019-04-11 06:15:00,196497393,38039126.06776651,38.03912606776651,15.403460502624512,27.9580078125
2019-04-11 06:30:00,278200261,53855649.8826656,53.8556498826656,10.010695457458496,27.910842895507812
2019-04-11 06:45:00,259073168,50152914.23396977,50.15291423396977,28.4702091217041,35.76150894165039
2019-04-11 07:00:00,341454053,66100692.5848468,66.1006925848468,28.067556381225586,37.544952392578125
2019-04-11 07:15:00,343017475,66403349.05090546,66.40334905090546,37.514034271240234,30.43792724609375
2019-04-11 07:30:00,456880606,88445646.55141027,88.44564655141028,31.381790161132812,45.45934295654297
2019-04-11 07:45:00,446120394,86362621.15074302,86.36262115074302,66.61489868164062,26.584136962890625
2019-04-11 08:00:00,411548594,79670007.88747388,79.67000788747389,59.739463806152344,26.11786651611328
2019-04-11 08:15:00,644702637,124805344.7969384,124.8053447969384,54.67108154296875,31.70116424560547
2019-04-11 08:30:00,612509046,118573119.28022066,118.57311928022064,104.73294830322266,28.893447875976562
2019-04-11 08:45:00,695977719,134731478.05781615,134.73147805781616,102.00640869140625,25.228103637695312
2019-04-11 09:00:00,546994965,105890516.48165391,105.89051648165392,122.42669677734375,22.869766235351562
2019-04-11 09:15:00,536046297,103771008.6552772,103.7710086552772,100.59687805175781,16.548866271972656
2019-04-11 09:30:00,492755122,95390447.27324024,95.39044727324024,93.6156234741211,25.842201232910156
2019-04-11 09:45:00,486587330,94196449.66408232,94.19644966408234,87.80125427246094,30.39178466796875
2019-04-11 10:00:00,487952213,94460671.77773018,94.46067177773018,82.63679504394531,20.908958435058594
2019-04-11 10:15:00,546232020,105742821.08175734,105.74282108175734,78.44215393066406,26.96532440185547
2019-04-11 10:30:00,568648477,110082331.24419329,110.08233124419328,97.01579284667969,25.835220336914062
2019-04-11 10:45:00,579619071,112206083.63516918,112.20608363516918,106.8858413696289,17.434356689453125
2019-04-11 11:00:00,622900283,120584716.32081366,120.58471632081364,105.4942855834961,21.95245361328125
2019-04-11 11:15:00,686572127,132910687.99863212,132.9106879986321,106.84977722167969,31.57762908935547
2019-04-11 11:30:00,570592577,110458681.60619704,110.45868160619705,126.79132080078125,24.2882080078125
2019-04-11 11:45:00,621954951,120401713.3680778,120.40171336807782,97.92719268798828,23.630813598632812
2019-04-11 12:00:00,784879412,151941592.94043383,151.94159294043382,107.80360412597656,17.132911682128906
2019-04-11 12:15:00,921219346,178335082.73852476,178.33508273852476,142.42189025878906,32.93916320800781
2019-04-11 12:30:00,1250273596,242035348.21168733,242.0353482116873,166.04579162597656,31.624420166015625
2019-04-11 12:45:00,1212980451,234815920.90804625,234.81592090804625,223.82240295410156,23.106536865234375
2019-04-11 13:00:00,1112208712,215307932.4031348,215.3079324031348,230.93832397460938,23.38018798828125
2019-04-11 13:15:00,1054337090,204104801.9625995,204.10480196259948,212.76319885253906,28.817459106445312
2019-04-11 13:30:00,1052570848,203762882.40286168,203.7628824028617,195.08840942382812,37.93495178222656
2019-04-11 13:45:00,873567553,169110367.1654173,169.1103671654173,182.00962829589844,48.406585693359375
2019-04-11 14:00:00,846133527,163799526.35665205,163.79952635665205,150.88787841796875,38.27606201171875
2019-04-11 14:15:00,772367127,149519390.89874655,149.51939089874654,142.6968536376953,31.125686645507812
2019-04-11 14:30:00,827892501,160268320.79190746,160.26832079190746,120.2469253540039,47.88194274902344
2019-04-11 14:45:00,672677454,130220875.12199312,130.22087512199312,142.10581970214844,42.01744079589844
2019-04-11 15:00:00,689221723,133423612.44375516,133.42361244375516,103.7265853881836,38.95033264160156
2019-04-11 15:15:00,657349954,127253687.13083392,127.25368713083392,100.26824951171875,52.70808410644531
2019-04-11 15:30:00,814619172,157698791.357133,157.698791357133,109.58025360107422,30.99445343017578
2019-04-11 15:45:00,749562883,145104810.6381519,145.10481063815192,156.44485473632812,30.811859130859375
2019-04-11 16:00:00,907521636,175683399.12290698,175.683399122907,135.6280975341797,46.249847412109375
2019-04-11 16:15:00,1031086927,199603898.06789428,199.60389806789428,152.27102661132812,51.61029052734375
2019-04-11 16:30:00,952667461,184422994.60755712,184.42299460755711,181.36651611328125,34.37664794921875
2019-04-11 16:45:00,932834897,180583689.7153897,180.5836897153897,169.9341278076172,47.247344970703125
2019-04-11 17:00:00,1103826175,213685191.37414452,213.68519137414452,162.6162872314453,59.76673889160156
2019-04-11 17:15:00,1049158691,203102336.8948304,203.1023368948304,185.56192016601562,33.59382629394531
2019-04-11 17:30:00,1084860130,210013632.34861627,210.01363234861628,179.79444885253906,39.71485900878906
2019-04-11 17:45:00,1070384674,207211388.06809083,207.21138806809083,206.0770263671875,30.834075927734375
2019-04-11 18:00:00,1192760775,230901676.58820736,230.90167658820727,192.40948486328125,38.962799072265625
2019-04-11 18:15:00,1124668051,217719884.84538445,217.71988484538448,212.9556884765625,58.12034606933594
2019-04-11 18:30:00,1123298065,217454674.86285263,217.45467486285264,195.9899139404297,38.07490539550781
2019-04-11 18:45:00,1002927396,194152609.71559447,194.15260971559448,206.5919189453125,41.653167724609375
2019-04-11 19:00:00,1126967484,218165022.6685177,218.1650226685177,160.35772705078125,51.56730651855469
2019-04-11 19:15:00,1136361102,219983494.7300501,219.98349473005007,204.654052734375,42.93473815917969
2019-04-11 19:30:00,951134567,184126247.93207052,184.12624793207056,184.3943328857422,45.93293762207031
2019-04-11 19:45:00,917508105,177616638.7830527,177.6166387830527,157.30355834960938,47.143463134765625
2019-04-11 20:00:00,1013023028,196106981.7941176,196.1069817941176,135.4129638671875,50.7537841796875
2019-04-11 20:15:00,1078182130,208720865.6609659,208.7208656609659,165.3873748779297,47.04264831542969
2019-04-11 20:30:00,1137928858,220286990.1974301,220.2869901974301,164.9012451171875,46.33740234375
2019-04-11 20:45:00,1127364952,218241966.8718432,218.24196687184312,187.96958923339844,58.787109375
2019-04-11 21:00:00,1394569326,269968967.9951844,269.9689679951844,178.55995178222656,59.61346435546875
2019-04-11 21:15:00,1525842322,295381570.0042981,295.3815700042981,210.04776000976562,68.13845825195312
2019-04-11 21:30:00,1430050530,276837629.0567189,276.83762905671887,248.5476837158203,58.2259521484375
2019-04-11 21:45:00,1688081960,326788877.49499243,326.78887749499245,228.52056884765625,59.239654541015625
2019-04-11 22:00:00,1453700661,281415961.11951727,281.41596111951725,288.3170471191406,51.089569091796875
2019-04-11 22:15:00,1419951745,274882646.6018307,274.88264660183074,233.22271728515625,55.661529541015625
2019-04-11 22:30:00,1391390023,269353499.7399662,269.3534997399662,232.8953094482422,54.38140869140625
2019-04-11 22:45:00,1506595557,291655667.54292715,291.6556675429271,217.62229919433594,61.268951416015625
2019-04-11 23:00:00,1228690357,237857137.311598,237.857137311598,250.2127685546875,42.790191650390625
2019-04-11 23:15:00,1199491033,232204559.6881913,232.20455968819127,198.70179748535156,31.316864013671875
2019-04-11 23:30:00,1256425108,243226194.2422776,243.2261942422776,196.04244995117188,40.29905700683594
2019-04-11 23:45:00,768616066,148793238.3524536,148.7932383524536,217.705322265625,35.2784423828125
2019-04-12 00:00:00,1026105965,198639654.0208664,198.6396540208664,98.40631866455078,53.93235778808594
2019-04-12 00:15:00,1011535663,195819048.8913956,195.8190488913956,178.16378784179688,37.53395080566406
2019-04-12 00:30:00,1013680411,196234241.87848827,196.23424187848823,161.67555236816406,48.044464111328125
2019-04-12 00:45:00,906981772,175578889.06075338,175.57888906075337,146.67408752441406,41.764373779296875
2019-04-12 01:00:00,666198992,128966736.17907476,128.96673617907476,140.22195434570312,34.64924621582031
2019-04-12 01:15:00,542077610,104938585.85341927,104.93858585341928,85.81642150878906,50.66590881347656
2019-04-12 01:30:00,487608141,94394064.2875006,94.39406428750058,68.51741790771484,25.877174377441406
2019-04-12 01:45:00,485116787,93911773.26348972,93.91177326348972,39.75182342529297,35.12744903564453
2019-04-12 02:00:00,499609155,96717291.46887612,96.71729146887613,48.538089752197266,40.363800048828125
2019-04-12 02:15:00,333493486,64559639.00107787,64.55963900107787,48.25289535522461,36.550880432128906
2019-04-12 02:30:00,319964422,61940602.87434981,61.94060287434981,20.07999610900879,34.720794677734375
2019-04-12 02:45:00,300164041,58107528.157430746,58.10752815743074,15.507333755493164,43.52802658081055
2019-04-12 03:00:00,305161946,59075052.13048275,59.075052130482746,12.565936088562012,43.91014862060547
2019-04-12 03:15:00,336964337,65231546.84034082,65.23154684034083,6.25918436050415,29.494632720947266
2019-04-12 03:30:00,292439958,56612254.54331775,56.61225454331775,18.789085388183594,46.473121643066406
2019-04-12 03:45:00,260164097,50364102.71402244,50.36410271402245,11.919039726257324,39.43128204345703
2019-04-12 04:00:00,262525736,50821282.74209312,50.82128274209312,9.553603172302246,30.586700439453125
2019-04-12 04:15:00,140165800,27134123.53816494,27.13412353816494,-0.4679473638534546,43.377723693847656
2019-04-12 04:30:00,162484880,31454782.88572466,31.45478288572466,-12.909852981567383,40.32505416870117
2019-04-12 04:45:00,152581546,29537636.989966143,29.537636989966146,-13.196330070495605,54.78630828857422
2019-04-12 05:00:00,154223327,29855462.65411968,29.85546265411968,-11.526559829711914,45.11346435546875
2019-04-12 05:15:00,118360897,22913001.611563,22.913001611563,-1.6976054906845093,32.22259521484375
2019-04-12 05:30:00,176542182,34176078.4448503,34.176078444850305,-21.393354415893555,46.99528503417969
2019-04-12 05:45:00,146772193,28413028.11976522,28.41302811976522,-16.74252700805664,46.712066650390625
2019-04-12 06:00:00,232484026,45005631.06074342,45.00563106074342,-5.62612247467041,39.02054214477539
2019-04-12 06:15:00,244633145,47357529.28289081,47.35752928289081,-10.859047889709473,58.43495559692383
2019-04-12 06:30:00,247501791,47912858.72096531,47.91285872096531,3.7992472648620605,44.86929702758789
2019-04-12 06:45:00,276634941,53552625.99055526,53.552625990555256,10.954198837280273,45.39376449584961
2019-04-12 07:00:00,308511353,59723450.12284318,59.72345012284318,-4.693704605102539,58.86854553222656
2019-04-12 07:15:00,329353120,63758122.49321919,63.75812249321919,27.091651916503906,42.207332611083984
2019-04-12 07:30:00,461148023,89271758.34235261,89.27175834235261,8.467312812805176,53.62491989135742
2019-04-12 07:45:00,525931661,101812957.6701755,101.81295767017548,35.6992073059082,49.015594482421875
2019-04-12 08:00:00,637827068,123474331.5352071,123.4743315352071,53.559043884277344,41.199867248535156
2019-04-12 08:15:00,495262281,95875797.9225129,95.8757979225129,83.62822723388672,56.50584411621094
2019-04-12 08:30:00,677280526,131111964.99058495,131.11196499058497,48.73280715942383,51.920936584472656
2019-04-12 08:45:00,534543429,103480074.59023742,103.48007459023742,104.64852142333984,34.12336730957031
2019-04-12 09:00:00,550480604,106565287.06931116,106.56528706931115,57.554080963134766,37.918182373046875
2019-04-12 09:15:00,552752293,107005054.04503769,107.00505404503768,75.24121856689453,27.580650329589844
2019-04-12 09:30:00,419102288,81132296.59246108,81.13229659246107,73.69771575927734,31.06322479248047
2019-04-12 09:45:00,565000345,109376104.30173276,109.37610430173277,53.42790222167969,47.797119140625
2019-04-12 10:00:00,511019541,98926181.39310975,98.92618139310976,80.56403350830078,53.560935974121094
2019-04-12 10:15:00,548315448,106146143.38102628,106.14614338102628,80.54216766357422,30.780609130859375
2019-04-12 10:30:00,477437813,92425232.11606036,92.42523211606034,85.66961669921875,43.94794464111328
2019-04-12 10:45:00,572015786,110734194.8114627,110.7341948114627,55.26753616333008,40.15080261230469
2019-04-12 11:00:00,571680837,110669353.40546364,110.66935340546364,75.81678771972656,28.519309997558594
2019-04-12 11:15:00,758421489,146819711.91635194,146.8197119163519,71.98995971679688,46.08177947998047
2019-04-12 11:30:00,811566487,157107834.56230074,157.10783456230075,113.72107696533203,44.677398681640625
2019-04-12 11:45:00,657708259,127323049.92927934,127.32304992927934,106.05525207519531,41.423309326171875
2019-04-12 12:00:00,860206966,166523945.81156066,166.52394581156065,106.50729370117188,31.273658752441406
2019-04-12 12:15:00,966160522,187035061.0608717,187.03506106087167,140.11398315429688,51.174041748046875
2019-04-12 12:30:00,1155821497,223750752.94875595,223.750752948756,157.21670532226562,50.10835266113281
2019-04-12 12:45:00,1098516636,212657339.45051765,212.65733945051767,179.16143798828125,39.242706298828125
2019-04-12 13:00:00,1059437863,205092239.7307436,205.0922397307436,173.61888122558594,43.46241760253906
2019-04-12 13:15:00,1035972359,200549648.8532164,200.5496488532164,158.08889770507812,43.053863525390625
2019-04-12 13:30:00,1095176588,212010753.22866184,212.01075322866183,156.25717163085938,43.56632995605469
2019-04-12 13:45:00,979400962,189598223.64874727,189.5982236487473,168.26161193847656,39.63249206542969
2019-04-12 14:00:00,832057188,161074545.50261283,161.07454550261284,126.74147033691406,59.10353088378906
2019-04-12 14:15:00,897370298,173718243.14784268,173.71824314784268,111.15493774414062,45.19816589355469
2019-04-12 14:30:00,782675327,151514913.14637125,151.51491314637124,134.60202026367188,55.45262145996094
2019-04-12 14:45:00,810558949,156912789.4046275,156.9127894046275,116.53286743164062,48.68536376953125
2019-04-12 15:00:00,741832422,143608302.3331234,143.6083023331234,96.3218994140625,73.00350952148438
2019-04-12 15:15:00,728646642,141055721.15093014,141.05572115093014,105.12972259521484,43.53875732421875
2019-04-12 15:30:00,1002908358,194148924.22709492,194.14892422709497,102.80854034423828,58.23719787597656
2019-04-12 15:45:00,1069239985,206989792.40967217,206.98979240967216,162.43463134765625,36.618743896484375
2019-04-12 16:00:00,1139240473,220540900.37697828,220.54090037697827,157.4690704345703,48.25238037109375
2019-04-12 16:15:00,1069487037,207037618.1951944,207.0376181951944,168.261962890625,74.83535766601562
2019-04-12 16:30:00,1086506964,210332436.2023584,210.3324362023584,164.35903930664062,41.292816162109375
2019-04-12 16:45:00,1000270113,193638197.1756035,193.63819717560352,167.43577575683594,54.81614685058594
2019-04-12 17:00:00,913783724,176895651.1087613,176.8956511087613,132.53012084960938,55.17848205566406
2019-04-12 17:15:00,1109403299,214764843.9827243,214.7648439827243,136.02162170410156,50.17759704589844
2019-04-12 17:30:00,949375053,183785630.8183158,183.7856308183158,175.25048828125,68.30145263671875
2019-04-12 17:45:00,1005494851,194649632.82072195,194.649632820722,149.4272003173828,42.981781005859375
2019-04-12 18:00:00,1247739070,241544699.6968949,241.54469969689487,158.22866821289062,74.2877197265625
2019-04-12 18:15:00,1121617299,217129302.2521106,217.1293022521106,210.01356506347656,43.43714904785156
2019-04-12 18:30:00,1064479908,206068308.5857353,206.06830858573525,175.458251953125,41.686614990234375
2019-04-12 18:45:00,1176716470,227795725.25090545,227.79572525090543,151.41506958007812,71.65565490722656
2019-04-12 19:00:00,832493047,161158921.66249794,161.15892166249793,194.50253295898438,51.530517578125
2019-04-12 19:15:00,919309790,177965419.60809603,177.96541960809603,106.28053283691406,68.25479125976562
2019-04-12 19:30:00,953385013,184561902.56237248,184.56190256237247,123.51219940185547,49.4893798828125
2019-04-12 19:45:00,779035113,150810219.0171232,150.8102190171232,130.951416015625,55.32463073730469
2019-04-12 20:00:00,965090568,186827933.0452205,186.82793304522053,84.57161712646484,59.803466796875
2019-04-12 20:15:00,1015539186,196594074.52296823,196.59407452296827,115.20108795166016,61.545562744140625
2019-04-12 20:30:00,1105494904,214008233.7913228,214.0082337913228,156.08544921875,71.64222717285156
2019-04-12 20:45:00,964013069,186619344.42390028,186.6193444239003,141.6896209716797,80.27310180664062
2019-04-12 21:00:00,1103161961,213556608.9044424,213.5566089044424,119.47554779052734,66.22732543945312
2019-04-12 21:15:00,1279736205,247738894.10064635,247.73889410064635,145.34716796875,64.3668212890625
2019-04-12 21:30:00,1325220403,256543993.8294415,256.5439938294415,164.91360473632812,62.848876953125
2019-04-12 21:45:00,1488090126,288073276.89641434,288.0732768964143,194.62057495117188,56.123077392578125
2019-04-12 22:00:00,1510156443,292345004.88933635,292.34500488933634,211.96624755859375,59.33453369140625
2019-04-12 22:15:00,1481278579,286754657.3916277,286.75465739162775,214.23297119140625,70.60452270507812
2019-04-12 22:30:00,1394845276,270022388.0262501,270.0223880262501,229.76351928710938,54.140960693359375
2019-04-12 22:45:00,1456077876,281876156.44167703,281.87615644167704,197.82574462890625,60.109222412109375
2019-04-12 23:00:00,1158966958,224359669.86970583,224.35966986970587,193.1294708251953,51.046417236328125
2019-04-12 23:15:00,1118203960,216468527.9255371,216.4685279255371,156.17921447753906,47.3704833984375
2019-04-12 23:30:00,985840561,190844839.26255783,190.84483926255783,132.56068420410156,60.329498291015625
2019-04-12 23:45:00,700294791,135567202.3569758,135.5672023569758,133.03472900390625,53.35951232910156
2019-04-13 00:00:00,716080293,138623053.08076113,138.62305308076114,85.19664001464844,48.46546936035156
2019-04-13 00:15:00,733910406,142074711.67965928,142.0747116796593,58.30121994018555,63.990081787109375
2019-04-13 00:30:00,697487407,135023732.3787424,135.0237323787424,84.42791748046875,43.27827453613281
2019-04-13 00:45:00,660142746,127794332.30351084,127.79433230351084,73.51924133300781,56.965484619140625
2019-04-13 01:00:00,725429680,140432962.6440363,140.43296264403628,76.66315460205078,43.75951385498047
2019-04-13 01:15:00,614253320,118910786.14475116,118.91078614475116,86.66780090332031,48.773681640625
2019-04-13 01:30:00,496897455,96192344.5645782,96.1923445645782,85.81632232666016,25.778114318847656
2019-04-13 01:45:00,520152787,100694249.10483724,100.69424910483724,59.810462951660156,42.344032287597656
2019-04-13 02:00:00,462698878,89571982.01431668,89.57198201431667,63.920658111572266,33.010047912597656
2019-04-13 02:15:00,423733361,82028807.06003778,82.02880706003778,36.55168914794922,41.344032287597656
2019-04-13 02:30:00,318095618,61578828.75680746,61.57882875680746,54.9122428894043,37.438072204589844
2019-04-13 02:45:00,362859795,70244542.56718262,70.24454256718262,26.974506378173828,41.3320198059082
2019-04-13 03:00:00,324855481,62887442.967571214,62.88744296757121,42.16471481323242,35.09014892578125
2019-04-13 03:15:00,240135630,46486873.76189532,46.486873761895325,21.959300994873047,38.723876953125
2019-04-13 03:30:00,206867443,40046621.60374566,40.04662160374566,18.95960807800293,34.877342224121094
2019-04-13 03:45:00,193266359,37413643.41998787,37.41364341998787,15.600773811340332,33.47993850708008
2019-04-13 04:00:00,171893456,33276150.60525549,33.27615060525549,19.62010383605957,20.342872619628906
2019-04-13 04:15:00,156212893,30240614.5929759,30.2406145929759,13.899177551269531,24.103515625
2019-04-13 04:30:00,118982198,23033276.729233533,23.03327672923353,10.770064353942871,31.089113235473633
2019-04-13 04:45:00,162271947,31413562.05776697,31.41356205776697,5.929373741149902,21.15987205505371
2019-04-13 05:00:00,164857367,31914062.93371561,31.914062933715616,12.441802978515625,22.746688842773438
2019-04-13 05:15:00,123810954,23968055.83968455,23.96805583968455,10.611173629760742,39.08513641357422
2019-04-13 05:30:00,145685385,28202637.407235727,28.202637407235727,-3.545673370361328,43.922515869140625
2019-04-13 05:45:00,117922456,22828125.61286576,22.82812561286576,4.990986347198486,28.184612274169922
2019-04-13 06:00:00,146636441,28386748.445703834,28.38674844570384,7.847348213195801,22.22833251953125
2019-04-13 06:15:00,161223325,31210563.61668621,31.21056361668621,8.17524528503418,40.517189025878906
2019-04-13 06:30:00,160156613,31004063.20654591,31.00406320654591,9.472164154052734,22.999902725219727
2019-04-13 06:45:00,214763594,41575205.15772249,41.575205157722486,14.001947402954102,26.616043090820312
2019-04-13 07:00:00,260739528,50475498.046134055,50.47549804613406,19.865619659423828,29.093807220458984
2019-04-13 07:15:00,221397375,42859411.67014657,42.85941167014657,30.247663497924805,29.20599365234375
2019-04-13 07:30:00,214908776,41603310.34688788,41.60331034688788,28.414005279541016,22.60224151611328
2019-04-13 07:45:00,243727392,47182188.26677231,47.18218826677231,20.567459106445312,32.59306335449219
2019-04-13 08:00:00,339644831,65750452.70282161,65.75045270282162,19.172582626342773,38.96453857421875
2019-04-13 08:15:00,376504284,72885923.34723833,72.88592334723833,44.87046432495117,33.094398498535156
2019-04-13 08:30:00,677822960,131216972.5685198,131.2169725685198,61.29424285888672,28.3302001953125
2019-04-13 08:45:00,400352373,77502577.28903548,77.50257728903549,121.10372924804688,21.155715942382812
2019-04-13 09:00:00,434790261,84169267.07631232,84.16926707631232,59.0880241394043,31.7247314453125
2019-04-13 09:15:00,588893817,114001543.75275208,114.00154375275208,66.12958526611328,33.462486267089844
2019-04-13 09:30:00,494618341,95751140.2134914,95.7511402134914,93.79981994628906,31.635848999023438
2019-04-13 09:45:00,726140130,140570495.75173938,140.57049575173937,80.75057220458984,32.689109802246094
2019-04-13 10:00:00,477540318,92445075.6394682,92.4450756394682,109.76022338867188,50.0152587890625
2019-04-13 10:15:00,690947401,133757679.38475712,133.75767938475713,77.21576690673828,32.20942687988281
2019-04-13 10:30:00,672510282,130188512.97873048,130.18851297873047,115.65399932861328,32.755401611328125
2019-04-13 10:45:00,635575259,123038413.0473138,123.0384130473138,100.4108657836914,38.6492919921875
2019-04-13 11:00:00,840947607,162795605.3292756,162.79560532927562,97.50727844238281,41.943214416503906
2019-04-13 11:15:00,808310950,156477608.4790403,156.4776084790403,126.16520690917969,44.092010498046875
2019-04-13 11:30:00,754303276,146022483.91709337,146.02248391709335,123.43872833251953,52.95451354980469
2019-04-13 11:45:00,656871730,127161109.7039943,127.1611097039943,122.9976806640625,28.280242919921875
2019-04-13 12:00:00,665675691,128865432.48030056,128.86543248030057,107.76582336425781,34.3079833984375
2019-04-13 12:15:00,691236928,133813727.73168366,133.81372773168366,107.26945495605469,49.31620788574219
2019-04-13 12:30:00,743724006,143974486.33762962,143.97448633762963,92.74939727783203,54.426849365234375
2019-04-13 12:45:00,731847187,141675301.55798703,141.67530155798704,121.75982666015625,38.036529541015625
2019-04-13 13:00:00,741177151,143481451.10218847,143.48145110218846,109.1098861694336,49.77726745605469
2019-04-13 13:15:00,786438562,152243422.40749732,152.24342240749732,104.36026000976562,48.253143310546875
2019-04-13 13:30:00,667715485,129260307.85209888,129.26030785209886,132.2212371826172,43.26664733886719
2019-04-13 13:45:00,890134472,172317489.20797527,172.31748920797526,90.55740356445312,44.1112060546875
2019-04-13 14:00:00,760663126,147253661.24839813,147.25366124839812,138.4914093017578,49.61738586425781
2019-04-13 14:15:00,887538749,171814993.81642574,171.81499381642575,120.82268524169922,42.122650146484375
2019-04-13 14:30:00,840579060,162724259.8239696,162.7242598239696,145.1166229248047,44.531463623046875
2019-04-13 14:45:00,870153513,168449457.13512293,168.4494571351229,131.59609985351562,51.791900634765625
2019-04-13 15:00:00,662781378,128305134.27274838,128.30513427274838,133.43992614746094,47.72254943847656
2019-04-13 15:15:00,676896418,131037607.09497848,131.03760709497848,90.55362701416016,48.6859130859375
2019-04-13 15:30:00,752221298,145619442.31738973,145.61944231738974,87.87291717529297,46.82342529296875
2019-04-13 15:45:00,817267006,158211374.70388773,158.21137470388774,95.72715759277344,64.81114196777344
2019-04-13 16:00:00,658335375,127444450.7489997,127.4444507489997,129.0819549560547,41.98823547363281
2019-04-13 16:15:00,649557821,125745239.9957424,125.7452399957424,94.22977447509766,43.5357666015625
2019-04-13 16:30:00,640083776,123911198.40045927,123.91119840045928,101.92874908447266,48.743263244628906
2019-04-13 16:45:00,637197889,123352531.34776038,123.35253134776038,75.87386322021484,58.250823974609375
2019-04-13 17:00:00,778179555,150644595.04561183,150.64459504561182,94.80699157714844,61.40538024902344
2019-04-13 17:15:00,684656211,132539793.6618342,132.5397936618342,136.49609375,43.68547058105469
2019-04-13 17:30:00,702782341,136048756.98019603,136.04875698019603,98.19271087646484,58.7769775390625
2019-04-13 17:45:00,816062381,157978176.2805408,157.9781762805408,102.53473663330078,66.00857543945312
2019-04-13 18:00:00,746022907,144419521.1730603,144.4195211730603,111.74523162841797,60.75254821777344
2019-04-13 18:15:00,723814648,140120315.2093119,140.1203152093119,109.40141296386719,53.43550109863281
2019-04-13 18:30:00,693470718,134246157.9951168,134.2461579951168,102.50629425048828,76.69732666015625
2019-04-13 18:45:00,643120969,124499156.1624187,124.4991561624187,105.3151626586914,43.92424011230469
2019-04-13 19:00:00,824429943,159598018.36057213,159.59801836057213,90.37908935546875,50.79341125488281
2019-04-13 19:15:00,755869273,146325638.86686283,146.32563886686285,110.56720733642578,92.76028442382812
2019-04-13 19:30:00,630706016,122095796.22424182,122.09579622424182,102.085693359375,60.13401794433594
2019-04-13 19:45:00,708336835,137124028.73969796,137.12402873969796,95.17816162109375,56.118133544921875
2019-04-13 20:00:00,746967760,144602431.39814663,144.60243139814662,113.8493423461914,51.48756408691406
2019-04-13 20:15:00,777916044,150593583.02964455,150.59358302964455,119.11419677734375,41.89051818847656
2019-04-13 20:30:00,975628842,188867994.3768366,188.8679943768366,129.41647338867188,45.867828369140625
2019-04-13 20:45:00,1019615642,197383218.95550385,197.38321895550385,144.56317138671875,62.342742919921875
2019-04-13 21:00:00,1061620611,205514788.98230627,205.51478898230627,146.25668334960938,62.95294189453125
2019-04-13 21:15:00,955533266,184977774.06806955,184.97777406806955,174.79507446289062,45.53021240234375
2019-04-13 21:30:00,1005114493,194576000.8722672,194.57600087226712,153.25808715820312,55.686614990234375
2019-04-13 21:45:00,1125519968,217884803.97060803,217.88480397060803,175.0242919921875,33.860443115234375
2019-04-13 22:00:00,1145847889,221820002.9969615,221.8200029969615,208.76976013183594,28.778961181640625
2019-04-13 22:15:00,1232194341,238535459.2327211,238.53545923272108,185.518798828125,38.47380065917969
2019-04-13 22:30:00,1293752287,250452210.04868108,250.45221004868108,207.67225646972656,39.25672912597656
2019-04-13 22:45:00,1102095848,213350224.4522605,213.35022445226048,222.75245666503906,43.83428955078125
2019-04-13 23:00:00,1169260341,226352323.7549449,226.35232375494496,178.65536499023438,61.02973937988281
2019-04-13 23:15:00,1129193594,218595966.1921843,218.5959661921843,182.7088165283203,59.73054504394531
2019-04-13 23:30:00,844446063,163472857.10750422,163.4728571075042,194.4002227783203,59.505218505859375
2019-04-13 23:45:00,647841215,125412929.2660897,125.41292926608968,135.58164978027344,36.95573425292969
2019-04-14 00:00:00,735893918,142458691.64943388,142.4586916494339,95.1640853881836,47.15216827392578
2019-04-14 00:15:00,752599496,145692656.1202852,145.69265612028522,115.07261657714844,36.22724914550781
2019-04-14 00:30:00,747169620,144641508.64935493,144.64150864935493,115.33245086669922,39.83302307128906
2019-04-14 00:45:00,703093482,136108989.49291873,136.10898949291874,122.08544158935547,29.920761108398438
2019-04-14 01:00:00,751389220,145458363.7429772,145.4583637429772,104.74185943603516,41.59989929199219
2019-04-14 01:15:00,615033996,119061914.01636665,119.06191401636664,119.546630859375,32.784393310546875
2019-04-14 01:30:00,541948319,104913556.9379037,104.9135569379037,92.74491882324219,34.47294616699219
2019-04-14 01:45:00,411862571,79730789.40982914,79.73078940982914,87.857177734375,22.006919860839844
2019-04-14 02:00:00,508176613,98375830.5973942,98.3758305973942,45.0951042175293,29.78870391845703
2019-04-14 02:15:00,477897958,92514309.7032854,92.5143097032854,79.57279205322266,33.29547119140625
2019-04-14 02:30:00,396486961,76754288.00067909,76.7542880006791,74.44134521484375,28.073402404785156
2019-04-14 02:45:00,457151416,88498071.55091351,88.49807155091351,67.29144287109375,14.918296813964844
2019-04-14 03:00:00,474836119,91921580.82305948,91.92158082305949,70.94795989990234,21.796363830566406
2019-04-14 03:15:00,379852326,73534057.09483556,73.53405709483556,75.52440643310547,24.492713928222656
2019-04-14 03:30:00,360311170,69751164.68468592,69.75116468468592,63.57855987548828,15.931739807128906
2019-04-14 03:45:00,362475828,70170211.96718904,70.17021196718905,58.270721435546875,24.02935028076172
2019-04-14 04:00:00,313449678,60679440.24754984,60.67944024754984,61.734825134277344,12.28143310546875
2019-04-14 04:15:00,278002634,53817392.08060207,53.81739208060206,47.022457122802734,26.382293701171875
2019-04-14 04:30:00,296482795,57394890.811242335,57.394890811242334,45.059608459472656,18.213809967041016
2019-04-14 04:45:00,261583309,50638842.15641742,50.63884215641743,45.39984130859375,27.37641143798828
2019-04-14 05:00:00,179518720,34752294.25361423,34.75229425361423,39.41444396972656,14.298419952392578
2019-04-14 05:15:00,146694051,28397900.92981218,28.39790092981218,24.30118179321289,15.628131866455078
2019-04-14 05:30:00,124360109,24074364.50850106,24.07436450850106,22.50972557067871,13.396963119506836
2019-04-14 05:45:00,174760722,33831212.894778185,33.83121289477818,14.993162155151367,17.545364379882812
2019-04-14 06:00:00,152236918,29470921.8659722,29.4709218659722,21.84406280517578,16.84897232055664
2019-04-14 06:15:00,140220134,27144641.83484161,27.144641834841607,22.99541473388672,19.519886016845703
2019-04-14 06:30:00,172908594,33472667.015822727,33.47266701582273,21.10173225402832,14.780157089233398
2019-04-14 06:45:00,205255545,39734580.86725416,39.73458086725416,28.667736053466797,15.330635070800781
2019-04-14 07:00:00,206215134,39920343.7742676,39.9203437742676,34.1473503112793,30.20549774169922
2019-04-14 07:15:00,154456097,29900523.645716622,29.900523645716625,29.115943908691406,19.137065887451172
2019-04-14 07:30:00,208647582,40391231.4268345,40.3912314268345,20.15510368347168,14.720769882202148
2019-04-14 07:45:00,218710755,42339319.90039885,42.33931990039885,33.21038818359375,25.27664566040039
2019-04-14 08:00:00,233984221,45296047.67065352,45.29604767065352,32.24034118652344,26.244304656982422
2019-04-14 08:15:00,235835430,45654415.644160345,45.654415644160345,35.915531158447266,22.64028549194336
2019-04-14 08:30:00,335524253,64952766.87289274,64.95276687289274,41.19178771972656,19.69339370727539
2019-04-14 08:45:00,434345173,84083104.31209056,84.08310431209055,57.293251037597656,19.580963134765625
2019-04-14 09:00:00,415527628,80440292.79376742,80.44029279376743,73.22441101074219,22.087928771972656
2019-04-14 09:15:00,386442425,74809807.38766547,74.80980738766547,71.26732635498047,22.702789306640625
2019-04-14 09:30:00,472374488,91445043.75296552,91.4450437529655,78.46754455566406,13.67913818359375
2019-04-14 09:45:00,538542445,104254227.73012674,104.25422773012674,87.78044891357422,23.845840454101562
2019-04-14 10:00:00,560334849,108472930.02647576,108.47293002647577,94.06282806396484,24.326904296875
2019-04-14 10:15:00,550743118,106616106.08012904,106.61610608012904,101.2054214477539,21.274459838867188
2019-04-14 10:30:00,661945431,128143306.71446128,128.1433067144613,91.60569763183594,33.087310791015625
2019-04-14 10:45:00,851159003,164772387.68674886,164.77238768674886,114.96724700927734,34.041351318359375
2019-04-14 11:00:00,608414045,117780384.79703782,117.78038479703784,157.16102600097656,22.450973510742188
2019-04-14 11:15:00,572109507,110752337.87626256,110.75233787626254,100.26646423339844,34.91900634765625
2019-04-14 11:30:00,562434458,108879384.7393076,108.8793847393076,101.3885269165039,28.54401397705078
2019-04-14 11:45:00,624032464,120803890.60670625,120.80389060670625,99.96892547607422,21.2613525390625
2019-04-14 12:00:00,909613712,176088395.5531006,176.08839555310058,112.96713256835938,36.04624938964844
2019-04-14 12:15:00,760873695,147294424.43927142,147.2944244392714,156.0843505859375,37.13667297363281
2019-04-14 12:30:00,636629523,123242503.70008248,123.24250370008248,128.5817108154297,45.60261535644531
2019-04-14 12:45:00,700144428,135538094.1992257,135.5380941992257,111.95003509521484,31.712387084960938
2019-04-14 13:00:00,752663032,145704955.79447904,145.70495579447905,124.93658447265625,24.540695190429688
2019-04-14 13:15:00,834496793,161546818.6495169,161.54681864951692,130.82156372070312,29.910568237304688
2019-04-14 13:30:00,978822863,189486311.8294356,189.48631182943555,133.34413146972656,45.30511474609375
2019-04-14 13:45:00,820206672,158780452.61308485,158.78045261308486,181.72103881835938,42.50006103515625
2019-04-14 14:00:00,847873363,164136334.08692682,164.1363340869268,150.55624389648438,36.47688293457031
2019-04-14 14:15:00,1009628545,195449857.72340843,195.44985772340843,153.53123474121094,34.71757507324219
2019-04-14 14:30:00,1053693043,203980123.539886,203.980123539886,184.59083557128906,30.760147094726562
2019-04-14 14:45:00,1043005817,201911227.20023468,201.9112272002347,187.11602783203125,40.02256774902344
2019-04-14 15:00:00,973454092,188446993.4253589,188.44699342535893,190.73252868652344,44.16839599609375
2019-04-14 15:15:00,1049488336,203166151.5211782,203.1661515211782,174.08067321777344,39.690399169921875
2019-04-14 15:30:00,863233022,167109747.60727262,167.10974760727262,185.23838806152344,31.289764404296875
2019-04-14 15:45:00,1006637642,194870861.05308893,194.87086105308893,158.7046356201172,44.36700439453125
2019-04-14 16:00:00,1226295287,237393485.5130669,237.39348551306688,176.2163848876953,48.66590881347656
2019-04-14 16:15:00,1026726550,198759790.5310274,198.75979053102745,233.9504852294922,29.849807739257812
2019-04-14 16:30:00,1139844540,220657839.2351257,220.6578392351257,177.6425018310547,52.710723876953125
2019-04-14 16:45:00,781367514,151261738.9804419,151.2617389804419,213.5189971923828,34.50225830078125
2019-04-14 17:00:00,1291573794,250030484.50515315,250.0304845051532,142.46353149414062,43.57745361328125
2019-04-14 17:15:00,956852680,185233194.0241072,185.2331940241072,232.296142578125,51.308624267578125
2019-04-14 17:30:00,955356080,184943473.35553315,184.9434733555332,179.49574279785156,33.6318359375
2019-04-14 17:45:00,941116288,182186850.3042198,182.1868503042198,146.43824768066406,67.78364562988281
2019-04-14 18:00:00,820963660,158926994.82173282,158.92699482173282,174.28675842285156,27.203506469726562
2019-04-14 18:15:00,847320623,164029331.41263333,164.02933141263333,136.06509399414062,51.1588134765625
2019-04-14 18:30:00,1092523960,211497241.83106843,211.49724183106844,155.0422821044922,40.72259521484375
2019-04-14 18:45:00,915237651,177177110.88592145,177.17711088592145,199.40106201171875,41.11236572265625
2019-04-14 19:00:00,1034262922,200218725.9409317,200.21872594093173,174.3968505859375,32.904205322265625
2019-04-14 19:15:00,1069179149,206978015.4174275,206.9780154174275,192.1400909423828,30.208938598632812
2019-04-14 19:30:00,1072273000,207576941.3697117,207.5769413697117,182.6734161376953,35.595367431640625
2019-04-14 19:45:00,1125584056,217897210.5042226,217.8972105042226,189.83091735839844,44.609466552734375
2019-04-14 20:00:00,1019974091,197452609.63031983,197.45260963031987,206.96292114257812,28.40802001953125
2019-04-14 20:15:00,1162256874,224996551.2428667,224.9965512428667,175.76150512695312,38.81221008300781
2019-04-14 20:30:00,1226966798,237523480.5791332,237.5234805791332,195.97726440429688,33.70220947265625
2019-04-14 20:45:00,1545627883,299211775.77807385,299.21177577807384,212.79029846191406,61.02839660644531
2019-04-14 21:00:00,1703847170,329840799.97355074,329.8407999735508,285.5453796386719,41.96832275390625
2019-04-14 21:15:00,1864645464,360969083.578554,360.969083578554,314.40087890625,28.79046630859375
2019-04-14 21:30:00,1909046244,369564448.8510448,369.5644488510448,360.1506042480469,37.66998291015625
2019-04-14 21:45:00,1757521241,340231343.6961296,340.2313436961296,350.399658203125,36.390380859375
2019-04-14 22:00:00,1812710177,350915143.9338757,350.9151439338757,323.2873840332031,46.837554931640625
2019-04-14 22:15:00,1779674476,344519897.78892535,344.51989778892533,341.004638671875,27.3135986328125
2019-04-14 22:30:00,1705906561,330239469.0483706,330.2394690483706,333.2329406738281,19.954742431640625
2019-04-14 22:45:00,1756581552,340049433.1486675,340.0494331486675,304.06072998046875,29.51177978515625
2019-04-14 23:00:00,1722357172,333424075.50124496,333.42407550124494,328.5279541015625,33.313232421875
2019-04-14 23:15:00,1675748538,324401300.8094078,324.40130080940776,317.3493957519531,28.266357421875
2019-04-14 23:30:00,1163717189,225279247.6468014,225.27924764680145,302.6116027832031,25.08746337890625
2019-04-14 23:45:00,837517710,162131625.60725227,162.13162560725226,212.10604858398438,18.985260009765625
2019-04-15 00:00:00,825478356,159800976.3421983,159.8009763421983,157.55662536621094,15.818450927734375
2019-04-15 00:15:00,805569080,155946821.087925,155.94682108792497,146.54100036621094,22.28851318359375
2019-04-15 00:30:00,788816745,152703805.12081516,152.70380512081516,135.61459350585938,22.525161743164062
2019-04-15 00:45:00,690275524,133627613.4662488,133.62761346624882,133.73301696777344,25.227706909179688
2019-04-15 01:00:00,701223242,135746937.38601378,135.74693738601377,119.18791198730469,17.477325439453125
2019-04-15 01:15:00,683601099,132335538.84821634,132.33553884821634,131.01266479492188,13.8157958984375
2019-04-15 01:30:00,688853461,133352322.11043268,133.35232211043268,118.19981384277344,17.907379150390625
2019-04-15 01:45:00,513483006,99403073.49975736,99.40307349975735,122.07403564453125,21.094711303710938
2019-04-15 02:00:00,437325826,84660116.72686222,84.66011672686223,85.25894927978516,17.313087463378906
2019-04-15 02:15:00,488443738,94555824.0907202,94.5558240907202,80.36311340332031,10.481307983398438
2019-04-15 02:30:00,427387952,82736284.37387228,82.73628437387228,80.38057708740234,13.771812438964844
2019-04-15 02:45:00,431750639,83580839.09418456,83.58083909418457,74.23375701904297,10.306655883789062
2019-04-15 03:00:00,316037449,61180396.24396609,61.180396243966086,74.01053619384766,12.562339782714844
2019-04-15 03:15:00,437585266,84710340.65460166,84.71034065460167,47.93424606323242,16.285751342773438
2019-04-15 03:30:00,206912639,40055370.9124032,40.055370912403205,74.10093688964844,15.32843017578125
2019-04-15 03:45:00,162883121,31531876.730956253,31.53187673095625,30.830730438232422,12.230892181396484
2019-04-15 04:00:00,148584821,28763927.355390005,28.76392735539001,23.395936965942383,12.780014038085938
2019-04-15 04:15:00,136226987,26371624.85064109,26.37162485064109,20.776823043823242,12.373332977294922
2019-04-15 04:30:00,125104913,24218548.066456847,24.218548066456847,17.5903263092041,10.766059875488281
2019-04-15 04:45:00,123056977,23822096.51820288,23.822096518202883,16.16472053527832,12.169677734375
2019-04-15 05:00:00,119625815,23157871.91000704,23.15787191000704,17.444805145263672,9.066381454467773
2019-04-15 05:15:00,171470982,33194365.592737008,33.19436559273701,17.400388717651367,15.66897964477539
2019-04-15 05:30:00,234799942,45453959.76038351,45.45395976038351,21.928569793701172,19.137451171875
2019-04-15 05:45:00,139854635,27073886.379380465,27.073886379380465,36.38859939575195,11.189018249511719
2019-04-15 06:00:00,69914531,13534467.903489027,13.534467903489029,18.24869728088379,11.106609344482422
2019-04-15 06:15:00,76657941,14839897.045323176,14.839897045323177,0.8101755976676941,17.76180648803711
2019-04-15 06:30:00,185170691,35846436.18658308,35.84643618658308,8.812750816345215,15.329935073852539
2019-04-15 06:45:00,188318769,36455859.72185188,36.45585972185188,28.78054428100586,13.795589447021484
2019-04-15 07:00:00,236503294,45783704.70242344,45.78370470242344,26.43240737915039,18.262298583984375
2019-04-15 07:15:00,353466350,68426103.9960122,68.4261039960122,42.028472900390625,9.821998596191406
2019-04-15 07:30:00,267477695,51779912.21705725,51.77991221705725,63.187862396240234,12.347328186035156
2019-04-15 07:45:00,269003063,52075201.96500692,52.07520196500692,40.455345153808594,15.767047882080078
2019-04-15 08:00:00,464331659,89888065.40530626,89.88806540530626,47.775306701660156,12.561836242675781
2019-04-15 08:15:00,478052868,92544298.0961551,92.5442980961551,85.48810577392578,10.458358764648438
2019-04-15 08:30:00,472409271,91451777.25157236,91.45177725157237,89.87271881103516,13.815414428710938
2019-04-15 08:45:00,424394053,82156707.7201751,82.1567077201751,85.46723937988281,14.107261657714844
2019-04-15 09:00:00,414680829,80276364.44121641,80.27636444121642,75.65742492675781,12.5389404296875
2019-04-15 09:15:00,533635991,103304407.38186544,103.30440738186545,75.21092987060547,16.469322204589844
2019-04-15 09:30:00,451248107,87355274.12322459,87.35527412322459,100.91770935058594,9.38177490234375
2019-04-15 09:45:00,500533218,96896177.04295371,96.89617704295372,83.51660919189453,12.615287780761719
2019-04-15 10:00:00,661468073,128050896.93301722,128.0508969330172,93.8721923828125,15.943595886230469
2019-04-15 10:15:00,604861449,117092652.27779852,117.09265227779854,122.76176452636719,10.733840942382812
2019-04-15 10:30:00,657912397,127362568.16918404,127.36256816918404,117.79560852050781,12.960411071777344
2019-04-15 10:45:00,697832024,135090445.37329134,135.09044537329137,123.91983795166016,8.206581115722656
2019-04-15 11:00:00,586390251,113516888.65764365,113.51688865764363,127.88488006591797,16.479949951171875
2019-04-15 11:15:00,647725374,125390504.08102468,125.39050408102467,109.58859252929688,11.691574096679688
2019-04-15 11:30:00,647070834,125263794.36138786,125.26379436138788,115.385498046875,20.411117553710938
2019-04-15 11:45:00,745042163,144229662.95618203,144.22966295618204,124.67365264892578,13.0970458984375
2019-04-15 12:00:00,946666082,183261212.2099584,183.2612122099584,142.935546875,14.082473754882812
2019-04-15 12:15:00,1013961217,196288601.96271893,196.28860196271893,176.4334259033203,17.284652709960938
2019-04-15 12:30:00,995903662,192792913.7979369,192.79291379793688,191.35733032226562,15.683303833007812
2019-04-15 12:45:00,1210601652,234355418.94580963,234.35541894580965,188.64486694335938,14.800155639648438
2019-04-15 13:00:00,1138982578,220490975.5394653,220.4909755394653,222.8253173828125,23.257888793945312
2019-04-15 13:15:00,1089846620,210978946.53853863,210.97894653853865,211.99603271484375,23.653335571289062
2019-04-15 13:30:00,987413232,191149286.2046713,191.1492862046713,203.76963806152344,15.653167724609375
2019-04-15 13:45:00,748072480,144816289.6214442,144.81628962144418,185.13125610351562,17.88665771484375
2019-04-15 14:00:00,555089525,107457509.22187364,107.45750922187364,136.95635986328125,17.642120361328125
2019-04-15 14:15:00,715113740,138435942.0414906,138.43594204149062,97.76204681396484,23.16326141357422
2019-04-15 14:30:00,705285397,136533313.34649184,136.53331334649184,132.8142852783203,22.244659423828125
2019-04-15 14:45:00,733047258,141907618.391113,141.907618391113,128.1773681640625,23.524765014648438
2019-04-15 15:00:00,642589632,124396296.80729498,124.39629680729496,130.79055786132812,19.765777587890625
2019-04-15 15:15:00,646044272,125065066.42541786,125.06506642541784,119.22517395019531,21.50318145751953
2019-04-15 15:30:00,653897004,126585244.67289406,126.58524467289406,120.20577239990234,17.380455017089844
2019-04-15 15:45:00,699205084,135356250.4389016,135.3562504389016,117.97177124023438,24.389572143554688
2019-04-15 16:00:00,666106608,128948851.93863273,128.9488519386327,135.95574951171875,18.293609619140625
2019-04-15 16:15:00,651761124,126171768.4056256,126.1717684056256,113.79650115966797,31.960861206054688
2019-04-15 16:30:00,679219432,131487309.8673872,131.4873098673872,116.57108306884766,29.447708129882812
2019-04-15 16:45:00,664899268,128715127.929548,128.715127929548,123.04342651367188,16.025527954101562
2019-04-15 17:00:00,705845108,136641665.50814375,136.64166550814377,120.78294372558594,18.169601440429688
2019-04-15 17:15:00,739067092,143072973.4166274,143.0729734166274,128.46871948242188,24.6016845703125
2019-04-15 17:30:00,890061656,172303393.0565635,172.3033930565635,136.61376953125,22.384811401367188
2019-04-15 17:45:00,911276196,176410229.02628893,176.41022902628893,166.75621032714844,21.521377563476562
2019-04-15 18:00:00,746393413,144491245.91315833,144.49124591315834,174.6673126220703,19.057418823242188
2019-04-15 18:15:00,765510772,148192097.19663438,148.1920971966344,145.33839416503906,16.080886840820312
2019-04-15 18:30:00,887873045,171879708.81082746,171.87970881082745,135.3930206298828,30.399261474609375
2019-04-15 18:45:00,842470559,163090427.3736737,163.09042737367372,164.93673706054688,18.798431396484375
2019-04-15 19:00:00,715522035,138514982.19943222,138.5149821994322,156.6044921875,14.78912353515625
2019-04-15 19:15:00,748216209,144844113.53028655,144.84411353028656,127.2691879272461,19.111038208007812
2019-04-15 19:30:00,791542393,153231452.16134536,153.23145216134537,143.1976318359375,19.9283447265625
2019-04-15 19:45:00,848232877,164205930.93073395,164.20593093073396,143.1297149658203,28.676895141601562
2019-04-15 20:00:00,846672008,163903768.68949613,163.90376868949613,160.49365234375,34.55430603027344
2019-04-15 20:15:00,926516818,179360598.66101062,179.3605986610106,159.8057861328125,20.82000732421875
2019-04-15 20:30:00,849112340,164376182.57335463,164.37618257335464,171.94229125976562,24.841629028320312
2019-04-15 20:45:00,1088170673,210654506.81828296,210.65450681828293,133.41354370117188,33.931793212890625
2019-04-15 21:00:00,1152528332,223113242.61498296,223.11324261498297,188.88401794433594,24.900283813476562
2019-04-15 21:15:00,1094191525,211820058.9142508,211.8200589142508,216.97567749023438,30.324600219726562
2019-04-15 21:30:00,1211949156,234616276.72997788,234.61627672997787,201.0798797607422,23.577056884765625
2019-04-15 21:45:00,1359107249,263104009.6512951,263.1040096512951,220.92852783203125,19.5755615234375
2019-04-15 22:00:00,1362444517,263750057.7043292,263.7500577043292,249.08206176757812,28.1982421875
2019-04-15 22:15:00,1411046651,273158745.9019812,273.15874590198115,250.17919921875,27.837493896484375
2019-04-15 22:30:00,1221191236,236405413.1703193,236.4054131703193,252.68746948242188,23.888580322265625
2019-04-15 22:45:00,1348142835,260981453.62122512,260.9814536212251,229.61038208007812,16.974197387695312
2019-04-15 23:00:00,1067378426,206629420.8220268,206.6294208220268,242.2728729248047,27.8560791015625
2019-04-15 23:15:00,1164707866,225471028.75249496,225.47102875249496,190.9373779296875,22.520675659179688
2019-04-15 23:30:00,1132542108,219244191.31232968,219.2441913123297,206.87460327148438,26.190292358398438
2019-04-15 23:45:00,779390694,150879054.48755765,150.87905448755765,203.22776794433594,18.899978637695312
2019-04-16 00:00:00,835327552,161707641.88411793,161.70764188411792,138.29469299316406,19.46124267578125
2019-04-16 00:15:00,797453934,154375843.1882216,154.3758431882216,152.31918334960938,14.9879150390625
2019-04-16 00:30:00,753209562,145810756.30028942,145.81075630028943,142.04751586914062,17.163497924804688
2019-04-16 00:45:00,736431623,142562783.75961405,142.56278375961406,132.26722717285156,16.92742919921875
2019-04-16 01:00:00,730475484,141409759.18845272,141.4097591884527,130.4868621826172,15.89434814453125
2019-04-16 01:15:00,655029949,126804566.85841969,126.80456685841968,131.22402954101562,15.429046630859375
2019-04-16 01:30:00,501138376,97013327.10332586,97.01332710332586,114.41053009033203,13.769424438476562
2019-04-16 01:45:00,452542757,87605900.11785868,87.60590011785868,87.41548156738281,11.983161926269531
2019-04-16 02:00:00,461408130,89322111.39189209,89.3221113918921,76.24149322509766,16.068817138671875
2019-04-16 02:15:00,325505048,63013189.984492,63.013189984492,78.85895538330078,13.88604736328125
2019-04-16 02:30:00,278188031,53853282.3270217,53.8532823270217,60.47513961791992,14.539657592773438
2019-04-16 02:45:00,240058125,46471869.88616511,46.47186988616511,44.75765609741211,9.365947723388672
2019-04-16 03:00:00,282892713,54764042.45963451,54.76404245963451,40.69279861450195,10.898582458496094
2019-04-16 03:15:00,195476772,37841548.225670606,37.84154822567061,49.72880554199219,8.865795135498047
2019-04-16 03:30:00,183756705,35572708.424138635,35.57270842413863,28.715131759643555,14.011627197265625
2019-04-16 03:45:00,162986679,31551924.100324284,31.551924100324285,29.493671417236328,10.17660903930664
2019-04-16 04:00:00,161625538,31288426.385140825,31.288426385140824,28.896839141845703,8.719137191772461
2019-04-16 04:15:00,153752343,29764286.78924752,29.76428678924752,24.365272521972656,14.62844467163086
2019-04-16 04:30:00,150056108,29048747.7838975,29.0487477838975,19.13637351989746,12.947317123413086
2019-04-16 04:45:00,105087766,20343510.50679816,20.34351050679816,22.81976890563965,9.654308319091797
2019-04-16 05:00:00,189734468,36729919.0969552,36.72991909695519,18.972192764282227,8.541418075561523
2019-04-16 05:15:00,72420336,14019556.437443469,14.01955643744347,30.776750564575195,10.282295227050781
2019-04-16 05:30:00,54378686,10526947.25651393,10.526947256513932,12.431509971618652,8.517587661743164
2019-04-16 05:45:00,45046692,8720404.732921056,8.720404732921056,7.82858943939209,9.296367645263672
2019-04-16 06:00:00,119698847,23172009.875974767,23.17200987597477,5.517136573791504,8.179823875427246
2019-04-16 06:15:00,243329694,47105199.53868827,47.10519953868828,18.39743423461914,9.696008682250977
2019-04-16 06:30:00,120360219,23300042.17452893,23.30004217452893,48.4328727722168,8.308013916015625
2019-04-16 06:45:00,170811014,33066605.08879642,33.066605088796415,21.654443740844727,9.672708511352539
2019-04-16 07:00:00,411679444,79695338.60341863,79.69533860341863,30.07594871520996,11.981971740722656
2019-04-16 07:15:00,210865092,40820510.11169997,40.82051011169997,75.21786499023438,11.380172729492188
2019-04-16 07:30:00,248795561,48163314.36000116,48.16331436000116,39.23021697998047,9.570663452148438
2019-04-16 07:45:00,316216839,61215123.61984174,61.21512361984174,46.28800964355469,8.990501403808594
2019-04-16 08:00:00,479768047,92876332.57871836,92.87633257871836,59.76420974731445,11.105602264404297
2019-04-16 08:15:00,351981856,68138726.87842956,68.13872687842957,91.77876281738281,7.1234893798828125
2019-04-16 08:30:00,365366544,70729813.84623337,70.72981384623337,66.70880126953125,10.51324462890625
2019-04-16 08:45:00,404120484,78232030.47504461,78.23203047504461,69.20086669921875,9.833984375
2019-04-16 09:00:00,423218678,81929171.68461101,81.929171684611,75.73857879638672,10.469253540039062
2019-04-16 09:15:00,391539768,75796581.15614823,75.79658115614822,82.8958740234375,9.442604064941406
2019-04-16 09:30:00,328375097,63568791.02359417,63.56879102359417,76.8924331665039,7.517127990722656
2019-04-16 09:45:00,512814227,99273607.31038928,99.27360731038928,63.24959945678711,9.168445587158203
2019-04-16 10:00:00,566823297,109729002.1182625,109.7290021182625,99.12208557128906,15.724990844726562
2019-04-16 10:15:00,446963479,86525830.52523506,86.52583052523505,114.45980834960938,8.939338684082031
2019-04-16 10:30:00,427837228,82823257.875873,82.823257875873,84.54134368896484,8.755271911621094
2019-04-16 10:45:00,499623418,96720052.58466916,96.72005258466916,86.58967590332031,11.791961669921875
2019-04-16 11:00:00,456317773,88336690.01455638,88.33669001455638,99.10242462158203,14.9888916015625
2019-04-16 11:15:00,516042109,99898479.7753887,99.89847977538872,85.03102111816406,12.317337036132812
2019-04-16 11:30:00,642510163,124380912.7288432,124.3809127288432,100.27308654785156,11.679214477539062
2019-04-16 11:45:00,595845499,115347291.4186309,115.3472914186309,127.38969421386719,9.847175598144531
2019-04-16 12:00:00,741059541,143458683.4636538,143.4586834636538,117.58283233642578,13.964065551757812
2019-04-16 12:15:00,842273306,163052241.97273943,163.05224197273944,137.88743591308594,16.384597778320312
2019-04-16 12:30:00,1007583370,195053940.665844,195.053940665844,159.67947387695312,17.040069580078125
2019-04-16 12:45:00,1109965960,214873767.22280216,214.87376722280217,195.41519165039062,17.526763916015625
2019-04-16 13:00:00,1198934878,232096895.91802505,232.096895918025,211.7404022216797,12.871292114257812
2019-04-16 13:15:00,1027717418,198951608.6116292,198.9516086116292,233.7108612060547,11.633224487304688
2019-04-16 13:30:00,865946979,167635131.4349629,167.6351314349629,195.00550842285156,13.145065307617188
2019-04-16 13:45:00,767670154,148610123.1198916,148.61012311989165,164.11343383789062,19.5152587890625
2019-04-16 14:00:00,802955190,155440808.82120106,155.44080882120105,144.13771057128906,15.88470458984375
2019-04-16 14:15:00,714898131,138394203.1776455,138.3942031776455,153.82293701171875,16.277145385742188
2019-04-16 14:30:00,759504274,147029323.83277714,147.02932383277715,133.9365692138672,16.68292236328125
2019-04-16 14:45:00,745679069,144352958.98193297,144.35295898193297,141.1613311767578,15.091506958007812
2019-04-16 15:00:00,768444267,148759980.48719877,148.75998048719876,144.5623321533203,14.65533447265625
2019-04-16 15:15:00,719355852,139257155.14105365,139.25715514105366,144.53131103515625,14.153488159179688
2019-04-16 15:30:00,655377878,126871921.00949298,126.87192100949298,134.9446563720703,15.6279296875
2019-04-16 15:45:00,728180244,140965433.07102796,140.96543307102797,127.40438842773438,15.677101135253906
2019-04-16 16:00:00,725735353,140492136.62901893,140.49213662901894,136.2536163330078,24.545196533203125
2019-04-16 16:15:00,728969655,141118251.915542,141.118251915542,145.1302490234375,12.46649169921875
2019-04-16 16:30:00,727082164,140752860.25815356,140.75286025815356,146.3441162109375,15.650482177734375
2019-04-16 16:45:00,837895373,162204735.84168744,162.20473584168744,143.31678771972656,18.857177734375
2019-04-16 17:00:00,796758088,154241137.20910588,154.2411372091059,160.4252471923828,13.895309448242188
2019-04-16 17:15:00,818240531,158399835.4241026,158.3998354241026,153.72802734375,23.008743286132812
2019-04-16 17:30:00,980749811,189859341.80596063,189.85934180596064,153.52191162109375,26.277359008789062
2019-04-16 17:45:00,817934123,158340519.15347824,158.34051915347823,185.3818359375,21.974075317382812
2019-04-16 18:00:00,954714682,184819307.7418875,184.8193077418875,157.20785522460938,18.260467529296875
2019-04-16 18:15:00,799444099,154761111.08503616,154.76111108503616,186.54034423828125,22.3828125
2019-04-16 18:30:00,775798329,150183623.2503787,150.1836232503787,147.9271697998047,19.463836669921875
2019-04-16 18:45:00,846745347,163917966.08633733,163.91796608633732,154.3169403076172,16.122055053710938
2019-04-16 19:00:00,850166301,164580214.56959343,164.58021456959344,153.2284393310547,20.473678588867188
2019-04-16 19:15:00,841123568,162829668.8990758,162.8296688990758,161.30165100097656,15.466140747070312
2019-04-16 19:30:00,795158835,153931544.36640972,153.93154436640972,163.3494873046875,24.051727294921875
2019-04-16 19:45:00,845086369,163596811.3253393,163.59681132533927,158.94271850585938,17.753631591796875
2019-04-16 20:00:00,709211160,137293285.73792794,137.29328573792793,155.29556274414062,19.1865234375
2019-04-16 20:15:00,785418019,152045859.66510218,152.04585966510217,126.92557525634766,19.315353393554688
2019-04-16 20:30:00,851252643,164790515.07109022,164.79051507109023,140.27272033691406,22.88714599609375
2019-04-16 20:45:00,820252892,158789400.1537113,158.78940015371128,163.77723693847656,15.187026977539062
2019-04-16 21:00:00,1056771601,204576088.98289275,204.5760889828928,154.1353302001953,24.973358154296875
2019-04-16 21:15:00,1209516423,234145333.90542743,234.14533390542744,196.792724609375,16.013900756835938
2019-04-16 21:30:00,1422484774,275373005.3185202,275.3730053185202,227.91893005371094,23.644851684570312
2019-04-16 21:45:00,1464729416,283550972.66043633,283.55097266043634,266.5628967285156,20.309112548828125
2019-04-16 22:00:00,1377477579,266660246.64817208,266.66024664817206,270.9317321777344,34.246368408203125
2019-04-16 22:15:00,1536848291,297512170.4967379,297.5121704967379,261.15740966796875,16.724884033203125
2019-04-16 22:30:00,1357894586,262869255.18442684,262.86925518442683,286.2843017578125,17.547119140625
2019-04-16 22:45:00,1413592631,273651611.74975353,273.6516117497536,259.46856689453125,19.463104248046875
2019-04-16 23:00:00,1345048375,260382409.77512348,260.38240977512345,260.2773132324219,26.213531494140625
2019-04-16 23:15:00,1211613498,234551298.07157063,234.55129807157067,252.26107788085938,14.55487060546875
2019-04-16 23:30:00,1127388248,218246476.64913505,218.24647664913505,224.2167205810547,18.467498779296875
2019-04-16 23:45:00,952910294,184470003.65413728,184.4700036541373,210.51544189453125,20.225494384765625
2019-04-17 00:00:00,819450474,158634063.33730352,158.63406333730353,165.630859375,13.341400146484375
2019-04-17 00:15:00,746890725,144587518.50779274,144.58751850779274,146.5713348388672,17.005172729492188
2019-04-17 00:30:00,702961764,136083490.7444066,136.08349074440662,134.47105407714844,16.50634765625
2019-04-17 00:45:00,657598639,127301829.04214244,127.30182904214244,123.46412658691406,17.280136108398438
2019-04-17 01:00:00,730906934,141493281.82807338,141.49328182807338,119.75395202636719,12.122489929199219
2019-04-17 01:15:00,696940777,134917912.51434132,134.91791251434134,131.90135192871094,11.125137329101562
2019-04-17 01:30:00,610031614,118093523.35920852,118.09352335920852,128.14541625976562,14.2857666015625
2019-04-17 01:45:00,632175048,122380180.1165288,122.3801801165288,108.19908905029297,13.620964050292969
2019-04-17 02:00:00,520039318,100672283.10554388,100.67228310554388,107.76551818847656,22.338584899902344
2019-04-17 02:15:00,480646509,93046390.44184606,93.04639044184606,90.80294799804688,13.090522766113281
2019-04-17 02:30:00,429018497,83051934.90677358,83.05193490677358,83.49681091308594,20.014686584472656
2019-04-17 02:45:00,406142621,78623487.70048116,78.62348770048116,73.0582275390625,13.631614685058594
2019-04-17 03:00:00,402190711,77858453.61833195,77.85845361833195,69.58258056640625,16.091598510742188
2019-04-17 03:15:00,438310373,84850711.1509452,84.8507111509452,73.15435791015625,9.985260009765625
2019-04-17 03:30:00,359940321,69679373.54462177,69.67937354462177,76.93859100341797,16.33208465576172
2019-04-17 03:45:00,352271878,68194871.05038011,68.19487105038012,65.23387908935547,14.278732299804688
2019-04-17 04:00:00,294222561,56957341.36208169,56.95734136208169,62.605125427246094,9.862167358398438
2019-04-17 04:15:00,364007994,70466817.71213521,70.46681771213521,49.49644088745117,14.383407592773438
2019-04-17 04:30:00,195609835,37867307.34722778,37.86730734722778,62.608177185058594,11.606636047363281
2019-04-17 04:45:00,199894262,38696712.03444999,38.69671203444999,32.25438690185547,9.503005981445312
2019-04-17 05:00:00,139865706,27076029.56895803,27.076029568958027,32.30175018310547,12.75638198852539
2019-04-17 05:15:00,110884324,21465642.44531767,21.46564244531767,20.967409133911133,11.870428085327148
2019-04-17 05:30:00,100580352,19470938.67890823,19.47093867890823,10.039729118347168,16.47429847717285
2019-04-17 05:45:00,92277664,17863655.291014466,17.863655291014467,14.12580680847168,11.998933792114258
2019-04-17 06:00:00,140085629,27118603.562406387,27.11860356240639,11.96302318572998,12.17664909362793
2019-04-17 06:15:00,129676103,25103466.02915833,25.103466029158334,17.93563461303711,21.5730037689209
2019-04-17 06:30:00,288531186,55855571.370029256,55.85557137002925,18.255464553833008,16.68836212158203
2019-04-17 06:45:00,275604738,53353193.20829747,53.35319320829747,49.097145080566406,21.234188079833984
2019-04-17 07:00:00,267957272,51872751.56562917,51.87275156562917,50.685733795166016,11.54446029663086
2019-04-17 07:15:00,308773733,59774243.19314952,59.77424319314952,46.52820587158203,15.268966674804688
2019-04-17 07:30:00,419832405,81273636.95419921,81.2736369541992,55.863731384277344,11.063907623291016
2019-04-17 07:45:00,387962532,75104078.68015786,75.10407868015785,79.06980895996094,12.856842041015625
2019-04-17 08:00:00,417778198,80875971.4287218,80.8759714287218,71.39903259277344,14.579292297363281
2019-04-17 08:15:00,395052331,76476563.85076836,76.47656385076836,76.92252349853516,14.91815185546875
2019-04-17 08:30:00,482573939,93419513.72677836,93.41951372677838,75.13140106201172,15.666572570800781
2019-04-17 08:45:00,411588225,79677679.89055838,79.67767989055838,91.80391693115234,18.712112426757812
2019-04-17 09:00:00,408585012,79096300.17772241,79.09630017772241,74.10723114013672,12.882316589355469
2019-04-17 09:15:00,382041393,73957829.61574523,73.95782961574523,84.91368865966797,12.993034362792969
2019-04-17 09:30:00,426253670,82516703.36398886,82.51670336398887,77.22156524658203,13.511680603027344
2019-04-17 09:45:00,325579348,63027573.41738994,63.02757341738994,84.46333312988281,14.124534606933594
2019-04-17 10:00:00,370554287,71734087.78071846,71.73408778071845,62.48215866088867,14.631385803222656
2019-04-17 10:15:00,408979024,79172575.34815286,79.17257534815286,72.4417953491211,10.8763427734375
2019-04-17 10:30:00,423836659,82048804.09706995,82.04880409706995,78.05580139160156,15.094680786132812
2019-04-17 10:45:00,441777172,85521834.58011256,85.52183458011257,83.74185943603516,11.674736022949219
2019-04-17 11:00:00,416795941,80685820.31636609,80.68582031636609,87.0331039428711,16.71033477783203
2019-04-17 11:15:00,500874996,96962340.44711244,96.96234044711242,81.7471923828125,18.7216796875
2019-04-17 11:30:00,509682623,98667372.90935412,98.66737290935411,98.8698959350586,14.233367919921875
2019-04-17 11:45:00,585076998,113262661.38437966,113.26266138437964,100.77619171142578,12.077484130859375
2019-04-17 12:00:00,597172895,115604256.57737908,115.60425657737908,113.13556671142578,12.167015075683594
2019-04-17 12:15:00,788347810,152613025.91346663,152.61302591346663,111.77835845947266,15.207908630371094
2019-04-17 12:30:00,976247493,188987756.49185333,188.98775649185333,149.53082275390625,22.412017822265625
2019-04-17 12:45:00,830127464,160700978.13160962,160.70097813160962,188.30975341796875,20.732955932617188
2019-04-17 13:00:00,944836626,182907055.3106888,182.9070553106888,158.20184326171875,20.444305419921875
2019-04-17 13:15:00,971201781,188010977.7573403,188.0109777573403,180.49185180664062,15.859359741210938
2019-04-17 13:30:00,778924776,150788859.3288909,150.78885932889088,186.20664978027344,16.235305786132812
2019-04-17 13:45:00,859730392,166431687.80146778,166.43168780146777,153.012451171875,19.047760009765625
2019-04-17 14:00:00,538556745,104256996.00859834,104.25699600859836,167.80929565429688,17.3419189453125
2019-04-17 14:15:00,561707228,108738603.26008327,108.73860326008328,101.19983673095703,23.3345947265625
2019-04-17 14:30:00,619851675,119994548.77572463,119.99454877572464,99.9892349243164,27.91826629638672
2019-04-17 14:45:00,593426847,114879074.47723842,114.87907447723842,121.19615936279297,16.03289031982422
2019-04-17 15:00:00,617273519,119495454.1078052,119.4954541078052,108.22965240478516,25.47527313232422
2019-04-17 15:15:00,674380617,130550583.47629662,130.55058347629662,121.04859924316406,24.22760009765625
2019-04-17 15:30:00,622153082,120440068.73743851,120.44006873743852,131.04568481445312,16.603744506835938
2019-04-17 15:45:00,604066801,116938819.62388895,116.93881962388896,118.35901641845703,16.810653686523438
2019-04-17 16:00:00,622557998,120518454.76860006,120.51845476860008,107.5999984741211,18.092987060546875
2019-04-17 16:15:00,667289442,129177831.93147792,129.17783193147793,103.7309341430664,29.76593017578125
2019-04-17 16:30:00,659880109,127743489.48162638,127.74348948162638,131.67843627929688,24.395919799804688
2019-04-17 16:45:00,704259022,136334621.61108646,136.33462161108645,122.26761627197266,34.023902893066406
2019-04-17 17:00:00,724143552,140183986.38850254,140.18398638850255,129.65623474121094,29.035720825195312
2019-04-17 17:15:00,642533561,124385442.25189768,124.38544225189769,139.168212890625,21.959335327148438
2019-04-17 17:30:00,702772507,136046853.25638554,136.04685325638553,126.41029357910156,29.283554077148438
2019-04-17 17:45:00,740774906,143403582.13898483,143.40358213898483,137.03433227539062,21.073226928710938
2019-04-17 18:00:00,715210637,138454699.9351314,138.4546999351314,142.72909545898438,16.282852172851562
2019-04-17 18:15:00,886347108,171584308.91249666,171.58430891249665,139.87220764160156,18.921966552734375
2019-04-17 18:30:00,724307795,140215781.51864326,140.21578151864327,166.3438720703125,26.74786376953125
2019-04-17 18:45:00,705758636,136624925.74758452,136.6249257475845,134.04244995117188,28.867355346679688
2019-04-17 19:00:00,733540781,142003157.48874542,142.00315748874542,141.87144470214844,20.854568481445312
2019-04-17 19:15:00,623456808,120692451.71776552,120.69245171776552,135.80824279785156,26.793258666992188
2019-04-17 19:30:00,829971264,160670740.01291975,160.67074001291977,116.16671752929688,19.912857055664062
2019-04-17 19:45:00,906465130,175478874.4505346,175.47887445053462,150.97317504882812,30.606536865234375
2019-04-17 20:00:00,820596910,158855997.1903019,158.8559971903019,161.53733825683594,32.8544921875
2019-04-17 20:15:00,935196985,181040956.66353264,181.04095666353265,145.6614227294922,34.871429443359375
2019-04-17 20:30:00,937595109,181505199.67342407,181.50519967342407,179.89451599121094,21.674102783203125
2019-04-17 20:45:00,1090679399,211140160.8166721,211.14016081667205,173.28073120117188,28.03851318359375
2019-04-17 21:00:00,1180808588,228587901.6259181,228.58790162591805,192.3441925048828,45.193603515625
2019-04-17 21:15:00,1414867702,273898447.52591246,273.89844752591245,207.238037109375,34.62831115722656
2019-04-17 21:30:00,1317464559,255042571.7333329,255.0425717333329,270.20672607421875,23.053375244140625
2019-04-17 21:45:00,1439935152,278751152.5729836,278.75115257298364,228.4359588623047,34.17417907714844
2019-04-17 22:00:00,1505042607,291355038.3084877,291.35503830848774,254.9180145263672,29.55487060546875
2019-04-17 22:15:00,1370739162,265355784.0807721,265.3557840807721,284.842529296875,31.630584716796875
2019-04-17 22:30:00,1468531255,284286955.1119203,284.2869551119203,254.37037658691406,35.82513427734375
2019-04-17 22:45:00,1328850367,257246703.7031417,257.2467037031417,260.43994140625,43.8974609375
2019-04-17 23:00:00,1432340850,277281002.7314807,277.2810027314807,240.66964721679688,24.541229248046875
2019-04-17 23:15:00,1231513437,238403645.8142293,238.4036458142293,262.5762939453125,31.7545166015625
2019-04-17 23:30:00,958854761,185620768.6905909,185.6207686905909,227.86216735839844,18.27557373046875
2019-04-17 23:45:00,785642673,152089349.51347706,152.08934951347706,169.44534301757812,30.57659912109375
2019-04-18 00:00:00,830699891,160811791.9316563,160.8117919316563,133.86727905273438,28.767868041992188
2019-04-18 00:15:00,788118935,152568718.93897787,152.56871893897787,140.02330017089844,31.246246337890625
2019-04-18 00:30:00,732878225,141874895.98447725,141.87489598447726,129.85816955566406,35.93669128417969
2019-04-18 00:45:00,666493420,129023733.290532,129.02373329053202,123.8447494506836,27.392654418945312
2019-04-18 01:00:00,675420709,130751930.62958977,130.75193062958976,110.5363540649414,30.792343139648438
2019-04-18 01:15:00,554105837,107267081.08808486,107.26708108808486,110.47394561767578,28.936126708984375
2019-04-18 01:30:00,622503351,120507875.87953448,120.50787587953448,94.25933074951172,20.18877410888672
2019-04-18 01:45:00,495973064,96013395.49432306,96.01339549432306,104.52706909179688,17.204818725585938
2019-04-18 02:00:00,389052075,75314998.85014327,75.31499885014327,71.69091033935547,23.811370849609375
2019-04-18 02:15:00,470788608,91138039.73460507,91.13803973460509,59.33916473388672,21.256393432617188
2019-04-18 02:30:00,348345660,67434810.57735625,67.43481057735625,70.41577911376953,26.0223388671875
2019-04-18 02:45:00,327174148,63336304.22204176,63.33630422204176,44.403316497802734,23.137908935546875
2019-04-18 03:00:00,372005729,72015066.49689944,72.01506649689944,49.5064697265625,23.478504180908203
2019-04-18 03:15:00,295583782,57220854.56413772,57.22085456413772,50.64505386352539,33.314292907714844
2019-04-18 03:30:00,254401830,49248609.02984349,49.248609029843486,42.68201446533203,24.48265838623047
2019-04-18 03:45:00,209889074,40631566.781818695,40.6315667818187,24.27031135559082,31.303165435791016
2019-04-18 04:00:00,159608645,30897984.324201137,30.897984324201136,32.33909606933594,20.907268524169922
2019-04-18 04:15:00,224986482,43554212.20444019,43.55421220444019,11.908364295959473,27.096799850463867
2019-04-18 04:30:00,131960140,25545623.403665807,25.545623403665807,24.840896606445312,28.005599975585938
2019-04-18 04:45:00,183736497,35568796.44012785,35.56879644012785,11.056256294250488,35.17216491699219
2019-04-18 05:00:00,212159930,41071172.500484616,41.07117250048461,22.593910217285156,28.342235565185547
2019-04-18 05:15:00,138305526,26774000.708410207,26.77400070841021,14.481961250305176,38.75132369995117
2019-04-18 05:30:00,125405125,24276664.878800794,24.2766648788008,7.4129438400268555,25.33958625793457
2019-04-18 05:45:00,114870950,22237397.055817954,22.237397055817954,0.9065919518470764,28.64157485961914
2019-04-18 06:00:00,99475953,19257142.596686848,19.257142596686847,3.695704460144043,20.950504302978516
2019-04-18 06:15:00,116010528,22458003.2966654,22.4580032966654,2.119590997695923,27.09416389465332
2019-04-18 06:30:00,172532443,33399849.48327909,33.39984948327909,2.1091949939727783,20.203853607177734
2019-04-18 06:45:00,183083077,35442303.536706984,35.44230353670699,8.809547424316406,31.16930389404297
2019-04-18 07:00:00,330645861,64008378.93235663,64.00837893235664,19.674680709838867,25.64917755126953
2019-04-18 07:15:00,259479782,50231628.97400156,50.23162897400156,39.06342315673828,33.288841247558594
2019-04-18 07:30:00,273300980,52907218.12611597,52.90721812611597,26.880094528198242,37.22947692871094
2019-04-18 07:45:00,386808975,74880766.30191498,74.88076630191497,35.587337493896484,23.513931274414062
2019-04-18 08:00:00,432792436,83782516.31144932,83.78251631144931,48.54786682128906,34.60386657714844
2019-04-18 08:15:00,406206168,78635789.50411999,78.63578950412,68.34268951416016,36.590919494628906
2019-04-18 08:30:00,415834566,80499711.66492257,80.49971166492257,53.205421447753906,27.03771209716797
2019-04-18 08:45:00,396165034,76691967.47036234,76.69196747036233,52.83310317993164,37.239784240722656
2019-04-18 09:00:00,367608138,71163754.85408556,71.16375485408557,67.17862701416016,24.96844482421875
2019-04-18 09:15:00,299441434,57967641.62585498,57.967641625854974,62.46994400024414,22.39508056640625
2019-04-18 09:30:00,343752416,66545623.27105946,66.54562327105945,52.2991943359375,19.791385650634766
2019-04-18 09:45:00,306951441,59421473.14331846,59.42147314331846,50.678462982177734,25.707534790039062
2019-04-18 10:00:00,362037338,70085326.48278236,70.08532648278236,52.580169677734375,21.575275421142578
2019-04-18 10:15:00,494778648,95782173.38950177,95.78217338950176,63.67475509643555,23.13928985595703
2019-04-18 10:30:00,560086145,108424784.437035,108.42478443703502,94.92889404296875,20.275741577148438
2019-04-18 10:45:00,509419410,98616418.58198716,98.61641858198716,94.82072448730469,23.51922607421875
2019-04-18 11:00:00,542647096,105048830.31731312,105.04883031731312,97.36517333984375,17.170623779296875
2019-04-18 11:15:00,534312959,103435458.8462268,103.4354588462268,99.17058563232422,32.455909729003906
2019-04-18 11:30:00,485324533,93951989.96134724,93.95198996134724,88.7507553100586,28.037338256835938
2019-04-18 11:45:00,493834873,95599471.85002328,95.59947185002328,77.57125091552734,26.247100830078125
2019-04-18 12:00:00,670098875,129721698.567235,129.721698567235,95.09371185302734,27.784263610839844
2019-04-18 12:15:00,872489525,168901676.1371522,168.9016761371522,122.17948150634766,21.72662353515625
2019-04-18 12:30:00,869710715,168363737.68262842,168.36373768262845,160.44436645507812,26.670272827148438
2019-04-18 12:45:00,931234920,180273956.7164968,180.2739567164968,137.14993286132812,48.669403076171875
2019-04-18 13:00:00,1037673964,200879055.60067663,200.87905560067665,161.83712768554688,36.97276306152344
2019-04-18 13:15:00,950969769,184094345.3617514,184.0943453617514,182.7763671875,45.74273681640625
2019-04-18 13:30:00,819513683,158646299.70890576,158.64629970890576,174.35316467285156,24.138961791992188
2019-04-18 13:45:00,748367283,144873359.3276166,144.8733593276166,135.2982940673828,40.37689208984375
2019-04-18 14:00:00,692601851,134077957.58876778,134.0779575887678,129.66432189941406,30.087554931640625
2019-04-18 14:15:00,643705620,124612336.35659382,124.6123363565938,114.94168853759766,34.609405517578125
2019-04-18 14:30:00,659829481,127733688.61432144,127.73368861432144,98.08375549316406,38.09142303466797
2019-04-18 14:45:00,642603554,124398991.9102937,124.3989919102937,118.85325622558594,31.553207397460938
2019-04-18 15:00:00,654979358,126794773.1537933,126.7947731537933,96.83050537109375,44.672027587890625
2019-04-18 15:15:00,515245983,99744361.00150844,99.74436100150844,112.36692810058594,37.395912170410156
2019-04-18 15:30:00,671110303,129917496.77408686,129.91749677408686,89.83721923828125,36.35931396484375
2019-04-18 15:45:00,634651918,122859667.24226114,122.85966724226114,110.59542846679688,33.6436767578125
2019-04-18 16:00:00,514934688,99684098.67655604,99.68409867655603,109.54488372802734,33.50059509277344
2019-04-18 16:15:00,641763119,124236295.53845552,124.23629553845552,73.53357696533203,38.85570526123047
2019-04-18 16:30:00,651609459,126142408.19902444,126.14240819902446,104.67440032958984,33.06939697265625
2019-04-18 16:45:00,747242330,144655584.28066057,144.65558428066058,94.00059509277344,56.34785461425781
2019-04-18 17:00:00,733567760,142008380.2429332,142.0083802429332,120.91279602050781,46.95452880859375
2019-04-18 17:15:00,690986047,133765160.70572312,133.76516070572313,133.85250854492188,33.122772216796875
2019-04-18 17:30:00,785149173,151993814.8683205,151.9938148683205,110.88407897949219,40.36039733886719
2019-04-18 17:45:00,766871237,148455464.04774463,148.45546404774464,133.79824829101562,62.46092224121094
2019-04-18 18:00:00,843082194,163208831.28996617,163.20883128996616,125.2642593383789,44.4031982421875
2019-04-18 18:15:00,955213753,184915920.85413253,184.9159208541325,155.63034057617188,39.025054931640625
2019-04-18 18:30:00,781749184,151335624.91360685,151.33562491360686,182.19384765625,44.34519958496094
2019-04-18 18:45:00,830870963,160844909.05995664,160.84490905995665,133.8812255859375,49.32624816894531
2019-04-18 19:00:00,858305986,166155942.8738713,166.15594287387128,137.1942596435547,45.53306579589844
2019-04-18 19:15:00,735729058,142426777.07678849,142.42677707678848,151.1798553466797,41.47135925292969
2019-04-18 19:30:00,727745796,140881330.0608578,140.8813300608578,102.06444549560547,50.37709045410156
2019-04-18 19:45:00,742503844,143738280.17004398,143.73828017004396,131.33193969726562,45.72819519042969
2019-04-18 20:00:00,905721065,175334833.95256415,175.33483395256414,110.79728698730469,34.71623229980469
2019-04-18 20:15:00,1069983696,207133764.3782315,207.1337643782315,145.25567626953125,44.70661926269531
2019-04-18 20:30:00,1222732906,236703858.75572652,236.70385875572657,180.60556030273438,41.800018310546875
2019-04-18 20:45:00,1112084245,215283837.3460351,215.28383734603509,186.31558227539062,46.75230407714844
2019-04-18 21:00:00,1300913298,251838480.8589084,251.8384808589084,189.4694061279297,39.02757263183594
2019-04-18 21:15:00,1216780900,235551634.27511933,235.5516342751193,200.2825164794922,56.515228271484375
2019-04-18 21:30:00,1140153760,220717699.8693209,220.7176998693209,207.60833740234375,51.335601806640625
2019-04-18 21:45:00,1167161717,225946059.72423163,225.9460597242316,186.41273498535156,57.00410461425781
2019-04-18 22:00:00,1152044738,223019625.6318222,223.0196256318222,183.19729614257812,47.277618408203125
2019-04-18 22:15:00,1427080542,276262681.2356465,276.2626812356465,193.67213439941406,43.861724853515625
2019-04-18 22:30:00,1368241392,264872251.00958124,264.87225100958125,237.42596435546875,37.9376220703125
2019-04-18 22:45:00,1229322540,237979519.0311097,237.97951903110967,211.46368408203125,57.889862060546875
2019-04-18 23:00:00,1327908429,257064357.7809746,257.0643577809746,197.4140167236328,37.461517333984375
2019-04-18 23:15:00,1263323138,244561555.6370684,244.56155563706835,215.65365600585938,40.262603759765625
2019-04-18 23:30:00,1110778026,215030971.75604168,215.03097175604168,192.5576629638672,52.40483093261719
2019-04-18 23:45:00,765082549,148109199.25873595,148.10919925873594,179.37362670898438,37.65028381347656
2019-04-19 00:00:00,999760841,193539609.2935201,193.5396092935201,115.1592025756836,54.886474609375
2019-04-19 00:15:00,988397188,191339766.2194832,191.3397662194832,163.4307861328125,48.03143310546875
2019-04-19 00:30:00,986423904,190957766.24636647,190.95776624636648,157.35386657714844,36.777374267578125
2019-04-19 00:45:00,895167262,173291766.42539665,173.29176642539664,150.21788024902344,39.45452880859375
2019-04-19 01:00:00,676903894,131039054.34322,131.03905434322,134.91644287109375,58.485687255859375
2019-04-19 01:15:00,609557772,118001794.22581384,118.00179422581384,94.19621276855469,28.924072265625
2019-04-19 01:30:00,600196434,116189571.11736289,116.18957111736287,70.53401947021484,35.32963562011719
2019-04-19 01:45:00,525001091,101632812.43260036,101.63281243260036,66.17378234863281,41.23668670654297
2019-04-19 02:00:00,419900586,81286835.83493157,81.28683583493157,59.64981460571289,34.61042785644531
2019-04-19 02:15:00,458508678,88760818.3463633,88.76081834636331,36.147274017333984,37.93666076660156
2019-04-19 02:30:00,367743369,71189933.66988935,71.18993366988934,44.103187561035156,41.02336120605469
2019-04-19 02:45:00,332128680,64295431.79354487,64.29543179354486,21.10391616821289,39.908470153808594
2019-04-19 03:00:00,300261557,58126405.88074804,58.12640588074804,20.125244140625,40.967308044433594
2019-04-19 03:15:00,288514860,55852410.88650985,55.85241088650985,5.20924186706543,44.131690979003906
2019-04-19 03:30:00,219369968,42466934.24697957,42.46693424697957,15.750131607055664,48.637939453125
2019-04-19 03:45:00,230274488,44577895.642729394,44.5778956427294,-12.492072105407715,36.197086334228516
2019-04-19 04:00:00,137337802,26586662.980042465,26.586662980042465,-16.201740264892578,49.50514221191406
2019-04-19 04:15:00,119541780,23141603.91830343,23.14160391830343,-17.21818733215332,39.13117218017578
2019-04-19 04:30:00,92913673,17986777.670206714,17.986777670206713,-9.187911987304688,39.446678161621094
2019-04-19 04:45:00,90045624,17431563.80291876,17.43156380291876,-15.639172554016113,28.29253387451172
2019-04-19 05:00:00,73302269,14190286.237254724,14.190286237254725,-27.951887130737305,47.49822998046875
2019-04-19 05:15:00,349136606,67587926.57623771,67.5879265762377,-30.276334762573242,32.015907287597656
2019-04-19 05:30:00,96917531,18761868.15305824,18.76186815305824,10.107817649841309,49.268341064453125
2019-04-19 05:45:00,93461233,18092777.56950139,18.09277756950139,-26.969106674194336,49.630367279052734
2019-04-19 06:00:00,120027550,23235642.14439806,23.23564214439806,-31.44540023803711,37.173179626464844
2019-04-19 06:15:00,165052440,31951826.3173724,31.9518263173724,-17.138431549072266,46.68927764892578
2019-04-19 06:30:00,167196914,32366966.26192652,32.366966261926514,-9.020584106445312,37.842994689941406
2019-04-19 06:45:00,249365704,48273686.009836,48.273686009836005,-13.364581108093262,46.222450256347656
2019-04-19 07:00:00,312933799,60579573.34337817,60.57957334337817,3.8585376739501953,61.66852569580078
2019-04-19 07:15:00,295674311,57238379.70272207,57.23837970272207,-1.0245929956436157,59.53499984741211
2019-04-19 07:30:00,265845413,51463925.425435305,51.463925425435306,25.860158920288086,36.97901153564453
2019-04-19 07:45:00,352165107,68174201.68949255,68.17420168949255,6.606470584869385,39.493934631347656
2019-04-19 08:00:00,382539136,74054185.64590563,74.05418564590563,8.416891098022461,56.94865417480469
2019-04-19 08:15:00,490308731,94916860.45237055,94.91686045237056,23.760120391845703,43.214393615722656
2019-04-19 08:30:00,488462346,94559426.33727962,94.55942633727962,58.6530647277832,43.466636657714844
2019-04-19 08:45:00,570477876,110436477.10906611,110.43647710906612,61.418235778808594,48.42217254638672
2019-04-19 09:00:00,440192926,85215146.88112433,85.21514688112433,60.644100189208984,47.67414855957031
2019-04-19 09:15:00,372187169,72050190.72388466,72.05019072388465,46.66114044189453,43.83717346191406
2019-04-19 09:30:00,601124450,116369221.93653126,116.36922193653126,59.79717254638672,23.733963012695312
2019-04-19 09:45:00,478742698,92677839.46245368,92.67783946245368,87.77960968017578,38.83189392089844
2019-04-19 10:00:00,541336829,104795181.09156775,104.79518109156776,65.97148895263672,44.96174621582031
2019-04-19 10:15:00,622440671,120495741.91487709,120.49574191487709,89.73976135253906,33.24943542480469
2019-04-19 10:30:00,526384658,101900651.50533655,101.90065150533655,94.51297760009766,36.888771057128906
2019-04-19 10:45:00,682099009,132044755.39301229,132.04475539301228,70.09613800048828,46.24956512451172
2019-04-19 11:00:00,524651365,101565110.40765198,101.56511040765196,101.0430908203125,45.460906982421875
2019-04-19 11:15:00,542747965,105068357.13417695,105.06835713417696,69.447021484375,44.303192138671875
2019-04-19 11:30:00,549286278,106334082.3872215,106.3340823872215,83.49452209472656,40.537681579589844
2019-04-19 11:45:00,609462315,117983315.09587929,117.98331509587928,84.28610229492188,43.32127380371094
2019-04-19 12:00:00,832653015,161189889.21288577,161.18988921288576,93.74082946777344,45.342613220214844
2019-04-19 12:15:00,759820701,147090579.6406048,147.0905796406048,134.40953063964844,49.82208251953125
2019-04-19 12:30:00,891644939,172609894.33232316,172.60989433232317,112.29312896728516,43.58648681640625
2019-04-19 12:45:00,928483802,179741379.04291257,179.74137904291257,131.09527587890625,63.966827392578125
2019-04-19 13:00:00,958533172,185558513.5923107,185.5585135923107,143.29971313476562,32.200439453125
2019-04-19 13:15:00,1042166809,201748807.075486,201.748807075486,142.94358825683594,42.17323303222656
2019-04-19 13:30:00,1041830627,201683726.9780634,201.68372697806345,172.582275390625,49.96162414550781
2019-04-19 13:45:00,903139184,174835018.17714077,174.83501817714077,162.52621459960938,52.68017578125
2019-04-19 14:00:00,921030205,178298467.7064689,178.2984677064689,128.0618133544922,55.33064270019531
2019-04-19 14:15:00,767678557,148611749.82226902,148.61174982226902,128.3345947265625,54.69915771484375
2019-04-19 14:30:00,862505746,166968957.22309658,166.96895722309657,105.4454345703125,59.92817687988281
2019-04-19 14:45:00,943295457,182608706.71182096,182.60870671182096,134.02439880371094,57.562744140625
2019-04-19 15:00:00,885040243,171331318.26600724,171.33131826600726,139.85858154296875,49.45503234863281
2019-04-19 15:15:00,1032040767,199788548.04952776,199.78854804952772,122.3002700805664,52.896728515625
2019-04-19 15:30:00,1068702219,206885688.49075168,206.88568849075168,173.92889404296875,41.14302062988281
2019-04-19 15:45:00,703189588,136127594.260107,136.127594260107,159.01927185058594,62.81060791015625
2019-04-19 16:00:00,885895456,171496875.45038065,171.49687545038066,93.06116485595703,46.843292236328125
2019-04-19 16:15:00,842417393,163080135.18533656,163.08013518533656,133.9461212158203,54.41389465332031
2019-04-19 16:30:00,755058173,146168621.33760956,146.16862133760955,126.6585922241211,50.694976806640625
2019-04-19 16:45:00,885267415,171375295.5636962,171.3752955636962,93.42805480957031,67.86105346679688
2019-04-19 17:00:00,996975891,193000482.22152668,193.00048222152668,153.02354431152344,40.1414794921875
2019-04-19 17:15:00,927839475,179616646.41614503,179.61664641614502,145.895263671875,72.94454956054688
2019-04-19 17:30:00,853499125,165225402.32685634,165.22540232685634,128.7346954345703,75.25892639160156
2019-04-19 17:45:00,1011007876,195716876.7662421,195.7168767662421,112.09056091308594,81.01119995117188
2019-04-19 18:00:00,806565581,156139729.6379415,156.1397296379415,170.75282287597656,48.061798095703125
2019-04-19 18:15:00,680736098,131780915.03077324,131.78091503077323,118.84673309326172,42.123016357421875
2019-04-19 18:30:00,719942139,139370652.04177278,139.3706520417728,86.02213287353516,66.20448303222656
2019-04-19 18:45:00,716117816,138630317.00475344,138.63031700475344,88.31927490234375,75.79830932617188
2019-04-19 19:00:00,800356592,154937756.87016857,154.93775687016856,91.86817169189453,64.78555297851562
2019-04-19 19:15:00,772127501,149473002.6821705,149.47300268217052,94.49627685546875,56.51853942871094
2019-04-19 19:30:00,703384086,136165246.33186722,136.16524633186722,95.29077911376953,56.87181091308594
2019-04-19 19:45:00,674689741,130610425.52624469,130.61042552624468,94.7680435180664,58.06571960449219
2019-04-19 20:00:00,640755794,124041291.61458048,124.04129161458047,82.93125915527344,65.73738098144531
2019-04-19 20:15:00,660537952,127870838.61551435,127.87083861551436,66.80253601074219,54.12651062011719
2019-04-19 20:30:00,629394009,121841810.15901808,121.84181015901808,71.26805114746094,49.11786651611328
2019-04-19 20:45:00,802955464,155440861.8637396,155.4408618637396,60.271018981933594,53.895652770996094
2019-04-19 21:00:00,957488637,185356306.33683228,185.3563063368323,85.60753631591797,54.05125427246094
2019-04-19 21:15:00,1019851599,197428896.90538672,197.42889690538672,158.4898223876953,46.61705017089844
2019-04-19 21:30:00,889202244,172137023.00496614,172.13702300496615,142.89617919921875,60.38807678222656
2019-04-19 21:45:00,1069869274,207111613.89156863,207.11161389156865,88.83665466308594,62.87788391113281
2019-04-19 22:00:00,1038690563,201075854.84025413,201.07585484025407,139.36451721191406,56.35472106933594
2019-04-19 22:15:00,1082571795,209570642.94188005,209.57064294188004,141.0851287841797,56.93830871582031
2019-04-19 22:30:00,971942998,188154466.92264733,188.1544669226473,122.6421127319336,82.54853820800781
2019-04-19 22:45:00,809188874,156647562.19294995,156.64756219294995,106.79633331298828,68.08534240722656
2019-04-19 23:00:00,965048886,186819863.99744052,186.81986399744056,94.36618041992188,69.68133544921875
2019-04-19 23:15:00,625142781,121018832.33032589,121.01883233032588,107.03313446044922,65.80398559570312
2019-04-19 23:30:00,662955811,128338902.04328252,128.3389020432825,46.891578674316406,55.564117431640625
2019-04-19 23:45:00,418829352,81079460.02931935,81.07946002931935,73.1266098022461,63.2718505859375
2019-04-20 00:00:00,604798921,117080547.73819904,117.08054773819904,11.252547264099121,61.40874481201172
2019-04-20 00:15:00,672818203,130248122.14483231,130.2481221448323,56.41999816894531,41.35991668701172
2019-04-20 00:30:00,659480186,127666070.02489904,127.66607002489904,67.89889526367188,42.46607971191406
2019-04-20 00:45:00,637803688,123469805.49669896,123.46980549669895,70.72579956054688,44.558624267578125
2019-04-20 01:00:00,697921476,135107762.01985377,135.10776201985377,63.63793182373047,47.81877136230469
2019-04-20 01:15:00,602976098,116727674.8942513,116.72767489425132,86.4609375,40.53974914550781
2019-04-20 01:30:00,544127127,105335343.46099237,105.33534346099236,80.59103393554688,35.876930236816406
2019-04-20 01:45:00,536939653,103943949.78690532,103.94394978690534,65.10631561279297,28.466278076171875
2019-04-20 02:00:00,469972828,90980116.22330657,90.98011622330657,66.57465362548828,36.889137268066406
2019-04-20 02:15:00,399828446,77401152.40548344,77.40115240548344,64.61043548583984,31.579986572265625
2019-04-20 02:30:00,323373650,62600581.3692592,62.6005813692592,45.239501953125,36.812461853027344
2019-04-20 02:45:00,240068073,46473795.67876899,46.473795678768994,35.508602142333984,34.776554107666016
2019-04-20 03:00:00,243404495,47119679.95812567,47.11967995812567,7.854823112487793,36.637184143066406
2019-04-20 03:15:00,216502338,41911801.492186695,41.9118014921867,22.162750244140625,23.126441955566406
2019-04-20 03:30:00,167380984,32402599.619847417,32.402599619847415,24.157196044921875,29.602943420410156
2019-04-20 03:45:00,216168822,41847237.494792506,41.84723749479251,-3.9166810512542725,33.72201919555664
2019-04-20 04:00:00,205812066,39842315.489862405,39.84231548986241,32.52266311645508,16.33578872680664
2019-04-20 04:15:00,225449953,43643933.65839227,43.64393365839227,4.705560684204102,38.374027252197266
2019-04-20 04:30:00,200972465,38905436.94024883,38.90543694024883,34.2663459777832,22.90279769897461
2019-04-20 04:45:00,153494737,29714417.898061704,29.714417898061704,21.95004653930664,27.027664184570312
2019-04-20 05:00:00,132473438,25644990.662611235,25.644990662611235,8.727960586547852,35.089088439941406
2019-04-20 05:15:00,128602427,24895617.486760955,24.895617486760955,-2.118201732635498,36.443016052246094
2019-04-20 05:30:00,153334358,29683370.78386604,29.68337078386603,8.472773551940918,24.404743194580078
2019-04-20 05:45:00,175707668,34014528.29516809,34.014528295168084,4.7110514640808105,45.716270446777344
2019-04-20 06:00:00,146835094,28425204.86690806,28.425204866908057,8.657198905944824,40.885459899902344
2019-04-20 06:15:00,99498057,19261421.61957751,19.261421619577508,9.735123634338379,30.16653823852539
2019-04-20 06:30:00,111160390,21519084.932348654,21.51908493234865,-5.4644246101379395,36.29266357421875
2019-04-20 06:45:00,271726188,52602360.58829352,52.60236058829352,0.1658753901720047,32.09214782714844
2019-04-20 07:00:00,167910789,32505162.40136144,32.50516240136144,39.38512420654297,26.184192657470703
2019-04-20 07:15:00,123691433,23944918.258481394,23.9449182584814,5.536495685577393,44.42007064819336
2019-04-20 07:30:00,147598135,28572918.85105173,28.57291885105173,1.3489419221878052,49.88604736328125
2019-04-20 07:45:00,285304845,55230997.220912665,55.23099722091266,6.4965434074401855,27.655073165893555
2019-04-20 08:00:00,217798794,42162777.10296904,42.16277710296904,30.623414993286133,34.73900604248047
2019-04-20 08:15:00,262629705,50841409.67526896,50.84140967526896,24.588224411010742,22.202327728271484
2019-04-20 08:30:00,254432985,49254640.19877935,49.25464019877935,30.515193939208984,27.36676788330078
2019-04-20 08:45:00,338033803,65438580.38606929,65.43858038606929,32.25539779663086,28.084854125976562
2019-04-20 09:00:00,372184867,72049745.0891265,72.0497450891265,29.63778305053711,42.99696350097656
2019-04-20 09:15:00,359918823,69675211.83479081,69.67521183479082,44.64912033081055,39.249671936035156
2019-04-20 09:30:00,419901909,81287091.94908668,81.28709194908669,57.887481689453125,22.602638244628906
2019-04-20 09:45:00,372773424,72163681.42985478,72.16368142985478,63.03289031982422,35.62117004394531
2019-04-20 10:00:00,509680339,98666930.7591423,98.66693075914228,31.38100814819336,68.00088500976562
2019-04-20 10:15:00,552394161,106935724.7369542,106.9357247369542,66.30435180664062,44.547393798828125
2019-04-20 10:30:00,513873534,99478674.21688744,99.47867421688744,80.38395690917969,41.85789489746094
2019-04-20 10:45:00,557263000,107878263.35131972,107.87826335131972,78.95079803466797,35.41838073730469
2019-04-20 11:00:00,652938669,126399724.52260812,126.39972452260812,68.37989807128906,52.503814697265625
2019-04-20 11:15:00,881293436,170605989.2341631,170.6059892341631,104.35139465332031,31.15911865234375
2019-04-20 11:30:00,648672718,125573896.5286056,125.57389652860562,145.90963745117188,38.924713134765625
2019-04-20 11:45:00,562809507,108951988.9401816,108.9519889401816,105.2984390258789,32.03327941894531
2019-04-20 12:00:00,592273993,114655898.18988824,114.65589818988823,89.47154998779297,31.01361083984375
2019-04-20 12:15:00,575994313,111504381.56970134,111.50438156970134,88.66859436035156,49.66987609863281
2019-04-20 12:30:00,675603393,130787295.6774434,130.7872956774434,82.2354507446289,54.34563446044922
2019-04-20 12:45:00,597505485,115668641.31422327,115.6686413142233,95.2915267944336,45.667144775390625
2019-04-20 13:00:00,712077065,137848084.55703107,137.84808455703106,81.5967788696289,29.30506134033203
2019-04-20 13:15:00,682192169,132062789.85611822,132.06278985611823,115.0113754272461,41.235443115234375
2019-04-20 13:30:00,536932313,103942528.86634718,103.94252886634716,102.76258087158203,51.07450866699219
2019-04-20 13:45:00,562287924,108851017.8219958,108.8510178219958,75.05574798583984,43.605308532714844
2019-04-20 14:00:00,509126113,98559640.41619083,98.55964041619085,91.86251831054688,36.11853790283203
2019-04-20 14:15:00,549381704,106352555.51599294,106.35255551599292,62.898651123046875,49.398155212402344
2019-04-20 14:30:00,699274747,135369736.21394828,135.36973621394827,73.0783920288086,44.51000213623047
2019-04-20 14:45:00,658792582,127532959.58082968,127.53295958082968,89.9505386352539,62.66502380371094
2019-04-20 15:00:00,604182782,116961271.91098095,116.96127191098095,87.62370300292969,52.576148986816406
2019-04-20 15:15:00,737185363,142708697.2012357,142.7086972012357,96.99681854248047,42.964202880859375
2019-04-20 15:30:00,659157136,127603532.0976086,127.6035320976086,106.80193328857422,62.549591064453125
2019-04-20 15:45:00,723824844,140122289.01122075,140.12228901122074,79.04066467285156,81.03043365478516
2019-04-20 16:00:00,578544681,111998096.87243412,111.99809687243412,87.53907775878906,51.91203308105469
2019-04-20 16:15:00,607108995,117527745.5089698,117.52774550896982,85.2253646850586,64.8478012084961
2019-04-20 16:30:00,584233227,113099319.20995536,113.09931920995535,56.06898880004883,70.22358703613281
2019-04-20 16:45:00,574654715,111245054.27571464,111.24505427571464,77.41433715820312,44.76897430419922
2019-04-20 17:00:00,694598647,134464509.15373236,134.46450915373237,97.09837341308594,33.711517333984375
2019-04-20 17:15:00,656884075,127163499.52201752,127.16349952201752,79.56311798095703,70.4049072265625
2019-04-20 17:30:00,702270244,135949622.21792504,135.94962221792505,100.20643615722656,50.31549072265625
2019-04-20 17:45:00,774673012,149965777.73815247,149.96577773815247,86.83749389648438,71.422119140625
2019-04-20 18:00:00,754287306,146019392.3501569,146.0193923501569,110.72953033447266,54.49678039550781
2019-04-20 18:15:00,693537450,134259076.36986977,134.25907636986975,121.99616241455078,50.93476867675781
2019-04-20 18:30:00,630517164,122059237.13851312,122.05923713851313,82.71683502197266,55.336639404296875
2019-04-20 18:45:00,567124784,109787365.752638,109.787365752638,77.73092651367188,76.17236328125
2019-04-20 19:00:00,569832802,110311599.87362596,110.31159987362597,60.597938537597656,71.00030517578125
2019-04-20 19:15:00,529977713,102596216.31679145,102.59621631679144,81.95662689208984,43.89604187011719
2019-04-20 19:30:00,430023843,83246555.72413845,83.24655572413846,67.41018676757812,58.704002380371094
2019-04-20 19:45:00,653817203,126569796.32392111,126.56979632392112,65.9101791381836,47.64379119873047
2019-04-20 20:00:00,622729218,120551600.54761466,120.55160054761468,70.973876953125,81.67950439453125
2019-04-20 20:15:00,779410462,150882881.2937693,150.8828812937693,101.27923583984375,37.92817687988281
2019-04-20 20:30:00,628057657,121583111.24488586,121.58311124488586,121.5202865600586,46.86781311035156
2019-04-20 20:45:00,657110710,127207372.86407438,127.20737286407436,105.62252044677734,44.536773681640625
2019-04-20 21:00:00,895418792,173340459.0886109,173.34045908861088,106.71153259277344,31.272300720214844
2019-04-20 21:15:00,811687833,157131325.43778434,157.13132543778434,145.66062927246094,47.84461975097656
2019-04-20 21:30:00,793114775,153535843.1571317,153.5358431571317,148.2880401611328,30.239059448242188
2019-04-20 21:45:00,1017970863,197064812.9208008,197.0648129208008,113.6550064086914,49.9931640625
2019-04-20 22:00:00,1057789483,204773136.5931891,204.7731365931891,161.3556671142578,53.42436218261719
2019-04-20 22:15:00,1044415914,202184202.1070864,202.1842021070864,166.11668395996094,45.09930419921875
2019-04-20 22:30:00,1350675060,261471656.6948453,261.47165669484525,166.7595977783203,48.156524658203125
2019-04-20 22:45:00,986224056,190919078.4900033,190.91907849000324,229.59075927734375,60.75732421875
2019-04-20 23:00:00,1003107325,194187441.43427405,194.18744143427404,159.54966735839844,42.26280212402344
2019-04-20 23:15:00,1097851917,212528659.2199324,212.5286592199324,165.6768035888672,41.52510070800781
2019-04-20 23:30:00,968531239,187493998.46180704,187.49399846180705,177.09584045410156,36.90040588378906
2019-04-20 23:45:00,578430612,111976014.72159652,111.97601472159651,161.96559143066406,42.91038513183594
2019-04-21 00:00:00,708139639,137085854.3731604,137.0858543731604,79.40412139892578,41.666046142578125
2019-04-21 00:15:00,748708948,144939500.8565678,144.9395008565678,104.07933807373047,46.298187255859375
2019-04-21 00:30:00,759696978,147066628.61142,147.06662861142,113.9191665649414,32.23210144042969
2019-04-21 00:45:00,713477945,138119275.18257698,138.11927518257698,132.62184143066406,30.793975830078125
2019-04-21 01:00:00,739912152,143236565.12328595,143.23656512328594,107.52344512939453,41.29808044433594
2019-04-21 01:15:00,686902582,132974659.42956464,132.97465942956467,119.01878356933594,27.9737548828125
2019-04-21 01:30:00,620510222,120122034.19409125,120.12203419409124,109.78657531738281,26.195510864257812
2019-04-21 01:45:00,562151884,108824682.39519316,108.82468239519318,100.61384582519531,29.14624786376953
2019-04-21 02:00:00,451682722,87439409.46224123,87.43940946224123,87.7060317993164,22.586227416992188
2019-04-21 02:15:00,346609122,67098641.29340313,67.09864129340312,71.25640106201172,25.082122802734375
2019-04-21 02:30:00,323202208,62567392.614173226,62.56739261417323,51.538631439208984,21.849685668945312
2019-04-21 02:45:00,311972203,60393421.909449175,60.39342190944917,42.345890045166016,20.540332794189453
2019-04-21 03:00:00,299965069,58069009.98232216,58.06900998232216,46.81406784057617,23.982624053955078
2019-04-21 03:15:00,368615121,71358692.57158035,71.35869257158035,46.63706588745117,18.551612854003906
2019-04-21 03:30:00,367031142,71052056.56002933,71.05205656002933,61.997684478759766,22.08226776123047
2019-04-21 03:45:00,231253029,44767327.3898543,44.76732738985429,63.10040283203125,20.20769500732422
2019-04-21 04:00:00,228694083,44271951.50721037,44.27195150721037,27.909494400024414,36.52138900756836
2019-04-21 04:15:00,173166891,33522669.67487035,33.52266967487035,30.082490921020508,18.42730712890625
2019-04-21 04:30:00,205571839,39795810.92815618,39.79581092815618,15.407901763916016,16.71661376953125
2019-04-21 04:45:00,210398727,40730228.42013273,40.730228420132725,33.3167839050293,13.930774688720703
2019-04-21 05:00:00,219394576,42471698.00898163,42.47169800898163,29.20627212524414,16.469078063964844
2019-04-21 05:15:00,215832696,41782168.23818077,41.78216823818077,34.483253479003906,18.429546356201172
2019-04-21 05:30:00,217250539,42056642.66146892,42.05664266146892,34.16138458251953,17.27774429321289
2019-04-21 05:45:00,179272571,34704643.276166126,34.704643276166124,32.430999755859375,20.981399536132812
2019-04-21 06:00:00,178343010,34524693.36677125,34.52469336677125,24.14959716796875,16.73595428466797
2019-04-21 06:15:00,212735761,41182645.26695906,41.18264526695906,22.387805938720703,19.803356170654297
2019-04-21 06:30:00,163005550,31555577.25997727,31.55557725997727,35.69623565673828,12.022510528564453
2019-04-21 06:45:00,224679401,43494765.650500335,43.494765650500334,24.678266525268555,25.853830337524414
2019-04-21 07:00:00,228033699,44144110.47153242,44.14411047153242,39.07551193237305,12.838005065917969
2019-04-21 07:15:00,175126947,33902108.893607885,33.90210889360788,36.62492752075195,13.93368148803711
2019-04-21 07:30:00,172377767,33369906.38951165,33.36990638951165,28.042190551757812,19.713211059570312
2019-04-21 07:45:00,191882025,37145655.86686091,37.14565586686091,26.533672332763672,14.741519927978516
2019-04-21 08:00:00,194326883,37618945.920535,37.618945920535,27.249046325683594,23.111988067626953
2019-04-21 08:15:00,193570787,37472576.39051618,37.472576390516174,30.895587921142578,26.369609832763672
2019-04-21 08:30:00,256054577,49568557.55705434,49.56855755705434,34.3753776550293,20.094066619873047
2019-04-21 08:45:00,357867478,69278100.35217951,69.27810035217951,47.256710052490234,19.542015075683594
2019-04-21 09:00:00,330103960,63903474.53571027,63.90347453571027,68.1355972290039,18.856094360351562
2019-04-21 09:15:00,487246705,94324095.37158,94.32409537158,59.2955322265625,18.702381134033203
2019-04-21 09:30:00,358763783,69451612.3686477,69.4516123686477,89.2817611694336,20.03619384765625
2019-04-21 09:45:00,486046879,94091825.96700127,94.09182596700128,58.12313461303711,33.8570556640625
2019-04-21 10:00:00,523927401,101424961.18000028,101.42496118000028,84.8011245727539,30.490089416503906
2019-04-21 10:15:00,438286479,84846085.60928082,84.84608560928082,94.76193237304688,12.748069763183594
2019-04-21 10:30:00,416683290,80664012.67034476,80.66401267034476,79.27208709716797,19.632965087890625
2019-04-21 10:45:00,391692972,75826239.29146041,75.82623929146041,72.51752471923828,30.773780822753906
2019-04-21 11:00:00,509136603,98561671.1323564,98.5616711323564,78.20685577392578,10.337448120117188
2019-04-21 11:15:00,511166984,98954724.28001112,98.95472428001112,94.50201416015625,22.031112670898438
2019-04-21 11:30:00,616812304,119406169.38365956,119.40616938365956,79.66130828857422,30.911239624023438
2019-04-21 11:45:00,652941954,126400360.45231298,126.40036045231298,108.63262939453125,25.993629455566406
2019-04-21 12:00:00,513074967,99324082.89980794,99.32408289980796,120.41988372802734,20.493148803710938
2019-04-21 12:15:00,638449877,123594898.58042556,123.59489858042556,92.71018981933594,22.18665313720703
2019-04-21 12:30:00,629130034,121790708.3191899,121.7907083191899,110.20170593261719,32.543861389160156
2019-04-21 12:45:00,577292403,111755673.49985588,111.75567349985587,110.67742156982422,27.771156311035156
2019-04-21 13:00:00,523423326,101327379.36387607,101.32737936387608,102.49678802490234,26.09105682373047
2019-04-21 13:15:00,525440091,101717796.64581963,101.71779664581965,86.48927307128906,28.015243530273438
2019-04-21 13:30:00,656653135,127118792.79263058,127.1187927926306,96.2171401977539,32.82463836669922
2019-04-21 13:45:00,698910194,135299163.89075527,135.29916389075527,115.13607788085938,30.39813232421875
2019-04-21 14:00:00,639087823,123718395.93551986,123.71839593551988,118.3648681640625,34.227081298828125
2019-04-21 14:15:00,688428610,133270076.94421302,133.27007694421303,109.14799499511719,44.425758361816406
2019-04-21 14:30:00,863730122,167205979.16169477,167.20597916169476,122.47027587890625,38.21022033691406
2019-04-21 14:45:00,759791415,147084910.2837293,147.08491028372933,158.04408264160156,45.145538330078125
2019-04-21 15:00:00,800789282,155021519.55631405,155.02151955631405,126.62498474121094,41.24925231933594
2019-04-21 15:15:00,712705630,137969765.88273084,137.96976588273083,145.97805786132812,33.29664611816406
2019-04-21 15:30:00,731955993,141696364.86619556,141.69636486619555,124.87399291992188,31.492202758789062
2019-04-21 15:45:00,834695108,161585209.6386845,161.58520963868452,111.97731018066406,60.112213134765625
2019-04-21 16:00:00,924217675,178915516.97779042,178.91551697779042,141.8716278076172,43.469482421875
2019-04-21 16:15:00,829232403,160527706.93600988,160.52770693600988,172.74398803710938,34.17913818359375
2019-04-21 16:30:00,840145443,162640317.68368825,162.64031768368827,154.71920776367188,47.51301574707031
2019-04-21 16:45:00,804979398,155832666.9630512,155.8326669630512,143.63827514648438,44.04658508300781
2019-04-21 17:00:00,756884764,146522223.61325526,146.52222361325525,136.7403106689453,43.097686767578125
2019-04-21 17:15:00,783413050,151657725.92251882,151.6577259225188,146.78253173828125,31.911956787109375
2019-04-21 17:30:00,804138434,155669868.18426818,155.66986818426818,142.96517944335938,39.269561767578125
2019-04-21 17:45:00,798113967,154503616.27524614,154.50361627524617,147.79391479492188,30.655441284179688
2019-04-21 18:00:00,718174046,139028374.15452093,139.02837415452092,136.11233520507812,44.863372802734375
2019-04-21 18:15:00,695647583,134667568.38078797,134.66756838078797,122.48490905761719,51.46409606933594
2019-04-21 18:30:00,707595528,136980522.1516593,136.9805221516593,114.4273452758789,36.54072570800781
2019-04-21 18:45:00,817991280,158351583.94317064,158.35158394317062,121.82742309570312,45.65956115722656
2019-04-21 19:00:00,754244377,146011081.90075076,146.01108190075075,150.4679718017578,42.756988525390625
2019-04-21 19:15:00,800164005,154900474.74107686,154.90047474107686,125.54927062988281,43.513671875
2019-04-21 19:30:00,729501568,141221222.7761482,141.2212227761482,153.00177001953125,37.446380615234375
2019-04-21 19:45:00,714346678,138287449.64841446,138.28744964841445,133.46365356445312,32.666412353515625
2019-04-21 20:00:00,790855210,153098423.2169429,153.0984232169429,126.0899658203125,41.765167236328125
2019-04-21 20:15:00,857244868,165950525.38329533,165.95052538329531,144.12625122070312,28.88397216796875
2019-04-21 20:30:00,1026441258,198704562.02041748,198.70456202041748,147.55780029296875,41.514190673828125
2019-04-21 20:45:00,994912105,192600962.3366451,192.6009623366451,186.45489501953125,28.08697509765625
2019-04-21 21:00:00,1176781219,227808259.7448046,227.8082597448046,183.8266143798828,35.44691467285156
2019-04-21 21:15:00,1262450157,244392558.8182975,244.39255881829752,216.8650360107422,33.33952331542969
2019-04-21 21:30:00,1284475487,248656352.305645,248.656352305645,232.1197052001953,34.602264404296875
2019-04-21 21:45:00,1329899126,257449728.66549173,257.4497286654917,238.06021118164062,37.8272705078125
2019-04-21 22:00:00,1371172992,265439767.4548517,265.4397674548517,247.5254364013672,20.323760986328125
2019-04-21 22:15:00,1343673753,260116302.3283264,260.1163023283264,250.2320098876953,29.21826171875
2019-04-21 22:30:00,1288153384,249368341.3326305,249.3683413326305,242.58702087402344,45.25762939453125
2019-04-21 22:45:00,1170580097,226607809.91736287,226.60780991736289,227.86460876464844,42.0531005859375
2019-04-21 23:00:00,1172208809,226923105.60729644,226.92310560729643,214.22206115722656,35.91996765136719
2019-04-21 23:15:00,1137873033,220276183.264166,220.276183264166,226.69346618652344,18.237106323242188
2019-04-21 23:30:00,1061776750,205545015.29225585,205.5450152922558,205.51116943359375,33.202911376953125
2019-04-21 23:45:00,803457441,155538037.5366307,155.5380375366307,196.7296600341797,20.056259155273438
2019-04-22 00:00:00,846365221,163844379.04981294,163.84437904981294,140.1417999267578,26.080795288085938
2019-04-22 00:15:00,847871566,164135986.21305174,164.13598621305172,151.2110137939453,23.190383911132812
2019-04-22 00:30:00,847776533,164117589.1635418,164.1175891635418,148.93580627441406,21.854385375976562
2019-04-22 00:45:00,784445366,151857567.7517983,151.8575677517983,155.87533569335938,21.191162109375
2019-04-22 01:00:00,991831691,192004637.5981947,192.00463759819468,143.72618103027344,14.103073120117188
2019-04-22 01:15:00,753425231,145852506.77928895,145.85250677928894,175.377685546875,17.561141967773438
2019-04-22 01:30:00,671498892,129992722.12814309,129.9927221281431,130.07522583007812,17.615463256835938
2019-04-22 01:45:00,585438685,113332678.89036292,113.33267889036291,118.1490478515625,12.104705810546875
2019-04-22 02:00:00,555613505,107558944.36547875,107.55894436547877,100.84151458740234,12.524070739746094
2019-04-22 02:15:00,614009120,118863512.466236,118.863512466236,92.64834594726562,17.970558166503906
2019-04-22 02:30:00,522401848,101129635.61865778,101.1296356186578,105.85887908935547,12.693565368652344
2019-04-22 02:45:00,332284801,64325654.61894808,64.32565461894808,91.88180541992188,11.210716247558594
2019-04-22 03:00:00,311622498,60325723.94980485,60.32572394980485,53.297218322753906,12.769134521484375
2019-04-22 03:15:00,285837885,55334186.25283617,55.33418625283617,50.68499755859375,11.8319091796875
2019-04-22 03:30:00,298148531,57717353.82580058,57.717353825800586,39.25613021850586,14.900989532470703
2019-04-22 03:45:00,301427488,58352113.69100544,58.35211369100544,48.85305404663086,11.961357116699219
2019-04-22 04:00:00,248486775,48103537.742089696,48.1035377420897,46.47541046142578,16.431842803955078
2019-04-22 04:15:00,210418540,40734063.9377102,40.73406393771021,38.195674896240234,13.155250549316406
2019-04-22 04:30:00,144530563,27979080.14282037,27.979080142820365,32.99687957763672,12.241466522216797
2019-04-22 04:45:00,139448260,26995217.906380475,26.995217906380475,18.915170669555664,12.263042449951172
2019-04-22 05:00:00,185451862,35900866.929669835,35.90086692966983,16.83721923828125,13.833566665649414
2019-04-22 05:15:00,148211961,28691746.914066657,28.69174691406666,31.34840202331543,14.111675262451172
2019-04-22 05:30:00,190862777,36948343.818215474,36.94834381821548,22.576690673828125,11.564313888549805
2019-04-22 05:45:00,201332520,38975138.51403169,38.97513851403169,31.445096969604492,10.075851440429688
2019-04-22 06:00:00,160677819,31104961.34284473,31.10496134284473,33.92678451538086,9.46157455444336
2019-04-22 06:15:00,146436362,28348015.97099608,28.34801597099608,23.7312068939209,9.83009147644043
2019-04-22 06:30:00,144572381,27987175.518283702,27.987175518283703,19.834518432617188,17.83395767211914
2019-04-22 06:45:00,142901286,27663675.076849274,27.66367507684928,19.69849395751953,12.660554885864258
2019-04-22 07:00:00,108420666,20988712.976590004,20.988712976590005,23.287309646606445,9.357168197631836
2019-04-22 07:15:00,361771215,70033808.82042573,70.03380882042573,12.355971336364746,13.473335266113281
2019-04-22 07:30:00,202400437,39181872.19519006,39.18187219519006,63.43217849731445,10.474586486816406
2019-04-22 07:45:00,169824612,32875651.56285576,32.87565156285576,28.475217819213867,15.367218017578125
2019-04-22 08:00:00,202535876,39208091.27686252,39.20809127686252,19.65673065185547,22.327556610107422
2019-04-22 08:15:00,204035296,39498357.85769461,39.49835785769461,29.516408920288086,13.321269989013672
2019-04-22 08:30:00,252308834,48843434.50061535,48.84343450061535,32.91718292236328,11.91180419921875
2019-04-22 08:45:00,301136415,58295766.060266525,58.29576606026652,44.27701187133789,12.46829605102539
2019-04-22 09:00:00,589597863,114137837.13630606,114.13783713630606,55.138816833496094,12.914459228515625
2019-04-22 09:15:00,372039232,72021552.2055452,72.0215522055452,112.81655883789062,12.129203796386719
2019-04-22 09:30:00,447230937,86577606.62477767,86.57760662477767,66.44686889648438,12.441268920898438
2019-04-22 09:45:00,484692836,93829702.32458644,93.82970232458644,84.48773956298828,11.443138122558594
2019-04-22 10:00:00,431516472,83535507.66307539,83.53550766307539,92.90524291992188,14.003654479980469
2019-04-22 10:15:00,417607948,80843013.42803709,80.8430134280371,80.75524139404297,9.60260009765625
2019-04-22 10:30:00,417546430,80831104.41020377,80.83110441020376,78.29985046386719,10.218429565429688
2019-04-22 10:45:00,520428350,100747594.21815692,100.74759421815692,78.39691925048828,15.407333374023438
2019-04-22 11:00:00,528376806,102286303.28300492,102.28630328300493,97.64655303955078,11.655891418457031
2019-04-22 11:15:00,512763167,99263722.81397246,99.26372281397246,99.60823822021484,16.61731719970703
2019-04-22 11:30:00,676615797,130983282.82414064,130.98328282414064,93.39128875732422,13.025131225585938
2019-04-22 11:45:00,620433063,120107097.29908489,120.10709729908488,127.56072998046875,13.45269775390625
2019-04-22 12:00:00,607912660,117683323.72700374,117.68332372700374,115.47267150878906,12.885688781738281
2019-04-22 12:15:00,566254769,109618943.10966764,109.61894310966764,115.54013061523438,15.001106262207031
2019-04-22 12:30:00,628492337,121667259.16698648,121.66725916698648,105.04151916503906,16.78290557861328
2019-04-22 12:45:00,712389946,137908653.90923214,137.90865390923213,119.54393768310547,18.08837127685547
2019-04-22 13:00:00,728759861,141077638.75374672,141.07763875374673,135.1920166015625,22.980667114257812
2019-04-22 13:15:00,771919610,149432757.91435644,149.43275791435644,130.3138885498047,14.74237060546875
2019-04-22 13:30:00,676794044,131017788.93132448,131.01778893132447,139.09034729003906,19.20355224609375
2019-04-22 13:45:00,858769342,166245642.06544405,166.24564206544406,127.37042999267578,19.22930908203125
2019-04-22 14:00:00,723314715,140023535.22601494,140.02353522601493,153.83729553222656,25.466598510742188
2019-04-22 14:15:00,800034561,154875416.2069175,154.8754162069175,137.4485626220703,17.51904296875
2019-04-22 14:30:00,878920999,170146718.8654675,170.14671886546748,150.84034729003906,21.987838745117188
2019-04-22 14:45:00,716044675,138616157.93792185,138.61615793792186,159.18141174316406,18.542953491210938
2019-04-22 15:00:00,711295260,137696738.12692648,137.69673812692648,135.90269470214844,16.6348876953125
2019-04-22 15:15:00,708374490,137131318.21703002,137.13131821703,125.92103576660156,26.141769409179688
2019-04-22 15:30:00,719781349,139339525.3637693,139.3395253637693,126.01264190673828,26.070831298828125
2019-04-22 15:45:00,724740544,140299555.62635723,140.29955562635723,139.56349182128906,18.8004150390625
2019-04-22 16:00:00,644030410,124675211.1233626,124.6752111233626,131.6759490966797,24.896621704101562
2019-04-22 16:15:00,919504596,178003131.30431563,178.00313130431562,120.0428695678711,20.311553955078125
2019-04-22 16:30:00,783468731,151668504.97941235,151.66850497941235,165.42770385742188,19.18560791015625
2019-04-22 16:45:00,686013725,132802589.2409326,132.8025892409326,144.21792602539062,25.248458862304688
2019-04-22 17:00:00,742719721,143780070.91491216,143.78007091491216,124.68860626220703,18.651077270507812
2019-04-22 17:15:00,907342968,175648811.51605627,175.64881151605627,137.68508911132812,21.5853271484375
2019-04-22 17:30:00,949647915,183838453.0561004,183.8384530561004,164.0999755859375,29.189605712890625
2019-04-22 17:45:00,759547173,147037628.47460607,147.03762847460607,173.00843811035156,20.594863891601562
2019-04-22 18:00:00,735294723,142342695.94182584,142.34269594182584,131.75445556640625,27.453079223632812
2019-04-22 18:15:00,851648593,164867165.41100863,164.8671654110086,144.7396697998047,25.25946044921875
2019-04-22 18:30:00,762297957,147570141.4904973,147.5701414904973,164.34080505371094,22.166366577148438
2019-04-22 18:45:00,750491156,145284511.20889843,145.28451120889844,140.5054473876953,15.47344970703125
2019-04-22 19:00:00,796178260,154128890.67976072,154.12889067976073,146.86349487304688,16.860931396484375
2019-04-22 19:15:00,842080655,163014947.45414966,163.01494745414968,143.1767578125,26.391921997070312
2019-04-22 19:30:00,874834988,169355724.71958953,169.35572471958952,161.37828063964844,21.948867797851562
2019-04-22 19:45:00,993658548,192358291.36769167,192.3582913676917,162.9481658935547,24.298675537109375
2019-04-22 20:00:00,961979001,186225577.5250061,186.2255775250061,196.26449584960938,29.995803833007812
2019-04-22 20:15:00,1086866321,210402002.6531781,210.4020026531781,176.1223602294922,24.094772338867188
2019-04-22 20:30:00,912953375,176734907.24438217,176.7349072443822,199.84642028808594,21.34075927734375
2019-04-22 20:45:00,1015679392,196621216.4286599,196.6212164286599,164.9610137939453,25.548416137695312
2019-04-22 21:00:00,1314628775,254493603.9153377,254.4936039153377,175.5592803955078,24.160507202148438
2019-04-22 21:15:00,1476730574,285874227.7181825,285.8742277181825,243.2491912841797,22.701736450195312
2019-04-22 21:30:00,1626301978,314829143.6385623,314.8291436385623,266.17193603515625,44.48602294921875
2019-04-22 21:45:00,1489135289,288275605.72384244,288.27560572384243,304.73443603515625,23.4490966796875
2019-04-22 22:00:00,1615161122,312672430.92387086,312.6724309238709,269.3104553222656,24.685882568359375
2019-04-22 22:15:00,1614292870,312504349.5728547,312.5043495728547,301.02752685546875,22.78143310546875
2019-04-22 22:30:00,1339734581,259353734.14346185,259.35373414346185,289.6943359375,34.72705078125
2019-04-22 22:45:00,1494443348,289303171.1403268,289.3031711403268,238.63502502441406,23.864990234375
2019-04-22 23:00:00,1313415383,254258708.3243432,254.2587083243432,277.9787902832031,20.14141845703125
2019-04-22 23:15:00,1378843571,266924683.4485909,266.9246834485909,237.7803192138672,24.031951904296875
2019-04-22 23:30:00,1293155716,250336722.3104933,250.3367223104933,244.7324676513672,26.98040771484375
2019-04-22 23:45:00,957017539,185265108.4031667,185.26510840316672,231.5703125,24.151016235351562
2019-04-23 00:00:00,911541796,176461645.44321617,176.46164544321616,169.10443115234375,23.811843872070312
2019-04-23 00:15:00,835733825,161786290.6113554,161.78629061135538,156.5527801513672,22.6524658203125
2019-04-23 00:30:00,781901247,151365062.16739902,151.36506216739903,144.73602294921875,28.90576171875
2019-04-23 00:45:00,758035561,146745001.69439453,146.74500169439452,136.13047790527344,16.247283935546875
2019-04-23 01:00:00,765557691,148201180.05380985,148.20118005380985,133.91311645507812,14.129058837890625
2019-04-23 01:15:00,497824380,96371784.18152194,96.37178418152192,136.5243682861328,12.686965942382812
2019-04-23 01:30:00,535533384,103671715.92690602,103.67171592690602,92.30989074707031,12.686180114746094
2019-04-23 01:45:00,482586714,93421986.78674164,93.42198678674164,93.69779205322266,12.772880554199219
2019-04-23 02:00:00,495877694,95994933.2063624,95.99493320636242,82.51734161376953,18.28594970703125
2019-04-23 02:15:00,410148430,79398955.86943744,79.39895586943744,88.42243194580078,10.992744445800781
2019-04-23 02:30:00,344817383,66751785.873791866,66.75178587379186,75.83234405517578,8.776100158691406
2019-04-23 02:45:00,284881231,55148991.52046008,55.148991520460086,58.74860763549805,9.804252624511719
2019-04-23 03:00:00,235305612,45551850.346029535,45.55185034602953,48.68196487426758,11.249988555908203
2019-04-23 03:15:00,216805354,41970461.119414166,41.97046111941417,37.14763259887695,9.644939422607422
2019-04-23 03:30:00,174005077,33684930.67200346,33.68493067200346,35.212833404541016,8.974540710449219
2019-04-23 03:45:00,162103735,31380998.585160945,31.380998585160945,28.145915985107422,6.5587005615234375
2019-04-23 04:00:00,137154908,26551257.279148314,26.55125727914832,26.55105209350586,11.33138656616211
2019-04-23 04:15:00,201989000,39102223.7903283,39.1022237903283,20.938373565673828,11.239812850952148
2019-04-23 04:30:00,155631205,30128007.99384353,30.12800799384353,33.31401443481445,8.831775665283203
2019-04-23 04:45:00,126038588,24399294.388273552,24.39929438827356,23.635395050048828,10.311443328857422
2019-04-23 05:00:00,91089940,17633728.66308352,17.63372866308352,18.33279037475586,10.77003288269043
2019-04-23 05:15:00,84723507,16401276.955752274,16.401276955752273,12.173047065734863,8.148120880126953
2019-04-23 05:30:00,103825814,20099214.384154588,20.09921438415459,11.555752754211426,10.366886138916016
2019-04-23 05:45:00,99927696,19344593.6751204,19.3445936751204,13.273887634277344,13.25959587097168
2019-04-23 06:00:00,116324592,22518801.66099457,22.518801660994573,14.51269817352295,10.381416320800781
2019-04-23 06:15:00,149180421,28879227.121662028,28.879227121662023,17.212203979492188,16.126924514770508
2019-04-23 06:30:00,223414992,43249993.887283005,43.24999388728301,27.5532169342041,8.983667373657227
2019-04-23 06:45:00,159025217,30785040.885590404,30.785040885590405,42.247920989990234,10.866764068603516
2019-04-23 07:00:00,277492169,53718573.250531465,53.71857325053146,28.632568359375,12.14028549194336
2019-04-23 07:15:00,349045328,67570256.44180892,67.57025644180892,49.08915710449219,17.005794525146484
2019-04-23 07:30:00,475806460,92109425.16574612,92.1094251657461,65.1186752319336,10.335601806640625
2019-04-23 07:45:00,377793245,73135448.0316469,73.1354480316469,86.18893432617188,11.979095458984375
2019-04-23 08:00:00,544384169,105385103.16972658,105.38510316972658,71.00403594970703,9.866615295410156
2019-04-23 08:15:00,420377213,81379104.10507753,81.37910410507753,100.42964172363281,14.974441528320312
2019-04-23 08:30:00,546148190,105726592.77516468,105.72659277516468,80.70777893066406,9.595664978027344
2019-04-23 08:45:00,431167644,83467979.4782716,83.4679794782716,106.38221740722656,7.074241638183594
2019-04-23 09:00:00,412078179,79772528.08008833,79.77252808008834,83.59188842773438,9.778152465820312
2019-04-23 09:15:00,416884058,80702878.5257425,80.7028785257425,83.89594268798828,9.322029113769531
2019-04-23 09:30:00,438138096,84817360.75162679,84.8173607516268,82.202880859375,8.898178100585938
2019-04-23 09:45:00,586463790,113531124.77166627,113.53112477166628,87.12532806396484,10.25006103515625
2019-04-23 10:00:00,471407477,91257844.05134954,91.25784405134954,117.12085723876953,9.470718383789062
2019-04-23 10:15:00,406830056,78756565.42853221,78.75656542853221,88.55563354492188,8.903488159179688
2019-04-23 10:30:00,590078802,114230940.14888346,114.23094014888346,79.90916442871094,12.985740661621094
2019-04-23 10:45:00,563670659,109118695.8312573,109.1186958312573,117.19378662109375,10.024421691894531
2019-04-23 11:00:00,729361207,141194050.86464095,141.19405086464096,109.98686218261719,9.570404052734375
2019-04-23 11:15:00,564565762,109291975.15746512,109.29197515746512,142.2786102294922,12.389572143554688
2019-04-23 11:30:00,533331133,103245391.16939709,103.24539116939708,108.03213500976562,10.22589111328125
2019-04-23 11:45:00,672960279,130275626.05617024,130.27562605617024,104.14232635498047,11.778518676757812
2019-04-23 12:00:00,820547205,158846375.00278923,158.84637500278922,129.7859649658203,12.307205200195312
2019-04-23 12:15:00,1096458667,212258945.6548577,212.25894565485768,161.42361450195312,14.035552978515625
2019-04-23 12:30:00,1034985788,200358662.61125743,200.35866261125744,214.35333251953125,14.700408935546875
2019-04-23 12:45:00,1033651186,200100302.47246265,200.10030247246263,202.7828369140625,7.9046630859375
2019-04-23 13:00:00,914083598,176953702.48906866,176.95370248906866,195.65562438964844,12.980697631835938
2019-04-23 13:15:00,1075721481,208244518.6922327,208.2445186922327,174.55589294433594,17.011367797851562
2019-04-23 13:30:00,893800261,173027134.29679757,173.02713429679758,205.45559692382812,11.976211547851562
2019-04-23 13:45:00,756823197,146510305.1097125,146.5103051097125,166.15841674804688,18.157302856445312
2019-04-23 14:00:00,737268638,142724818.06764993,142.72481806764992,145.02896118164062,11.290313720703125
2019-04-23 14:15:00,730715161,141456157.27791005,141.45615727791005,139.20501708984375,16.946640014648438
2019-04-23 14:30:00,622421739,120492076.94648378,120.49207694648378,138.79991149902344,18.116500854492188
2019-04-23 14:45:00,718472924,139086232.7232648,139.0862327232648,122.00045013427734,18.489585876464844
2019-04-23 15:00:00,631392296,122228650.36057016,122.22865036057016,137.67601013183594,14.642684936523438
2019-04-23 15:15:00,650173041,125864337.91751182,125.86433791751182,123.94331359863281,12.844459533691406
2019-04-23 15:30:00,605364942,117190121.42692478,117.19012142692478,124.48868560791016,14.118568420410156
2019-04-23 15:45:00,538937734,104330750.10976055,104.33075010976056,117.39189147949219,16.644577026367188
2019-04-23 16:00:00,607838354,117668939.13259035,117.66893913259037,103.71996307373047,16.52587127685547
2019-04-23 16:15:00,658071738,127393414.34120816,127.39341434120814,119.19159698486328,17.15796661376953
2019-04-23 16:30:00,745264023,144272611.92553246,144.27261192553246,124.75485229492188,21.44818115234375
2019-04-23 16:45:00,771824218,149414291.36750582,149.41429136750585,140.75062561035156,17.736282348632812
2019-04-23 17:00:00,895349244,173326995.57594353,173.32699557594353,148.55308532714844,17.0008544921875
2019-04-23 17:15:00,858768824,166245541.78794417,166.24554178794418,166.0050506591797,24.802215576171875
2019-04-23 17:30:00,799745723,154819501.24068096,154.81950124068095,164.30882263183594,20.111724853515625
2019-04-23 17:45:00,871790303,168766316.61201409,168.7663166120141,153.3032989501953,16.925750732421875
2019-04-23 18:00:00,876412219,169661054.41343942,169.66105441343942,166.01148986816406,21.279373168945312
2019-04-23 18:15:00,950870038,184075038.84564987,184.07503884564983,171.0767364501953,17.949737548828125
2019-04-23 18:30:00,789860294,152905821.50058916,152.90582150058916,182.4398193359375,17.769287109375
2019-04-23 18:45:00,798732999,154623452.14649346,154.62345214649346,150.95794677734375,13.907241821289062
2019-04-23 19:00:00,831818276,161028295.50637445,161.02829550637446,154.51602172851562,18.690032958984375
2019-04-23 19:15:00,782426872,151466815.75982136,151.46681575982134,160.0182342529297,24.48431396484375
2019-04-23 19:30:00,690178314,133608794.9802191,133.6087949802191,148.5053253173828,20.810409545898438
2019-04-23 19:45:00,842703077,163135439.58162206,163.13543958162205,129.72634887695312,18.91595458984375
2019-04-23 20:00:00,1151939070,222999169.79619017,222.99916979619016,156.77818298339844,15.088836669921875
2019-04-23 20:15:00,1072438273,207608935.8933368,207.6089358933368,216.51113891601562,18.7449951171875
2019-04-23 20:30:00,971027088,187977159.65447035,187.9771596544704,206.27951049804688,21.359268188476562
2019-04-23 20:45:00,1086928948,210414126.3577824,210.4141263577824,179.095947265625,24.321533203125
2019-04-23 21:00:00,1533919319,296945162.79523134,296.94516279523134,203.00729370117188,20.823348999023438
2019-04-23 21:15:00,1289849223,249696631.8637504,249.69663186375035,289.2925720214844,22.6995849609375
2019-04-23 21:30:00,1398782790,270784635.2456807,270.7846352456807,237.9364471435547,25.358306884765625
2019-04-23 21:45:00,1675186274,324292454.422935,324.292454422935,262.41680908203125,18.714324951171875
2019-04-23 22:00:00,1639529144,317389736.5671071,317.3897365671071,315.0379943847656,24.004852294921875
2019-04-23 22:15:00,1650604595,319533787.7955443,319.5337877955443,309.140380859375,25.78472900390625
2019-04-23 22:30:00,1494741572,289360903.10388744,289.36090310388744,306.9301452636719,22.076568603515625
2019-04-23 22:45:00,1583292261,306503068.55876744,306.50306855876744,278.2928161621094,21.01129150390625
2019-04-23 23:00:00,1401843777,271377199.19071376,271.3771991907138,291.15191650390625,19.917724609375
2019-04-23 23:15:00,1304745497,252580340.5785321,252.5803405785321,260.2322692871094,22.720184326171875
2019-04-23 23:30:00,1291912319,250096018.17435604,250.09601817435603,244.82293701171875,14.738082885742188
2019-04-23 23:45:00,880130394,170380840.69359133,170.38084069359132,236.321533203125,12.163238525390625
2019-04-24 00:00:00,799999374,154868604.49960417,154.86860449960415,156.68060302734375,30.482254028320312
2019-04-24 00:15:00,733404563,141976787.60365134,141.97678760365133,146.24143981933594,14.410675048828125
2019-04-24 00:30:00,690478583,133666922.82695974,133.66692282695973,138.6819610595703,12.996078491210938
2019-04-24 00:45:00,646241745,125103294.41525169,125.10329441525168,125.60707092285156,14.568161010742188
2019-04-24 01:00:00,667216913,129163791.33922148,129.1637913392215,119.18768310546875,12.478355407714844
2019-04-24 01:15:00,657616156,127305220.0864772,127.3052200864772,127.68807983398438,12.554718017578125
2019-04-24 01:30:00,667807116,129278046.32235284,129.27804632235285,120.63998413085938,10.589187622070312
2019-04-24 01:45:00,573146070,110953001.86488952,110.95300186488952,120.18075561523438,8.945327758789062
2019-04-24 02:00:00,496334261,96083318.14321184,96.08331814321184,103.16578674316406,17.184097290039062
2019-04-24 02:15:00,341329705,66076620.564470045,66.07662056447005,85.57662963867188,13.530067443847656
2019-04-24 02:30:00,360717036,69829734.62245919,69.82973462245918,54.69279479980469,14.783805847167969
2019-04-24 02:45:00,289595997,56061703.77336015,56.06170377336015,58.83477783203125,14.818000793457031
2019-04-24 03:00:00,357042470,69118390.43013024,69.11839043013025,48.41208267211914,14.417098999023438
2019-04-24 03:15:00,255061421,49376296.55189709,49.37629655189709,60.146785736083984,13.813514709472656
2019-04-24 03:30:00,208719239,40405103.21217996,40.40510321217996,38.868125915527344,14.483165740966797
2019-04-24 03:45:00,220707915,42725941.93063363,42.72594193063362,28.73866844177246,12.195205688476562
2019-04-24 04:00:00,129466287,25062848.60847309,25.062848608473093,34.20402908325195,17.11182403564453
2019-04-24 04:15:00,119892648,23209527.01835772,23.209527018357715,19.131772994995117,9.86555290222168
2019-04-24 04:30:00,99207480,19205170.00744852,19.20517000744852,14.940391540527344,10.007574081420898
2019-04-24 04:45:00,114801100,22223875.08020664,22.22387508020664,18.72023582458496,10.922502517700195
2019-04-24 05:00:00,90146513,17451094.49150072,17.45109449150072,21.475051879882812,12.727224349975586
2019-04-24 05:15:00,80001212,15487107.194557613,15.487107194557613,10.052978515625,15.649812698364258
2019-04-24 05:30:00,110825961,21454344.191021275,21.45434419102128,8.413678169250488,12.512313842773438
2019-04-24 05:45:00,75189237,14555576.649213731,14.555576649213734,14.920580863952637,11.432424545288086
2019-04-24 06:00:00,93482169,18096830.48405255,18.09683048405255,3.3101751804351807,16.174238204956055
2019-04-24 06:15:00,243783669,47193082.70086648,47.19308270086648,7.208726406097412,20.412256240844727
2019-04-24 06:30:00,142587966,27603020.740434986,27.603020740434985,34.93589401245117,16.67717742919922
2019-04-24 06:45:00,188942259,36576558.59907308,36.576558599073074,20.998016357421875,11.64930534362793
2019-04-24 07:00:00,234671967,45429185.60392169,45.42918560392169,30.21614646911621,10.893218994140625
2019-04-24 07:15:00,258144910,49973216.567011856,49.97321656701185,43.517616271972656,12.439414978027344
2019-04-24 07:30:00,328913231,63672966.18212847,63.67296618212847,41.591732025146484,21.006454467773438
2019-04-24 07:45:00,398736033,77189676.64394462,77.18967664394462,61.10273361206055,13.4439697265625
2019-04-24 08:00:00,389670475,75434712.3750973,75.4347123750973,69.70668029785156,15.801918029785156
2019-04-24 08:15:00,419020236,81116412.48161127,81.11641248161126,64.80603790283203,18.123191833496094
2019-04-24 08:30:00,456955195,88460085.93063536,88.46008593063536,74.11060333251953,25.08929443359375
2019-04-24 08:45:00,443494979,85854377.8064397,85.8543778064397,88.3375015258789,11.162109375
2019-04-24 09:00:00,365667343,70788044.29350479,70.78804429350478,86.88688659667969,10.772689819335938
2019-04-24 09:15:00,395198228,76504807.45385732,76.50480745385732,69.55928039550781,13.230392456054688
2019-04-24 09:30:00,377901489,73156402.54457563,73.15640254457563,76.5614242553711,13.634910583496094
2019-04-24 09:45:00,412274087,79810453.10797755,79.81045310797755,71.50703430175781,9.037094116210938
2019-04-24 10:00:00,473393045,91642222.03374912,91.64222203374914,82.18689727783203,12.61895751953125
2019-04-24 10:15:00,527364847,102090402.28203636,102.09040228203637,94.05196380615234,16.448638916015625
2019-04-24 10:30:00,587400702,113712497.73106427,113.71249773106427,102.76367950439453,11.147727966308594
2019-04-24 10:45:00,585263006,113298669.91178854,113.29866991178854,110.83187866210938,13.707733154296875
2019-04-24 11:00:00,506468429,98045150.24825114,98.04515024825116,117.87606048583984,11.27215576171875
2019-04-24 11:15:00,523748894,101390404.7404806,101.3904047404806,99.507568359375,12.096260070800781
2019-04-24 11:30:00,720075767,139396520.53936747,139.39652053936746,102.66839599609375,14.126266479492188
2019-04-24 11:45:00,559060197,108226175.36281195,108.22617536281196,136.9664764404297,13.8946533203125
2019-04-24 12:00:00,846392435,163849647.2966889,163.84964729668891,105.95174407958984,17.430259704589844
2019-04-24 12:15:00,830943913,160859031.15188,160.85903115188,162.9224090576172,15.138153076171875
2019-04-24 12:30:00,1006120908,194770828.6329667,194.7708286329667,155.08908081054688,26.262191772460938
2019-04-24 12:45:00,1051291042,203515129.99743265,203.51512999743264,190.89845275878906,23.533218383789062
2019-04-24 13:00:00,1089854175,210980409.08006683,210.98040908006683,205.8055419921875,20.045501708984375
2019-04-24 13:15:00,1041747423,201667619.8562486,201.6676198562486,207.64297485351562,20.938568115234375
2019-04-24 13:30:00,874832936,169355327.48130816,169.35532748130817,193.59263610839844,28.153900146484375
2019-04-24 13:45:00,908342353,175842278.36782888,175.84227836782887,172.04034423828125,23.369583129882812
2019-04-24 14:00:00,1009898265,195502071.7142729,195.5020717142729,177.18191528320312,19.485992431640625
2019-04-24 14:15:00,964256437,186666457.0389408,186.6664570389408,188.32879638671875,22.27874755859375
2019-04-24 14:30:00,890668269,172420824.78443047,172.4208247844305,182.54945373535156,17.3536376953125
2019-04-24 14:45:00,933514682,180715286.5112514,180.71528651125132,168.19371032714844,21.58367919921875
2019-04-24 15:00:00,872572722,168917781.90386567,168.91778190386566,181.54147338867188,14.4940185546875
2019-04-24 15:15:00,820790916,158893554.0177958,158.8935540177958,169.67323303222656,21.940277099609375
2019-04-24 15:30:00,776271609,150275243.58849356,150.27524358849357,149.36529541015625,25.307373046875
2019-04-24 15:45:00,796646867,154219606.3909317,154.2196063909317,146.75624084472656,27.458511352539062
2019-04-24 16:00:00,835488983,161738892.65068787,161.7388926506879,152.80075073242188,24.898040771484375
2019-04-24 16:15:00,774277420,149889196.7019888,149.8891967019888,155.7969970703125,22.492965698242188
2019-04-24 16:30:00,745901330,144395985.57923213,144.39598557923213,145.607666015625,30.714218139648438
2019-04-24 16:45:00,828716338,160427804.02485952,160.4278040248595,148.59442138671875,22.532089233398438
2019-04-24 17:00:00,893910338,173048443.65269402,173.048443652694,159.2018280029297,16.268707275390625
2019-04-24 17:15:00,946323523,183194897.6152062,183.1948976152062,166.7954864501953,29.177337646484375
2019-04-24 17:30:00,938864283,181750893.87348875,181.7508938734888,187.360595703125,26.89593505859375
2019-04-24 17:45:00,1013273977,196155561.98391977,196.15556198391977,181.47084045410156,30.333389282226562
2019-04-24 18:00:00,902129001,174639460.98474324,174.63946098474324,197.302734375,20.451507568359375
2019-04-24 18:15:00,1159363588,224436451.84804112,224.43645184804112,177.86778259277344,20.932662963867188
2019-04-24 18:30:00,1060933698,205381812.3060988,205.3818123060988,221.52369689941406,26.190689086914062
2019-04-24 18:45:00,970957177,187963625.87011868,187.96362587011868,203.16714477539062,26.6463623046875
2019-04-24 19:00:00,821023876,158938651.7907151,158.93865179071508,186.75625610351562,20.737091064453125
2019-04-24 19:15:00,746539559,144519537.71913815,144.51953771913816,143.95594787597656,31.57769775390625
2019-04-24 19:30:00,812800439,157346710.27954534,157.3467102795453,139.24215698242188,31.300247192382812
2019-04-24 19:45:00,932750409,180567334.02927017,180.56733402927017,141.8890838623047,27.031219482421875
2019-04-24 20:00:00,928307417,179707233.39268777,179.70723339268775,169.32052612304688,20.72381591796875
2019-04-24 20:15:00,873665256,169129281.08929923,169.12928108929924,168.0779266357422,26.643234252929688
2019-04-24 20:30:00,966715897,187142573.8340304,187.1425738340304,166.70700073242188,27.849105834960938
2019-04-24 20:45:00,1185176824,229433530.55442888,229.43353055442887,185.0999298095703,31.727264404296875
2019-04-24 21:00:00,1233125427,238715704.36062428,238.71570436062427,208.99215698242188,22.90435791015625
2019-04-24 21:15:00,1318290159,255202396.2582392,255.2023962582392,214.14791870117188,41.584136962890625
2019-04-24 21:30:00,1347764622,260908236.914541,260.908236914541,241.56591796875,21.941696166992188
2019-04-24 21:45:00,1417579437,274423401.20571715,274.42340120571714,250.90997314453125,29.040679931640625
2019-04-24 22:00:00,1509929613,292301093.79802763,292.30109379802764,258.0815124511719,28.976165771484375
2019-04-24 22:15:00,1594461785,308665330.99424386,308.66533099424385,275.2389221191406,26.32415771484375
2019-04-24 22:30:00,1686109874,326407109.4377924,326.4071094377924,290.5807800292969,25.538970947265625
2019-04-24 22:45:00,1442734910,279293146.26508945,279.29314626508943,314.92333984375,26.36566162109375
2019-04-24 23:00:00,1409781115,272913755.9674465,272.9137559674465,260.5456848144531,19.758941650390625
2019-04-24 23:15:00,1452784369,281238579.90152377,281.2385799015238,251.45611572265625,29.481536865234375
2019-04-24 23:30:00,1274593344,246743308.688844,246.743308688844,260.09783935546875,29.24029541015625
2019-04-24 23:45:00,834318014,161512209.5546305,161.5122095546305,226.64920043945312,29.357162475585938
2019-04-25 00:00:00,854987703,165513570.0492836,165.5135700492836,137.58804321289062,34.32972717285156
2019-04-25 00:15:00,806432995,156114062.856862,156.114062856862,154.32601928710938,19.64324951171875
2019-04-25 00:30:00,749588316,145109734.10852733,145.1097341085273,140.60525512695312,20.87109375
2019-04-25 00:45:00,686910470,132976186.4351999,132.9761864351999,134.185791015625,21.473526000976562
2019-04-25 01:00:00,715626251,138535156.94832712,138.5351569483271,114.96144104003906,26.326431274414062
2019-04-25 01:15:00,767984528,148670981.495852,148.670981495852,124.31693267822266,21.062271118164062
2019-04-25 01:30:00,596792964,115530707.2901066,115.5307072901066,126.49136352539062,28.465377807617188
2019-04-25 01:45:00,443891344,85931108.48450956,85.93110848450955,94.04876708984375,25.36766815185547
2019-04-25 02:00:00,503850193,97538296.65717492,97.53829665717493,62.695892333984375,24.35625457763672
2019-04-25 02:15:00,426652108,82593835.34564416,82.59383534564417,80.98820495605469,21.94207763671875
2019-04-25 02:30:00,406027152,78601134.5293736,78.6011345293736,55.707252502441406,29.50665283203125
2019-04-25 02:45:00,270586557,52381744.087393,52.381744087393,55.42550277709961,28.986175537109375
2019-04-25 03:00:00,206992162,40070765.44449396,40.07076544449396,38.77204895019531,22.31536865234375
2019-04-25 03:15:00,247334833,47880538.0050868,47.88053800508679,16.15044403076172,21.380813598632812
2019-04-25 03:30:00,302771277,58612252.3035288,58.6122523035288,31.305831909179688,22.414234161376953
2019-04-25 03:45:00,271688570,52595078.27364003,52.59507827364003,32.291725158691406,29.916595458984375
2019-04-25 04:00:00,216061282,41826419.26634238,41.82641926634238,25.368616104125977,34.28434753417969
2019-04-25 04:15:00,205027821,39690496.71014448,39.69049671014447,23.452816009521484,21.267486572265625
2019-04-25 04:30:00,181608774,35156899.25310366,35.15689925310366,15.85797119140625,36.949127197265625
2019-04-25 04:45:00,172688767,33430111.60662145,33.43011160662145,17.45607566833496,28.389663696289062
2019-04-25 05:00:00,166249875,32183632.85804725,32.183632858047254,18.251291275024414,25.93741226196289
2019-04-25 05:15:00,113413788,21955311.02824832,21.95531102824832,16.01392364501953,33.03760528564453
2019-04-25 05:30:00,110484864,21388312.61886532,21.38831261886532,3.3427464962005615,32.76758575439453
2019-04-25 05:45:00,118276974,22896755.30148098,22.89675530148098,4.859387397766113,24.191680908203125
2019-04-25 06:00:00,131069619,25373231.088084333,25.37323108808433,-5.233776569366455,39.206478118896484
2019-04-25 06:15:00,137495943,26617276.84897803,26.61727684897804,14.611117362976074,23.897890090942383
2019-04-25 06:30:00,220210467,42629643.008315824,42.629643008315824,7.591914653778076,19.447853088378906
2019-04-25 06:45:00,206235960,39924375.39436898,39.92437539436898,24.132278442382812,26.518753051757812
2019-04-25 07:00:00,275427833,53318946.893400975,53.31894689340098,18.59213638305664,30.029891967773438
2019-04-25 07:15:00,231902204,44892998.5210995,44.8929985210995,35.53660202026367,25.68061065673828
2019-04-25 07:30:00,278100143,53836268.44881801,53.83626844881801,28.213939666748047,27.938663482666016
2019-04-25 07:45:00,351966278,68135711.19716868,68.13571119716867,34.028282165527344,31.099815368652344
2019-04-25 08:00:00,392601369,76002092.1487173,76.0020921487173,35.40471649169922,41.57173156738281
2019-04-25 08:15:00,462727168,89577458.5596287,89.5774585596287,61.35567092895508,22.21160888671875
2019-04-25 08:30:00,355698023,68858124.43808,68.85812443808,65.52333068847656,30.285675048828125
2019-04-25 08:45:00,376203814,72827756.58973034,72.82775658973034,49.6701545715332,22.839218139648438
2019-04-25 09:00:00,308860007,59790944.623699136,59.79094462369913,55.62161636352539,25.3062744140625
2019-04-25 09:15:00,457277834,88522544.29411797,88.52254429411798,41.86539077758789,31.15475082397461
2019-04-25 09:30:00,395769886,76615472.38634142,76.61547238634142,85.7884521484375,26.238571166992188
2019-04-25 09:45:00,386908490,74900031.00346057,74.90003100346057,74.20357513427734,24.566551208496094
2019-04-25 10:00:00,421037689,81506962.95065893,81.50696295065893,66.24819946289062,19.723167419433594
2019-04-25 10:15:00,448167496,86758911.24835047,86.75891124835047,68.72917938232422,28.459022521972656
2019-04-25 10:30:00,547383623,105965755.19313772,105.96575519313772,67.56563568115234,30.162094116210938
2019-04-25 10:45:00,536225150,103805632.07552075,103.80563207552076,94.87968444824219,18.0333251953125
2019-04-25 11:00:00,629059669,121777086.64683644,121.77708664683642,97.80110931396484,18.72161102294922
2019-04-25 11:15:00,609901905,118068413.52478378,118.06841352478378,117.0000228881836,27.234695434570312
2019-04-25 11:30:00,600913497,116328384.40866964,116.32838440866963,107.50477600097656,26.9169921875
2019-04-25 11:45:00,668690941,129449142.38670036,129.44914238670034,109.98957824707031,17.851730346679688
2019-04-25 12:00:00,824573808,159625868.59709784,159.62586859709785,124.02737426757812,27.416900634765625
2019-04-25 12:15:00,905200101,175233982.66405487,175.23398266405488,142.8403778076172,34.60150146484375
2019-04-25 12:30:00,991868729,192011807.63302204,192.01180763302204,155.9124298095703,30.82696533203125
2019-04-25 12:45:00,1250877744,242152302.75029328,242.15230275029327,187.39254760742188,26.385711669921875
2019-04-25 13:00:00,1194776017,231291799.03881443,231.2917990388144,234.1438446044922,24.270828247070312
2019-04-25 13:15:00,1156916883,223962804.2411966,223.9628042411966,225.10585021972656,20.747695922851562
2019-04-25 13:30:00,1059476082,205099638.39052728,205.09963839052728,203.17564392089844,37.19804382324219
2019-04-25 13:45:00,870351155,168487717.84097508,168.48771784097508,186.5056610107422,30.137725830078125
2019-04-25 14:00:00,850022716,164552418.53712168,164.5524185371217,162.2713623046875,27.834365844726562
2019-04-25 14:15:00,871261856,168664016.7201619,168.66401672016192,150.8584442138672,23.873550415039062
2019-04-25 14:30:00,941075737,182179000.2021008,182.1790002021008,155.1150360107422,31.2451171875
2019-04-25 14:45:00,885625296,171444576.28171703,171.44457628171702,164.6941680908203,31.599502563476562
2019-04-25 15:00:00,809342606,156677322.5416211,156.6773225416211,153.2613067626953,42.912445068359375
2019-04-25 15:15:00,856293637,165766380.46729347,165.76638046729346,144.58126831054688,41.956512451171875
2019-04-25 15:30:00,812297330,157249315.4674074,157.2493154674074,149.4335479736328,42.85638427734375
2019-04-25 15:45:00,625500445,121088071.04020484,121.08807104020484,154.49087524414062,28.442886352539062
2019-04-25 16:00:00,602930205,116718790.65621652,116.71879065621653,114.27208709716797,30.641502380371094
2019-04-25 16:15:00,679366715,131515821.78054342,131.5158217805434,107.95622253417969,36.5958251953125
2019-04-25 16:30:00,689324874,133443581.023659,133.443581023659,106.14212799072266,46.157989501953125
2019-04-25 16:45:00,753057001,145781222.64071548,145.78122264071547,106.96607208251953,41.83180236816406
2019-04-25 17:00:00,808470824,156508557.83235288,156.50855783235286,134.04229736328125,36.7578125
2019-04-25 17:15:00,909345097,176036395.47466344,176.03639547466344,135.1754608154297,43.0667724609375
2019-04-25 17:30:00,1006074518,194761848.18273607,194.7618481827361,156.1758270263672,43.58973693847656
2019-04-25 17:45:00,997075340,193019734.1464024,193.0197341464024,172.7731475830078,40.43305969238281
2019-04-25 18:00:00,1051879736,203629092.85943025,203.62909285943024,178.82627868652344,30.163558959960938
2019-04-25 18:15:00,1033531071,200077049.9012307,200.07704990123068,193.074462890625,31.088821411132812
2019-04-25 18:30:00,1041037940,201530273.94611767,201.5302739461177,174.37939453125,59.1868896484375
2019-04-25 18:45:00,972043204,188173865.3920548,188.17386539205475,182.0254364013672,63.929595947265625
2019-04-25 19:00:00,929103560,179861355.45752844,179.86135545752845,170.73599243164062,35.85310363769531
2019-04-25 19:15:00,853634988,165251703.4889534,165.2517034889534,145.4418487548828,43.4019775390625
2019-04-25 19:30:00,1122994800,217395967.0327343,217.3959670327343,126.33023071289062,54.74468994140625
2019-04-25 19:45:00,986102274,190895503.21106413,190.89550321106407,185.48623657226562,46.969818115234375
2019-04-25 20:00:00,1023087676,198055355.80689487,198.05535580689488,154.20846557617188,46.64012145996094
2019-04-25 20:15:00,1125394666,217860547.2692759,217.8605472692759,164.69203186035156,41.35746765136719
2019-04-25 20:30:00,1110619506,215000284.51804733,215.00028451804727,181.32757568359375,52.434295654296875
2019-04-25 20:45:00,1305067385,252642653.55899847,252.6426535589985,172.03587341308594,54.73356628417969
2019-04-25 21:00:00,1365061764,264256719.83894327,264.2567198389433,205.58261108398438,58.812103271484375
2019-04-25 21:15:00,1247102060,241421383.53820965,241.42138353820965,232.54493713378906,43.30670166015625
2019-04-25 21:30:00,1444327976,279601541.39177835,279.6015413917784,201.69549560546875,51.975006103515625
2019-04-25 21:45:00,1497159867,289829050.93511105,289.82905093511107,235.3187255859375,50.216094970703125
2019-04-25 22:00:00,1616255111,312884211.77679926,312.88421177679925,254.7454071044922,53.3612060546875
2019-04-25 22:15:00,1465275036,283656597.00307125,283.6565970030712,266.12811279296875,56.614593505859375
2019-04-25 22:30:00,1464380083,283483346.71474946,283.4833467147495,257.16693115234375,43.769622802734375
2019-04-25 22:45:00,1603000096,310318227.67432755,310.31822767432755,254.94407653808594,54.153961181640625
2019-04-25 23:00:00,1388610760,268815473.59102654,268.81547359102655,261.377685546875,49.94866943359375
2019-04-25 23:15:00,1456553415,281968214.09035605,281.96821409035607,226.92149353027344,49.115142822265625
2019-04-25 23:30:00,1047894732,202857652.24527127,202.85765224527125,243.58773803710938,43.855743408203125
2019-04-25 23:45:00,848886310,164332426.35077158,164.33242635077158,163.79544067382812,47.268890380859375
2019-04-26 00:00:00,1021055232,197661903.2915138,197.6619032915138,117.46814727783203,51.2449951171875
2019-04-26 00:15:00,990118490,191672986.0285557,191.67298602855567,136.09808349609375,57.28875732421875
2019-04-26 00:30:00,977394256,189209753.6474433,189.2097536474433,167.88128662109375,30.512603759765625
2019-04-26 00:45:00,891886634,172656683.07814103,172.65668307814104,152.1441192626953,35.612640380859375
2019-04-26 01:00:00,708019078,137062515.46261385,137.06251546261385,141.48167419433594,36.72108459472656
2019-04-26 01:15:00,700082942,135526191.3761414,135.5261913761414,100.89109802246094,41.40040588378906
2019-04-26 01:30:00,707394805,136941665.00762737,136.94166500762736,89.85635375976562,56.40260314941406
2019-04-26 01:45:00,499243633,96646531.5609391,96.64653156093912,89.55671691894531,40.70652770996094
2019-04-26 02:00:00,483258756,93552084.64692464,93.55208464692464,49.48175811767578,32.52558898925781
2019-04-26 02:15:00,411196352,79601818.80038324,79.60181880038324,49.89798355102539,38.261619567871094
2019-04-26 02:30:00,370656734,71753920.0761437,71.7539200761437,29.035892486572266,43.61946105957031
2019-04-26 02:45:00,375849734,72759211.69174244,72.75921169174244,8.00428295135498,45.063377380371094
2019-04-26 03:00:00,279569810,54120775.268156,54.120775268156,14.368266105651855,54.869712829589844
2019-04-26 03:15:00,291396961,56410345.022964455,56.41034502296446,13.41825008392334,40.89175796508789
2019-04-26 03:30:00,233430275,45188811.53175607,45.18881153175607,-12.109916687011719,62.7319450378418
2019-04-26 03:45:00,175641691,34001756.07777499,34.001756077774985,6.629941463470459,46.994041442871094
2019-04-26 04:00:00,312153209,60428462.12015071,60.42846212015071,-4.751318454742432,29.634567260742188
2019-04-26 04:15:00,157854315,30558370.759788785,30.558370759788787,18.076833724975586,38.087284088134766
2019-04-26 04:30:00,146940134,28445539.13059042,28.44553913059042,-8.319644927978516,36.550148010253906
2019-04-26 04:45:00,173841641,33653291.765689775,33.65329176568977,-19.311670303344727,53.29652404785156
2019-04-26 05:00:00,96313584,18644952.525219604,18.644952525219605,0.5634133815765381,39.680137634277344
2019-04-26 05:15:00,74562087,14434169.247572532,14.434169247572532,-24.576051712036133,37.22947692871094
2019-04-26 05:30:00,127649885,24711218.77963489,24.71121877963489,-36.02650451660156,42.635189056396484
2019-04-26 05:45:00,104496285,20229008.120877504,20.229008120877506,-20.208620071411133,43.59913635253906
2019-04-26 06:00:00,98385968,19046136.86173048,19.04613686173048,-16.677562713623047,31.176921844482422
2019-04-26 06:15:00,111671714,21618070.052713454,21.618070052713453,-28.870893478393555,35.306007385253906
2019-04-26 06:30:00,178819831,34616999.19258319,34.61699919258319,-25.099275588989258,42.500152587890625
2019-04-26 06:45:00,241734097,46796314.44606849,46.796314446068486,-8.145567893981934,36.90127182006836
2019-04-26 07:00:00,225787482,43709274.51603168,43.70927451603168,-7.037818431854248,50.23037338256836
2019-04-26 07:15:00,368709657,71376993.40889448,71.37699340889448,-7.719126224517822,53.523990631103516
2019-04-26 07:30:00,339989850,65817243.51890524,65.81724351890524,20.207124710083008,42.92793273925781
2019-04-26 07:45:00,347268489,67226285.45221354,67.22628545221355,18.922826766967773,54.35166931152344
2019-04-26 08:00:00,386418732,74805220.7567684,74.8052207567684,19.179731369018555,55.87791442871094
2019-04-26 08:15:00,384185809,74372958.33231673,74.37295833231673,24.04465675354004,50.89160919189453
2019-04-26 08:30:00,593597732,114912155.40497412,114.91215540497411,39.359012603759766,48.799774169921875
2019-04-26 08:45:00,539134772,104368893.8897248,104.3688938897248,54.99593734741211,50.88532257080078
2019-04-26 09:00:00,494318963,95693184.85179396,95.69318485179396,70.30184173583984,40.192054748535156
2019-04-26 09:15:00,490550931,94963746.95907152,94.96374695907151,52.590309143066406,36.781349182128906
2019-04-26 09:30:00,563129546,109013943.98030572,109.01394398030573,66.48418426513672,44.25251770019531
2019-04-26 09:45:00,476697805,92281976.99611504,92.28197699611503,72.05255889892578,44.6822509765625
2019-04-26 10:00:00,460398829,89126724.94226463,89.12672494226463,63.175575256347656,40.44666290283203
2019-04-26 10:15:00,435819801,84368571.5111137,84.3685715111137,40.359825134277344,40.8602294921875
2019-04-26 10:30:00,537081726,103971453.11748552,103.97145311748552,43.760276794433594,40.09709930419922
2019-04-26 10:45:00,558439676,108106051.24214897,108.10605124214896,68.51688385009766,56.012001037597656
2019-04-26 11:00:00,688689142,133320512.26776302,133.320512267763,64.00262451171875,60.69605255126953
2019-04-26 11:15:00,700707276,135647053.6398682,135.6470536398682,104.0469741821289,35.91664123535156
2019-04-26 11:30:00,555955074,107625067.31018288,107.62506731018289,117.58132934570312,31.391708374023438
2019-04-26 11:45:00,681065885,131844757.14631984,131.84475714631984,78.0798110961914,46.55400848388672
2019-04-26 12:00:00,708218814,137101181.53735545,137.10118153735544,99.88865661621094,35.28840637207031
2019-04-26 12:15:00,896255206,173502377.05151662,173.50237705151662,102.09597778320312,42.8404541015625
2019-04-26 12:30:00,982938835,190283106.00267628,190.28310600267628,139.1326141357422,43.358428955078125
2019-04-26 12:45:00,952355038,184362513.9177015,184.3625139177015,156.95428466796875,36.18035888671875
2019-04-26 13:00:00,952142042,184321280.89383167,184.32128089383167,155.27049255371094,41.0533447265625
2019-04-26 13:15:00,937846941,181553950.79958224,181.55395079958225,144.74134826660156,48.85099792480469
2019-04-26 13:30:00,912652265,176676616.59189364,176.67661659189363,152.87603759765625,33.534210205078125
2019-04-26 13:45:00,783501733,151674893.70151865,151.67489370151864,132.4113006591797,55.45654296875
2019-04-26 14:00:00,688890544,133359500.85662588,133.35950085662586,98.75794982910156,52.74562072753906
2019-04-26 14:15:00,715559727,138522278.83944285,138.52227883944286,91.9261245727539,55.56871032714844
2019-04-26 14:30:00,662804121,128309536.99703369,128.3095369970337,113.54067993164062,39.38818359375
2019-04-26 14:45:00,604859901,117092352.60681432,117.09235260681432,85.20256805419922,57.10676574707031
2019-04-26 15:00:00,837286890,162086942.10817418,162.08694210817418,71.25570678710938,53.736915588378906
2019-04-26 15:15:00,743277907,143888127.85805577,143.88812785805578,117.74449157714844,49.96818542480469
2019-04-26 15:30:00,778866690,150777614.69789076,150.77761469789075,115.56658172607422,39.22615051269531
2019-04-26 15:45:00,641132587,124114233.42927648,124.11423342927648,119.47478485107422,43.48551940917969
2019-04-26 16:00:00,852321245,164997381.35859495,164.99738135859496,97.12999725341797,39.36011505126953
2019-04-26 16:15:00,907418898,175663510.4939828,175.66351049398278,104.90447998046875,74.30363464355469
2019-04-26 16:30:00,789682723,152871446.25747854,152.87144625747854,127.27392578125,46.059722900390625
2019-04-26 16:45:00,828946199,160472301.8750527,160.4723018750527,70.80593872070312,81.67987060546875
2019-04-26 17:00:00,815985712,157963334.24262893,157.96333424262895,118.2279281616211,52.67955017089844
2019-04-26 17:15:00,955754144,185020532.9360592,185.0205329360592,110.90747833251953,77.29670715332031
2019-04-26 17:30:00,867144563,167866966.81993788,167.8669668199379,135.4508514404297,69.39561462402344
2019-04-26 17:45:00,948753933,183665390.73969445,183.6653907396945,128.7445526123047,66.57713317871094
2019-04-26 18:00:00,1036357215,200624151.5510814,200.62415155108133,135.2809600830078,70.07357788085938
2019-04-26 18:15:00,894795958,173219887.20374477,173.21988720374478,170.97296142578125,51.04925537109375
2019-04-26 18:30:00,830438860,160761260.00873864,160.76126000873865,132.876220703125,54.37544250488281
2019-04-26 18:45:00,826726547,160042608.52917418,160.04260852917415,127.63904571533203,53.40655517578125
2019-04-26 19:00:00,873580733,169112918.62767297,169.11291862767297,91.64093017578125,62.0174560546875
2019-04-26 19:15:00,767571301,148590986.5722165,148.5909865722165,124.30210876464844,77.19924926757812
2019-04-26 19:30:00,755634904,146280268.33140042,146.28026833140044,91.3828353881836,60.50108337402344
2019-04-26 19:45:00,678292735,131307914.38803028,131.30791438803027,89.12886810302734,66.46501159667969
2019-04-26 20:00:00,744058360,144039212.56001395,144.03921256001394,88.50782012939453,69.11412048339844
2019-04-26 20:15:00,781469299,151281443.12199664,151.28144312199663,74.20416259765625,60.899627685546875
2019-04-26 20:30:00,839715842,162557152.98440984,162.55715298440984,96.39989471435547,53.40997314453125
2019-04-26 20:45:00,1061446940,205481168.72423336,205.48116872423336,81.8277816772461,77.922607421875
2019-04-26 21:00:00,993225022,192274366.84372783,192.27436684372785,128.602294921875,45.78099060058594
2019-04-26 21:15:00,1215056292,235217774.47103795,235.217774471038,112.71006774902344,67.13652038574219
2019-04-26 21:30:00,1284092740,248582257.8804581,248.5822578804581,146.26951599121094,62.68196105957031
2019-04-26 21:45:00,1291719335,250058659.1916592,250.0586591916592,187.7627716064453,56.893768310546875
2019-04-26 22:00:00,1221658844,236495935.48916903,236.49593548916903,170.5110626220703,62.1820068359375
2019-04-26 22:15:00,1431346414,277088493.9363624,277.0884939363624,162.7581329345703,66.69227600097656
2019-04-26 22:30:00,1689117165,326989278.59395754,326.9892785939575,205.018310546875,43.724365234375
2019-04-26 22:45:00,1503715887,291098204.0138127,291.09820401381273,254.28268432617188,66.28054809570312
2019-04-26 23:00:00,1277750952,247354577.09780747,247.35457709780744,225.51123046875,45.591400146484375
2019-04-26 23:15:00,1226820143,237495090.23792663,237.49509023792663,172.2703399658203,59.76924133300781
2019-04-26 23:30:00,1030970130,199581287.8147021,199.58128781470208,160.37586975097656,79.06193542480469
2019-04-26 23:45:00,868539168,168136942.69391674,168.13694269391675,142.92498779296875,57.277130126953125
2019-04-27 00:00:00,792758177,153466810.8098297,153.46681080982972,101.24046325683594,52.772247314453125
2019-04-27 00:15:00,770576580,149172766.23353657,149.17276623353658,68.63004302978516,63.201568603515625
2019-04-27 00:30:00,735171554,142318852.15923354,142.31885215923353,87.77163696289062,47.699310302734375
2019-04-27 00:45:00,702557240,136005180.59892067,136.00518059892067,89.83177947998047,54.6854248046875
2019-04-27 01:00:00,809364802,156681619.3744152,156.6816193744152,76.18270111083984,56.185272216796875
2019-04-27 01:15:00,637895827,123487642.30859376,123.48764230859376,113.36681365966797,43.2138671875
2019-04-27 01:30:00,511786429,99074640.10223806,99.07464010223806,85.14035034179688,40.644866943359375
2019-04-27 01:45:00,487967977,94463723.4659698,94.4637234659698,33.949317932128906,55.49878692626953
2019-04-27 02:00:00,548000523,106085178.33923107,106.08517833923108,62.799537658691406,38.33452606201172
2019-04-27 02:15:00,506611626,98072871.16939092,98.07287116939092,74.90734100341797,53.49269104003906
2019-04-27 02:30:00,456495564,88371107.84656657,88.37110784656657,65.16377258300781,36.122589111328125
2019-04-27 02:45:00,420413248,81386079.97324008,81.38607997324007,68.24397277832031,30.390785217285156
2019-04-27 03:00:00,386586355,74837670.20727515,74.83767020727515,56.95535659790039,36.70661926269531
2019-04-27 03:15:00,262976749,50908592.50281448,50.90859250281448,47.855777740478516,38.800758361816406
2019-04-27 03:30:00,251413289,48670069.60943657,48.670069609436574,25.268909454345703,28.510215759277344
2019-04-27 03:45:00,211013812,40849300.207804695,40.849300207804696,23.089984893798828,31.46536636352539
2019-04-27 04:00:00,191677012,37105968.239287496,37.1059682392875,17.179508209228516,31.29281234741211
2019-04-27 04:15:00,169813058,32873414.871285062,32.873414871285064,21.244964599609375,18.00020980834961
2019-04-27 04:30:00,223555754,43277243.426738985,43.27724342673898,10.580439567565918,27.053157806396484
2019-04-27 04:45:00,199635773,38646672.2069082,38.6466722069082,21.67244529724121,28.155559539794922
2019-04-27 05:00:00,215941491,41803229.41694431,41.80322941694431,17.49089241027832,24.68143081665039
2019-04-27 05:15:00,144745576,28020703.629464835,28.02070362946484,30.176694869995117,19.842845916748047
2019-04-27 05:30:00,157606145,30510328.54522242,30.51032854522242,7.568133354187012,21.389726638793945
2019-04-27 05:45:00,159129380,30805205.374432232,30.80520537443224,12.801115989685059,28.3389949798584
2019-04-27 06:00:00,151716222,29370122.45848601,29.370122458486005,13.547516822814941,21.341602325439453
2019-04-27 06:15:00,152209219,29465559.729931284,29.46555972993128,0.6335064172744751,38.56293487548828
2019-04-27 06:30:00,133081806,25762762.133745182,25.76276213374518,18.848695755004883,21.438045501708984
2019-04-27 06:45:00,113879750,22045514.704695005,22.045514704695005,2.0689966678619385,38.308738708496094
2019-04-27 07:00:00,215117200,41643658.29599043,41.64365829599043,-3.531377077102661,42.28211975097656
2019-04-27 07:15:00,349166873,67593785.84088807,67.59378584088807,16.362855911254883,40.82541275024414
2019-04-27 07:30:00,240406733,46539355.482069336,46.53935548206933,56.83082580566406,20.37060546875
2019-04-27 07:45:00,316280382,61227424.64913695,61.22742464913694,14.626555442810059,29.35590362548828
2019-04-27 08:00:00,316530922,61275925.66230315,61.27592566230315,41.082515716552734,28.610809326171875
2019-04-27 08:15:00,298793204,57842153.433292,57.842153433292,47.74930953979492,20.569927215576172
2019-04-27 08:30:00,389009936,75306841.33360375,75.30684133360376,43.402976989746094,28.15093994140625
2019-04-27 08:45:00,365985629,70849659.97753376,70.84965997753376,46.550804138183594,45.226959228515625
2019-04-27 09:00:00,533964029,103367910.9156605,103.3679109156605,55.8263053894043,25.788841247558594
2019-04-27 09:15:00,386133581,74750019.54177138,74.75001954177138,87.4555892944336,25.208969116210938
2019-04-27 09:30:00,394365026,76343511.28888522,76.34351128888522,57.026885986328125,24.868133544921875
2019-04-27 09:45:00,458547904,88768411.94715542,88.76841194715541,43.61467742919922,50.77971649169922
2019-04-27 10:00:00,491996158,95243522.53883985,95.24352253883984,60.570987701416016,47.881324768066406
2019-04-27 10:15:00,466160139,90242033.36473048,90.24203336473047,65.42621612548828,38.47064971923828
2019-04-27 10:30:00,521860593,101024856.2785074,101.0248562785074,63.488311767578125,42.83026123046875
2019-04-27 10:45:00,568570317,110067200.56969392,110.06720056969392,82.26490783691406,38.44293212890625
2019-04-27 11:00:00,483722449,93641849.07694808,93.64184907694808,90.19129180908203,45.955078125
2019-04-27 11:15:00,501773175,97136215.2435705,97.1362152435705,68.5274658203125,48.62870788574219
2019-04-27 11:30:00,674414439,130557130.93884674,130.55713093884674,77.16018676757812,39.64741516113281
2019-04-27 11:45:00,603554003,116839549.1578971,116.8395491578971,104.90361022949219,45.749664306640625
2019-04-27 12:00:00,627670240,121508112.77351278,121.50811277351278,86.86258697509766,50.92241668701172
2019-04-27 12:15:00,706475294,136763660.6365989,136.76366063659893,107.09436798095703,34.99176788330078
2019-04-27 12:30:00,627256407,121428000.5368176,121.4280005368176,100.68513488769531,66.28269958496094
2019-04-27 12:45:00,557530270,107930003.0567118,107.9300030567118,93.49518585205078,45.36016082763672
2019-04-27 13:00:00,760043382,147133687.54398495,147.13368754398496,74.11980438232422,58.11096954345703
2019-04-27 13:15:00,901173180,174454427.50942776,174.45442750942777,120.83550262451172,37.957977294921875
2019-04-27 13:30:00,1030340538,199459407.67627573,199.45940767627573,154.2650146484375,51.48115539550781
2019-04-27 13:45:00,897352435,173714785.12278405,173.71478512278404,187.88125610351562,32.87837219238281
2019-04-27 14:00:00,970001969,187778711.0629643,187.77871106296428,140.6092529296875,42.87181091308594
2019-04-27 14:15:00,923345832,178746740.45978186,178.74674045978185,167.21827697753906,52.78874206542969
2019-04-27 14:30:00,976187021,188976049.96487883,188.97604996487885,162.04698181152344,32.30763244628906
2019-04-27 14:45:00,859892508,166463071.1743841,166.46307117438408,145.1970977783203,61.130767822265625
2019-04-27 15:00:00,940725507,182111200.60985523,182.11120060985525,109.67206573486328,55.8760986328125
2019-04-27 15:15:00,963760167,186570386.1608215,186.5703861608215,133.5814971923828,63.98265075683594
2019-04-27 15:30:00,955534726,184978056.70349392,184.978056703494,142.2091827392578,55.33146667480469
2019-04-27 15:45:00,846581067,163886163.79351804,163.88616379351802,152.9672393798828,53.28874206542969
2019-04-27 16:00:00,892948274,172862201.6205605,172.86220162056048,139.90414428710938,51.844390869140625
2019-04-27 16:15:00,1066044743,206371238.58868065,206.37123858868063,155.0717010498047,43.15541076660156
2019-04-27 16:30:00,861586149,166790936.2036801,166.7909362036801,175.9837188720703,47.45674133300781
2019-04-27 16:45:00,1063584158,205894904.00944552,205.89490400944555,137.77760314941406,45.86714172363281
2019-04-27 17:00:00,940463706,182060519.6257891,182.0605196257891,185.7562713623047,55.48731994628906
2019-04-27 17:15:00,1003727554,194307509.02785212,194.30750902785212,135.40480041503906,54.931915283203125
2019-04-27 17:30:00,811260097,157048521.77622268,157.04852177622269,169.79409790039062,55.93470764160156
2019-04-27 17:45:00,922591485,178600709.51151454,178.60070951151454,109.2474594116211,73.17909240722656
2019-04-27 18:00:00,898229557,173884583.5807962,173.8845835807962,133.2344970703125,76.10289001464844
2019-04-27 18:15:00,749807356,145152137.1656197,145.1521371656197,118.62395477294922,63.25550842285156
2019-04-27 18:30:00,844016474,163389694.7312567,163.3896947312567,118.68270874023438,53.76066589355469
2019-04-27 18:45:00,862886500,167042665.83157063,167.04266583157062,126.47240447998047,57.223052978515625
2019-04-27 19:00:00,867221744,167881907.97383422,167.88190797383422,97.641845703125,89.9949951171875
2019-04-27 19:15:00,773540647,149746567.83245298,149.746567832453,148.7110137939453,45.45556640625
2019-04-27 19:30:00,828382402,160363158.72138435,160.36315872138434,113.14905548095703,40.946502685546875
2019-04-27 19:45:00,953357950,184556663.5469685,184.55666354696848,139.80429077148438,54.164581298828125
2019-04-27 20:00:00,821396830,159010850.42911372,159.0108504291137,158.8037567138672,59.26622009277344
2019-04-27 20:15:00,848593012,164275647.99138936,164.27564799138938,142.7926788330078,40.29850769042969
2019-04-27 20:30:00,975119758,188769442.8889037,188.7694428889037,135.1055145263672,52.521331787109375
2019-04-27 20:45:00,1028297352,199063875.6610805,199.0638756610805,142.7870635986328,70.21652221679688
2019-04-27 21:00:00,835781709,161795560.27893123,161.79556027893122,171.07701110839844,54.81437683105469
2019-04-27 21:15:00,1040787276,201481748.92829892,201.48174892829897,137.75518798828125,44.48651123046875
2019-04-27 21:30:00,991969051,192031228.5583947,192.0312285583947,174.3588104248047,38.391357421875
2019-04-27 21:45:00,1336723563,258770843.4926209,258.77084349262094,148.1666717529297,51.833587646484375
2019-04-27 22:00:00,1288213468,249379972.74827304,249.37997274827305,228.15834045410156,42.0128173828125
2019-04-27 22:15:00,1226437609,237421037.046538,237.421037046538,203.8402557373047,42.325164794921875
2019-04-27 22:30:00,1255100298,242969729.6966852,242.9697296966852,210.77098083496094,46.602935791015625
2019-04-27 22:45:00,1208706182,233988482.6664684,233.9884826664684,217.9959716796875,26.64947509765625
2019-04-27 23:00:00,1133042011,219340965.48804945,219.34096548804945,209.373779296875,39.72148132324219
2019-04-27 23:15:00,1148688269,222369860.53578576,222.36986053578576,189.8235626220703,36.31182861328125
2019-04-27 23:30:00,941977603,182353588.7497984,182.3535887497984,191.10775756835938,49.08763122558594
2019-04-27 23:45:00,704084057,136300750.85284975,136.30075085284977,150.30453491210938,50.11213684082031
2019-04-28 00:00:00,756543416,146456143.45103663,146.45614345103664,115.01969146728516,32.04893493652344
2019-04-28 00:15:00,770895313,149234468.450466,149.234468450466,118.36915588378906,39.947174072265625
2019-04-28 00:30:00,775805852,150185079.59715784,150.18507959715782,112.00606536865234,54.90925598144531
2019-04-28 00:45:00,731720804,141650835.59028932,141.65083559028932,118.48705291748047,42.08403015136719
2019-04-28 01:00:00,745354840,144290192.81685805,144.29019281685805,129.2790069580078,26.0755615234375
2019-04-28 01:15:00,705351729,136546154.28688195,136.54615428688194,118.41984558105469,31.958236694335938
2019-04-28 01:30:00,704063855,136296840.03035438,136.2968400303544,112.25189208984375,30.241455078125
2019-04-28 01:45:00,548441943,106170631.0303456,106.1706310303456,112.15502166748047,28.478363037109375
2019-04-28 02:00:00,458348216,88729755.16453734,88.72975516453734,88.32723999023438,28.778167724609375
2019-04-28 02:15:00,474620613,91879861.8985628,91.8798618985628,72.12987518310547,35.90614318847656
2019-04-28 02:30:00,525844384,101796062.07296105,101.79606207296104,66.07846069335938,43.33533477783203
2019-04-28 02:45:00,513384187,99383943.5340031,99.3839435340031,82.37297058105469,29.55620574951172
2019-04-28 03:00:00,415380751,80411859.47648948,80.41185947648948,84.04243469238281,32.82538604736328
2019-04-28 03:15:00,290575550,56251331.42942304,56.25133142942303,68.96463775634766,18.542343139648438
2019-04-28 03:30:00,297469060,57585817.815913714,57.585817815913714,47.28352355957031,20.043277740478516
2019-04-28 03:45:00,277759698,53770363.09467349,53.77036309467349,47.21281433105469,19.752891540527344
2019-04-28 04:00:00,269524693,52176182.181730345,52.17618218173035,40.459659576416016,14.831016540527344
2019-04-28 04:15:00,275355889,53305019.54890018,53.30501954890018,44.4015998840332,13.730792999267578
2019-04-28 04:30:00,198752534,38475689.58390226,38.47568958390226,44.37786865234375,18.92642593383789
2019-04-28 04:45:00,157650118,30518841.09831557,30.51884109831557,25.516658782958984,25.125911712646484
2019-04-28 05:00:00,202874305,39273606.36181831,39.27360636181832,22.86482048034668,11.381580352783203
2019-04-28 05:15:00,152470592,29516157.85922916,29.516157859229164,27.25608253479004,33.37663650512695
2019-04-28 05:30:00,143081085,27698481.629360933,27.69848162936093,27.435274124145508,15.399652481079102
2019-04-28 05:45:00,106249427,20568391.70523221,20.568391705232216,22.263362884521484,22.14107322692871
2019-04-28 06:00:00,76638927,14836216.202885471,14.836216202885472,14.801633834838867,18.24724006652832
2019-04-28 06:15:00,75893037,14691822.410634568,14.691822410634568,5.985324382781982,14.029417991638184
2019-04-28 06:30:00,96254847,18633581.86979395,18.63358186979395,5.602752208709717,16.347763061523438
2019-04-28 06:45:00,207926112,40251565.00243511,40.25156500243511,14.438772201538086,14.177377700805664
2019-04-28 07:00:00,201724197,39050961.66136905,39.05096166136905,33.59886169433594,18.166969299316406
2019-04-28 07:15:00,139873477,27077533.925042145,27.077533925042143,32.13114547729492,15.667232513427734
2019-04-28 07:30:00,149628254,28965921.2791988,28.965921279198795,26.020957946777344,15.688587188720703
2019-04-28 07:45:00,114977861,22258093.518732507,22.258093518732508,21.959178924560547,18.85533905029297
2019-04-28 08:00:00,165366281,32012581.51204429,32.01258151204429,17.52559471130371,17.539888381958008
2019-04-28 08:15:00,226328356,43813980.099951446,43.81398009995144,24.62490463256836,24.201831817626953
2019-04-28 08:30:00,339466789,65715986.28074874,65.71598628074874,35.76327896118164,18.581993103027344
2019-04-28 08:45:00,395608909,76584309.50777331,76.58430950777331,58.63113021850586,20.78681182861328
2019-04-28 09:00:00,332378449,64343783.551976696,64.3437835519767,68.48184204101562,24.853515625
2019-04-28 09:15:00,359668848,69626820.19766212,69.62682019766211,59.62769317626953,18.95458984375
2019-04-28 09:30:00,494165774,95663529.6202704,95.6635296202704,67.64830017089844,13.170219421386719
2019-04-28 09:45:00,567108524,109784218.04578848,109.78421804578846,83.89725494384766,25.324630737304688
2019-04-28 10:00:00,491349376,95118314.65867037,95.11831465867036,102.8998794555664,22.04821014404297
2019-04-28 10:15:00,517226188,100127700.78268825,100.12770078268824,83.85472106933594,21.5838623046875
2019-04-28 10:30:00,520063949,100677051.3200218,100.6770513200218,91.46340942382812,15.833992004394531
2019-04-28 10:45:00,606401151,117390716.88614064,117.39071688614064,90.2088851928711,29.813751220703125
2019-04-28 11:00:00,667020723,129125811.72010644,129.12581172010644,101.60704040527344,33.133819580078125
2019-04-28 11:15:00,895494264,173355069.40419197,173.35506940419197,121.47325897216797,25.35833740234375
2019-04-28 11:30:00,829831828,160643747.1683766,160.6437471683766,172.04005432128906,19.104721069335938
2019-04-28 11:45:00,907544427,175687811.1393158,175.6878111393158,144.94802856445312,30.59716796875
2019-04-28 12:00:00,866894923,167818640.03408808,167.81864003408808,164.28965759277344,26.604705810546875
2019-04-28 12:15:00,827020110,160099438.1888218,160.09943818882178,156.3916015625,26.888580322265625
2019-04-28 12:30:00,821280319,158988295.54149094,158.98829554149094,151.30091857910156,27.918167114257812
2019-04-28 12:45:00,911111644,176378374.07810292,176.37837407810292,136.351318359375,46.49737548828125
2019-04-28 13:00:00,805241562,155883418.21880162,155.8834182188016,161.2732696533203,38.212921142578125
2019-04-28 13:15:00,781163343,151222214.35220227,151.22221435220226,147.21946716308594,24.71209716796875
2019-04-28 13:30:00,998254551,193248012.77750617,193.24801277750612,135.887451171875,37.55035400390625
2019-04-28 13:45:00,884184329,171165625.37791297,171.16562537791296,190.17457580566406,27.65087890625
2019-04-28 14:00:00,1362595445,263779275.2381168,263.7792752381168,159.38494873046875,27.705291748046875
2019-04-28 14:15:00,1062331875,205652479.6689377,205.65247966893773,263.13134765625,27.107147216796875
2019-04-28 14:30:00,1090595415,211123902.6978497,211.1239026978497,199.383056640625,34.52214050292969
2019-04-28 14:45:00,1181343953,228691540.7450756,228.6915407450756,200.33506774902344,30.056640625
2019-04-28 15:00:00,1434668049,277731515.66091067,277.73151566091065,222.73191833496094,34.80992126464844
2019-04-28 15:15:00,1192775163,230904461.9022388,230.9044619022388,247.2000732421875,51.99505615234375
2019-04-28 15:30:00,1123394313,217473307.1192397,217.4733071192397,224.34568786621094,31.944381713867188
2019-04-28 15:45:00,1026179880,198653962.9231901,198.65396292319005,202.91827392578125,30.421127319335938
2019-04-28 16:00:00,1168665233,226237119.23293924,226.23711923293925,175.67269897460938,43.11528015136719
2019-04-28 16:15:00,1206186673,233500741.23124292,233.50074123124296,200.94117736816406,46.72978210449219
2019-04-28 16:30:00,1023575587,198149808.5004166,198.1498085004166,226.71791076660156,24.217361450195312
2019-04-28 16:45:00,983355946,190363852.81397492,190.36385281397497,191.88958740234375,25.019134521484375
2019-04-28 17:00:00,1046761288,202638233.460378,202.638233460378,174.63711547851562,38.892425537109375
2019-04-28 17:15:00,1058376103,204886697.9580153,204.8866979580153,181.51873779296875,48.02867126464844
2019-04-28 17:30:00,1157148227,224007589.17929,224.00758917929,198.6040802001953,30.875091552734375
2019-04-28 17:45:00,1065848562,206333260.7118388,206.3332607118388,215.472900390625,41.61778259277344
2019-04-28 18:00:00,1137600663,220223456.27064764,220.22345627064763,188.0170135498047,43.74839782714844
2019-04-28 18:15:00,1117142931,216263127.66410688,216.2631276641069,214.13943481445312,34.36631774902344
2019-04-28 18:30:00,1188315562,230041145.9973253,230.0411459973253,199.0207977294922,50.52972412109375
2019-04-28 18:45:00,1207358505,233727591.3919382,233.7275913919382,220.73268127441406,36.17311096191406
2019-04-28 19:00:00,1138641555,220424958.2926665,220.42495829266647,216.09303283691406,45.611572265625
2019-04-28 19:15:00,1127490835,218266336.0465873,218.2663360465873,201.6524658203125,49.86297607421875
2019-04-28 19:30:00,1083312195,209713973.9475009,209.71397394750093,196.65570068359375,35.3004150390625
2019-04-28 19:45:00,1254332021,242821002.09673187,242.82100209673183,210.4158935546875,32.20735168457031
2019-04-28 20:00:00,1212943135,234808697.05633667,234.80869705633668,227.63995361328125,30.896804809570312
2019-04-28 20:15:00,1296550354,250993876.387018,250.993876387018,217.1034393310547,54.96516418457031
2019-04-28 20:30:00,1299336349,251533205.7562844,251.5332057562844,240.46176147460938,42.143707275390625
2019-04-28 20:45:00,1397705461,270576079.53396463,270.5760795339646,233.17845153808594,37.70918273925781
2019-04-28 21:00:00,1670941922,323470807.6909401,323.4708076909401,259.8597412109375,27.633880615234375
2019-04-28 21:15:00,1881227549,364179141.5449792,364.17914154497913,318.3191223144531,29.4837646484375
2019-04-28 21:30:00,1719187572,332810485.61008346,332.81048561008345,345.000244140625,41.591583251953125
2019-04-28 21:45:00,1889215702,365725535.3895815,365.7255353895815,322.1599426269531,45.2786865234375
2019-04-28 22:00:00,1563475385,302666800.6423107,302.6668006423107,346.1451416015625,32.613861083984375
2019-04-28 22:15:00,1714771800,331955654.38189244,331.95565438189243,287.83172607421875,32.396392822265625
2019-04-28 22:30:00,1736122391,336088827.9078655,336.08882790786555,327.7947692871094,23.509490966796875
2019-04-28 22:45:00,1597620109,309276738.01071686,309.2767380107169,319.6517333984375,28.85601806640625
2019-04-28 23:00:00,1525001101,295218721.4739369,295.2187214739369,297.7096252441406,24.574859619140625
2019-04-28 23:15:00,1424008599,275667996.3634152,275.6679963634152,270.8473205566406,39.67620849609375
2019-04-28 23:30:00,1260570589,244028700.94205108,244.02870094205107,260.4774475097656,22.914459228515625
2019-04-28 23:45:00,829251737,160531449.72593787,160.53144972593788,222.6946258544922,28.254318237304688
2019-04-29 00:00:00,830180995,160711340.9788029,160.7113409788029,147.44444274902344,23.714202880859375
2019-04-29 00:15:00,811371520,157070091.69875008,157.07009169875008,151.2585906982422,19.88104248046875
2019-04-29 00:30:00,796772912,154244006.92659283,154.24400692659282,140.99996948242188,21.14910888671875
2019-04-29 00:45:00,706720522,136811133.32142657,136.81113332142658,139.40347290039062,20.350341796875
2019-04-29 01:00:00,653120810,126434984.45331424,126.43498445331424,128.0261688232422,15.480575561523438
2019-04-29 01:15:00,507499218,98244696.47185048,98.24469647185047,115.54632568359375,16.117767333984375
2019-04-29 01:30:00,433297189,83880229.37881854,83.88022937881854,86.2655258178711,15.069992065429688
2019-04-29 01:45:00,441331681,85435593.80077024,85.43559380077023,74.4007568359375,12.107872009277344
2019-04-29 02:00:00,339065841,65638368.39846661,65.63836839846661,71.53347778320312,18.698631286621094
2019-04-29 02:15:00,321175230,62174998.23936038,62.17499823936038,53.5279655456543,16.291213989257812
2019-04-29 02:30:00,319813799,61911444.38426386,61.91144438426386,50.46665573120117,15.017078399658203
2019-04-29 02:45:00,336435323,65129137.185279325,65.12913718527932,53.032958984375,8.96677017211914
2019-04-29 03:00:00,199940637,38705689.580892,38.705689580892006,54.04938888549805,13.347160339355469
2019-04-29 03:15:00,208805638,40421828.84096797,40.42182884096797,32.590911865234375,11.467151641845703
2019-04-29 03:30:00,159760175,30927318.39670483,30.92731839670483,33.12213134765625,9.41461181640625
2019-04-29 03:45:00,155358564,30075228.538544383,30.075228538544383,19.19384002685547,12.027706146240234
2019-04-29 04:00:00,124532822,24107799.311274968,24.107799311274967,18.25266456604004,14.725404739379883
2019-04-29 04:15:00,127747977,24730208.00843468,24.73020800843468,16.103418350219727,16.371292114257812
2019-04-29 04:30:00,109121226,21124331.519671816,21.124331519671816,18.701614379882812,8.034097671508789
2019-04-29 04:45:00,119329562,23100521.50426932,23.10052150426932,12.200723648071289,11.144954681396484
2019-04-29 05:00:00,166314655,32196173.353109542,32.19617335310954,17.12630844116211,9.343765258789062
2019-04-29 05:15:00,217464567,42098075.465994895,42.098075465994896,29.05587387084961,11.901805877685547
2019-04-29 05:30:00,202610371,39222512.45901234,39.222512459012336,34.77980422973633,12.626964569091797
2019-04-29 05:45:00,140324606,27164866.141728733,27.164866141728734,33.1812629699707,15.273876190185547
2019-04-29 06:00:00,178087881,34475303.98787733,34.47530398787733,19.77610969543457,10.975126266479492
2019-04-29 06:15:00,133971840,25935060.172989897,25.935060172989896,22.893320083618164,10.703189849853516
2019-04-29 06:30:00,152804050,29580710.62864074,29.58071062864074,21.71609115600586,7.092737197875977
2019-04-29 06:45:00,247943455,47998358.64704114,47.99835864704114,25.430938720703125,9.132474899291992
2019-04-29 07:00:00,364147808,70493883.73215127,70.49388373215128,41.09077835083008,12.590518951416016
2019-04-29 07:15:00,465248169,90065488.82502751,90.06548882502751,63.37701416015625,13.057060241699219
2019-04-29 07:30:00,429406944,83127132.77163099,83.12713277163098,82.35674285888672,10.220962524414062
2019-04-29 07:45:00,501189537,97023231.15191928,97.02323115191928,76.90201568603516,13.641593933105469
2019-04-29 08:00:00,415817686,80496443.93481062,80.49644393481063,89.44187927246094,14.179847717285156
2019-04-29 08:15:00,502241340,97226845.38977057,97.22684538977056,73.16797637939453,17.90918731689453
2019-04-29 08:30:00,478996645,92727000.0228054,92.7270000228054,92.35464477539062,11.679306030273438
2019-04-29 08:45:00,526678282,101957492.97372448,101.95749297372448,88.04129028320312,12.731124877929688
2019-04-29 09:00:00,616306369,119308227.49774817,119.30822749774816,94.71630859375,8.5894775390625
2019-04-29 09:15:00,458252960,88711314.94537011,88.7113149453701,118.58733367919922,11.210350036621094
2019-04-29 09:30:00,357549097,69216466.27748936,69.21646627748936,87.43749237060547,10.426017761230469
2019-04-29 09:45:00,431110301,83456878.68160045,83.45687868160046,70.7778549194336,9.3597412109375
2019-04-29 10:00:00,405865462,78569833.62405372,78.56983362405371,79.65011596679688,9.434593200683594
2019-04-29 10:15:00,457845228,88632383.77629417,88.63238377629418,70.25453186035156,15.064285278320312
2019-04-29 10:30:00,388091743,75129092.10880086,75.12909210880086,83.6927719116211,16.97254180908203
2019-04-29 10:45:00,391582385,75804831.20675133,75.80483120675133,72.86334991455078,14.191146850585938
2019-04-29 11:00:00,419598514,81228358.95280041,81.2283589528004,74.74526977539062,11.736427307128906
2019-04-29 11:15:00,493708014,95574913.7354338,95.57491373543378,79.13136291503906,16.648422241210938
2019-04-29 11:30:00,511703091,99058507.0399117,99.0585070399117,93.1492919921875,12.57159423828125
2019-04-29 11:45:00,477497171,92436722.98833431,92.43672298833432,94.88460540771484,15.8636474609375
2019-04-29 12:00:00,747832941,144769918.24684206,144.76991824684205,89.38101959228516,13.775764465332031
2019-04-29 12:15:00,893864919,173039651.1743792,173.0396511743792,133.2526397705078,24.105224609375
2019-04-29 12:30:00,948639156,183643171.5300346,183.6431715300346,169.3408203125,14.974136352539062
2019-04-29 12:45:00,1058181357,204848997.8769501,204.8489978769501,175.75131225585938,16.844772338867188
2019-04-29 13:00:00,1256943804,243326606.4779496,243.32660647794955,200.79583740234375,17.494308471679688
2019-04-29 13:15:00,1059500550,205104375.0505024,205.1043750505024,240.8193817138672,17.358489990234375
2019-04-29 13:30:00,935167259,181035202.12885803,181.03520212885803,206.1345672607422,13.07257080078125
2019-04-29 13:45:00,769074052,148881897.98770517,148.88189798770517,173.30271911621094,22.456024169921875
2019-04-29 14:00:00,746682331,144547176.3662674,144.54717636626742,143.38064575195312,25.48504638671875
2019-04-29 14:15:00,808147951,156446054.169768,156.44605416976802,140.0666046142578,18.141036987304688
2019-04-29 14:30:00,702549825,136003745.15941948,136.00374515941948,151.94839477539062,19.249313354492188
2019-04-29 14:45:00,675833385,130831818.88739042,130.83181888739043,136.89720153808594,11.866714477539062
2019-04-29 15:00:00,557061943,107839341.5495948,107.8393415495948,118.05310821533203,15.715179443359375
2019-04-29 15:15:00,522984521,101242432.89990866,101.24243289990866,102.53943634033203,25.268692016601562
2019-04-29 15:30:00,565846033,109539817.58034097,109.53981758034097,98.75336456298828,28.726036071777344
2019-04-29 15:45:00,544870085,105479169.65936364,105.47916965936363,103.00030517578125,23.724769592285156
2019-04-29 16:00:00,592113224,114624775.5771888,114.6247755771888,101.61979675292969,16.077857971191406
2019-04-29 16:15:00,578368288,111963949.67352208,111.96394967352208,115.18215942382812,16.562850952148438
2019-04-29 16:30:00,652423163,126299929.8259798,126.29992982597982,103.92900848388672,23.813034057617188
2019-04-29 16:45:00,617804309,119598207.57143772,119.59820757143773,119.94476318359375,21.199417114257812
2019-04-29 17:00:00,793111406,153535190.96621066,153.53519096621065,112.056396484375,21.29022216796875
2019-04-29 17:15:00,868330281,168096505.11453918,168.09650511453918,138.0886688232422,25.593551635742188
2019-04-29 17:30:00,722965146,139955863.59405398,139.955863594054,166.6470947265625,20.159820556640625
2019-04-29 17:45:00,912213662,176591709.23227948,176.59170923227947,131.52947998046875,20.810958862304688
2019-04-29 18:00:00,830366126,160747179.73137125,160.74717973137126,172.56097412109375,28.594757080078125
2019-04-29 18:15:00,1109035509,214693645.02195,214.69364502195,155.65928649902344,25.92138671875
2019-04-29 18:30:00,1111546973,215179829.0585527,215.1798290585527,204.42214965820312,23.7578125
2019-04-29 18:45:00,851219668,164784131.5758034,164.7841315758034,215.9169464111328,15.443389892578125
2019-04-29 19:00:00,908200247,175814768.64891374,175.81476864891374,159.00582885742188,18.874847412109375
2019-04-29 19:15:00,978482098,189420344.5278008,189.42034452780075,164.64767456054688,27.90869140625
2019-04-29 19:30:00,876665468,169710079.85082796,169.71007985082795,185.4537811279297,26.919418334960938
2019-04-29 19:45:00,969152860,187614335.52696785,187.61433552696784,166.3008575439453,22.108810424804688
2019-04-29 20:00:00,970866674,187946105.76476792,187.9461057647679,176.68740844726562,25.85174560546875
2019-04-29 20:15:00,853752150,165274384.40100172,165.27438440100173,169.45034790039062,23.011871337890625
2019-04-29 20:30:00,1115971410,216036337.7086288,216.0363377086288,156.1596221923828,29.423553466796875
2019-04-29 20:45:00,1194399396,231218890.52089447,231.2188905208945,206.09219360351562,18.426666259765625
2019-04-29 21:00:00,1157256850,224028617.0612776,224.0286170612776,219.6507568359375,32.00444030761719
2019-04-29 21:15:00,1430650419,276953759.1129465,276.9537591129465,205.9280548095703,29.809707641601562
2019-04-29 21:30:00,1545045662,299099065.997653,299.099065997653,261.8793029785156,25.299224853515625
2019-04-29 21:45:00,1502046322,290774999.7588162,290.7749997588162,287.65655517578125,28.730560302734375
2019-04-29 22:00:00,1649340705,319289116.5034128,319.2891165034128,277.46246337890625,27.287384033203125
2019-04-29 22:15:00,1584809218,306796730.05565244,306.79673005565246,301.6563415527344,33.17596435546875
2019-04-29 22:30:00,1697769428,328664234.7753277,328.66423477532766,289.1669616699219,25.02386474609375
2019-04-29 22:45:00,1370994398,265405194.17335808,265.4051941733581,311.5358581542969,21.917327880859375
2019-04-29 23:00:00,1237648264,239591261.86395952,239.59126186395952,255.8331298828125,26.14471435546875
2019-04-29 23:15:00,1246335611,241273009.81329456,241.2730098132945,219.21534729003906,24.479476928710938
2019-04-29 23:30:00,1006351391,194815446.8935941,194.8154468935941,225.04476928710938,17.7138671875
2019-04-29 23:45:00,800895871,155042153.6845665,155.0421536845665,176.8411407470703,26.01513671875
2019-04-30 00:00:00,840515083,162711874.77839074,162.71187477839072,141.36288452148438,22.556549072265625
2019-04-30 00:15:00,776832807,150383883.61238936,150.38388361238935,147.25811767578125,14.661239624023438
2019-04-30 00:30:00,726542671,140648422.01637152,140.6484220163715,132.8764190673828,19.277069091796875
2019-04-30 00:45:00,699703836,135452801.79724228,135.45280179724227,130.3080596923828,13.432479858398438
2019-04-30 01:00:00,616388089,119324047.33807682,119.3240473380768,126.24750518798828,15.12017822265625
2019-04-30 01:15:00,430360179,83311665.63379067,83.31166563379067,110.47026062011719,14.652595520019531
2019-04-30 01:30:00,415348087,80405536.1864198,80.4055361864198,71.20793914794922,14.790809631347656
2019-04-30 01:45:00,384788284,74489589.0017001,74.4895890017001,65.78983306884766,17.27581787109375
2019-04-30 02:00:00,282883008,54762163.70840605,54.76216370840606,67.19475555419922,9.152816772460938
2019-04-30 02:15:00,305926309,59223022.03519561,59.22302203519561,44.2970085144043,8.947124481201172
2019-04-30 02:30:00,276977372,53618915.80631129,53.618915806311286,53.505271911621094,13.047298431396484
2019-04-30 02:45:00,284449554,55065424.93683851,55.06542493683851,42.74708938598633,12.772785186767578
2019-04-30 03:00:00,263199218,50951659.36598232,50.95165936598232,43.7606201171875,10.34524917602539
2019-04-30 03:15:00,257816942,49909726.58423028,49.909726584230285,48.19735336303711,8.958953857421875
2019-04-30 03:30:00,174029196,33689599.77049694,33.68959977049694,42.065303802490234,7.597969055175781
2019-04-30 03:45:00,186638552,36130593.38977283,36.130593389772834,28.059040069580078,11.110527038574219
2019-04-30 04:00:00,487195243,94314133.05362856,94.31413305362857,30.912031173706055,9.198089599609375
2019-04-30 04:15:00,359941682,69679637.01504132,69.67963701504132,89.02863311767578,8.649124145507812
2019-04-30 04:30:00,208463377,40355571.93481614,40.35557193481614,64.28656005859375,11.782554626464844
2019-04-30 04:45:00,246899107,47796187.59212735,47.79618759212735,34.824806213378906,14.378124237060547
2019-04-30 05:00:00,153585800,29732046.411520448,29.732046411520447,44.18841552734375,6.561702728271484
2019-04-30 05:15:00,141473147,27387207.493061565,27.387207493061563,24.493637084960938,14.81026840209961
2019-04-30 05:30:00,121093503,23441995.62283486,23.44199562283486,21.582754135131836,10.750045776367188
2019-04-30 05:45:00,117249916,22697931.34690104,22.69793134690104,19.97574806213379,8.021625518798828
2019-04-30 06:00:00,198084988,38346462.08595763,38.34646208595763,22.19752311706543,7.575569152832031
2019-04-30 06:15:00,137586429,26634793.663368378,26.634793663368377,33.14291763305664,14.94948959350586
2019-04-30 06:30:00,144639863,28000239.082467,28.000239082467,26.44314956665039,10.404853820800781
2019-04-30 06:45:00,238947635,46256894.67218355,46.25689467218355,23.58985137939453,11.46588134765625
2019-04-30 07:00:00,245119605,47451701.08326134,47.45170108326134,45.458805084228516,11.635974884033203
2019-04-30 07:15:00,439329018,85047906.46728866,85.04790646728866,45.298484802246094,15.51517105102539
2019-04-30 07:30:00,441791986,85524702.36174043,85.52470236174042,82.64297485351562,9.346061706542969
2019-04-30 07:45:00,355318818,68784715.69417608,68.78471569417607,78.18651580810547,17.434776306152344
2019-04-30 08:00:00,451684866,87439824.51042606,87.43982451042606,65.72880554199219,10.151519775390625
2019-04-30 08:15:00,443883660,85929620.97039936,85.92962097039937,87.34204864501953,8.450164794921875
2019-04-30 08:30:00,460025188,89054393.31034783,89.05439331034782,88.92060852050781,9.101692199707031
2019-04-30 08:45:00,544642869,105435183.84389476,105.43518384389476,91.17494201660156,6.353111267089844
2019-04-30 09:00:00,408768846,79131887.84936924,79.13188784936925,106.57173156738281,10.8897705078125
2019-04-30 09:15:00,280080622,54219661.27253636,54.21966127253636,77.3014907836914,11.039535522460938
2019-04-30 09:30:00,316003226,61173771.153467216,61.173771153467214,54.04386901855469,9.020950317382812
2019-04-30 09:45:00,364479788,70558150.38159214,70.55815038159214,62.15831756591797,9.090595245361328
2019-04-30 10:00:00,341252335,66061642.82283729,66.0616428228373,67.73823547363281,11.71502685546875
2019-04-30 10:15:00,311923765,60384044.9952808,60.3840449952808,64.75474548339844,13.074638366699219
2019-04-30 10:30:00,389962181,75491182.5457154,75.4911825457154,64.9241714477539,12.60000228881836
2019-04-30 10:45:00,358209354,69344282.72775711,69.3442827277571,75.72171020507812,8.444869995117188
2019-04-30 11:00:00,312445193,60484986.107651,60.484986107651,67.60211944580078,12.815322875976562
2019-04-30 11:15:00,442217364,85607049.54773314,85.60704954773314,57.95753479003906,16.353511810302734
2019-04-30 11:30:00,512038711,99123478.34205444,99.12347834205444,86.17172241210938,12.5540771484375
2019-04-30 11:45:00,498527719,96507940.6998396,96.5079406998396,98.47437286376953,9.811233520507812
2019-04-30 12:00:00,705760108,136625210.7060398,136.62521070603978,97.47917175292969,10.521133422851562
2019-04-30 12:15:00,853664755,165257465.96065024,165.25746596065022,132.1887664794922,12.37933349609375
2019-04-30 12:30:00,1039337920,201201174.03232023,201.20117403232024,163.50257873535156,20.591171264648438
2019-04-30 12:45:00,965161026,186841572.72106332,186.8415727210634,197.3595428466797,12.415725708007812
2019-04-30 13:00:00,955036464,184881600.2022477,184.8816002022477,185.15794372558594,18.4609375
2019-04-30 13:15:00,1015129912,196514844.8444236,196.51484484442355,177.6016387939453,15.10687255859375
2019-04-30 13:30:00,859575166,166401638.23545143,166.40163823545143,193.48095703125,15.58953857421875
2019-04-30 13:45:00,825208735,159748781.51633862,159.74878151633862,169.20765686035156,12.938278198242188
2019-04-30 14:00:00,734287624,142147735.7683658,142.1477357683658,160.9141082763672,15.152450561523438
2019-04-30 14:15:00,799229724,154719611.10620043,154.71961110620043,144.8674774169922,16.800155639648438
2019-04-30 14:30:00,627374593,121450879.68083476,121.45087968083476,146.324951171875,25.510986328125
2019-04-30 14:45:00,502948128,97363669.5858818,97.3636695858818,123.26029968261719,12.872177124023438
2019-04-30 15:00:00,481941390,93297061.1548247,93.2970611548247,94.93226623535156,13.981658935546875
2019-04-30 15:15:00,590426994,114298345.21305034,114.29834521305034,91.884765625,16.920738220214844
2019-04-30 15:30:00,517779527,100234819.41494007,100.23481941494008,111.89582061767578,18.25316619873047
2019-04-30 15:45:00,630234121,122004444.00260828,122.00444400260828,90.6722640991211,21.06732940673828
2019-04-30 16:00:00,679895017,131618093.60243906,131.61809360243907,126.1886215209961,13.5740966796875
2019-04-30 16:15:00,604037762,116933198.08273254,116.93319808273256,131.81784057617188,13.744354248046875
2019-04-30 16:30:00,612751659,118620085.73790124,118.62008573790123,114.55718994140625,13.18994140625
2019-04-30 16:45:00,702490597,135992279.45331344,135.99227945331344,121.0999526977539,15.008079528808594
2019-04-30 17:00:00,759666079,147060647.00047633,147.06064700047634,123.60020446777344,28.668777465820312
2019-04-30 17:15:00,717443055,138886864.5987,138.8868645987,147.82130432128906,14.663909912109375
2019-04-30 17:30:00,691557454,133875777.04814452,133.87577704814453,135.9243621826172,11.608078002929688
2019-04-30 17:45:00,790330661,152996877.92295665,152.99687792295666,130.39031982421875,16.313644409179688
2019-04-30 18:00:00,808058876,156428810.50509256,156.42881050509257,159.4874267578125,17.586395263671875
2019-04-30 18:15:00,875495377,169483566.723197,169.483566723197,152.75111389160156,16.213485717773438
2019-04-30 18:30:00,845885578,163751526.92457116,163.75152692457115,169.5098876953125,11.685546875
2019-04-30 18:45:00,819581613,158659449.99957544,158.65944999957543,171.40524291992188,17.843719482421875
2019-04-30 19:00:00,709932779,137432981.0066275,137.4329810066275,156.59335327148438,25.722793579101562
2019-04-30 19:15:00,787092758,152370065.5335821,152.37006553358208,137.56187438964844,16.735504150390625
2019-04-30 19:30:00,656104748,127012632.79779074,127.01263279779072,148.95513916015625,20.347457885742188
2019-04-30 19:45:00,789419822,152820552.32891458,152.82055232891457,125.60697937011719,24.114181518554688
2019-04-30 20:00:00,913170880,176777013.14710715,176.77701314710714,139.0317840576172,25.1832275390625
2019-04-30 20:15:00,996280682,192865899.5566338,192.8658995566338,162.78823852539062,24.829269409179688
2019-04-30 20:30:00,947504693,183423555.481102,183.423555481102,185.00839233398438,30.266357421875
2019-04-30 20:45:00,955598930,184990485.6930737,184.9904856930737,176.87965393066406,23.094833374023438
2019-04-30 21:00:00,967078394,187212748.1445984,187.2127481445984,175.44200134277344,21.1590576171875
2019-04-30 21:15:00,823866239,159488893.21039313,159.48889321039314,174.2913055419922,25.718734741210938
2019-04-30 21:30:00,888449310,171991265.5935856,171.9912655935856,152.80465698242188,20.654922485351562
2019-04-30 21:45:00,1002853629,194138329.46398503,194.13832946398503,153.62110900878906,27.181076049804688
2019-04-30 22:00:00,1179131166,228263176.3664494,228.2631763664494,178.45094299316406,33.24163818359375
2019-04-30 22:15:00,1247562270,241510473.70851865,241.51047370851865,214.98802185058594,23.521514892578125
2019-04-30 22:30:00,1263828311,244659350.0105185,244.65935001051847,226.48876953125,29.135269165039062
2019-04-30 22:45:00,1289274746,249585421.2125941,249.58542121259413,224.90611267089844,31.1258544921875
2019-04-30 23:00:00,1277156989,247239594.23166537,247.23959423166536,249.1253204345703,17.988861083984375
2019-04-30 23:15:00,1369005270,265020127.0251292,265.0201270251292,244.89614868164062,18.245208740234375
2019-04-30 23:30:00,1241430123,240323376.4690196,240.3233764690196,259.74200439453125,17.3314208984375
2019-04-30 23:45:00,819015106,158549782.2280988,158.54978222809882,226.43743896484375,24.141250610351562
2019-05-01 00:00:00,800862755,155035742.8936668,155.0357428936668,143.55392456054688,17.828536987304688
2019-05-01 00:15:00,748231007,144846978.2145399,144.8469782145399,145.59991455078125,18.7950439453125
2019-05-01 00:30:00,715519023,138514399.11868003,138.51439911868002,136.46385192871094,15.768646240234375
2019-05-01 00:45:00,686958411,132985467.13717245,132.98546713717244,127.02391052246094,17.006118774414062
2019-05-01 01:00:00,806383312,156104444.9282393,156.10444492823927,127.78564453125,11.625885009765625
2019-05-01 01:15:00,739984574,143250585.00185037,143.25058500185037,143.28436279296875,22.96142578125
2019-05-01 01:30:00,570304920,110402995.2649168,110.4029952649168,134.2488555908203,16.5047607421875
2019-05-01 01:45:00,502684133,97312563.87433553,97.31256387433552,105.15303802490234,17.608139038085938
2019-05-01 02:00:00,447961382,86719010.48269333,86.71901048269334,88.02344512939453,11.62847900390625
2019-05-01 02:15:00,433383870,83897009.59883234,83.89700959883234,74.40967559814453,11.9466552734375
2019-05-01 02:30:00,380343162,73629076.02713558,73.62907602713558,76.8906021118164,10.42474365234375
2019-05-01 02:45:00,365418959,70739960.6515543,70.7399606515543,60.608421325683594,16.998397827148438
2019-05-01 03:00:00,352778656,68292976.1292112,68.2929761292112,62.42427444458008,13.315101623535156
2019-05-01 03:15:00,355662749,68851295.88879277,68.85129588879276,61.05991744995117,11.699951171875
2019-05-01 03:30:00,323868134,62696306.50294834,62.696306502948346,61.29851531982422,10.851181030273438
2019-05-01 03:45:00,260388614,50407566.04112804,50.40756604112804,56.76849365234375,15.00857162475586
2019-05-01 04:00:00,223619886,43289658.47813347,43.28965847813347,39.1459846496582,13.845172882080078
2019-05-01 04:15:00,275211709,53277108.33281371,53.27710833281371,31.986595153808594,17.735958099365234
2019-05-01 04:30:00,182987912,35423880.93385729,35.42388093385729,48.593170166015625,13.767715454101562
2019-05-01 04:45:00,245142428,47456119.294419214,47.45611929441922,31.266403198242188,13.942874908447266
2019-05-01 05:00:00,194849724,37720160.569791935,37.720160569791936,39.050662994384766,13.215633392333984
2019-05-01 05:15:00,112836786,21843611.572676647,21.843611572676647,31.817609786987305,13.87984848022461
2019-05-01 05:30:00,131483085,25453272.278751604,25.453272278751605,16.12251853942871,17.515607833862305
2019-05-01 05:45:00,88845975,17199328.663045578,17.199328663045577,18.163631439208984,12.150997161865234
2019-05-01 06:00:00,83661674,16195721.051252743,16.195721051252743,8.592065811157227,14.32156753540039
2019-05-01 06:15:00,113466237,21965464.41549009,21.965464415490093,9.052619934082031,13.576105117797852
2019-05-01 06:30:00,66852192,12941642.230309548,12.941642230309547,20.427255630493164,9.349706649780273
2019-05-01 06:45:00,53663000,10388400.53300124,10.38840053300124,7.923585414886475,10.299288749694824
2019-05-01 07:00:00,117346683,22716664.07437392,22.71666407437392,10.243680000305176,13.750020027160645
2019-05-01 07:15:00,89040411,17236968.73247954,17.23696873247954,19.95016098022461,16.97864532470703
2019-05-01 07:30:00,114071928,22082717.65715072,22.08271765715072,8.95756721496582,17.496448516845703
2019-05-01 07:45:00,156410098,30278790.70178664,30.27879070178664,14.411614418029785,12.377639770507812
2019-05-01 08:00:00,211019489,40850399.19499934,40.85039919499934,27.3209285736084,15.525588989257812
2019-05-01 08:15:00,242089699,46865153.981807016,46.86515398180702,39.07545471191406,17.13091278076172
2019-05-01 08:30:00,237279136,45933896.77976397,45.93389677976397,44.386539459228516,16.01110076904297
2019-05-01 08:45:00,322372228,62406720.18299382,62.40672018299382,46.51355743408203,11.45241928100586
2019-05-01 09:00:00,348825321,67527666.18714437,67.52766618714436,59.710487365722656,11.08392333984375
2019-05-01 09:15:00,317184816,61402510.325443976,61.40251032544398,66.47181701660156,14.082015991210938
2019-05-01 09:30:00,308800614,59779446.97591842,59.77944697591842,59.39593505859375,15.993938446044922
2019-05-01 09:45:00,401109864,77649216.87139472,77.64921687139473,60.12162399291992,11.84560775756836
2019-05-01 10:00:00,455229939,88126100.6828862,88.1261006828862,71.44267272949219,18.418975830078125
2019-05-01 10:15:00,508485713,98435668.0012805,98.4356680012805,85.1658706665039,15.140068054199219
2019-05-01 10:30:00,477347901,92407826.41998067,92.40782641998068,98.66967010498047,16.760208129882812
2019-05-01 10:45:00,584566212,113163780.41323288,113.16378041323289,89.2726058959961,14.013938903808594
2019-05-01 11:00:00,556770848,107782989.65996596,107.78298965996596,112.79857635498047,13.454185485839844
2019-05-01 11:15:00,606917295,117490635.09057768,117.4906350905777,105.23731994628906,13.59710693359375
2019-05-01 11:30:00,585293362,113304546.40558462,113.30454640558462,117.03345489501953,14.623985290527344
2019-05-01 11:45:00,686463393,132889638.62860893,132.8896386286089,110.32080078125,14.164825439453125
2019-05-01 12:00:00,655403595,126876899.458266,126.876899458266,136.87525939941406,14.614242553710938
2019-05-01 12:15:00,699365143,135387235.605607,135.387235605607,127.85364532470703,12.752510070800781
2019-05-01 12:30:00,649548171,125743371.89173885,125.74337189173885,135.74603271484375,15.053604125976562
2019-05-01 12:45:00,619626803,119951016.725622,119.951016725622,126.1115493774414,16.04967498779297
2019-05-01 13:00:00,685205813,132646188.8635512,132.6461888635512,117.22300720214844,17.193504333496094
2019-05-01 13:15:00,730001141,141317933.0685186,141.3179330685186,133.32586669921875,27.876846313476562
2019-05-01 13:30:00,859837003,166452326.1886102,166.4523261886102,142.3319549560547,21.592666625976562
2019-05-01 13:45:00,873283179,169055316.3666701,169.0553163666701,160.78872680664062,18.345382690429688
2019-05-01 14:00:00,700002326,135510585.2546542,135.5105852546542,169.52841186523438,19.6787109375
2019-05-01 14:15:00,755297599,146214970.8370042,146.21497083700422,134.55140686035156,14.28515625
2019-05-01 14:30:00,691901178,133942317.17047846,133.94231717047847,145.1721954345703,25.51324462890625
2019-05-01 14:45:00,782260152,151434541.11738873,151.43454111738873,130.4484405517578,24.225601196289062
2019-05-01 15:00:00,847140261,163994415.87125596,163.99441587125597,151.51177978515625,23.241622924804688
2019-05-01 15:15:00,871641074,168737427.98068264,168.73742798068264,163.1213836669922,25.965286254882812
2019-05-01 15:30:00,805790742,155989731.7272658,155.9897317272658,164.97462463378906,20.640533447265625
2019-05-01 15:45:00,868952143,168216888.8339036,168.21688883390362,150.09202575683594,20.53619384765625
2019-05-01 16:00:00,746768416,144563841.20908058,144.56384120908058,164.3001708984375,23.889968872070312
2019-05-01 16:15:00,820997140,158933476.07790273,158.93347607790272,136.48272705078125,17.935440063476562
2019-05-01 16:30:00,937557519,181497922.779176,181.497922779176,150.6095428466797,31.264846801757812
2019-05-01 16:45:00,887562472,171819586.25489998,171.81958625489997,174.42901611328125,20.726364135742188
2019-05-01 17:00:00,722434640,139853165.1088191,139.8531651088191,166.10035705566406,21.737655639648438
2019-05-01 17:15:00,784125718,151795688.40376386,151.79568840376385,143.3285369873047,19.35748291015625
2019-05-01 17:30:00,873620871,169120688.77881235,169.12068877881234,156.55084228515625,26.937255859375
2019-05-01 17:45:00,845961651,163766253.5852824,163.7662535852824,179.61550903320312,21.244125366210938
2019-05-01 18:00:00,917907533,177693962.41475603,177.69396241475604,160.36654663085938,22.566558837890625
2019-05-01 18:15:00,810496529,156900705.77230597,156.90070577230597,173.5033721923828,36.16548156738281
2019-05-01 18:30:00,792699629,153455476.7421405,153.4554767421405,156.22769165039062,22.7374267578125
2019-05-01 18:45:00,841423989,162887826.17087433,162.88782617087432,151.06268310546875,28.846084594726562
2019-05-01 19:00:00,835066036,161657016.07203534,161.65701607203533,161.29412841796875,30.564376831054688
2019-05-01 19:15:00,786763616,152306348.2809456,152.3063482809456,161.6269073486328,16.21575927734375
2019-05-01 19:30:00,701600331,135819936.5021383,135.8199365021383,149.80963134765625,22.932601928710938
2019-05-01 19:45:00,692315113,134022449.15293618,134.02244915293616,136.88616943359375,24.717864990234375
2019-05-01 20:00:00,775557663,150137033.70445925,150.13703370445924,125.82263946533203,20.348526000976562
2019-05-01 20:15:00,771611086,149373032.01595262,149.37303201595262,139.32362365722656,38.95381164550781
2019-05-01 20:30:00,1027805525,198968664.88514656,198.96866488514647,136.76535034179688,39.23466491699219
2019-05-01 20:45:00,999041410,193400337.5907853,193.40033759078528,192.1149444580078,27.115097045898438
2019-05-01 21:00:00,1056388704,204501965.5198198,204.5019655198198,178.51248168945312,42.622894287109375
2019-05-01 21:15:00,1144030049,221468094.7915889,221.4680947915889,195.7993927001953,36.41300964355469
2019-05-01 21:30:00,1194147744,231170174.2401996,231.1701742401996,208.1338348388672,38.44767761230469
2019-05-01 21:45:00,1253921526,242741536.0497946,242.7415360497946,213.5936737060547,41.725341796875
2019-05-01 22:00:00,1140313443,220748612.2477252,220.7486122477252,211.01747131347656,50.15126037597656
2019-05-01 22:15:00,1280527051,247891990.74093708,247.89199074093708,207.8668670654297,22.848983764648438
2019-05-01 22:30:00,1258759832,243678163.90565848,243.6781639056585,228.7009735107422,39.69660949707031
2019-05-01 22:45:00,1099579541,212863102.8791096,212.8631028791096,225.01296997070312,25.662918090820312
2019-05-01 23:00:00,1132150844,219168448.115972,219.168448115972,199.2327880859375,21.10882568359375
2019-05-01 23:15:00,1075257487,208154695.9928512,208.1546959928512,202.4573974609375,36.47248840332031
2019-05-01 23:30:00,975906515,188921747.9564203,188.9217479564203,187.00735473632812,27.79620361328125
2019-05-01 23:45:00,641926573,124267937.92931554,124.26793792931554,175.90562438964844,23.719345092773438
2019-05-02 00:00:00,756182257,146386228.15841234,146.38622815841234,109.083740234375,29.594207763671875
2019-05-02 00:15:00,731690568,141644982.32680207,141.64498232680208,132.3162841796875,27.527267456054688
2019-05-02 00:30:00,680238621,131684610.49446411,131.68461049446412,125.45862579345703,19.267578125
2019-05-02 00:45:00,611312001,118341388.23804958,118.34138823804956,119.32470703125,17.490875244140625
2019-05-02 01:00:00,471458631,91267746.7448416,91.2677467448416,103.62251281738281,16.54974365234375
2019-05-02 01:15:00,415826881,80498223.95722646,80.49822395722646,79.2624282836914,21.867141723632812
2019-05-02 01:30:00,412292494,79814016.44376965,79.81401644376965,51.12568664550781,30.211578369140625
2019-05-02 01:45:00,317159907,61397688.294083886,61.397688294083885,64.06623077392578,19.77619171142578
2019-05-02 02:00:00,309596372,59933494.51018486,59.93349451018487,41.32750701904297,22.359600067138672
2019-05-02 02:15:00,304012550,58852545.26319934,58.85254526319934,41.384544372558594,26.063671112060547
2019-05-02 02:30:00,269284931,52129767.63747092,52.12976763747093,36.61180114746094,24.984779357910156
2019-05-02 02:45:00,308091339,59642141.33165618,59.64214133165618,30.8283634185791,20.997844696044922
2019-05-02 03:00:00,244954017,47419645.58007556,47.41964558007556,41.378177642822266,23.190326690673828
2019-05-02 03:15:00,191474877,37066837.751954734,37.066837751954736,25.609472274780273,28.833820343017578
2019-05-02 03:30:00,170852188,33074575.79493558,33.07457579493558,17.0246524810791,23.535747528076172
2019-05-02 03:45:00,169474371,32807849.84116524,32.80784984116524,13.930987358093262,26.209278106689453
2019-05-02 04:00:00,162846944,31524873.3735949,31.5248733735949,17.96275520324707,16.10842514038086
2019-05-02 04:15:00,118143206,22870859.70185929,22.87085970185929,17.10284996032715,18.442270278930664
2019-05-02 04:30:00,128295846,24836267.72577465,24.83626772577465,-0.6203819513320923,34.19026184082031
2019-05-02 04:45:00,124535421,24108302.44104753,24.10830244104753,6.582252025604248,25.253747940063477
2019-05-02 05:00:00,138741046,26858311.242672782,26.858311242672784,7.114753723144531,24.78577423095703
2019-05-02 05:15:00,123484124,23904786.157665268,23.904786157665267,15.028226852416992,19.894285202026367
2019-05-02 05:30:00,96680617,18716004.94146225,18.71600494146225,-3.904050827026367,34.710601806640625
2019-05-02 05:45:00,147462418,28546645.95249709,28.54664595249709,1.570940375328064,23.35257911682129
2019-05-02 06:00:00,158280718,30640916.37133628,30.64091637133628,5.075002670288086,25.501995086669922
2019-05-02 06:15:00,155636988,30129127.50114432,30.12912750114432,15.262194633483887,29.68147087097168
2019-05-02 06:30:00,232159046,44942719.512652285,44.94271951265229,7.907249450683594,23.679929733276367
2019-05-02 06:45:00,239643682,46391639.56206659,46.391639562066594,23.032852172851562,23.43592071533203
2019-05-02 07:00:00,199770938,38672838.24604211,38.67283824604211,29.429332733154297,32.015010833740234
2019-05-02 07:15:00,276886438,53601312.26543456,53.601312265434565,20.960233688354492,23.59893798828125
2019-05-02 07:30:00,286807000,55521793.25920069,55.52179325920069,27.482553482055664,38.38077163696289
2019-05-02 07:45:00,297535947,57598766.19648228,57.59876619648228,44.355613708496094,27.407855987548828
2019-05-02 08:00:00,308816106,59782446.0087913,59.7824460087913,39.9194450378418,32.02922439575195
2019-05-02 08:15:00,378394536,73251849.49531627,73.25184949531626,43.43657684326172,31.068328857421875
2019-05-02 08:30:00,401886566,77799575.43261535,77.79957543261536,60.01072311401367,25.47559356689453
2019-05-02 08:45:00,614766433,119010117.59030376,119.01011759030376,66.7603988647461,27.32562255859375
2019-05-02 09:00:00,754438514,146048664.0879985,146.0486640879985,104.09741973876953,30.493911743164062
2019-05-02 09:15:00,274718249,53181581.43109344,53.18158143109344,134.83580017089844,26.149139404296875
2019-05-02 09:30:00,354860064,68695907.3849478,68.6959073849478,42.96657180786133,25.2423095703125
2019-05-02 09:45:00,372102138,72033729.92061758,72.03372992061757,56.973941802978516,30.724105834960938
2019-05-02 10:00:00,451695134,87441812.25052021,87.44181225052021,52.389015197753906,31.267662048339844
2019-05-02 10:15:00,380437751,73647387.1245028,73.6473871245028,75.7605209350586,24.997802734375
2019-05-02 10:30:00,321528889,62243461.6376814,62.24346163768139,69.55976104736328,20.758895874023438
2019-05-02 10:45:00,283280673,54839146.04815515,54.83914604815515,44.69755554199219,37.760704040527344
2019-05-02 11:00:00,423595343,82002088.72031088,82.00208872031088,45.89182662963867,22.005237579345703
2019-05-02 11:15:00,362968558,70265597.55119713,70.26559755119713,75.01750183105469,31.232948303222656
2019-05-02 11:30:00,316698349,61308337.1699721,61.3083371699721,51.9092903137207,28.02617645263672
2019-05-02 11:45:00,356305799,68975781.30635694,68.97578130635694,52.868778228759766,26.065383911132812
2019-05-02 12:00:00,498147156,96434269.06627382,96.43426906627384,63.12680435180664,21.85157012939453
2019-05-02 12:15:00,656646657,127117538.74312437,127.11753874312436,79.2709732055664,38.856239318847656
2019-05-02 12:30:00,701716615,135842447.44576013,135.84244744576014,111.1298828125,34.70452880859375
2019-05-02 12:45:00,761164797,147350777.68400165,147.35077768400166,120.94775390625,44.4091796875
2019-05-02 13:00:00,816057052,157977144.66124183,157.97714466124182,135.71514892578125,28.11126708984375
2019-05-02 13:15:00,724608317,140273958.3426184,140.2739583426184,156.0690155029297,26.356246948242188
2019-05-02 13:30:00,714520720,138321141.7268589,138.3211417268589,123.19471740722656,36.73321533203125
2019-05-02 13:45:00,569495266,110246257.6608852,110.24625766088522,114.42681884765625,45.40501403808594
2019-05-02 14:00:00,656140201,127019495.99895534,127.01949599895534,97.71574401855469,27.230201721191406
2019-05-02 14:15:00,546196795,105736002.01817957,105.73600201817956,109.63056945800781,36.686195373535156
2019-05-02 14:30:00,546425763,105780326.99615768,105.78032699615768,93.93167877197266,31.834182739257812
2019-05-02 14:45:00,474794807,91913583.40206511,91.91358340206511,94.54586029052734,33.441246032714844
2019-05-02 15:00:00,549349692,106346358.44393468,106.34635844393468,73.8796615600586,35.560829162597656
2019-05-02 15:15:00,454936578,88069310.12759183,88.06931012759183,93.27769470214844,38.71278381347656
2019-05-02 15:30:00,464758287,89970654.57368286,89.97065457368286,79.33177947998047,27.552528381347656
2019-05-02 15:45:00,528503647,102310857.91304807,102.31085791304808,64.64584350585938,41.27363586425781
2019-05-02 16:00:00,443066015,85771336.42138411,85.7713364213841,85.52542114257812,44.380348205566406
2019-05-02 16:15:00,461733434,89385085.66181713,89.38508566181713,71.94127655029297,34.102783203125
2019-05-02 16:30:00,532813736,103145230.40181842,103.14523040181842,79.30369567871094,31.134033203125
2019-05-02 16:45:00,537276042,104009069.95661063,104.00906995661065,83.34376525878906,46.739646911621094
2019-05-02 17:00:00,456292625,88331821.71616448,88.33182171616448,64.05945587158203,76.25355529785156
2019-05-02 17:15:00,457082528,88484735.80494483,88.48473580494483,68.80111694335938,41.788002014160156
2019-05-02 17:30:00,477024476,92345215.89797509,92.34521589797508,68.43419647216797,38.291664123535156
2019-05-02 17:45:00,409815878,79334578.4888577,79.3345784888577,71.10895538330078,70.16567993164062
2019-05-02 18:00:00,456547866,88381232.77668,88.38123277668,75.3645248413086,30.588348388671875
2019-05-02 18:15:00,587952032,113819227.44922876,113.81922744922876,68.31376647949219,41.61620330810547
2019-05-02 18:30:00,497882640,96383062.4964699,96.3830624964699,84.7209243774414,55.53807067871094
2019-05-02 18:45:00,451839469,87469753.47242229,87.46975347242228,67.93706512451172,46.73438262939453
2019-05-02 19:00:00,497880966,96382738.43366142,96.38273843366142,75.32161712646484,29.863548278808594
2019-05-02 19:15:00,514498159,99599592.8141132,99.5995928141132,76.44012451171875,45.74932861328125
2019-05-02 19:30:00,619189053,119866274.4947866,119.8662744947866,72.10289764404297,48.71992492675781
2019-05-02 19:45:00,624844129,120961017.511997,120.961017511997,92.75308227539062,46.22540283203125
2019-05-02 20:00:00,570204159,110383489.35533091,110.38348935533092,81.04476928710938,49.98793029785156
2019-05-02 20:15:00,694062531,134360724.6515586,134.3607246515586,62.056373596191406,61.128639221191406
2019-05-02 20:30:00,751061820,145394983.7169909,145.39498371699088,73.18052673339844,64.51156616210938
2019-05-02 20:45:00,850879799,164718337.72714138,164.71833772714135,115.74195098876953,43.356231689453125
2019-05-02 21:00:00,920023239,178103533.27993453,178.10353327993454,141.64865112304688,38.10368347167969
2019-05-02 21:15:00,917525287,177619964.9761086,177.6199649761086,144.25753784179688,56.4342041015625
2019-05-02 21:30:00,875689547,169521155.2987797,169.5211552987797,146.6037139892578,39.740203857421875
2019-05-02 21:45:00,1074522683,208012448.29396647,208.0124482939665,124.85831451416016,61.12322998046875
2019-05-02 22:00:00,958203840,185494759.55835184,185.49475955835183,150.28611755371094,50.08558654785156
2019-05-02 22:15:00,872770396,168956048.8044668,168.9560488044668,142.12777709960938,66.07858276367188
2019-05-02 22:30:00,936093035,181214419.3155945,181.2144193155945,126.3510971069336,52.71873474121094
2019-05-02 22:45:00,783397619,151654738.69838628,151.65473869838627,139.1978759765625,40.13850402832031
2019-05-02 23:00:00,852035647,164942093.61069745,164.94209361069744,117.0469970703125,50.97265625
2019-05-02 23:15:00,780895973,151170455.28821948,151.17045528821947,130.6162872314453,52.39973449707031
2019-05-02 23:30:00,564284996,109237622.81667076,109.23762281667076,109.89956665039062,31.279098510742188
2019-05-02 23:45:00,387287440,74973390.3829582,74.9733903829582,71.34233093261719,45.419044494628906
2019-05-03 00:00:00,793293046,153570353.9103773,153.5703539103773,55.42192459106445,33.482521057128906
2019-05-03 00:15:00,814122959,157602731.51341048,157.60273151341048,110.24945068359375,45.64640808105469
2019-05-03 00:30:00,821546165,159039759.5805513,159.0397595805513,117.79936218261719,41.87709045410156
2019-05-03 00:45:00,736913348,142656038.93071443,142.65603893071443,108.97874450683594,47.948211669921875
2019-05-03 01:00:00,358823725,69463216.2950914,69.4632162950914,106.92500305175781,41.6923828125
2019-05-03 01:15:00,285688900,55305344.856466055,55.30534485646606,20.285369873046875,44.174415588378906
2019-05-03 01:30:00,348029332,67373573.93453339,67.37357393453338,10.55366325378418,37.42487716674805
2019-05-03 01:45:00,314137689,60812629.481083386,60.81262948108338,17.985836029052734,39.541961669921875
2019-05-03 02:00:00,185090689,35830948.92684283,35.83094892684283,19.994956970214844,40.48097229003906
2019-05-03 02:15:00,211760414,40993831.83322146,40.993831833221456,-8.676766395568848,44.14813232421875
2019-05-03 02:30:00,149316007,28905474.66046283,28.90547466046283,-5.704792499542236,46.89811706542969
2019-05-03 02:45:00,156293789,30256274.918517105,30.256274918517104,-7.230676174163818,44.44319534301758
2019-05-03 03:00:00,189926699,36767132.30946399,36.767132309464,-22.658924102783203,54.27021408081055
2019-05-03 03:15:00,127432781,24669190.50485866,24.669190504858665,-9.26408863067627,36.381526947021484
2019-05-03 03:30:00,99506616,19263078.521356422,19.263078521356423,-28.511226654052734,36.62042999267578
2019-05-03 03:45:00,73794025,14285483.268589286,14.285483268589289,-36.14400100708008,48.68267059326172
2019-05-03 04:00:00,55521967,10748270.345975388,10.748270345975389,-28.342870712280273,28.35141372680664
2019-05-03 04:15:00,49775896,9635911.97914791,9.63591197914791,-36.271888732910156,26.36911964416504
2019-05-03 04:30:00,63518600,12296305.799069984,12.296305799069984,-27.356096267700195,36.759117126464844
2019-05-03 04:45:00,48316960,9353482.530179072,9.353482530179072,-32.295921325683594,45.26065444946289
2019-05-03 05:00:00,135540452,26238721.34990644,26.238721349906434,-28.77854347229004,30.445049285888672
2019-05-03 05:15:00,35812123,6932722.316327935,6.932722316327936,-21.496488571166992,48.670066833496094
2019-05-03 05:30:00,21752980,4211070.365547311,4.211070365547311,-47.359554290771484,38.71583557128906
2019-05-03 05:45:00,37513589,7262102.155347063,7.262102155347063,-38.37601852416992,42.88808059692383
2019-05-03 06:00:00,98772663,19120995.56407864,19.12099556407864,-31.97654914855957,41.38972854614258
2019-05-03 06:15:00,98249496,19019717.805815984,19.019717805815983,-28.006967544555664,38.62763214111328
2019-05-03 06:30:00,69030137,13363261.688760389,13.363261688760389,-15.330442428588867,36.77397537231445
2019-05-03 06:45:00,137473661,26612963.367795907,26.612963367795903,-33.31330871582031,39.6051139831543
2019-05-03 07:00:00,253312890,49037805.592160046,49.03780559216005,-29.21329116821289,56.464656829833984
2019-05-03 07:15:00,230481864,44618040.7138013,44.6180407138013,6.556188106536865,39.3768196105957
2019-05-03 07:30:00,275071627,53249990.43177456,53.24999043177456,-1.569434642791748,46.018428802490234
2019-05-03 07:45:00,191457303,37063435.67322327,37.06343567322327,12.090777397155762,52.081912994384766
2019-05-03 08:00:00,336043680,65053320.61986281,65.05332061986282,-4.791811466217041,45.0184440612793
2019-05-03 08:15:00,236384662,45760739.2190917,45.7607392190917,20.3519287109375,55.15831756591797
2019-05-03 08:30:00,249669417,48332480.56644073,48.33248056644073,4.676877498626709,43.79207992553711
2019-05-03 08:45:00,245878014,47598518.3774833,47.5985183774833,-2.3393518924713135,52.87366485595703
2019-05-03 09:00:00,235561586,45601403.30501495,45.60140330501496,13.017378807067871,37.1563720703125
2019-05-03 09:15:00,211002000,40847013.57106997,40.84701357106997,19.739227294921875,48.4371337890625
2019-05-03 09:30:00,255655707,49491341.94628718,49.49134194628718,15.666245460510254,34.106910705566406
2019-05-03 09:45:00,203279931,39352129.83897388,39.35212983897388,18.60076332092285,38.463653564453125
2019-05-03 10:00:00,266431376,51577359.60432055,51.57735960432055,5.032192230224609,44.34629821777344
2019-05-03 10:15:00,233013653,45108159.38396597,45.10815938396597,18.888242721557617,48.80612564086914
2019-05-03 10:30:00,239899967,46441252.72626912,46.44125272626912,25.152555465698242,28.861133575439453
2019-05-03 10:45:00,247245533,47863250.78358228,47.86325078358228,6.310647487640381,56.151649475097656
2019-05-03 11:00:00,241830979,46815069.435920686,46.81506943592069,6.205683708190918,58.92897415161133
2019-05-03 11:15:00,283809459,54941511.56562983,54.94151156562983,19.785770416259766,52.03662872314453
2019-05-03 11:30:00,299162032,57913553.33623789,57.91355333623789,25.856794357299805,43.0498046875
2019-05-03 11:45:00,332930270,64450608.320821546,64.45060832082154,6.601564407348633,47.60739517211914
2019-05-03 12:00:00,437709403,84734371.82835202,84.73437182835202,36.45433044433594,37.85700988769531
2019-05-03 12:15:00,461997267,89436160.0124465,89.43616001244649,49.33690643310547,41.43537902832031
2019-05-03 12:30:00,491216795,95092648.8455204,95.0926488455204,57.23959732055664,41.381988525390625
2019-05-03 12:45:00,601575240,116456488.52759534,116.45648852759534,55.0551872253418,45.34880065917969
2019-05-03 13:00:00,571275025,110590793.92132936,110.59079392132936,80.97054290771484,62.214027404785156
2019-05-03 13:15:00,466416960,90291750.29097922,90.29175029097922,69.64746856689453,58.407508850097656
2019-05-03 13:30:00,548859964,106251554.00481974,106.25155400481974,49.45186233520508,56.681793212890625
2019-05-03 13:45:00,578448753,111979526.56353731,111.97952656353732,64.3160400390625,45.69352722167969
2019-05-03 14:00:00,812664401,157320375.23991454,157.32037523991454,47.65922546386719,61.111083984375
2019-05-03 14:15:00,465143360,90045199.27968968,90.04519927968968,118.94444274902344,37.124420166015625
2019-05-03 14:30:00,575891250,111484430.02535734,111.48443002535734,44.55724334716797,48.86833190917969
2019-05-03 14:45:00,435626813,84331211.75407323,84.33121175407324,67.97017669677734,52.61956787109375
2019-05-03 15:00:00,598865049,115931833.74443124,115.93183374443124,45.28434371948242,53.55724334716797
2019-05-03 15:15:00,468446891,90684716.32497576,90.68471632497577,74.49625396728516,51.69232177734375
2019-05-03 15:30:00,502393494,97256300.25988027,97.25630025988028,37.141014099121094,48.534507751464844
2019-05-03 15:45:00,599785986,116110114.16896324,116.11011416896324,55.0177116394043,49.07379150390625
2019-05-03 16:00:00,540821985,104695514.54880996,104.69551454880995,59.22184371948242,69.16422271728516
2019-05-03 16:15:00,509438291,98620073.67749922,98.62007367749922,64.1678466796875,42.39958953857422
2019-05-03 16:30:00,456051319,88285108.27526449,88.28510827526449,45.59729766845703,63.04035186767578
2019-05-03 16:45:00,480661263,93049246.60831948,93.04924660831948,35.40972900390625,59.97270202636719
2019-05-03 17:00:00,534141535,103402273.57568716,103.40227357568718,41.20957946777344,56.917442321777344
2019-05-03 17:15:00,597236178,115616507.27433844,115.61650727433845,64.58914947509766,40.339935302734375
2019-05-03 17:30:00,547473602,105983173.85947315,105.98317385947315,59.01348114013672,65.45389556884766
2019-05-03 17:45:00,524461533,101528361.60773434,101.52836160773434,35.5744743347168,81.44647979736328
2019-05-03 18:00:00,484924008,93874453.96590383,93.87445396590384,41.22715377807617,65.60792541503906
2019-05-03 18:15:00,627745009,121522586.99820116,121.52258699820116,61.037662506103516,40.14678955078125
2019-05-03 18:30:00,762816041,147670435.25159413,147.6704352515941,82.15525817871094,56.88873291015625
2019-05-03 18:45:00,444252633,86001048.9433018,86.0010489433018,100.16153717041016,59.90876770019531
2019-05-03 19:00:00,370151920,71656195.20003414,71.65619520003415,34.66877365112305,50.45209503173828
2019-05-03 19:15:00,466889528,90383232.79592824,90.38323279592824,1.7428168058395386,72.98809051513672
2019-05-03 19:30:00,456859408,88441542.91735145,88.44154291735146,42.7718620300293,58.689598083496094
2019-05-03 19:45:00,330027715,63888714.57822301,63.88871457822301,-4.169861316680908,97.58927917480469
2019-05-03 20:00:00,327735403,63444955.28033424,63.44495528033424,3.9143009185791016,60.22908401489258
2019-05-03 20:15:00,364462152,70554736.30053443,70.55473630053443,11.113856315612793,60.00322341918945
2019-05-03 20:30:00,565508604,109474496.08129229,109.47449608129229,16.379318237304688,50.51567077636719
2019-05-03 20:45:00,585007461,113249200.00115728,113.24920000115726,53.706520080566406,61.142364501953125
2019-05-03 21:00:00,657217785,127228101.0750777,127.2281010750777,45.685386657714844,61.32020568847656
2019-05-03 21:15:00,617801441,119597652.36705616,119.59765236705614,59.885108947753906,52.89867401123047
2019-05-03 21:30:00,642698805,124417431.1615314,124.4174311615314,59.03955078125,54.08197784423828
2019-05-03 21:45:00,667518780,129222228.53624168,129.2222285362417,73.2420883178711,50.29637145996094
2019-05-03 22:00:00,703840622,136253625.2675535,136.2536252675535,62.972415924072266,64.51852416992188
2019-05-03 22:15:00,635847116,123091040.7312618,123.09104073126178,50.74299621582031,67.44252014160156
2019-05-03 22:30:00,633245804,122587463.38807742,122.58746338807742,50.66032409667969,47.061988830566406
2019-05-03 22:45:00,888749180,172049316.19954932,172.0493161995493,60.280582427978516,66.61820220947266
2019-05-03 23:00:00,747658678,144736183.38591212,144.7361833859121,84.07398223876953,71.37336730957031
2019-05-03 23:15:00,638122149,123531455.05826168,123.53145505826168,60.7793083190918,59.49690246582031
2019-05-03 23:30:00,544975467,105499570.12942624,105.49957012942625,36.47904586791992,56.234275817871094
2019-05-03 23:45:00,468427156,90680895.90709902,90.68089590709904,24.948009490966797,57.97180938720703
2019-05-04 00:00:00,603874147,116901524.52454148,116.90152452454149,36.02553176879883,50.52827453613281
2019-05-04 00:15:00,626504028,121282350.56561548,121.28235056561547,37.06755447387695,50.70306396484375
2019-05-04 00:30:00,591442707,114494972.93551417,114.49497293551416,50.57877731323242,59.59784698486328
2019-05-04 00:45:00,557561799,107936106.62677692,107.93610662677692,41.226348876953125,52.724769592285156
2019-05-04 01:00:00,421173648,81533282.69700308,81.53328269700309,45.40448760986328,64.92118072509766
2019-05-04 01:15:00,278786013,53969043.21492445,53.96904321492445,40.4957160949707,42.21514129638672
2019-05-04 01:30:00,210156366,40683310.74610073,40.68331074610073,24.667566299438477,31.457218170166016
2019-05-04 01:45:00,187956548,36385738.840994224,36.38573884099422,6.215697765350342,39.36683654785156
2019-05-04 02:00:00,212003011,41040795.19352753,41.04079519352753,3.4190564155578613,35.529991149902344
2019-05-04 02:15:00,145236763,28115790.51041825,28.11579051041825,11.887138366699219,26.600967407226562
2019-05-04 02:30:00,169448090,32802762.2099406,32.8027622099406,-2.464905023574829,30.572696685791016
2019-05-04 02:45:00,218920837,42379988.814935386,42.37998881493539,9.01734733581543,31.246631622314453
2019-05-04 03:00:00,155324533,30068640.61653968,30.068640616539675,25.279756546020508,28.640361785888672
2019-05-04 03:15:00,180247102,34893298.74380353,34.893298743803534,15.61910343170166,24.86399269104004
2019-05-04 03:30:00,156923367,30378152.34674076,30.378152346740755,14.605826377868652,31.502517700195312
2019-05-04 03:45:00,139203734,26947881.118859604,26.947881118859605,3.964599370956421,32.62059783935547
2019-05-04 04:00:00,99773768,19314795.383611467,19.314795383611468,0.25633883476257324,35.147247314453125
2019-05-04 04:15:00,90361233,17492661.25747441,17.49266125747441,-11.01823902130127,33.01659393310547
2019-05-04 04:30:00,67899260,13144339.838890666,13.144339838890666,-2.5137646198272705,21.820823669433594
2019-05-04 04:45:00,50817106,9837475.561485205,9.837475561485205,-10.348886489868164,22.22466278076172
2019-05-04 05:00:00,61011842,11811032.777746072,11.811032777746073,-27.4215030670166,45.54464340209961
2019-05-04 05:15:00,73043793,14140248.926329728,14.140248926329727,0.5871851444244385,17.729936599731445
2019-05-04 05:30:00,106334931,20584944.07463336,20.58494407463336,-1.0440129041671753,26.975675582885742
2019-05-04 05:45:00,130469633,25257082.254023746,25.257082254023747,3.668952465057373,23.010007858276367
2019-05-04 06:00:00,101157418,19582650.52397796,19.58265052397796,-0.08750153332948685,30.665136337280273
2019-05-04 06:15:00,51825124,10032613.640393851,10.032613640393851,5.596542835235596,27.522890090942383
2019-05-04 06:30:00,42477125,8222972.774357757,8.222972774357757,-9.913412094116211,25.032705307006836
2019-05-04 06:45:00,89881990,17399886.566595457,17.39988656659546,-19.332475662231445,42.08250427246094
2019-05-04 07:00:00,67018556,12973847.956159243,12.973847956159243,2.4685401916503906,32.26676559448242
2019-05-04 07:15:00,48431749,9375704.062869804,9.375704062869804,-11.821619987487793,31.987686157226562
2019-05-04 07:30:00,183098411,35445271.983006544,35.44527198300654,-8.771602630615234,26.227949142456055
2019-05-04 07:45:00,130678162,25297450.529646546,25.297450529646543,19.363618850708008,18.67812728881836
2019-05-04 08:00:00,111492938,21583461.538584765,21.583461538584764,10.65748119354248,37.70861053466797
2019-05-04 08:15:00,182752386,35378286.41950037,35.37828641950038,-2.3708207607269287,41.15199661254883
2019-05-04 08:30:00,267197416,51725654.15259963,51.72565415259963,4.4931111335754395,34.2951774597168
2019-05-04 08:45:00,135006823,26135418.295883644,26.13541829588365,32.73348617553711,25.580650329589844
2019-05-04 09:00:00,141531041,27398414.95556753,27.39841495556753,2.1020147800445557,41.682125091552734
2019-05-04 09:15:00,208644543,40390643.11926281,40.390643119262805,-3.746004343032837,34.743865966796875
2019-05-04 09:30:00,188318319,36455772.60819368,36.45577260819368,10.1489896774292,46.86650466918945
2019-05-04 09:45:00,185917960,35991096.933799885,35.99109693379989,15.344657897949219,31.59093475341797
2019-05-04 10:00:00,307161291,59462097.14592455,59.46209714592455,24.19232177734375,35.31476593017578
2019-05-04 10:15:00,365428295,70741767.96958303,70.74176796958304,42.50340270996094,27.00827407836914
2019-05-04 10:30:00,249170071,48235814.21807124,48.23581421807124,53.727989196777344,35.35865020751953
2019-05-04 10:45:00,318035556,61567201.60005489,61.56720160005489,22.60361671447754,44.055179595947266
2019-05-04 11:00:00,293248633,56768802.62674627,56.768802626746265,36.21985626220703,45.70982360839844
2019-05-04 11:15:00,274326155,53105677.558432825,53.10567755843282,25.51589012145996,37.006168365478516
2019-05-04 11:30:00,283644073,54909495.16679728,54.90949516679728,34.20208740234375,40.96519088745117
2019-05-04 11:45:00,299259935,57932505.97730124,57.93250597730124,30.606679916381836,37.33438491821289
2019-05-04 12:00:00,328514360,63595750.3777754,63.5957503777754,19.406696319580078,47.41084289550781
2019-05-04 12:15:00,378682150,73307527.5124025,73.3075275124025,37.307037353515625,40.11483383178711
2019-05-04 12:30:00,385017850,74534029.74405068,74.53402974405068,45.080440521240234,49.660545349121094
2019-05-04 12:45:00,493205606,95477654.62701674,95.47765462701672,58.632423400878906,35.089149475097656
2019-05-04 13:00:00,414935245,80325615.79335855,80.32561579335855,56.831298828125,45.71019744873047
2019-05-04 13:15:00,366915401,71029650.73355503,71.02965073355503,38.849037170410156,59.90587615966797
2019-05-04 13:30:00,435227774,84253963.42728776,84.25396342728776,38.35918426513672,50.56659698486328
2019-05-04 13:45:00,426869336,82635887.62507287,82.63588762507287,44.2077751159668,57.96131134033203
2019-05-04 14:00:00,351721381,68088302.58927627,68.08830258927627,37.74845504760742,62.15460968017578
2019-05-04 14:15:00,328450891,63583463.67383732,63.58346367383732,52.622398376464844,36.98607635498047
2019-05-04 14:30:00,339522321,65726736.49334212,65.72673649334212,31.855554580688477,58.945987701416016
2019-05-04 14:45:00,354800009,68684281.58329658,68.68428158329658,51.58326721191406,39.87859344482422
2019-05-04 15:00:00,386694347,74858575.93655528,74.85857593655528,33.69522476196289,64.56892395019531
2019-05-04 15:15:00,377224102,73025269.96771918,73.02526996771918,45.51362991333008,46.756263732910156
2019-05-04 15:30:00,347056113,67185172.45160611,67.1851724516061,49.728233337402344,37.631629943847656
2019-05-04 15:45:00,393329607,76143068.76253597,76.14306876253598,37.16102600097656,51.144989013671875
2019-05-04 16:00:00,347217347,67216385.08175236,67.21638508175236,40.1441650390625,54.35746765136719
2019-05-04 16:15:00,403370522,78086848.40097998,78.08684840097997,41.202659606933594,49.083763122558594
2019-05-04 16:30:00,472224174,91415945.08092484,91.41594508092486,37.5494499206543,78.33673858642578
2019-05-04 16:45:00,390530415,75601184.64005359,75.60118464005359,40.00299072265625,52.84374237060547
2019-05-04 17:00:00,590364487,114286244.73875488,114.28624473875487,24.57219696044922,69.70829772949219
2019-05-04 17:15:00,494665237,95760218.61819102,95.76021861819102,62.45871353149414,66.98405456542969
2019-05-04 17:30:00,445734421,86287902.2174198,86.2879022174198,62.315494537353516,61.412925720214844
2019-05-04 17:45:00,542789477,105076393.27235273,105.07639327235272,30.325946807861328,61.93742370605469
2019-05-04 18:00:00,529759795,102554030.4630868,102.55403046308682,72.30750274658203,48.902679443359375
2019-05-04 18:15:00,481081455,93130589.85779797,93.13058985779796,68.53736877441406,53.217002868652344
2019-05-04 18:30:00,517832452,100245064.94907364,100.24506494907364,65.46277618408203,51.377098083496094
2019-05-04 18:45:00,439991928,85176236.50096795,85.17623650096795,74.61248779296875,54.961669921875
2019-05-04 19:00:00,516854874,100055819.6251773,100.05581962517728,59.6024284362793,46.36570739746094
2019-05-04 19:15:00,441066864,85384328.96160829,85.38432896160829,60.853675842285156,44.61510467529297
2019-05-04 19:30:00,341198848,66051288.493423946,66.05128849342394,63.030029296875,28.793907165527344
2019-05-04 19:45:00,409676530,79307602.67987438,79.30760267987438,31.421175003051758,58.981201171875
2019-05-04 20:00:00,486577255,94194499.28606825,94.19449928606824,43.013343811035156,55.0191650390625
2019-05-04 20:15:00,543969303,105304790.95878936,105.30479095878935,58.85997772216797,34.103981018066406
2019-05-04 20:30:00,536408120,103841052.48894385,103.84105248894384,72.41563415527344,53.827178955078125
2019-05-04 20:45:00,630004447,121959982.35297972,121.95998235297974,96.22723388671875,38.504486083984375
2019-05-04 21:00:00,548233678,106130313.86140227,106.13031386140229,99.59394073486328,47.622406005859375
2019-05-04 21:15:00,605985146,117310184.18085524,117.31018418085525,70.58113861083984,54.65728759765625
2019-05-04 21:30:00,639019226,123705116.52305014,123.70511652305017,85.94505310058594,43.27497863769531
2019-05-04 21:45:00,670865729,129870150.69444244,129.87015069444246,87.79005432128906,50.23651123046875
2019-05-04 22:00:00,790201924,152971956.2540336,152.9719562540336,97.64273834228516,36.330596923828125
2019-05-04 22:15:00,733788897,142051189.2496728,142.0511892496728,126.70982360839844,41.02174377441406
2019-05-04 22:30:00,733031389,141904546.37635314,141.90454637635315,117.57365417480469,49.10978698730469
2019-05-04 22:45:00,656739161,127135446.21387523,127.13544621387526,111.84143829345703,45.55372619628906
2019-05-04 23:00:00,689887924,133552579.56865472,133.55257956865472,108.6499252319336,26.703704833984375
2019-05-04 23:15:00,773166910,149674217.6162891,149.6742176162891,86.52771759033203,48.225921630859375
2019-05-04 23:30:00,660285243,127821917.71451566,127.82191771451564,120.70806884765625,37.64283752441406
2019-05-04 23:45:00,438669752,84920281.86065486,84.92028186065487,97.28718566894531,53.996337890625
2019-05-05 00:00:00,615294055,119112257.77378258,119.1122577737826,48.76011657714844,46.619407653808594
2019-05-05 00:15:00,641546863,124194431.42452852,124.1944314245285,85.18743133544922,34.48835754394531
2019-05-05 00:30:00,640144885,123923028.2416566,123.92302824165658,103.15625762939453,34.13926696777344
2019-05-05 00:45:00,591407779,114488211.36695078,114.48821136695078,97.1496810913086,29.86572265625
2019-05-05 01:00:00,376905229,72963540.64876273,72.96354064876273,89.01505279541016,38.023902893066406
2019-05-05 01:15:00,414384601,80219018.87512636,80.21901887512637,36.46438980102539,49.108848571777344
2019-05-05 01:30:00,433529223,83925147.89118785,83.92514789118785,64.26776885986328,29.622108459472656
2019-05-05 01:45:00,347243354,67221419.67043844,67.22141967043844,70.89867401123047,20.183151245117188
2019-05-05 02:00:00,294689912,57047813.92935334,57.04781392935334,47.535648345947266,26.35057830810547
2019-05-05 02:15:00,419757700,81259175.1190089,81.2591751190089,42.77855682373047,25.864276885986328
2019-05-05 02:30:00,387007006,74919102.31268498,74.91910231268498,68.42606353759766,21.251060485839844
2019-05-05 02:45:00,320254683,61996793.31333215,61.99679331333215,56.427085876464844,24.289596557617188
2019-05-05 03:00:00,316048482,61182532.07727918,61.18253207727918,50.072391510009766,21.821895599365234
2019-05-05 03:15:00,405432093,78485939.49307732,78.48593949307732,47.665035247802734,19.724529266357422
2019-05-05 03:30:00,334615798,64776902.78765323,64.77690278765323,72.10104370117188,16.385009765625
2019-05-05 03:45:00,333761958,64611611.39673029,64.61161139673028,55.047855377197266,18.35980224609375
2019-05-05 04:00:00,304291334,58906513.91672583,58.90651391672583,59.38056564331055,14.931694030761719
2019-05-05 04:15:00,261033812,50532467.28122068,50.53246728122068,46.90412139892578,14.885581970214844
2019-05-05 04:30:00,186279487,36061083.466038,36.061083466038006,38.24790573120117,31.469745635986328
2019-05-05 04:45:00,146095009,28281934.840847906,28.281934840847903,26.434051513671875,17.13332748413086
2019-05-05 05:00:00,192485930,37262563.36409145,37.26256336409145,19.467430114746094,15.861505508422852
2019-05-05 05:15:00,129322034,25034923.260615405,25.034923260615404,22.19391632080078,20.58922576904297
2019-05-05 05:30:00,87061143,16853810.341294695,16.853810341294693,17.253982543945312,16.39070701599121
2019-05-05 05:45:00,71660289,13872422.049505671,13.872422049505673,8.330348014831543,19.0307674407959
2019-05-05 06:00:00,133007770,25748429.80752672,25.74842980752672,16.81324577331543,9.146858215332031
2019-05-05 06:15:00,136575994,26439187.68732225,26.439187687322256,20.0097713470459,17.76174545288086
2019-05-05 06:30:00,95777813,18541234.8101838,18.5412348101838,20.38045310974121,10.477888107299805
2019-05-05 06:45:00,93556578,18111235.01781436,18.11123501781436,11.210705757141113,16.863019943237305
2019-05-05 07:00:00,99706397,19301753.307463866,19.301753307463866,5.809865474700928,21.200838088989258
2019-05-05 07:15:00,88286299,17090983.276900414,17.090983276900413,10.76679801940918,23.15780258178711
2019-05-05 07:30:00,90081707,17438548.963204842,17.43854896320484,13.641695976257324,8.868432998657227
2019-05-05 07:45:00,92048766,17819343.864049837,17.819343864049838,11.08441162109375,26.948101043701172
2019-05-05 08:00:00,75696365,14653749.48311232,14.65374948311232,10.302870750427246,19.712387084960938
2019-05-05 08:15:00,96075346,18598833.00588261,18.59883300588261,10.125794410705566,19.71491241455078
2019-05-05 08:30:00,175783036,34029118.47781481,34.029118477814805,13.127019882202148,22.007951736450195
2019-05-05 08:45:00,186716468,36145676.829310864,36.14567682931087,28.31220245361328,13.280670166015625
2019-05-05 09:00:00,150149203,29066769.66391949,29.066769663919487,27.744709014892578,23.709815979003906
2019-05-05 09:15:00,250667220,48525641.1653083,48.52564116530829,29.13522720336914,14.446081161499023
2019-05-05 09:30:00,244673370,47365316.27600413,47.36531627600413,39.534332275390625,19.386444091796875
2019-05-05 09:45:00,343876739,66569690.45178854,66.56969045178853,44.186038970947266,18.772357940673828
2019-05-05 10:00:00,298386630,57763446.43669649,57.76344643669649,58.15156936645508,25.070205688476562
2019-05-05 10:15:00,274782532,53194025.7139599,53.1940257139599,55.49795913696289,13.107006072998047
2019-05-05 10:30:00,396031139,76666047.28533046,76.66604728533046,42.79205322265625,27.74191665649414
2019-05-05 10:45:00,400018383,77437921.53192133,77.43792153192133,67.49405670166016,27.209976196289062
2019-05-05 11:00:00,443684517,85891069.69210066,85.89106969210066,69.12777709960938,22.230484008789062
2019-05-05 11:15:00,308675964,59755316.49259772,59.75531649259772,74.59953308105469,24.41382598876953
2019-05-05 11:30:00,304828545,59010510.39546787,59.01051039546787,52.117698669433594,23.128311157226562
2019-05-05 11:45:00,595342396,115249897.7680084,115.2498977680084,48.62782287597656,20.28750228881836
2019-05-05 12:00:00,372735222,72156286.06103154,72.15628606103154,99.05352783203125,35.520545959472656
2019-05-05 12:15:00,324616373,62841155.02849504,62.841155028495045,66.28829193115234,19.695526123046875
2019-05-05 12:30:00,621068447,120230098.68708518,120.23009868708516,57.79784393310547,28.239654541015625
2019-05-05 12:45:00,500459074,96881823.8094573,96.8818238094573,111.00831604003906,28.830528259277344
2019-05-05 13:00:00,587337043,113700174.24580383,113.70017424580384,82.90220642089844,34.67103576660156
2019-05-05 13:15:00,471540863,91283665.7011547,91.28366570115467,98.61317443847656,38.064292907714844
2019-05-05 13:30:00,549881230,106449256.70982572,106.4492567098257,74.58088684082031,35.01103210449219
2019-05-05 13:45:00,523477228,101337814.03144088,101.33781403144089,83.27596282958984,50.87499237060547
2019-05-05 14:00:00,554981967,107436687.5088772,107.43668750887718,87.63568115234375,33.980560302734375
2019-05-05 14:15:00,572205641,110770948.0638562,110.7709480638562,98.63996124267578,36.96919250488281
2019-05-05 14:30:00,632478455,122438915.43584594,122.43891543584594,93.41712951660156,46.29951477050781
2019-05-05 14:45:00,530349605,102668209.3669567,102.6682093669567,106.68650817871094,52.03675842285156
2019-05-05 15:00:00,641303847,124147386.95172736,124.14738695172736,93.52959442138672,27.590370178222656
2019-05-05 15:15:00,502441434,97265580.76826692,97.26558076826691,111.40943908691406,38.62425994873047
2019-05-05 15:30:00,908152719,175805567.89792082,175.8055678979208,85.31685638427734,37.14006042480469
2019-05-05 15:45:00,607429412,117589773.72456685,117.58977372456684,168.1202850341797,40.50981140136719
2019-05-05 16:00:00,698728528,135263995.91335505,135.26399591335505,98.67158508300781,34.1839599609375
2019-05-05 16:15:00,777935712,150597390.4772655,150.59739047726552,119.34005737304688,31.860504150390625
2019-05-05 16:30:00,623488313,120698550.64176887,120.69855064176888,149.77003479003906,34.750213623046875
2019-05-05 16:45:00,565052986,109386294.8574687,109.3862948574687,120.9034652709961,38.51463317871094
2019-05-05 17:00:00,714410053,138299718.15527728,138.29971815527728,100.52165222167969,33.94104766845703
2019-05-05 17:15:00,590726803,114356384.01027372,114.35638401027371,123.76622772216797,42.29975891113281
2019-05-05 17:30:00,732730340,141846267.53260496,141.84626753260497,98.93122863769531,49.753143310546875
2019-05-05 17:45:00,603691840,116866232.4585748,116.8662324585748,115.26481628417969,49.42144775390625
2019-05-05 18:00:00,728029765,140936302.4573126,140.93630245731262,100.12557983398438,34.16222381591797
2019-05-05 18:15:00,570769048,110492843.90480983,110.49284390480985,128.71560668945312,34.36341857910156
2019-05-05 18:30:00,749173161,145029365.95126295,145.02936595126295,95.45462799072266,42.30023956298828
2019-05-05 18:45:00,680774727,131788393.0607788,131.78839306077882,134.98280334472656,30.985977172851562
2019-05-05 19:00:00,659191063,127610099.88667898,127.61009988667898,126.45612335205078,45.43782043457031
2019-05-05 19:15:00,762377838,147585605.3263428,147.5856053263428,110.22150421142578,25.064109802246094
2019-05-05 19:30:00,726026032,140548407.98691043,140.54840798691043,137.13369750976562,42.419586181640625
2019-05-05 19:45:00,721847127,139739430.87177783,139.73943087177784,132.9080047607422,27.797637939453125
2019-05-05 20:00:00,902538844,174718800.81366906,174.71880081366905,119.24513244628906,39.983428955078125
2019-05-05 20:15:00,760832838,147286515.0998648,147.2865150998648,162.61448669433594,38.75227355957031
2019-05-05 20:30:00,685870298,132774823.7950342,132.7748237950342,140.9439239501953,29.81707763671875
2019-05-05 20:45:00,840687980,162745345.20097154,162.74534520097154,115.53050994873047,41.20637512207031
2019-05-05 21:00:00,910226187,176206962.081555,176.20696208155502,148.79275512695312,30.11260986328125
2019-05-05 21:15:00,1059310456,205067575.53107703,205.06757553107704,157.26922607421875,33.84478759765625
2019-05-05 21:30:00,1079447772,208965876.11560667,208.96587611560668,193.25006103515625,27.145767211914062
2019-05-05 21:45:00,1158875259,224341918.2356102,224.3419182356102,185.25701904296875,36.5550537109375
2019-05-05 22:00:00,1256741570,243287456.825612,243.287456825612,213.4706268310547,27.421356201171875
2019-05-05 22:15:00,1136211978,219954626.42523888,219.95462642523887,221.0367431640625,36.94203186035156
2019-05-05 22:30:00,889932559,172278401.6967139,172.2784016967139,209.47666931152344,31.833358764648438
2019-05-05 22:45:00,1047896403,202857975.72732204,202.85797572732204,157.99913024902344,32.0284423828125
2019-05-05 23:00:00,1113519751,215561731.07720044,215.56173107720045,192.13922119140625,28.126998901367188
2019-05-05 23:15:00,1055220322,204275783.23050407,204.2757832305041,191.09605407714844,38.7296142578125
2019-05-05 23:30:00,866806575,167801537.10636714,167.80153710636714,189.7593536376953,25.969161987304688
2019-05-05 23:45:00,452976514,87689869.36016704,87.68986936016704,160.57261657714844,32.81797790527344
