timestamp,Traffic_bps,Traffic_bps_scaled,Traffic_Mbps_scaled,Traffic_Predicted_Mbps,Traffic_Prediction_Uncertainty
2019-04-01 00:00,649787029,125798768.8144,125.7987688144,,
2019-04-01 00:15,610370593,118167746.8048,118.1677468048,,
2019-04-01 00:30,565003405,109384659.208,109.384659208,,
2019-04-01 00:45,530759902,102755117.0272,102.7551170272,,
2019-04-01 01:00,509914593,98719465.2048,98.7194652048,,
2019-04-01 01:15,468276583,90658346.4688,90.6583464688,,
2019-04-01 01:30,425373388,82352287.91679999,82.3522879168,,
2019-04-01 01:45,384716854,74481182.93439999,74.4811829344,,
2019-04-01 02:00,317588061,61485048.6096,61.4850486096,,
2019-04-01 02:15,284903155,55157250.808,55.157250808,,
2019-04-01 02:30,240918148,46641753.4528,46.6417534528,,
2019-04-01 02:45,161806982,31325831.7152,31.3258317152,,
2019-04-01 03:00,151300357,29291749.1152,29.2917491152,,
2019-04-01 03:15,167681184,32463077.2224,32.463077222399995,,
2019-04-01 03:30,118279603,22898931.1408,22.8989311408,,
2019-04-01 03:45,113148579,21905564.8944,21.9055648944,,
2019-04-01 04:00,134295917,25999689.5312,25.9996895312,,
2019-04-01 04:15,124734490,24148597.264,24.148597264,,
2019-04-01 04:30,151742316,29377312.3776,29.3773123776,,
2019-04-01 04:45,143164215,27716592.024,27.716592024,,
2019-04-01 05:00,130308723,25227768.7728,25.2277687728,,
2019-04-01 05:15,129170947,25007495.3392,25.0074953392,,
2019-04-01 05:30,192377556,37244294.8416,37.2442948416,,
2019-04-01 05:45,149641164,28970529.3504,28.9705293504,,
2019-04-01 06:00,185078020,35831104.672,35.831104671999995,,
2019-04-01 06:15,203647755,39426205.368,39.426205368,,
2019-04-01 06:30,281605706,54518864.6816,54.5188646816,,
2019-04-01 06:45,328964821,63687589.3456,63.6875893456,,
2019-04-01 07:00,454855594,88060042.9984,88.06004299840001,,
2019-04-01 07:15,579835215,112256097.624,112.256097624,,
2019-04-01 07:30,702135422,135933417.6992,135.9334176992,,
2019-04-01 07:45,747565639,144728707.7104,144.7287077104,,
2019-04-01 08:00,779896160,150987896.576,150.987896576,,
2019-04-01 08:15,887439804,171808346.0544,171.8083460544,,
2019-04-01 08:30,935039581,181023662.8816,181.0236628816,,
2019-04-01 08:45,891533885,172600960.136,172.600960136,,
2019-04-01 09:00,683963703,132415372.9008,132.41537290079998,,
2019-04-01 09:15,657559738,127303565.2768,127.3035652768,,
2019-04-01 09:30,747146572,144647576.3392,144.6475763392,,
2019-04-01 09:45,686070600,132823268.16,132.82326816,,
2019-04-01 10:00,592685178,114743850.4608,114.7438504608,,
2019-04-01 10:15,563582982,109109665.3152,109.1096653152,,
2019-04-01 10:30,689539714,133494888.6304,133.4948886304,,
2019-04-01 10:45,680413877,131728126.5872,131.7281265872,,
2019-04-01 11:00,682651123,132161257.4128,132.1612574128,,
2019-04-01 11:15,692171138,134004332.3168,134.0043323168,,
2019-04-01 11:30,766620329,148417695.69439998,148.41769569439998,,
2019-04-01 11:45,830109763,160709250.11679998,160.70925011679998,,
2019-04-01 12:00,920007006,178113356.36159998,178.11335636159998,,
2019-04-01 12:15,951217124,184155635.2064,184.1556352064,,
2019-04-01 12:30,938202371,181635979.0256,181.6359790256,,
2019-04-01 12:45,1009907084,195518011.4624,195.5180114624,,
2019-04-01 13:00,1125347015,217867182.104,217.867182104,,
2019-04-01 13:15,1058806520,204984942.272,204.984942272,,
2019-04-01 13:30,969024007,187603047.7552,187.6030477552,,
2019-04-01 13:45,945310048,183012025.2928,183.0120252928,,
2019-04-01 14:00,823348396,159400249.46559998,159.40024946559998,,
2019-04-01 14:15,738638022,143000321.0592,143.0003210592,,
2019-04-01 14:30,791623442,153258298.3712,153.2582983712,,
2019-04-01 14:45,850056721,164570981.18559998,164.57098118559998,,
2019-04-01 15:00,813826362,157556783.6832,157.5567836832,,
2019-04-01 15:15,813664343,157525416.8048,157.52541680480002,,
2019-04-01 15:30,880421708,170449642.6688,170.4496426688,,
2019-04-01 15:45,792506646,153429286.6656,153.4292866656,,
2019-04-01 16:00,844833798,163559823.2928,163.55982329280002,,
2019-04-01 16:15,920902040,178286634.944,178.286634944,,
2019-04-01 16:30,881939080,170743405.88799998,170.74340588799998,,
2019-04-01 16:45,1040605639,201461251.7104,201.4612517104,,
2019-04-01 17:00,1027273025,198880057.64,198.88005764,,
2019-04-01 17:15,1117481702,216344457.5072,216.3444575072,,
2019-04-01 17:30,1204888795,233266470.712,233.266470712,,
2019-04-01 17:45,1178365521,228131564.8656,228.1315648656,,
2019-04-01 18:00,1206771184,233630901.2224,233.6309012224,,
2019-04-01 18:15,1238532566,239779904.7776,239.7799047776,,
2019-04-01 18:30,1215236316,235269750.7776,235.2697507776,,
2019-04-01 18:45,1226440415,237438864.344,237.438864344,,
2019-04-01 19:00,1123679364,217544324.8704,217.5443248704,,
2019-04-01 19:15,1119031731,216644543.1216,216.6445431216,,
2019-04-01 19:30,1128236530,218426592.208,218.426592208,,
2019-04-01 19:45,1140861822,220870848.7392,220.8708487392,,
2019-04-01 20:00,1045568835,202422126.456,202.422126456,,
2019-04-01 20:15,1037000597,200763315.5792,200.7633155792,,
2019-04-01 20:30,1083902578,209843539.1008,209.8435391008,,
2019-04-01 20:45,1035907237,200551641.0832,200.5516410832,,
2019-04-01 21:00,1113233422,215521990.4992,215.5219904992,,
2019-04-01 21:15,1059249532,205070709.3952,205.0707093952,,
2019-04-01 21:30,1113268326,215528747.9136,215.5287479136,,
2019-04-01 21:45,1062985669,205794025.5184,205.7940255184,,
2019-04-01 22:00,1088192454,210674059.0944,210.6740590944,,
2019-04-01 22:15,1189487893,230284856.0848,230.2848560848,,
2019-04-01 22:30,1154476715,223506692.024,223.506692024,,
2019-04-01 22:45,1100532513,213063094.5168,213.0630945168,,
2019-04-01 23:00,967200453,187250007.7008,187.2500077008,,
2019-04-01 23:15,856881212,165892202.64319998,165.8922026432,,
2019-04-01 23:30,826681629,160045563.3744,160.0455633744,,
2019-04-01 23:45,751407034,145472401.78239998,145.47240178239997,,
2019-04-02 00:00,633281382,122603275.5552,122.6032755552,143.55775451660156,4.504435062408447
2019-04-02 00:15,602720582,116686704.6752,116.6867046752,120.88825988769531,5.323190689086914
2019-04-02 00:30,540171459,104577194.4624,104.5771944624,116.20758819580078,4.888143539428711
2019-04-02 00:45,502388060,97262328.416,97.262328416,103.0797348022461,4.645391464233398
2019-04-02 01:00,506685389,98094291.3104,98.0942913104,94.81341552734375,5.128848552703857
2019-04-02 01:15,458036724,88675909.7664,88.6759097664,95.38457489013672,4.936167240142822
2019-04-02 01:30,361713752,70027782.3872,70.02778238719999,86.74942016601562,4.996989727020264
2019-04-02 01:45,269247950,52126403.12,52.12640312,67.66805267333984,5.202713966369629
2019-04-02 02:00,226918487,43931419.0832,43.9314190832,48.91062545776367,4.22867488861084
2019-04-02 02:15,238578403,46188778.8208,46.1887788208,43.226356506347656,4.285204887390137
2019-04-02 02:30,202155555,39137315.448,39.137315448,44.36806106567383,4.6314897537231445
2019-04-02 02:45,233030381,45114681.7616,45.1146817616,38.4393310546875,6.143563270568848
2019-04-02 03:00,228021093,44144883.6048,44.1448836048,44.34981155395508,4.038257598876953
2019-04-02 03:15,211924719,41028625.5984,41.0286255984,42.124534606933594,5.496361255645752
2019-04-02 03:30,218713623,42342957.4128,42.3429574128,39.686073303222656,4.017960071563721
2019-04-02 03:45,170293519,32968825.2784,32.9688252784,41.21726608276367,4.248330593109131
2019-04-02 04:00,103858968,20107096.2048,20.1070962048,33.01939010620117,5.170945644378662
2019-04-02 04:15,104188846,20170960.5856,20.1709605856,19.624553680419922,4.545615196228027
2019-04-02 04:30,109400725,21179980.36,21.17998036,19.27580451965332,6.094634056091309
2019-04-02 04:45,104413235,20214402.296,20.214402296,21.273710250854492,3.6096627712249756
2019-04-02 05:00,107388521,20790417.6656,20.7904176656,19.958040237426758,5.071432113647461
2019-04-02 05:15,98478303,19065399.4608,19.0653994608,19.485971450805664,5.102290630340576
2019-04-02 05:30,142371771,27563174.8656,27.5631748656,16.97164535522461,4.904199600219727
2019-04-02 05:45,133181286,25783896.9696,25.7838969696,27.861539840698242,4.456781387329102
2019-04-02 06:00,217160584,42042289.0624,42.0422890624,24.522001266479492,4.363330364227295
2019-04-02 06:15,191292465,37034221.224,37.034221224,41.490699768066406,5.391034126281738
2019-04-02 06:30,241443830,46743525.488,46.743525488,38.10417175292969,4.596158981323242
2019-04-02 06:45,312771061,60552477.4096,60.5524774096,47.57588577270508,3.440211772918701
2019-04-02 07:00,444174962,85992272.6432,85.9922726432,61.057003021240234,4.438652038574219
2019-04-02 07:15,617892918,119624068.9248,119.6240689248,86.93658447265625,5.2864813804626465
2019-04-02 07:30,891064411,172510069.9696,172.51006996959998,119.3106460571289,4.355106353759766
2019-04-02 07:45,875247528,169447921.4208,169.4479214208,172.85275268554688,5.304621696472168
2019-04-02 08:00,955932150,185068464.24,185.06846424,169.93080139160156,5.110915184020996
2019-04-02 08:15,1052219251,203709646.9936,203.7096469936,185.6697235107422,4.779435157775879
2019-04-02 08:30,1006249362,194809876.4832,194.8098764832,203.6363525390625,3.141119956970215
2019-04-02 08:45,928791050,179813947.28,179.81394728,194.07241821289062,5.00184965133667
2019-04-02 09:00,776459234,150322507.7024,150.3225077024,181.5744171142578,4.701401233673096
2019-04-02 09:15,664884764,128721690.3104,128.7216903104,152.75241088867188,5.236359596252441
2019-04-02 09:30,672991855,130291223.128,130.29122312799998,130.7691192626953,4.530317783355713
2019-04-02 09:45,634466635,122832740.536,122.832740536,130.93392944335938,6.164645671844482
2019-04-02 10:00,713246018,138084429.0848,138.0844290848,125.27587890625,4.619361877441406
2019-04-02 10:15,596411973,115465357.9728,115.4653579728,140.0528106689453,4.3289642333984375
2019-04-02 10:30,653124216,126444848.2176,126.4448482176,115.32748413085938,7.068034648895264
2019-04-02 10:45,667441535,129216681.176,129.216681176,126.67436981201172,4.848331928253174
2019-04-02 11:00,741149314,143486507.1904,143.4865071904,130.03054809570312,3.7438018321990967
2019-04-02 11:15,787446385,152449620.136,152.44962013600002,144.24497985839844,5.099921703338623
2019-04-02 11:30,725176477,140394165.9472,140.3941659472,152.59127807617188,3.811948299407959
2019-04-02 11:45,772042226,149467374.9536,149.4673749536,141.789306640625,4.141809463500977
2019-04-02 12:00,784306239,151841687.87039998,151.8416878704,147.9124298095703,4.564626693725586
2019-04-02 12:15,870654277,168558668.02719998,168.5586680272,152.8867645263672,4.63893461227417
2019-04-02 12:30,947669069,183468731.7584,183.4687317584,171.0825958251953,5.1713972091674805
2019-04-02 12:45,1078920672,208879042.0992,208.8790420992,185.42068481445312,4.198840141296387
2019-04-02 13:00,966965316,187204485.1776,187.2044851776,209.42239379882812,4.1359429359436035
2019-04-02 13:15,1021050016,197675283.0976,197.6752830976,187.1770782470703,4.1504034996032715
2019-04-02 13:30,926077194,179288544.7584,179.28854475839998,199.6434326171875,4.2832560539245605
2019-04-02 13:45,857602273,166031800.0528,166.0318000528,181.55270385742188,5.387273788452148
2019-04-02 14:00,798662943,154621145.76479998,154.6211457648,168.25177001953125,3.695152521133423
2019-04-02 14:15,860040152,166503773.4272,166.5037734272,154.9496612548828,4.525405406951904
2019-04-02 14:30,873429889,169096026.5104,169.0960265104,167.12985229492188,5.528655052185059
2019-04-02 14:45,820127714,158776725.43039998,158.77672543039998,170.4814453125,4.287659168243408
2019-04-02 15:00,790540261,153048594.5296,153.0485945296,160.0991668701172,5.009981155395508
2019-04-02 15:15,867777731,168001768.7216,168.0017687216,155.4642791748047,4.418732643127441
2019-04-02 15:30,849516095,164466315.99199998,164.46631599199998,169.09274291992188,3.6978704929351807
2019-04-02 15:45,751326790,145456866.544,145.456866544,165.5587921142578,4.41063117980957
2019-04-02 16:00,771174549,149299392.6864,149.29939268639998,147.2480010986328,4.208600044250488
2019-04-02 16:15,801331411,155137761.1696,155.1377611696,151.2741241455078,3.77689790725708
2019-04-02 16:30,882272709,170807996.4624,170.80799646239998,154.8378448486328,5.3634843826293945
2019-04-02 16:45,943899684,182738978.8224,182.7389788224,172.12063598632812,5.145033836364746
2019-04-02 17:00,1155034930,223614762.448,223.614762448,184.27444458007812,3.6445038318634033
2019-04-02 17:15,1210069415,234269438.744,234.269438744,224.8365936279297,4.771412372589111
2019-04-02 17:30,1363971143,264064813.2848,264.0648132848,235.15133666992188,4.924784183502197
2019-04-02 17:45,1343277614,260058546.0704,260.0585460704,264.2113342285156,5.053146839141846
2019-04-02 18:00,1237528823,239585580.1328,239.5855801328,259.37982177734375,5.144268035888672
2019-04-02 18:15,1199371435,232198309.816,232.198309816,239.04141235351562,4.51105260848999
2019-04-02 18:30,1280551474,247914765.3664,247.9147653664,229.87001037597656,3.6217122077941895
2019-04-02 18:45,1296588428,251019519.6608,251.0195196608,247.58737182617188,3.8896379470825195
2019-04-02 19:00,1215729571,235365244.9456,235.3652449456,249.5458526611328,4.153036594390869
2019-04-02 19:15,1263562011,244625605.3296,244.6256053296,233.25462341308594,3.705562114715576
2019-04-02 19:30,1164787331,225502827.2816,225.5028272816,243.81573486328125,4.417731285095215
2019-04-02 19:45,1154395952,223491056.3072,223.4910563072,225.8064422607422,5.050859451293945
2019-04-02 20:00,1094583167,211911301.1312,211.9113011312,222.1635284423828,5.854465961456299
2019-04-02 20:15,1071908933,207521569.4288,207.5215694288,209.69876098632812,3.592142343521118
2019-04-02 20:30,982324758,190178073.1488,190.1780731488,205.0380096435547,4.979107856750488
2019-04-02 20:45,1165357760,225613262.336,225.613262336,189.1342010498047,4.0796074867248535
2019-04-02 21:00,1077922109,208685720.3024,208.6857203024,224.48114013671875,4.152349948883057
2019-04-02 21:15,1114263851,215721481.5536,215.7214815536,205.48439025878906,3.7580831050872803
2019-04-02 21:30,1101871802,213322380.8672,213.3223808672,212.9066925048828,4.379809856414795
2019-04-02 21:45,1276233688,247078841.9968,247.0788419968,210.7255859375,4.501955032348633
2019-04-02 22:00,1310224877,253659536.1872,253.6595361872,245.69679260253906,4.84568452835083
2019-04-02 22:15,1230040394,238135820.2784,238.1358202784,251.08668518066406,4.619663715362549
2019-04-02 22:30,1089322145,210892767.272,210.892767272,237.1680908203125,4.642627716064453
2019-04-02 22:45,982743170,190259077.712,190.259077712,207.7391815185547,3.712089776992798
2019-04-02 23:00,990021585,191668178.856,191.668178856,189.4993133544922,3.934509515762329
2019-04-02 23:15,1026895407,198806950.7952,198.8069507952,189.08216857910156,4.455142021179199
2019-04-02 23:30,898766240,174001144.06399998,174.001144064,197.0061492919922,4.4755473136901855
2019-04-02 23:45,573981685,111122854.216,111.122854216,171.481689453125,5.674424648284912
2019-04-03 00:00,580292198,112344569.5328,112.3445695328,108.54557037353516,5.277751922607422
2019-04-03 00:15,602222811,116590336.2096,116.5903362096,110.39136505126953,6.902107238769531
2019-04-03 00:30,548527355,106194895.928,106.194895928,113.22603607177734,4.586336135864258
2019-04-03 00:45,487184813,94318979.7968,94.3189797968,102.37739562988281,4.083710670471191
2019-04-03 01:00,479118406,92757323.4016,92.7573234016,91.32779693603516,5.094954490661621
2019-04-03 01:15,334761615,64809848.664,64.809848664,91.34379577636719,3.9853782653808594
2019-04-03 01:30,354355657,68603255.1952,68.60325519519999,61.65751266479492,4.23583984375
2019-04-03 01:45,280424454,54290174.2944,54.2901742944,66.95613098144531,6.147541046142578
2019-04-03 02:00,268061330,51896673.488,51.896673488,52.3658332824707,5.614528656005859
2019-04-03 02:15,240934853,46644987.5408,46.6449875408,51.114013671875,3.9862029552459717
2019-04-03 02:30,264420458,51191800.6688,51.1918006688,45.545284271240234,4.809970855712891
2019-04-03 02:45,226607924,43871294.0864,43.8712940864,50.47810363769531,5.245837688446045
2019-04-03 03:00,171778739,33256363.8704,33.2563638704,42.44524383544922,3.199838399887085
2019-04-03 03:15,189650545,36716345.512,36.716345512,31.315153121948242,5.183417320251465
2019-04-03 03:30,168198098,32563151.7728,32.5631517728,33.80663299560547,5.73806095123291
2019-04-03 03:45,196279338,37999679.8368,37.9996798368,31.05352020263672,3.874387264251709
2019-04-03 04:00,151359811,29303259.4096,29.303259409600003,36.96029281616211,5.7519965171813965
2019-04-03 04:15,172323964,33361919.4304,33.3619194304,27.49915313720703,4.5477776527404785
2019-04-03 04:30,147756084,28605577.8624,28.6055778624,32.04673767089844,5.032705783843994
2019-04-03 04:45,110458159,21384699.5824,21.3846995824,25.8585205078125,4.248358249664307
2019-04-03 05:00,108565198,21018222.3328,21.0182223328,20.5416259765625,4.802670955657959
2019-04-03 05:15,110875637,21465523.3232,21.4655233232,19.87989616394043,4.893562316894531
2019-04-03 05:30,175867180,34047886.048,34.047886048,21.647329330444336,3.9846768379211426
2019-04-03 05:45,170556434,33019725.6224,33.0197256224,33.578514099121094,4.826366901397705
2019-04-03 06:00,160938873,31157765.8128,31.1577658128,31.762123107910156,3.926926612854004
2019-04-03 06:15,191191502,37014674.7872,37.01467478719999,30.38630485534668,4.765146732330322
2019-04-03 06:30,221289715,42841688.824,42.841688824,37.826072692871094,3.3842997550964355
2019-04-03 06:45,376648160,72919083.776,72.919083776,43.14333724975586,5.172432899475098
2019-04-03 07:00,445807318,86308296.7648,86.30829676479999,73.43592834472656,4.785696029663086
2019-04-03 07:15,604327812,116997864.4032,116.9978644032,86.30851745605469,4.049561500549316
2019-04-03 07:30,733628798,142030535.2928,142.0305352928,116.04317474365234,4.393612861633301
2019-04-03 07:45,812217546,157245316.90559998,157.2453169056,141.84078979492188,3.6057794094085693
2019-04-03 08:00,880045699,170376847.32639998,170.37684732639997,156.77247619628906,4.036259651184082
2019-04-03 08:15,865625862,167585166.8832,167.5851668832,170.3588409423828,4.057936668395996
2019-04-03 08:30,874321322,169268607.93919998,169.2686079392,168.8824005126953,3.1528849601745605
2019-04-03 08:45,799872013,154855221.7168,154.8552217168,170.04100036621094,6.026004791259766
2019-04-03 09:00,757164230,146586994.928,146.586994928,157.35292053222656,4.283575534820557
2019-04-03 09:15,793441733,153610319.5088,153.6103195088,149.51148986816406,4.055637359619141
2019-04-03 09:30,712133836,137869110.6496,137.8691106496,153.9220428466797,4.279160022735596
2019-04-03 09:45,742298510,143708991.53599998,143.70899153599998,138.3975372314453,5.246952056884766
2019-04-03 10:00,819740722,158701803.7792,158.7018037792,144.8265380859375,3.8458335399627686
2019-04-03 10:15,747772435,144768743.416,144.768743416,160.39515686035156,4.4028215408325195
2019-04-03 10:30,808680023,156560452.4528,156.5604524528,145.52203369140625,4.2211012840271
2019-04-03 10:45,843228389,163249016.1104,163.2490161104,156.96963500976562,4.501119136810303
2019-04-03 11:00,923621578,178813137.50079998,178.8131375008,166.14239501953125,5.711221218109131
2019-04-03 11:15,842520918,163112049.7248,163.1120497248,179.8831024169922,5.186799049377441
2019-04-03 11:30,825328619,159783620.6384,159.78362063839998,165.27432250976562,3.5687780380249023
2019-04-03 11:45,822231589,159184035.6304,159.1840356304,162.28189086914062,4.367120742797852
2019-04-03 12:00,843737403,163347561.22079998,163.34756122079995,162.23065185546875,7.442162990570068
2019-04-03 12:15,949209299,183766920.2864,183.7669202864,165.56207275390625,4.521846771240234
2019-04-03 12:30,992515700,192151039.52,192.15103952,185.47286987304688,3.5328369140625
2019-04-03 12:45,1001217799,193835765.8864,193.8357658864,192.6928253173828,2.908383369445801
2019-04-03 13:00,1095543972,212097312.9792,212.0973129792,196.20111083984375,5.06264066696167
2019-04-03 13:15,1069073400,206972610.24,206.97261024,212.66448974609375,3.710502862930298
2019-04-03 13:30,1103124513,213564905.7168,213.5649057168,207.91287231445312,4.509145736694336
2019-04-03 13:45,1102196003,213385146.1808,213.3851461808,214.27621459960938,5.249970436096191
2019-04-03 14:00,1014356751,196379466.9936,196.3794669936,214.3820037841797,4.179468154907227
2019-04-03 14:15,933580127,180741112.5872,180.7411125872,197.82080078125,4.56713342666626
2019-04-03 14:30,912571677,176673876.6672,176.6738766672,182.3164825439453,3.676128625869751
2019-04-03 14:45,916378496,177410876.8256,177.41087682559998,176.82339477539062,3.875791072845459
2019-04-03 15:00,971576474,188097205.3664,188.0972053664,177.5973663330078,4.024438381195068
2019-04-03 15:15,972345227,188246035.9472,188.2460359472,189.71038818359375,4.12001895904541
2019-04-03 15:30,911043273,176377977.6528,176.37797765279998,189.4572296142578,3.774773359298706
2019-04-03 15:45,1082453235,209562946.296,209.562946296,176.98141479492188,4.038059234619141
2019-04-03 16:00,1003738515,194323776.504,194.323776504,211.0812530517578,4.574419021606445
2019-04-03 16:15,994611281,192556744.0016,192.5567440016,195.2282257080078,4.000466823577881
2019-04-03 16:30,988820228,191435596.1408,191.4355961408,194.5735626220703,5.468626499176025
2019-04-03 16:45,997552772,193126216.6592,193.1262166592,191.52206420898438,4.4537224769592285
2019-04-03 17:00,1113027539,215482131.5504,215.4821315504,194.1180419921875,4.007933616638184
2019-04-03 17:15,1173146949,227121249.3264,227.1212493264,217.52696228027344,6.0345778465271
2019-04-03 17:30,1152660800,223155130.88,223.15513088,228.66078186035156,4.036065578460693
2019-04-03 17:45,1236513327,239388980.1072,239.3889801072,223.42616271972656,4.547805309295654
2019-04-03 18:00,1160007653,224577481.6208,224.5774816208,239.46615600585938,3.950683116912842
2019-04-03 18:15,1190663770,230512505.872,230.512505872,225.16949462890625,3.459608554840088
2019-04-03 18:30,1250517620,242100211.232,242.100211232,229.4457550048828,4.349798202514648
2019-04-03 18:45,1164192487,225387665.4832,225.3876654832,240.9308319091797,4.029770374298096
2019-04-03 19:00,1034832851,200343639.9536,200.3436399536,224.73472595214844,4.26788330078125
2019-04-03 19:15,1046440430,202590867.248,202.590867248,200.24842834472656,5.743170261383057
2019-04-03 19:30,1035737750,200518828.4,200.5188284,200.99139404296875,4.169945240020752
2019-04-03 19:45,1121125497,217049896.2192,217.0498962192,198.40072631835938,3.731797933578491
2019-04-03 20:00,1068001401,206765071.2336,206.7650712336,217.3528594970703,4.7211761474609375
2019-04-03 20:15,1155429894,223691227.4784,223.6912274784,204.35887145996094,6.008278846740723
2019-04-03 20:30,1141841066,221060430.3776,221.0604303776,220.87750244140625,4.626034736633301
2019-04-03 20:45,1148739379,222395943.7744,222.3959437744,220.19915771484375,4.14677619934082
2019-04-03 21:00,1262019670,244327008.112,244.327008112,219.80072021484375,6.407184600830078
2019-04-03 21:15,1138210488,220357550.4768,220.3575504768,240.4583282470703,6.474447250366211
2019-04-03 21:30,1138218529,220359107.2144,220.3591072144,217.24749755859375,4.771732330322266
2019-04-03 21:45,1244512824,240937682.7264,240.9376827264,218.27012634277344,4.879194259643555
2019-04-03 22:00,1210528008,234358222.3488,234.3582223488,238.22381591796875,5.002788543701172
2019-04-03 22:15,1168144940,226152860.384,226.152860384,231.6042938232422,6.340266227722168
2019-04-03 22:30,1224060834,236978177.4624,236.9781774624,224.90756225585938,4.389433860778809
2019-04-03 22:45,1053137326,203887386.3136,203.8873863136,233.32752990722656,5.732134819030762
2019-04-03 23:00,1071911659,207522097.1824,207.5220971824,201.00833129882812,5.507671356201172
2019-04-03 23:15,1156791174,223954771.2864,223.9547712864,205.27960205078125,5.010732650756836
2019-04-03 23:30,1010736467,195678580.0112,195.6785800112,221.2242889404297,3.9096193313598633
2019-04-03 23:45,888039801,171924505.4736,171.9245054736,194.6558380126953,5.065333366394043
2019-04-04 00:00,725350288,140427815.7568,140.4278157568,169.4041748046875,4.8475751876831055
2019-04-04 00:15,618810676,119801746.8736,119.8017468736,136.77291870117188,4.347868919372559
2019-04-04 00:30,576574189,111624762.9904,111.6247629904,116.87408447265625,4.776162147521973
2019-04-04 00:45,537722302,104103037.6672,104.1030376672,107.52893829345703,6.278718948364258
2019-04-04 01:00,519012430,100480806.448,100.480806448,98.37078857421875,7.411920070648193
2019-04-04 01:15,372269737,72071421.0832,72.0714210832,97.18932342529297,4.6873016357421875
2019-04-04 01:30,367155804,71081363.65439999,71.0813636544,67.5615005493164,6.542635917663574
2019-04-04 01:45,278569767,53931106.8912,53.9311068912,68.02426147460938,5.835509300231934
2019-04-04 02:00,276232392,53478591.0912,53.4785910912,51.83125686645508,4.788213729858398
2019-04-04 02:15,234415923,45382922.6928,45.3829226928,50.66559600830078,6.222018241882324
2019-04-04 02:30,202084169,39123495.1184,39.1234951184,43.64073181152344,4.101045608520508
2019-04-04 02:45,212817818,41201529.5648,41.201529564800005,35.69681167602539,4.2763447761535645
2019-04-04 03:00,145264969,28123297.9984,28.1232979984,39.348670959472656,3.75026798248291
2019-04-04 03:15,108571591,21019460.0176,21.0194600176,26.94607925415039,4.752388954162598
2019-04-04 03:30,116099544,22476871.7184,22.4768717184,20.739376068115234,5.298967361450195
2019-04-04 03:45,110055831,21306808.8816,21.3068088816,20.02571678161621,5.262991428375244
2019-04-04 04:00,129192316,25011632.3776,25.0116323776,17.98764991760254,6.400486469268799
2019-04-04 04:15,118119781,22867989.6016,22.8679896016,24.366443634033203,4.355676651000977
2019-04-04 04:30,104874199,20303644.9264,20.3036449264,23.046794891357422,6.0904364585876465
2019-04-04 04:45,96897327,18759322.5072,18.7593225072,19.683704376220703,4.552576541900635
2019-04-04 05:00,97598409,18895051.9824,18.8950519824,17.617050170898438,4.239448547363281
2019-04-04 05:15,120848728,23396313.7408,23.3963137408,18.00043487548828,3.4705774784088135
2019-04-04 05:30,164254818,31799732.7648,31.7997327648,22.256032943725586,4.34111213684082
2019-04-04 05:45,176584837,34186824.4432,34.1868244432,31.874168395996094,3.2146756649017334
2019-04-04 06:00,191331801,37041836.6736,37.0418366736,33.97508239746094,3.8019580841064453
2019-04-04 06:15,218335702,42269791.9072,42.2697919072,36.85860061645508,4.79978084564209
2019-04-04 06:30,282008263,54596799.7168,54.5967997168,41.145076751708984,4.354060649871826
2019-04-04 06:45,413408927,80035968.2672,80.03596826719999,52.63960266113281,5.163745880126953
2019-04-04 07:00,517714370,100229502.032,100.22950203199998,79.04489135742188,4.179869651794434
2019-04-04 07:15,674865261,130653914.5296,130.6539145296,99.43772888183594,4.242251873016357
2019-04-04 07:30,859378850,166375745.35999998,166.37574536,130.84022521972656,5.204072952270508
2019-04-04 07:45,956145780,185109823.008,185.109823008,165.64125061035156,3.845871686935425
2019-04-04 08:00,926667159,179402761.9824,179.4027619824,186.13821411132812,3.514899969100952
2019-04-04 08:15,967145814,187239429.5904,187.2394295904,180.4401092529297,3.851439952850342
2019-04-04 08:30,1030436230,199492454.128,199.492454128,187.32785034179688,3.8031246662139893
2019-04-04 08:45,900204583,174279607.2688,174.2796072688,199.69149780273438,3.4674694538116455
2019-04-04 09:00,760381443,147209847.3648,147.2098473648,175.75904846191406,4.074118614196777
2019-04-04 09:15,701622898,135834193.0528,135.8341930528,148.37489318847656,3.5896618366241455
2019-04-04 09:30,675820663,130838880.3568,130.8388803568,137.01644897460938,3.440286636352539
2019-04-04 09:45,649714868,125784798.4448,125.7847984448,133.00787353515625,4.064646244049072
2019-04-04 10:00,653147543,126449364.3248,126.4493643248,124.73550415039062,5.386176109313965
2019-04-04 10:15,679955492,131639383.2512,131.6393832512,126.09843444824219,5.082492351531982
2019-04-04 10:30,630706222,122104724.5792,122.1047245792,134.5529022216797,5.81643009185791
2019-04-04 10:45,763523524,147818154.2464,147.81815424639998,123.29251098632812,3.3071415424346924
2019-04-04 11:00,698691202,135266616.7072,135.2666167072,149.97030639648438,3.8886168003082275
2019-04-04 11:15,706261726,136732270.1536,136.7322701536,137.74220275878906,5.497366428375244
2019-04-04 11:30,729994399,141326915.6464,141.3269156464,138.8043670654297,3.885789394378662
2019-04-04 11:45,821133388,158971423.9168,158.9714239168,142.4008331298828,4.657125949859619
2019-04-04 12:00,761474036,147421373.3696,147.4213733696,159.31520080566406,5.604550838470459
2019-04-04 12:15,854215738,165376166.8768,165.3761668768,147.73074340820312,3.5336856842041016
2019-04-04 12:30,845695396,163726628.6656,163.7266286656,168.7477264404297,5.051987171173096
2019-04-04 12:45,958921638,185647229.1168,185.6472291168,163.78024291992188,4.306363105773926
2019-04-04 13:00,926198040,179311940.544,179.311940544,187.33509826660156,3.132673740386963
2019-04-04 13:15,1072861542,207705994.5312,207.7059945312,181.06544494628906,4.758731365203857
2019-04-04 13:30,965920569,187002222.1584,187.0022221584,209.48361206054688,4.287667274475098
2019-04-04 13:45,863615335,167195928.856,167.195928856,187.89906311035156,4.260390281677246
2019-04-04 14:00,912977677,176752478.2672,176.7524782672,168.61912536621094,3.764932870864868
2019-04-04 14:15,855671753,165658051.3808,165.6580513808,178.4840545654297,4.285796165466309
2019-04-04 14:30,808419072,156509932.3392,156.5099323392,166.3582305908203,3.372802257537842
2019-04-04 14:45,835893110,161828906.096,161.828906096,158.51829528808594,3.760857343673706
2019-04-04 15:00,851743638,164897568.3168,164.8975683168,163.92201232910156,3.460502862930298
2019-04-04 15:15,852712399,165085120.4464,165.0851204464,167.28794860839844,5.2944722175598145
2019-04-04 15:30,890846394,172467861.8784,172.4678618784,166.96774291992188,4.7335734367370605
2019-04-04 15:45,862561531,166991912.4016,166.9919124016,173.4669189453125,4.1689629554748535
2019-04-04 16:00,942353906,182439716.2016,182.4397162016,168.11842346191406,5.580930233001709
2019-04-04 16:15,995761641,192779453.6976,192.7794536976,182.54786682128906,3.4334640502929688
2019-04-04 16:30,1026066210,198646418.256,198.646418256,193.70559692382812,3.713024377822876
2019-04-04 16:45,1017930415,197071328.344,197.071328344,200.85275268554688,5.116313457489014
2019-04-04 17:00,1132733909,219297284.7824,219.2972847824,197.8213653564453,2.5272057056427
2019-04-04 17:15,1195083704,231368205.0944,231.3682050944,220.1295623779297,4.265588283538818
2019-04-04 17:30,1149663984,222574947.3024,222.5749473024,232.5279998779297,5.0962233543396
2019-04-04 17:45,1158525680,224290571.648,224.290571648,222.74476623535156,3.8343305587768555
2019-04-04 18:00,1224782088,237117812.2368,237.1178122368,223.679443359375,3.240644693374634
2019-04-04 18:15,1291419029,250018724.0144,250.0187240144,236.98736572265625,3.1364967823028564
2019-04-04 18:30,1203077226,232915750.9536,232.9157509536,247.064453125,3.7265899181365967
2019-04-04 18:45,1061192121,205446794.6256,205.4467946256,231.7369842529297,4.473172187805176
2019-04-04 19:00,1041440186,201622820.0096,201.6228200096,204.0649871826172,3.866558074951172
2019-04-04 19:15,970894472,187965169.7792,187.9651697792,199.8649139404297,3.174969434738159
2019-04-04 19:30,1032699213,199930567.6368,199.9305676368,186.3697052001953,4.896023273468018
2019-04-04 19:45,1128744858,218525004.5088,218.5250045088,197.32640075683594,2.9836742877960205
2019-04-04 20:00,1074220896,207969165.4656,207.9691654656,218.10194396972656,5.498554706573486
2019-04-04 20:15,1081259433,209331826.2288,209.3318262288,204.45640563964844,5.553486347198486
2019-04-04 20:30,1057496037,204731232.7632,204.7312327632,206.83973693847656,4.551539897918701
2019-04-04 20:45,1019238294,197324533.7184,197.3245337184,202.92327880859375,5.526379585266113
2019-04-04 21:00,958719977,185608187.5472,185.6081875472,194.86129760742188,4.427800178527832
2019-04-04 21:15,997712296,193157100.5056,193.1571005056,182.306396484375,4.424014091491699
2019-04-04 21:30,1004025995,194379432.632,194.379432632,191.03770446777344,4.561361312866211
2019-04-04 21:45,1123880740,217583311.264,217.583311264,191.71702575683594,4.356734752655029
2019-04-04 22:00,1047379511,202772673.3296,202.7726733296,215.69723510742188,4.297316551208496
2019-04-04 22:15,1102243758,213394391.5488,213.3943915488,200.56619262695312,4.89735221862793
2019-04-04 22:30,1124042633,217614653.7488,217.6146537488,210.1248321533203,5.179659843444824
2019-04-04 22:45,1061306951,205469025.7136,205.4690257136,212.64108276367188,5.193512916564941
2019-04-04 23:00,999126713,193430931.6368,193.4309316368,202.01004028320312,5.432729244232178
2019-04-04 23:15,952230094,184351746.1984,184.3517461984,190.32032775878906,5.541951656341553
2019-04-04 23:30,815534519,157887482.8784,157.8874828784,180.10421752929688,7.681469440460205
2019-04-04 23:45,723785712,140124913.8432,140.1249138432,154.86801147460938,5.574793338775635
2019-04-05 00:00,855274698,165581181.5328,165.5811815328,136.2716522216797,5.845738410949707
2019-04-05 00:15,814468036,157681011.7696,157.6810117696,160.35594177246094,6.052741050720215
2019-04-05 00:30,738860153,143043325.6208,143.04332562079998,154.69627380371094,5.750207424163818
2019-04-05 00:45,648707631,125589797.3616,125.5897973616,138.996826171875,4.530767440795898
2019-04-05 01:00,428192811,82898128.2096,82.8981282096,121.35720825195312,5.341673374176025
2019-04-05 01:15,401464926,77723609.6736,77.72360967360001,79.71866607666016,7.185590744018555
2019-04-05 01:30,345181005,66827042.568,66.827042568,74.3384780883789,5.443850994110107
2019-04-05 01:45,320811636,62109132.7296,62.1091327296,63.537967681884766,4.707651615142822
2019-04-05 02:00,302958379,58652742.1744,58.6527421744,59.945247650146484,5.474583148956299
2019-04-05 02:15,267225020,51734763.872,51.734763872,56.45846176147461,6.548943996429443
2019-04-05 02:30,322250636,62387723.1296,62.3877231296,48.93724060058594,6.213794231414795
2019-04-05 02:45,256755952,49707952.3072,49.7079523072,60.34474182128906,5.741181373596191
2019-04-05 03:00,197157580,38169707.488,38.169707488,47.11094665527344,4.040775775909424
2019-04-05 03:15,197630229,38261212.3344,38.2612123344,36.47958755493164,4.122879981994629
2019-04-05 03:30,154725969,29954947.5984,29.9549475984,35.88615798950195,5.900834560394287
2019-04-05 03:45,169470155,32809422.008,32.809422008,27.16754150390625,4.963727951049805
2019-04-05 04:00,108745601,21053148.3536,21.0531483536,31.363475799560547,4.619446754455566
2019-04-05 04:15,140444833,27190119.6688,27.1901196688,19.55199432373047,4.95108699798584
2019-04-05 04:30,139345033,26977198.3888,26.9771983888,25.471397399902344,5.2294230461120605
2019-04-05 04:45,160437157,31060633.5952,31.0606335952,25.025569915771484,4.887656211853027
2019-04-05 05:00,147636003,28582330.1808,28.5823301808,30.343246459960938,2.806541681289673
2019-04-05 05:15,139944409,27093237.5824,27.0932375824,28.621511459350586,3.4425554275512695
2019-04-05 05:30,157443722,30481104.5792,30.4811045792,27.14739990234375,4.985800266265869
2019-04-05 05:45,151742447,29377337.7392,29.3773377392,30.81157684326172,4.058568477630615
2019-04-05 06:00,232353981,44983730.7216,44.9837307216,29.139232635498047,3.462984323501587
2019-04-05 06:15,247235113,47864717.8768,47.8647178768,44.56612777709961,3.3308520317077637
2019-04-05 06:30,275003296,53240638.1056,53.2406381056,48.17775344848633,3.9634461402893066
2019-04-05 06:45,400027191,77445264.1776,77.4452641776,51.35919189453125,4.9403076171875
2019-04-05 07:00,447059449,86550709.3264,86.5507093264,76.98546600341797,3.8951094150543213
2019-04-05 07:15,617663868,119579724.8448,119.5797248448,86.64334869384766,4.227151393890381
2019-04-05 07:30,734925712,142281617.8432,142.2816178432,119.18883514404297,3.069591522216797
2019-04-05 07:45,825764831,159868071.2816,159.8680712816,141.45912170410156,3.3160903453826904
2019-04-05 08:00,830706581,160824794.08159998,160.82479408159998,160.3162841796875,2.7171454429626465
2019-04-05 08:15,900620151,174360061.2336,174.3600612336,162.5701141357422,3.6582696437835693
2019-04-05 08:30,925804205,179235694.088,179.235694088,174.72044372558594,2.490845203399658
2019-04-05 08:45,779267167,150866123.5312,150.8661235312,177.69129943847656,4.2185869216918945
2019-04-05 09:00,732029175,141720848.28,141.72084828,151.38037109375,4.481182098388672
2019-04-05 09:15,689279615,133444533.464,133.444533464,142.87118530273438,3.46919584274292
2019-04-05 09:30,702170994,135940304.4384,135.9403044384,134.74058532714844,4.138697147369385
2019-04-05 09:45,680027506,131653325.1616,131.65332516159998,137.15606689453125,4.900300025939941
2019-04-05 10:00,721405508,139664106.3488,139.6641063488,132.4944305419922,4.532890319824219
2019-04-05 10:15,653632136,126543181.5296,126.5431815296,141.67535400390625,4.676235675811768
2019-04-05 10:30,620205846,120071851.7856,120.0718517856,127.01728057861328,4.43911600112915
2019-04-05 10:45,726207709,140593812.4624,140.5938124624,120.31098175048828,3.5283455848693848
2019-04-05 11:00,706958840,136867231.424,136.86723142399998,141.98175048828125,3.4030070304870605
2019-04-05 11:15,718853069,139169954.1584,139.1699541584,137.9134521484375,4.293562412261963
2019-04-05 11:30,707215209,136916864.4624,136.9168644624,140.17391967773438,3.748537302017212
2019-04-05 11:45,682180288,132070103.7568,132.0701037568,136.44456481933594,4.395421028137207
2019-04-05 12:00,733547065,142014711.784,142.014711784,133.4365692138672,3.0355398654937744
2019-04-05 12:15,798061970,154504797.392,154.504797392,144.0315399169922,3.4990315437316895
2019-04-05 12:30,955968873,185075573.8128,185.0755738128,157.5603790283203,4.288086891174316
2019-04-05 12:45,958618003,185588445.3808,185.5884453808,186.6018524169922,3.226040840148926
2019-04-05 13:00,1009055570,195353158.352,195.353158352,185.8161163330078,3.354180335998535
2019-04-05 13:15,953904066,184675827.1776,184.6758271776,197.2666778564453,3.052539348602295
2019-04-05 13:30,934132627,180848076.5872,180.8480765872,186.5542755126953,3.4866578578948975
2019-04-05 13:45,903273981,174873842.7216,174.8738427216,181.4110107421875,3.656658887863159
2019-04-05 14:00,787967412,152550490.9632,152.5504909632,176.58486938476562,3.667985200881958
2019-04-05 14:15,759082984,146958465.7024,146.9584657024,153.11895751953125,4.539576053619385
2019-04-05 14:30,699764559,135474418.6224,135.47441862239998,147.83370971679688,3.3178999423980713
2019-04-05 14:45,804087799,155671397.88639998,155.67139788639997,136.43212890625,4.031854629516602
2019-04-05 15:00,765485935,148198077.016,148.198077016,157.4296417236328,3.5416548252105713
2019-04-05 15:15,864697349,167405406.7664,167.4054067664,149.95570373535156,3.587773323059082
2019-04-05 15:30,868674691,168175420.1776,168.1754201776,167.39755249023438,3.080156087875366
2019-04-05 15:45,895067342,173285037.4112,173.2850374112,169.3130645751953,4.7844157218933105
2019-04-05 16:00,846582651,163898401.2336,163.8984012336,173.86219787597656,4.0677409172058105
2019-04-05 16:15,859481547,166395627.4992,166.39562749919995,165.26651000976562,3.1201162338256836
2019-04-05 16:30,910385453,176250623.7008,176.2506237008,167.00064086914062,3.785830497741699
2019-04-05 16:45,1075060754,208131761.9744,208.1317619744,177.2827606201172,4.101866245269775
2019-04-05 17:00,1029738401,199357354.4336,199.3573544336,209.08082580566406,4.1701836585998535
2019-04-05 17:15,1121454587,217113608.0432,217.1136080432,199.6530303955078,3.563397169113159
2019-04-05 17:30,1034552903,200289442.0208,200.2894420208,218.88607788085938,3.455751657485962
2019-04-05 17:45,1080891320,209260559.552,209.260559552,201.27662658691406,3.6167967319488525
2019-04-05 18:00,901198341,174471998.81759998,174.4719988176,207.0603790283203,2.8853142261505127
2019-04-05 18:15,1166521006,225838466.7616,225.8384667616,173.27777099609375,3.501892566680908
2019-04-05 18:30,1127703047,218323309.8992,218.3233098992,224.75601196289062,3.1200153827667236
2019-04-05 18:45,1055683900,204380403.04,204.38040304,216.695068359375,3.2603392601013184
2019-04-05 19:00,1074632634,208048877.9424,208.0488779424,203.43923950195312,3.466242551803589
2019-04-05 19:15,1021679528,197797156.6208,197.7971566208,205.11170959472656,3.7190911769866943
2019-04-05 19:30,1081298042,209339300.9312,209.3393009312,196.95765686035156,3.2778115272521973
2019-04-05 19:45,1178685072,228193429.9392,228.1934299392,207.75787353515625,3.7091195583343506
2019-04-05 20:00,1104888976,213906505.7536,213.9065057536,225.32723999023438,5.2581024169921875
2019-04-05 20:15,1106658491,214249083.8576,214.2490838576,210.0160369873047,4.818779945373535
2019-04-05 20:30,1122479047,217311943.4992,217.3119434992,212.54881286621094,3.558154821395874
2019-04-05 20:45,1027298225,198884936.36,198.88493636,216.2873992919922,3.445190668106079
2019-04-05 21:00,1081673491,209411987.8576,209.4119878576,194.4010467529297,5.586875915527344
2019-04-05 21:15,1020276661,197525561.5696,197.5255615696,208.63980102539062,2.990434169769287
2019-04-05 21:30,1112878857,215453346.7152,215.4533467152,193.57211303710938,4.559643745422363
2019-04-05 21:45,1070152672,207181557.2992,207.1815572992,213.0763702392578,4.158759593963623
2019-04-05 22:00,1064079954,206005879.0944,206.0058790944,202.1055145263672,7.410735130310059
2019-04-05 22:15,1000159361,193630852.2896,193.6308522896,202.53485107421875,5.011233329772949
2019-04-05 22:30,1044642972,202242879.3792,202.2428793792,188.75782775878906,6.460528373718262
2019-04-05 22:45,1058424175,204910920.28,204.91092028,199.81883239746094,4.536144733428955
2019-04-05 23:00,975045158,188768742.5888,188.7687425888,200.4041290283203,6.262452602386475
2019-04-05 23:15,930180187,180082884.20319998,180.0828842032,184.89202880859375,4.80727481842041
2019-04-05 23:30,832029899,161080988.4464,161.0809884464,175.48626708984375,4.34944486618042
2019-04-05 23:45,713067985,138049961.896,138.049961896,159.49301147460938,3.633836030960083
2019-04-06 00:00,642625491,124412295.0576,124.4122950576,134.83511352539062,6.795870304107666
2019-04-06 00:15,629106978,121795110.9408,121.7951109408,121.34905242919922,6.134771347045898
2019-04-06 00:30,622400750,120496785.2,120.4967852,118.9848861694336,5.16713285446167
2019-04-06 00:45,567842747,109934355.8192,109.9343558192,119.53189086914062,6.204621315002441
2019-04-06 01:00,529943949,102597148.5264,102.5971485264,108.66217041015625,5.301297664642334
2019-04-06 01:15,446029498,86351310.81279999,86.3513108128,101.53300476074219,4.329185962677002
2019-04-06 01:30,405266318,78459559.1648,78.4595591648,83.55985260009766,5.596584796905518
2019-04-06 01:45,469840157,90961054.3952,90.9610543952,75.4188232421875,5.569031715393066
2019-04-06 02:00,303109296,58681959.7056,58.6819597056,88.91133117675781,4.510607719421387
2019-04-06 02:15,307610420,59553377.312,59.553377312,58.00235366821289,4.573800563812256
2019-04-06 02:30,310156762,60046349.1232,60.0463491232,57.74357223510742,5.251585960388184
2019-04-06 02:45,308286528,59684271.8208,59.6842718208,59.574764251708984,4.632808685302734
2019-04-06 03:00,277895135,53800498.136,53.800498136,58.48591232299805,3.7959401607513428
2019-04-06 03:15,250422248,48481747.2128,48.4817472128,50.06866455078125,5.212157249450684
2019-04-06 03:30,267163961,51722942.8496,51.7229428496,47.123409271240234,5.508777141571045
2019-04-06 03:45,201443588,38999478.6368,38.9994786368,49.04552459716797,6.592239856719971
2019-04-06 04:00,152956193,29612318.9648,29.6123189648,36.5740852355957,5.055143356323242
2019-04-06 04:15,159189633,30819112.9488,30.8191129488,29.798444747924805,3.521127700805664
2019-04-06 04:30,153152151,29650256.4336,29.6502564336,29.596084594726562,4.78196382522583
2019-04-06 04:45,152943593,29609879.6048,29.6098796048,28.114152908325195,4.022253513336182
2019-04-06 05:00,146779031,28416420.4016,28.4164204016,27.826969146728516,5.029659748077393
2019-04-06 05:15,162410545,31442681.512,31.442681512,28.022594451904297,5.09367036819458
2019-04-06 05:30,137229054,26567544.8544,26.5675448544,30.785911560058594,4.284839630126953
2019-04-06 05:45,120809007,23388623.7552,23.3886237552,26.64820671081543,4.742398738861084
2019-04-06 06:00,99689329,19299854.0944,19.2998540944,23.243274688720703,3.9352943897247314
2019-04-06 06:15,114108228,22091352.9408,22.0913529408,19.684215545654297,4.624068737030029
2019-04-06 06:30,116867918,22625628.9248,22.6256289248,22.28214454650879,3.982640504837036
2019-04-06 06:45,168961608,32710967.3088,32.7109673088,21.759309768676758,4.357402801513672
2019-04-06 07:00,218023228,42209296.9408,42.2092969408,32.51378631591797,3.81618595123291
2019-04-06 07:15,211888497,41021613.0192,41.0216130192,43.9244270324707,4.386807918548584
2019-04-06 07:30,296534236,57409028.0896,57.4090280896,39.43206024169922,3.649883270263672
2019-04-06 07:45,376339738,72859373.27679999,72.85937327679999,58.47322463989258,5.253608226776123
2019-04-06 08:00,442994777,85763788.8272,85.76378882719999,73.51345825195312,3.9774816036224365
2019-04-06 08:15,582522152,112776288.6272,112.7762886272,85.6822738647461,5.456444263458252
2019-04-06 08:30,664782264,128701846.3104,128.7018463104,113.92131042480469,5.188442230224609
2019-04-06 08:45,670154978,129742003.7408,129.7420037408,129.95330810546875,4.397404193878174
2019-04-06 09:00,738514520,142976411.072,142.976411072,130.02984619140625,5.9080939292907715
2019-04-06 09:15,668321601,129387061.9536,129.38706195359998,145.07275390625,3.6590046882629395
2019-04-06 09:30,785067465,151989061.224,151.989061224,131.50318908691406,5.001194000244141
2019-04-06 09:45,743017615,143848210.264,143.848210264,154.4705810546875,4.715695858001709
2019-04-06 10:00,913082001,176772675.3936,176.7726753936,145.8163604736328,3.7075717449188232
2019-04-06 10:15,800328573,154943611.7328,154.9436117328,178.31553649902344,4.314538478851318
2019-04-06 10:30,788426876,152639443.1936,152.6394431936,156.58663940429688,6.023316860198975
2019-04-06 10:45,834086031,161479055.6016,161.47905560159998,153.267578125,5.227035045623779
2019-04-06 11:00,897710293,173796712.7248,173.7967127248,161.9940185546875,3.245210886001587
2019-04-06 11:15,960052741,185866210.6576,185.8662106576,177.73214721679688,3.850919485092163
2019-04-06 11:30,912106709,176583858.8624,176.5838588624,186.1546173095703,5.620657920837402
2019-04-06 11:45,1027821653,198986272.0208,198.9862720208,178.75576782226562,5.972243309020996
2019-04-06 12:00,963450951,186524104.1136,186.5241041136,200.1133270263672,3.990795135498047
2019-04-06 12:15,960223150,185899201.84,185.89920184,186.41094970703125,6.342610836029053
2019-04-06 12:30,992046938,192060287.1968,192.0602871968,188.52389526367188,4.4980645179748535
2019-04-06 12:45,975632873,188882524.2128,188.8825242128,193.92330932617188,4.854473114013672
2019-04-06 13:00,856500657,165818527.1952,165.8185271952,192.070068359375,4.712155342102051
2019-04-06 13:15,888547815,172022856.984,172.022856984,165.8751220703125,6.4137420654296875
2019-04-06 13:30,893845723,173048531.9728,173.0485319728,174.0968475341797,4.582748889923096
2019-04-06 13:45,1021698022,197800737.0592,197.8007370592,174.17779541015625,3.7845845222473145
2019-04-06 14:00,954759082,184841358.2752,184.8413582752,199.02374267578125,4.3421831130981445
2019-04-06 14:15,954673507,184824790.9552,184.8247909552,186.3485565185547,4.336755275726318
2019-04-06 14:30,926315558,179334692.02879998,179.3346920288,186.30322265625,4.782541275024414
2019-04-06 14:45,873350058,169080571.2288,169.0805712288,180.51966857910156,5.262925624847412
2019-04-06 15:00,935164258,181047800.3488,181.0478003488,170.46469116210938,4.51267147064209
2019-04-06 15:15,1028168616,199053444.0576,199.0534440576,183.1679229736328,4.1029052734375
2019-04-06 15:30,1060097944,205234961.9584,205.2349619584,199.710205078125,3.8663034439086914
2019-04-06 15:45,1077264195,208558348.152,208.558348152,207.37539672851562,4.454748153686523
2019-04-06 16:00,997600630,193135481.968,193.135481968,210.22715759277344,4.176565170288086
2019-04-06 16:15,982834437,190276747.0032,190.2767470032,195.51710510253906,4.3658061027526855
2019-04-06 16:30,1038401306,201034492.8416,201.0344928416,190.0104217529297,4.2086968421936035
2019-04-06 16:45,1073651550,207858940.08,207.85894008,202.25575256347656,4.0855607986450195
2019-04-06 17:00,1138601460,220433242.656,220.433242656,209.64447021484375,4.267550468444824
2019-04-06 17:15,1028286739,199076312.6704,199.0763126704,220.80679321289062,3.9593687057495117
2019-04-06 17:30,1008644264,195273529.5104,195.2735295104,202.76068115234375,5.8846659660339355
2019-04-06 17:45,969510693,187697270.1648,187.6972701648,195.6090850830078,5.093072414398193
2019-04-06 18:00,1040288231,201399801.5216,201.3998015216,186.6344757080078,3.7780063152313232
2019-04-06 18:15,1025750213,198585241.2368,198.5852412368,199.50865173339844,4.36923360824585
2019-04-06 18:30,1023719612,198192116.8832,198.1921168832,198.75294494628906,4.310174465179443
2019-04-06 18:45,1037643187,200887721.0032,200.8877210032,197.475341796875,3.8430960178375244
2019-04-06 19:00,1061700017,205545123.2912,205.5451232912,199.4263916015625,5.444596290588379
2019-04-06 19:15,986804093,191045272.4048,191.0452724048,204.02098083496094,5.696514129638672
2019-04-06 19:30,989344457,191537086.8752,191.5370868752,189.72950744628906,4.665570259094238
2019-04-06 19:45,957099922,185294544.8992,185.2945448992,191.59677124023438,4.545879364013672
2019-04-06 20:00,893204965,172924481.224,172.924481224,183.5157012939453,4.814685821533203
2019-04-06 20:15,834898449,161636339.7264,161.6363397264,172.27171325683594,5.528226852416992
2019-04-06 20:30,898050685,173862612.616,173.862612616,161.18226623535156,5.189849376678467
2019-04-06 20:45,1037943172,200945798.0992,200.9457980992,173.95977783203125,4.466241359710693
2019-04-06 21:00,1012782571,196074705.7456,196.0747057456,200.33895874023438,4.804978370666504
2019-04-06 21:15,1009388841,195417679.6176,195.4176796176,195.10166931152344,5.20504093170166
2019-04-06 21:30,1072027853,207544592.3408,207.5445923408,194.456787109375,5.2457594871521
2019-04-06 21:45,1192779491,230922109.4576,230.9221094576,203.41026306152344,4.948768615722656
2019-04-06 22:00,1064520788,206091224.5568,206.0912245568,228.11346435546875,4.280693531036377
2019-04-06 22:15,1143828807,221445257.0352,221.4452570352,202.9154510498047,4.517648696899414
2019-04-06 22:30,1131182888,218997007.1168,218.9970071168,220.43531799316406,5.368847846984863
2019-04-06 22:45,1093573707,211715869.6752,211.7158696752,217.8983612060547,5.15826416015625
2019-04-06 23:00,1076702086,208449523.8496,208.4495238496,209.3360595703125,5.581661224365234
2019-04-06 23:15,1091261183,211268165.0288,211.2681650288,207.05958557128906,3.8265726566314697
2019-04-06 23:30,1025031586,198446115.0496,198.4461150496,209.2061767578125,3.819088935852051
2019-04-06 23:45,952159620,184338102.432,184.338102432,196.4228057861328,4.560830593109131
2019-04-07 00:00,769513746,148977861.2256,148.9778612256,183.27464294433594,4.302489280700684
2019-04-07 00:15,711078528,137664803.0208,137.6648030208,147.4727783203125,5.240166187286377
2019-04-07 00:30,669594560,129633506.816,129.633506816,136.612060546875,4.14431095123291
2019-04-07 00:45,648240989,125499455.4704,125.4994554704,127.27020263671875,6.473836898803711
2019-04-07 01:00,707324816,136938084.37759998,136.93808437759998,123.31520080566406,6.1282172203063965
2019-04-07 01:15,650372041,125912027.1376,125.9120271376,134.86721801757812,5.314833641052246
2019-04-07 01:30,630975881,122156930.5616,122.1569305616,125.03932189941406,8.076814651489258
2019-04-07 01:45,483835131,93670481.3616,93.6704813616,122.38611602783203,4.660679340362549
2019-04-07 02:00,431641503,83565794.9808,83.5657949808,93.88136291503906,5.122539043426514
2019-04-07 02:15,372197622,72057459.61919999,72.05745961919999,80.5552978515625,5.590850353240967
2019-04-07 02:30,329036948,63701553.1328,63.7015531328,69.86711883544922,5.845872402191162
2019-04-07 02:45,277711995,53765042.232,53.765042232,60.17912673950195,5.423760890960693
2019-04-07 03:00,255942154,49550401.0144,49.5504010144,51.94340133666992,5.5767621994018555
2019-04-07 03:15,213679777,41368404.8272,41.3684048272,46.631141662597656,6.909125804901123
2019-04-07 03:30,206172738,39915042.0768,39.9150420768,38.83552551269531,4.0438642501831055
2019-04-07 03:45,195932950,37932619.12,37.93261912,39.58290481567383,4.437233924865723
2019-04-07 04:00,185716997,35954810.6192,35.9548106192,38.362064361572266,4.5417680740356445
2019-04-07 04:15,155229138,30052361.1168,30.0523611168,34.82603454589844,5.153587341308594
2019-04-07 04:30,110021835,21300227.256,21.300227256,31.538799285888672,5.563532829284668
2019-04-07 04:45,133796928,25903085.2608,25.9030852608,20.79013442993164,8.554231643676758
2019-04-07 05:00,161750711,31314937.6496,31.3149376496,24.492143630981445,4.291440010070801
2019-04-07 05:15,110889273,21468163.2528,21.4681632528,31.050552368164062,4.813202857971191
2019-04-07 05:30,89295118,17287534.8448,17.2875348448,21.099655151367188,6.40841007232666
2019-04-07 05:45,105650503,20453937.3808,20.4539373808,17.829431533813477,5.531355381011963
2019-04-07 06:00,126954351,24578362.3536,24.5783623536,21.637670516967773,4.025639533996582
2019-04-07 06:15,136013629,26332238.5744,26.3322385744,24.613847732543945,4.726582050323486
2019-04-07 06:30,153826078,29780728.7008,29.7807287008,27.122005462646484,4.848222255706787
2019-04-07 06:45,129685542,25107120.9312,25.1071209312,30.51980209350586,3.1710684299468994
2019-04-07 07:00,189276365,36643904.264,36.643904264,25.36459732055664,4.563303470611572
2019-04-07 07:15,164084605,31766779.528,31.766779528,37.299739837646484,4.403113842010498
2019-04-07 07:30,193136513,37391228.9168,37.3912289168,32.85219955444336,5.557608604431152
2019-04-07 07:45,285607528,55293617.4208,55.2936174208,37.21868896484375,3.775456666946411
2019-04-07 08:00,342928083,66390876.8688,66.39087686879999,55.4796142578125,4.557028770446777
2019-04-07 08:15,448612895,86851456.472,86.85145647200001,67.32270050048828,4.667130947113037
2019-04-07 08:30,541260915,104788113.144,104.788113144,88.21834564208984,5.308938980102539
2019-04-07 08:45,585020666,113260000.9376,113.2600009376,105.28423309326172,5.528011322021484
2019-04-07 09:00,637300789,123381432.7504,123.3814327504,113.82312774658203,5.940157890319824
2019-04-07 09:15,586259018,113499745.8848,113.4997458848,125.06636047363281,5.342190742492676
2019-04-07 09:30,680863338,131815142.2368,131.8151422368,115.21353912353516,5.733328819274902
2019-04-07 09:45,708655430,137195691.248,137.195691248,133.94444274902344,4.865270614624023
2019-04-07 10:00,743755068,143990981.1648,143.9909811648,140.33001708984375,5.400915622711182
2019-04-07 10:15,777673932,150557673.2352,150.5576732352,144.8221893310547,4.485532283782959
2019-04-07 10:30,782150824,151424399.5264,151.4243995264,152.0508270263672,5.380251884460449
2019-04-07 10:45,873323638,169075456.3168,169.0754563168,154.0620574951172,4.826903820037842
2019-04-07 11:00,956619765,185201586.504,185.201586504,170.96176147460938,6.439711570739746
2019-04-07 11:15,1049650176,203212274.0736,203.2122740736,187.81187438964844,4.4132304191589355
2019-04-07 11:30,889319281,172172212.8016,172.1722128016,205.27345275878906,4.856739521026611
2019-04-07 11:45,942534829,182474742.8944,182.4747428944,173.88368225097656,4.895921230316162
2019-04-07 12:00,885653124,171462444.8064,171.4624448064,184.99188232421875,6.129958629608154
2019-04-07 12:15,975565967,188869571.2112,188.8695712112,172.77566528320312,3.343090772628784
2019-04-07 12:30,898892655,174025618.008,174.02561800799998,191.5741424560547,4.009749412536621
2019-04-07 12:45,826464745,160003574.632,160.003574632,175.7067108154297,4.170867919921875
2019-04-07 13:00,891732364,172639385.6704,172.6393856704,162.75917053222656,4.967674732208252
2019-04-07 13:15,938808091,181753246.4176,181.7532464176,173.6728515625,5.6794633865356445
2019-04-07 13:30,994766406,192586776.2016,192.5867762016,182.4537811279297,4.717383861541748
2019-04-07 13:45,892528997,172793613.8192,172.7936138192,192.99929809570312,5.467467308044434
2019-04-07 14:00,924396682,178963197.6352,178.9631976352,174.9160919189453,4.9098687171936035
2019-04-07 14:15,1021918003,197843325.3808,197.8433253808,180.01943969726562,4.1428046226501465
2019-04-07 14:30,1085227965,210100134.024,210.100134024,201.01971435546875,5.320247650146484
2019-04-07 14:45,1090084942,211040444.7712,211.0404447712,212.7316131591797,3.677825927734375
2019-04-07 15:00,1058300243,204886927.0448,204.8869270448,212.1090850830078,5.4402642250061035
2019-04-07 15:15,1003454801,194268849.4736,194.2688494736,207.15943908691406,4.191030025482178
2019-04-07 15:30,914677105,177081487.528,177.081487528,195.1692657470703,4.223605155944824
2019-04-07 15:45,1001335298,193858513.6928,193.8585136928,178.4873809814453,4.294186115264893
2019-04-07 16:00,1099854084,212931750.6624,212.9317506624,194.6337432861328,3.5864756107330322
2019-04-07 16:15,1043476196,202016991.5456,202.0169915456,215.08544921875,4.938292503356934
2019-04-07 16:30,1094593713,211913342.8368,211.9133428368,201.93048095703125,6.022697925567627
2019-04-07 16:45,1082162582,209506675.8752,209.5066758752,214.55099487304688,5.729316234588623
2019-04-07 17:00,975548171,188866125.9056,188.8661259056,210.17369079589844,5.301328182220459
2019-04-07 17:15,1063018307,205800344.2352,205.8003442352,189.53717041015625,4.957874298095703
2019-04-07 17:30,1185013348,229418584.1728,229.4185841728,207.70001220703125,3.65865421295166
2019-04-07 17:45,1148591426,222367300.0736,222.3673000736,230.62429809570312,4.9009833335876465
2019-04-07 18:00,1034451547,200269819.4992,200.2698194992,221.6129913330078,5.3250956535339355
2019-04-07 18:15,1010533795,195639342.712,195.639342712,199.4661102294922,4.639085292816162
2019-04-07 18:30,1058634375,204951615.0,204.951615,194.71939086914062,4.112883567810059
2019-04-07 18:45,1100491535,213055161.176,213.055161176,205.07476806640625,5.4549479484558105
2019-04-07 19:00,1044357233,202187560.3088,202.1875603088,212.57696533203125,5.292283058166504
2019-04-07 19:15,1041635203,201660575.3008,201.6605753008,201.80455017089844,4.601528167724609
2019-04-07 19:30,1055431914,204331618.5504,204.3316185504,201.61990356445312,5.6053009033203125
2019-04-07 19:45,991662237,191985809.0832,191.9858090832,203.7257080078125,5.848733901977539
2019-04-07 20:00,1056473700,204533308.32,204.53330832,191.77796936035156,5.014519691467285
2019-04-07 20:15,1005353919,194636518.7184,194.6365187184,202.9210968017578,4.3040008544921875
2019-04-07 20:30,1037761622,200910650.0192,200.9106500192,194.5854949951172,6.678600311279297
2019-04-07 20:45,1116334773,216122412.0528,216.1224120528,199.49484252929688,6.035308361053467
2019-04-07 21:00,1019175012,197312282.3232,197.3122823232,214.58761596679688,5.132411003112793
2019-04-07 21:15,976339419,189019311.5184,189.0193115184,198.19375610351562,5.274022102355957
2019-04-07 21:30,1088887885,210808694.536,210.808694536,187.11557006835938,6.447670936584473
2019-04-07 21:45,1063700297,205932377.4992,205.9323774992,209.31976318359375,6.622453689575195
2019-04-07 22:00,1091376221,211290436.3856,211.2904363856,205.15655517578125,6.307876110076904
2019-04-07 22:15,1027085731,198843797.5216,198.8437975216,208.7095184326172,5.825161933898926
2019-04-07 22:30,1026178743,198668204.6448,198.6682046448,199.70343017578125,5.038039207458496
2019-04-07 22:45,985644410,190820757.776,190.820757776,194.23849487304688,5.513454437255859
2019-04-07 23:00,941472430,182269062.448,182.269062448,188.02383422851562,5.16179895401001
2019-04-07 23:15,912328829,176626861.2944,176.62686129440002,181.28712463378906,5.47699499130249
2019-04-07 23:30,830229074,160732348.7264,160.73234872639998,173.87982177734375,5.912640571594238
2019-04-07 23:45,792349262,153398817.1232,153.3988171232,157.2725830078125,6.062759876251221
2019-04-08 00:00,685642109,132740312.3024,132.7403123024,151.6248321533203,3.5011203289031982
2019-04-08 00:15,637033974,123329777.3664,123.3297773664,130.99134826660156,4.728933811187744
2019-04-08 00:30,592661705,114739306.088,114.739306088,121.73233032226562,5.041331768035889
2019-04-08 00:45,564306585,109249754.856,109.249754856,112.5394287109375,4.2781805992126465
2019-04-08 01:00,611230949,118334311.7264,118.3343117264,108.27146911621094,4.833287715911865
2019-04-08 01:15,527301814,102085631.1904,102.0856311904,115.00155639648438,5.707820892333984
2019-04-08 01:30,435273782,84269004.1952,84.2690041952,100.57772064208984,4.437315464019775
2019-04-08 01:45,311474101,60301385.9536,60.3013859536,81.86385345458984,5.983255863189697
2019-04-08 02:00,244881041,47408969.5376,47.4089695376,60.426265716552734,4.331070899963379
2019-04-08 02:15,243287567,47100472.9712,47.1004729712,45.654640197753906,4.190154552459717
2019-04-08 02:30,274305086,53105464.6496,53.1054646496,43.78152847290039,5.2197489738464355
2019-04-08 02:45,299436601,57970925.9536,57.9709259536,49.79841613769531,5.39738130569458
2019-04-08 03:00,249148195,48235090.552,48.235090552,57.27146911621094,4.692198753356934
2019-04-08 03:15,221057365,42796705.864,42.796705864,45.50364303588867,6.324313163757324
2019-04-08 03:30,207166934,40107518.4224,40.1075184224,41.46036911010742,4.061432838439941
2019-04-08 03:45,180636701,34971265.3136,34.97126531359999,39.4468879699707,4.765936851501465
2019-04-08 04:00,158547624,30694820.0064,30.6948200064,34.64829635620117,4.802952289581299
2019-04-08 04:15,99396626,19243186.7936,19.2431867936,30.75795555114746,4.492903232574463
2019-04-08 04:30,138213046,26758045.7056,26.7580457056,18.984752655029297,5.299044609069824
2019-04-08 04:45,120905656,23407335.0016,23.4073350016,25.192005157470703,4.253658294677734
2019-04-08 05:00,110298441,21353778.1776,21.3537781776,22.6459903717041,3.5258381366729736
2019-04-08 05:15,134500326,26039263.1136,26.0392631136,22.47072982788086,4.79292106628418
2019-04-08 05:30,149117706,28869187.8816,28.8691878816,26.359905242919922,3.877990245819092
2019-04-08 05:45,207732497,40217011.4192,40.2170114192,28.398778915405273,3.5931215286254883
2019-04-08 06:00,121979287,23615189.9632,23.6151899632,40.86812210083008,4.357306957244873
2019-04-08 06:15,193604870,37481902.832,37.481902832,23.12259292602539,3.9793167114257812
2019-04-08 06:30,250100775,48419510.04,48.41951004,36.87071228027344,3.8995883464813232
2019-04-08 06:45,401390419,77709185.1184,77.70918511839999,48.34449768066406,4.066380977630615
2019-04-08 07:00,502340876,97253193.5936,97.2531935936,79.28125,4.02284574508667
2019-04-08 07:15,646867513,125233550.5168,125.2335505168,97.75945281982422,5.047979831695557
2019-04-08 07:30,884699549,171277832.6864,171.2778326864,126.04295349121094,3.3592405319213867
2019-04-08 07:45,885902927,171510806.6672,171.5108066672,171.26748657226562,3.341869592666626
2019-04-08 08:00,855261555,165578637.048,165.57863704800002,171.32241821289062,4.845322132110596
2019-04-08 08:15,863333175,167141302.68,167.14130268,165.08087158203125,4.273508071899414
2019-04-08 08:30,884640654,171266430.6144,171.2664306144,167.63363647460938,4.688173294067383
2019-04-08 08:45,897240790,173705816.944,173.70581694400002,172.55889892578125,5.090974807739258
2019-04-08 09:00,737722869,142823147.4384,142.8231474384,173.8597412109375,4.416773319244385
2019-04-08 09:15,750992569,145392161.3584,145.3921613584,144.50286865234375,5.050967216491699
2019-04-08 09:30,713073215,138050974.424,138.050974424,147.13490295410156,5.270664215087891
2019-04-08 09:45,657179522,127229955.4592,127.2299554592,139.84942626953125,4.510713577270508
2019-04-08 10:00,780417061,151088743.00959998,151.0887430096,128.67654418945312,5.756526947021484
2019-04-08 10:15,763364630,147787392.368,147.787392368,152.04383850097656,4.000961780548096
2019-04-08 10:30,497085270,96235708.272,96.235708272,150.2622833251953,5.083847999572754
2019-04-08 10:45,390483409,75597587.9824,75.5975879824,96.94066619873047,6.44942045211792
2019-04-08 11:00,427411754,82746915.5744,82.74691557439999,77.22993469238281,4.293847560882568
2019-04-08 11:15,384897609,74516177.1024,74.51617710240001,84.46182250976562,4.784725666046143
2019-04-08 11:30,415385720,80418675.392,80.41867539200001,77.33499145507812,4.635544776916504
2019-04-08 11:45,389894853,75483643.5408,75.4836435408,81.56266021728516,3.895263910293579
2019-04-08 12:00,430858989,83414300.2704,83.4143002704,77.8719711303711,3.720775842666626
2019-04-08 12:15,458492337,88764116.44319999,88.7641164432,85.30010223388672,5.582764148712158
2019-04-08 12:30,453220239,87743438.2704,87.7434382704,89.65094757080078,4.825229167938232
2019-04-08 12:45,511438073,99014410.9328,99.0144109328,90.0616226196289,4.396180629730225
2019-04-08 13:00,566799792,109732439.7312,109.7324397312,100.14930725097656,5.593759536743164
2019-04-08 13:15,525206947,101680064.9392,101.6800649392,112.73568725585938,4.157979965209961
2019-04-08 13:30,412783289,79914844.75039999,79.9148447504,102.96292877197266,3.719001531600952
2019-04-08 13:45,427646528,82792367.82079999,82.7923678208,81.71785736083984,4.28262996673584
2019-04-08 14:00,391754818,75843732.7648,75.8437327648,83.84170532226562,4.829513072967529
2019-04-08 14:15,322447649,62425864.8464,62.4258648464,78.7675552368164,4.411712646484375
2019-04-08 14:30,333335601,64533772.3536,64.5337723536,63.428916931152344,4.172206401824951
2019-04-08 14:45,341805046,66173456.9056,66.17345690559999,65.74598693847656,3.9967551231384277
2019-04-08 15:00,372867949,72187234.92639999,72.1872349264,67.81307220458984,4.611367702484131
2019-04-08 15:15,419803299,81273918.6864,81.2739186864,74.6955337524414,3.9240682125091553
2019-04-08 15:30,405086139,78424676.5104,78.42467651039999,84.19342041015625,4.27664852142334
2019-04-08 15:45,464814701,89988126.1136,89.9881261136,79.09245300292969,3.7102956771850586
2019-04-08 16:00,563825321,109156582.1456,109.1565821456,91.24593353271484,4.482525825500488
2019-04-08 16:15,564147118,109218882.0448,109.2188820448,110.99232482910156,3.9285922050476074
2019-04-08 16:30,584526853,113164398.7408,113.1643987408,111.20771789550781,4.568735122680664
2019-04-08 16:45,752756704,145733697.8944,145.7336978944,115.27912139892578,5.175901889801025
2019-04-08 17:00,810772383,156965533.3488,156.9655333488,146.97137451171875,5.985077381134033
2019-04-08 17:15,907960891,175781228.4976,175.78122849759998,157.8303680419922,4.440734386444092
2019-04-08 17:30,943775464,182714929.8304,182.7149298304,176.18167114257812,5.407660961151123
2019-04-08 17:45,1015590879,196618394.1744,196.6183941744,184.7224884033203,4.107922554016113
2019-04-08 18:00,1028783465,199172478.824,199.172478824,195.62811279296875,3.961298942565918
2019-04-08 18:15,1054184114,204090044.4704,204.0900444704,199.1229705810547,3.398468494415283
2019-04-08 18:30,950416288,184000593.3568,184.0005933568,203.79539489746094,4.785387992858887
2019-04-08 18:45,1070712400,207289920.64,207.28992064,182.5271453857422,4.868040084838867
2019-04-08 19:00,1084248794,209910566.5184,209.9105665184,205.81414794921875,4.223197937011719
2019-04-08 19:15,1011324011,195792328.5296,195.7923285296,208.47158813476562,4.224315643310547
2019-04-08 19:30,1043155985,201954998.696,201.954998696,194.603271484375,3.3423094749450684
2019-04-08 19:45,985028852,190701585.7472,190.7015857472,199.98715209960938,4.355883598327637
2019-04-08 20:00,1016948254,196881181.9744,196.8811819744,189.58702087402344,3.700774908065796
2019-04-08 20:15,984476301,190594611.8736,190.5946118736,195.02371215820312,4.364624977111816
2019-04-08 20:30,1047219439,202741683.3904,202.7416833904,190.29071044921875,4.293283462524414
2019-04-08 20:45,1130746067,218912438.5712,218.9124385712,202.34194946289062,4.969099521636963
2019-04-08 21:00,1071374490,207418101.264,207.418101264,216.92465209960938,6.460763931274414
2019-04-08 21:15,1049293789,203143277.5504,203.1432775504,206.41539001464844,3.477299690246582
2019-04-08 21:30,1042265386,201782578.7296,201.7825787296,200.7815704345703,4.107170581817627
2019-04-08 21:45,988060592,191288530.6112,191.2885306112,200.990234375,5.894585132598877
2019-04-08 22:00,1039536239,201254215.8704,201.2542158704,187.67190551757812,5.158699989318848
2019-04-08 22:15,1005047200,194577137.92,194.57713792,198.9627227783203,5.284526348114014
2019-04-08 22:30,946627494,183267082.8384,183.2670828384,192.96705627441406,3.536405324935913
2019-04-08 22:45,937846143,181567013.2848,181.5670132848,181.5215301513672,5.690174102783203
2019-04-08 23:00,925976271,179269006.0656,179.2690060656,179.46005249023438,4.728421688079834
2019-04-08 23:15,925633993,179202741.04479998,179.20274104479998,177.2679443359375,4.928936958312988
2019-04-08 23:30,777851709,150592090.8624,150.5920908624,175.78662109375,4.072173118591309
2019-04-08 23:45,700856238,135685767.67679998,135.68576767679997,146.1776885986328,5.7544708251953125
2019-04-09 00:00,612982083,118673331.2688,118.67333126879998,133.425537109375,4.370736122131348
2019-04-09 00:15,578355334,111969592.6624,111.9695926624,116.60836791992188,6.293273448944092
2019-04-09 00:30,515783893,99855761.6848,99.8557616848,109.56242370605469,4.783481597900391
2019-04-09 00:45,468953579,90789412.8944,90.7894128944,97.65521240234375,5.894183158874512
2019-04-09 01:00,383295432,74205995.6352,74.2059956352,89.0184326171875,5.770056247711182
2019-04-09 01:15,371917332,72003195.4752,72.0031954752,72.14179229736328,4.973817825317383
2019-04-09 01:30,346227550,67029653.68,67.02965368,70.25338745117188,4.923123836517334
2019-04-09 01:45,300364805,58150626.248,58.150626248,65.23755645751953,3.945051908493042
2019-04-09 02:00,227963516,44133736.6976,44.1337366976,54.59769821166992,6.316901206970215
2019-04-09 02:15,239793791,46424077.9376,46.4240779376,42.859806060791016,5.008564472198486
2019-04-09 02:30,213155587,41266921.6432,41.26692164319999,43.11264419555664,5.1128249168396
2019-04-09 02:45,202935399,39288293.2464,39.2882932464,39.57810974121094,4.365533828735352
2019-04-09 03:00,145663181,28200391.8416,28.2003918416,37.19784927368164,5.834144592285156
2019-04-09 03:15,125725422,24340441.6992,24.3404416992,26.92714500427246,4.303038120269775
2019-04-09 03:30,129867841,25142414.0176,25.1424140176,23.735286712646484,4.935114860534668
2019-04-09 03:45,85541996,16560930.4256,16.5609304256,24.948623657226562,5.2657670974731445
2019-04-09 04:00,101599703,19669702.5008,19.6697025008,16.310747146606445,4.424262523651123
2019-04-09 04:15,84344398,16329075.4528,16.3290754528,20.457412719726562,4.026603698730469
2019-04-09 04:30,107761381,20862603.3616,20.8626033616,14.699677467346191,4.895318031311035
2019-04-09 04:45,130452885,25255678.536,25.255678536,21.015207290649414,3.4463071823120117
2019-04-09 05:00,172722824,33439138.7264,33.4391387264,24.304304122924805,6.032898426055908
2019-04-09 05:15,172474286,33391021.7696,33.3910217696,32.919273376464844,3.4768900871276855
2019-04-09 05:30,205297705,39745635.688,39.745635688,31.558116912841797,4.309004783630371
2019-04-09 05:45,141465458,27387712.6688,27.3877126688,39.17043685913086,4.545659065246582
2019-04-09 06:00,148321191,28714982.5776,28.7149825776,27.21152687072754,4.415948390960693
2019-04-09 06:15,183868473,35596936.3728,35.5969363728,28.369646072387695,4.043850898742676
2019-04-09 06:30,217937248,42192651.2128,42.1926512128,34.561649322509766,4.583922863006592
2019-04-09 06:45,288409939,55836164.1904,55.8361641904,41.633365631103516,4.298405647277832
2019-04-09 07:00,457074728,88489667.3408,88.4896673408,56.69382858276367,3.8603556156158447
2019-04-09 07:15,624010400,120808413.44,120.80841344,88.92156219482422,3.6301052570343018
2019-04-09 07:30,859873646,166471537.8656,166.4715378656,121.45388793945312,6.194957733154297
2019-04-09 07:45,878332350,170045142.96,170.04514296000002,165.08787536621094,3.748652458190918
2019-04-09 08:00,898578043,173964709.1248,173.9647091248,170.49969482421875,4.683044910430908
2019-04-09 08:15,961135673,186075866.2928,186.0758662928,173.3743133544922,4.080336093902588
2019-04-09 08:30,953738407,184643755.5952,184.6437555952,186.33291625976562,4.710903644561768
2019-04-09 08:45,840597109,162739600.3024,162.7396003024,186.36561584472656,4.536300182342529
2019-04-09 09:00,649372461,125718508.4496,125.7185084496,163.5398712158203,4.125097751617432
2019-04-09 09:15,670642500,129836388.0,129.836388,127.70613861083984,4.7052836418151855
2019-04-09 09:30,662093369,128181276.2384,128.1812762384,131.87969970703125,5.185913562774658
2019-04-09 09:45,639373633,123782735.3488,123.7827353488,130.69888305664062,6.098235130310059
2019-04-09 10:00,657080292,127210744.5312,127.2107445312,122.69176483154297,5.911809921264648
2019-04-09 10:15,582027217,112680469.2112,112.6804692112,129.83119201660156,4.961398601531982
2019-04-09 10:30,659240481,127628957.1216,127.6289571216,113.34504699707031,5.0705647468566895
2019-04-09 10:45,724563258,140275446.7488,140.27544674880002,129.48699951171875,4.865329742431641
2019-04-09 11:00,657520684,127296004.4224,127.2960044224,142.38833618164062,5.508228302001953
2019-04-09 11:15,734609198,142220340.7328,142.2203407328,128.81137084960938,3.6555540561676025
2019-04-09 11:30,725264130,140411135.568,140.411135568,143.43739318847656,5.017805099487305
2019-04-09 11:45,764889805,148082666.248,148.082666248,141.39389038085938,3.749840259552002
2019-04-09 12:00,922882515,178670054.90399998,178.67005490399998,150.9663848876953,4.031689167022705
2019-04-09 12:15,736411436,142569254.00959998,142.56925400959997,179.41249084472656,5.123591899871826
2019-04-09 12:30,793701153,153660543.22079998,153.66054322079998,143.185546875,3.480626344680786
2019-04-09 12:45,858003010,166109382.736,166.109382736,154.54498291015625,5.63658332824707
2019-04-09 13:00,828458198,160389507.13279998,160.3895071328,168.34225463867188,6.818706035614014
2019-04-09 13:15,889821229,172269389.9344,172.26938993439998,161.5866241455078,4.45139741897583
2019-04-09 13:30,959686780,185795360.608,185.795360608,173.2930450439453,4.752258777618408
2019-04-09 13:45,928550861,179767446.6896,179.76744668959998,186.94189453125,5.1153717041015625
2019-04-09 14:00,764366020,147981261.472,147.981261472,181.99929809570312,4.688638687133789
2019-04-09 14:15,704688180,136427631.648,136.427631648,149.1515350341797,3.5421013832092285
2019-04-09 14:30,777780893,150578380.8848,150.5783808848,136.8777313232422,5.425577640533447
2019-04-09 14:45,753253247,145829828.6192,145.8298286192,151.01695251464844,4.8636298179626465
2019-04-09 15:00,814146378,157618738.78079998,157.6187387808,147.80642700195312,4.509734153747559
2019-04-09 15:15,772000865,149459367.464,149.459367464,159.26971435546875,4.078758716583252
2019-04-09 15:30,748125723,144837139.9728,144.83713997279995,151.42486572265625,5.097120761871338
2019-04-09 15:45,826431472,159997132.9792,159.99713297920002,147.21697998046875,4.494109153747559
2019-04-09 16:00,849787100,164518782.56,164.51878256,160.6090545654297,5.248170852661133
2019-04-09 16:15,839875946,162599983.1456,162.5999831456,166.28990173339844,4.359745025634766
2019-04-09 16:30,899465390,174136499.504,174.136499504,164.5152130126953,5.139396667480469
2019-04-09 16:45,924944492,179069253.6512,179.0692536512,174.5391387939453,3.3826839923858643
2019-04-09 17:00,1016511737,196796672.2832,196.7966722832,179.44793701171875,4.344644069671631
2019-04-09 17:15,1058314748,204889735.2128,204.8897352128,200.18389892578125,4.1508378982543945
2019-04-09 17:30,1174693194,227420602.3584,227.4206023584,204.85763549804688,3.4809420108795166
2019-04-09 17:45,1046604782,202622685.7952,202.6226857952,228.4167022705078,4.5857086181640625
2019-04-09 18:00,1140194646,220741683.4656,220.7416834656,201.79295349121094,4.387221336364746
2019-04-09 18:15,1234573712,239013470.6432,239.0134706432,220.20436096191406,3.9531967639923096
2019-04-09 18:30,1104761310,213881789.616,213.881789616,237.26300048828125,4.6541218757629395
2019-04-09 18:45,1165040081,225551759.6816,225.5517596816,212.94207763671875,5.192033767700195
2019-04-09 19:00,1064479644,206083259.0784,206.0832590784,223.2486572265625,5.075216770172119
2019-04-09 19:15,1057978803,204824696.2608,204.8246962608,203.967529296875,5.42185115814209
2019-04-09 19:30,1075597102,208235598.9472,208.2355989472,203.41091918945312,5.111101150512695
2019-04-09 19:45,1065943273,206366617.6528,206.3666176528,206.79367065429688,5.723598480224609
2019-04-09 20:00,1030581616,199520600.8576,199.5206008576,204.5129852294922,5.571198463439941
2019-04-09 20:15,1059710938,205160037.5968,205.1600375968,197.35536193847656,5.865065574645996
2019-04-09 20:30,1027751807,198972749.8352,198.9727498352,205.49575805664062,3.6771321296691895
2019-04-09 20:45,1160368195,224647282.552,224.647282552,198.1269073486328,4.257951736450195
2019-04-09 21:00,1111779613,215240533.0768,215.2405330768,223.43983459472656,4.594808101654053
2019-04-09 21:15,1104846769,213898334.4784,213.8983344784,212.64846801757812,5.303993225097656
2019-04-09 21:30,1171801074,226860687.9264,226.8606879264,212.2967987060547,4.981408596038818
2019-04-09 21:45,1132475889,219247332.1104,219.2473321104,225.116455078125,5.515603065490723
2019-04-09 22:00,1115836764,216025997.5104,216.0259975104,215.78463745117188,5.707882881164551
2019-04-09 22:15,987117426,191105933.6736,191.1059336736,213.84571838378906,3.3503620624542236
2019-04-09 22:30,980888459,189900005.6624,189.9000056624,190.56378173828125,5.329586982727051
2019-04-09 22:45,909034475,175989074.35999998,175.98907436,188.91700744628906,5.284524440765381
2019-04-09 23:00,894450197,173165558.1392,173.16555813920002,174.1824493408203,4.282045364379883
2019-04-09 23:15,914790330,177103407.88799998,177.103407888,172.42538452148438,4.764496326446533
2019-04-09 23:30,772107977,149480104.3472,149.4801043472,174.91970825195312,4.68342399597168
2019-04-09 23:45,720826515,139552013.304,139.55201330399998,148.42762756347656,5.58583927154541
2019-04-10 00:00,631563643,122270721.2848,122.2707212848,138.0689239501953,3.7759549617767334
2019-04-10 00:15,609181612,117937560.0832,117.9375600832,119.622314453125,5.5921831130981445
2019-04-10 00:30,546092092,105723429.0112,105.7234290112,115.31890106201172,5.582826614379883
2019-04-10 00:45,480553024,93035065.4464,93.0350654464,104.71495819091797,4.676413536071777
2019-04-10 01:00,435715440,84354509.184,84.354509184,92.61721801757812,5.008472442626953
2019-04-10 01:15,354243769,68581593.6784,68.5815936784,83.19251251220703,3.7829129695892334
2019-04-10 01:30,333928479,64648553.5344,64.6485535344,68.72408294677734,5.724555492401123
2019-04-10 01:45,293648473,56850344.3728,56.8503443728,63.58540344238281,6.1296234130859375
2019-04-10 02:00,253942187,49163207.4032,49.1632074032,54.81764602661133,6.43760347366333
2019-04-10 02:15,244749226,47383450.1536,47.3834501536,47.331932067871094,4.8824992179870605
2019-04-10 02:30,212115065,41065476.584,41.065476584,47.244232177734375,4.981916427612305
2019-04-10 02:45,154958080,29999884.288,29.999884288,38.20441436767578,6.202702045440674
2019-04-10 03:00,149817150,29004600.24,29.00460024,28.2607364654541,4.076572895050049
2019-04-10 03:15,139855344,27075994.5984,27.0759945984,26.70517921447754,5.0548624992370605
2019-04-10 03:30,106176575,20555784.92,20.55578492,27.410371780395508,4.6302809715271
2019-04-10 03:45,123553361,23919930.6896,23.9199306896,18.348356246948242,4.668976783752441
2019-04-10 04:00,103638103,20064336.7408,20.0643367408,22.407987594604492,5.3252272605896
2019-04-10 04:15,83347976,16136168.1536,16.1361681536,17.467206954956055,6.5703253746032715
2019-04-10 04:30,83180364,16103718.4704,16.1037184704,14.84514045715332,4.6748456954956055
2019-04-10 04:45,82960830,16061216.688,16.061216688,15.543843269348145,4.876722812652588
2019-04-10 05:00,74413732,14406498.5152,14.4064985152,16.894981384277344,4.146564960479736
2019-04-10 05:15,66844876,12941167.9936,12.9411679936,13.620097160339355,4.469189643859863
2019-04-10 05:30,124598944,24122355.5584,24.1223555584,12.825360298156738,3.866842269897461
2019-04-10 05:45,111599180,21605601.248,21.605601248,22.365842819213867,3.848792552947998
2019-04-10 06:00,160066808,30988934.0288,30.9889340288,21.059350967407227,4.269450664520264
2019-04-10 06:15,204857231,39660359.9216,39.6603599216,31.874189376831055,4.4117608070373535
2019-04-10 06:30,223237050,43218692.88,43.21869287999999,40.787445068359375,3.3414082527160645
2019-04-10 06:45,304512684,58953655.6224,58.9536556224,42.8140869140625,3.936035394668579
2019-04-10 07:00,419307007,81177836.5552,81.1778365552,58.68763732910156,4.791577339172363
2019-04-10 07:15,631543163,122266756.3568,122.2667563568,81.72100067138672,4.842678070068359
2019-04-10 07:30,763992880,147909021.568,147.909021568,122.93002319335938,2.8706398010253906
2019-04-10 07:45,905009266,175209793.8976,175.2097938976,149.1975860595703,4.138755798339844
2019-04-10 08:00,851753304,164899439.6544,164.8994396544,176.40257263183594,3.1475021839141846
2019-04-10 08:15,816657383,158104869.3488,158.1048693488,165.15719604492188,3.984743118286133
2019-04-10 08:30,969705843,187735051.2048,187.7350512048,157.45616149902344,3.8113532066345215
2019-04-10 08:45,913821288,176915801.3568,176.9158013568,188.2300567626953,4.7552642822265625
2019-04-10 09:00,795446501,153998442.5936,153.9984425936,178.8173065185547,4.6657538414001465
2019-04-10 09:15,723012843,139975286.4048,139.9752864048,155.08937072753906,6.233794212341309
2019-04-10 09:30,660140383,127803178.1488,127.8031781488,142.1114959716797,3.8739306926727295
2019-04-10 09:45,590649509,114349744.9424,114.3497449424,129.26734924316406,3.9633166790008545
2019-04-10 10:00,624556885,120914212.936,120.91421293599998,115.2140884399414,4.265910625457764
2019-04-10 10:15,733663014,142037159.5104,142.0371595104,123.6280746459961,3.717005968093872
2019-04-10 10:30,749199147,145044954.8592,145.0449548592,142.85885620117188,4.273487091064453
2019-04-10 10:45,676191411,130910657.1696,130.9106571696,145.54331970214844,3.8682987689971924
2019-04-10 11:00,644897531,124852162.0016,124.8521620016,133.3269805908203,4.459362030029297
2019-04-10 11:15,660470533,127867095.1888,127.8670951888,125.73827362060547,6.462796688079834
2019-04-10 11:30,785097392,151994855.0912,151.99485509119998,129.25465393066406,4.789035797119141
2019-04-10 11:45,818890976,158537292.9536,158.5372929536,153.86883544921875,3.415479898452759
2019-04-10 12:00,873672811,169143056.2096,169.1430562096,158.38356018066406,5.560632705688477
2019-04-10 12:15,1031872322,199770481.5392,199.7704815392,170.5140838623047,4.886200428009033
2019-04-10 12:30,1014452525,196398008.84,196.39800884,200.333740234375,5.007530689239502
2019-04-10 12:45,969108159,187619339.5824,187.6193395824,197.59579467773438,4.380608081817627
2019-04-10 13:00,975876157,188929623.9952,188.9296239952,190.3145751953125,3.706374406814575
2019-04-10 13:15,992745473,192195523.5728,192.1955235728,191.4866180419922,4.896981716156006
2019-04-10 13:30,1098107946,212593698.3456,212.5936983456,193.56271362304688,5.40568733215332
2019-04-10 13:45,1038165561,200988852.6096,200.9888526096,215.19386291503906,4.561472415924072
2019-04-10 14:00,936778131,181360246.1616,181.3602461616,202.05435180664062,4.160984516143799
2019-04-10 14:15,950105550,183940434.48,183.94043448,182.97796630859375,4.76371431350708
2019-04-10 14:30,830155235,160718053.496,160.71805349599998,185.99777221679688,4.292776107788086
2019-04-10 14:45,872454449,168907181.32639998,168.90718132639998,160.8840789794922,4.672271728515625
2019-04-10 15:00,851796344,164907772.1984,164.90777219839998,170.1560821533203,5.025439739227295
2019-04-10 15:15,974881252,188737010.3872,188.7370103872,166.5479278564453,5.085182189941406
2019-04-10 15:30,927851356,179632022.5216,179.63202252160002,189.7432403564453,3.433805227279663
2019-04-10 15:45,937183849,181438793.1664,181.4387931664,181.62823486328125,4.33484411239624
2019-04-10 16:00,1295372306,250784078.4416,250.7840784416,183.17306518554688,4.6018171310424805
2019-04-10 16:15,1227642492,237671586.4512,237.6715864512,253.66102600097656,6.094722270965576
2019-04-10 16:30,1214093972,235048592.9792,235.0485929792,239.10548400878906,4.698385715484619
2019-04-10 16:45,1297858403,251265386.8208,251.2653868208,236.57125854492188,4.365193843841553
2019-04-10 17:00,1181698872,228776901.6192,228.7769016192,252.38101196289062,5.0591325759887695
2019-04-10 17:15,1436870133,278178057.7488,278.1780577488,231.1266326904297,4.671194553375244
2019-04-10 17:30,1379691899,267108351.6464,267.1083516464,279.7325744628906,4.416650772094727
2019-04-10 17:45,1292294328,250188181.9008,250.1881819008,267.24102783203125,4.37471342086792
2019-04-10 18:00,1405119745,272031182.632,272.031182632,249.1192169189453,4.5455427169799805
2019-04-10 18:15,1412189254,273399839.5744,273.3998395744,270.4116516113281,4.423541069030762
2019-04-10 18:30,1356828278,262681954.6208,262.6819546208,273.1116027832031,4.78646183013916
2019-04-10 18:45,1326888596,256885632.1856,256.8856321856,261.5243835449219,4.260153770446777
2019-04-10 19:00,1525913851,295416921.5536,295.4169215536,256.12939453125,4.957616329193115
2019-04-10 19:15,1256142109,243189112.3024,243.1891123024,294.39154052734375,3.950336456298828
2019-04-10 19:30,1240192907,240101346.7952,240.1013467952,241.68711853027344,4.69327974319458
2019-04-10 19:45,1261364232,244200115.3152,244.2001153152,236.35098266601562,4.318274021148682
2019-04-10 20:00,1249187843,241842766.4048,241.8427664048,241.7829132080078,5.007678985595703
2019-04-10 20:15,1221404308,236463874.0288,236.4638740288,240.40232849121094,3.9263901710510254
2019-04-10 20:30,1272382977,246333344.3472,246.3333443472,237.3820343017578,5.719012260437012
2019-04-10 20:45,1298498893,251389385.6848,251.3893856848,241.7030792236328,4.4615864753723145
2019-04-10 21:00,1266813893,245255169.6848,245.2551696848,247.440185546875,5.490532875061035
2019-04-10 21:15,1188702367,230132778.2512,230.1327782512,243.0493621826172,4.804001331329346
2019-04-10 21:30,1159733546,224524414.5056,224.5244145056,227.83494567871094,4.287158489227295
2019-04-10 21:45,1244862105,241005303.528,241.005303528,222.3690948486328,5.090975284576416
2019-04-10 22:00,1048423638,202974816.3168,202.9748163168,237.54380798339844,5.275381088256836
2019-04-10 22:15,1154835885,223576227.336,223.576227336,198.14393615722656,5.817523956298828
2019-04-10 22:30,1106199586,214160239.8496,214.1602398496,222.0661163330078,6.261708736419678
2019-04-10 22:45,1019613140,197397103.904,197.397103904,211.29684448242188,6.383823871612549
2019-04-10 23:00,1050493232,203375489.7152,203.3754897152,195.73019409179688,4.490298271179199
2019-04-10 23:15,1036384987,200644133.4832,200.6441334832,202.48291015625,5.356298923492432
2019-04-10 23:30,871460089,168714673.2304,168.7146732304,198.43553161621094,5.860947608947754
2019-04-10 23:45,849666823,164495496.9328,164.4954969328,165.38475036621094,4.787771224975586
2019-04-11 00:00,720344533,139458701.58879998,139.45870158879998,162.15098571777344,4.973766803741455
2019-04-11 00:15,619141496,119865793.6256,119.8657936256,136.44236755371094,5.518429279327393
2019-04-11 00:30,570317334,110413435.8624,110.4134358624,117.77703094482422,4.815724849700928
2019-04-11 00:45,526500819,101930558.5584,101.9305585584,107.29820251464844,5.375364780426025
2019-04-11 01:00,470388775,91067266.84,91.06726684,99.77644348144531,3.9181621074676514
2019-04-11 01:15,409087162,79199274.5632,79.19927456319999,88.91516876220703,5.536270618438721
2019-04-11 01:30,352317280,68208625.40799999,68.20862540799999,76.08985900878906,6.017082691192627
2019-04-11 01:45,300214709,58121567.6624,58.1215676624,65.1429672241211,5.634669303894043
2019-04-11 02:00,250743030,48543850.608,48.54385060799999,56.24217224121094,4.8703107833862305
2019-04-11 02:15,236094313,45707858.9968,45.7078589968,45.618980407714844,5.078166484832764
2019-04-11 02:30,212952335,41227572.056,41.227572056,43.88425064086914,7.110555648803711
2019-04-11 02:45,242087261,46868093.7296,46.8680937296,37.790565490722656,6.123941421508789
2019-04-11 03:00,195363338,37822342.2368,37.8223422368,45.24258804321289,5.577259540557861
2019-04-11 03:15,160089245,30993277.832,30.993277832,36.610267639160156,3.4633359909057617
2019-04-11 03:30,131970323,25549454.5328,25.5494545328,29.144071578979492,5.294793128967285
2019-04-11 03:45,124078405,24021579.208,24.021579208,24.20285987854004,4.155874252319336
2019-04-11 04:00,138581754,26829427.5744,26.8294275744,24.212970733642578,3.6444342136383057
2019-04-11 04:15,130536092,25271787.4112,25.2717874112,25.339160919189453,4.933873176574707
2019-04-11 04:30,309813876,59979966.3936,59.9799663936,23.051660537719727,5.5460429191589355
2019-04-11 04:45,223005051,43173777.8736,43.1737778736,57.31953048706055,3.901203155517578
2019-04-11 05:00,101666989,19682729.0704,19.6827290704,43.18943786621094,4.545034885406494
2019-04-11 05:15,142929253,27671103.3808,27.6711033808,18.037212371826172,5.225797653198242
2019-04-11 05:30,154259720,29864681.792,29.864681792,26.918088912963867,5.871455192565918
2019-04-11 05:45,206771854,40031030.9344,40.0310309344,29.390430450439453,4.022269248962402
2019-04-11 06:00,188597854,36512544.5344,36.5125445344,38.68773651123047,3.573808431625366
2019-04-11 06:15,232901573,45089744.5328,45.0897445328,36.380184173583984,4.137840747833252
2019-04-11 06:30,203441008,39386179.1488,39.3861791488,45.267723083496094,3.68009877204895
2019-04-11 06:45,333623537,64589516.7632,64.5895167632,40.11508560180664,5.3571906089782715
2019-04-11 07:00,462517881,89543461.7616,89.5434617616,65.53741455078125,4.140435695648193
2019-04-11 07:15,614383348,118944616.1728,118.9446161728,88.84133911132812,4.60612678527832
2019-04-11 07:30,739180615,143105367.064,143.105367064,117.98329162597656,2.8738462924957275
2019-04-11 07:45,881339743,170627374.2448,170.6273742448,143.3787384033203,2.2840654850006104
2019-04-11 08:00,967887727,187383063.9472,187.3830639472,170.44642639160156,4.130154609680176
2019-04-11 08:15,937494022,181498842.6592,181.4988426592,187.48245239257812,3.308863639831543
2019-04-11 08:30,947019472,183342969.7792,183.3429697792,182.004638671875,5.057080268859863
2019-04-11 08:45,880026669,170373163.1184,170.37316311840002,183.40481567382812,5.281816482543945
2019-04-11 09:00,767801957,148646458.8752,148.6464588752,171.2242889404297,4.425409317016602
2019-04-11 09:15,698627896,135254360.6656,135.2543606656,150.1691131591797,5.132925510406494
2019-04-11 09:30,613825099,118836539.1664,118.8365391664,138.0679168701172,5.716664791107178
2019-04-11 09:45,653525981,126522629.9216,126.5226299216,119.54541778564453,3.229487419128418
2019-04-11 10:00,598448244,115859580.0384,115.8595800384,128.0630340576172,3.949437141418457
2019-04-11 10:15,658198911,127427309.1696,127.4273091696,117.9651870727539,4.115914344787598
2019-04-11 10:30,775736323,150182552.13279998,150.18255213279997,129.12855529785156,4.797772407531738
2019-04-11 10:45,692432942,134055017.5712,134.0550175712,150.82760620117188,5.8781280517578125
2019-04-11 11:00,677906248,131242649.6128,131.2426496128,134.17796325683594,5.749447345733643
2019-04-11 11:15,753595114,145896014.0704,145.8960140704,132.85360717773438,4.150360584259033
2019-04-11 11:30,722848843,139943536.0048,139.9435360048,147.64662170410156,5.221400260925293
2019-04-11 11:45,755386736,146242872.0896,146.24287208959998,142.677001953125,5.803155899047852
2019-04-11 12:00,800339958,154945815.86879998,154.9458158688,147.33963012695312,5.639745712280273
2019-04-11 12:15,827120217,160130474.01119998,160.1304740112,158.03077697753906,5.019876003265381
2019-04-11 12:30,869560151,168346845.2336,168.3468452336,162.09121704101562,4.429112911224365
2019-04-11 12:45,1017802081,197046482.8816,197.0464828816,168.8131103515625,4.37428092956543
2019-04-11 13:00,890178211,172338501.6496,172.3385016496,199.02613830566406,4.146435737609863
2019-04-11 13:15,875124259,169424056.5424,169.4240565424,172.40615844726562,3.990399122238159
2019-04-11 13:30,898461264,173942100.7104,173.94210071039998,171.8759307861328,4.01821231842041
2019-04-11 13:45,920700973,178247708.3728,178.2477083728,175.3805389404297,5.193891525268555
2019-04-11 14:00,774448428,149933215.6608,149.93321566080002,179.71400451660156,4.825963020324707
2019-04-11 14:15,785465326,152066087.1136,152.0660871136,151.23292541503906,3.423250198364258
2019-04-11 14:30,874726774,169347103.4464,169.34710344639998,154.97335815429688,4.53169584274292
2019-04-11 14:45,813100345,157416226.792,157.416226792,170.412841796875,3.591695785522461
2019-04-11 15:00,775180098,150074866.9728,150.07486697279998,157.9188995361328,4.696225643157959
2019-04-11 15:15,793510935,153623717.016,153.623717016,150.67520141601562,4.1242194175720215
2019-04-11 15:30,810954548,157000800.4928,157.0008004928,154.68321228027344,2.852569103240967
2019-04-11 15:45,749307054,145065845.6544,145.0658456544,157.93789672851562,3.834946393966675
2019-04-11 16:00,885096866,171354753.2576,171.3547532576,146.1444549560547,4.507920265197754
2019-04-11 16:15,822582027,159251880.4272,159.25188042719998,171.95614624023438,3.1461520195007324
2019-04-11 16:30,897198552,173697639.6672,173.6976396672,159.95513916015625,3.1585659980773926
2019-04-11 16:45,1013870391,196285307.6976,196.2853076976,173.6964569091797,4.204205513000488
2019-04-11 17:00,1116183964,216093215.4304,216.0932154304,197.90878295898438,3.524315357208252
2019-04-11 17:15,1161874826,224938966.3136,224.9389663136,215.31248474121094,3.479022741317749
2019-04-11 17:30,1114085238,215686902.0768,215.6869020768,225.61459350585938,4.180509567260742
2019-04-11 17:45,1055515156,204347734.2016,204.3477342016,216.61727905273438,4.666286945343018
2019-04-11 18:00,1157918745,224173069.032,224.173069032,202.7701416015625,3.264880418777466
2019-04-11 18:15,1118332027,216509080.4272,216.5090804272,222.45570373535156,2.910874605178833
2019-04-11 18:30,1123615334,217531928.6624,217.5319286624,216.42974853515625,3.6764893531799316
2019-04-11 18:45,1168475423,226216841.8928,226.2168418928,216.82241821289062,3.688391923904419
2019-04-11 19:00,1106480237,214214573.8832,214.2145738832,225.04507446289062,4.0246076583862305
2019-04-11 19:15,1060868292,205384101.3312,205.3841013312,213.5068359375,4.107709884643555
2019-04-11 19:30,1022676543,197990178.7248,197.9901787248,203.42234802246094,3.657104253768921
2019-04-11 19:45,1103278484,213594714.5024,213.5947145024,194.3014373779297,4.620128631591797
2019-04-11 20:00,1111172113,215122921.0768,215.1229210768,211.6417236328125,4.596053600311279
2019-04-11 20:15,1066668153,206506954.4208,206.5069544208,215.19125366210938,4.414481163024902
2019-04-11 20:30,1013535702,196220511.9072,196.2205119072,204.78750610351562,5.332240581512451
2019-04-11 20:45,974967766,188753759.4976,188.7537594976,195.44442749023438,3.8918519020080566
2019-04-11 21:00,1003962959,194367228.8624,194.3672288624,185.67489624023438,4.440287113189697
2019-04-11 21:15,972822360,188338408.896,188.338408896,191.81431579589844,4.414861679077148
2019-04-11 21:30,1076199084,208352142.6624,208.3521426624,185.71434020996094,3.6012256145477295
2019-04-11 21:45,1017576811,197002870.6096,197.0028706096,204.69313049316406,4.657060623168945
2019-04-11 22:00,1038015464,200959793.8304,200.9597938304,192.71267700195312,6.848276615142822
2019-04-11 22:15,1074371654,207998352.2144,207.9983522144,198.3003387451172,5.491206169128418
2019-04-11 22:30,1144369178,221549872.8608,221.5498728608,205.8389129638672,5.838789463043213
2019-04-11 22:45,984584741,190615605.8576,190.6156058576,220.35997009277344,4.553706645965576
2019-04-11 23:00,1006940298,194943641.6928,194.9436416928,188.36029052734375,4.452266216278076
2019-04-11 23:15,961839985,186212221.096,186.212221096,191.575439453125,5.815016746520996
2019-04-11 23:30,813004186,157397610.4096,157.3976104096,182.6569061279297,3.9948983192443848
2019-04-11 23:45,733569359,142019027.9024,142.01902790239998,153.414794921875,7.65091609954834
2019-04-12 00:00,833940978,161450973.3408,161.45097334079998,140.135986328125,4.172287940979004
2019-04-12 00:15,803696279,155595599.6144,155.5955996144,158.08599853515625,5.690821647644043
2019-04-12 00:30,736872676,142658550.0736,142.6585500736,152.63821411132812,5.865230083465576
2019-04-12 00:45,652663274,126355609.8464,126.3556098464,140.0963134765625,4.322958469390869
2019-04-12 01:00,488666253,94605786.5808,94.6057865808,121.6054458618164,4.562314987182617
2019-04-12 01:15,446174319,86379348.1584,86.3793481584,91.30927276611328,4.745293617248535
2019-04-12 01:30,381791489,73914832.2704,73.9148322704,83.89369201660156,4.6871819496154785
2019-04-12 01:45,345873208,66961053.0688,66.9610530688,72.50093841552734,3.4679462909698486
2019-04-12 02:00,306131633,59267084.1488,59.2670841488,63.758277893066406,4.221161365509033
2019-04-12 02:15,283800914,54943856.9504,54.9438569504,56.380767822265625,4.577423095703125
2019-04-12 02:30,264019467,51114168.8112,51.1141688112,50.859230041503906,5.386591911315918
2019-04-12 02:45,210081409,40671760.7824,40.6717607824,49.25570297241211,4.020251750946045
2019-04-12 03:00,229076025,44349118.44,44.34911844,39.320648193359375,4.329547882080078
2019-04-12 03:15,241309466,46717512.6176,46.7175126176,43.6071662902832,4.395527362823486
2019-04-12 03:30,175366255,33950906.968,33.950906968000005,45.93946075439453,4.028792858123779
2019-04-12 03:45,168057367,32535906.2512,32.5359062512,32.74143981933594,3.6975290775299072
2019-04-12 04:00,185106508,35836619.9488,35.8366199488,31.0598087310791,3.8339920043945312
2019-04-12 04:15,135721733,26275727.5088,26.2757275088,35.082054138183594,5.076480388641357
2019-04-12 04:30,79979372,15484006.4192,15.4840064192,25.2774600982666,3.283311367034912
2019-04-12 04:45,100076510,19374812.336,19.374812336,13.073371887207031,4.839524745941162
2019-04-12 05:00,86460594,16738770.9984,16.7387709984,18.18773651123047,3.404439687728882
2019-04-12 05:15,92323010,17873734.735999998,17.873734736,17.402130126953125,3.3534128665924072
2019-04-12 05:30,87633026,16965753.8336,16.9657538336,16.858646392822266,3.8626930713653564
2019-04-12 05:45,169348572,32785883.5392,32.7858835392,15.068857192993164,4.698506832122803
2019-04-12 06:00,138412732,26796704.9152,26.7967049152,31.35178565979004,3.305190086364746
2019-04-12 06:15,200716266,38858669.0976,38.8586690976,26.319974899291992,4.0808491706848145
2019-04-12 06:30,288461283,55846104.3888,55.84610438879999,37.42034149169922,4.196544170379639
2019-04-12 06:45,351077512,67968606.3232,67.9686063232,55.6381721496582,2.9167892932891846
2019-04-12 07:00,398410524,77132277.4464,77.1322774464,68.55326080322266,4.535121440887451
2019-04-12 07:15,649578811,125758457.8096,125.7584578096,77.18072509765625,4.6167378425598145
2019-04-12 07:30,855914861,165705117.0896,165.7051170896,124.85881042480469,3.460054636001587
2019-04-12 07:45,862351571,166951264.1456,166.9512641456,164.92901611328125,3.3465259075164795
2019-04-12 08:00,848717522,164311712.2592,164.3117122592,167.04507446289062,2.3786556720733643
2019-04-12 08:15,891071644,172511470.2784,172.5114702784,164.52432250976562,3.80330491065979
2019-04-12 08:30,979549782,189640837.7952,189.6408377952,172.27964782714844,4.161607265472412
2019-04-12 08:45,861398547,166766758.6992,166.7667586992,189.1750030517578,3.746196746826172
2019-04-12 09:00,734947132,142285764.7552,142.2857647552,168.1474151611328,3.4617409706115723
2019-04-12 09:15,678720265,131400243.304,131.400243304,143.44366455078125,4.373354911804199
2019-04-12 09:30,696181789,134780794.3504,134.7807943504,133.32305908203125,5.605846405029297
2019-04-12 09:45,602569686,116657491.2096,116.6574912096,135.67474365234375,4.475065231323242
2019-04-12 10:00,614430866,118953815.6576,118.9538156576,117.3045425415039,6.781820297241211
2019-04-12 10:15,644669378,124807991.5808,124.8079915808,120.30408477783203,4.007368564605713
2019-04-12 10:30,675170462,130713001.4432,130.7130014432,126.39389038085938,4.146369934082031
2019-04-12 10:45,673062657,130304930.3952,130.3049303952,132.05068969726562,3.463754653930664
2019-04-12 11:00,738743799,143020799.4864,143.0207994864,131.601806640625,4.0378828048706055
2019-04-12 11:15,745460517,144321156.0912,144.32115609119998,144.76934814453125,4.424762725830078
2019-04-12 11:30,733462977,141998432.3472,141.9984323472,145.88955688476562,4.198223114013672
2019-04-12 11:45,758421857,146830471.5152,146.8304715152,141.74038696289062,4.4034857749938965
2019-04-12 12:00,805274398,155901123.4528,155.9011234528,149.7809295654297,5.3509202003479
2019-04-12 12:15,802121668,155290754.9248,155.2907549248,157.19505310058594,4.39802885055542
2019-04-12 12:30,900806418,174396122.5248,174.3961225248,156.36294555664062,4.358280658721924
2019-04-12 12:45,937965514,181590123.5104,181.5901235104,176.29995727539062,4.470884799957275
2019-04-12 13:00,1008574549,195260032.6864,195.2600326864,182.35073852539062,2.875154495239258
2019-04-12 13:15,922738355,178642145.528,178.642145528,195.89732360839844,4.006647109985352
2019-04-12 13:30,834488149,161556905.6464,161.5569056464,179.49075317382812,2.7748360633850098
2019-04-12 13:45,744928265,144218112.104,144.218112104,162.52734375,4.1661810874938965
2019-04-12 14:00,797629739,154421117.4704,154.4211174704,146.36720275878906,3.835252523422241
2019-04-12 14:15,806978398,156231017.85279998,156.2310178528,155.8959197998047,2.9848923683166504
2019-04-12 14:30,891379773,172571124.0528,172.5711240528,157.50807189941406,4.364748954772949
2019-04-12 14:45,854779297,165485271.8992,165.4852718992,173.570556640625,3.4531946182250977
2019-04-12 15:00,767650445,148617126.152,148.617126152,166.82725524902344,3.1460816860198975
2019-04-12 15:15,669275285,129571695.176,129.571695176,149.4873504638672,2.7389111518859863
2019-04-12 15:30,699404689,135404747.7904,135.4047477904,128.80931091308594,4.866820335388184
2019-04-12 15:45,728631112,141062983.2832,141.0629832832,137.56417846679688,4.218629360198975
2019-04-12 16:00,871898455,168799540.88799998,168.799540888,141.8385009765625,2.7748043537139893
2019-04-12 16:15,928024401,179665524.0336,179.6655240336,170.877685546875,4.888286113739014
2019-04-12 16:30,834904196,161637452.3456,161.6374523456,180.3317108154297,3.263279676437378
2019-04-12 16:45,846108726,163806649.3536,163.8066493536,162.40155029296875,3.6097166538238525
2019-04-12 17:00,1020806905,197628216.808,197.628216808,164.7170867919922,3.9381189346313477
2019-04-12 17:15,1119202532,216677610.1952,216.6776101952,199.6374053955078,3.495323419570923
2019-04-12 17:30,1103298350,213598560.56,213.59856056,218.14051818847656,5.453962326049805
2019-04-12 17:45,1174281578,227340913.5008,227.3409135008,214.28468322753906,4.203189849853516
2019-04-12 18:00,1075218062,208162216.8032,208.1622168032,226.71142578125,2.9345808029174805
2019-04-12 18:15,1348211192,261013686.7712,261.0136867712,207.2405242919922,3.581075668334961
2019-04-12 18:30,1217025076,235616054.7136,235.6160547136,259.8152770996094,3.5841565132141113
2019-04-12 18:45,1171450786,226792872.1696,226.7928721696,233.24684143066406,3.143906593322754
2019-04-12 19:00,1239075487,239885014.2832,239.8850142832,225.05015563964844,5.232092380523682
2019-04-12 19:15,1196130703,231570904.1008,231.5709041008,237.45777893066406,3.670969009399414
2019-04-12 19:30,1085736905,210198664.808,210.198664808,229.86964416503906,4.386253356933594
2019-04-12 19:45,1088264659,210688037.9824,210.6880379824,207.473388671875,4.820229530334473
2019-04-12 20:00,1010711122,195673673.2192,195.6736732192,208.42034912109375,3.0530295372009277
2019-04-12 20:15,940216584,182025930.6624,182.0259306624,193.743896484375,4.072079658508301
2019-04-12 20:30,1006186101,194797629.1536,194.7976291536,179.35488891601562,3.883305788040161
2019-04-12 20:45,969164166,187630182.5376,187.6301825376,191.6492462158203,4.566378116607666
2019-04-12 21:00,933871222,180797468.5792,180.7974685792,183.57456970214844,4.189910888671875
2019-04-12 21:15,808508983,156527339.1088,156.5273391088,178.51141357421875,3.8090734481811523
2019-04-12 21:30,885563434,171445080.8224,171.4450808224,154.45211791992188,4.376926422119141
2019-04-12 21:45,911184366,176405293.2576,176.40529325760002,170.22926330566406,3.0690441131591797
2019-04-12 22:00,1110690206,215029623.8816,215.0296238816,174.4102325439453,5.397371292114258
2019-04-12 22:15,1027663611,198955675.0896,198.9556750896,212.30601501464844,5.13231086730957
2019-04-12 22:30,987432912,191167011.7632,191.1670117632,194.7100830078125,5.132782936096191
2019-04-12 22:45,958234889,185514274.5104,185.5142745104,187.73060607910156,5.180151462554932
2019-04-12 23:00,880490153,170462893.6208,170.46289362079995,183.53208923339844,5.2401909828186035
2019-04-12 23:15,804716117,155793040.2512,155.79304025119998,165.8560333251953,4.565060615539551
2019-04-12 23:30,819882878,158729325.1808,158.7293251808,151.48410034179688,5.206574440002441
2019-04-12 23:45,665543375,128849197.4,128.84919739999998,154.27301025390625,5.529137134552002
2019-04-13 00:00,619503081,119935796.4816,119.9357964816,125.34513092041016,5.468853950500488
2019-04-13 00:15,607447768,117601887.8848,117.6018878848,117.46083068847656,7.260532855987549
2019-04-13 00:30,597702486,115715201.2896,115.7152012896,116.5938949584961,6.035369396209717
2019-04-13 00:45,541571763,104848293.3168,104.8482933168,113.55093383789062,4.782851219177246
2019-04-13 01:00,444965584,86145337.0624,86.1453370624,102.19525909423828,6.218551158905029
2019-04-13 01:15,448225098,86776378.9728,86.7763789728,84.64685821533203,5.098827838897705
2019-04-13 01:30,330490122,63982887.6192,63.9828876192,82.18672180175781,7.344607353210449
2019-04-13 01:45,352376740,68220136.864,68.220136864,62.77205276489258,5.671870708465576
2019-04-13 02:00,303890938,58833285.5968,58.8332855968,66.06131744384766,5.848189353942871
2019-04-13 02:15,238692583,46210884.0688,46.210884068800006,56.05056381225586,6.450538158416748
2019-04-13 02:30,169062606,32730520.5216,32.7305205216,44.58170700073242,4.714513301849365
2019-04-13 02:45,167300181,32389315.0416,32.3893150416,30.875625610351562,5.955915451049805
2019-04-13 03:00,179469981,34745388.3216,34.7453883216,29.752037048339844,7.606472015380859
2019-04-13 03:15,172494941,33395020.5776,33.3950205776,33.27024459838867,6.533123016357422
2019-04-13 03:30,159503765,30879928.904,30.879928904,30.707096099853516,7.048374652862549
2019-04-13 03:45,152160433,29458259.8288,29.4582598288,30.827436447143555,5.899904251098633
2019-04-13 04:00,137049580,26532798.688,26.532798688,28.67692756652832,4.5389251708984375
2019-04-13 04:15,116439106,22542610.9216,22.5426109216,24.704416275024414,5.450416088104248
2019-04-13 04:30,121631370,23547833.232,23.547833232,22.309932708740234,5.318511009216309
2019-04-13 04:45,127723365,24727243.464,24.727243464,22.504121780395508,5.0618109703063965
2019-04-13 05:00,149249042,28894614.5312,28.8946145312,22.716331481933594,4.389832973480225
2019-04-13 05:15,122117566,23641960.7776,23.6419607776,29.409692764282227,4.998652935028076
2019-04-13 05:30,131326673,25424843.8928,25.4248438928,22.17753028869629,5.826216697692871
2019-04-13 05:45,99204756,19206040.7616,19.2060407616,25.3153018951416,4.532937049865723
2019-04-13 06:00,108023775,20913402.84,20.91340284,18.806488037109375,3.2074475288391113
2019-04-13 06:15,137795496,26677208.0256,26.6772080256,21.572961807250977,4.0667572021484375
2019-04-13 06:30,137659826,26650942.3136,26.6509423136,25.738208770751953,4.443885803222656
2019-04-13 06:45,136648417,26455133.5312,26.4551335312,27.37502098083496,5.51975679397583
2019-04-13 07:00,174881059,33856973.0224,33.8569730224,26.837448120117188,4.329164505004883
2019-04-13 07:15,250181858,48435207.7088,48.43520770879999,33.860252380371094,4.800547122955322
2019-04-13 07:30,336660362,65177446.0832,65.1774460832,48.1627082824707,5.564744472503662
2019-04-13 07:45,374718278,72545458.6208,72.5454586208,65.22992706298828,3.5020415782928467
2019-04-13 08:00,499113270,96628329.072,96.628329072,73.278564453125,3.453965425491333
2019-04-13 08:15,515677040,99835074.944,99.83507494399998,96.06409454345703,4.620807647705078
2019-04-13 08:30,564566088,109299994.6368,109.2999946368,99.84455871582031,3.507239580154419
2019-04-13 08:45,634625139,122863426.9104,122.8634269104,109.22732543945312,2.113649845123291
2019-04-13 09:00,684516880,132522467.968,132.522467968,124.6307601928711,5.098374366760254
2019-04-13 09:15,708819972,137227546.5792,137.2275465792,133.54043579101562,4.4326252937316895
2019-04-13 09:30,788917588,152734445.0368,152.7344450368,138.4056854248047,5.637579917907715
2019-04-13 09:45,765948941,148287714.9776,148.28771497760002,153.69281005859375,5.26995325088501
2019-04-13 10:00,787862949,152530266.9264,152.5302669264,150.04034423828125,5.235159873962402
2019-04-13 10:15,824216607,159568335.11519998,159.56833511519997,154.71514892578125,5.327109336853027
2019-04-13 10:30,906151454,175430921.4944,175.4309214944,160.69189453125,4.540084362030029
2019-04-13 10:45,1020422881,197553869.7616,197.5538697616,175.40621948242188,4.19036865234375
2019-04-13 11:00,939647666,181915788.1376,181.9157881376,199.48667907714844,4.322707653045654
2019-04-13 11:15,1092094344,211429464.9984,211.4294649984,183.7994842529297,4.111745834350586
2019-04-13 11:30,932065898,180447957.8528,180.4479578528,213.4852752685547,4.80579137802124
2019-04-13 11:45,887123633,171747135.3488,171.7471353488,180.39498901367188,5.306959629058838
2019-04-13 12:00,915603408,177260819.7888,177.2608197888,174.2788848876953,4.641087532043457
2019-04-13 12:15,945021823,182956224.9328,182.9562249328,178.90008544921875,3.9556753635406494
2019-04-13 12:30,834556421,161570123.1056,161.5701231056,183.6261749267578,4.028824329376221
2019-04-13 12:45,902376577,174700105.30719998,174.70010530719998,162.9591064453125,5.140888690948486
2019-04-13 13:00,880892050,170540700.88,170.54070088,175.859619140625,3.9785120487213135
2019-04-13 13:15,932500113,180532021.8768,180.5320218768,171.1976318359375,5.123197555541992
2019-04-13 13:30,914015722,176953443.7792,176.9534437792,182.0610809326172,4.882733345031738
2019-04-13 13:45,878820691,170139685.7776,170.1396857776,178.01954650878906,5.236192226409912
2019-04-13 14:00,837398393,162120328.8848,162.1203288848,172.91049194335938,5.11854362487793
2019-04-13 14:15,804841090,155817235.024,155.81723502399998,162.9148406982422,4.282520294189453
2019-04-13 14:30,813847974,157560967.7664,157.5609677664,156.19654846191406,4.491753578186035
2019-04-13 14:45,889661959,172238555.2624,172.2385552624,158.92129516601562,4.670230388641357
2019-04-13 15:00,919822856,178077704.92159998,178.07770492159997,173.1300048828125,4.858673095703125
2019-04-13 15:15,826166480,159945830.528,159.945830528,181.36692810058594,4.281482219696045
2019-04-13 15:30,936353662,181278068.9632,181.2780689632,160.52708435058594,4.895878791809082
2019-04-13 15:45,939308594,181850143.7984,181.8501437984,182.0865020751953,4.805298328399658
2019-04-13 16:00,965251091,186872611.2176,186.8726112176,182.69699096679688,5.894862651824951
2019-04-13 16:15,978238676,189387007.6736,189.3870076736,188.83346557617188,4.518113136291504
2019-04-13 16:30,893561078,172993424.7008,172.9934247008,190.92532348632812,3.758986473083496
2019-04-13 16:45,866141974,167685086.1664,167.6850861664,175.48960876464844,4.899413585662842
2019-04-13 17:00,926390469,179349194.79839998,179.3491947984,169.28115844726562,5.9504780769348145
2019-04-13 17:15,900459128,174328887.1808,174.3288871808,180.11236572265625,5.6809539794921875
2019-04-13 17:30,932236443,180480975.3648,180.4809753648,175.11334228515625,4.075624942779541
2019-04-13 17:45,870301411,168490353.1696,168.4903531696,180.48092651367188,5.405333518981934
2019-04-13 18:00,1002183561,194022737.4096,194.0227374096,167.435791015625,4.3303327560424805
2019-04-13 18:15,1018025230,197089684.528,197.089684528,193.89471435546875,4.448885440826416
2019-04-13 18:30,937659323,181530844.9328,181.5308449328,196.71377563476562,4.40366792678833
2019-04-13 18:45,913781821,176908160.5456,176.9081605456,181.2938232421875,3.1743412017822266
2019-04-13 19:00,974135006,188592537.1616,188.5925371616,175.79518127441406,3.885878562927246
2019-04-13 19:15,969817750,187756716.4,187.7567164,188.14634704589844,4.657255172729492
2019-04-13 19:30,927306871,179526610.2256,179.5266102256,187.1077117919922,5.149312496185303
2019-04-13 19:45,913840718,176919563.0048,176.91956300479998,178.5653839111328,5.284524440765381
2019-04-13 20:00,822055960,159150033.856,159.150033856,176.09439086914062,4.91109561920166
2019-04-13 20:15,820164579,158783862.4944,158.78386249439998,157.1222686767578,4.936183929443359
2019-04-13 20:30,806765488,156189798.4768,156.1897984768,156.21446228027344,4.7855634689331055
2019-04-13 20:45,873389454,169088198.2944,169.0881982944,155.28396606445312,3.4349100589752197
2019-04-13 21:00,960904413,186031094.3568,186.0310943568,165.9571075439453,4.740413188934326
2019-04-13 21:15,907760364,175742406.4704,175.7424064704,182.9451904296875,5.124462604522705
2019-04-13 21:30,881748396,170706489.46559998,170.7064894656,174.2943878173828,4.586711406707764
2019-04-13 21:45,969889939,187770692.1904,187.7706921904,169.89329528808594,5.629683971405029
2019-04-13 22:00,921237791,178351636.3376,178.35163633759998,184.0038604736328,6.085880279541016
2019-04-13 22:15,897612219,173777725.5984,173.7777255984,178.66705322265625,5.206789970397949
2019-04-13 22:30,915780979,177295197.5344,177.2951975344,171.50521850585938,5.471200466156006
2019-04-13 22:45,1046012132,202507948.7552,202.5079487552,176.22549438476562,6.107473850250244
2019-04-13 23:00,984387339,190577388.8304,190.5773888304,199.92938232421875,4.300995349884033
2019-04-13 23:15,851691576,164887489.1136,164.8874891136,188.1663055419922,5.591292858123779
2019-04-13 23:30,850857910,164726091.376,164.726091376,162.6887969970703,6.266034126281738
2019-04-13 23:45,862409891,166962554.8976,166.9625548976,163.42254638671875,4.688691139221191
2019-04-14 00:00,728274063,140993858.5968,140.9938585968,162.88638305664062,6.81290340423584
2019-04-14 00:15,672804054,130254864.8544,130.25486485439998,138.97642517089844,5.197251319885254
2019-04-14 00:30,624435372,120890688.0192,120.8906880192,127.81756591796875,4.554394245147705
2019-04-14 00:45,586528285,113551875.976,113.551875976,119.59400177001953,6.614989280700684
2019-04-14 01:00,486278854,94143586.1344,94.1435861344,111.8291015625,4.5669474601745605
2019-04-14 01:15,413322871,80019307.8256,80.0193078256,92.45660400390625,6.351325035095215
2019-04-14 01:30,392067810,75904328.016,75.90432801600001,80.28609466552734,5.627058982849121
2019-04-14 01:45,340492165,65919283.144,65.919283144,73.81957244873047,4.6391448974609375
2019-04-14 02:00,291690215,56471225.624,56.471225624,64.86669158935547,6.139247417449951
2019-04-14 02:15,308746691,59773359.3776,59.7733593776,55.276119232177734,5.292787075042725
2019-04-14 02:30,243441046,47130186.5056,47.1301865056,56.969207763671875,4.0681633949279785
2019-04-14 02:45,237244334,45930503.0624,45.9305030624,44.65980911254883,4.739633083343506
2019-04-14 03:00,242355930,46920108.048,46.920108048,45.273658752441406,5.136993408203125
2019-04-14 03:15,232737359,45057952.7024,45.0579527024,47.16925811767578,4.302834987640381
2019-04-14 03:30,233428435,45191745.016,45.191745016,43.207740783691406,5.199181079864502
2019-04-14 03:45,162870056,31531642.8416,31.5316428416,42.403045654296875,6.0948615074157715
2019-04-14 04:00,201678190,39044897.584,39.044897584,29.17726707458496,6.4637675285339355
2019-04-14 04:15,161075288,31184175.7568,31.1841757568,36.602622985839844,5.470584392547607
2019-04-14 04:30,127414817,24667508.5712,24.6675085712,31.1607723236084,4.260268211364746
2019-04-14 04:45,119977263,23227598.1168,23.2275981168,24.86850357055664,7.117371559143066
2019-04-14 05:00,101119737,19576781.0832,19.5767810832,23.488609313964844,5.4834885597229
2019-04-14 05:15,98851871,19137722.2256,19.1377222256,18.03483772277832,5.700515270233154
2019-04-14 05:30,96953696,18770235.5456,18.7702355456,18.952360153198242,5.575738906860352
2019-04-14 05:45,78490628,15195785.5808,15.1957855808,17.390562057495117,5.895582675933838
2019-04-14 06:00,119217836,23080573.0496,23.0805730496,14.173264503479004,3.799863576889038
2019-04-14 06:15,72867275,14107104.44,14.10710444,22.03489875793457,3.6278798580169678
2019-04-14 06:30,86635169,16772568.7184,16.7725687184,13.851734161376953,5.264261245727539
2019-04-14 06:45,103472679,20032310.6544,20.0323106544,16.361736297607422,3.8720266819000244
2019-04-14 07:00,144998812,28071770.0032,28.0717700032,21.0091495513916,5.02531623840332
2019-04-14 07:15,150246781,29087776.8016,29.0877768016,27.50688362121582,3.8558871746063232
2019-04-14 07:30,211824183,41009161.8288,41.0091618288,29.526042938232422,5.3830671310424805
2019-04-14 07:45,257049599,49764802.3664,49.7648023664,41.08643341064453,4.833389759063721
2019-04-14 08:00,318865752,61732409.5872,61.7324095872,51.56333541870117,5.035702228546143
2019-04-14 08:15,376803529,72949163.2144,72.94916321439999,61.6075439453125,4.154674530029297
2019-04-14 08:30,447369503,86610735.7808,86.6107357808,73.9985122680664,5.609555244445801
2019-04-14 08:45,437346309,84670245.4224,84.6702454224,87.40824127197266,5.370906352996826
2019-04-14 09:00,480881872,93098730.4192,93.0987304192,86.49146270751953,4.004429817199707
2019-04-14 09:15,538969412,104344478.1632,104.3444781632,96.78022003173828,5.439783096313477
2019-04-14 09:30,594503734,115095922.9024,115.0959229024,106.25032043457031,4.534087657928467
2019-04-14 09:45,695531669,134654931.1184,134.6549311184,117.4520492553711,5.657621383666992
2019-04-14 10:00,643309116,124544644.8576,124.5446448576,136.3114471435547,4.3902907371521
2019-04-14 10:15,653692208,126554811.4688,126.5548114688,126.12065887451172,4.245471000671387
2019-04-14 10:30,674872627,130655340.5872,130.6553405872,128.5762481689453,4.230538845062256
2019-04-14 10:45,699689202,135459829.5072,135.4598295072,131.86416625976562,5.357638835906982
2019-04-14 11:00,869502444,168335673.1584,168.3356731584,136.85263061523438,3.9266014099121094
2019-04-14 11:15,794996047,153911234.6992,153.9112346992,169.20777893066406,5.164223670959473
2019-04-14 11:30,839763545,162578222.312,162.578222312,155.47019958496094,4.994122505187988
2019-04-14 11:45,823386454,159407617.4944,159.4076174944,163.50941467285156,5.2706074714660645
2019-04-14 12:00,967077520,187226207.872,187.226207872,162.1466827392578,4.826616287231445
2019-04-14 12:15,800675738,155010822.8768,155.0108228768,190.28866577148438,3.3689563274383545
2019-04-14 12:30,860247360,166543888.896,166.543888896,157.91036987304688,4.792465686798096
2019-04-14 12:45,796101484,154125247.3024,154.1252473024,169.51852416992188,4.934263229370117
2019-04-14 13:00,783721250,151728434.0,151.728434,154.51902770996094,6.779479026794434
2019-04-14 13:15,816380128,158051192.78079998,158.0511927808,152.62039184570312,5.032870769500732
2019-04-14 13:30,815905246,157959255.6256,157.9592556256,160.4253387451172,5.136132717132568
2019-04-14 13:45,802146488,155295560.0768,155.2955600768,161.57342529296875,5.29817533493042
2019-04-14 14:00,841559372,162925894.4192,162.9258944192,156.6389617919922,5.594980716705322
2019-04-14 14:15,964633894,186753121.8784,186.7531218784,165.01467895507812,4.618852138519287
2019-04-14 14:30,870233588,168477222.6368,168.47722263679998,187.98583984375,3.806912899017334
2019-04-14 14:45,911398930,176446832.848,176.446832848,168.83349609375,4.585376262664795
2019-04-14 15:00,943797842,182719262.2112,182.7192622112,177.9196014404297,3.9384140968322754
2019-04-14 15:15,902692413,174761251.1568,174.7612511568,184.7823944091797,4.103486061096191
2019-04-14 15:30,912650241,176689086.6576,176.68908665759997,175.46014404296875,5.781033515930176
2019-04-14 15:45,859836467,166464340.01119998,166.4643400112,178.86196899414062,4.9890666007995605
2019-04-14 16:00,921340327,178371487.30719998,178.3714873072,166.90736389160156,3.846285343170166
2019-04-14 16:15,896065487,173478278.2832,173.47827828319998,180.28550720214844,4.617142677307129
2019-04-14 16:30,903137840,174847485.824,174.847485824,174.9941864013672,3.789942502975464
2019-04-14 16:45,829786617,160646689.0512,160.6466890512,176.55731201171875,5.111499309539795
2019-04-14 17:00,905662916,175336340.53759998,175.3363405376,160.60267639160156,4.68923282623291
2019-04-14 17:15,940391323,182059760.1328,182.0597601328,175.81607055664062,6.1235857009887695
2019-04-14 17:30,986591072,191004031.5392,191.0040315392,183.5439910888672,4.976228713989258
2019-04-14 17:45,1002596110,194102606.896,194.102606896,191.51168823242188,5.161925315856934
2019-04-14 18:00,975133265,188785800.104,188.785800104,194.6239013671875,5.0301055908203125
2019-04-14 18:15,988858754,191443054.7744,191.4430547744,188.58424377441406,3.638615608215332
2019-04-14 18:30,1002017551,193990597.8736,193.9905978736,191.32225036621094,5.86508321762085
2019-04-14 18:45,972329519,188242994.8784,188.2429948784,194.61508178710938,4.787601947784424
2019-04-14 19:00,986789557,191042458.2352,191.0424582352,188.1163787841797,5.311413288116455
2019-04-14 19:15,1036042388,200577806.3168,200.5778063168,191.75770568847656,5.683698654174805
2019-04-14 19:30,980206828,189768041.9008,189.7680419008,199.85289001464844,4.571241855621338
2019-04-14 19:45,950407036,183998802.1696,183.9988021696,190.16900634765625,4.275715351104736
2019-04-14 20:00,914057616,176961554.4576,176.9615544576,182.83168029785156,4.453024864196777
2019-04-14 20:15,872813379,168976670.1744,168.9766701744,177.19406127929688,5.846640586853027
2019-04-14 20:30,902019415,174630958.744,174.630958744,168.3329620361328,4.275391101837158
2019-04-14 20:45,957391179,185350932.2544,185.3509322544,173.43865966796875,5.350528240203857
2019-04-14 21:00,1014986462,196501379.0432,196.5013790432,183.0587158203125,6.423056602478027
2019-04-14 21:15,923067530,178705873.808,178.705873808,196.78656005859375,4.192226886749268
2019-04-14 21:30,990266109,191715518.7024,191.7155187024,177.2936248779297,4.788026809692383
2019-04-14 21:45,1015746042,196648433.7312,196.6484337312,190.74415588378906,4.9061360359191895
2019-04-14 22:00,962345507,186310090.1552,186.3100901552,194.53277587890625,5.589661121368408
2019-04-14 22:15,997280790,193073560.944,193.073560944,184.861328125,5.074156761169434
2019-04-14 22:30,1106829684,214282226.8224,214.2822268224,192.84442138671875,4.822746753692627
2019-04-14 22:45,996716558,192964325.6288,192.9643256288,212.94619750976562,5.344589710235596
2019-04-14 23:00,929289405,179910428.808,179.910428808,190.53334045410156,6.716023921966553
2019-04-14 23:15,812402704,157281163.4944,157.2811634944,178.52288818359375,5.103044033050537
2019-04-14 23:30,813518337,157497150.0432,157.49715004319998,155.0350799560547,5.107906818389893
2019-04-14 23:45,699130222,135351610.9792,135.35161097920002,157.6518096923828,5.366302967071533
2019-04-15 00:00,638297084,123574315.4624,123.5743154624,133.35906982421875,3.53155779838562
2019-04-15 00:15,598004921,115773752.7056,115.7737527056,119.40270233154297,6.20860481262207
2019-04-15 00:30,551521499,106774562.2064,106.7745622064,113.47544860839844,5.502102851867676
2019-04-15 00:45,510168221,98768567.5856,98.7685675856,105.33721923828125,4.867423057556152
2019-04-15 01:00,416603533,80654443.9888,80.6544439888,96.55332946777344,4.8304572105407715
2019-04-15 01:15,383172773,74182248.8528,74.1822488528,78.58511352539062,4.370807647705078
2019-04-15 01:30,302618921,58587023.1056,58.5870231056,73.52320861816406,3.931159257888794
2019-04-15 01:45,300197500,58118236.0,58.118236,54.079654693603516,6.497464179992676
2019-04-15 02:00,321764446,62293596.7456,62.2935967456,56.51945495605469,4.855438709259033
2019-04-15 02:15,270321519,52334246.0784,52.3342460784,61.5652961730957,4.1196513175964355
2019-04-15 02:30,207843699,40238540.1264,40.2385401264,52.005802154541016,5.896214485168457
2019-04-15 02:45,176998214,34266854.2304,34.26685423039999,38.3255615234375,4.985739231109619
2019-04-15 03:00,150356191,29108958.5776,29.1089585776,32.9119758605957,5.508978843688965
2019-04-15 03:15,161795060,31323523.616,31.323523616,28.905559539794922,5.517417907714844
2019-04-15 03:30,127541336,24692002.6496,24.6920026496,29.759307861328125,6.425532341003418
2019-04-15 03:45,108678723,21040200.7728,21.0402007728,22.676748275756836,6.36898136138916
2019-04-15 04:00,102470614,19838310.8704,19.8383108704,20.87674903869629,5.557644367218018
2019-04-15 04:15,114307347,22129902.3792,22.1299023792,19.129322052001953,4.41849422454834
2019-04-15 04:30,88681285,17168696.776,17.168696776,19.618593215942383,5.423669815063477
2019-04-15 04:45,88000888,17036971.9168,17.0369719168,17.107479095458984,4.317012786865234
2019-04-15 05:00,96085099,18602075.1664,18.6020751664,16.8824405670166,3.026817798614502
2019-04-15 05:15,86965857,16836589.9152,16.836589915199998,18.123382568359375,4.5828657150268555
2019-04-15 05:30,109800995,21257472.632,21.257472632,16.767578125,4.691086769104004
2019-04-15 05:45,118493331,22940308.8816,22.9403088816,19.295839309692383,5.513825416564941
2019-04-15 06:00,126318751,24455310.1936,24.4553101936,22.816869735717773,3.8814547061920166
2019-04-15 06:15,188421485,36478399.496,36.478399496,24.226940155029297,4.720374584197998
2019-04-15 06:30,164574522,31861627.4592,31.8616274592,35.27131271362305,4.965697765350342
2019-04-15 06:45,229246300,44382083.68,44.38208368,31.418846130371094,4.578982830047607
2019-04-15 07:00,331437173,64166236.6928,64.1662366928,45.173866271972656,2.7326505184173584
2019-04-15 07:15,449655831,87053368.88159999,87.0533688816,64.25395202636719,3.3990936279296875
2019-04-15 07:30,583554152,112976083.8272,112.9760838272,86.40021514892578,4.930675029754639
2019-04-15 07:45,543970171,105312625.1056,105.3126251056,112.29637908935547,5.170969486236572
2019-04-15 08:00,594464063,115088242.5968,115.0882425968,104.76077270507812,4.626177787780762
2019-04-15 08:15,589236153,114076119.2208,114.0761192208,115.07943725585938,4.272548675537109
2019-04-15 08:30,683748421,132373694.3056,132.3736943056,113.34747314453125,3.9992964267730713
2019-04-15 08:45,749057181,145017470.2416,145.0174702416,133.16738891601562,4.059091091156006
2019-04-15 09:00,690011075,133586144.12,133.58614412,148.6907501220703,4.4005818367004395
2019-04-15 09:15,698373527,135205114.8272,135.2051148272,133.7091522216797,5.153511047363281
2019-04-15 09:30,631009976,122163531.3536,122.1635313536,135.39012145996094,4.749762058258057
2019-04-15 09:45,652424691,126309420.1776,126.3094201776,123.47238159179688,3.706027030944824
2019-04-15 10:00,634504610,122840092.496,122.840092496,126.36654663085938,4.1089653968811035
2019-04-15 10:15,652603518,126344041.0848,126.3440410848,124.9598617553711,4.211894512176514
2019-04-15 10:30,696465265,134835675.304,134.83567530399998,126.40953826904297,5.612429618835449
2019-04-15 10:45,688238015,133242879.704,133.242879704,135.57644653320312,5.1052985191345215
2019-04-15 11:00,619253249,119887429.0064,119.88742900639998,134.49159240722656,4.418857574462891
2019-04-15 11:15,628765566,121729013.5776,121.7290135776,120.31986236572266,4.351208686828613
2019-04-15 11:30,640307633,123963557.7488,123.9635577488,123.57035827636719,3.5263726711273193
2019-04-15 11:45,221727021,42926351.2656,42.9263512656,127.20745849609375,4.911549091339111
2019-04-15 12:00,50986805,9871045.448,9.871045448,43.727439880371094,4.633838653564453
2019-04-15 12:15,35752014,6921589.9104,6.9215899104,11.264824867248535,4.696865558624268
2019-04-15 12:30,336076327,65064376.9072,65.0643769072,8.346495628356934,4.468859672546387
2019-04-15 12:45,528700731,102356461.5216,102.3564615216,65.59475708007812,4.579323768615723
2019-04-15 13:00,700751719,135665532.79839998,135.6655327984,103.95278930664062,3.8010334968566895
2019-04-15 13:15,827644163,160231909.95679998,160.2319099568,136.21189880371094,3.8766584396362305
2019-04-15 13:30,761517751,147429836.5936,147.42983659360002,161.44122314453125,4.700540065765381
2019-04-15 13:45,839143201,162458123.7136,162.4581237136,150.14059448242188,4.634175777435303
2019-04-15 14:00,841835089,162979273.2304,162.9792732304,163.5885009765625,3.9734392166137695
2019-04-15 14:15,759352640,147010671.104,147.010671104,164.6270294189453,4.196685314178467
2019-04-15 14:30,747063208,144631437.0688,144.6314370688,149.70799255371094,5.603634834289551
2019-04-15 14:45,727124072,140771220.3392,140.7712203392,146.09934997558594,3.980577230453491
2019-04-15 15:00,682055208,132045888.2688,132.04588826879998,141.48838806152344,5.068936347961426
2019-04-15 15:15,726684525,140686124.04,140.68612403999998,133.0357208251953,4.50212287902832
2019-04-15 15:30,745787832,144384524.2752,144.38452427520002,142.1224365234375,4.530956745147705
2019-04-15 15:45,665966103,128931037.5408,128.9310375408,146.60455322265625,3.6229896545410156
2019-04-15 16:00,751749818,145538764.76479998,145.5387647648,129.75381469726562,5.2909088134765625
2019-04-15 16:15,782982045,151585323.912,151.585323912,145.95010375976562,3.624741315841675
2019-04-15 16:30,861777489,166840121.87039998,166.84012187039997,154.6162109375,4.329830646514893
2019-04-15 16:45,846106094,163806139.79839998,163.80613979839998,167.4397735595703,4.932104587554932
2019-04-15 17:00,907045956,175604097.08159998,175.60409708159995,165.2676239013672,3.7763118743896484
2019-04-15 17:15,924222425,178929461.48,178.92946148,178.17880249023438,4.250055313110352
2019-04-15 17:30,1052659105,203794802.728,203.794802728,179.8727264404297,4.884493350982666
2019-04-15 17:45,1055834168,204409494.9248,204.4094949248,205.59307861328125,4.215313911437988
2019-04-15 18:00,1073540158,207837374.5888,207.8373745888,204.6902313232422,2.9064345359802246
2019-04-15 18:15,1183098382,229047846.7552,229.0478467552,206.626220703125,3.3510873317718506
2019-04-15 18:30,1210738407,234398955.5952,234.3989555952,228.0777587890625,3.7306530475616455
2019-04-15 18:45,1034876474,200352085.3664,200.3520853664,233.84547424316406,2.9971354007720947
2019-04-15 19:00,1055029369,204253685.8384,204.2536858384,200.5669403076172,4.039234161376953
2019-04-15 19:15,948654554,183659521.6544,183.6595216544,202.35804748535156,3.0632100105285645
2019-04-15 19:30,971259451,188035829.7136,188.0358297136,183.46730041503906,4.320821762084961
2019-04-15 19:45,967021273,187215318.4528,187.2153184528,187.39569091796875,4.009812355041504
2019-04-15 20:00,979414830,189614711.088,189.614711088,185.90481567382812,5.1581292152404785
2019-04-15 20:15,908335340,175853721.824,175.853721824,188.3098907470703,3.8604977130889893
2019-04-15 20:30,851966351,164940685.55359998,164.9406855536,173.44577026367188,4.340012073516846
2019-04-15 20:45,878415408,170061222.9888,170.06122298879998,162.4132537841797,4.360879898071289
2019-04-15 21:00,895509571,173370652.9456,173.3706529456,169.57424926757812,5.481782913208008
2019-04-15 21:15,917109558,177552410.4288,177.5524104288,172.38844299316406,5.117056846618652
2019-04-15 21:30,1057548075,204741307.32,204.74130732,177.78765869140625,4.0509233474731445
2019-04-15 21:45,989924012,191649288.7232,191.6492887232,202.13536071777344,5.376272201538086
2019-04-15 22:00,996944222,193008401.3792,193.0084013792,189.12600708007812,5.187249183654785
2019-04-15 22:15,1061679050,205541064.08,205.54106408,192.7276611328125,5.53682279586792
2019-04-15 22:30,952158197,184337826.9392,184.3378269392,203.63572692871094,5.389366626739502
2019-04-15 22:45,956266136,185133123.9296,185.1331239296,181.29718017578125,5.058966636657715
2019-04-15 23:00,890738243,172446923.8448,172.44692384479998,182.5977325439453,5.778701305389404
2019-04-15 23:15,807690071,156368797.7456,156.36879774559998,171.7644805908203,4.483029365539551
2019-04-15 23:30,804170520,155687412.672,155.687412672,152.75416564941406,5.477192401885986
2019-04-15 23:45,653370037,126492439.1632,126.4924391632,153.52279663085938,4.687456130981445
2019-04-16 00:00,605777960,117278613.056,117.278613056,122.35111999511719,4.810537338256836
2019-04-16 00:15,584659809,113190139.0224,113.1901390224,114.74287414550781,4.29298210144043
2019-04-16 00:30,531674422,102932168.0992,102.9321680992,111.5548095703125,5.809638977050781
2019-04-16 00:45,490784941,95015964.5776,95.0159645776,99.82550048828125,4.796513557434082
2019-04-16 01:00,459907394,89038071.47839999,89.03807147839998,91.6383056640625,5.095569610595703
2019-04-16 01:15,376075053,72808130.2608,72.8081302608,87.14037322998047,6.319950103759766
2019-04-16 01:30,295921566,57290415.1776,57.2904151776,71.84481048583984,3.6605498790740967
2019-04-16 01:45,271647318,52590920.7648,52.5909207648,55.95056915283203,4.850354194641113
2019-04-16 02:00,277844235,53790643.896,53.790643896,50.414276123046875,5.781174182891846
2019-04-16 02:15,239298897,46328266.4592,46.3282664592,52.65340042114258,4.62895393371582
2019-04-16 02:30,189733352,36732376.9472,36.7323769472,45.645687103271484,4.589370250701904
2019-04-16 02:45,167679116,32462676.8576,32.4626768576,35.96070098876953,5.630825042724609
2019-04-16 03:00,175684025,34012427.24,34.01242724,30.129289627075195,6.757077693939209
2019-04-16 03:15,147800884,28614251.1424,28.6142511424,32.19168472290039,4.383722305297852
2019-04-16 03:30,112096202,21701824.7072,21.7018247072,27.882326126098633,6.0152788162231445
2019-04-16 03:45,144481593,27971636.4048,27.9716364048,20.317075729370117,4.140773296356201
2019-04-16 04:00,147281633,28513724.1488,28.5137241488,26.613012313842773,4.984498023986816
2019-04-16 04:15,106268332,20573549.0752,20.5735490752,27.865053176879883,4.8807854652404785
2019-04-16 04:30,105989173,20519503.8928,20.5195038928,21.022037506103516,4.849769115447998
2019-04-16 04:45,82278858,15929186.9088,15.9291869088,19.50897979736328,4.924954414367676
2019-04-16 05:00,73142944,14160473.9584,14.1604739584,15.404374122619629,4.800466537475586
2019-04-16 05:15,85791146,16609165.8656,16.609165865599998,12.645402908325195,5.480082035064697
2019-04-16 05:30,85425833,16538441.2688,16.5384412688,15.986974716186523,4.365396499633789
2019-04-16 05:45,122067014,23632173.9104,23.6321739104,17.69870376586914,3.9454238414764404
2019-04-16 06:00,114894341,22243544.4176,22.2435444176,22.545696258544922,5.020288944244385
2019-04-16 06:15,156098697,30220707.7392,30.2207077392,21.09897232055664,4.351977348327637
2019-04-16 06:30,232804288,45070910.1568,45.0709101568,30.239320755004883,4.531603813171387
2019-04-16 06:45,259218147,50184633.2592,50.1846332592,45.84505844116211,5.584713935852051
2019-04-16 07:00,307364790,59505823.344,59.505823344,51.137264251708984,4.505237102508545
2019-04-16 07:15,468288640,90660680.704,90.660680704,60.120521545410156,4.365390300750732
2019-04-16 07:30,486883639,94260672.5104,94.2606725104,90.64572143554688,4.517604351043701
2019-04-16 07:45,522676469,101190164.3984,101.1901643984,95.09294891357422,5.2993268966674805
2019-04-16 08:00,600172526,116193401.0336,116.1934010336,101.9188232421875,3.8988075256347656
2019-04-16 08:15,706516190,136781534.384,136.781534384,116.7513427734375,3.6314241886138916
2019-04-16 08:30,747834800,144780817.28,144.78081728,137.73773193359375,3.901329755783081
2019-04-16 08:45,755817232,146326216.11519998,146.32621611519997,144.38052368164062,2.9398701190948486
2019-04-16 09:00,655954121,126992717.8256,126.9927178256,148.2129364013672,5.0061354637146
2019-04-16 09:15,617099935,119470547.416,119.470547416,129.52670288085938,4.149179458618164
2019-04-16 09:30,702692513,136041270.5168,136.04127051679998,122.34036254882812,4.4910054206848145
2019-04-16 09:45,718091546,139022523.3056,139.02252330559998,138.83836364746094,5.119790554046631
2019-04-16 10:00,709793697,137416059.7392,137.4160597392,141.506103515625,4.734616756439209
2019-04-16 10:15,667395663,129207800.3568,129.2078003568,140.18792724609375,5.5531816482543945
2019-04-16 10:30,718041775,139012887.64,139.01288763999997,129.83694458007812,4.191187858581543
2019-04-16 10:45,693920842,134343075.0112,134.3430750112,140.93890380859375,5.524946689605713
2019-04-16 11:00,699119585,135349551.656,135.349551656,135.2324981689453,4.156366348266602
2019-04-16 11:15,713690147,138170412.4592,138.1704124592,138.21246337890625,4.67052698135376
2019-04-16 11:30,775047779,150049250.0144,150.0492500144,140.0208282470703,5.163769245147705
2019-04-16 11:45,798538363,154597027.0768,154.59702707679998,153.1380615234375,4.330331325531006
2019-04-16 12:00,831700840,161017282.62399998,161.017282624,154.98312377929688,4.204831600189209
2019-04-16 12:15,875741748,169543602.41279998,169.54360241279997,164.0250701904297,4.556943893432617
2019-04-16 12:30,866241901,167704432.0336,167.7044320336,169.95005798339844,4.693753719329834
2019-04-16 12:45,919482016,178011718.2976,178.0117182976,166.89688110351562,5.149474143981934
2019-04-16 13:00,981826341,190081579.6176,190.0815796176,179.35342407226562,5.592529773712158
2019-04-16 13:15,1063128204,205821620.2944,205.8216202944,191.38662719726562,5.1691975593566895
2019-04-16 13:30,993020253,192248720.9808,192.2487209808,207.36180114746094,6.838432788848877
2019-04-16 13:45,923899526,178866948.2336,178.8669482336,195.01156616210938,4.960859775543213
2019-04-16 14:00,805636591,155971244.0176,155.9712440176,180.02798461914062,3.4803690910339355
2019-04-16 14:15,771511578,149364641.50079998,149.3646415008,158.86672973632812,6.21759033203125
2019-04-16 14:30,794146051,153746675.4736,153.7466754736,151.2271728515625,5.855091094970703
2019-04-16 14:45,824898483,159700346.30879998,159.7003463088,154.64105224609375,4.897465705871582
2019-04-16 15:00,797684415,154431702.744,154.43170274399998,160.2198944091797,4.577231407165527
2019-04-16 15:15,747786350,144771437.35999998,144.77143736,156.22654724121094,5.353334426879883
2019-04-16 15:30,769306056,148937652.4416,148.9376524416,146.45875549316406,2.979417562484741
2019-04-16 15:45,707706312,137011942.0032,137.0119420032,150.15597534179688,5.181949138641357
2019-04-16 16:00,762455768,147611436.6848,147.6114366848,138.16490173339844,6.135218143463135
2019-04-16 16:15,833340357,161334693.11519998,161.3346931152,149.10813903808594,4.084959983825684
2019-04-16 16:30,845388645,163667241.672,163.667241672,162.39967346191406,3.564185857772827
2019-04-16 16:45,810937887,156997574.92319998,156.99757492319998,164.45228576660156,4.670532703399658
2019-04-16 17:00,965338427,186889519.4672,186.8895194672,158.01327514648438,3.046863555908203
2019-04-16 17:15,914652987,177076818.2832,177.0768182832,188.7786865234375,4.175186634063721
2019-04-16 17:30,927738108,179610097.7088,179.6100977088,178.25962829589844,3.6709375381469727
2019-04-16 17:45,1068417560,206845639.616,206.845639616,180.19619750976562,5.4115166664123535
2019-04-16 18:00,1003753129,194326605.7744,194.3266057744,205.2738494873047,4.185154914855957
2019-04-16 18:15,1042940926,201913363.2736,201.9133632736,192.61521911621094,3.889857530593872
2019-04-16 18:30,1050107421,203300796.7056,203.3007967056,201.3585968017578,3.9298593997955322
2019-04-16 18:45,986880826,191060127.9136,191.0601279136,203.7220458984375,3.8915834426879883
2019-04-16 19:00,1059169634,205055241.1424,205.0552411424,191.12857055664062,4.66654634475708
2019-04-16 19:15,933541534,180733640.9824,180.7336409824,203.98727416992188,4.566860675811768
2019-04-16 19:30,962029492,186248909.6512,186.2489096512,178.8151397705078,4.63637113571167
2019-04-16 19:45,906037975,175408951.96,175.40895196,184.39605712890625,4.770881652832031
2019-04-16 20:00,950462011,184009445.3296,184.0094453296,174.32839965820312,5.690183162689209
2019-04-16 20:15,965888612,186996035.2832,186.9960352832,181.91587829589844,4.4719557762146
2019-04-16 20:30,870341103,168498037.5408,168.4980375408,185.11769104003906,3.9996695518493652
2019-04-16 20:45,936476301,181301811.8736,181.3018118736,167.86441040039062,5.042487144470215
2019-04-16 21:00,924406499,178965098.2064,178.9650982064,179.42904663085938,4.639054298400879
2019-04-16 21:15,969845923,187762170.6928,187.7621706928,178.47698974609375,5.774807453155518
2019-04-16 21:30,893793384,173038399.1424,173.0383991424,185.3798370361328,4.5166015625
2019-04-16 21:45,890257833,172353916.4688,172.3539164688,170.35690307617188,5.6587677001953125
2019-04-16 22:00,1033051046,199998682.5056,199.9986825056,171.25465393066406,4.441445350646973
2019-04-16 22:15,901064624,174446111.2064,174.44611120640002,198.62619018554688,5.59598445892334
2019-04-16 22:30,867046375,167860178.2,167.86017819999998,171.31939697265625,4.932028293609619
2019-04-16 22:45,855014232,165530755.3152,165.5307553152,166.42015075683594,5.1892266273498535
2019-04-16 23:00,783343727,151655345.5472,151.6553455472,162.40200805664062,6.168423175811768
2019-04-16 23:15,913158472,176787480.1792,176.7874801792,149.585205078125,6.007639408111572
2019-04-16 23:30,845924066,163770899.1776,163.7708991776,174.2797088623047,3.6070590019226074
2019-04-16 23:45,734774803,142252401.8608,142.2524018608,160.56460571289062,4.10107421875
2019-04-17 00:00,634753299,122888238.6864,122.8882386864,140.82269287109375,6.862380504608154
2019-04-17 00:15,598951292,115956970.1312,115.9569701312,122.01185607910156,4.216154098510742
2019-04-17 00:30,531857544,102967620.5184,102.9676205184,114.89799499511719,3.6607182025909424
2019-04-17 00:45,460713715,89194175.22399999,89.19417522399999,101.34073638916016,6.136052131652832
2019-04-17 01:00,365076597,70678829.1792,70.6788291792,86.7027816772461,4.661118984222412
2019-04-17 01:15,327326634,63370436.3424,63.3704363424,69.03533935546875,5.695837020874023
2019-04-17 01:30,267873368,51860284.0448,51.8602840448,62.15650177001953,5.673125267028809
2019-04-17 01:45,302006902,58468536.2272,58.468536227200005,49.88999557495117,5.205060005187988
2019-04-17 02:00,187187550,36239509.68,36.23950968,57.44945526123047,4.683658599853516
2019-04-17 02:15,258000073,49948814.1328,49.9488141328,35.03722381591797,5.1721038818359375
2019-04-17 02:30,214742896,41574224.6656,41.5742246656,48.75273895263672,4.529172420501709
2019-04-17 02:45,187450656,36290447.0016,36.2904470016,38.72034454345703,4.943563938140869
2019-04-17 03:00,170181473,32947133.1728,32.9471331728,33.50294494628906,5.2141432762146
2019-04-17 03:15,144757178,28024989.6608,28.0249896608,31.223981857299805,6.217099189758301
2019-04-17 03:30,157246514,30442925.1104,30.4429251104,27.464839935302734,5.663139343261719
2019-04-17 03:45,117767892,22799863.8912,22.7998638912,28.33131980895996,4.46300745010376
2019-04-17 04:00,122218675,23661535.48,23.66153548,21.239028930664062,4.752640724182129
2019-04-17 04:15,138707109,26853696.3024,26.8536963024,25.799182891845703,4.6060919761657715
2019-04-17 04:30,102213180,19788471.648,19.788471648,25.855459213256836,5.543726444244385
2019-04-17 04:45,106122114,20545241.2704,20.5452412704,17.935083389282227,4.9477386474609375
2019-04-17 05:00,146392135,28341517.336,28.341517336,20.83057975769043,5.213703632354736
2019-04-17 05:15,120972410,23420258.576,23.420258576,27.1967830657959,4.941438674926758
2019-04-17 05:30,143130523,27710069.2528,27.7100692528,24.23072052001953,4.873858451843262
2019-04-17 05:45,130356189,25236958.1904,25.2369581904,26.649999618530273,5.030016899108887
2019-04-17 06:00,149735998,28988889.2128,28.9888892128,25.455276489257812,3.6427228450775146
2019-04-17 06:15,203001787,39301145.9632,39.30114596319999,28.42505645751953,4.636980056762695
2019-04-17 06:30,263901632,51091355.9552,51.0913559552,38.01478958129883,4.316878318786621
2019-04-17 06:45,244242545,47285356.712,47.285356712,52.36811065673828,3.9607245922088623
2019-04-17 07:00,389634042,75433150.53119999,75.43315053119998,47.287567138671875,4.653907299041748
2019-04-17 07:15,444175361,85992349.8896,85.99234988959999,74.0222396850586,4.506588935852051
2019-04-17 07:30,583170783,112901863.5888,112.9018635888,85.50625610351562,3.5959646701812744
2019-04-17 07:45,630403776,122046171.0336,122.0461710336,113.75421905517578,4.323289394378662
2019-04-17 08:00,629563968,121883584.2048,121.8835842048,122.04085540771484,3.9186527729034424
2019-04-17 08:15,651442392,126119247.0912,126.1192470912,122.28180694580078,4.537099361419678
2019-04-17 08:30,767472455,148582667.288,148.58266728799998,126.3843765258789,4.853503704071045
2019-04-17 08:45,664331979,128614671.1344,128.6146711344,148.7423553466797,4.04979944229126
2019-04-17 09:00,630051059,121977885.0224,121.9778850224,129.79751586914062,4.624143123626709
2019-04-17 09:15,611719898,118428972.2528,118.4289722528,122.70319366455078,7.231082916259766
2019-04-17 09:30,620202158,120071137.7888,120.0711377888,119.28776550292969,5.139247894287109
2019-04-17 09:45,612162315,118514624.184,118.514624184,120.21466827392578,4.991478443145752
2019-04-17 10:00,542456743,105019625.4448,105.0196254448,118.92498016357422,4.088930606842041
2019-04-17 10:15,583553459,112975949.6624,112.9759496624,107.25069427490234,4.131746768951416
2019-04-17 10:30,624130971,120831755.9856,120.8317559856,113.6609878540039,5.170773506164551
2019-04-17 10:45,673554718,130400193.4048,130.4001934048,123.98299407958984,3.5280354022979736
2019-04-17 11:00,650692221,125974013.9856,125.9740139856,132.04409790039062,3.3353006839752197
2019-04-17 11:15,610705037,118232495.1632,118.2324951632,127.9134521484375,3.4710657596588135
2019-04-17 11:30,683712509,132366741.7424,132.3667417424,120.64263153076172,3.9801440238952637
2019-04-17 11:45,743208071,143885082.5456,143.8850825456,134.5482635498047,4.227109432220459
2019-04-17 12:00,805629027,155969779.6272,155.9697796272,146.93699645996094,4.644864082336426
2019-04-17 12:15,844151279,163427687.6144,163.4276876144,157.96217346191406,4.268930435180664
2019-04-17 12:30,999873607,193575530.3152,193.5755303152,164.84698486328125,4.80653715133667
2019-04-17 12:45,890022024,172308263.8464,172.3082638464,194.3411102294922,6.822585105895996
2019-04-17 13:00,914179369,176985125.8384,176.9851258384,173.75445556640625,4.488267421722412
2019-04-17 13:15,932235825,180480855.72,180.48085572,177.0222625732422,5.89713716506958
2019-04-17 13:30,951107399,184134392.4464,184.1343924464,182.42315673828125,4.255106449127197
2019-04-17 13:45,1014842395,196473487.672,196.473487672,186.54139709472656,4.990723609924316
2019-04-17 14:00,794978685,153907873.416,153.907873416,199.27142333984375,3.9981191158294678
2019-04-17 14:15,802397567,155344168.9712,155.3441689712,155.0777587890625,4.088612079620361
2019-04-17 14:30,775901306,150214492.8416,150.2144928416,156.85894775390625,4.670567035675049
2019-04-17 14:45,841591843,162932180.8048,162.9321808048,152.42617797851562,4.483741760253906
2019-04-17 15:00,735459432,142384946.0352,142.3849460352,164.13385009765625,5.146050453186035
2019-04-17 15:15,737988812,142874634.0032,142.8746340032,143.45489501953125,5.816019058227539
2019-04-17 15:30,691174869,133811454.6384,133.8114546384,143.4327392578125,2.869103193283081
2019-04-17 15:45,730395975,141404660.76,141.40466075999998,135.20864868164062,4.337457656860352
2019-04-17 16:00,801226651,155117479.6336,155.1174796336,143.85093688964844,5.773004531860352
2019-04-17 16:15,814618726,157710185.3536,157.7101853536,155.234619140625,4.506399631500244
2019-04-17 16:30,877146204,169815505.0944,169.81550509439998,159.56936645507812,4.36076545715332
2019-04-17 16:45,948330484,183596781.7024,183.5967817024,170.7434844970703,2.9539501667022705
2019-04-17 17:00,1076174008,208347287.9488,208.3472879488,185.04678344726562,5.815365314483643
2019-04-17 17:15,1010194949,195573742.1264,195.5737421264,209.0590362548828,4.602251052856445
2019-04-17 17:30,993559891,192353194.8976,192.3531948976,197.86859130859375,4.71573543548584
2019-04-17 17:45,936196306,181247604.8416,181.2476048416,193.46795654296875,3.6428310871124268
2019-04-17 18:00,992023035,192055659.576,192.055659576,181.0845489501953,3.2963626384735107
2019-04-17 18:15,941984369,182368173.8384,182.3681738384,191.85972595214844,4.222012519836426
2019-04-17 18:30,869436990,168323001.264,168.323001264,181.44937133789062,3.054326057434082
2019-04-17 18:45,942984230,182561746.928,182.561746928,167.2303009033203,3.91619610786438
2019-04-17 19:00,892152032,172720633.39519998,172.7206333952,181.2661590576172,4.078968524932861
2019-04-17 19:15,911555614,176477166.87039998,176.47716687039997,172.2441864013672,4.627808570861816
2019-04-17 19:30,913155307,176786867.4352,176.7868674352,174.8173065185547,3.5127131938934326
2019-04-17 19:45,845217250,163634059.6,163.6340596,175.38418579101562,4.481978893280029
2019-04-17 20:00,908703512,175924999.92319998,175.92499992319998,162.12664794921875,3.5710513591766357
2019-04-17 20:15,938546451,181702592.9136,181.7025929136,173.8861541748047,4.6209259033203125
2019-04-17 20:30,850276185,164613469.416,164.61346941600002,180.49429321289062,4.885961055755615
2019-04-17 20:45,918723073,177864786.9328,177.8647869328,162.98338317871094,4.267154693603516
2019-04-17 21:00,1008859675,195315233.08,195.31523308,177.29981994628906,4.581707954406738
2019-04-17 21:15,887930115,171903270.264,171.903270264,194.91090393066406,3.3997976779937744
2019-04-17 21:30,963692177,186570805.4672,186.5708054672,169.81393432617188,4.77651834487915
2019-04-17 21:45,1216511069,235516542.9584,235.5165429584,185.18899536132812,4.713508129119873
2019-04-17 22:00,1178409276,228140035.8336,228.1400358336,232.191162109375,4.543849945068359
2019-04-17 22:15,1028529512,199123313.5232,199.1233135232,226.29444885253906,5.116791725158691
2019-04-17 22:30,1064973524,206178874.2464,206.1788742464,195.36990356445312,6.064860820770264
2019-04-17 22:45,1015713070,196642050.352,196.642050352,203.79051208496094,4.634128570556641
2019-04-17 23:00,1120862013,216998885.7168,216.9988857168,192.21322631835938,5.759395599365234
2019-04-17 23:15,1043994543,202117343.5248,202.1173435248,212.55418395996094,7.518332004547119
2019-04-17 23:30,956115882,185104034.7552,185.1040347552,200.49386596679688,3.9320828914642334
2019-04-17 23:45,726840129,140716248.97439998,140.71624897439995,182.49647521972656,4.609635829925537
2019-04-18 00:00,677258286,131117204.1696,131.1172041696,138.74200439453125,5.894019603729248
2019-04-18 00:15,608154643,117738738.8848,117.7387388848,127.04356384277344,5.632004737854004
2019-04-18 00:30,565765827,109532264.1072,109.5322641072,115.48050689697266,3.777688503265381
2019-04-18 00:45,522400267,101136691.6912,101.1366916912,107.11666107177734,4.706170082092285
2019-04-18 01:00,455751581,88233506.0816,88.2335060816,96.53335571289062,4.8379011154174805
2019-04-18 01:15,440661635,85312092.536,85.312092536,86.80189514160156,4.172158718109131
2019-04-18 01:30,356363749,68992021.8064,68.9920218064,83.6757583618164,6.193117618560791
2019-04-18 01:45,304246395,58902102.072,58.902102072,65.49197387695312,5.557612895965576
2019-04-18 02:00,268761501,52032226.5936,52.0322265936,54.74043273925781,5.8018341064453125
2019-04-18 02:15,245722933,47571959.8288,47.5719598288,52.134254455566406,5.590853214263916
2019-04-18 02:30,217243278,42058298.6208,42.0582986208,45.47636795043945,4.802035808563232
2019-04-18 02:45,203912590,39477477.424,39.477477424,40.574256896972656,4.731495380401611
2019-04-18 03:00,173695667,33627481.1312,33.6274811312,38.800079345703125,4.603181838989258
2019-04-18 03:15,165678599,32075376.7664,32.0753767664,31.970916748046875,4.510217189788818
2019-04-18 03:30,138032330,26723059.088,26.723059088,30.095245361328125,6.734072685241699
2019-04-18 03:45,125674042,24330494.5312,24.3304945312,25.66596221923828,4.971797466278076
2019-04-18 04:00,124465848,24096588.1728,24.0965881728,23.190736770629883,4.0290608406066895
2019-04-18 04:15,166306669,32196971.1184,32.1969711184,22.412670135498047,6.685128211975098
2019-04-18 04:30,152316886,29488549.1296,29.4885491296,31.875652313232422,4.312485694885254
2019-04-18 04:45,110925777,21475230.4272,21.4752304272,29.01512908935547,5.000344753265381
2019-04-18 05:00,106943833,20704326.0688,20.7043260688,19.99376106262207,3.759251832962036
2019-04-18 05:15,114734179,22212537.0544,22.2125370544,19.907480239868164,5.144898891448975
2019-04-18 05:30,119536146,23142197.8656,23.1421978656,20.80388069152832,4.477885723114014
2019-04-18 05:45,121410224,23505019.3664,23.5050193664,22.790061950683594,5.8412041664123535
2019-04-18 06:00,161390744,31245248.0384,31.2452480384,24.884798049926758,3.231861114501953
2019-04-18 06:15,204891982,39667087.7152,39.6670877152,32.481544494628906,3.4902565479278564
2019-04-18 06:30,250436892,48484582.2912,48.4845822912,39.165184020996094,3.589933395385742
2019-04-18 06:45,287714211,55701471.2496,55.7014712496,47.915531158447266,3.78753924369812
2019-04-18 07:00,340510371,65922807.8256,65.9228078256,56.546775817871094,4.522995471954346
2019-04-18 07:15,377394553,73063585.46079999,73.0635854608,66.24486541748047,4.21270751953125
2019-04-18 07:30,492750771,95396549.2656,95.3965492656,73.38845825195312,3.7812793254852295
2019-04-18 07:45,559125776,108246750.2336,108.2467502336,95.94670867919922,3.837846040725708
2019-04-18 08:00,732819104,141873778.5344,141.87377853439995,109.7087631225586,3.929471254348755
2019-04-18 08:15,758868909,146917020.78239998,146.9170207824,143.18011474609375,3.1837539672851562
2019-04-18 08:30,723088216,139989878.6176,139.9898786176,148.35504150390625,4.357007026672363
2019-04-18 08:45,737298100,142740912.16,142.74091216,139.44332885742188,5.805654525756836
2019-04-18 09:00,642263188,124342153.1968,124.3421531968,143.79957580566406,4.624971866607666
2019-04-18 09:15,708533401,137172066.4336,137.1720664336,126.44477844238281,4.248038291931152
2019-04-18 09:30,640704886,124040465.9296,124.0404659296,139.22708129882812,4.600860595703125
2019-04-18 09:45,577129624,111732295.2064,111.7322952064,125.5810546875,4.153058052062988
2019-04-18 10:00,566411120,109657192.832,109.657192832,111.16109466552734,3.000051498413086
2019-04-18 10:15,598839993,115935422.6448,115.9354226448,111.3080825805664,5.026302337646484
2019-04-18 10:30,655392248,126883939.2128,126.8839392128,118.0723648071289,3.314516305923462
2019-04-18 10:45,725026136,140365059.9296,140.3650599296,129.65850830078125,4.5309624671936035
2019-04-18 11:00,699214559,135367938.6224,135.36793862239998,142.39915466308594,4.980891704559326
2019-04-18 11:15,667435511,129215514.9296,129.2155149296,136.673095703125,4.514936923980713
2019-04-18 11:30,664350248,128618208.0128,128.61820801279998,129.54124450683594,4.619851589202881
2019-04-18 11:45,687118437,133026129.4032,133.0261294032,131.41961669921875,7.534365177154541
2019-04-18 12:00,778443000,150706564.79999998,150.7065648,133.9605712890625,5.396295547485352
2019-04-18 12:15,799242385,154733325.736,154.733325736,151.70687866210938,4.081489086151123
2019-04-18 12:30,841279423,162871696.2928,162.8716962928,157.01458740234375,4.150972843170166
2019-04-18 12:45,872842101,168982230.7536,168.9822307536,166.1202392578125,4.895526885986328
2019-04-18 13:00,780863154,151175106.6144,151.1751066144,170.97640991210938,4.870338439941406
2019-04-18 13:15,767115220,148513506.592,148.513506592,151.37181091308594,3.6558682918548584
2019-04-18 13:30,881508783,170660100.3888,170.6601003888,149.06944274902344,3.7626125812530518
2019-04-18 13:45,881754860,170707740.896,170.707740896,171.30352783203125,4.536523342132568
2019-04-18 14:00,872274397,168872323.2592,168.87232325920002,171.84230041503906,3.6976540088653564
2019-04-18 14:15,865561414,167572689.7504,167.5726897504,170.93504333496094,5.065587997436523
2019-04-18 14:30,901159638,174464505.9168,174.4645059168,168.01495361328125,3.816035509109497
2019-04-18 14:45,853851484,165305647.3024,165.3056473024,176.1846923828125,3.223879814147949
2019-04-18 15:00,744950159,144222350.78239998,144.2223507824,165.73333740234375,3.9449920654296875
2019-04-18 15:15,770482739,149165458.2704,149.1654582704,146.24560546875,4.598385334014893
2019-04-18 15:30,822870703,159307768.1008,159.30776810080002,150.3543701171875,3.2671689987182617
2019-04-18 15:45,875315667,169461113.1312,169.4611131312,160.74192810058594,4.036109447479248
2019-04-18 16:00,815202042,157823115.3312,157.8231153312,170.03695678710938,5.845255374908447
2019-04-18 16:15,827344990,160173990.06399998,160.17399006399998,158.20733642578125,3.9282336235046387
2019-04-18 16:30,836980043,162039336.32479998,162.0393363248,161.573486328125,4.604763984680176
2019-04-18 16:45,900363000,174310276.79999998,174.31027679999997,162.24154663085938,3.5767109394073486
2019-04-18 17:00,926648745,179399197.032,179.39919703200002,173.85678100585938,6.051397800445557
2019-04-18 17:15,987671859,191213271.9024,191.2132719024,179.7479248046875,4.343329906463623
2019-04-18 17:30,1040336846,201409213.3856,201.4092133856,192.2535400390625,2.9924256801605225
2019-04-18 17:45,1000091452,193617705.1072,193.6177051072,203.0164337158203,4.240651607513428
2019-04-18 18:00,1047032210,202705435.856,202.705435856,192.61590576171875,2.9550352096557617
2019-04-18 18:15,1118636077,216567944.5072,216.5679445072,202.24624633789062,3.4687182903289795
2019-04-18 18:30,970250305,187840459.048,187.840459048,216.1942901611328,3.5800230503082275
2019-04-18 18:45,1012922662,196101827.3632,196.1018273632,186.35162353515625,5.291685581207275
2019-04-18 19:00,945291615,183008456.664,183.008456664,193.70089721679688,4.167987823486328
2019-04-18 19:15,913735795,176899249.912,176.899249912,181.2838134765625,2.9617135524749756
2019-04-18 19:30,879764417,170322391.1312,170.3223911312,175.4895782470703,3.9583446979522705
2019-04-18 19:45,1018435387,197169090.9232,197.1690909232,168.56028747558594,3.9331536293029785
2019-04-18 20:00,957857662,185441243.3632,185.4412433632,194.58045959472656,3.8113491535186768
2019-04-18 20:15,916021447,177341752.1392,177.3417521392,184.83319091796875,6.073615074157715
2019-04-18 20:30,893314266,172945641.8976,172.94564189759998,174.34658813476562,3.410033702850342
2019-04-18 20:45,839351397,162498430.4592,162.4984304592,171.38253784179688,3.4471688270568848
2019-04-18 21:00,872791375,168972410.2,168.97241019999998,161.03968811035156,4.073948860168457
2019-04-18 21:15,863426719,167159412.79839998,167.15941279839998,167.9976043701172,4.256860256195068
2019-04-18 21:30,875630077,169521982.9072,169.5219829072,165.63406372070312,5.073902606964111
2019-04-18 21:45,938833922,181758247.2992,181.7582472992,166.182861328125,4.951131820678711
2019-04-18 22:00,908803367,175944331.85119998,175.9443318512,178.33929443359375,5.127520561218262
2019-04-18 22:15,939999519,181983906.8784,181.9839068784,173.29603576660156,4.128498077392578
2019-04-18 22:30,993397646,192321784.2656,192.3217842656,179.6518096923828,4.823362350463867
2019-04-18 22:45,930222373,180091051.41279998,180.09105141279997,189.03662109375,5.091511249542236
2019-04-18 23:00,949969868,183914166.4448,183.9141664448,176.69564819335938,4.764609336853027
2019-04-18 23:15,864236237,167316135.48319998,167.3161354832,179.4431915283203,5.134237289428711
2019-04-18 23:30,784452316,151869968.37759998,151.86996837759995,163.70733642578125,4.790093898773193
2019-04-18 23:45,683418497,132309821.0192,132.3098210192,148.69039916992188,6.485683441162109
2019-04-19 00:00,788195430,152594635.248,152.594635248,128.57080078125,5.076807022094727
2019-04-19 00:15,770824358,149231595.7088,149.2315957088,149.49794006347656,4.756163120269775
2019-04-19 00:30,710444213,137541999.6368,137.5419996368,147.1153564453125,4.562285423278809
2019-04-19 00:45,623639148,120736539.0528,120.7365390528,135.10687255859375,4.2208147048950195
2019-04-19 01:00,414636641,80273653.69759999,80.2736536976,118.70976257324219,4.382324695587158
2019-04-19 01:15,391356056,75766532.4416,75.76653244159999,76.36386108398438,5.867462158203125
2019-04-19 01:30,402422661,77909027.1696,77.9090271696,72.5235595703125,5.765439510345459
2019-04-19 01:45,322388547,62414422.6992,62.4144226992,75.37578582763672,4.907327651977539
2019-04-19 02:00,290552599,56250983.1664,56.2509831664,60.653297424316406,5.3219475746154785
2019-04-19 02:15,292780139,56682234.9104,56.6822349104,52.1119499206543,5.367820739746094
2019-04-19 02:30,230819236,44686604.0896,44.6866040896,55.67082595825195,4.842652320861816
2019-04-19 02:45,189111691,36612023.3776,36.6120233776,42.81171417236328,4.507967948913574
2019-04-19 03:00,156894896,30374851.8656,30.3748518656,34.24628829956055,5.1171345710754395
2019-04-19 03:15,149652269,28972679.2784,28.9726792784,28.40797996520996,4.835669040679932
2019-04-19 03:30,146131965,28291148.424,28.291148424,27.986591339111328,5.243680477142334
2019-04-19 03:45,131213814,25402994.3904,25.4029943904,26.332416534423828,5.116242408752441
2019-04-19 04:00,131725200,25501998.72,25.50199872,22.384119033813477,5.654001235961914
2019-04-19 04:15,133342985,25815201.896,25.815201896,23.906232833862305,4.296428680419922
2019-04-19 04:30,120094457,23250286.8752,23.2502868752,24.686702728271484,5.463282108306885
2019-04-19 04:45,113651432,22002917.2352,22.0029172352,21.726564407348633,4.435286045074463
2019-04-19 05:00,102909854,19923347.7344,19.9233477344,20.099882125854492,4.052858352661133
2019-04-19 05:15,106089568,20538940.3648,20.5389403648,19.31915283203125,4.978169918060303
2019-04-19 05:30,113067114,21889793.2704,21.8897932704,18.4498348236084,4.328052043914795
2019-04-19 05:45,139967937,27097792.6032,27.0977926032,21.698204040527344,5.020432472229004
2019-04-19 06:00,144066370,27891249.232,27.891249232,26.536266326904297,5.039416313171387
2019-04-19 06:15,177995547,34459937.8992,34.4599378992,27.166831970214844,4.1368231773376465
2019-04-19 06:30,222064280,42991644.608,42.991644608,33.823646545410156,3.8419580459594727
2019-04-19 06:45,212510754,41142081.9744,41.1420819744,43.218605041503906,4.192484378814697
2019-04-19 07:00,305367246,59119098.8256,59.1190988256,42.5618782043457,3.62829852104187
2019-04-19 07:15,384549386,74448761.1296,74.4487611296,59.43440628051758,2.7898762226104736
2019-04-19 07:30,420182237,81347281.0832,81.34728108319999,75.22021484375,2.5572893619537354
2019-04-19 07:45,528734701,102363038.1136,102.3630381136,81.40174102783203,3.935988187789917
2019-04-19 08:00,597475239,115671206.2704,115.6712062704,102.61035919189453,3.037215232849121
2019-04-19 08:15,707836164,137037081.3504,137.0370813504,115.32768249511719,3.0951015949249268
2019-04-19 08:30,760596272,147251438.2592,147.2514382592,136.77175903320312,3.913663864135742
2019-04-19 08:45,693796680,134319037.248,134.319037248,146.2951202392578,3.9396848678588867
2019-04-19 09:00,678911966,131437356.6176,131.4373566176,136.2122802734375,3.56080961227417
2019-04-19 09:15,645406673,124950731.8928,124.9507318928,132.56663513183594,4.203647613525391
2019-04-19 09:30,596007645,115387080.072,115.387080072,126.73977661132812,4.674304962158203
2019-04-19 09:45,655473407,126899651.5952,126.8996515952,116.1791000366211,4.586662769317627
2019-04-19 10:00,754731555,146116029.048,146.116029048,128.99244689941406,5.607906818389893
2019-04-19 10:15,781492160,151296882.176,151.296882176,146.5033416748047,3.8630247116088867
2019-04-19 10:30,777726396,150567830.2656,150.5678302656,152.28521728515625,3.9960055351257324
2019-04-19 10:45,750601092,145316371.4112,145.31637141119998,151.3868408203125,3.3504722118377686
2019-04-19 11:00,739623331,143191076.8816,143.1910768816,146.48956298828125,4.042710304260254
2019-04-19 11:15,808652648,156555152.6528,156.5551526528,146.02745056152344,5.823845386505127
2019-04-19 11:30,765100311,148123420.2096,148.1234202096,157.6019287109375,4.253056526184082
2019-04-19 11:45,727717716,140886149.81759998,140.88614981759997,149.0468292236328,3.7621021270751953
2019-04-19 12:00,716127678,138642318.4608,138.6423184608,142.77371215820312,4.418262004852295
2019-04-19 12:15,824439262,159611441.1232,159.6114411232,138.8630828857422,3.8102567195892334
2019-04-19 12:30,790343839,153010567.2304,153.0105672304,158.9364013671875,4.73586368560791
2019-04-19 12:45,768370362,148756502.0832,148.75650208320002,155.94329833984375,3.5619046688079834
2019-04-19 13:00,777426717,150509812.4112,150.5098124112,149.11984252929688,3.5108654499053955
2019-04-19 13:15,869742506,168382149.1616,168.38214916159998,153.0182647705078,3.8238718509674072
2019-04-19 13:30,777732621,150569035.4256,150.5690354256,169.41925048828125,2.294064998626709
2019-04-19 13:45,802485471,155361187.18559998,155.3611871856,151.46817016601562,4.0410356521606445
2019-04-19 14:00,801848467,155237863.2112,155.2378632112,156.50498962402344,3.1588871479034424
2019-04-19 14:15,896836958,173627635.0688,173.6276350688,156.5506134033203,4.1765618324279785
2019-04-19 14:30,814837260,157752493.53599998,157.75249353599995,175.7201690673828,3.1438212394714355
2019-04-19 14:45,802259856,155317508.1216,155.3175081216,159.03941345214844,2.7232091426849365
2019-04-19 15:00,808417776,156509681.4336,156.5096814336,156.74342346191406,3.541672468185425
2019-04-19 15:15,853656836,165267963.44959998,165.2679634496,156.04212951660156,5.260406494140625
2019-04-19 15:30,890574320,172415188.352,172.415188352,166.704345703125,3.0366170406341553
2019-04-19 15:45,822267892,159191063.8912,159.1910638912,174.34397888183594,3.865846872329712
2019-04-19 16:00,837376298,162116051.2928,162.11605129280002,160.65414428710938,2.8418750762939453
2019-04-19 16:15,838243920,162284022.912,162.284022912,162.56846618652344,3.4248874187469482
2019-04-19 16:30,863249571,167125116.9456,167.1251169456,162.87890625,3.5397963523864746
2019-04-19 16:45,944147323,182786921.7328,182.7869217328,167.1324005126953,4.556447982788086
2019-04-19 17:00,982741481,190258750.7216,190.2587507216,183.3235321044922,3.8479466438293457
2019-04-19 17:15,969915675,187775674.68,187.77567468,190.60440063476562,3.8341257572174072
2019-04-19 17:30,956977420,185270828.512,185.270828512,188.82400512695312,5.09337043762207
2019-04-19 17:45,996179885,192860425.736,192.860425736,186.91371154785156,3.7769546508789062
2019-04-19 18:00,994153926,192468200.0736,192.4682000736,191.9029083251953,3.257723808288574
2019-04-19 18:15,909932018,176162838.6848,176.1628386848,191.8667449951172,2.8672726154327393
2019-04-19 18:30,1013217879,196158981.3744,196.1589813744,174.91839599609375,2.2532882690429688
2019-04-19 18:45,966287703,187073299.3008,187.0732993008,195.00181579589844,2.434854030609131
2019-04-19 19:00,911815056,176527394.8416,176.5273948416,186.02447509765625,2.9603376388549805
2019-04-19 19:15,916678209,177468901.2624,177.4689012624,175.29440307617188,4.306961536407471
2019-04-19 19:30,827697862,160242306.0832,160.24230608320002,177.3185577392578,2.8532931804656982
2019-04-19 19:45,834430489,161545742.6704,161.5457426704,158.37939453125,2.7417497634887695
2019-04-19 20:00,727757422,140893836.8992,140.89383689919998,159.36109924316406,4.24609899520874
2019-04-19 20:15,790231375,152988794.2,152.9887942,140.06622314453125,2.788989782333374
2019-04-19 20:30,772532426,149562277.6736,149.5622776736,151.14317321777344,4.297539710998535
2019-04-19 20:45,871733756,168767655.1616,168.7676551616,147.10743713378906,3.449402093887329
2019-04-19 21:00,850452913,164647683.95679998,164.6476839568,165.59722900390625,4.930180072784424
2019-04-19 21:15,854016116,165337520.0576,165.3375200576,162.2437286376953,4.576653957366943
2019-04-19 21:30,795439974,153997178.9664,153.9971789664,163.82464599609375,4.030599117279053
2019-04-19 21:45,808782448,156580281.9328,156.5802819328,150.68112182617188,5.356088638305664
2019-04-19 22:00,763959775,147902612.44,147.90261243999998,154.4781951904297,4.002406120300293
2019-04-19 22:15,783624174,151709640.0864,151.7096400864,144.6265869140625,4.78719425201416
2019-04-19 22:30,782740574,151538575.1264,151.5385751264,148.5226287841797,5.811460971832275
2019-04-19 22:45,719367613,139269569.8768,139.2695698768,149.4324493408203,4.8230695724487305
2019-04-19 23:00,623325693,120675854.1648,120.6758541648,135.31398010253906,4.733277797698975
2019-04-19 23:15,643051525,124494775.24,124.49477524,117.0667495727539,5.626790523529053
2019-04-19 23:30,627228449,121431427.7264,121.4314277264,120.1494140625,5.173023700714111
2019-04-19 23:45,474091720,91784156.992,91.784156992,118.99640655517578,6.010457992553711
2019-04-20 00:00,564056523,109201342.8528,109.2013428528,89.32966613769531,5.5391950607299805
2019-04-20 00:15,607895965,117688658.824,117.688658824,105.11577606201172,6.501931667327881
2019-04-20 00:30,626790153,121346573.6208,121.3465736208,115.26508331298828,5.6907057762146
2019-04-20 00:45,597769915,115728255.544,115.728255544,118.46853637695312,4.757390022277832
2019-04-20 01:00,651645634,126158594.7424,126.15859474239998,114.0512466430664,5.091794013977051
2019-04-20 01:15,595737053,115334693.4608,115.3346934608,124.41924285888672,4.859888553619385
2019-04-20 01:30,561813070,108767010.352,108.767010352,110.67499542236328,5.2609148025512695
2019-04-20 01:45,463585454,89750143.8944,89.7501438944,106.22212982177734,4.886044025421143
2019-04-20 02:00,425009322,82281804.7392,82.2818047392,88.0615234375,6.77789306640625
2019-04-20 02:15,299511439,57985414.5904,57.9854145904,78.5933837890625,6.235522747039795
2019-04-20 02:30,259542883,50247502.1488,50.2475021488,55.49341583251953,4.7971978187561035
2019-04-20 02:45,235223499,45539269.4064,45.5392694064,48.35720443725586,3.6631851196289062
2019-04-20 03:00,208990194,40460501.5584,40.4605015584,44.437923431396484,5.982913017272949
2019-04-20 03:15,248949792,48196679.7312,48.1966797312,40.168453216552734,5.691306114196777
2019-04-20 03:30,179185177,34690250.2672,34.6902502672,46.88742446899414,6.018515586853027
2019-04-20 03:45,182791278,35388391.4208,35.3883914208,34.036502838134766,3.876262903213501
2019-04-20 04:00,207954448,40259981.1328,40.2599811328,34.4082145690918,5.81710147857666
2019-04-20 04:15,180194985,34885749.096,34.885749096,40.729549407958984,5.243927001953125
2019-04-20 04:30,149675346,28977146.9856,28.9771469856,32.03520584106445,4.497107982635498
2019-04-20 04:45,132939056,25737001.2416,25.7370012416,27.685548782348633,5.339868545532227
2019-04-20 05:00,115084368,22280333.6448,22.2803336448,24.311071395874023,5.030064105987549
2019-04-20 05:15,102046890,19756277.904,19.756277904,21.710750579833984,7.256403923034668
2019-04-20 05:30,128057750,24791980.4,24.7919804,19.250764846801758,4.976191520690918
2019-04-20 05:45,101909819,19729740.9584,19.7297409584,25.55484390258789,4.55724573135376
2019-04-20 06:00,147188552,28495703.6672,28.4957036672,21.415742874145508,5.128072738647461
2019-04-20 06:15,149252292,28895243.7312,28.8952437312,28.222522735595703,4.45454216003418
2019-04-20 06:30,204136248,39520777.6128,39.5207776128,29.063655853271484,5.894299507141113
2019-04-20 06:45,188387695,36471857.752,36.471857752,38.515663146972656,5.273758411407471
2019-04-20 07:00,185590497,35930320.2192,35.9303202192,36.07789611816406,4.253037452697754
2019-04-20 07:15,218606597,42322237.1792,42.3222371792,34.88774108886719,4.743095397949219
2019-04-20 07:30,242808863,47007795.8768,47.0077958768,42.044212341308594,5.9244489669799805
2019-04-20 07:45,333303747,64527605.4192,64.5276054192,45.99152755737305,4.210813522338867
2019-04-20 08:00,353229020,68385138.272,68.385138272,65.78519439697266,5.32806921005249
2019-04-20 08:15,477946677,92530476.6672,92.5304766672,67.6209716796875,4.499210834503174
2019-04-20 08:30,536155723,103799747.9728,103.7997479728,93.00682067871094,4.050785064697266
2019-04-20 08:45,546770423,105854753.8928,105.8547538928,103.21168518066406,4.817866325378418
2019-04-20 09:00,535124163,103600037.9568,103.6000379568,108.83323669433594,4.4872331619262695
2019-04-20 09:15,616565239,119367030.2704,119.3670302704,104.88565826416016,4.2380876541137695
2019-04-20 09:30,575928219,111499703.1984,111.49970319839998,120.55506896972656,4.917635440826416
2019-04-20 09:45,656270633,127053994.5488,127.0539945488,111.82733917236328,4.851611614227295
2019-04-20 10:00,651656539,126160705.9504,126.1607059504,129.46920776367188,5.131854057312012
2019-04-20 10:15,728244600,140988154.56,140.98815456,129.07540893554688,3.8551340103149414
2019-04-20 10:30,692201641,134010237.6976,134.0102376976,141.1118927001953,4.544121265411377
2019-04-20 10:45,684076227,132437157.5472,132.4371575472,136.37672424316406,5.144627094268799
2019-04-20 11:00,849258082,164416364.6752,164.4163646752,134.4196319580078,4.412456035614014
2019-04-20 11:15,764281758,147964948.3488,147.9649483488,166.1613311767578,4.5758957862854
2019-04-20 11:30,844261495,163449025.43199998,163.44902543199998,149.5670166015625,5.374238014221191
2019-04-20 11:45,858344350,166175466.16,166.17546615999998,164.22068786621094,4.561764717102051
2019-04-20 12:00,749613985,145125267.496,145.125267496,167.94044494628906,2.8818366527557373
2019-04-20 12:15,758194776,146786508.6336,146.7865086336,147.04188537597656,4.361928462982178
2019-04-20 12:30,747463366,144708907.6576,144.70890765759998,149.6118621826172,4.027972221374512
2019-04-20 12:45,725701027,140495718.8272,140.4957188272,147.36538696289062,4.472391605377197
2019-04-20 13:00,699096566,135345095.1776,135.3450951776,142.7606658935547,3.646653175354004
2019-04-20 13:15,757848596,146719488.18559998,146.71948818559997,136.41522216796875,4.556187152862549
2019-04-20 13:30,794930608,153898565.7088,153.8985657088,148.34890747070312,5.483495712280273
2019-04-20 13:45,786766534,152318000.9824,152.3180009824,157.47393798828125,4.469428539276123
2019-04-20 14:00,748670299,144942569.88639998,144.94256988639998,153.87664794921875,5.458686828613281
2019-04-20 14:15,714646100,138355484.96,138.35548496,146.85324096679688,3.7661900520324707
2019-04-20 14:30,689642264,133514742.3104,133.51474231039998,138.50250244140625,4.628720283508301
2019-04-20 14:45,748974749,145001511.4064,145.0015114064,135.16741943359375,6.026196479797363
2019-04-20 15:00,818148186,158393488.8096,158.3934888096,147.36061096191406,4.366054058074951
2019-04-20 15:15,853643173,165265318.2928,165.2653182928,162.08482360839844,3.8816113471984863
2019-04-20 15:30,767756947,148637744.93919998,148.6377449392,167.15711975097656,3.938021421432495
2019-04-20 15:45,716510439,138716420.9904,138.7164209904,150.7997589111328,4.011586666107178
2019-04-20 16:00,760801485,147291167.496,147.291167496,139.53533935546875,4.403507232666016
2019-04-20 16:15,692978961,134160726.8496,134.1607268496,149.6133270263672,4.018097400665283
2019-04-20 16:30,666897738,129111402.0768,129.1114020768,136.1251983642578,4.5631422996521
2019-04-20 16:45,664420839,128631874.4304,128.6318744304,131.69918823242188,4.697792053222656
2019-04-20 17:00,677734894,131209475.4784,131.20947547839998,129.01296997070312,4.424221515655518
2019-04-20 17:15,660783686,127927721.6096,127.9277216096,130.91213989257812,4.221668720245361
2019-04-20 17:30,785968618,152163524.4448,152.16352444479998,129.24697875976562,2.931227922439575
2019-04-20 17:45,698229376,135177207.1936,135.1772071936,154.1675567626953,3.6872873306274414
2019-04-20 18:00,765265924,148155482.88639998,148.1554828864,133.4984893798828,5.9356536865234375
2019-04-20 18:15,871207795,168665829.112,168.66582911199998,146.31781005859375,4.576632499694824
2019-04-20 18:30,795069700,153925493.92,153.92549391999998,167.9673614501953,3.958556890487671
2019-04-20 18:45,767937695,148672737.752,148.67273775200002,153.9330596923828,4.675395488739014
2019-04-20 19:00,781422531,151283402.0016,151.2834020016,147.6898956298828,4.589653968811035
2019-04-20 19:15,758035239,146755622.2704,146.75562227039998,151.37371826171875,5.202324867248535
2019-04-20 19:30,773397999,149729852.60639998,149.7298526064,145.0760040283203,4.389472484588623
2019-04-20 19:45,718899019,139178850.0784,139.1788500784,148.03260803222656,3.776829719543457
2019-04-20 20:00,630531761,122070948.9296,122.0709489296,135.46678161621094,4.204438209533691
2019-04-20 20:15,694693768,134492713.4848,134.49271348480002,121.6123275756836,4.360556125640869
2019-04-20 20:30,765427698,148186802.3328,148.1868023328,134.11729431152344,3.561260461807251
2019-04-20 20:45,838068950,162250148.72,162.25014872,146.4922332763672,4.54799747467041
2019-04-20 21:00,874391594,169282212.5984,169.2822125984,160.26258850097656,5.163958549499512
2019-04-20 21:15,844342851,163464775.9536,163.4647759536,166.77137756347656,4.7005486488342285
2019-04-20 21:30,905997993,175401211.4448,175.4012114448,160.939208984375,4.975336074829102
2019-04-20 21:45,879733786,170316460.9696,170.3164609696,172.10792541503906,5.241333484649658
2019-04-20 22:00,788533686,152660121.6096,152.6601216096,169.5494842529297,5.311682224273682
2019-04-20 22:15,767877020,148660991.072,148.660991072,150.8275909423828,5.915109634399414
2019-04-20 22:30,794313701,153779132.5136,153.7791325136,146.57675170898438,4.047400951385498
2019-04-20 22:45,845494428,163687721.2608,163.6877212608,150.87359619140625,5.67526912689209
2019-04-20 23:00,669143199,129546123.3264,129.5461233264,162.90451049804688,4.846149921417236
2019-04-20 23:15,702638938,136030898.39679998,136.03089839679998,129.15122985839844,5.313555717468262
2019-04-20 23:30,787015933,152366284.6288,152.3662846288,132.97120666503906,5.254825115203857
2019-04-20 23:45,730312362,141388473.2832,141.3884732832,149.29263305664062,4.810327529907227
2019-04-21 00:00,686960125,132995480.2,132.9954802,139.2809600830078,5.188859462738037
2019-04-21 00:15,663740985,128500254.696,128.50025469599998,132.0445098876953,4.922889709472656
2019-04-21 00:30,629342261,121840661.7296,121.8406617296,128.5911102294922,6.085033416748047
2019-04-21 00:45,597946489,115762440.2704,115.7624402704,121.05879211425781,5.269952774047852
2019-04-21 01:00,540717764,104682959.1104,104.6829591104,114.5020751953125,5.303394317626953
2019-04-21 01:15,496139063,96052522.5968,96.0525225968,103.95828247070312,5.832855224609375
2019-04-21 01:30,487678978,94414650.1408,94.4146501408,94.22856903076172,6.579736232757568
2019-04-21 01:45,417398040,80808260.544,80.808260544,93.20650482177734,4.425111770629883
2019-04-21 02:00,431723289,83581628.75039999,83.58162875039999,79.77747344970703,5.268707752227783
2019-04-21 02:15,409823071,79341746.5456,79.3417465456,82.8037338256836,5.056734085083008
2019-04-21 02:30,415758051,80490758.6736,80.4907586736,78.15486145019531,5.164080619812012
2019-04-21 02:45,317977550,61560453.68,61.56045368,78.60227966308594,5.7633209228515625
2019-04-21 03:00,282573681,54706264.6416,54.7062646416,59.94103240966797,5.028980731964111
2019-04-21 03:15,199733860,38668475.296,38.668475296,51.58812713623047,4.875828742980957
2019-04-21 03:30,161680117,31301270.6512,31.3012706512,36.54677963256836,5.199610233306885
2019-04-21 03:45,135356544,26205026.9184,26.2050269184,30.02429962158203,4.45175838470459
2019-04-21 04:00,147948130,28642757.968,28.642757968,26.14435386657715,5.442931652069092
2019-04-21 04:15,128956447,24965968.1392,24.9659681392,27.43680191040039,4.684350490570068
2019-04-21 04:30,107430633,20798570.5488,20.7985705488,27.163915634155273,4.684542655944824
2019-04-21 04:45,106997770,20714768.272,20.714768272,18.61876678466797,5.84639310836792
2019-04-21 05:00,90314902,17484965.0272,17.484965027199998,20.231143951416016,6.050215244293213
2019-04-21 05:15,92958120,17996692.031999998,17.996692032,17.939775466918945,3.7954249382019043
2019-04-21 05:30,105933532,20508731.7952,20.5087317952,17.638999938964844,3.5452702045440674
2019-04-21 05:45,102204287,19786749.9632,19.7867499632,19.706911087036133,6.5726237297058105
2019-04-21 06:00,96070321,18599214.1456,18.5992141456,18.929691314697266,4.676983833312988
2019-04-21 06:15,99973240,19354819.264,19.354819264,18.09014129638672,4.917458534240723
2019-04-21 06:30,88016910,17040073.776,17.040073776,18.042285919189453,3.638138771057129
2019-04-21 06:45,127952082,24771523.0752,24.7715230752,16.566579818725586,5.590367317199707
2019-04-21 07:00,134571998,26053138.8128,26.0531388128,25.09624671936035,4.890873432159424
2019-04-21 07:15,148322799,28715293.8864,28.7152938864,27.890384674072266,5.130165100097656
2019-04-21 07:30,156539044,30305958.9184,30.3059589184,28.66995620727539,4.454516410827637
2019-04-21 07:45,204969563,39682107.3968,39.6821073968,30.78289031982422,5.822023868560791
2019-04-21 08:00,316119657,61200765.5952,61.2007655952,38.10587692260742,4.301825523376465
2019-04-21 08:15,335351171,64923986.7056,64.9239867056,61.096553802490234,5.0142598152160645
2019-04-21 08:30,466141865,90245065.064,90.245065064,64.47979736328125,5.59143590927124
2019-04-21 08:45,448367781,86804002.4016,86.8040024016,91.75079345703125,4.816269397735596
2019-04-21 09:00,439985697,85181230.9392,85.1812309392,88.63512420654297,5.440218448638916
2019-04-21 09:15,492417663,95332059.5568,95.3320595568,85.46437072753906,4.626712322235107
2019-04-21 09:30,529347524,102481680.6464,102.4816806464,97.79212188720703,4.788143157958984
2019-04-21 09:45,574320025,111188356.84,111.18835684,104.42662048339844,6.168660640716553
2019-04-21 10:00,596738225,115528520.36,115.52852036,114.59403991699219,6.071746349334717
2019-04-21 10:15,587109900,113664476.64,113.66447664,117.16868591308594,4.158015251159668
2019-04-21 10:30,643733626,124626829.9936,124.6268299936,113.3138198852539,5.016035556793213
2019-04-21 10:45,631493633,122257167.3488,122.2571673488,126.21615600585938,4.841668128967285
2019-04-21 11:00,760978330,147325404.688,147.325404688,123.12372589111328,5.505094528198242
2019-04-21 11:15,841794971,162971506.3856,162.9715063856,148.52703857421875,4.619919776916504
2019-04-21 11:30,757967198,146742449.5328,146.74244953279998,164.27224731445312,5.66303014755249
2019-04-21 11:45,678234930,131306282.448,131.306282448,148.4311065673828,4.39783239364624
2019-04-21 12:00,726656739,140680744.6704,140.6807446704,132.90223693847656,4.6392340660095215
2019-04-21 12:15,739451593,143157828.4048,143.1578284048,142.74351501464844,4.177762985229492
2019-04-21 12:30,675536013,130783772.1168,130.7837721168,144.25619506835938,4.714730739593506
2019-04-21 12:45,795686148,154044838.2528,154.0448382528,132.4582061767578,5.145594120025635
2019-04-21 13:00,653777121,126571250.6256,126.5712506256,157.34877014160156,4.264688491821289
2019-04-21 13:15,674150411,130515519.5696,130.5155195696,129.12362670898438,4.668517589569092
2019-04-21 13:30,754592956,146089196.2816,146.0891962816,131.47679138183594,4.438599586486816
2019-04-21 13:45,779874497,150983702.6192,150.9837026192,147.74795532226562,4.208847522735596
2019-04-21 14:00,800568256,154990014.36159998,154.99001436159998,153.55029296875,4.768153190612793
2019-04-21 14:15,710463923,137545815.4928,137.5458154928,155.50816345214844,5.795369625091553
2019-04-21 14:30,777770542,150576376.9312,150.5763769312,140.23690795898438,4.114117622375488
2019-04-21 14:45,820119420,158775119.71199998,158.775119712,151.78570556640625,4.88995885848999
2019-04-21 15:00,772076898,149474087.4528,149.4740874528,159.58865356445312,5.045487403869629
2019-04-21 15:15,810045165,156824743.944,156.824743944,151.19155883789062,4.554454326629639
2019-04-21 15:30,831858460,161047797.856,161.04779785600002,158.93202209472656,4.580714702606201
2019-04-21 15:45,795882493,154082850.6448,154.0828506448,162.805908203125,3.540975332260132
2019-04-21 16:00,823497706,159429155.8816,159.4291558816,155.75218200683594,5.332090377807617
2019-04-21 16:15,813329848,157460658.57279998,157.4606585728,160.94314575195312,6.420144081115723
2019-04-21 16:30,789794227,152904162.3472,152.9041623472,158.69764709472656,4.793878078460693
2019-04-21 16:45,731575852,141633084.9472,141.6330849472,155.4412841796875,4.269018650054932
2019-04-21 17:00,820733403,158893986.8208,158.8939868208,143.449462890625,5.16546630859375
2019-04-21 17:15,845281117,163646424.2512,163.6464242512,159.71890258789062,3.606109142303467
2019-04-21 17:30,705920047,136666121.0992,136.6661210992,164.1067352294922,5.135937690734863
2019-04-21 17:45,743744429,143988921.4544,143.9889214544,138.02406311035156,4.982786655426025
2019-04-21 18:00,840034419,162630663.51839998,162.63066351839998,144.1314697265625,5.811480522155762
2019-04-21 18:15,835092408,161673890.1888,161.67389018880002,162.7206573486328,5.1973466873168945
2019-04-21 18:30,904316012,175075579.92319998,175.07557992319997,161.8478546142578,4.796296119689941
2019-04-21 18:45,877223463,169830462.4368,169.8304624368,176.24874877929688,4.317838191986084
2019-04-21 19:00,814561091,157699027.2176,157.6990272176,170.0908966064453,4.014495372772217
2019-04-21 19:15,831966128,161068642.3808,161.0686423808,157.85940551757812,4.8425798416137695
2019-04-21 19:30,866565393,167767060.0848,167.7670600848,161.06764221191406,3.2877066135406494
2019-04-21 19:45,780385707,151082672.8752,151.0826728752,166.52496337890625,4.432919025421143
2019-04-21 20:00,820634346,158874809.3856,158.8748093856,151.67782592773438,6.591592788696289
2019-04-21 20:15,836122326,161873282.3136,161.8732823136,158.4823455810547,4.8913679122924805
2019-04-21 20:30,770688168,149205229.32479998,149.20522932479997,160.534912109375,4.276580810546875
2019-04-21 20:45,754783979,146126178.3344,146.1261783344,148.79000854492188,5.376204967498779
2019-04-21 21:00,758416827,146829497.7072,146.82949770719998,146.0771484375,6.240626811981201
2019-04-21 21:15,757748328,146700076.3008,146.7000763008,146.6523895263672,7.033394813537598
2019-04-21 21:30,757131742,146580705.2512,146.5807052512,146.7006072998047,5.1141533851623535
2019-04-21 21:45,865915096,167641162.5856,167.6411625856,145.5605010986328,4.436669826507568
2019-04-21 22:00,769942259,149060821.34239998,149.06082134239998,167.08883666992188,5.34722375869751
2019-04-21 22:15,747988600,144810592.96,144.81059296,149.01370239257812,5.8630266189575195
2019-04-21 22:30,766001320,148297855.552,148.297855552,143.26748657226562,4.881458759307861
2019-04-21 22:45,775626133,150161219.3488,150.16121934880002,148.1912384033203,4.870426654815674
2019-04-21 23:00,875355709,169468865.2624,169.4688652624,148.37159729003906,5.156219482421875
2019-04-21 23:15,801877622,155243507.6192,155.2435076192,167.01870727539062,5.442859649658203
2019-04-21 23:30,814779139,157741241.3104,157.7412413104,154.13816833496094,5.121304512023926
2019-04-21 23:45,732224757,141758712.9552,141.7587129552,157.7740020751953,4.626051902770996
2019-04-22 00:00,660197407,127814217.9952,127.8142179952,139.619140625,3.7894370555877686
2019-04-22 00:15,613636961,118800115.6496,118.8001156496,127.00983428955078,4.976607799530029
2019-04-22 00:30,566657976,109704984.1536,109.7049841536,117.55268859863281,5.156940937042236
2019-04-22 00:45,529355875,102483297.4,102.4832974,109.20318603515625,4.255807399749756
2019-04-22 01:00,490478105,94956561.128,94.956561128,98.74467468261719,5.35601282119751
2019-04-22 01:15,425961858,82466215.7088,82.46621570880001,92.5025863647461,4.714470863342285
2019-04-22 01:30,349359679,67636033.8544,67.6360338544,80.54302215576172,6.196337699890137
2019-04-22 01:45,289650968,56076427.4048,56.0764274048,65.82910919189453,5.835872650146484
2019-04-22 02:00,260403023,50414025.2528,50.4140252528,55.196685791015625,4.438521385192871
2019-04-22 02:15,257347067,49822392.1712,49.8223921712,47.44080352783203,5.303204536437988
2019-04-22 02:30,259531040,50245209.344,50.245209344,47.26497268676758,5.11474084854126
2019-04-22 02:45,195019203,37755717.7008,37.7557177008,49.02138137817383,4.365029811859131
2019-04-22 03:00,119397774,23115409.0464,23.1154090464,36.19768142700195,3.5390267372131348
2019-04-22 03:15,98147259,19001309.3424,19.0013093424,21.981327056884766,4.53510856628418
2019-04-22 03:30,119867550,23206357.68,23.20635768,18.233489990234375,4.657160758972168
2019-04-22 03:45,121446206,23511985.4816,23.5119854816,22.35112953186035,5.114678382873535
2019-04-22 04:00,87493150,16938673.84,16.93867384,22.129188537597656,5.25021505355835
2019-04-22 04:15,87903330,17018084.688,17.018084688000002,15.150982856750488,4.556549072265625
2019-04-22 04:30,88706888,17173653.5168,17.1736535168,17.505651473999023,5.027388572692871
2019-04-22 04:45,79465389,15384499.3104,15.3844993104,16.164812088012695,4.443282604217529
2019-04-22 05:00,83028703,16074356.9008,16.074356900799998,14.688621520996094,3.8310129642486572
2019-04-22 05:15,81914919,15858728.3184,15.8587283184,16.75600242614746,4.497286796569824
2019-04-22 05:30,107495157,20811062.3952,20.8110623952,14.723258972167969,4.242433547973633
2019-04-22 05:45,72798844,14093856.1984,14.0938561984,19.808767318725586,4.696200847625732
2019-04-22 06:00,70282473,13606686.7728,13.6066867728,13.840184211730957,5.285289764404297
2019-04-22 06:15,93993314,18197105.5904,18.1971055904,13.978142738342285,4.920955181121826
2019-04-22 06:30,88258150,17086777.84,17.08677784,17.166973114013672,4.451826095581055
2019-04-22 06:45,119618265,23158096.104,23.158096104,15.476617813110352,4.526096820831299
2019-04-22 07:00,114233528,22115611.0208,22.1156110208,22.61834716796875,5.267789363861084
2019-04-22 07:15,181489304,35136329.2544,35.1363292544,21.61574363708496,4.180002212524414
2019-04-22 07:30,225226672,43603883.6992,43.6038836992,36.39250946044922,4.657307147979736
2019-04-22 07:45,212579440,41155379.584,41.155379584,43.4147834777832,3.7235262393951416
2019-04-22 08:00,244349170,47305999.312,47.305999312,41.84520721435547,3.599597454071045
2019-04-22 08:15,329073650,63708658.64,63.70865864,47.469383239746094,4.795079708099365
2019-04-22 08:30,418896426,81098348.0736,81.0983480736,64.29338836669922,3.9650766849517822
2019-04-22 08:45,492936434,95432493.6224,95.4324936224,82.34477233886719,3.23020076751709
2019-04-22 09:00,504380198,97648006.3328,97.6480063328,97.86685943603516,4.854330539703369
2019-04-22 09:15,573780945,111083990.952,111.083990952,100.71621704101562,5.145788669586182
2019-04-22 09:30,480702009,93063908.9424,93.0639089424,114.21106719970703,4.1717000007629395
2019-04-22 09:45,549793992,106440116.8512,106.4401168512,94.8334732055664,4.720356464385986
2019-04-22 10:00,499260330,96656799.888,96.656799888,105.94542694091797,4.003231525421143
2019-04-22 10:15,528547741,102326842.6576,102.3268426576,99.6364517211914,6.883135795593262
2019-04-22 10:30,691568623,133887685.4128,133.8876854128,104.13824462890625,4.015530586242676
2019-04-22 10:45,607836394,117677125.8784,117.6771258784,135.43116760253906,5.165513038635254
2019-04-22 11:00,625780799,121151162.6864,121.1511626864,120.84609985351562,5.151119709014893
2019-04-22 11:15,674551950,130593257.52,130.59325752,122.44589233398438,4.175039768218994
2019-04-22 11:30,644029262,124684065.1232,124.6840651232,130.07232666015625,4.874607563018799
2019-04-22 11:45,752482898,145680689.0528,145.6806890528,126.3321533203125,4.031769752502441
2019-04-22 12:00,745459414,144320942.5504,144.3209425504,147.96023559570312,4.0373005867004395
2019-04-22 12:15,657270210,127247512.656,127.247512656,146.32696533203125,4.003321647644043
2019-04-22 12:30,711634572,137772453.1392,137.7724531392,129.56109619140625,5.0322651863098145
2019-04-22 12:45,644663215,124806798.424,124.806798424,137.49757385253906,4.656347274780273
2019-04-22 13:00,586900194,113623877.5584,113.6238775584,125.57930755615234,4.71779203414917
2019-04-22 13:15,711137024,137676127.8464,137.6761278464,115.9321060180664,5.268733978271484
2019-04-22 13:30,731939588,141703504.2368,141.70350423679997,140.93798828125,4.0313801765441895
2019-04-22 13:45,716170940,138650693.984,138.650693984,144.35269165039062,4.577718257904053
2019-04-22 14:00,744484989,144132293.87039998,144.1322938704,140.18231201171875,4.345983982086182
2019-04-22 14:15,819629868,158680342.4448,158.68034244479998,143.0516357421875,3.973200559616089
2019-04-22 14:30,709980648,137452253.4528,137.4522534528,160.95872497558594,5.054678916931152
2019-04-22 14:45,739250602,143118916.5472,143.1189165472,138.86712646484375,5.285376071929932
2019-04-22 15:00,748769806,144961834.4416,144.9618344416,145.5079803466797,4.018855571746826
2019-04-22 15:15,879261284,170224984.5824,170.2249845824,147.2386016845703,4.698984622955322
2019-04-22 15:30,839974581,162619078.8816,162.6190788816,171.38304138183594,3.857966423034668
2019-04-22 15:45,750574244,145311173.6384,145.3111736384,163.76724243164062,4.5107808113098145
2019-04-22 16:00,799641299,154810555.4864,154.8105554864,147.3474884033203,3.3668220043182373
2019-04-22 16:15,780006287,151009217.1632,151.0092171632,156.4384002685547,3.0667026042938232
2019-04-22 16:30,807947198,156418577.5328,156.4185775328,153.6566162109375,5.023482322692871
2019-04-22 16:45,799651339,154812499.2304,154.8124992304,156.06300354003906,4.371209621429443
2019-04-22 17:00,833829526,161429396.2336,161.4293962336,156.71035766601562,4.717682838439941
2019-04-22 17:15,750255825,145249527.72,145.24952772,161.980712890625,4.643547534942627
2019-04-22 17:30,856138552,165748423.6672,165.7484236672,145.30528259277344,4.712749481201172
2019-04-22 17:45,785703059,152112112.2224,152.1121122224,169.0626678466797,6.156072616577148
2019-04-22 18:00,889921928,172288885.2608,172.2888852608,151.32827758789062,3.854125499725342
2019-04-22 18:15,901644976,174558467.3536,174.5584673536,170.62814331054688,4.06519889831543
2019-04-22 18:30,906974197,175590204.5392,175.59020453920002,174.40692138671875,3.7973480224609375
2019-04-22 18:45,986495987,190985623.0832,190.9856230832,174.35069274902344,4.3065619468688965
2019-04-22 19:00,861219253,166732047.3808,166.7320473808,191.11314392089844,5.652565956115723
2019-04-22 19:15,953751828,184646353.9008,184.6463539008,166.9378204345703,3.8796327114105225
2019-04-22 19:30,836899224,162023689.7664,162.0236897664,182.8913116455078,3.6883537769317627
2019-04-22 19:45,903678117,174952083.4512,174.9520834512,160.677001953125,3.956294059753418
2019-04-22 20:00,810710343,156953522.4048,156.9535224048,172.46665954589844,6.214183330535889
2019-04-22 20:15,878095185,169999227.81599998,169.99922781599997,155.8871307373047,3.6056408882141113
2019-04-22 20:30,819481840,158651684.224,158.651684224,168.28546142578125,4.05535364151001
2019-04-22 20:45,991115951,191880048.1136,191.8800481136,157.11949157714844,5.549137592315674
2019-04-22 21:00,906753316,175547441.9776,175.54744197760002,191.23011779785156,5.209094047546387
2019-04-22 21:15,1014010252,196312384.7872,196.3123847872,174.6658935546875,4.213067531585693
2019-04-22 21:30,959317224,185723814.5664,185.7238145664,194.1331024169922,5.281386852264404
2019-04-22 21:45,999304963,193465440.8368,193.4654408368,185.67799377441406,5.378886699676514
2019-04-22 22:00,957349553,185342873.4608,185.3428734608,192.11326599121094,5.632868766784668
2019-04-22 22:15,1019100978,197297949.3408,197.2979493408,184.71656799316406,5.434788227081299
2019-04-22 22:30,979934096,189715240.9856,189.7152409856,196.2451934814453,3.5979182720184326
2019-04-22 22:45,999685324,193539078.7264,193.5390787264,189.04037475585938,3.983551025390625
2019-04-22 23:00,941525850,182279404.56,182.27940456,189.25140380859375,5.197780132293701
2019-04-22 23:15,890458852,172392833.74719998,172.39283374719997,180.6493682861328,4.072922706604004
2019-04-22 23:30,837736959,162185875.2624,162.1858752624,170.83946228027344,4.325697898864746
2019-04-22 23:45,695222342,134595045.4112,134.59504541119998,161.1170654296875,4.206172943115234
2019-04-23 00:00,628466627,121671138.9872,121.6711389872,132.8277130126953,5.558669090270996
2019-04-23 00:15,597030534,115585111.3824,115.5851113824,119.02035522460938,4.541635513305664
2019-04-23 00:30,544894235,105491523.896,105.491523896,111.5826416015625,4.648250579833984
2019-04-23 00:45,506948053,98145143.0608,98.1451430608,102.82438659667969,5.156782150268555
2019-04-23 01:00,510724236,98876212.0896,98.8762120896,94.27013397216797,5.447249889373779
2019-04-23 01:15,471966031,91372623.6016,91.3726236016,98.28190612792969,5.370936870574951
2019-04-23 01:30,366300415,70915760.344,70.91576034399999,87.9391098022461,6.30863094329834
2019-04-23 01:45,353345738,68407734.8768,68.4077348768,67.72073364257812,4.120513916015625
2019-04-23 02:00,315361710,61054027.056,61.054027056,67.134033203125,5.808390140533447
2019-04-23 02:15,249330031,48270294.0016,48.2702940016,61.407833099365234,3.203179359436035
2019-04-23 02:30,186700467,36145210.4112,36.1452104112,46.39442443847656,5.380537509918213
2019-04-23 02:45,190747330,36928683.088,36.928683088,33.906211853027344,6.5403242111206055
2019-04-23 03:00,144747893,28023192.0848,28.0231920848,35.5966796875,5.115337371826172
2019-04-23 03:15,169222643,32761503.6848,32.7615036848,27.0029354095459,4.253633975982666
2019-04-23 03:30,150638935,29163697.816,29.163697816,31.84556770324707,4.937624454498291
2019-04-23 03:45,153775609,29770957.9024,29.7709579024,27.566862106323242,6.453210353851318
2019-04-23 04:00,113223969,21920160.3984,21.9201603984,28.702930450439453,4.285161018371582
2019-04-23 04:15,97988077,18970491.7072,18.9704917072,19.69806480407715,4.726367473602295
2019-04-23 04:30,112595089,21798409.2304,21.7984092304,18.468793869018555,4.71352481842041
2019-04-23 04:45,89339046,17296039.3056,17.296039305599997,21.13571548461914,3.932000160217285
2019-04-23 05:00,121969855,23613363.928,23.613363928,18.439735412597656,4.118024826049805
2019-04-23 05:15,103216504,19982715.1744,19.9827151744,24.401710510253906,3.9146478176116943
2019-04-23 05:30,120775851,23382204.7536,23.3822047536,18.870758056640625,6.627412796020508
2019-04-23 05:45,137041698,26531272.7328,26.5312727328,23.867971420288086,3.7413840293884277
2019-04-23 06:00,160259798,31026296.8928,31.0262968928,25.637998580932617,5.171786785125732
2019-04-23 06:15,204224901,39537940.8336,39.5379408336,30.83852195739746,3.8923919200897217
2019-04-23 06:30,220518238,42692330.8768,42.6923308768,38.289794921875,4.445417404174805
2019-04-23 06:45,230594893,44643171.2848,44.6431712848,42.22414779663086,3.569000482559204
2019-04-23 07:00,309383506,59896646.7616,59.8966467616,44.698402404785156,4.747587203979492
2019-04-23 07:15,426910260,82649826.336,82.64982633599999,60.319786071777344,4.562018394470215
2019-04-23 07:30,450086492,87136744.8512,87.13674485119999,83.1458511352539,3.7468502521514893
2019-04-23 07:45,523073278,101266986.6208,101.2669866208,86.90242004394531,4.068174362182617
2019-04-23 08:00,598659618,115900502.0448,115.9005020448,101.06145477294922,4.950992107391357
2019-04-23 08:15,633367014,122619853.9104,122.6198539104,115.06627655029297,5.152266025543213
2019-04-23 08:30,608236417,117754570.3312,117.7545703312,123.94831085205078,4.522758483886719
2019-04-23 08:45,685921994,132794498.0384,132.7944980384,117.86203002929688,4.306334972381592
2019-04-23 09:00,682013854,132037882.1344,132.0378821344,135.1245880126953,3.69987416267395
2019-04-23 09:15,562238095,108849295.192,108.849295192,135.249267578125,4.747541904449463
2019-04-23 09:30,560640236,108539949.6896,108.5399496896,109.1346435546875,5.1079277992248535
2019-04-23 09:45,531373029,102873818.4144,102.8738184144,108.33674621582031,5.226113319396973
2019-04-23 10:00,587510749,113742081.0064,113.7420810064,104.36848449707031,5.9632568359375
2019-04-23 10:15,587110756,113664642.3616,113.6646423616,114.96834564208984,4.771927356719971
2019-04-23 10:30,567250968,109819787.4048,109.8197874048,114.56121063232422,4.589880466461182
2019-04-23 10:45,595857155,115357945.208,115.357945208,110.95442962646484,4.943530559539795
2019-04-23 11:00,649375619,125719119.8384,125.7191198384,116.62187957763672,4.423372268676758
2019-04-23 11:15,757969826,146742958.3136,146.7429583136,128.0540313720703,5.640355110168457
2019-04-23 11:30,690134624,133610063.2064,133.6100632064,147.29066467285156,4.144120216369629
2019-04-23 11:45,868894096,168217896.9856,168.2178969856,135.57315063476562,4.854342937469482
2019-04-23 12:00,852470405,165038270.408,165.038270408,169.42640686035156,3.7134807109832764
2019-04-23 12:15,803272107,155513479.9152,155.5134799152,164.93191528320312,4.341938495635986
2019-04-23 12:30,842271362,163063735.6832,163.0637356832,156.80062866210938,4.397818088531494
2019-04-23 12:45,843867667,163372780.3312,163.3727803312,164.3491668701172,4.600523471832275
2019-04-23 13:00,853548328,165246956.3008,165.2469563008,166.55511474609375,4.0856032371521
2019-04-23 13:15,833797983,161423289.5088,161.4232895088,167.0453338623047,5.029035568237305
2019-04-23 13:30,1002801498,194142370.0128,194.1423700128,162.09934997558594,3.77331280708313
2019-04-23 13:45,743517514,143944990.7104,143.9449907104,195.78280639648438,4.784176349639893
2019-04-23 14:00,704132719,136320094.3984,136.32009439840002,146.65264892578125,4.277666091918945
2019-04-23 14:15,697699403,135074604.4208,135.0746044208,137.10067749023438,4.187081336975098
2019-04-23 14:30,720973604,139580489.7344,139.5804897344,137.97801208496094,4.5829386711120605
2019-04-23 14:45,657959370,127380934.032,127.38093403199998,141.29196166992188,3.914597988128662
2019-04-23 15:00,689748059,133535224.2224,133.5352242224,129.78857421875,4.1926679611206055
2019-04-23 15:15,674776861,130636800.2896,130.6368002896,134.80355834960938,3.2771615982055664
2019-04-23 15:30,784086226,151799093.3536,151.7990933536,132.0784912109375,3.948390245437622
2019-04-23 15:45,743567398,143954648.2528,143.95464825279998,152.13973999023438,4.009300231933594
2019-04-23 16:00,701718234,135852650.1024,135.8526501024,147.5299530029297,6.748815536499023
2019-04-23 16:15,798870581,154661344.4816,154.6613444816,136.95196533203125,6.017478942871094
2019-04-23 16:30,813521656,157497792.6016,157.4977926016,155.91043090820312,4.219817638397217
2019-04-23 16:45,849943712,164549102.6432,164.5491026432,159.78797912597656,4.58277702331543
2019-04-23 17:00,808874338,156598071.8368,156.59807183680002,166.05860900878906,4.930534839630127
2019-04-23 17:15,909253896,176031554.2656,176.0315542656,157.04322814941406,4.615809440612793
2019-04-23 17:30,828111718,160322428.6048,160.3224286048,176.9801788330078,4.448828220367432
2019-04-23 17:45,888799668,172071615.7248,172.07161572479998,160.18653869628906,5.555514812469482
2019-04-23 18:00,1025492468,198535341.8048,198.5353418048,171.54202270507812,5.008579730987549
2019-04-23 18:15,986428724,190972600.9664,190.9726009664,198.5885467529297,3.4422106742858887
2019-04-23 18:30,979099084,189553582.6624,189.5535826624,189.4699249267578,4.210935592651367
2019-04-23 18:45,986553338,190996726.2368,190.9967262368,189.58517456054688,4.40080451965332
2019-04-23 19:00,978715008,189479225.5488,189.4792255488,189.81195068359375,3.5736873149871826
2019-04-23 19:15,910122495,176199715.032,176.199715032,189.75396728515625,3.7107203006744385
2019-04-23 19:30,876536214,169697411.0304,169.69741103040002,174.98959350585938,4.630056858062744
2019-04-23 19:45,955789229,185040794.7344,185.0407947344,169.89163208007812,4.518904209136963
2019-04-23 20:00,854968788,165521957.3568,165.5219573568,183.12391662597656,5.711240768432617
2019-04-23 20:15,947507021,183437359.2656,183.4373592656,163.60540771484375,5.631067752838135
2019-04-23 20:30,907443952,175681149.1072,175.6811491072,181.33609008789062,3.6955506801605225
2019-04-23 20:45,959398037,185739459.9632,185.7394599632,174.2722625732422,3.4072625637054443
2019-04-23 21:00,989240133,191516889.7488,191.5168897488,184.15219116210938,5.941246032714844
2019-04-23 21:15,877765919,169935481.9184,169.9354819184,190.0798797607422,3.6311168670654297
2019-04-23 21:30,969308241,187658075.4576,187.6580754576,168.708251953125,4.535862922668457
2019-04-23 21:45,1010897947,195709842.5392,195.7098425392,186.18301391601562,4.068410873413086
2019-04-23 22:00,988215423,191318505.8928,191.3185058928,193.49993896484375,5.295912265777588
2019-04-23 22:15,1005577236,194679752.8896,194.6797528896,189.76705932617188,3.6648030281066895
2019-04-23 22:30,1027562400,198936080.64,198.93608064,192.07000732421875,5.684744834899902
2019-04-23 22:45,963073568,186451042.7648,186.4510427648,197.5917205810547,4.463781833648682
2019-04-23 23:00,967035032,187217982.1952,187.2179821952,184.29269409179688,5.022001266479492
2019-04-23 23:15,1000952126,193784331.5936,193.7843315936,184.6106719970703,4.8094353675842285
2019-04-23 23:30,901753426,174579463.27359998,174.57946327359997,191.94027709960938,4.258641719818115
2019-04-23 23:45,628425927,121663259.4672,121.6632594672,173.0439453125,3.774531602859497
2019-04-24 00:00,596428601,115468577.1536,115.4685771536,118.48623657226562,5.0759196281433105
2019-04-24 00:15,581826790,112641666.544,112.641666544,112.37808990478516,4.997529029846191
2019-04-24 00:30,526189659,101870317.9824,101.8703179824,110.03690338134766,5.025792121887207
2019-04-24 00:45,460734409,89198181.5824,89.1981815824,100.41682434082031,3.760545015335083
2019-04-24 01:00,378786708,73333106.6688,73.3331066688,87.64088439941406,5.056558132171631
2019-04-24 01:15,442916836,85748699.4496,85.7486994496,71.99751281738281,5.642032623291016
2019-04-24 01:30,293839851,56887395.1536,56.8873951536,84.66145324707031,4.438375949859619
2019-04-24 01:45,327223615,63350491.864,63.350491864,54.84587478637695,4.114934921264648
2019-04-24 02:00,277006867,53628529.4512,53.6285294512,62.54222869873047,5.4437432289123535
2019-04-24 02:15,297940242,57681230.8512,57.6812308512,50.12782669067383,5.698108196258545
2019-04-24 02:30,244263431,47289400.2416,47.2894002416,56.554927825927734,4.451827049255371
2019-04-24 02:45,222840360,43141893.696,43.141893696,45.44941329956055,4.63008975982666
2019-04-24 03:00,178535663,34564504.3568,34.5645043568,42.59389877319336,5.153254985809326
2019-04-24 03:15,120260185,23282371.816,23.282371816,32.47120666503906,5.344390869140625
2019-04-24 03:30,104375649,20207125.6464,20.2071256464,22.963653564453125,6.577095985412598
2019-04-24 03:45,101599056,19669577.2416,19.6695772416,18.415563583374023,3.789261817932129
2019-04-24 04:00,100208159,19400299.5824,19.4002995824,19.606401443481445,4.50212287902832
2019-04-24 04:15,96396510,18662364.336,18.662364336,17.755775451660156,3.8988726139068604
2019-04-24 04:30,109194177,21139992.6672,21.1399926672,18.76148223876953,5.516139030456543
2019-04-24 04:45,108059501,20920319.3936,20.9203193936,20.3501033782959,5.463334083557129
2019-04-24 05:00,83755480,16215060.928,16.215060928,20.040517807006836,3.5436654090881348
2019-04-24 05:15,106776489,20671928.2704,20.6719282704,16.076889038085938,5.798928260803223
2019-04-24 05:30,93703463,18140990.4368,18.1409904368,20.595277786254883,3.9232871532440186
2019-04-24 05:45,106200573,20560430.9328,20.5604309328,18.034513473510742,7.4096503257751465
2019-04-24 06:00,124928473,24186152.3728,24.1861523728,20.600261688232422,4.484627723693848
2019-04-24 06:15,193663685,37493289.416,37.493289416,25.108182907104492,4.620879650115967
2019-04-24 06:30,251343965,48660191.624,48.660191624,36.904632568359375,4.668885231018066
2019-04-24 06:45,225906074,43735415.9264,43.7354159264,48.198707580566406,5.017705917358398
2019-04-24 07:00,305686235,59180855.096,59.180855096,44.081687927246094,4.147633075714111
2019-04-24 07:15,401328064,77697113.1904,77.6971131904,58.897315979003906,4.143979549407959
2019-04-24 07:30,446646737,86470808.2832,86.4708082832,77.92431640625,3.6146252155303955
2019-04-24 07:45,540604888,104661106.3168,104.6611063168,86.01461791992188,5.257153511047363
2019-04-24 08:00,580106511,112308620.5296,112.3086205296,106.213623046875,4.9317946434021
2019-04-24 08:15,712050113,137852901.8768,137.8529018768,112.78752899169922,3.2549872398376465
2019-04-24 08:30,708818236,137227210.4896,137.2272104896,138.07546997070312,5.006070613861084
2019-04-24 08:45,662738497,128306173.0192,128.3061730192,137.35769653320312,3.6036956310272217
2019-04-24 09:00,672157286,130129650.5696,130.1296505696,128.83343505859375,4.595777988433838
2019-04-24 09:15,696986553,134936596.6608,134.9365966608,131.3201446533203,4.8464741706848145
2019-04-24 09:30,663549518,128463186.6848,128.4631866848,135.19906616210938,6.237420082092285
2019-04-24 09:45,554289890,107310522.704,107.310522704,129.49249267578125,3.351973056793213
2019-04-24 10:00,682583227,132148112.7472,132.1481127472,109.4044418334961,4.408500671386719
2019-04-24 10:15,718270246,139057119.6256,139.05711962560002,132.38729858398438,5.186493396759033
2019-04-24 10:30,694433229,134442273.1344,134.4422731344,141.41868591308594,3.6225745677948
2019-04-24 10:45,795745576,154056343.5136,154.05634351359998,135.25704956054688,4.642638206481934
2019-04-24 11:00,870579105,168544114.728,168.54411472799998,156.13685607910156,4.160954475402832
2019-04-24 11:15,772414508,149539448.7488,149.5394487488,169.01039123535156,4.573459625244141
2019-04-24 11:30,716040448,138625430.7328,138.6254307328,150.1464080810547,4.820223808288574
2019-04-24 11:45,794704518,153854794.6848,153.8547946848,139.04335021972656,4.103109359741211
2019-04-24 12:00,812394714,157279616.6304,157.2796166304,154.7024383544922,3.9450016021728516
2019-04-24 12:15,833529488,161371308.8768,161.3713088768,157.9365692138672,5.651368141174316
2019-04-24 12:30,800401255,154957682.968,154.957682968,163.10621643066406,3.464052438735962
2019-04-24 12:45,948385170,183607368.912,183.607368912,157.1536407470703,3.4313557147979736
2019-04-24 13:00,1074790747,208079488.6192,208.0794886192,185.72911071777344,4.896524906158447
2019-04-24 13:15,954880950,184864951.92,184.86495192,208.68202209472656,5.277400016784668
2019-04-24 13:30,1055064044,204260398.9184,204.2603989184,186.88827514648438,4.204444885253906
2019-04-24 13:45,945262030,183002729.008,183.002729008,206.1405792236328,3.9265365600585938
2019-04-24 14:00,890701533,172439816.7888,172.4398167888,182.68719482421875,4.005313873291016
2019-04-24 14:15,816940693,158159718.1648,158.15971816479998,174.03164672851562,4.936667442321777
2019-04-24 14:30,786705735,152306230.296,152.306230296,159.37985229492188,5.095914363861084
2019-04-24 14:45,768909418,148860863.32479998,148.8608633248,152.72921752929688,3.306199550628662
2019-04-24 15:00,809592295,156737068.312,156.73706831200002,151.5314483642578,5.213958740234375
2019-04-24 15:15,825683701,159852364.5136,159.85236451359998,157.89402770996094,4.018646240234375
2019-04-24 15:30,859713265,166440488.104,166.440488104,161.74127197265625,3.2710535526275635
2019-04-24 15:45,844802422,163553748.8992,163.5537488992,168.00054931640625,3.4149186611175537
2019-04-24 16:00,907855568,175760837.9648,175.7608379648,165.1968536376953,4.5264787673950195
2019-04-24 16:15,908705984,175925478.50239998,175.92547850239998,175.83441162109375,4.684162616729736
2019-04-24 16:30,845851389,163756828.9104,163.7568289104,176.0255889892578,5.0634894371032715
2019-04-24 16:45,817224694,158214700.7584,158.2147007584,164.38438415527344,3.7047946453094482
2019-04-24 17:00,881530901,170664382.4336,170.6643824336,158.9235382080078,3.6625277996063232
2019-04-24 17:15,951259196,184163780.3456,184.1637803456,172.2089080810547,4.437478065490723
2019-04-24 17:30,987470232,191174236.9152,191.1742369152,185.74449157714844,4.884674549102783
2019-04-24 17:45,959836432,185824333.2352,185.8243332352,192.00230407714844,4.6356635093688965
2019-04-24 18:00,945415112,183032365.6832,183.0323656832,185.5833740234375,3.576169729232788
2019-04-24 18:15,1087976041,210632161.5376,210.6321615376,182.3393096923828,5.094483375549316
2019-04-24 18:30,1047623366,202819883.6576,202.8198836576,209.14112854003906,3.975752115249634
2019-04-24 18:45,1049922413,203264979.1568,203.2649791568,201.60940551757812,3.4453134536743164
2019-04-24 19:00,1035293607,200432842.3152,200.4328423152,202.38731384277344,3.2832834720611572
2019-04-24 19:15,978276011,189394235.7296,189.3942357296,198.82383728027344,4.335990905761719
2019-04-24 19:30,960083717,185872207.6112,185.8722076112,189.89279174804688,4.162942886352539
2019-04-24 19:45,1015346465,196571075.624,196.571075624,186.0311279296875,4.3690924644470215
2019-04-24 20:00,980602743,189844691.0448,189.8446910448,195.344482421875,3.629714250564575
2019-04-24 20:15,884461250,171231698.0,171.231698,187.9857940673828,5.199789524078369
2019-04-24 20:30,959335215,185727297.624,185.727297624,170.0843505859375,4.130631446838379
2019-04-24 20:45,1000602490,193716642.064,193.716642064,185.06649780273438,3.7719039916992188
2019-04-24 21:00,887866698,171890992.7328,171.89099273280002,190.27589416503906,3.95266056060791
2019-04-24 21:15,891919682,172675650.4352,172.6756504352,169.74034118652344,4.664407253265381
2019-04-24 21:30,929807276,180010688.6336,180.01068863359998,170.22401428222656,4.985934734344482
2019-04-24 21:45,1018262264,197135574.3104,197.1355743104,178.3714599609375,5.004703521728516
2019-04-24 22:00,979123959,189558398.4624,189.5583984624,195.63719177246094,4.7030534744262695
2019-04-24 22:15,986206638,190929605.1168,190.9296051168,186.38499450683594,5.909076690673828
2019-04-24 22:30,1043972526,202113081.0336,202.1130810336,188.62197875976562,5.124300956726074
2019-04-24 22:45,1103140791,213568057.1376,213.5680571376,200.52505493164062,3.6333510875701904
2019-04-24 23:00,991659053,191985192.6608,191.9851926608,209.9545135498047,6.416134834289551
2019-04-24 23:15,1090122696,211047753.9456,211.0477539456,191.12957763671875,5.297881126403809
2019-04-24 23:30,940647699,182109394.5264,182.1093945264,209.80616760253906,4.1893110275268555
2019-04-24 23:45,819597813,158674136.5968,158.6741365968,180.84695434570312,3.8503527641296387
2019-04-25 00:00,720358248,139461356.8128,139.46135681279998,155.049560546875,6.531644344329834
2019-04-25 00:15,629556181,121882076.6416,121.8820766416,135.77212524414062,5.281263828277588
2019-04-25 00:30,579981083,112284337.6688,112.2843376688,118.75516510009766,4.844045162200928
2019-04-25 00:45,539061852,104362374.5472,104.3623745472,108.98077392578125,5.103457927703857
2019-04-25 01:00,519527358,100580496.5088,100.5804965088,101.11891174316406,5.339234352111816
2019-04-25 01:15,436284260,84464632.736,84.464632736,99.01119232177734,3.9681432247161865
2019-04-25 01:30,450037407,87127241.9952,87.1272419952,82.35945892333984,4.216451644897461
2019-04-25 01:45,320981055,62141932.248,62.141932248,84.86038208007812,4.4633870124816895
2019-04-25 02:00,292162622,56562683.6192,56.5626836192,60.90684509277344,3.9589037895202637
2019-04-25 02:15,277665672,53756074.0992,53.75607409919999,52.55086898803711,5.604625701904297
2019-04-25 02:30,238906671,46252331.5056,46.2523315056,51.01909255981445,4.4630913734436035
2019-04-25 02:45,209000929,40462579.8544,40.462579854400005,42.8809700012207,5.5657501220703125
2019-04-25 03:00,211230007,40894129.3552,40.8941293552,39.8442497253418,6.353701591491699
2019-04-25 03:15,171831790,33266634.544,33.266634544,39.21174240112305,4.71621561050415
2019-04-25 03:30,143415573,27765254.9328,27.7652549328,31.766353607177734,4.253316402435303
2019-04-25 03:45,130598500,25283869.6,25.2838696,26.591352462768555,3.7049808502197266
2019-04-25 04:00,112370322,21754894.3392,21.7548943392,25.171213150024414,4.416071891784668
2019-04-25 04:15,110247196,21343857.1456,21.3438571456,19.751911163330078,5.121969699859619
2019-04-25 04:30,107187386,20751477.9296,20.7514779296,20.294757843017578,4.521795749664307
2019-04-25 04:45,115270786,22316424.1696,22.3164241696,19.4366455078125,5.026050090789795
2019-04-25 05:00,108903099,21083639.9664,21.0836399664,20.355175018310547,4.8814592361450195
2019-04-25 05:15,108936923,21090188.2928,21.0901882928,19.441720962524414,4.3911542892456055
2019-04-25 05:30,128991749,24972802.6064,24.9728026064,22.072528839111328,4.659442901611328
2019-04-25 05:45,172370242,33370878.8512,33.3708788512,23.90218734741211,5.265000820159912
2019-04-25 06:00,127706492,24723976.8512,24.7239768512,33.57989501953125,3.6536314487457275
2019-04-25 06:15,185936181,35997244.6416,35.9972446416,24.676015853881836,3.550790548324585
2019-04-25 06:30,207539855,40179715.928,40.17971592799999,35.490936279296875,4.952216148376465
2019-04-25 06:45,283605156,54905958.2016,54.9059582016,38.89303207397461,4.892872333526611
2019-04-25 07:00,309513498,59921813.2128,59.9218132128,55.6666374206543,4.510348320007324
2019-04-25 07:15,484954518,93887194.6848,93.8871946848,59.73484802246094,3.1551668643951416
2019-04-25 07:30,488612273,94595336.0528,94.5953360528,94.09443664550781,3.609877824783325
2019-04-25 07:45,632291067,122411550.5712,122.4115505712,94.39738464355469,4.344259738922119
2019-04-25 08:00,815311103,157844229.5408,157.8442295408,122.2022933959961,3.092073917388916
2019-04-25 08:15,715290498,138480240.41279998,138.4802404128,156.9203643798828,2.947819948196411
2019-04-25 08:30,746579306,144537753.64159998,144.53775364159998,138.0557403564453,4.529897689819336
2019-04-25 08:45,747166891,144651510.09759998,144.65151009759998,144.57473754882812,2.8254010677337646
2019-04-25 09:00,705486536,136582193.3696,136.5821933696,145.09327697753906,4.166451454162598
2019-04-25 09:15,647558275,125367282.04,125.36728204,137.64178466796875,3.6096394062042236
2019-04-25 09:30,652731838,126368883.8368,126.3688838368,126.56957244873047,4.739134788513184
2019-04-25 09:45,573801339,111087939.2304,111.0879392304,127.96453857421875,3.6302597522735596
2019-04-25 10:00,599641569,116090607.7584,116.0906077584,112.72879791259766,4.58359956741333
2019-04-25 10:15,642557694,124399169.5584,124.3991695584,117.6202392578125,3.9145100116729736
2019-04-25 10:30,764514502,148010007.5872,148.0100075872,125.38887023925781,3.8797507286071777
2019-04-25 10:45,789244572,152797749.1392,152.7977491392,149.40806579589844,4.649714469909668
2019-04-25 11:00,832206150,161115110.64,161.11511063999998,153.67501831054688,4.477156639099121
2019-04-25 11:15,819107827,158579275.30719998,158.5792753072,161.5485382080078,3.711491823196411
2019-04-25 11:30,779645472,150939363.37919998,150.9393633792,159.13372802734375,4.286734580993652
2019-04-25 11:45,880078178,170383135.2608,170.3831352608,151.73033142089844,4.081995010375977
2019-04-25 12:00,868931415,168225121.944,168.225121944,171.56515502929688,4.199977397918701
2019-04-25 12:15,925321579,179142257.69439998,179.14225769439997,168.43348693847656,3.7878427505493164
2019-04-25 12:30,984533618,190605708.4448,190.6057084448,181.07986450195312,3.591235399246216
2019-04-25 12:45,970448209,187878773.2624,187.8787732624,194.26687622070312,3.5534987449645996
2019-04-25 13:00,1051933440,203654313.984,203.654313984,188.70249938964844,4.539226055145264
2019-04-25 13:15,1020081249,197487729.8064,197.4877298064,204.5034942626953,3.967916965484619
2019-04-25 13:30,1033008971,199990536.7856,199.9905367856,198.8330841064453,4.267824649810791
2019-04-25 13:45,945356764,183021069.5104,183.0210695104,201.15167236328125,4.558531761169434
2019-04-25 14:00,886099751,171548911.7936,171.54891179359998,183.55502319335938,3.479114055633545
2019-04-25 14:15,909058734,175993770.9024,175.99377090239997,172.619140625,4.0300140380859375
2019-04-25 14:30,973733888,188514880.7168,188.5148807168,178.42144775390625,3.8786258697509766
2019-04-25 14:45,863346932,167143966.0352,167.1439660352,189.1663360595703,3.261437177658081
2019-04-25 15:00,856492093,165816869.2048,165.8168692048,168.66819763183594,5.315179824829102
2019-04-25 15:15,931072302,180255597.6672,180.2555976672,166.786376953125,4.464120864868164
2019-04-25 15:30,841309086,162877439.0496,162.8774390496,181.8613739013672,4.228644847869873
2019-04-25 15:45,911821546,176528651.3056,176.5286513056,164.08226013183594,4.039141654968262
2019-04-25 16:00,879670183,170304147.4288,170.30414742879998,177.00045776367188,4.97537088394165
2019-04-25 16:15,901714207,174571870.4752,174.5718704752,171.76116943359375,4.171851634979248
2019-04-25 16:30,829678780,160625811.808,160.625811808,174.78326416015625,5.078720569610596
2019-04-25 16:45,817317754,158232717.1744,158.2327171744,161.5633544921875,3.916511058807373
2019-04-25 17:00,856988847,165913040.7792,165.91304077919995,160.42250061035156,4.8804426193237305
2019-04-25 17:15,1001367878,193864821.1808,193.8648211808,167.00711059570312,4.668615818023682
2019-04-25 17:30,1155482981,223701505.1216,223.7015051216,195.7789764404297,4.747132301330566
2019-04-25 17:45,1014100251,196329808.5936,196.3298085936,225.14288330078125,4.934176445007324
2019-04-25 18:00,1003978326,194370203.9136,194.3702039136,195.58213806152344,3.9633939266204834
2019-04-25 18:15,976107115,188974337.464,188.974337464,193.2244415283203,2.8099963665008545
2019-04-25 18:30,978139486,189367804.4896,189.3678044896,187.8234405517578,3.964665412902832
2019-04-25 18:45,1101396379,213230338.9744,213.2303389744,187.81906127929688,3.235281467437744
2019-04-25 19:00,1153715799,223359378.6864,223.3593786864,212.958984375,4.066712379455566
2019-04-25 19:15,1085940607,210238101.5152,210.2381015152,222.73687744140625,4.898828983306885
2019-04-25 19:30,949187518,183762703.4848,183.7627034848,209.06781005859375,4.310972213745117
2019-04-25 19:45,839822153,162589568.8208,162.5895688208,181.1724853515625,5.036055564880371
2019-04-25 20:00,914974602,177139082.9472,177.1390829472,160.05007934570312,4.471253871917725
2019-04-25 20:15,938795443,181750797.7648,181.7507977648,175.9336700439453,4.943639755249023
2019-04-25 20:30,892536695,172795104.15199998,172.795104152,179.8237762451172,4.611269474029541
2019-04-25 20:45,895749309,173417066.2224,173.4170662224,170.28811645507812,4.589000225067139
2019-04-25 21:00,913109249,176777950.60639998,176.77795060639997,171.10360717773438,4.15637731552124
2019-04-25 21:15,856745438,165865916.7968,165.86591679679998,173.62425231933594,4.662317276000977
2019-04-25 21:30,876038836,169601118.6496,169.6011186496,163.77667236328125,4.374523162841797
2019-04-25 21:45,851443065,164839377.384,164.83937738400002,167.15904235839844,5.074965000152588
2019-04-25 22:00,923281449,178747288.5264,178.7472885264,161.70680236816406,5.027628421783447
2019-04-25 22:15,903175662,174854808.1632,174.8548081632,177.01531982421875,3.273272752761841
2019-04-25 22:30,1003782635,194332318.136,194.332318136,171.82989501953125,5.2501606941223145
2019-04-25 22:45,898919345,174030785.192,174.030785192,193.12135314941406,6.159316539764404
2019-04-25 23:00,948592648,183647536.6528,183.6475366528,170.67446899414062,4.431581497192383
2019-04-25 23:15,868166002,168076937.9872,168.07693798719998,180.38868713378906,5.783712387084961
2019-04-25 23:30,843924997,163383879.4192,163.3838794192,167.02984619140625,4.832660675048828
2019-04-25 23:45,656414669,127081879.9184,127.0818799184,161.70640563964844,5.835066318511963
2019-04-26 00:00,766639319,148421372.1584,148.4213721584,122.47137451171875,6.34184455871582
2019-04-26 00:15,758794239,146902564.6704,146.90256467039998,144.85061645507812,6.351617336273193
2019-04-26 00:30,705705939,136624669.7904,136.6246697904,143.7344512939453,5.086477756500244
2019-04-26 00:45,626619756,121313584.7616,121.3135847616,133.44190979003906,5.418283939361572
2019-04-26 01:00,462523042,89544460.9312,89.54446093119999,118.44766235351562,4.626865386962891
2019-04-26 01:15,386116601,74752173.9536,74.7521739536,85.6697998046875,7.524753570556641
2019-04-26 01:30,330541893,63992910.4848,63.9929104848,70.9808578491211,5.83933162689209
2019-04-26 01:45,311645515,60334571.704,60.334571704,61.29505920410156,4.35774040222168
2019-04-26 02:00,301869798,58441992.8928,58.4419928928,57.583473205566406,6.116331100463867
2019-04-26 02:15,302908081,58643004.4816,58.6430044816,56.070457458496094,5.101518154144287
2019-04-26 02:30,243081308,47060541.2288,47.0605412288,56.31782913208008,5.230048179626465
2019-04-26 02:45,187540516,36307843.8976,36.3078438976,44.92482376098633,4.710214614868164
2019-04-26 03:00,197063550,38151503.28,38.15150328,33.166343688964844,4.104117393493652
2019-04-26 03:15,137977415,26712427.544,26.712427544,35.29448318481445,5.4721174240112305
2019-04-26 03:30,92141489,17838592.2704,17.8385922704,23.327960968017578,4.0613603591918945
2019-04-26 03:45,113960411,22062735.5696,22.0627355696,16.74811363220215,4.433493614196777
2019-04-26 04:00,94962422,18384724.8992,18.3847248992,20.292692184448242,4.463927745819092
2019-04-26 04:15,126711526,24531351.4336,24.5313514336,16.70540428161621,3.7199671268463135
2019-04-26 04:30,79775868,15444608.0448,15.4446080448,23.29491424560547,3.3384926319122314
2019-04-26 04:45,93209239,18045308.6704,18.0453086704,13.800561904907227,4.63969612121582
2019-04-26 05:00,90286630,17479491.568,17.479491568,17.281103134155273,4.57374906539917
2019-04-26 05:15,96627647,18707112.4592,18.7071124592,17.790149688720703,3.8454999923706055
2019-04-26 05:30,112968447,21870691.3392,21.8706913392,15.492278099060059,4.7310333251953125
2019-04-26 05:45,97261302,18829788.0672,18.8297880672,19.737890243530273,4.396335124969482
2019-04-26 06:00,129427917,25057244.7312,25.0572447312,18.38539695739746,3.337738275527954
2019-04-26 06:15,187957830,36388635.888,36.388635888,25.187829971313477,3.52134108543396
2019-04-26 06:30,205359483,39757595.9088,39.7575959088,36.954105377197266,4.791996955871582
2019-04-26 06:45,271122279,52489273.2144,52.4892732144,38.984378814697266,3.8511974811553955
2019-04-26 07:00,307501582,59532306.2752,59.5323062752,52.39219284057617,3.4015300273895264
2019-04-26 07:15,365788894,70816729.8784,70.8167298784,59.96821212768555,3.603173017501831
2019-04-26 07:30,518541272,100389590.2592,100.3895902592,70.7020263671875,3.3871636390686035
2019-04-26 07:45,567411063,109850781.7968,109.8507817968,99.14437103271484,3.544728994369507
2019-04-26 08:00,614108276,118891362.2336,118.8913622336,110.55890655517578,2.791386127471924
2019-04-26 08:15,665768358,128892754.1088,128.8927541088,118.45393371582031,4.207746982574463
2019-04-26 08:30,763213077,147758051.7072,147.7580517072,128.9640350341797,2.89799427986145
2019-04-26 08:45,675195772,130717901.4592,130.7179014592,148.2585906982422,3.0873970985412598
2019-04-26 09:00,589063773,114042746.4528,114.0427464528,132.3870391845703,5.856198310852051
2019-04-26 09:15,637167729,123355672.3344,123.3556723344,114.62055206298828,4.052704334259033
2019-04-26 09:30,605245977,117175621.1472,117.1756211472,124.51884460449219,5.060474872589111
2019-04-26 09:45,641172717,124131038.0112,124.1310380112,117.76921844482422,2.8282642364501953
2019-04-26 10:00,635161944,122967352.3584,122.9673523584,125.6982192993164,3.845393180847168
2019-04-26 10:15,754568290,146084420.944,146.08442094400002,125.54209899902344,4.616688251495361
2019-04-26 10:30,694313598,134419112.5728,134.4191125728,147.34255981445312,5.073388576507568
2019-04-26 10:45,708748888,137213784.7168,137.2137847168,137.4657745361328,3.6241796016693115
2019-04-26 11:00,716059279,138629076.41439998,138.62907641439998,139.4088592529297,3.1463241577148438
2019-04-26 11:15,771646601,149390781.9536,149.3907819536,139.010009765625,3.384488105773926
2019-04-26 11:30,717431321,138894703.7456,138.8947037456,149.32032775878906,3.801165819168091
2019-04-26 11:45,763818275,147875218.04,147.87521804,139.27777099609375,4.0709404945373535
2019-04-26 12:00,872785940,168971357.984,168.971357984,149.22531127929688,4.216507911682129
2019-04-26 12:15,850131402,164585439.4272,164.5854394272,171.30874633789062,4.550267696380615
2019-04-26 12:30,918045881,177733682.5616,177.7336825616,164.96249389648438,4.654082298278809
2019-04-26 12:45,882287674,170810893.6864,170.8108936864,178.15855407714844,3.08441162109375
2019-04-26 13:00,1051812950,203630987.12,203.63098712,171.39161682128906,2.9951164722442627
2019-04-26 13:15,885006616,171337280.8576,171.3372808576,205.06983947753906,4.323023796081543
2019-04-26 13:30,954384106,184768762.9216,184.7687629216,173.83224487304688,4.264124870300293
2019-04-26 13:45,897311036,173719416.5696,173.7194165696,185.54476928710938,3.7607250213623047
2019-04-26 14:00,776622346,150354086.18559998,150.35408618559998,176.01608276367188,3.1916232109069824
2019-04-26 14:15,831169298,160914376.0928,160.91437609279998,151.3310546875,3.6008737087249756
2019-04-26 14:30,828282885,160355566.53599998,160.35556653599997,162.47250366210938,3.6678783893585205
2019-04-26 14:45,810273158,156868883.3888,156.8688833888,160.9755401611328,3.915386438369751
2019-04-26 15:00,792650017,153457043.29119998,153.4570432912,158.21498107910156,5.0275559425354
2019-04-26 15:15,886982420,171719796.512,171.719796512,154.57460021972656,4.874796390533447
2019-04-26 15:30,986223688,190932905.9968,190.9329059968,173.1795654296875,5.838446140289307
2019-04-26 15:45,902145187,174655308.20319998,174.65530820319998,191.3992156982422,4.366808891296387
2019-04-26 16:00,991816464,192015667.4304,192.0156674304,175.6949005126953,3.4704091548919678
2019-04-26 16:15,871760405,168772814.408,168.772814408,193.0235595703125,3.3390045166015625
2019-04-26 16:30,820619950,158872022.32,158.87202232,168.3583221435547,3.7913424968719482
2019-04-26 16:45,890234222,172349345.37919998,172.34934537919997,160.07052612304688,3.565866231918335
2019-04-26 17:00,967236305,187256948.648,187.256948648,173.3726806640625,3.344066858291626
2019-04-26 17:15,959392775,185738441.24,185.73844124,187.75340270996094,3.494776487350464
2019-04-26 17:30,951376575,184186504.92,184.18650492,187.18313598632812,3.4469635486602783
2019-04-26 17:45,989145692,191498605.9712,191.4986059712,184.17514038085938,3.7663755416870117
2019-04-26 18:00,1038850154,201121389.8144,201.1213898144,190.3350067138672,2.9088690280914307
2019-04-26 18:15,1081568691,209391698.5776,209.3916985776,200.02166748046875,3.640416145324707
2019-04-26 18:30,968121651,187428351.6336,187.4283516336,208.54376220703125,2.3665735721588135
2019-04-26 18:45,1030377997,199481180.2192,199.4811802192,186.35877990722656,2.208932638168335
2019-04-26 19:00,939730327,181931791.3072,181.9317913072,196.80079650878906,3.2280282974243164
2019-04-26 19:15,960391195,185931735.352,185.931735352,180.36856079101562,4.271381855010986
2019-04-26 19:30,1004152769,194403976.0784,194.4039760784,183.70726013183594,3.7131803035736084
2019-04-26 19:45,929525195,179956077.752,179.956077752,193.0056610107422,4.28873348236084
2019-04-26 20:00,952147830,184335819.888,184.335819888,177.16395568847656,3.68146014213562
2019-04-26 20:15,976364025,189024075.24,189.02407524,182.77499389648438,4.463570594787598
2019-04-26 20:30,1033049132,199998311.9552,199.9983119552,186.6699981689453,4.16526985168457
2019-04-26 20:45,962284262,186298233.1232,186.2982331232,197.27548217773438,4.063666343688965
2019-04-26 21:00,970858704,187958245.0944,187.9582450944,184.2751922607422,4.266042232513428
2019-04-26 21:15,870015207,168434944.0752,168.43494407519998,186.05062866210938,4.258223056793213
2019-04-26 21:30,973929283,188552709.1888,188.5527091888,167.33277893066406,3.6302573680877686
2019-04-26 21:45,919057429,177929518.2544,177.9295182544,184.9833526611328,4.969649791717529
2019-04-26 22:00,832933529,161255931.2144,161.2559312144,174.20237731933594,4.687941551208496
2019-04-26 22:15,955950126,185071944.3936,185.0719443936,158.50526428222656,4.876969337463379
2019-04-26 22:30,885979627,171525655.7872,171.5256557872,181.75440979003906,4.852887153625488
2019-04-26 22:45,931245136,180289058.3296,180.2890583296,168.81350708007812,5.758692741394043
2019-04-26 23:00,883931103,171129061.5408,171.1290615408,176.1538848876953,6.044543266296387
2019-04-26 23:15,849747738,164511162.0768,164.5111620768,169.5143585205078,4.419264316558838
2019-04-26 23:30,837635391,162166211.6976,162.1662116976,161.11456298828125,5.559428691864014
2019-04-26 23:45,754765259,146122554.1424,146.1225541424,157.8250732421875,5.9356842041015625
2019-04-27 00:00,673742518,130436551.4848,130.4365514848,144.07923889160156,4.164952754974365
2019-04-27 00:15,649989127,125837894.9872,125.8378949872,126.87234497070312,5.38428258895874
2019-04-27 00:30,643781781,124636152.8016,124.6361528016,123.6528091430664,6.151535987854004
2019-04-27 00:45,610102708,118115884.2688,118.1158842688,124.1380844116211,5.063918590545654
2019-04-27 01:00,666042812,128945888.4032,128.9458884032,114.27892303466797,5.883267879486084
2019-04-27 01:15,604819574,117093069.5264,117.0930695264,126.58724975585938,5.766598701477051
2019-04-27 01:30,474290302,91822602.4672,91.8226024672,116.06305694580078,4.958310127258301
2019-04-27 01:45,403254193,78070011.7648,78.0700117648,87.59083557128906,5.7868781089782715
2019-04-27 02:00,335045435,64864796.216,64.864796216,73.96217346191406,5.973052978515625
2019-04-27 02:15,300092005,58097812.168,58.097812168,62.04451370239258,6.432737350463867
2019-04-27 02:30,294718952,57057589.1072,57.0575891072,57.089942932128906,4.498485565185547
2019-04-27 02:45,288607026,55874320.2336,55.8743202336,56.84518814086914,5.797998428344727
2019-04-27 03:00,276539747,53538095.0192,53.5380950192,53.76120376586914,4.354176044464111
2019-04-27 03:15,252660220,48915018.592,48.915018592,52.384117126464844,3.322057008743286
2019-04-27 03:30,236615154,45808693.8144,45.8086938144,47.23402404785156,4.994439601898193
2019-04-27 03:45,205751582,39833506.2752,39.8335062752,43.10651779174805,7.752071857452393
2019-04-27 04:00,162925089,31542297.2304,31.5422972304,36.981834411621094,5.507570266723633
2019-04-27 04:15,138799864,26871653.6704,26.8716536704,31.653900146484375,5.740245819091797
2019-04-27 04:30,128570599,24891267.9664,24.8912679664,26.48577308654785,5.386542797088623
2019-04-27 04:45,138241394,26763533.8784,26.7635338784,23.897077560424805,4.65935754776001
2019-04-27 05:00,134741883,26086028.5488,26.0860285488,26.375688552856445,3.8869011402130127
2019-04-27 05:15,131793223,25515167.9728,25.5151679728,25.671354293823242,3.8491287231445312
2019-04-27 05:30,142436358,27575678.9088,27.5756789088,25.960094451904297,5.074704170227051
2019-04-27 05:45,141588700,27411572.32,27.41157232,25.115812301635742,5.70492696762085
2019-04-27 06:00,96487560,18679991.616,18.679991616,26.016420364379883,4.986060619354248
2019-04-27 06:15,125792461,24353420.4496,24.3534204496,19.48529624938965,4.248951435089111
2019-04-27 06:30,148073244,28666980.0384,28.6669800384,22.22207260131836,6.162746906280518
2019-04-27 06:45,148317927,28714350.6672,28.7143506672,26.707406997680664,4.345578193664551
2019-04-27 07:00,183939521,35610691.2656,35.6106912656,29.708660125732422,4.323802947998047
2019-04-27 07:15,189945745,36773496.232,36.773496232,36.966548919677734,5.477461814880371
2019-04-27 07:30,201420083,38994928.0688,38.9949280688,37.0463752746582,4.3890228271484375
2019-04-27 07:45,260303119,50394683.8384,50.3946838384,38.09514236450195,4.115606307983398
2019-04-27 08:00,337533457,65346477.2752,65.34647727519999,50.82210159301758,4.395055770874023
2019-04-27 08:15,495267377,95883764.1872,95.8837641872,65.78351593017578,4.935266494750977
2019-04-27 08:30,484400003,93779840.5808,93.7798405808,96.19634246826172,3.9895174503326416
2019-04-27 08:45,533383839,103263111.2304,103.2631112304,92.84770965576172,4.602718830108643
2019-04-27 09:00,636381096,123203380.1856,123.2033801856,103.76239013671875,4.435184001922607
2019-04-27 09:15,626752825,121339346.92,121.33934692,124.10948944091797,4.804319858551025
2019-04-27 09:30,664690984,128684174.5024,128.6841745024,121.98844146728516,4.155066967010498
2019-04-27 09:45,666309822,128997581.5392,128.99758153919998,128.60433959960938,4.336531162261963
2019-04-27 10:00,804624825,155775366.12,155.77536612,131.44532775878906,5.457435131072998
2019-04-27 10:15,745046032,144240911.7952,144.2409117952,157.3754425048828,3.9012668132781982
2019-04-27 10:30,791632603,153260071.94079998,153.26007194079995,145.90577697753906,5.681231498718262
2019-04-27 10:45,807548643,156341417.2848,156.3414172848,154.1129150390625,4.545158863067627
2019-04-27 11:00,777478980,150519930.528,150.519930528,157.82171630859375,5.258021354675293
2019-04-27 11:15,783503610,151686298.896,151.686298896,151.93870544433594,4.723736763000488
2019-04-27 11:30,865035289,167470831.9504,167.4708319504,154.69424438476562,5.315145969390869
2019-04-27 11:45,885105183,171356363.4288,171.3563634288,169.2988739013672,4.344725131988525
2019-04-27 12:00,913025517,176761740.0912,176.76174009119998,171.89610290527344,5.337434768676758
2019-04-27 12:15,840694693,162758492.5648,162.7584925648,177.23739624023438,3.9305014610290527
2019-04-27 12:30,785514347,152075577.5792,152.0755775792,164.65380859375,5.13762092590332
2019-04-27 12:45,864606906,167387897.0016,167.3878970016,154.29702758789062,4.928544521331787
2019-04-27 13:00,858751639,166254317.3104,166.2543173104,168.9458465576172,3.9208552837371826
2019-04-27 13:15,858718006,166247805.9616,166.2478059616,167.24551391601562,5.355937957763672
2019-04-27 13:30,913765272,176904956.65919998,176.9049566592,168.6649932861328,4.658564567565918
2019-04-27 13:45,896083491,173481763.8576,173.4817638576,178.6857452392578,5.653233528137207
2019-04-27 14:00,863116878,167099427.5808,167.09942758079998,174.84103393554688,4.550787925720215
2019-04-27 14:15,897363998,173729670.0128,173.7296700128,168.33546447753906,4.0190253257751465
2019-04-27 14:30,900684699,174372557.7264,174.37255772639998,175.4547882080078,4.053735256195068
2019-04-27 14:45,912445340,176649417.824,176.649417824,175.06234741210938,4.65085506439209
2019-04-27 15:00,992576309,192162773.4224,192.1627734224,178.07298278808594,4.457298278808594
2019-04-27 15:15,1008435944,195233198.7584,195.2331987584,193.09373474121094,5.358796119689941
2019-04-27 15:30,966985835,187208457.656,187.208457656,198.4230499267578,6.0337629318237305
2019-04-27 15:45,865681465,167595931.62399998,167.59593162399997,187.42684936523438,4.471930503845215
2019-04-27 16:00,937211750,181444194.8,181.4441948,168.47483825683594,4.815344333648682
2019-04-27 16:15,994972084,192626595.4624,192.6265954624,181.62477111816406,4.499683380126953
2019-04-27 16:30,920565939,178221565.7904,178.2215657904,192.3666534423828,3.8474252223968506
2019-04-27 16:45,896763470,173613407.792,173.613407792,179.43914794921875,3.3975229263305664
2019-04-27 17:00,848247180,164220654.048,164.220654048,172.5695343017578,4.168109893798828
2019-04-27 17:15,909545041,176087919.9376,176.0879199376,165.4423828125,3.6246724128723145
2019-04-27 17:30,937535922,181506954.4992,181.5069544992,177.10614013671875,4.400397777557373
2019-04-27 17:45,1047560536,202807719.7696,202.8077197696,183.27481079101562,3.916893720626831
2019-04-27 18:00,994516150,192538326.64,192.53832664,203.16940307617188,4.500807762145996
2019-04-27 18:15,949879384,183896648.7424,183.8966487424,192.20057678222656,4.749660491943359
2019-04-27 18:30,900778106,174390641.3216,174.3906413216,183.3697052001953,3.995014190673828
2019-04-27 18:45,1020136563,197498438.5968,197.4984385968,174.05601501464844,5.246731281280518
2019-04-27 19:00,906614650,175520596.24,175.52059624,196.55140686035156,4.669406414031982
2019-04-27 19:15,918249271,177773058.8656,177.77305886559998,174.6209259033203,4.121690273284912
2019-04-27 19:30,939023288,181794908.5568,181.7949085568,176.09945678710938,3.7535035610198975
2019-04-27 19:45,886640652,171653630.2272,171.6536302272,180.71762084960938,5.463413715362549
2019-04-27 20:00,836083480,161865761.728,161.865761728,170.1687774658203,4.507562160491943
2019-04-27 20:15,903769188,174969714.7968,174.9697147968,158.9668731689453,4.943702220916748
2019-04-27 20:30,947442996,183424964.0256,183.4249640256,173.8271484375,5.50637674331665
2019-04-27 20:45,888335632,171981778.3552,171.9817783552,182.66220092773438,5.601057052612305
2019-04-27 21:00,804552466,155761357.4176,155.7613574176,171.57815551757812,4.579787254333496
2019-04-27 21:15,970245647,187839557.2592,187.8395572592,153.30296325683594,5.499768257141113
2019-04-27 21:30,962214331,186284694.4816,186.2846944816,185.2936248779297,5.6798481941223145
2019-04-27 21:45,1062504293,205700831.1248,205.7008311248,184.9311981201172,5.127016544342041
2019-04-27 22:00,836202107,161888727.9152,161.8887279152,202.74276733398438,5.180337429046631
2019-04-27 22:15,879314037,170235197.5632,170.2351975632,159.3553009033203,6.478915214538574
2019-04-27 22:30,875113408,169421955.7888,169.4219557888,168.52992248535156,4.456174373626709
2019-04-27 22:45,838706963,162373668.0368,162.37366803679998,167.99887084960938,4.865644931793213
2019-04-27 23:00,887864172,171890503.6992,171.8905036992,159.18515014648438,7.5517802238464355
2019-04-27 23:15,906094521,175419899.2656,175.4198992656,170.0782470703125,6.103787422180176
2019-04-27 23:30,946865048,183313073.2928,183.3130732928,171.7191925048828,5.497933387756348
2019-04-27 23:45,782638868,151518884.8448,151.5188848448,180.47325134277344,5.436450481414795
2019-04-28 00:00,721908504,139761486.3744,139.7614863744,148.8067626953125,6.196935176849365
2019-04-28 00:15,691730477,133919020.3472,133.9190203472,135.4853057861328,6.669452667236328
2019-04-28 00:30,659499915,127679183.544,127.679183544,132.0908660888672,4.464746952056885
2019-04-28 00:45,637860644,123489820.6784,123.4898206784,124.43096160888672,5.844232082366943
2019-04-28 01:00,675092139,130697838.1104,130.6978381104,121.87155151367188,4.894187927246094
2019-04-28 01:15,646698783,125200884.3888,125.2008843888,128.76841735839844,5.826460838317871
2019-04-28 01:30,539034994,104357174.8384,104.35717483839998,121.77420806884766,4.77704381942749
2019-04-28 01:45,517912456,100267851.4816,100.2678514816,101.80264282226562,5.937672138214111
2019-04-28 02:00,503024001,97385446.5936,97.3854465936,98.47444152832031,4.3924384117126465
2019-04-28 02:15,441926556,85556981.24159999,85.55698124159998,95.55074310302734,5.569009304046631
2019-04-28 02:30,334054754,64673000.3744,64.6730003744,83.79350280761719,5.156455993652344
2019-04-28 02:45,262913086,50899973.4496,50.8999734496,63.41358947753906,3.790863275527954
2019-04-28 03:00,246217988,47667802.4768,47.667802476800006,49.034698486328125,5.949909687042236
2019-04-28 03:15,217210336,42051921.0496,42.0519210496,46.58932113647461,5.966484546661377
2019-04-28 03:30,191148562,37006361.6032,37.0063616032,42.0097770690918,4.446426868438721
2019-04-28 03:45,192908677,37347119.8672,37.3471198672,37.65082931518555,4.8616132736206055
2019-04-28 04:00,180288907,34903932.3952,34.9039323952,37.355350494384766,6.550732612609863
2019-04-28 04:15,166929704,32317590.6944,32.3175906944,33.75647735595703,4.171308517456055
2019-04-28 04:30,142045938,27500093.5968,27.5000935968,31.495450973510742,4.594167232513428
2019-04-28 04:45,130856571,25333832.1456,25.3338321456,24.50374412536621,6.75004243850708
2019-04-28 05:00,118946921,23028123.9056,23.0281239056,25.37175178527832,4.314693927764893
2019-04-28 05:15,124249668,24054735.7248,24.0547357248,22.088624954223633,6.821617126464844
2019-04-28 05:30,136490345,26424530.792,26.424530792,23.701194763183594,3.954500913619995
2019-04-28 05:45,126554194,24500891.9584,24.5008919584,26.296001434326172,5.476646423339844
2019-04-28 06:00,131114964,25383857.0304,25.3838570304,25.82430076599121,5.797115802764893
2019-04-28 06:15,125130970,24225355.792,24.225355792,25.086801528930664,5.121450424194336
2019-04-28 06:30,74040988,14334335.2768,14.3343352768,23.929399490356445,4.381215572357178
2019-04-28 06:45,103591267,20055269.2912,20.0552692912,14.289091110229492,5.563575267791748
2019-04-28 07:00,120470840,23323154.624,23.323154624,19.841121673583984,3.8551790714263916
2019-04-28 07:15,172692298,33433228.8928,33.4332288928,23.681198120117188,4.680509567260742
2019-04-28 07:30,204457619,39582995.0384,39.5829950384,33.51092529296875,4.36921501159668
2019-04-28 07:45,223960288,43358711.7568,43.3587117568,41.493247985839844,4.767790794372559
2019-04-28 08:00,303758001,58807548.9936,58.8075489936,43.455501556396484,5.482235431671143
2019-04-28 08:15,300385993,58154728.2448,58.154728244800005,60.76142501831055,6.684695243835449
2019-04-28 08:30,323201211,62571754.4496,62.57175444959999,57.06626892089844,4.747361183166504
2019-04-28 08:45,372668481,72148617.9216,72.14861792159999,63.22731018066406,4.635408878326416
2019-04-28 09:00,460327198,89119345.5328,89.1193455328,73.36316680908203,4.014369964599609
2019-04-28 09:15,505015095,97770922.392,97.770922392,91.10025024414062,4.701168060302734
2019-04-28 09:30,469559059,90906633.8224,90.9066338224,99.57318115234375,5.450859546661377
2019-04-28 09:45,559438984,108307387.3024,108.3073873024,91.81065368652344,5.718420505523682
2019-04-28 10:00,739449031,143157332.4016,143.1573324016,109.50027465820312,5.163478851318359
2019-04-28 10:15,631833361,122322938.6896,122.3229386896,147.12841796875,3.9689176082611084
2019-04-28 10:30,693421357,134246374.7152,134.2463747152,123.5280990600586,4.196765899658203
2019-04-28 10:45,802220750,155309937.2,155.30993719999998,135.7538299560547,4.3721160888671875
2019-04-28 11:00,809714944,156760813.1584,156.7608131584,157.62606811523438,4.267100811004639
2019-04-28 11:15,793501633,153621916.1488,153.62191614879998,159.00469970703125,5.415989398956299
2019-04-28 11:30,812916053,157380547.8608,157.3805478608,155.33218383789062,3.9035072326660156
2019-04-28 11:45,899455684,174134620.4224,174.1346204224,159.82325744628906,4.823992729187012
2019-04-28 12:00,873914923,169189929.0928,169.1899290928,175.13954162597656,5.167605876922607
2019-04-28 12:15,801105758,155094074.7488,155.0940747488,171.36203002929688,3.8613991737365723
2019-04-28 12:30,810434107,156900043.11519998,156.9000431152,156.02496337890625,5.986902713775635
2019-04-28 12:45,882568414,170865244.9504,170.86524495039998,158.12637329101562,4.297014236450195
2019-04-28 13:00,740761108,143411350.5088,143.4113505088,173.4542236328125,5.128347396850586
2019-04-28 13:15,765043397,148112401.65919998,148.11240165919995,144.39451599121094,5.314471244812012
2019-04-28 13:30,888235953,171962480.50079998,171.96248050079998,148.96083068847656,4.857754707336426
2019-04-28 13:45,935468268,181106656.6848,181.1066566848,173.3353271484375,2.9007484912872314
2019-04-28 14:00,829078551,160509607.4736,160.5096074736,183.62347412109375,4.511460304260254
2019-04-28 14:15,866750560,167802908.416,167.802908416,163.13648986816406,3.5111663341522217
2019-04-28 14:30,972917821,188356890.1456,188.3568901456,170.03089904785156,4.6370463371276855
2019-04-28 14:45,935039995,181023743.032,181.023743032,188.9574432373047,4.749087810516357
2019-04-28 15:00,947118227,183362088.7472,183.3620887472,182.33447265625,3.7034506797790527
2019-04-28 15:15,954967469,184881701.9984,184.8817019984,183.88137817382812,4.578747272491455
2019-04-28 15:30,999928067,193586073.7712,193.5860737712,187.1278076171875,4.553519248962402
2019-04-28 15:45,977182263,189182486.1168,189.1824861168,194.92507934570312,4.999666690826416
2019-04-28 16:00,986977520,191078847.872,191.078847872,189.609130859375,5.646495819091797
2019-04-28 16:15,949679711,183857992.0496,183.8579920496,192.25103759765625,4.638481616973877
2019-04-28 16:30,1042980540,201921032.544,201.921032544,185.9109344482422,5.683436870574951
2019-04-28 16:45,1071582131,207458300.5616,207.4583005616,202.2648468017578,5.690621852874756
2019-04-28 17:00,1017477040,196983554.944,196.983554944,207.86480712890625,5.016171932220459
2019-04-28 17:15,1011927519,195909167.6784,195.9091676784,198.20388793945312,6.487060546875
2019-04-28 17:30,1037364778,200833821.0208,200.8338210208,197.21669006347656,5.229905605316162
2019-04-28 17:45,1038991028,201148663.0208,201.1486630208,201.41574096679688,5.271979331970215
2019-04-28 18:00,1026351817,198701711.7712,198.7017117712,200.4951934814453,4.266019821166992
2019-04-28 18:15,1104487790,213828836.144,213.828836144,197.67337036132812,5.726737022399902
2019-04-28 18:30,1169966835,226505579.256,226.505579256,213.93429565429688,5.226381778717041
2019-04-28 18:45,1144254722,221527714.1792,221.5277141792,226.18441772460938,4.322088718414307
2019-04-28 19:00,1026230519,198678228.4784,198.6782284784,220.8013153076172,5.318053245544434
2019-04-28 19:15,1034107704,200203251.4944,200.2032514944,197.2442626953125,6.065793514251709
2019-04-28 19:30,1017135054,196917346.4544,196.9173464544,200.4239044189453,4.221426963806152
2019-04-28 19:45,1004130407,194399646.7952,194.3996467952,194.59634399414062,4.367697238922119
2019-04-28 20:00,971504257,188083224.1552,188.0832241552,192.8592987060547,6.087971210479736
2019-04-28 20:15,982086496,190131945.6256,190.1319456256,187.5229949951172,4.529232025146484
2019-04-28 20:30,972969355,188366867.128,188.366867128,189.9061737060547,6.183344841003418
2019-04-28 20:45,968598482,187520666.1152,187.5206661152,186.65794372558594,5.74159574508667
2019-04-28 21:00,1003324595,194243641.592,194.243641592,186.10194396972656,4.838204860687256
2019-04-28 21:15,1064438322,206075259.1392,206.0752591392,193.9965057373047,5.5399088859558105
2019-04-28 21:30,890692639,172438094.9104,172.4380949104,206.1291046142578,5.8656134605407715
2019-04-28 21:45,911223889,176412944.9104,176.4129449104,171.6743927001953,3.993393659591675
2019-04-28 22:00,1048061501,202904706.5936,202.9047065936,174.60003662109375,4.079969882965088
2019-04-28 22:15,981338902,189987211.4272,189.9872114272,201.6392822265625,5.890879154205322
2019-04-28 22:30,995922351,192810567.1536,192.8105671536,186.0245361328125,6.097385883331299
2019-04-28 22:45,919634189,178041178.9904,178.0411789904,190.8451385498047,4.54320764541626
2019-04-28 23:00,939759419,181937423.5184,181.9374235184,175.4606170654297,8.146344184875488
2019-04-28 23:15,882869527,170923540.4272,170.92354042719998,183.02418518066406,4.721645355224609
2019-04-28 23:30,909666131,176111362.9616,176.1113629616,169.37255859375,5.2638092041015625
2019-04-28 23:45,843429214,163287895.8304,163.2878958304,173.6509552001953,4.7995285987854
2019-04-29 00:00,705258420,136538030.112,136.538030112,161.06332397460938,4.5328850746154785
2019-04-29 00:15,628295156,121637942.2016,121.6379422016,134.72817993164062,4.817640781402588
2019-04-29 00:30,568766059,110113109.0224,110.1131090224,120.44769287109375,4.580311298370361
2019-04-29 00:45,525106753,101660667.3808,101.6606673808,108.99871826171875,5.100965976715088
2019-04-29 01:00,471962146,91371871.4656,91.3718714656,97.70896911621094,6.03621768951416
2019-04-29 01:15,406968334,78789069.4624,78.78906946240001,87.93677520751953,4.708574295043945
2019-04-29 01:30,635058896,122947402.2656,122.9474022656,77.78144073486328,6.297896385192871
2019-04-29 01:45,333450582,64556032.6752,64.5560326752,120.06522369384766,5.324884414672852
2019-04-29 02:00,289224509,55993864.9424,55.9938649424,63.60490036010742,4.766063213348389
2019-04-29 02:15,221868713,42953782.8368,42.9537828368,56.67318344116211,5.148614406585693
2019-04-29 02:30,236661713,45817707.6368,45.8177076368,41.25493621826172,5.8022565841674805
2019-04-29 02:45,192105607,37191645.5152,37.1916455152,44.47311019897461,4.55198335647583
2019-04-29 03:00,165350125,32011784.2,32.0117842,35.897708892822266,4.82905912399292
2019-04-29 03:15,200181746,38755186.0256,38.7551860256,30.670419692993164,4.084773540496826
2019-04-29 03:30,140978843,27293504.0048,27.2935040048,38.24311828613281,5.3295488357543945
2019-04-29 03:45,129653165,25100852.744,25.100852744,25.19139289855957,6.513041019439697
2019-04-29 04:00,105355903,20396902.8208,20.3969028208,25.1535587310791,5.352440357208252
2019-04-29 04:15,94265248,18249752.0128,18.2497520128,20.19083595275879,4.926926612854004
2019-04-29 04:30,109902023,21277031.6528,21.2770316528,18.162315368652344,4.863323211669922
2019-04-29 04:45,108410551,20988282.6736,20.9882826736,20.878826141357422,4.9122633934021
2019-04-29 05:00,90491259,17519107.742399998,17.5191077424,20.9835147857666,6.076499938964844
2019-04-29 05:15,93764883,18152881.3488,18.1528813488,16.722129821777344,4.295207977294922
2019-04-29 05:30,105862296,20494940.5056,20.4949405056,17.63730239868164,4.345682144165039
2019-04-29 05:45,107965559,20902132.2224,20.9021322224,20.111352920532227,4.3152899742126465
2019-04-29 06:00,107503937,20812762.2032,20.8127622032,20.652305603027344,4.4412150382995605
2019-04-29 06:15,144698215,28013574.424,28.013574424,20.7187557220459,4.852672576904297
2019-04-29 06:30,287235589,55608810.0304,55.6088100304,27.687152862548828,4.9695611000061035
2019-04-29 06:45,370071085,71645762.056,71.645762056,55.222267150878906,4.680332183837891
2019-04-29 07:00,543399298,105202104.0928,105.20210409279998,73.16667938232422,4.388668537139893
2019-04-29 07:15,691763407,133925395.5952,133.9253955952,104.01828002929688,4.8967485427856445
2019-04-29 07:30,707979780,137064885.408,137.06488540799998,135.37879943847656,3.94288969039917
2019-04-29 07:45,645130744,124897312.0384,124.8973120384,136.24925231933594,4.378489971160889
2019-04-29 08:00,688820236,133355597.6896,133.3555976896,124.33708953857422,3.381277322769165
2019-04-29 08:15,663790705,128509880.488,128.509880488,132.5295867919922,4.019094944000244
2019-04-29 08:30,865244505,167511336.16799998,167.511336168,128.79978942871094,4.193798542022705
2019-04-29 08:45,825344507,159786696.55519998,159.78669655519997,166.89683532714844,4.453207015991211
2019-04-29 09:00,627332608,121451592.9088,121.4515929088,162.6256103515625,4.151960372924805
2019-04-29 09:15,547213229,105940481.1344,105.9404811344,123.3678970336914,4.443340301513672
2019-04-29 09:30,644655117,124805230.6512,124.8052306512,107.9559326171875,3.9353017807006836
2019-04-29 09:45,604660916,117062353.3376,117.0623533376,125.68264770507812,6.214293956756592
2019-04-29 10:00,549426554,106368980.8544,106.3689808544,119.15180969238281,3.7706570625305176
2019-04-29 10:15,551791637,106826860.9232,106.8268609232,107.83373260498047,2.98695969581604
2019-04-29 10:30,577745412,111851511.7632,111.8515117632,107.53973388671875,4.700812339782715
2019-04-29 10:45,599772144,116115887.0784,116.1158870784,112.537109375,4.964878559112549
2019-04-29 11:00,560722509,108555877.7424,108.5558777424,116.9006576538086,3.927992343902588
2019-04-29 11:15,640993584,124096357.8624,124.0963578624,110.14432525634766,5.239433765411377
2019-04-29 11:30,607845315,117678852.984,117.678852984,125.1687240600586,4.3884477615356445
2019-04-29 11:45,707271257,136927715.3552,136.92771535519998,118.90155792236328,3.2996482849121094
2019-04-29 12:00,768652037,148811034.3632,148.8110343632,138.6141815185547,4.151653289794922
2019-04-29 12:15,763365147,147787492.4592,147.7874924592,149.05963134765625,4.436010837554932
2019-04-29 12:30,832509915,161173919.544,161.173919544,149.13504028320312,3.5511207580566406
2019-04-29 12:45,936030283,181215462.7888,181.2154627888,161.90333557128906,5.76772928237915
2019-04-29 13:00,871380295,168699225.112,168.699225112,183.0274658203125,6.438384056091309
2019-04-29 13:15,851023776,164758203.0336,164.7582030336,169.11318969726562,4.790666580200195
2019-04-29 13:30,832037930,161082543.248,161.082543248,166.47259521484375,3.452855348587036
2019-04-29 13:45,760099765,147155314.504,147.15531450400002,161.8990478515625,5.394464015960693
2019-04-29 14:00,750933300,145380686.88,145.38068687999998,147.76731872558594,5.497044086456299
2019-04-29 14:15,761245850,147377196.56,147.37719656000002,145.9513397216797,3.5035009384155273
2019-04-29 14:30,836792516,162003031.09759998,162.00303109759997,149.93356323242188,4.497036457061768
2019-04-29 14:45,727607208,140864755.4688,140.8647554688,162.62078857421875,3.75958514213562
2019-04-29 15:00,625863176,121167110.8736,121.1671108736,142.47064208984375,5.304189205169678
2019-04-29 15:15,692061153,133983039.2208,133.9830392208,123.65869903564453,5.303718090057373
2019-04-29 15:30,752231747,145632066.2192,145.6320662192,134.63548278808594,3.412275552749634
2019-04-29 15:45,845180163,163626879.5568,163.62687955680002,146.39169311523438,4.126855373382568
2019-04-29 16:00,811712061,157147455.00959998,157.14745500959998,163.7336883544922,5.277973651885986
2019-04-29 16:15,823516979,159432887.1344,159.4328871344,159.76480102539062,4.310373306274414
2019-04-29 16:30,860181265,166531092.90399998,166.531092904,160.5914764404297,4.4723992347717285
2019-04-29 16:45,886722472,171669470.5792,171.6694705792,166.8571014404297,5.493794918060303
2019-04-29 17:00,994805848,192594412.1728,192.5944121728,171.4928741455078,4.841194152832031
2019-04-29 17:15,1045976101,202500973.1536,202.5009731536,192.72772216796875,4.275616645812988
2019-04-29 17:30,1063863350,205963944.56,205.96394456,203.566162109375,4.409676551818848
2019-04-29 17:45,1045833248,202473316.8128,202.4733168128,208.37547302246094,5.7191901206970215
2019-04-29 18:00,1010744003,195680038.9808,195.6800389808,200.06593322753906,3.8631389141082764
2019-04-29 18:15,1035439680,200461122.048,200.461122048,194.50416564941406,4.236015796661377
2019-04-29 18:30,1025884049,198611151.8864,198.6111518864,199.3414764404297,4.147232532501221
2019-04-29 18:45,1034462374,200271915.6064,200.2719156064,197.59230041503906,4.15570592880249
2019-04-29 19:00,900546271,174345758.0656,174.3457580656,199.56712341308594,4.287919521331787
2019-04-29 19:15,884248242,171190459.6512,171.1904596512,172.31387329101562,4.471376419067383
2019-04-29 19:30,822586677,159252780.6672,159.2527806672,169.92727661132812,5.269411087036133
2019-04-29 19:45,954528440,184796705.984,184.796705984,158.58267211914062,4.149067401885986
2019-04-29 20:00,1015182706,196539371.8816,196.5393718816,184.068115234375,4.618335247039795
2019-04-29 20:15,996241716,192872396.2176,192.8723962176,195.0059814453125,3.737769603729248
2019-04-29 20:30,999203706,193445837.4816,193.4458374816,190.79931640625,4.14321756362915
2019-04-29 20:45,949932166,183906867.3376,183.9068673376,192.0271759033203,5.094794750213623
2019-04-29 21:00,887048420,171732574.112,171.73257411199998,182.54110717773438,5.090755939483643
2019-04-29 21:15,907200113,175633941.8768,175.6339418768,169.7590789794922,3.742220401763916
2019-04-29 21:30,949767039,183874898.7504,183.8748987504,173.46646118164062,5.54536247253418
2019-04-29 21:45,1007102273,194975000.0528,194.9750000528,183.61404418945312,4.55792760848999
2019-04-29 22:00,1086103453,210269628.5008,210.2696285008,192.55191040039062,5.136981010437012
2019-04-29 22:15,1042506428,201829244.4608,201.8292444608,208.75283813476562,3.3033881187438965
2019-04-29 22:30,1108529433,214611298.2288,214.6112982288,199.24777221679688,4.272266864776611
2019-04-29 22:45,998447668,193299468.5248,193.2994685248,212.8343048095703,4.548901081085205
2019-04-29 23:00,1034819357,200341027.5152,200.3410275152,190.6634063720703,3.602421760559082
2019-04-29 23:15,909433131,176066254.1616,176.0662541616,197.39146423339844,5.795054912567139
2019-04-29 23:30,772795971,149613299.9856,149.6132999856,173.79837036132812,4.665113925933838
2019-04-29 23:45,672704995,130235687.032,130.235687032,147.24383544921875,4.672053813934326
2019-04-30 00:00,614014850,118873274.96,118.87327496,127.73204040527344,4.901556491851807
2019-04-30 00:15,578616396,112020134.2656,112.0201342656,116.95396423339844,5.928422451019287
2019-04-30 00:30,523228284,101296995.7824,101.2969957824,107.2448501586914,6.3509721755981445
2019-04-30 00:45,479973242,92922819.6512,92.9228196512,98.87124633789062,4.985202312469482
2019-04-30 01:00,427241290,82713913.744,82.71391374400001,91.50023651123047,5.467353820800781
2019-04-30 01:15,368454383,71332768.54879999,71.33276854879999,81.42356872558594,5.671484470367432
2019-04-30 01:30,334301280,64720727.808,64.72072780799999,68.11750030517578,6.478475570678711
2019-04-30 01:45,261932026,50710040.2336,50.7100402336,60.96266555786133,6.0918755531311035
2019-04-30 02:00,314214762,60831977.9232,60.83197792319999,48.414493560791016,5.93159818649292
2019-04-30 02:15,260281270,50390453.872,50.390453872,59.45975112915039,4.352634429931641
2019-04-30 02:30,187233524,36248410.2464,36.2484102464,48.81551742553711,5.042884826660156
2019-04-30 02:45,154787607,29966880.7152,29.9668807152,34.73461151123047,4.701777458190918
2019-04-30 03:00,143345917,27751769.5312,27.7517695312,28.819299697875977,4.508610248565674
2019-04-30 03:15,137230092,26567745.8112,26.5677458112,28.121665954589844,4.720705509185791
2019-04-30 03:30,134867669,26110380.7184,26.1103807184,24.29191017150879,5.34581995010376
2019-04-30 03:45,130411018,25247573.0848,25.2475730848,24.297407150268555,4.408897876739502
2019-04-30 04:00,134168784,25975076.5824,25.9750765824,25.13019561767578,6.250714302062988
2019-04-30 04:15,128436751,24865354.9936,24.8653549936,24.988391876220703,4.792618751525879
2019-04-30 04:30,130774732,25317988.1152,25.3179881152,24.212265014648438,6.159398078918457
2019-04-30 04:45,134269394,25994554.6784,25.9945546784,23.81011962890625,3.0839807987213135
2019-04-30 05:00,127047940,24596481.184,24.596481184,24.164003372192383,5.473764896392822
2019-04-30 05:15,126731762,24535269.1232,24.5352691232,25.101287841796875,4.489068984985352
2019-04-30 05:30,90055614,17434766.8704,17.4347668704,23.716129302978516,5.279956340789795
2019-04-30 05:45,144485083,27972312.0688,27.9723120688,15.805354118347168,5.210888385772705
2019-04-30 06:00,155902775,30182777.24,30.18277724,29.008481979370117,5.433709144592285
2019-04-30 06:15,248691643,48146702.0848,48.1467020848,29.436338424682617,5.150567531585693
2019-04-30 06:30,259203040,50181708.544,50.181708544,48.252784729003906,4.253941535949707
2019-04-30 06:45,362100714,70102698.2304,70.1026982304,51.912132263183594,3.668623208999634
2019-04-30 07:00,457311165,88535441.544,88.535441544,71.06275177001953,4.904516696929932
2019-04-30 07:15,647796947,125413488.9392,125.4134889392,89.7210922241211,3.440589427947998
2019-04-30 07:30,598855932,115938508.4352,115.9385084352,125.86646270751953,4.583980560302734
2019-04-30 07:45,682447609,132121857.1024,132.1218571024,114.6152114868164,4.575826644897461
2019-04-30 08:00,800148075,154908667.32,154.90866732,133.2733612060547,3.994476318359375
2019-04-30 08:15,947139680,183366242.048,183.366242048,154.14218139648438,3.5113937854766846
2019-04-30 08:30,793040523,153532645.2528,153.5326452528,184.313232421875,2.7143070697784424
2019-04-30 08:45,775281298,150094459.2928,150.0944592928,154.40420532226562,4.644802093505859
2019-04-30 09:00,715819758,138582705.1488,138.5827051488,151.560302734375,3.527395248413086
2019-04-30 09:15,606511741,117420673.0576,117.4206730576,139.85997009277344,4.776436805725098
2019-04-30 09:30,565390343,109459570.4048,109.4595704048,120.9170150756836,3.695878744125366
2019-04-30 09:45,631641246,122285745.2256,122.2857452256,112.9084243774414,5.8522820472717285
2019-04-30 10:00,622447135,120505765.336,120.505765336,123.95794677734375,4.701950550079346
2019-04-30 10:15,634028950,122748004.72,122.74800472,122.69387817382812,4.33785343170166
2019-04-30 10:30,619116386,119860932.3296,119.8609323296,123.7071762084961,4.57887077331543
2019-04-30 10:45,629071212,121788186.6432,121.7881866432,121.27262115478516,5.28542947769165
2019-04-30 11:00,658332128,127453099.9808,127.4530999808,123.92845153808594,4.0739336013793945
2019-04-30 11:15,724711403,140304127.6208,140.3041276208,129.88328552246094,4.982545852661133
2019-04-30 11:30,665347165,128811211.144,128.811211144,142.0950164794922,4.993863105773926
2019-04-30 11:45,660055700,127786783.52,127.78678352,130.884033203125,4.315459251403809
2019-04-30 12:00,787568779,152473315.6144,152.4733156144,129.45310974121094,6.490915775299072
2019-04-30 12:15,793610819,153643054.5584,153.6430545584,152.7198486328125,3.877872943878174
2019-04-30 12:30,863935697,167257950.93919998,167.2579509392,155.54518127441406,3.8743698596954346
2019-04-30 12:45,805590679,155962355.4544,155.9623554544,169.89869689941406,4.986299514770508
2019-04-30 13:00,887589399,171837307.6464,171.8373076464,156.43988037109375,5.209105968475342
2019-04-30 13:15,897066903,173672152.4208,173.6721524208,174.17208862304688,5.832670211791992
2019-04-30 13:30,884982370,171332586.832,171.33258683199998,174.21424865722656,6.627408027648926
2019-04-30 13:45,778806051,150776851.4736,150.7768514736,173.2682342529297,5.472880840301514
2019-04-30 14:00,792289060,153387162.016,153.387162016,152.75088500976562,4.725985527038574
2019-04-30 14:15,731939038,141703397.7568,141.7033977568,154.5181884765625,4.4536590576171875
2019-04-30 14:30,653414788,126501102.9568,126.5011029568,143.22250366210938,5.308752059936523
2019-04-30 14:45,719224387,139241841.3232,139.2418413232,126.96070861816406,4.325286388397217
2019-04-30 15:00,719244076,139245653.1136,139.2456531136,139.39529418945312,3.5372838973999023
2019-04-30 15:15,637740300,123466522.08,123.46652208,140.3732452392578,4.451712131500244
2019-04-30 15:30,722069420,139792639.71199998,139.79263971199998,123.88508605957031,5.182273864746094
2019-04-30 15:45,698012265,135135174.504,135.13517450400002,139.95913696289062,5.210302829742432
2019-04-30 16:00,758982766,146939063.4976,146.9390634976,136.5182342529297,3.076934814453125
2019-04-30 16:15,795449121,153998949.8256,153.9989498256,147.21871948242188,4.171966075897217
2019-04-30 16:30,786746276,152314079.0336,152.3140790336,153.9134979248047,5.041268348693848
2019-04-30 16:45,888243909,171964020.78239998,171.96402078239998,152.3496856689453,3.937878370285034
2019-04-30 17:00,1037868868,200931412.8448,200.9314128448,173.74703979492188,4.13253927230835
2019-04-30 17:15,1100048128,212969317.5808,212.9693175808,201.55825805664062,4.981529235839844
2019-04-30 17:30,924477836,178978909.0496,178.9789090496,213.95645141601562,5.365129470825195
2019-04-30 17:45,1036224725,200613106.76,200.61310676,180.10430908203125,4.656322956085205
2019-04-30 18:00,1024815485,198404277.896,198.404277896,198.90794372558594,5.012118339538574
2019-04-30 18:15,1120849845,216996529.992,216.996529992,198.34841918945312,4.306600570678711
2019-04-30 18:30,1030506516,199506061.4976,199.5060614976,217.22076416015625,3.9567198753356934
2019-04-30 18:45,1023089297,198070087.8992,198.0700878992,198.9978790283203,4.053774833679199
2019-04-30 19:00,950976231,184108998.3216,184.1089983216,195.4812469482422,4.966022968292236
2019-04-30 19:15,1000538615,193704275.864,193.704275864,183.83282470703125,3.68734073638916
2019-04-30 19:30,1030899343,199582112.8048,199.5821128048,194.89178466796875,5.546280860900879
2019-04-30 19:45,960222887,185899150.9232,185.8991509232,198.94187927246094,3.308130979537964
2019-04-30 20:00,1131817912,219119947.7632,219.1199477632,184.70909118652344,4.297070503234863
2019-04-30 20:15,1161680019,224901251.6784,224.9012516784,219.50518798828125,5.099667072296143
2019-04-30 20:30,960328491,185919595.8576,185.9195958576,222.91729736328125,2.886672258377075
2019-04-30 20:45,1045284304,202367041.2544,202.3670412544,184.3856964111328,4.3216447830200195
2019-04-30 21:00,1008851613,195313672.2768,195.3136722768,202.59664916992188,3.7839980125427246
2019-04-30 21:15,867029032,167856820.5952,167.8568205952,194.192138671875,4.548706531524658
2019-04-30 21:30,865651385,167590108.136,167.590108136,166.07313537597656,3.932039976119995
2019-04-30 21:45,978023929,189345432.6544,189.3454326544,166.35687255859375,5.981267929077148
2019-04-30 22:00,1106292511,214178230.1296,214.1782301296,188.21624755859375,5.0222368240356445
2019-04-30 22:15,1031018191,199605121.7776,199.6051217776,211.96604919433594,5.000518321990967
2019-04-30 22:30,988193436,191314249.2096,191.3142492096,195.7123260498047,4.6276469230651855
2019-04-30 22:45,991033539,191864093.1504,191.8640931504,188.6553192138672,4.925506114959717
2019-04-30 23:00,1076572170,208424372.112,208.424372112,187.74465942382812,6.025257110595703
2019-04-30 23:15,1216227666,235461676.1376,235.4616761376,205.92872619628906,5.0432586669921875
2019-04-30 23:30,1074712552,208064350.0672,208.0643500672,233.94271850585938,5.465348243713379
2019-04-30 23:45,835300423,161714161.8928,161.7141618928,202.8719482421875,6.288191318511963
2019-05-01 00:00,685819011,132774560.5296,132.7745605296,160.1892852783203,3.6986351013183594
2019-05-01 00:15,623158616,120643508.0576,120.6435080576,130.13829040527344,5.176581859588623
2019-05-01 00:30,552250391,106915675.6976,106.9156756976,117.32427215576172,5.432950496673584
2019-05-01 00:45,486324153,94152356.0208,94.1523560208,104.7461929321289,5.308387279510498
2019-05-01 01:00,455657027,88215200.4272,88.2152004272,90.33651733398438,5.664729118347168
2019-05-01 01:15,469912586,90975076.6496,90.9750766496,83.66506958007812,5.935222148895264
2019-05-01 01:30,442088799,85588391.4864,85.5883914864,88.33050537109375,6.756064414978027
2019-05-01 01:45,385011729,74538270.7344,74.5382707344,85.42027282714844,5.683529853820801
2019-05-01 02:00,369660402,71566253.8272,71.5662538272,71.92153930664062,5.660708904266357
2019-05-01 02:15,278283459,53875677.6624,53.8756776624,67.28327178955078,5.078071117401123
2019-05-01 02:30,247848821,47983531.7456,47.9835317456,53.17182540893555,5.909120082855225
2019-05-01 02:45,204011720,39496668.992,39.496668992,44.53048324584961,4.867820739746094
2019-05-01 03:00,195909812,37928139.6032,37.9281396032,38.486080169677734,4.720956802368164
2019-05-01 03:15,179873246,34823460.4256,34.8234604256,38.9519157409668,3.846365213394165
2019-05-01 03:30,154227826,29858507.1136,29.8585071136,33.27569580078125,4.664726257324219
2019-05-01 03:45,136649252,26455295.1872,26.4552951872,29.234455108642578,4.979186058044434
2019-05-01 04:00,142062933,27503383.8288,27.5033838288,25.394163131713867,4.741880893707275
2019-05-01 04:15,127778450,24737907.92,24.73790792,27.597429275512695,4.126025199890137
2019-05-01 04:30,131755284,25507822.9824,25.5078229824,23.634668350219727,4.072749137878418
2019-05-01 04:45,143784486,27836676.4896,27.8366764896,24.960357666015625,4.018955707550049
2019-05-01 05:00,106425293,20603936.7248,20.6039367248,26.67372703552246,3.7400424480438232
2019-05-01 05:15,101777894,19704200.2784,19.7042002784,21.086177825927734,3.6224796772003174
2019-05-01 05:30,84769005,16411279.368,16.411279368,18.478668212890625,5.820429801940918
2019-05-01 05:45,91024108,17622267.3088,17.6222673088,15.523039817810059,3.3221426010131836
2019-05-01 06:00,108898047,21082661.8992,21.0826618992,17.17159652709961,3.989851713180542
2019-05-01 06:15,131642911,25486067.5696,25.4860675696,22.65787696838379,4.460540294647217
2019-05-01 06:30,178246154,34508455.4144,34.5084554144,25.87824821472168,5.720798492431641
2019-05-01 06:45,172421034,33380712.1824,33.3807121824,34.79332733154297,3.6991212368011475
2019-05-01 07:00,156590210,30315864.656,30.315864656,34.03154754638672,3.8010451793670654
2019-05-01 07:15,206470538,39972696.1568,39.972696156800005,31.423458099365234,4.508850574493408
2019-05-01 07:30,229009535,44336245.976,44.336245976,38.6961784362793,4.328435897827148
2019-05-01 07:45,243146235,47073111.096,47.073111096,44.01008987426758,4.6730828285217285
2019-05-01 08:00,296799163,57460317.9568,57.4603179568,47.586448669433594,4.3159685134887695
2019-05-01 08:15,301057440,58284720.384,58.284720384,58.777286529541016,4.588357448577881
2019-05-01 08:30,387622347,75043686.3792,75.0436863792,60.120872497558594,4.073385238647461
2019-05-01 08:45,434197282,84060593.79519999,84.06059379519999,75.83704376220703,3.8868119716644287
2019-05-01 09:00,509186482,98578502.9152,98.5785029152,85.51656341552734,6.012540340423584
2019-05-01 09:15,502456471,97275572.7856,97.2755727856,99.85063171386719,2.6245336532592773
2019-05-01 09:30,627945301,121570210.2736,121.5702102736,98.12071990966797,5.599227428436279
2019-05-01 09:45,623774606,120762763.7216,120.7627637216,123.03035736083984,5.99437141418457
2019-05-01 10:00,688853424,133362022.8864,133.3620228864,122.30934143066406,4.5212812423706055
2019-05-01 10:15,637397744,123400203.2384,123.4002032384,135.5644073486328,4.011608123779297
2019-05-01 10:30,745088201,144249075.7136,144.2490757136,126.25957489013672,5.691845417022705
2019-05-01 10:45,680931404,131828319.8144,131.8283198144,146.449462890625,5.394146919250488
2019-05-01 11:00,718524894,139106419.4784,139.1064194784,132.24337768554688,4.598394870758057
2019-05-01 11:15,698129394,135157850.6784,135.15785067840002,140.66078186035156,3.506086587905884
2019-05-01 11:30,783642718,151713230.2048,151.7132302048,136.1853790283203,3.336538314819336
2019-05-01 11:45,710738525,137598978.44,137.59897844,152.8982696533203,5.502316474914551
2019-05-01 12:00,630007799,121969509.8864,121.9695098864,138.66500854492188,4.234661102294922
2019-05-01 12:15,652464739,126317173.4704,126.3171734704,124.87598419189453,4.142232894897461
2019-05-01 12:30,605778386,117278695.5296,117.2786955296,127.83158874511719,5.094205856323242
2019-05-01 12:45,689827749,133550652.2064,133.5506522064,119.05349731445312,3.2709455490112305
2019-05-01 13:00,722326433,139842397.4288,139.84239742879998,133.70071411132812,4.657339572906494
2019-05-01 13:15,646619172,125185471.6992,125.1854716992,140.50221252441406,4.142107963562012
2019-05-01 13:30,709191200,137299416.32,137.29941632,127.55229949951172,4.736081600189209
2019-05-01 13:45,774557726,149954375.7536,149.9543757536,139.27696228027344,4.93118143081665
2019-05-01 14:00,793762804,153672478.8544,153.6724788544,152.18499755859375,3.6168324947357178
2019-05-01 14:15,817674349,158301753.9664,158.3017539664,155.5338897705078,3.9281625747680664
2019-05-01 14:30,775909391,150216058.09759998,150.21605809759998,160.78953552246094,6.186692237854004
2019-05-01 14:45,771963741,149452180.2576,149.45218025760002,151.59170532226562,4.41279935836792
2019-05-01 15:00,810384588,156890456.2368,156.8904562368,150.09820556640625,4.240828037261963
2019-05-01 15:15,900544228,174345362.5408,174.3453625408,158.7779998779297,3.446287155151367
2019-05-01 15:30,796512906,154204898.6016,154.20489860159998,173.93026733398438,4.12250280380249
2019-05-01 15:45,827110541,160128600.7376,160.1286007376,155.82200622558594,3.538412094116211
2019-05-01 16:00,764957887,148095846.92319998,148.0958469232,162.64112854003906,3.9363460540771484
2019-05-01 16:15,817637718,158294662.2048,158.2946622048,148.79383850097656,4.6396164894104
2019-05-01 16:30,759602442,147059032.7712,147.0590327712,158.7997589111328,5.142322540283203
2019-05-01 16:45,781033674,151208119.2864,151.20811928639998,147.04818725585938,3.645805835723877
2019-05-01 17:00,774656879,149973571.7744,149.9735717744,153.35198974609375,5.3563079833984375
2019-05-01 17:15,872816646,168977302.6656,168.9773026656,150.13221740722656,4.744420051574707
2019-05-01 17:30,839530994,162533200.4384,162.5332004384,170.7221221923828,4.286143779754639
2019-05-01 17:45,891579191,172609731.37759998,172.6097313776,163.40599060058594,3.7084169387817383
2019-05-01 18:00,870952526,168616409.0336,168.6164090336,171.68165588378906,4.966790199279785
2019-05-01 18:15,920855103,178277547.94079998,178.2775479408,169.33245849609375,2.908561944961548
2019-05-01 18:30,900563560,174349105.216,174.349105216,176.57046508789062,4.013266563415527
2019-05-01 18:45,954736401,184836967.2336,184.8369672336,173.56150817871094,3.5881128311157227
2019-05-01 19:00,844611915,163516866.744,163.516866744,182.74830627441406,5.164927959442139
2019-05-01 19:15,859327651,166365833.2336,166.3658332336,162.22518920898438,4.7932305335998535
2019-05-01 19:30,819286322,158613831.93919998,158.6138319392,164.36328125,3.420147180557251
2019-05-01 19:45,730567694,141437905.5584,141.43790555840002,157.10028076171875,3.9656054973602295
2019-05-01 20:00,755468561,146258713.4096,146.25871340959998,141.47622680664062,3.9458348751068115
2019-05-01 20:15,827455272,160195340.65919998,160.1953406592,145.3949432373047,3.337773561477661
2019-05-01 20:30,821375847,159018363.9792,159.01836397920002,159.6268310546875,3.6947429180145264
2019-05-01 20:45,843788607,163357474.3152,163.3574743152,158.06698608398438,4.985123157501221
2019-05-01 21:00,790067604,152957088.1344,152.9570881344,163.15036010742188,3.116288900375366
2019-05-01 21:15,686005157,132810598.3952,132.8105983952,152.21949768066406,4.284926891326904
2019-05-01 21:30,757288071,146610970.5456,146.6109705456,132.68014526367188,3.7562501430511475
2019-05-01 21:45,837781526,162194503.4336,162.1945034336,145.54698181152344,5.724520206451416
2019-05-01 22:00,885251280,171384647.808,171.384647808,159.7198486328125,5.332521438598633
2019-05-01 22:15,802254949,155316558.1264,155.3165581264,168.94091796875,4.357470989227295
2019-05-01 22:30,886577764,171641455.1104,171.6414551104,154.74842834472656,3.6494228839874268
2019-05-01 22:45,755059051,146179432.27359998,146.1794322736,170.02432250976562,4.627835273742676
2019-05-01 23:00,714753464,138376270.6304,138.3762706304,144.5723114013672,4.976985931396484
2019-05-01 23:15,717597324,138926841.9264,138.92684192640002,135.2794189453125,4.553280353546143
2019-05-01 23:30,745212837,144273205.2432,144.2732052432,136.25230407714844,5.410765171051025
2019-05-01 23:45,678034947,131267565.7392,131.2675657392,142.10171508789062,5.632727146148682
2019-05-02 00:00,638180535,123551751.576,123.551751576,129.87930297851562,5.214231014251709
2019-05-02 00:15,562509404,108901820.6144,108.9018206144,120.3796157836914,4.467856407165527
2019-05-02 00:30,508546013,98454508.1168,98.4545081168,107.43429565429688,4.963114261627197
2019-05-02 00:45,447862845,86706246.792,86.706246792,95.960693359375,4.263256072998047
2019-05-02 01:00,221888991,42957708.6576,42.9577086576,84.3061294555664,4.862910270690918
2019-05-02 01:15,228006985,44142152.296,44.142152296,40.767791748046875,5.092777252197266
2019-05-02 01:30,215001397,41624270.4592,41.624270459200005,42.482967376708984,4.033265590667725
2019-05-02 01:45,174471137,33777612.1232,33.7776121232,39.32759475708008,4.141919136047363
2019-05-02 02:00,186740967,36153051.2112,36.1530512112,30.15300750732422,5.859675407409668
2019-05-02 02:15,145862157,28238913.5952,28.2389135952,33.718353271484375,5.383256912231445
2019-05-02 02:30,143721474,27824477.3664,27.8244773664,25.66226577758789,3.9178473949432373
2019-05-02 02:45,104652404,20260705.4144,20.2607054144,26.22442054748535,6.190371513366699
2019-05-02 03:00,116840122,22620247.6192,22.6202476192,18.24801254272461,5.227827548980713
2019-05-02 03:15,132989461,25746759.6496,25.7467596496,21.266109466552734,4.870437145233154
2019-05-02 03:30,153946766,29804093.8976,29.8040938976,21.879440307617188,5.2113356590271
2019-05-02 03:45,139944125,27093182.6,27.0931826,26.979427337646484,4.2137908935546875
2019-05-02 04:00,115067768,22277119.8848,22.2771198848,25.853824615478516,3.4844541549682617
2019-05-02 04:15,105809607,20484739.9152,20.4847399152,21.79411506652832,4.21409797668457
2019-05-02 04:30,101434040,19637630.144,19.637630144000003,20.0632266998291,3.221362590789795
2019-05-02 04:45,95083230,18408113.328,18.408113328,19.078855514526367,4.276164531707764
2019-05-02 05:00,69925155,13537510.008,13.537510008,17.662208557128906,3.647388458251953
2019-05-02 05:15,141491168,27392690.1248,27.3926901248,13.781559944152832,4.97757625579834
2019-05-02 05:30,235500666,45592928.9376,45.5929289376,26.31685447692871,4.892088890075684
2019-05-02 05:45,78886756,15272475.9616,15.2724759616,45.031131744384766,4.615373611450195
2019-05-02 06:00,133181368,25783912.8448,25.7839128448,14.277448654174805,4.99968957901001
2019-05-02 06:15,144587389,27992118.5104,27.9921185104,25.807004928588867,5.404890060424805
2019-05-02 06:30,171027013,33110829.7168,33.1108297168,27.968481063842773,3.8498051166534424
2019-05-02 06:45,237601910,45999729.776,45.999729776,32.22457504272461,4.795594215393066
2019-05-02 07:00,325960518,63105956.2848,63.1059562848,46.50238800048828,3.7101047039031982
2019-05-02 07:15,379686864,73507376.8704,73.5073768704,61.35980224609375,4.767144680023193
2019-05-02 07:30,494932949,95819018.9264,95.8190189264,72.88246154785156,3.8824381828308105
2019-05-02 07:45,532504376,103092847.1936,103.0928471936,96.15975189208984,3.648768901824951
2019-05-02 08:00,525263739,101691059.8704,101.6910598704,103.26312255859375,4.295934677124023
2019-05-02 08:15,547330183,105963123.4288,105.9631234288,101.22792053222656,3.389439582824707
2019-05-02 08:30,538890008,104329105.5488,104.3291055488,107.11744689941406,4.488086223602295
2019-05-02 08:45,583777504,113019324.7744,113.0193247744,104.68073272705078,3.5282557010650635
2019-05-02 09:00,475782420,92111476.512,92.111476512,114.42008972167969,4.554915904998779
2019-05-02 09:15,467706885,90548052.936,90.548052936,93.54188537597656,3.838886022567749
2019-05-02 09:30,461933857,89430394.71519999,89.4303947152,92.47747039794922,4.493293285369873
2019-05-02 09:45,445620438,86272116.7968,86.2721167968,91.46920776367188,5.042334079742432
2019-05-02 10:00,400464148,77529859.0528,77.5298590528,88.06585693359375,3.789682626724243
2019-05-02 10:15,399465227,77336467.9472,77.3364679472,78.5196304321289,2.814218521118164
2019-05-02 10:30,468798726,90759433.3536,90.7594333536,77.17337799072266,5.086658477783203
2019-05-02 10:45,410693655,79510291.608,79.51029160799999,91.62974548339844,3.4861440658569336
2019-05-02 11:00,447022941,86543641.3776,86.5436413776,80.60374450683594,4.903941631317139
2019-05-02 11:15,441400362,85455110.0832,85.4551100832,89.37808990478516,3.627164602279663
2019-05-02 11:30,450562343,87228869.6048,87.2288696048,88.01568603515625,4.889283657073975
2019-05-02 11:45,413597629,80072500.9744,80.0725009744,88.53189849853516,3.2736899852752686
2019-05-02 12:00,447931212,86719482.6432,86.7194826432,82.24998474121094,3.7751545906066895
2019-05-02 12:15,462192697,89480506.1392,89.4805061392,89.25347900390625,4.378173828125
2019-05-02 12:30,584726158,113202984.1888,113.2029841888,90.71383666992188,3.039100170135498
2019-05-02 12:45,493937890,95626375.504,95.626375504,114.55469512939453,4.284432411193848
2019-05-02 13:00,608853032,117873946.9952,117.8739469952,96.52571105957031,4.979395389556885
2019-05-02 13:15,544322062,105380751.2032,105.3807512032,119.25264739990234,4.088639736175537
2019-05-02 13:30,537500049,104060009.4864,104.0600094864,107.57019805908203,4.645066261291504
2019-05-02 13:45,420253106,81361001.3216,81.3610013216,106.09423065185547,4.564414978027344
2019-05-02 14:00,486063430,94101880.048,94.101880048,83.07382202148438,3.5904407501220703
2019-05-02 14:15,437825490,84763014.864,84.763014864,96.37252044677734,4.133862495422363
2019-05-02 14:30,543652937,105251208.6032,105.2512086032,86.4535903930664,4.154819965362549
2019-05-02 14:45,500105383,96820402.1488,96.8204021488,106.7768325805664,3.964531183242798
2019-05-02 15:00,420090777,81329574.4272,81.3295744272,98.3598861694336,3.549445629119873
2019-05-02 15:15,421735768,81648044.6848,81.6480446848,83.80630493164062,4.099767684936523
2019-05-02 15:30,441326056,85440724.4416,85.4407244416,83.5943832397461,3.123433828353882
2019-05-02 15:45,451170266,87346563.4976,87.3465634976,85.6361312866211,3.253657102584839
2019-05-02 16:00,511003158,98930211.3888,98.9302113888,89.16094970703125,5.6620774269104
2019-05-02 16:15,511943371,99112236.6256,99.1122366256,101.40082550048828,3.90156626701355
2019-05-02 16:30,469060302,90810074.4672,90.8100744672,100.61980438232422,4.574622631072998
2019-05-02 16:45,522298195,101116930.552,101.116930552,92.61919403076172,4.114135265350342
2019-05-02 17:00,554306111,107313663.0896,107.3136630896,102.39234161376953,3.7291359901428223
2019-05-02 17:15,585297128,113313523.9808,113.3135239808,108.64372253417969,2.55084228515625
2019-05-02 17:30,566463450,109667323.92,109.66732392,113.5687255859375,3.2251245975494385
2019-05-02 17:45,603257670,116790684.912,116.790684912,111.63670349121094,4.02256441116333
2019-05-02 18:00,672395713,130175810.0368,130.1758100368,117.01953125,3.48943829536438
2019-05-02 18:15,705236639,136533813.3104,136.5338133104,129.845703125,3.452573537826538
2019-05-02 18:30,683899070,132402859.952,132.402859952,136.5092315673828,2.485388994216919
2019-05-02 18:45,598719640,115912122.304,115.912122304,132.48033142089844,3.097841501235962
2019-05-02 19:00,491766384,95205971.9424,95.2059719424,115.99344635009766,4.391356468200684
2019-05-02 19:15,543271410,105177344.976,105.177344976,94.5509262084961,4.0996832847595215
2019-05-02 19:30,574803208,111281901.0688,111.2819010688,104.61418151855469,3.6989359855651855
2019-05-02 19:45,466298828,90275453.1008,90.2754531008,111.20721435546875,4.1926188468933105
2019-05-02 20:00,470358920,91061486.912,91.061486912,89.42120361328125,3.0624873638153076
2019-05-02 20:15,512746196,99267663.5456,99.2676635456,89.64408874511719,3.5471811294555664
2019-05-02 20:30,549994096,106478856.9856,106.4788569856,97.22467041015625,2.8337552547454834
2019-05-02 20:45,510515206,98835743.8816,98.8357438816,106.65665435791016,3.2012782096862793
2019-05-02 21:00,478020873,92544841.0128,92.5448410128,97.09893798828125,4.415553092956543
2019-05-02 21:15,551477927,106766126.6672,106.7661266672,92.11062622070312,4.886656761169434
2019-05-02 21:30,616018770,119261233.872,119.261233872,105.1189193725586,4.445510387420654
2019-05-02 21:45,628794947,121734701.7392,121.7347017392,117.58958435058594,5.296581745147705
2019-05-02 22:00,529824902,102574101.0272,102.5741010272,119.73480987548828,4.963792324066162
2019-05-02 22:15,581466072,112571831.5392,112.5718315392,101.17782592773438,4.597996711730957
2019-05-02 22:30,630058257,121979278.5552,121.9792785552,110.62166595458984,4.351759910583496
2019-05-02 22:45,533639892,103312683.0912,103.3126830912,118.7436294555664,4.657619953155518
2019-05-02 23:00,642139390,124318185.904,124.318185904,101.41834259033203,5.259049892425537
2019-05-02 23:15,476202555,92192814.648,92.192814648,121.6568603515625,3.973754405975342
2019-05-02 23:30,496808251,96182077.3936,96.1820773936,88.64332580566406,4.612541675567627
2019-05-02 23:45,404239412,78260750.16319999,78.26075016319999,94.02793884277344,5.2501983642578125
2019-05-03 00:00,638208440,123557153.984,123.557153984,77.72671508789062,5.351408958435059
2019-05-03 00:15,680919265,131825969.704,131.825969704,120.53701782226562,4.401156902313232
2019-05-03 00:30,646722321,125205441.3456,125.2054413456,130.5631866455078,4.357069492340088
2019-05-03 00:45,567148999,109800046.2064,109.8000462064,122.19984436035156,5.780717849731445
2019-05-03 01:00,303842817,58823969.3712,58.82396937119999,107.68033599853516,4.088796138763428
2019-05-03 01:15,235661826,45624129.5136,45.6241295136,54.797183990478516,6.121947288513184
2019-05-03 01:30,224473480,43458065.728,43.458065728,44.2390251159668,4.276310443878174
2019-05-03 01:45,222801029,43134279.2144,43.1342792144,39.87678909301758,5.958193778991699
2019-05-03 02:00,176498395,34170089.272,34.170089272,43.0937385559082,3.0473225116729736
2019-05-03 02:15,140431564,27187550.7904,27.1875507904,32.71540069580078,4.560094356536865
2019-05-03 02:30,127411115,24666791.864,24.666791864,25.0866641998291,4.9536027908325195
2019-05-03 02:45,137693387,26657439.7232,26.6574397232,24.026756286621094,4.487022399902344
2019-05-03 03:00,90100575,17443471.32,17.44347132,24.94866180419922,4.693065166473389
2019-05-03 03:15,59650352,11548308.1472,11.5483081472,15.08369255065918,4.882244110107422
2019-05-03 03:30,57625391,11156275.6976,11.1562756976,10.002021789550781,4.428750514984131
2019-05-03 03:45,76776272,14863886.2592,14.8638862592,10.84841537475586,3.5504255294799805
2019-05-03 04:00,65274254,12637095.5744,12.6370955744,12.200350761413574,4.161797523498535
2019-05-03 04:15,57764131,11183135.7616,11.1831357616,11.993842124938965,3.5687360763549805
2019-05-03 04:30,49933601,9667145.1536,9.6671451536,11.104032516479492,5.3623881340026855
2019-05-03 04:45,29758891,5761321.2976,5.7613212976,9.248741149902344,4.090471267700195
2019-05-03 05:00,32480106,6288148.5216,6.288148521599999,4.8204827308654785,3.400836229324341
2019-05-03 05:15,46435817,8989974.1712,8.9899741712,5.483689785003662,4.604311466217041
2019-05-03 05:30,40282973,7798783.5728,7.798783572800001,6.5372114181518555,4.510125637054443
2019-05-03 05:45,36518477,7069977.1472,7.0699771472,7.836816787719727,3.4059360027313232
2019-05-03 06:00,49788848,9639120.9728,9.6391209728,7.462234973907471,3.794844150543213
2019-05-03 06:15,88864831,17204231.2816,17.2042312816,8.668590545654297,3.092552900314331
2019-05-03 06:30,142303530,27549963.408,27.549963408,17.2297420501709,4.184054851531982
2019-05-03 06:45,198818821,38491323.7456,38.4913237456,26.720409393310547,3.2917189598083496
2019-05-03 07:00,209125767,40486748.4912,40.4867484912,38.517333984375,4.64879035949707
2019-05-03 07:15,336005679,65050699.4544,65.05069945439999,40.11507034301758,3.3452465534210205
2019-05-03 07:30,355887767,68899871.6912,68.8998716912,64.82727813720703,2.9807989597320557
2019-05-03 07:45,404096155,78233015.608,78.233015608,68.20924377441406,4.041220188140869
2019-05-03 08:00,393722752,76224724.7872,76.2247247872,78.32380676269531,2.756786584854126
2019-05-03 08:15,448419833,86814079.6688,86.81407966879999,77.33784484863281,3.6383285522460938
2019-05-03 08:30,344178119,66632883.8384,66.6328838384,87.20264434814453,2.902336597442627
2019-05-03 08:45,332476918,64367531.3248,64.3675313248,67.29621124267578,2.7357234954833984
2019-05-03 09:00,341259292,66067798.9312,66.0677989312,66.9656753540039,2.7608237266540527
2019-05-03 09:15,367875050,71220609.67999999,71.22060968,67.57386016845703,4.894207000732422
2019-05-03 09:30,331840701,64244359.7136,64.24435971359999,74.0799789428711,3.7544305324554443
2019-05-03 09:45,301747664,58418347.7504,58.4183477504,65.85658264160156,4.564572811126709
2019-05-03 10:00,293605917,56842105.5312,56.8421055312,60.425498962402344,3.0131876468658447
2019-05-03 10:15,371154586,71855527.8496,71.85552784960001,57.6086311340332,4.209532260894775
2019-05-03 10:30,367188647,71087722.0592,71.0877220592,73.85137176513672,4.319478511810303
2019-05-03 10:45,365486552,70758196.4672,70.7581964672,73.3319091796875,4.865978240966797
2019-05-03 11:00,369291099,71494756.7664,71.49475676639999,72.68547058105469,4.597203731536865
2019-05-03 11:15,294579609,57030612.3024,57.0306123024,73.95256042480469,3.560612916946411
2019-05-03 11:30,359641032,69626503.7952,69.62650379520001,58.8399543762207,2.9809439182281494
2019-05-03 11:45,368134098,71270761.3728,71.2707613728,70.94385528564453,3.5284414291381836
2019-05-03 12:00,354448089,68621150.0304,68.62115003039999,72.38351440429688,4.337082862854004
2019-05-03 12:15,376642763,72918038.91679999,72.91803891679999,71.1469955444336,3.281399726867676
2019-05-03 12:30,442264183,85622345.8288,85.6223458288,76.10303497314453,3.802168846130371
2019-05-03 12:45,543916608,105302255.3088,105.3022553088,87.17611694335938,3.799429178237915
2019-05-03 13:00,552393630,106943406.768,106.943406768,109.12779235839844,4.1437554359436035
2019-05-03 13:15,522836211,101221090.4496,101.2210904496,108.20848846435547,2.619412422180176
2019-05-03 13:30,452202404,87546385.4144,87.54638541439999,102.11603546142578,3.5461390018463135
2019-05-03 13:45,644741817,124822015.7712,124.8220157712,88.30159759521484,4.1990556716918945
2019-05-03 14:00,382983900,74145683.03999999,74.14568304,125.315673828125,3.6375176906585693
2019-05-03 14:15,429715851,83192988.7536,83.1929887536,75.6718521118164,3.4276018142700195
2019-05-03 14:30,353927619,68520387.0384,68.52038703839999,83.604736328125,4.49442195892334
2019-05-03 14:45,382842111,74118232.68959999,74.11823268959999,70.46062469482422,3.0627353191375732
2019-05-03 15:00,386321680,74791877.248,74.79187724799999,76.03897094726562,3.8070433139801025
2019-05-03 15:15,469911443,90974855.3648,90.9748553648,76.57112884521484,4.2094573974609375
2019-05-03 15:30,539158512,104381087.9232,104.3810879232,93.2680892944336,3.768496036529541
2019-05-03 15:45,530119526,102631140.2336,102.6311402336,106.33780670166016,3.6089539527893066
2019-05-03 16:00,409100879,79201930.1744,79.2019301744,104.39229583740234,3.2621653079986572
2019-05-03 16:15,389819010,75468960.336,75.468960336,81.10761260986328,3.5156643390655518
2019-05-03 16:30,421532740,81608738.464,81.608738464,76.63923645019531,3.3074803352355957
2019-05-03 16:45,473302062,91631279.2032,91.6312792032,83.10869598388672,3.6659586429595947
2019-05-03 17:00,519531729,100581342.7344,100.5813427344,92.39324951171875,3.862002372741699
2019-05-03 17:15,585634420,113378823.712,113.378823712,103.12393188476562,5.29192590713501
2019-05-03 17:30,612253489,118532275.4704,118.5322754704,116.11996459960938,4.074923992156982
2019-05-03 17:45,694673026,134488697.83359998,134.4886978336,119.78970336914062,3.5175321102142334
2019-05-03 18:00,587031084,113649217.8624,113.6492178624,134.00241088867188,1.8912521600723267
2019-05-03 18:15,575037977,111327352.3472,111.3273523472,113.49850463867188,1.8704540729522705
2019-05-03 18:30,600181807,116195197.8352,116.1951978352,110.1026611328125,2.3314898014068604
2019-05-03 18:45,591425534,114499983.3824,114.4999833824,117.0124282836914,2.4783823490142822
2019-05-03 19:00,490256327,94913624.9072,94.9136249072,113.0486831665039,3.029010772705078
2019-05-03 19:15,502637752,97310668.7872,97.3106687872,94.48491668701172,3.0487632751464844
2019-05-03 19:30,585971972,113444173.7792,113.4441737792,96.15132904052734,2.7867507934570312
2019-05-03 19:45,601840230,116516268.528,116.516268528,112.63069915771484,2.931558847427368
2019-05-03 20:00,567877167,109941019.5312,109.9410195312,115.61888122558594,2.2199106216430664
2019-05-03 20:15,486754052,94235584.4672,94.2355844672,107.51437377929688,4.022416591644287
2019-05-03 20:30,582196907,112713321.1952,112.7133211952,93.09577941894531,3.0368382930755615
2019-05-03 20:45,563322481,109059232.3216,109.0592323216,111.88668060302734,4.233866214752197
2019-05-03 21:00,501127053,97018197.4608,97.0181974608,106.11776733398438,4.946991443634033
2019-05-03 21:15,486096561,94108294.2096,94.1082942096,95.55673217773438,4.0553297996521
2019-05-03 21:30,503259099,97430961.5664,97.4309615664,92.45669555664062,4.528246879577637
2019-05-03 21:45,502634782,97310093.7952,97.3100937952,94.39154815673828,5.76862096786499
2019-05-03 22:00,484996130,93895250.768,93.895250768,93.78046417236328,3.868009567260742
2019-05-03 22:15,450031060,87126013.21599999,87.12601321599999,92.44432067871094,3.6643781661987305
2019-05-03 22:30,433523197,83930090.9392,83.9300909392,83.99710083007812,5.571885585784912
2019-05-03 22:45,535548936,103682274.0096,103.6822740096,80.59697723388672,4.121880531311035
2019-05-03 23:00,488959403,94662540.4208,94.6625404208,102.01554870605469,4.9539947509765625
2019-05-03 23:15,524552188,101553303.5968,101.5533035968,92.15522766113281,4.186082363128662
2019-05-03 23:30,463266807,89688453.8352,89.6884538352,97.85044860839844,5.955103397369385
2019-05-03 23:45,427183697,82702763.7392,82.7027637392,87.9378890991211,4.172536373138428
2019-05-04 00:00,501493379,97089118.1744,97.0891181744,80.19584655761719,5.715532302856445
2019-05-04 00:15,526802522,101988968.2592,101.9889682592,95.3244400024414,4.828065395355225
2019-05-04 00:30,525287598,101695678.9728,101.6956789728,99.278564453125,5.7945237159729
2019-05-04 00:45,467076018,90425917.0848,90.4259170848,99.46589660644531,5.792942523956299
2019-05-04 01:00,205894403,39861156.4208,39.8611564208,87.66517639160156,5.819733619689941
2019-05-04 01:15,184187462,35658692.6432,35.658692643200006,38.11537551879883,5.892083168029785
2019-05-04 01:30,188089552,36414137.2672,36.4141372672,33.318119049072266,5.354621887207031
2019-05-04 01:45,223090686,43190356.8096,43.1903568096,33.575721740722656,4.319136619567871
2019-05-04 02:00,143965321,27871686.1456,27.8716861456,40.31893539428711,5.734283447265625
2019-05-04 02:15,141215488,27339318.4768,27.3393184768,24.841672897338867,6.130862236022949
2019-05-04 02:30,117243533,22698347.9888,22.6983479888,26.366907119750977,5.246109485626221
2019-05-04 02:45,125890236,24372349.6896,24.3723496896,20.291833877563477,5.500360488891602
2019-05-04 03:00,82263172,15926150.0992,15.9261500992,21.90220069885254,5.915096282958984
2019-05-04 03:15,118739441,22987955.7776,22.9879557776,14.83435344696045,3.8824994564056396
2019-05-04 03:30,88937550,17218309.68,17.21830968,23.975460052490234,4.455231666564941
2019-05-04 03:45,76608977,14831497.9472,14.8314979472,14.888704299926758,5.218745231628418
2019-05-04 04:00,76483300,14807166.88,14.80716688,14.487507820129395,4.9909186363220215
2019-05-04 04:15,87205738,16883030.8768,16.8830308768,14.4032564163208,4.671422958374023
2019-05-04 04:30,61810967,11966603.2112,11.9666032112,15.23628044128418,6.248702049255371
2019-05-04 04:45,64406827,12469161.7072,12.4691617072,10.661051750183105,3.917628288269043
2019-05-04 05:00,105899961,20502232.4496,20.5022324496,12.256707191467285,4.594383716583252
2019-05-04 05:15,91058701,17628964.5136,17.6289645136,18.71578025817871,4.955029487609863
2019-05-04 05:30,120183973,23267617.1728,23.2676171728,17.022314071655273,3.541271448135376
2019-05-04 05:45,83123280,16092667.008,16.092667008,21.55588150024414,4.521023750305176
2019-05-04 06:00,53977192,10449984.3712,10.4499843712,15.030818939208984,4.774797439575195
2019-05-04 06:15,65695525,12718653.64,12.71865364,10.721312522888184,5.0668721199035645
2019-05-04 06:30,81316919,15742955.5184,15.7429555184,12.905865669250488,4.475366592407227
2019-05-04 06:45,119926536,23217777.3696,23.2177773696,14.917607307434082,5.5978803634643555
2019-05-04 07:00,97130686,18804500.8096,18.8045008096,23.80046844482422,4.348812103271484
2019-05-04 07:15,90818826,17582524.7136,17.582524713599998,20.130695343017578,4.101778507232666
2019-05-04 07:30,142426983,27573863.9088,27.5738639088,17.64878273010254,5.014219284057617
2019-05-04 07:45,164767155,31898921.208,31.898921208,27.66278076171875,4.096330642700195
2019-05-04 08:00,168081219,32540523.9984,32.5405239984,31.516454696655273,4.83734655380249
2019-05-04 08:15,181885374,35213008.4064,35.2130084064,32.48593521118164,3.7207448482513428
2019-05-04 08:30,232857314,45081175.9904,45.0811759904,36.691673278808594,4.367062568664551
2019-05-04 08:45,284502398,55079664.2528,55.0796642528,45.5221061706543,4.448387145996094
2019-05-04 09:00,256751999,49707187.0064,49.7071870064,58.61368942260742,4.6201348304748535
2019-05-04 09:15,309977771,60011696.4656,60.0116964656,51.23517608642578,6.304349422454834
2019-05-04 09:30,352359330,68216766.288,68.216766288,62.45326232910156,5.55200719833374
2019-05-04 09:45,371909325,72001645.32,72.00164532,69.89724731445312,4.474370002746582
2019-05-04 10:00,409393886,79258656.32959999,79.25865632959999,72.63802337646484,5.491051197052002
2019-05-04 10:15,414299732,80208428.1152,80.2084281152,81.8014144897461,5.639596939086914
2019-05-04 10:30,468863485,90771970.696,90.771970696,81.8062744140625,4.19979190826416
2019-05-04 10:45,435247532,84263922.1952,84.2639221952,92.1214599609375,5.115894794464111
2019-05-04 11:00,518936033,100466015.9888,100.4660159888,85.05522155761719,4.118698596954346
2019-05-04 11:15,474483057,91859919.8352,91.8599198352,101.78871154785156,3.5221405029296875
2019-05-04 11:30,484538057,93806567.8352,93.8065678352,95.72187805175781,5.427793025970459
2019-05-04 11:45,455626288,88209249.3568,88.2092493568,96.02596282958984,3.766603946685791
2019-05-04 12:00,472386291,91453985.9376,91.4539859376,89.47911834716797,4.881896018981934
2019-05-04 12:15,448988900,86924251.03999999,86.92425103999999,92.8782730102539,4.338320255279541
2019-05-04 12:30,455830664,88248816.5504,88.24881655040001,88.62761688232422,4.380537509918213
2019-05-04 12:45,465414998,90104343.6128,90.1043436128,89.6959457397461,5.272775173187256
2019-05-04 13:00,415789765,80496898.504,80.49689850399999,90.50460052490234,4.050395965576172
2019-05-04 13:15,434687325,84155466.12,84.15546612,82.0767822265625,4.301297187805176
2019-05-04 13:30,462763895,89591090.072,89.591090072,88.29779815673828,4.234570503234863
2019-05-04 13:45,425337181,82345278.24159999,82.34527824159998,91.86282348632812,3.6414825916290283
2019-05-04 14:00,419216774,81160367.4464,81.1603674464,84.72940063476562,4.292953014373779
2019-05-04 14:15,513828742,99477244.4512,99.4772444512,82.04881286621094,4.306725978851318
2019-05-04 14:30,519614985,100597461.096,100.597461096,101.6954345703125,3.911979913711548
2019-05-04 14:45,492450970,95338507.792,95.338507792,102.14867401123047,3.8688931465148926
2019-05-04 15:00,485857527,94062017.2272,94.0620172272,95.774169921875,5.126651287078857
2019-05-04 15:15,452669248,87636766.4128,87.6367664128,94.6415786743164,5.534810543060303
2019-05-04 15:30,428953131,83045326.1616,83.04532616159999,88.09378814697266,4.193445682525635
2019-05-04 15:45,550645566,106604981.5776,106.6049815776,83.43582153320312,6.270651817321777
2019-05-04 16:00,479009408,92736221.3888,92.7362213888,107.51853942871094,4.466625213623047
2019-05-04 16:15,511964708,99116367.4688,99.1163674688,93.9559097290039,4.818614482879639
2019-05-04 16:30,521611651,100984015.6336,100.9840156336,99.83322143554688,3.9498655796051025
2019-05-04 16:45,496848888,96189944.7168,96.1899447168,104.38956451416016,4.165083885192871
2019-05-04 17:00,507243029,98202250.4144,98.2022504144,98.06692504882812,3.8794150352478027
2019-05-04 17:15,402793515,77980824.504,77.980824504,99.27653503417969,4.87330961227417
2019-05-04 17:30,455404414,88166294.5504,88.16629455040001,79.33255767822266,3.5752809047698975
2019-05-04 17:45,501896786,97167217.7696,97.1672177696,89.35584259033203,3.8441710472106934
2019-05-04 18:00,464541295,89935194.712,89.935194712,97.09194946289062,4.834259986877441
2019-05-04 18:15,488836234,94638694.9024,94.6386949024,89.73320770263672,3.6615238189697266
2019-05-04 18:30,456668002,88410925.1872,88.4109251872,95.26577758789062,3.1218106746673584
2019-05-04 18:45,585216674,113297948.0864,113.2979480864,88.9730453491211,3.9392988681793213
2019-05-04 19:00,490490377,94958936.9872,94.9589369872,113.85237121582031,4.707188606262207
2019-05-04 19:15,511882776,99100505.4336,99.1005054336,94.10447692871094,4.045405387878418
2019-05-04 19:30,546392882,105781661.9552,105.7816619552,98.41571044921875,4.864995956420898
2019-05-04 19:45,389574524,75421627.8464,75.42162784639999,105.24900817871094,4.987634181976318
2019-05-04 20:00,431146578,83469977.5008,83.4699775008,74.26561737060547,3.8649444580078125
2019-05-04 20:15,521457260,100954125.536,100.954125536,83.2920913696289,5.471746444702148
2019-05-04 20:30,575544517,111425418.4912,111.4254184912,99.78919982910156,4.887228012084961
2019-05-04 20:45,480486127,93022114.1872,93.0221141872,110.78241729736328,4.361387729644775
2019-05-04 21:00,554570574,107364863.1264,107.3648631264,92.54290008544922,5.148013114929199
2019-05-04 21:15,511435197,99013854.1392,99.0138541392,106.51995849609375,4.9652533531188965
2019-05-04 21:30,562215705,108844960.488,108.84496048799998,100.30245208740234,4.721495628356934
2019-05-04 21:45,595445995,115278344.632,115.278344632,109.09957885742188,4.003749847412109
2019-05-04 22:00,639458878,123799238.7808,123.7992387808,113.1422119140625,5.086336135864258
2019-05-04 22:15,711070147,137663180.4592,137.6631804592,122.20478820800781,3.5525877475738525
2019-05-04 22:30,621191644,120262702.2784,120.2627022784,134.48545837402344,6.525594234466553
2019-05-04 22:45,602612767,116665831.6912,116.6658316912,120.39300537109375,7.0196404457092285
2019-05-04 23:00,592709210,114748503.056,114.748503056,114.90975952148438,4.2968902587890625
2019-05-04 23:15,573694511,111067257.3296,111.0672573296,113.54206848144531,6.883449077606201
2019-05-04 23:30,554549621,107360806.6256,107.3608066256,108.16458129882812,5.897359371185303
2019-05-04 23:45,531216520,102843518.272,102.843518272,105.72161865234375,5.485203266143799
2019-05-05 00:00,587917160,113820762.176,113.820762176,100.36865997314453,4.139575004577637
2019-05-05 00:15,594785126,115150400.3936,115.1504003936,113.10716247558594,4.92243766784668
2019-05-05 00:30,565231863,109428888.6768,109.4288886768,115.40907287597656,6.125692844390869
2019-05-05 00:45,524058510,101457727.536,101.457727536,108.29936981201172,4.736010551452637
2019-05-05 01:00,309784543,59974287.5248,59.9742875248,99.57823944091797,6.332695960998535
2019-05-05 01:15,246159449,47656469.3264,47.6564693264,57.13983154296875,4.995834827423096
2019-05-05 01:30,218520050,42305481.68,42.30548168,46.57387924194336,5.768105506896973
2019-05-05 01:45,217164757,42043096.9552,42.0430969552,40.56827163696289,5.547477722167969
2019-05-05 02:00,230059127,44539446.9872,44.5394469872,41.90599060058594,7.106838703155518
2019-05-05 02:15,171453815,33193458.584,33.193458584,43.930381774902344,4.880860805511475
2019-05-05 02:30,128294305,24837777.448,24.837777448,31.300262451171875,8.265328407287598
2019-05-05 02:45,107011180,20717364.448,20.717364448,24.446735382080078,5.659794807434082
2019-05-05 03:00,142907141,27666822.4976,27.6668224976,20.906885147094727,5.66710090637207
2019-05-05 03:15,147025559,28464148.2224,28.4641482224,27.66324234008789,5.175485610961914
2019-05-05 03:30,100759389,19507017.7104,19.5070177104,26.95599937438965,6.080977916717529
2019-05-05 03:45,98207338,19012940.6368,19.0129406368,18.20402717590332,4.585623264312744
2019-05-05 04:00,59058010,11433630.736,11.433630736,18.203712463378906,4.471255302429199
2019-05-05 04:15,71110247,13766943.8192,13.7669438192,8.7688627243042,6.165343284606934
2019-05-05 04:30,57698647,11170458.0592,11.1704580592,14.405407905578613,3.1382524967193604
2019-05-05 04:45,48640165,9416735.944,9.416735944,11.173059463500977,5.472142219543457
2019-05-05 05:00,45382431,8786038.6416,8.7860386416,9.047300338745117,5.1923980712890625
2019-05-05 05:15,41021953,7941850.1008,7.9418501008,9.845605850219727,5.853830337524414
2019-05-05 05:30,42394483,8207571.908799999,8.207571908799999,7.661627769470215,5.441911220550537
2019-05-05 05:45,83780961,16219994.0496,16.2199940496,9.40452766418457,4.669107913970947
2019-05-05 06:00,37701517,7299013.6912,7.2990136912,16.60430145263672,4.4536943435668945
2019-05-05 06:15,47462113,9188665.0768,9.1886650768,7.980635166168213,6.208451747894287
2019-05-05 06:30,51201128,9912538.3808,9.9125383808,8.112497329711914,4.308847427368164
2019-05-05 06:45,67229217,13015576.4112,13.0155764112,9.72800350189209,4.92169189453125
2019-05-05 07:00,54831215,10615323.224,10.615323224,12.64915943145752,5.746507167816162
2019-05-05 07:15,60522091,11717076.8176,11.7170768176,11.920914649963379,6.063930511474609
2019-05-05 07:30,83871601,16237541.9536,16.237541953599997,11.652215003967285,3.8649837970733643
2019-05-05 07:45,120154955,23261999.288,23.261999288,16.482868194580078,5.246157646179199
2019-05-05 08:00,102292521,19803832.0656,19.8038320656,23.848873138427734,4.171875953674316
2019-05-05 08:15,142016065,27494310.184,27.494310184,20.668006896972656,3.903738260269165
2019-05-05 08:30,199807986,38682826.0896,38.6828260896,27.202735900878906,6.039338111877441
2019-05-05 08:45,222904408,43154293.3888,43.15429338879999,38.815330505371094,5.180341720581055
2019-05-05 09:00,251080877,48609257.7872,48.6092577872,46.54844284057617,6.165444374084473
2019-05-05 09:15,279448796,54101286.9056,54.1012869056,49.88359832763672,4.575351715087891
2019-05-05 09:30,309551771,59929222.8656,59.9292228656,58.446048736572266,5.629396915435791
2019-05-05 09:45,384530546,74445113.7056,74.4451137056,62.686973571777344,4.28819465637207
2019-05-05 10:00,399940190,77428420.784,77.428420784,78.17491912841797,5.786859035491943
2019-05-05 10:15,378627339,73302252.8304,73.30225283040001,79.86357116699219,4.480375289916992
2019-05-05 10:30,450614170,87238903.31199999,87.23890331199999,74.08607482910156,6.088160991668701
2019-05-05 10:45,420875383,81481474.1488,81.4814741488,87.9286880493164,5.470749855041504
2019-05-05 11:00,470583388,91104943.9168,91.1049439168,83.06417083740234,3.7745418548583984
2019-05-05 11:15,393799514,76239585.9104,76.23958591040001,92.90581512451172,5.468949794769287
2019-05-05 11:30,401466546,77723923.3056,77.7239233056,78.52467346191406,5.4309611320495605
2019-05-05 11:45,426525378,82575313.18079999,82.5753131808,79.7422103881836,4.344565391540527
2019-05-05 12:00,432485821,83729254.9456,83.7292549456,84.958984375,4.211460113525391
2019-05-05 12:15,466638208,90341157.0688,90.3411570688,86.39698791503906,5.358643054962158
2019-05-05 12:30,493840485,95607517.896,95.607517896,91.46485137939453,3.939455986022949
2019-05-05 12:45,430761041,83395337.5376,83.3953375376,97.41748809814453,5.205369472503662
2019-05-05 13:00,368787507,71397261.3552,71.39726135519999,86.08870697021484,4.844446182250977
2019-05-05 13:15,399154153,77276244.0208,77.2762440208,73.02067565917969,5.0280070304870605
2019-05-05 13:30,383561682,74257541.6352,74.2575416352,78.2290267944336,5.641698360443115
2019-05-05 13:45,369067117,71451393.8512,71.4513938512,76.49498748779297,5.705563545227051
2019-05-05 14:00,448508861,86831315.4896,86.8313154896,73.40099334716797,4.2286696434021
2019-05-05 14:15,430430768,83331396.6848,83.3313966848,87.41426849365234,5.007142066955566
2019-05-05 14:30,462462649,89532768.8464,89.53276884639999,86.73884582519531,5.570827007293701
2019-05-05 14:45,466160142,90248603.4912,90.2486034912,92.28268432617188,5.127890110015869
2019-05-05 15:00,422826831,81859274.4816,81.8592744816,92.96647644042969,4.765074729919434
2019-05-05 15:15,521008217,100867190.8112,100.8671908112,84.56360626220703,5.297116756439209
2019-05-05 15:30,479461515,92823749.304,92.823749304,100.78536224365234,3.9676618576049805
2019-05-05 15:45,441700984,85513310.5024,85.51331050239999,94.7628402709961,5.02999210357666
2019-05-05 16:00,488964547,94663536.2992,94.6635362992,85.61157989501953,4.790299415588379
2019-05-05 16:15,504778282,97725075.3952,97.7250753952,96.3542709350586,4.591302871704102
2019-05-05 16:30,479082089,92750292.4304,92.7502924304,99.64463806152344,4.8690619468688965
2019-05-05 16:45,501481141,97086748.8976,97.0867488976,95.24696350097656,4.284303665161133
2019-05-05 17:00,463425883,89719250.9488,89.7192509488,99.21137237548828,4.653871059417725
2019-05-05 17:15,481517997,93221884.2192,93.2218842192,89.69878387451172,5.732996940612793
2019-05-05 17:30,456850221,88446202.78559999,88.4462027856,93.4831314086914,5.098996639251709
2019-05-05 17:45,470693701,91126300.5136,91.1263005136,90.39199829101562,4.702568054199219
2019-05-05 18:00,448384386,86807217.1296,86.8072171296,90.6042709350586,4.824980735778809
2019-05-05 18:15,456427501,88364364.1936,88.3643641936,88.70831298828125,5.065336227416992
2019-05-05 18:30,453019225,87704521.96,87.70452196,88.87623596191406,4.6415629386901855
2019-05-05 18:45,485614178,94014904.8608,94.0149048608,88.69947052001953,4.807575702667236
2019-05-05 19:00,463324091,89699544.0176,89.6995440176,94.72001647949219,3.9994633197784424
2019-05-05 19:15,501925260,97172730.336,97.172730336,88.55329132080078,4.922788619995117
2019-05-05 19:30,468561865,90713577.064,90.713577064,96.22339630126953,5.0615925788879395
2019-05-05 19:45,453355285,87769583.176,87.769583176,89.63697052001953,3.9127955436706543
2019-05-05 20:00,463656070,89763815.152,89.76381515199999,88.82386779785156,4.848348617553711
2019-05-05 20:15,478018765,92544432.904,92.544432904,89.95020294189453,4.3244853019714355
2019-05-05 20:30,490637812,94987480.4032,94.9874804032,93.33866882324219,5.13632345199585
2019-05-05 20:45,509275196,98595677.9456,98.5956779456,95.7717056274414,4.456894874572754
2019-05-05 21:00,482874305,93484465.448,93.484465448,98.10774230957031,5.202077865600586
2019-05-05 21:15,484456931,93790861.8416,93.7908618416,93.76289367675781,4.9730610847473145
2019-05-05 21:30,475630825,92082127.72,92.08212772,95.33905792236328,4.971745014190674
2019-05-05 21:45,455407705,88166931.688,88.16693168799999,92.15415954589844,4.558679103851318
2019-05-05 22:00,488319069,94538571.7584,94.5385717584,86.88168334960938,5.99062442779541
2019-05-05 22:15,524022596,101450774.5856,101.4507745856,92.90605163574219,6.696656703948975
2019-05-05 22:30,433702589,83964821.2304,83.96482123039999,100.25204467773438,5.9026007652282715
2019-05-05 22:45,452700987,87642911.0832,87.64291108319999,83.07567596435547,5.632734775543213
2019-05-05 23:00,443531155,85867631.608,85.867631608,86.76203918457031,4.252564907073975
2019-05-05 23:15,507049835,98164848.056,98.164848056,85.60567474365234,5.912668228149414
2019-05-05 23:30,454232199,87939353.7264,87.9393537264,97.15435791015625,6.049332141876221
2019-05-05 23:45,374586748,72519994.4128,72.5199944128,87.01428985595703,3.790334939956665
