timestamp,Traffic_bps,Traffic_bps_scaled,Traffic_Mbps_scaled,Traffic_Predicted_Mbps,Traffic_Prediction_Uncertainty
2019-04-01 00:00,649787029,125798768.8144,125.7987688144,,
2019-04-01 00:15,610370593,118167746.8048,118.1677468048,,
2019-04-01 00:30,565003405,109384659.208,109.384659208,,
2019-04-01 00:45,530759902,102755117.0272,102.7551170272,,
2019-04-01 01:00,509914593,98719465.2048,98.7194652048,,
2019-04-01 01:15,468276583,90658346.4688,90.6583464688,,
2019-04-01 01:30,425373388,82352287.91679999,82.3522879168,,
2019-04-01 01:45,384716854,74481182.93439999,74.4811829344,,
2019-04-01 02:00,317588061,61485048.6096,61.4850486096,,
2019-04-01 02:15,284903155,55157250.808,55.157250808,,
2019-04-01 02:30,240918148,46641753.4528,46.6417534528,,
2019-04-01 02:45,161806982,31325831.7152,31.3258317152,,
2019-04-01 03:00,151300357,29291749.1152,29.2917491152,,
2019-04-01 03:15,167681184,32463077.2224,32.463077222399995,,
2019-04-01 03:30,118279603,22898931.1408,22.8989311408,,
2019-04-01 03:45,113148579,21905564.8944,21.9055648944,,
2019-04-01 04:00,134295917,25999689.5312,25.9996895312,,
2019-04-01 04:15,124734490,24148597.264,24.148597264,,
2019-04-01 04:30,151742316,29377312.3776,29.3773123776,,
2019-04-01 04:45,143164215,27716592.024,27.716592024,,
2019-04-01 05:00,130308723,25227768.7728,25.2277687728,,
2019-04-01 05:15,129170947,25007495.3392,25.0074953392,,
2019-04-01 05:30,192377556,37244294.8416,37.2442948416,,
2019-04-01 05:45,149641164,28970529.3504,28.9705293504,,
2019-04-01 06:00,185078020,35831104.672,35.831104671999995,,
2019-04-01 06:15,203647755,39426205.368,39.426205368,,
2019-04-01 06:30,281605706,54518864.6816,54.5188646816,,
2019-04-01 06:45,328964821,63687589.3456,63.6875893456,,
2019-04-01 07:00,454855594,88060042.9984,88.06004299840001,,
2019-04-01 07:15,579835215,112256097.624,112.256097624,,
2019-04-01 07:30,702135422,135933417.6992,135.9334176992,,
2019-04-01 07:45,747565639,144728707.7104,144.7287077104,,
2019-04-01 08:00,779896160,150987896.576,150.987896576,,
2019-04-01 08:15,887439804,171808346.0544,171.8083460544,,
2019-04-01 08:30,935039581,181023662.8816,181.0236628816,,
2019-04-01 08:45,891533885,172600960.136,172.600960136,,
2019-04-01 09:00,683963703,132415372.9008,132.41537290079998,,
2019-04-01 09:15,657559738,127303565.2768,127.3035652768,,
2019-04-01 09:30,747146572,144647576.3392,144.6475763392,,
2019-04-01 09:45,686070600,132823268.16,132.82326816,,
2019-04-01 10:00,592685178,114743850.4608,114.7438504608,,
2019-04-01 10:15,563582982,109109665.3152,109.1096653152,,
2019-04-01 10:30,689539714,133494888.6304,133.4948886304,,
2019-04-01 10:45,680413877,131728126.5872,131.7281265872,,
2019-04-01 11:00,682651123,132161257.4128,132.1612574128,,
2019-04-01 11:15,692171138,134004332.3168,134.0043323168,,
2019-04-01 11:30,766620329,148417695.69439998,148.41769569439998,,
2019-04-01 11:45,830109763,160709250.11679998,160.70925011679998,,
2019-04-01 12:00,920007006,178113356.36159998,178.11335636159998,,
2019-04-01 12:15,951217124,184155635.2064,184.1556352064,,
2019-04-01 12:30,938202371,181635979.0256,181.6359790256,,
2019-04-01 12:45,1009907084,195518011.4624,195.5180114624,,
2019-04-01 13:00,1125347015,217867182.104,217.867182104,,
2019-04-01 13:15,1058806520,204984942.272,204.984942272,,
2019-04-01 13:30,969024007,187603047.7552,187.6030477552,,
2019-04-01 13:45,945310048,183012025.2928,183.0120252928,,
2019-04-01 14:00,823348396,159400249.46559998,159.40024946559998,,
2019-04-01 14:15,738638022,143000321.0592,143.0003210592,,
2019-04-01 14:30,791623442,153258298.3712,153.2582983712,,
2019-04-01 14:45,850056721,164570981.18559998,164.57098118559998,,
2019-04-01 15:00,813826362,157556783.6832,157.5567836832,,
2019-04-01 15:15,813664343,157525416.8048,157.52541680480002,,
2019-04-01 15:30,880421708,170449642.6688,170.4496426688,,
2019-04-01 15:45,792506646,153429286.6656,153.4292866656,,
2019-04-01 16:00,844833798,163559823.2928,163.55982329280002,,
2019-04-01 16:15,920902040,178286634.944,178.286634944,,
2019-04-01 16:30,881939080,170743405.88799998,170.74340588799998,,
2019-04-01 16:45,1040605639,201461251.7104,201.4612517104,,
2019-04-01 17:00,1027273025,198880057.64,198.88005764,,
2019-04-01 17:15,1117481702,216344457.5072,216.3444575072,,
2019-04-01 17:30,1204888795,233266470.712,233.266470712,,
2019-04-01 17:45,1178365521,228131564.8656,228.1315648656,,
2019-04-01 18:00,1206771184,233630901.2224,233.6309012224,,
2019-04-01 18:15,1238532566,239779904.7776,239.7799047776,,
2019-04-01 18:30,1215236316,235269750.7776,235.2697507776,,
2019-04-01 18:45,1226440415,237438864.344,237.438864344,,
2019-04-01 19:00,1123679364,217544324.8704,217.5443248704,,
2019-04-01 19:15,1119031731,216644543.1216,216.6445431216,,
2019-04-01 19:30,1128236530,218426592.208,218.426592208,,
2019-04-01 19:45,1140861822,220870848.7392,220.8708487392,,
2019-04-01 20:00,1045568835,202422126.456,202.422126456,,
2019-04-01 20:15,1037000597,200763315.5792,200.7633155792,,
2019-04-01 20:30,1083902578,209843539.1008,209.8435391008,,
2019-04-01 20:45,1035907237,200551641.0832,200.5516410832,,
2019-04-01 21:00,1113233422,215521990.4992,215.5219904992,,
2019-04-01 21:15,1059249532,205070709.3952,205.0707093952,,
2019-04-01 21:30,1113268326,215528747.9136,215.5287479136,,
2019-04-01 21:45,1062985669,205794025.5184,205.7940255184,,
2019-04-01 22:00,1088192454,210674059.0944,210.6740590944,,
2019-04-01 22:15,1189487893,230284856.0848,230.2848560848,,
2019-04-01 22:30,1154476715,223506692.024,223.506692024,,
2019-04-01 22:45,1100532513,213063094.5168,213.0630945168,,
2019-04-01 23:00,967200453,187250007.7008,187.2500077008,,
2019-04-01 23:15,856881212,165892202.64319998,165.8922026432,,
2019-04-01 23:30,826681629,160045563.3744,160.0455633744,,
2019-04-01 23:45,751407034,145472401.78239998,145.47240178239997,,
2019-04-02 00:00,633281382,122603275.5552,122.6032755552,133.64288330078125,76.11720263103793
2019-04-02 00:15,602720582,116686704.6752,116.6867046752,124.02632141113281,72.43186229813855
2019-04-02 00:30,540171459,104577194.4624,104.5771944624,114.01655578613281,70.24093797995737
2019-04-02 00:45,502388060,97262328.416,97.262328416,104.1742935180664,67.9455297492277
2019-04-02 01:00,506685389,98094291.3104,98.0942913104,95.03770446777344,65.92451858980255
2019-04-02 01:15,458036724,88675909.7664,88.6759097664,87.5274887084961,65.86952829850642
2019-04-02 01:30,361713752,70027782.3872,70.02778238719999,81.12001037597656,71.74593449473832
2019-04-02 01:45,269247950,52126403.12,52.12640312,74.72882080078125,82.06426344864771
2019-04-02 02:00,226918487,43931419.0832,43.9314190832,67.8789291381836,92.33276850928495
2019-04-02 02:15,238578403,46188778.8208,46.1887788208,60.90243148803711,96.32426510682104
2019-04-02 02:30,202155555,39137315.448,39.137315448,55.07062530517578,100.7411756567136
2019-04-02 02:45,233030381,45114681.7616,45.1146817616,50.21125030517578,102.06829120026093
2019-04-02 03:00,228021093,44144883.6048,44.1448836048,47.28709030151367,103.28364505139497
2019-04-02 03:15,211924719,41028625.5984,41.0286255984,45.77217102050781,104.63181543620432
2019-04-02 03:30,218713623,42342957.4128,42.3429574128,45.229454040527344,105.50302584271041
2019-04-02 03:45,170293519,32968825.2784,32.9688252784,45.61003875732422,107.66793534161798
2019-04-02 04:00,103858968,20107096.2048,20.1070962048,46.015098571777344,111.5884057617539
2019-04-02 04:15,104188846,20170960.5856,20.1709605856,45.65414810180664,115.39492053963076
2019-04-02 04:30,109400725,21179980.36,21.17998036,45.0640754699707,118.10471989405617
2019-04-02 04:45,104413235,20214402.296,20.214402296,44.7061767578125,120.16391875577031
2019-04-02 05:00,107388521,20790417.6656,20.7904176656,45.06707000732422,121.88544986353034
2019-04-02 05:15,98478303,19065399.4608,19.0653994608,46.257877349853516,123.32686311678582
2019-04-02 05:30,142371771,27563174.8656,27.5631748656,48.230709075927734,123.59222488926304
2019-04-02 05:45,133181286,25783896.9696,25.7838969696,51.170372009277344,123.92604733327236
2019-04-02 06:00,217160584,42042289.0624,42.0422890624,54.53669738769531,123.64773417944741
2019-04-02 06:15,191292465,37034221.224,37.034221224,58.79917526245117,123.42838637658541
2019-04-02 06:30,241443830,46743525.488,46.743525488,62.8852653503418,123.08866621793686
2019-04-02 06:45,312771061,60552477.4096,60.5524774096,67.13056945800781,122.72161604965015
2019-04-02 07:00,444174962,85992272.6432,85.9922726432,71.82904815673828,122.28654164071465
2019-04-02 07:15,617892918,119624068.9248,119.6240689248,77.2195816040039,121.92327780522632
2019-04-02 07:30,891064411,172510069.9696,172.51006996959998,84.18941497802734,122.13696380203466
2019-04-02 07:45,875247528,169447921.4208,169.4479214208,94.60375213623047,122.17778778276737
2019-04-02 08:00,955932150,185068464.24,185.06846424,108.3593978881836,122.93526666017067
2019-04-02 08:15,1052219251,203709646.9936,203.7096469936,122.38958740234375,124.13667831389759
2019-04-02 08:30,1006249362,194809876.4832,194.8098764832,136.34852600097656,125.1300775722991
2019-04-02 08:45,928791050,179813947.28,179.81394728,147.79019165039062,125.5351090228624
2019-04-02 09:00,776459234,150322507.7024,150.3225077024,155.02911376953125,125.19494063790128
2019-04-02 09:15,664884764,128721690.3104,128.7216903104,156.59959411621094,124.87526091359682
2019-04-02 09:30,672991855,130291223.128,130.29122312799998,153.20750427246094,124.57338049207353
2019-04-02 09:45,634466635,122832740.536,122.832740536,147.3592529296875,124.21918734170032
2019-04-02 10:00,713246018,138084429.0848,138.0844290848,140.0321044921875,123.8957094891682
2019-04-02 10:15,596411973,115465357.9728,115.4653579728,133.7602996826172,123.61900051372511
2019-04-02 10:30,653124216,126444848.2176,126.4448482176,126.9635238647461,123.31596414013254
2019-04-02 10:45,667441535,129216681.176,129.216681176,121.50101470947266,122.98724911700079
2019-04-02 11:00,741149314,143486507.1904,143.4865071904,117.53053283691406,122.70422958689373
2019-04-02 11:15,787446385,152449620.136,152.44962013600002,115.88079833984375,122.35392892818241
2019-04-02 11:30,725176477,140394165.9472,140.3941659472,116.36360931396484,122.05679026922905
2019-04-02 11:45,772042226,149467374.9536,149.4673749536,117.09919738769531,121.74607507117621
2019-04-02 12:00,784306239,151841687.87039998,151.8416878704,118.59254455566406,121.43498241938646
2019-04-02 12:15,870654277,168558668.02719998,168.5586680272,120.47205352783203,121.46903582371333
2019-04-02 12:30,947669069,183468731.7584,183.4687317584,123.59392547607422,122.05892524192846
2019-04-02 12:45,1078920672,208879042.0992,208.8790420992,128.14263916015625,123.26691874519275
2019-04-02 13:00,966965316,187204485.1776,187.2044851776,134.9059295654297,123.8443757809484
2019-04-02 13:15,1021050016,197675283.0976,197.6752830976,140.38925170898438,124.69221944205387
2019-04-02 13:30,926077194,179288544.7584,179.28854475839998,145.33139038085938,124.97197163825079
2019-04-02 13:45,857602273,166031800.0528,166.0318000528,147.82415771484375,124.75580860129398
2019-04-02 14:00,798662943,154621145.76479998,154.6211457648,147.5644073486328,124.51019237742888
2019-04-02 14:15,860040152,166503773.4272,166.5037734272,144.82765197753906,124.27868348698081
2019-04-02 14:30,873429889,169096026.5104,169.0960265104,141.87191772460938,124.19758991069149
2019-04-02 14:45,820127714,158776725.43039998,158.77672543039998,139.23660278320312,123.93873921517597
2019-04-02 15:00,790540261,153048594.5296,153.0485945296,136.22482299804688,123.73999802726343
2019-04-02 15:15,867777731,168001768.7216,168.0017687216,132.8963165283203,123.62304634596762
2019-04-02 15:30,849516095,164466315.99199998,164.46631599199998,130.91134643554688,123.43963921611704
2019-04-02 15:45,751326790,145456866.544,145.456866544,129.58590698242188,123.2359675387661
2019-04-02 16:00,771174549,149299392.6864,149.29939268639998,127.3329086303711,123.01753977938783
2019-04-02 16:15,801331411,155137761.1696,155.1377611696,125.13497161865234,122.82100433675035
2019-04-02 16:30,882272709,170807996.4624,170.80799646239998,123.64207458496094,122.86606287659401
2019-04-02 16:45,943899684,182738978.8224,182.7389788224,123.91030883789062,123.22009089095732
2019-04-02 17:00,1155034930,223614762.448,223.614762448,126.03829193115234,124.43305026994784
2019-04-02 17:15,1210069415,234269438.744,234.269438744,132.17799377441406,126.01816723810263
2019-04-02 17:30,1363971143,264064813.2848,264.0648132848,140.7191925048828,129.38243598604268
2019-04-02 17:45,1343277614,260058546.0704,260.0585460704,152.0282440185547,132.5900378423064
2019-04-02 18:00,1237528823,239585580.1328,239.5855801328,163.20254516601562,134.6747030358327
2019-04-02 18:15,1199371435,232198309.816,232.198309816,171.20925903320312,136.17574218409072
2019-04-02 18:30,1280551474,247914765.3664,247.9147653664,175.84719848632812,138.54530238097934
2019-04-02 18:45,1296588428,251019519.6608,251.0195196608,179.1965789794922,141.31832523633724
2019-04-02 19:00,1215729571,235365244.9456,235.3652449456,181.4912872314453,143.30022864998972
2019-04-02 19:15,1263562011,244625605.3296,244.6256053296,181.4834442138672,146.1474093692212
2019-04-02 19:30,1164787331,225502827.2816,225.5028272816,180.9259033203125,147.9120763618525
2019-04-02 19:45,1154395952,223491056.3072,223.4910563072,178.35897827148438,149.42454528108135
2019-04-02 20:00,1094583167,211911301.1312,211.9113011312,174.81024169921875,150.42337043695096
2019-04-02 20:15,1071908933,207521569.4288,207.5215694288,170.08111572265625,151.02404087752657
2019-04-02 20:30,982324758,190178073.1488,190.1780731488,164.8668212890625,150.68211497360298
2019-04-02 20:45,1165357760,225613262.336,225.613262336,158.53794860839844,151.96433711331653
2019-04-02 21:00,1077922109,208685720.3024,208.6857203024,155.25042724609375,152.51891101627197
2019-04-02 21:15,1114263851,215721481.5536,215.7214815536,152.5111083984375,153.38948446959702
2019-04-02 21:30,1101871802,213322380.8672,213.3223808672,151.06349182128906,154.07972940011317
2019-04-02 21:45,1276233688,247078841.9968,247.0788419968,150.28366088867188,155.98595333951513
2019-04-02 22:00,1310224877,253659536.1872,253.6595361872,152.75875854492188,158.1143559848059
2019-04-02 22:15,1230040394,238135820.2784,238.1358202784,157.2516632080078,159.45488293144282
2019-04-02 22:30,1089322145,210892767.272,210.892767272,161.04127502441406,159.70781232146058
2019-04-02 22:45,982743170,190259077.712,190.259077712,161.7579803466797,159.386221737613
2019-04-02 23:00,990021585,191668178.856,191.668178856,159.03477478027344,159.05005200317726
2019-04-02 23:15,1026895407,198806950.7952,198.8069507952,154.85060119628906,158.6828131080221
2019-04-02 23:30,898766240,174001144.06399998,174.001144064,150.86532592773438,158.33750191589556
2019-04-02 23:45,573981685,111122854.216,111.122854216,145.39999389648438,158.02906323569346
2019-04-03 00:00,580292198,112344569.5328,112.3445695328,134.51083374023438,157.6539449937803
2019-04-03 00:15,602222811,116590336.2096,116.5903362096,122.04470825195312,157.6539449937803
2019-04-03 00:30,548527355,106194895.928,106.194895928,110.46722412109375,157.6539449937803
2019-04-03 00:45,487184813,94318979.7968,94.3189797968,100.00285339355469,157.6539449937803
2019-04-03 01:00,479118406,92757323.4016,92.7573234016,90.55139923095703,157.6539449937803
2019-04-03 01:15,334761615,64809848.664,64.809848664,82.5667495727539,157.6539449937803
2019-04-03 01:30,354355657,68603255.1952,68.60325519519999,74.38595581054688,157.6539449937803
2019-04-03 01:45,280424454,54290174.2944,54.2901742944,67.49492645263672,157.6539449937803
2019-04-03 02:00,268061330,51896673.488,51.896673488,61.02509689331055,157.6539449937803
2019-04-03 02:15,240934853,46644987.5408,46.6449875408,55.62954330444336,157.6539449937803
2019-04-03 02:30,264420458,51191800.6688,51.1918006688,51.2579231262207,157.6539449937803
2019-04-03 02:45,226607924,43871294.0864,43.8712940864,48.65274429321289,157.6539449937803
2019-04-03 03:00,171778739,33256363.8704,33.2563638704,46.9127082824707,157.6570118053927
2019-04-03 03:15,189650545,36716345.512,36.716345512,45.3011589050293,157.6570118053927
2019-04-03 03:30,168198098,32563151.7728,32.5631517728,44.39120101928711,157.66691996598658
2019-04-03 03:45,196279338,37999679.8368,37.9996798368,43.88140869140625,157.66691996598658
2019-04-03 04:00,151359811,29303259.4096,29.303259409600003,44.255470275878906,157.66963291472064
2019-04-03 04:15,172323964,33361919.4304,33.3619194304,44.6812744140625,157.648849368332
2019-04-03 04:30,147756084,28605577.8624,28.6055778624,45.56673049926758,157.63557951039377
2019-04-03 04:45,110458159,21384699.5824,21.3846995824,46.49106216430664,157.63557951039377
2019-04-03 05:00,108565198,21018222.3328,21.0182223328,47.15311813354492,157.6310736564094
2019-04-03 05:15,110875637,21465523.3232,21.4655233232,47.9796028137207,157.6280540265141
2019-04-03 05:30,175867180,34047886.048,34.047886048,49.7825813293457,157.59612379945736
2019-04-03 05:45,170556434,33019725.6224,33.0197256224,52.685577392578125,157.57782908864647
2019-04-03 06:00,160938873,31157765.8128,31.1577658128,56.007877349853516,157.57657877314296
2019-04-03 06:15,191191502,37014674.7872,37.01467478719999,59.44852066040039,157.57657877314296
2019-04-03 06:30,221289715,42841688.824,42.841688824,62.842262268066406,157.57657877314296
2019-04-03 06:45,376648160,72919083.776,72.919083776,66.39781951904297,157.57657877314296
2019-04-03 07:00,445807318,86308296.7648,86.30829676479999,71.33605194091797,157.57657877314296
2019-04-03 07:15,604327812,116997864.4032,116.9978644032,76.85028076171875,157.57657877314296
2019-04-03 07:30,733628798,142030535.2928,142.0305352928,83.68389129638672,157.57657877314296
2019-04-03 07:45,812217546,157245316.90559998,157.2453169056,92.37616729736328,157.57657877314296
2019-04-03 08:00,880045699,170376847.32639998,170.37684732639997,104.1949462890625,157.57657877314296
2019-04-03 08:15,865625862,167585166.8832,167.5851668832,116.4120864868164,157.57657877314296
2019-04-03 08:30,874321322,169268607.93919998,169.2686079392,127.2908706665039,157.28263667552406
2019-04-03 08:45,799872013,154855221.7168,154.8552217168,136.1466827392578,157.2672908220328
2019-04-03 09:00,757164230,146586994.928,146.586994928,141.4839630126953,157.2672908220328
2019-04-03 09:15,793441733,153610319.5088,153.6103195088,143.44190979003906,157.2672908220328
2019-04-03 09:30,712133836,137869110.6496,137.8691106496,143.6631317138672,157.2672908220328
2019-04-03 09:45,742298510,143708991.53599998,143.70899153599998,141.6777801513672,157.2672908220328
2019-04-03 10:00,819740722,158701803.7792,158.7018037792,138.9195098876953,157.2672908220328
2019-04-03 10:15,747772435,144768743.416,144.768743416,137.0391387939453,157.2672908220328
2019-04-03 10:30,808680023,156560452.4528,156.5604524528,134.68421936035156,157.2672908220328
2019-04-03 10:45,843228389,163249016.1104,163.2490161104,133.189453125,157.2672908220328
2019-04-03 11:00,923621578,178813137.50079998,178.8131375008,132.74732971191406,157.2672908220328
2019-04-03 11:15,842520918,163112049.7248,163.1120497248,134.06454467773438,157.2672908220328
2019-04-03 11:30,825328619,159783620.6384,159.78362063839998,134.9446258544922,157.2672908220328
2019-04-03 11:45,822231589,159184035.6304,159.1840356304,135.2198028564453,157.2672908220328
2019-04-03 12:00,843737403,163347561.22079998,163.34756122079995,135.00863647460938,157.2672908220328
2019-04-03 12:15,949209299,183766920.2864,183.7669202864,134.76864624023438,157.2672908220328
2019-04-03 12:30,992515700,192151039.52,192.15103952,136.04579162597656,157.2672908220328
2019-04-03 12:45,1001217799,193835765.8864,193.8357658864,138.57699584960938,157.28015963537558
2019-04-03 13:00,1095543972,212097312.9792,212.0973129792,141.6191864013672,157.41036937918037
2019-04-03 13:15,1069073400,206972610.24,206.97261024,145.9792938232422,157.9347587786123
2019-04-03 13:30,1103124513,213564905.7168,213.5649057168,150.0729522705078,158.70608548998848
2019-04-03 13:45,1102196003,213385146.1808,213.3851461808,154.01211547851562,159.4071704200115
2019-04-03 14:00,1014356751,196379466.9936,196.3794669936,157.300048828125,159.41081520765854
2019-04-03 14:15,933580127,180741112.5872,180.7411125872,158.36163330078125,159.41081520765854
2019-04-03 14:30,912571677,176673876.6672,176.6738766672,156.7567138671875,159.41081520765854
2019-04-03 14:45,916378496,177410876.8256,177.41087682559998,153.46726989746094,159.41081520765854
2019-04-03 15:00,971576474,188097205.3664,188.0972053664,149.5980987548828,159.41081520765854
2019-04-03 15:15,972345227,188246035.9472,188.2460359472,146.60403442382812,159.41081520765854
2019-04-03 15:30,911043273,176377977.6528,176.37797765279998,144.4068145751953,159.41081520765854
2019-04-03 15:45,1082453235,209562946.296,209.562946296,141.9315185546875,159.86397200967792
2019-04-03 16:00,1003738515,194323776.504,194.323776504,142.24697875976562,159.86397200967792
2019-04-03 16:15,994611281,192556744.0016,192.5567440016,142.7481231689453,159.86397200967792
2019-04-03 16:30,988820228,191435596.1408,191.4355961408,143.23191833496094,159.86397200967792
2019-04-03 16:45,997552772,193126216.6592,193.1262166592,143.51341247558594,159.86397200967792
2019-04-03 17:00,1113027539,215482131.5504,215.4821315504,143.76907348632812,160.55111474229383
2019-04-03 17:15,1173146949,227121249.3264,227.1212493264,145.7478790283203,160.6189030743571
2019-04-03 17:30,1152660800,223155130.88,223.15513088,149.30592346191406,160.3620104201018
2019-04-03 17:45,1236513327,239388980.1072,239.3889801072,152.9911651611328,159.420534641384
2019-04-03 18:00,1160007653,224577481.6208,224.5774816208,157.63607788085938,158.27119980792142
2019-04-03 18:15,1190663770,230512505.872,230.512505872,160.96466064453125,158.03141052611988
2019-04-03 18:30,1250517620,242100211.232,242.100211232,163.64756774902344,158.28968324560074
2019-04-03 18:45,1164192487,225387665.4832,225.3876654832,166.5118865966797,157.69051082454348
2019-04-03 19:00,1034832851,200343639.9536,200.3436399536,167.66452026367188,156.0762119643538
2019-04-03 19:15,1046440430,202590867.248,202.590867248,165.6269989013672,155.0225026760516
2019-04-03 19:30,1035737750,200518828.4,200.5188284,162.26870727539062,153.74444432287333
2019-04-03 19:45,1121125497,217049896.2192,217.0498962192,158.30885314941406,153.5747434818443
2019-04-03 20:00,1068001401,206765071.2336,206.7650712336,155.78402709960938,153.123580107373
2019-04-03 20:15,1155429894,223691227.4784,223.6912274784,153.4342041015625,153.40938335878977
2019-04-03 20:30,1141841066,221060430.3776,221.0604303776,152.86839294433594,153.7976652997777
2019-04-03 20:45,1148739379,222395943.7744,222.3959437744,153.0984649658203,154.7288908504525
2019-04-03 21:00,1262019670,244327008.112,244.327008112,153.88815307617188,155.1960960087425
2019-04-03 21:15,1138210488,220357550.4768,220.3575504768,156.6947479248047,155.59786012539567
2019-04-03 21:30,1138218529,220359107.2144,220.3591072144,158.2181396484375,155.68938086116714
2019-04-03 21:45,1244512824,240937682.7264,240.9376827264,158.92198181152344,156.3950542131795
2019-04-03 22:00,1210528008,234358222.3488,234.3582223488,160.7861328125,156.09935459659812
2019-04-03 22:15,1168144940,226152860.384,226.152860384,162.3934783935547,155.27628133697738
2019-04-03 22:30,1224060834,236978177.4624,236.9781774624,162.97862243652344,155.2426761589631
2019-04-03 22:45,1053137326,203887386.3136,203.8873863136,163.8502197265625,154.92894133101495
2019-04-03 23:00,1071911659,207522097.1824,207.5220971824,161.93276977539062,155.5160706187789
2019-04-03 23:15,1156791174,223954771.2864,223.9547712864,159.09205627441406,156.4334247446223
2019-04-03 23:30,1010736467,195678580.0112,195.6785800112,157.37384033203125,156.41882200317556
2019-04-03 23:45,888039801,171924505.4736,171.9245054736,154.04437255859375,156.41882200317556
2019-04-04 00:00,725350288,140427815.7568,140.4278157568,148.39804077148438,156.41882200317556
2019-04-04 00:15,618810676,119801746.8736,119.8017468736,139.5236053466797,156.41882200317556
2019-04-04 00:30,576574189,111624762.9904,111.6247629904,128.05023193359375,156.41882200317556
2019-04-04 00:45,537722302,104103037.6672,104.1030376672,115.85768127441406,156.41882200317556
2019-04-04 01:00,519012430,100480806.448,100.480806448,104.19200134277344,156.41882200317556
2019-04-04 01:15,372269737,72071421.0832,72.0714210832,93.96150207519531,156.41882200317556
2019-04-04 01:30,367155804,71081363.65439999,71.0813636544,83.34371948242188,156.41882200317556
2019-04-04 01:45,278569767,53931106.8912,53.9311068912,73.96401977539062,156.41882200317556
2019-04-04 02:00,276232392,53478591.0912,53.4785910912,65.05049133300781,156.41882200317556
2019-04-04 02:15,234415923,45382922.6928,45.3829226928,57.62090301513672,156.41882200317556
2019-04-04 02:30,202084169,39123495.1184,39.1234951184,51.50075912475586,156.41882200317556
2019-04-04 02:45,212817818,41201529.5648,41.201529564800005,46.7349853515625,156.41882200317556
2019-04-04 03:00,145264969,28123297.9984,28.1232979984,43.4331169128418,156.42632389619666
2019-04-04 03:15,108571591,21019460.0176,21.0194600176,40.733673095703125,156.44282570175722
2019-04-04 03:30,116099544,22476871.7184,22.4768717184,38.406375885009766,156.46134452572437
2019-04-04 03:45,110055831,21306808.8816,21.3068088816,36.75038146972656,156.46864589644773
2019-04-04 04:00,129192316,25011632.3776,25.0116323776,35.76048278808594,156.47849507989523
2019-04-04 04:15,118119781,22867989.6016,22.8679896016,35.755401611328125,156.4839209773633
2019-04-04 04:30,104874199,20303644.9264,20.3036449264,36.52579116821289,156.50279366420884
2019-04-04 04:45,96897327,18759322.5072,18.7593225072,37.859893798828125,156.5148014112143
2019-04-04 05:00,97598409,18895051.9824,18.8950519824,39.70583724975586,156.516653293611
2019-04-04 05:15,120848728,23396313.7408,23.3963137408,42.28645706176758,156.51296132424685
2019-04-04 05:30,164254818,31799732.7648,31.7997327648,45.39765167236328,156.4970139038624
2019-04-04 05:45,176584837,34186824.4432,34.1868244432,49.33032989501953,156.4970139038624
2019-04-04 06:00,191331801,37041836.6736,37.0418366736,53.977622985839844,156.4889104439481
2019-04-04 06:15,218335702,42269791.9072,42.2697919072,58.67736053466797,156.48234038984
2019-04-04 06:30,282008263,54596799.7168,54.5967997168,63.2201042175293,156.48234038984
2019-04-04 06:45,413408927,80035968.2672,80.03596826719999,67.92144012451172,156.48234038984
2019-04-04 07:00,517714370,100229502.032,100.22950203199998,73.74939727783203,156.48234038984
2019-04-04 07:15,674865261,130653914.5296,130.6539145296,80.03357696533203,156.48234038984
2019-04-04 07:30,859378850,166375745.35999998,166.37574536,87.59396362304688,156.48234038984
2019-04-04 07:45,956145780,185109823.008,185.109823008,99.40255737304688,156.48234038984
2019-04-04 08:00,926667159,179402761.9824,179.4027619824,113.62501525878906,156.48234038984
2019-04-04 08:15,967145814,187239429.5904,187.2394295904,126.7920150756836,156.48234038984
2019-04-04 08:30,1030436230,199492454.128,199.492454128,138.4611358642578,156.53113808076495
2019-04-04 08:45,900204583,174279607.2688,174.2796072688,148.53207397460938,156.53113808076495
2019-04-04 09:00,760381443,147209847.3648,147.2098473648,154.3785858154297,156.53113808076495
2019-04-04 09:15,701622898,135834193.0528,135.8341930528,154.9839630126953,156.53113808076495
2019-04-04 09:30,675820663,130838880.3568,130.8388803568,151.7335662841797,156.53113808076495
2019-04-04 09:45,649714868,125784798.4448,125.7847984448,146.05465698242188,156.53113808076495
2019-04-04 10:00,653147543,126449364.3248,126.4493643248,139.1436309814453,156.53113808076495
2019-04-04 10:15,679955492,131639383.2512,131.6393832512,132.2779998779297,156.53113808076495
2019-04-04 10:30,630706222,122104724.5792,122.1047245792,126.5164566040039,156.53113808076495
2019-04-04 10:45,763523524,147818154.2464,147.81815424639998,121.29898071289062,156.53113808076495
2019-04-04 11:00,698691202,135266616.7072,135.2666167072,118.84880065917969,156.53113808076495
2019-04-04 11:15,706261726,136732270.1536,136.7322701536,117.23800659179688,156.53113808076495
2019-04-04 11:30,729994399,141326915.6464,141.3269156464,116.42642974853516,156.53113808076495
2019-04-04 11:45,821133388,158971423.9168,158.9714239168,116.47470092773438,156.53113808076495
2019-04-04 12:00,761474036,147421373.3696,147.4213733696,118.30077362060547,156.53113808076495
2019-04-04 12:15,854215738,165376166.8768,165.3761668768,120.0103759765625,156.53113808076495
2019-04-04 12:30,845695396,163726628.6656,163.7266286656,122.83370971679688,156.53113808076495
2019-04-04 12:45,958921638,185647229.1168,185.6472291168,125.78609466552734,156.53113808076495
2019-04-04 13:00,926198040,179311940.544,179.311940544,130.11798095703125,156.52491009410593
2019-04-04 13:15,1072861542,207705994.5312,207.7059945312,134.17684936523438,156.41287710681922
2019-04-04 13:30,965920569,187002222.1584,187.0022221584,139.78517150878906,155.9956609778113
2019-04-04 13:45,863615335,167195928.856,167.195928856,143.90826416015625,155.27915942172132
2019-04-04 14:00,912977677,176752478.2672,176.7524782672,145.1405792236328,154.53401856334327
2019-04-04 14:15,855671753,165658051.3808,165.6580513808,145.30490112304688,154.50208833628653
2019-04-04 14:30,808419072,156509932.3392,156.5099323392,143.8737335205078,154.50208833628653
2019-04-04 14:45,835893110,161828906.096,161.828906096,140.92416381835938,154.50208833628653
2019-04-04 15:00,851743638,164897568.3168,164.8975683168,137.85882568359375,154.50208833628653
2019-04-04 15:15,852712399,165085120.4464,165.0851204464,135.23162841796875,154.50208833628653
2019-04-04 15:30,890846394,172467861.8784,172.4678618784,133.1434783935547,154.50208833628653
2019-04-04 15:45,862561531,166991912.4016,166.9919124016,132.13478088378906,154.50208833628653
2019-04-04 16:00,942353906,182439716.2016,182.4397162016,131.40931701660156,153.8660551987341
2019-04-04 16:15,995761641,192779453.6976,192.7794536976,132.12664794921875,153.85526238094434
2019-04-04 16:30,1026066210,198646418.256,198.646418256,134.33604431152344,153.9928088817603
2019-04-04 16:45,1017930415,197071328.344,197.071328344,137.5759735107422,154.05426306830103
2019-04-04 17:00,1132733909,219297284.7824,219.2972847824,140.88685607910156,154.95116391977555
2019-04-04 17:15,1195083704,231368205.0944,231.3682050944,145.58737182617188,155.38267610906897
2019-04-04 17:30,1149663984,222574947.3024,222.5749473024,151.42257690429688,155.26519363345565
2019-04-04 17:45,1158525680,224290571.648,224.290571648,156.43531799316406,155.29461143407607
2019-04-04 18:00,1224782088,237117812.2368,237.1178122368,160.50848388671875,155.2299724816302
2019-04-04 18:15,1291419029,250018724.0144,250.0187240144,164.5314483642578,155.88458342029617
2019-04-04 18:30,1203077226,232915750.9536,232.9157509536,168.99026489257812,155.95473083821508
2019-04-04 18:45,1061192121,205446794.6256,205.4467946256,171.6226806640625,154.91932805615303
2019-04-04 19:00,1041440186,201622820.0096,201.6228200096,170.63978576660156,154.19604412822795
2019-04-04 19:15,970894472,187965169.7792,187.9651697792,167.45376586914062,153.96876979689083
2019-04-04 19:30,1032699213,199930567.6368,199.9305676368,162.17214965820312,153.8695112595127
2019-04-04 19:45,1128744858,218525004.5088,218.5250045088,157.3074951171875,154.4484073376403
2019-04-04 20:00,1074220896,207969165.4656,207.9691654656,154.6458740234375,154.17820943915893
2019-04-04 20:15,1081259433,209331826.2288,209.3318262288,152.5808868408203,154.25411302656573
2019-04-04 20:30,1057496037,204731232.7632,204.7312327632,151.2535858154297,153.69359422725395
2019-04-04 20:45,1019238294,197324533.7184,197.3245337184,150.09413146972656,152.9209818140864
2019-04-04 21:00,958719977,185608187.5472,185.6081875472,148.5726318359375,151.9870551101068
2019-04-04 21:15,997712296,193157100.5056,193.1571005056,146.09349060058594,150.47798327451017
2019-04-04 21:30,1004025995,194379432.632,194.379432632,143.99879455566406,149.63190892779645
2019-04-04 21:45,1123880740,217583311.264,217.583311264,142.42807006835938,149.56984137893326
2019-04-04 22:00,1047379511,202772673.3296,202.7726733296,143.2134246826172,148.7296647468588
2019-04-04 22:15,1102243758,213394391.5488,213.3943915488,143.94992065429688,148.2725210897433
2019-04-04 22:30,1124042633,217614653.7488,217.6146537488,145.54188537597656,148.0907653199917
2019-04-04 22:45,1061306951,205469025.7136,205.4690257136,147.73924255371094,147.29920944740297
2019-04-04 23:00,999126713,193430931.6368,193.4309316368,149.0115203857422,146.94800054063722
2019-04-04 23:15,952230094,184351746.1984,184.3517461984,148.6809539794922,146.25652888547611
2019-04-04 23:30,815534519,157887482.8784,157.8874828784,146.73468017578125,145.07440275861944
2019-04-04 23:45,723785712,140124913.8432,140.1249138432,142.030029296875,144.68496486556225
2019-04-05 00:00,855274698,165581181.5328,165.5811815328,134.97267150878906,144.68496486556225
2019-04-05 00:15,814468036,157681011.7696,157.6810117696,129.36764526367188,144.68496486556225
2019-04-05 00:30,738860153,143043325.6208,143.04332562079998,124.47624206542969,144.68496486556225
2019-04-05 00:45,648707631,125589797.3616,125.5897973616,119.53553771972656,144.68496486556225
2019-04-05 01:00,428192811,82898128.2096,82.8981282096,113.51162719726562,144.68496486556225
2019-04-05 01:15,401464926,77723609.6736,77.72360967360001,104.57901763916016,144.68496486556225
2019-04-05 01:30,345181005,66827042.568,66.827042568,94.69103240966797,144.68496486556225
2019-04-05 01:45,320811636,62109132.7296,62.1091327296,84.61029052734375,144.68496486556225
2019-04-05 02:00,302958379,58652742.1744,58.6527421744,75.07516479492188,144.68496486556225
2019-04-05 02:15,267225020,51734763.872,51.734763872,66.90515899658203,144.68496486556225
2019-04-05 02:30,322250636,62387723.1296,62.3877231296,59.9779052734375,144.6780881302929
2019-04-05 02:45,256755952,49707952.3072,49.7079523072,55.59761428833008,144.6690174451778
2019-04-05 03:00,197157580,38169707.488,38.169707488,52.42726135253906,144.6707041915646
2019-04-05 03:15,197630229,38261212.3344,38.2612123344,49.6215705871582,144.64607533523122
2019-04-05 03:30,154725969,29954947.5984,29.9549475984,47.64769744873047,144.60648987457276
2019-04-05 03:45,169470155,32809422.008,32.809422008,45.870758056640625,144.56072360897238
2019-04-05 04:00,108745601,21053148.3536,21.0531483536,44.8035888671875,144.56337758056003
2019-04-05 04:15,140444833,27190119.6688,27.1901196688,43.61159896850586,144.55489666690883
2019-04-05 04:30,139345033,26977198.3888,26.9771983888,43.09689712524414,144.53633066122455
2019-04-05 04:45,160437157,31060633.5952,31.0606335952,43.239707946777344,144.49162598425923
2019-04-05 05:00,147636003,28582330.1808,28.5823301808,44.35475540161133,144.44186106813348
2019-04-05 05:15,139944409,27093237.5824,27.0932375824,46.01593780517578,144.38989040673263
2019-04-05 05:30,157443722,30481104.5792,30.4811045792,48.205482482910156,144.3674083185279
2019-04-05 05:45,151742447,29377337.7392,29.3773377392,51.27653503417969,144.37724570654612
2019-04-05 06:00,232353981,44983730.7216,44.9837307216,54.49930191040039,144.35678063674803
2019-04-05 06:15,247235113,47864717.8768,47.8647178768,58.60555648803711,144.34569293322627
2019-04-05 06:30,275003296,53240638.1056,53.2406381056,62.81953811645508,144.32638381549748
2019-04-05 06:45,400027191,77445264.1776,77.4452641776,67.25448608398438,144.32638381549748
2019-04-05 07:00,447059449,86550709.3264,86.5507093264,72.59809875488281,144.32638381549748
2019-04-05 07:15,617663868,119579724.8448,119.5797248448,77.9140625,144.32638381549748
2019-04-05 07:30,734925712,142281617.8432,142.2816178432,84.46492004394531,144.32638381549748
2019-04-05 07:45,825764831,159868071.2816,159.8680712816,94.24031066894531,144.32638381549748
2019-04-05 08:00,830706581,160824794.08159998,160.82479408159998,105.79234313964844,144.29707217374053
2019-04-05 08:15,900620151,174360061.2336,174.3600612336,116.88273620605469,144.29707217374053
2019-04-05 08:30,925804205,179235694.088,179.235694088,127.51728057861328,144.2390268662613
2019-04-05 08:45,779267167,150866123.5312,150.8661235312,136.76425170898438,143.64669579418552
2019-04-05 09:00,732029175,141720848.28,141.72084828,141.85069274902344,143.64669579418552
2019-04-05 09:15,689279615,133444533.464,133.444533464,143.2016143798828,143.64669579418552
2019-04-05 09:30,702170994,135940304.4384,135.9403044384,141.61611938476562,143.64669579418552
2019-04-05 09:45,680027506,131653325.1616,131.65332516159998,138.62940979003906,143.64669579418552
2019-04-05 10:00,721405508,139664106.3488,139.6641063488,134.68206787109375,143.64669579418552
2019-04-05 10:15,653632136,126543181.5296,126.5431815296,131.157470703125,143.64669579418552
2019-04-05 10:30,620205846,120071851.7856,120.0718517856,127.1823501586914,143.64669579418552
2019-04-05 10:45,726207709,140593812.4624,140.5938124624,122.91594696044922,143.64669579418552
2019-04-05 11:00,706958840,136867231.424,136.86723142399998,120.4261703491211,143.64669579418552
2019-04-05 11:15,718853069,139169954.1584,139.1699541584,118.87044525146484,143.64669579418552
2019-04-05 11:30,707215209,136916864.4624,136.9168644624,118.1957015991211,143.64669579418552
2019-04-05 11:45,682180288,132070103.7568,132.0701037568,117.89090728759766,143.64669579418552
2019-04-05 12:00,733547065,142014711.784,142.014711784,117.45341491699219,143.64669579418552
2019-04-05 12:15,798061970,154504797.392,154.504797392,117.7040023803711,143.64669579418552
2019-04-05 12:30,955968873,185075573.8128,185.0755738128,119.19677734375,143.67375450895028
2019-04-05 12:45,958618003,185588445.3808,185.5884453808,123.50210571289062,143.71328099246236
2019-04-05 13:00,1009055570,195353158.352,195.353158352,128.90289306640625,144.1109638905852
2019-04-05 13:15,953904066,184675827.1776,184.6758271776,135.07650756835938,144.12455222511397
2019-04-05 13:30,934132627,180848076.5872,180.8480765872,140.06825256347656,143.29251443924161
2019-04-05 13:45,903273981,174873842.7216,174.8738427216,143.48171997070312,143.2006870223089
2019-04-05 14:00,787967412,152550490.9632,152.5504909632,145.045654296875,143.2006870223089
2019-04-05 14:15,759082984,146958465.7024,146.9584657024,143.57589721679688,143.2006870223089
2019-04-05 14:30,699764559,135474418.6224,135.47441862239998,140.10244750976562,143.2006870223089
2019-04-05 14:45,804087799,155671397.88639998,155.67139788639997,134.9499969482422,143.2006870223089
2019-04-05 15:00,765485935,148198077.016,148.198077016,130.95492553710938,143.2006870223089
2019-04-05 15:15,864697349,167405406.7664,167.4054067664,127.41397094726562,143.2006870223089
2019-04-05 15:30,868674691,168175420.1776,168.1754201776,125.99971008300781,143.2006870223089
2019-04-05 15:45,895067342,173285037.4112,173.2850374112,125.96598052978516,143.2006870223089
2019-04-05 16:00,846582651,163898401.2336,163.8984012336,127.12962341308594,143.2006870223089
2019-04-05 16:15,859481547,166395627.4992,166.39562749919995,128.10824584960938,143.19245381267254
2019-04-05 16:30,910385453,176250623.7008,176.2506237008,129.07473754882812,142.82431846489223
2019-04-05 16:45,1075060754,208131761.9744,208.1317619744,130.6627655029297,143.10355166220089
2019-04-05 17:00,1029738401,199357354.4336,199.3573544336,134.8634490966797,143.18501089679785
2019-04-05 17:15,1121454587,217113608.0432,217.1136080432,139.28451538085938,143.13832458771375
2019-04-05 17:30,1034552903,200289442.0208,200.2894420208,144.74986267089844,142.41925162804108
2019-04-05 17:45,1080891320,209260559.552,209.260559552,148.76498413085938,142.11016419922865
2019-04-05 18:00,901198341,174471998.81759998,174.4719988176,152.1856231689453,140.91160703938712
2019-04-05 18:15,1166521006,225838466.7616,225.8384667616,151.97718811035156,140.59022877326655
2019-04-05 18:30,1127703047,218323309.8992,218.3233098992,153.9232940673828,139.66592713957817
2019-04-05 18:45,1055683900,204380403.04,204.38040304,155.98194885253906,139.02081152148136
2019-04-05 19:00,1074632634,208048877.9424,208.0488779424,156.74241638183594,139.0750822915915
2019-04-05 19:15,1021679528,197797156.6208,197.7971566208,156.96795654296875,138.96722488626938
2019-04-05 19:30,1081298042,209339300.9312,209.3393009312,155.95626831054688,139.62582268003146
2019-04-05 19:45,1178685072,228193429.9392,228.1934299392,155.2655029296875,140.27648214988915
2019-04-05 20:00,1104888976,213906505.7536,213.9065057536,156.27719116210938,140.18704920509995
2019-04-05 20:15,1106658491,214249083.8576,214.2490838576,156.86585998535156,140.308459558663
2019-04-05 20:30,1122479047,217311943.4992,217.3119434992,157.17706298828125,140.46484336003667
2019-04-05 20:45,1027298225,198884936.36,198.88493636,157.52023315429688,140.31673995001648
2019-04-05 21:00,1081673491,209411987.8576,209.4119878576,156.2803192138672,140.61409092669686
2019-04-05 21:15,1020276661,197525561.5696,197.5255615696,155.15081787109375,141.1401080953692
2019-04-05 21:30,1112878857,215453346.7152,215.4533467152,153.18150329589844,141.75338784984348
2019-04-05 21:45,1070152672,207181557.2992,207.1815572992,152.44178771972656,142.17814125816034
2019-04-05 22:00,1064079954,206005879.0944,206.0058790944,151.69146728515625,141.87353609247373
2019-04-05 22:15,1000159361,193630852.2896,193.6308522896,150.96047973632812,141.57603177521275
2019-04-05 22:30,1044642972,202242879.3792,202.2428793792,149.30552673339844,141.29019313750814
2019-04-05 22:45,1058424175,204910920.28,204.91092028,148.05113220214844,140.9776732387757
2019-04-05 23:00,975045158,188768742.5888,188.7687425888,147.3348388671875,140.42490403649984
2019-04-05 23:15,930180187,180082884.20319998,180.0828842032,145.6845245361328,139.97527406783473
2019-04-05 23:30,832029899,161080988.4464,161.0809884464,143.048095703125,139.80179868943662
2019-04-05 23:45,713067985,138049961.896,138.049961896,138.66566467285156,139.80179868943662
2019-04-06 00:00,642625491,124412295.0576,124.4122950576,132.07249450683594,139.80179868943662
2019-04-06 00:15,629106978,121795110.9408,121.7951109408,123.6668930053711,139.80179868943662
2019-04-06 00:30,622400750,120496785.2,120.4967852,114.9744873046875,139.80179868943662
2019-04-06 00:45,567842747,109934355.8192,109.9343558192,107.21003723144531,139.80179868943662
2019-04-06 01:00,529943949,102597148.5264,102.5971485264,100.0758285522461,139.80179868943662
2019-04-06 01:15,446029498,86351310.81279999,86.3513108128,93.64775848388672,139.80179868943662
2019-04-06 01:30,405266318,78459559.1648,78.4595591648,87.19100189208984,139.80179868943662
2019-04-06 01:45,469840157,90961054.3952,90.9610543952,80.98035430908203,139.80179868943662
2019-04-06 02:00,303109296,58681959.7056,58.6819597056,76.6927261352539,139.80179868943662
2019-04-06 02:15,307610420,59553377.312,59.553377312,71.57355499267578,139.80179868943662
2019-04-06 02:30,310156762,60046349.1232,60.0463491232,66.8213882446289,139.79986423903495
2019-04-06 02:45,308286528,59684271.8208,59.6842718208,62.96358108520508,139.79986423903495
2019-04-06 03:00,277895135,53800498.136,53.800498136,60.18983459472656,139.78423529524102
2019-04-06 03:15,250422248,48481747.2128,48.4817472128,58.111568450927734,139.76031416466432
2019-04-06 03:30,267163961,51722942.8496,51.7229428496,56.439476013183594,139.7245858093799
2019-04-06 03:45,201443588,38999478.6368,38.9994786368,55.61644744873047,139.69949693130465
2019-04-06 04:00,152956193,29612318.9648,29.6123189648,54.5765495300293,139.71628182716788
2019-04-06 04:15,159189633,30819112.9488,30.8191129488,52.975547790527344,139.63794838132972
2019-04-06 04:30,153152151,29650256.4336,29.6502564336,51.48017120361328,139.62643604235393
2019-04-06 04:45,152943593,29609879.6048,29.6098796048,50.27703857421875,139.6125056403761
2019-04-06 05:00,146779031,28416420.4016,28.4164204016,49.574554443359375,139.62898385507808
2019-04-06 05:15,162410545,31442681.512,31.442681512,49.425933837890625,139.6125056403761
2019-04-06 05:30,137229054,26567544.8544,26.5675448544,50.281185150146484,139.61367338787466
2019-04-06 05:45,120809007,23388623.7552,23.3886237552,51.50851058959961,139.66207003420413
2019-04-06 06:00,99689329,19299854.0944,19.2998540944,53.23886489868164,139.76209527448535
2019-04-06 06:15,114108228,22091352.9408,22.0913529408,55.165557861328125,139.86393701087547
2019-04-06 06:30,116867918,22625628.9248,22.6256289248,57.38090133666992,139.98460425239398
2019-04-06 06:45,168961608,32710967.3088,32.7109673088,59.71773910522461,140.01824481669613
2019-04-06 07:00,218023228,42209296.9408,42.2092969408,62.50201416015625,140.0362092554872
2019-04-06 07:15,211888497,41021613.0192,41.0216130192,65.97144317626953,140.05977652318552
2019-04-06 07:30,296534236,57409028.0896,57.4090280896,69.52827453613281,140.05977652318552
2019-04-06 07:45,376339738,72859373.27679999,72.85937327679999,73.47724151611328,140.05977652318552
2019-04-06 08:00,442994777,85763788.8272,85.76378882719999,77.8760757446289,140.05977652318552
2019-04-06 08:15,582522152,112776288.6272,112.7762886272,82.81182861328125,140.05977652318552
2019-04-06 08:30,664782264,128701846.3104,128.7018463104,88.79309844970703,140.05977652318552
2019-04-06 08:45,670154978,129742003.7408,129.7420037408,95.42041778564453,140.0402550877297
2019-04-06 09:00,738514520,142976411.072,142.976411072,103.79568481445312,140.0402550877297
2019-04-06 09:15,668321601,129387061.9536,129.38706195359998,112.43756103515625,140.0402550877297
2019-04-06 09:30,785067465,151989061.224,151.989061224,118.8489761352539,140.0402550877297
2019-04-06 09:45,743017615,143848210.264,143.848210264,125.00812530517578,140.0402550877297
2019-04-06 10:00,913082001,176772675.3936,176.7726753936,129.5228271484375,140.04826418420976
2019-04-06 10:15,800328573,154943611.7328,154.9436117328,134.8639678955078,140.04826418420976
2019-04-06 10:30,788426876,152639443.1936,152.6394431936,138.225341796875,140.04826418420976
2019-04-06 10:45,834086031,161479055.6016,161.47905560159998,139.82208251953125,140.04826418420976
2019-04-06 11:00,897710293,173796712.7248,173.7967127248,140.87725830078125,140.04826418420976
2019-04-06 11:15,960052741,185866210.6576,185.8662106576,142.2867889404297,140.24823209676725
2019-04-06 11:30,912106709,176583858.8624,176.5838588624,144.46969604492188,140.25121634037473
2019-04-06 11:45,1027821653,198986272.0208,198.9862720208,146.00946044921875,140.8666310675484
2019-04-06 12:00,963450951,186524104.1136,186.5241041136,148.65548706054688,141.07374701024864
2019-04-06 12:15,960223150,185899201.84,185.89920184,150.47471618652344,141.21296846202216
2019-04-06 12:30,992046938,192060287.1968,192.0602871968,151.5010528564453,141.57773031702885
2019-04-06 12:45,975632873,188882524.2128,188.8825242128,152.3208465576172,141.7486696781321
2019-04-06 13:00,856500657,165818527.1952,165.8185271952,152.5902099609375,141.65598119486205
2019-04-06 13:15,888547815,172022856.984,172.022856984,150.59326171875,141.15533599456765
2019-04-06 13:30,893845723,173048531.9728,173.0485319728,147.99131774902344,141.0726264444672
2019-04-06 13:45,1021698022,197800737.0592,197.8007370592,145.31748962402344,141.6652052205578
2019-04-06 14:00,954759082,184841358.2752,184.8413582752,144.75718688964844,141.7412739439745
2019-04-06 14:15,954673507,184824790.9552,184.8247909552,144.30113220214844,141.78938750000128
2019-04-06 14:30,926315558,179334692.02879998,179.3346920288,143.98033142089844,141.79256047047718
2019-04-06 14:45,873350058,169080571.2288,169.0805712288,143.2721710205078,141.79256047047718
2019-04-06 15:00,935164258,181047800.3488,181.0478003488,141.5852508544922,141.80685653076267
2019-04-06 15:15,1028168616,199053444.0576,199.0534440576,140.46041870117188,142.35101506966527
2019-04-06 15:30,1060097944,205234961.9584,205.2349619584,141.1029052734375,143.02448689974747
2019-04-06 15:45,1077264195,208558348.152,208.558348152,143.09127807617188,143.77425156640265
2019-04-06 16:00,997600630,193135481.968,193.135481968,145.8363494873047,144.11946839509494
2019-04-06 16:15,982834437,190276747.0032,190.2767470032,147.4481201171875,144.3067798120367
2019-04-06 16:30,1038401306,201034492.8416,201.0344928416,147.98402404785156,144.85000651202628
2019-04-06 16:45,1073651550,207858940.08,207.85894008,148.66064453125,145.50484156384854
2019-04-06 17:00,1138601460,220433242.656,220.433242656,149.80491638183594,145.73430984503145
2019-04-06 17:15,1028286739,199076312.6704,199.0763126704,152.02587890625,145.72199541686473
2019-04-06 17:30,1008644264,195273529.5104,195.2735295104,152.79061889648438,145.21244466746512
2019-04-06 17:45,969510693,187697270.1648,187.6972701648,152.3819122314453,144.79847228150874
2019-04-06 18:00,1040288231,201399801.5216,201.3998015216,150.69400024414062,144.59077836277385
2019-04-06 18:15,1025750213,198585241.2368,198.5852412368,149.56680297851562,145.0425197132798
2019-04-06 18:30,1023719612,198192116.8832,198.1921168832,148.56341552734375,144.44719260216732
2019-04-06 18:45,1037643187,200887721.0032,200.8877210032,147.68614196777344,144.11634260633616
2019-04-06 19:00,1061700017,205545123.2912,205.5451232912,147.20338439941406,144.13710256186624
2019-04-06 19:15,986804093,191045272.4048,191.0452724048,147.3574981689453,143.70592064459262
2019-04-06 19:30,989344457,191537086.8752,191.5370868752,146.61192321777344,143.52103908608223
2019-04-06 19:45,957099922,185294544.8992,185.2945448992,145.5544891357422,142.9475689054227
2019-04-06 20:00,893204965,172924481.224,172.924481224,143.89871215820312,142.03539297303257
2019-04-06 20:15,834898449,161636339.7264,161.6363397264,141.1127471923828,141.3379882169444
2019-04-06 20:30,898050685,173862612.616,173.862612616,137.15045166015625,140.57639273472293
2019-04-06 20:45,1037943172,200945798.0992,200.9457980992,133.9808807373047,140.30640715396856
2019-04-06 21:00,1012782571,196074705.7456,196.0747057456,133.7272186279297,140.25548628577351
2019-04-06 21:15,1009388841,195417679.6176,195.4176796176,134.71104431152344,139.98058201101003
2019-04-06 21:30,1072027853,207544592.3408,207.5445923408,136.30706787109375,140.1701109686561
2019-04-06 21:45,1192779491,230922109.4576,230.9221094576,139.05027770996094,140.41637594113152
2019-04-06 22:00,1064520788,206091224.5568,206.0912245568,143.9982147216797,140.3884679554587
2019-04-06 22:15,1143828807,221445257.0352,221.4452570352,147.5392303466797,140.62846955498728
2019-04-06 22:30,1131182888,218997007.1168,218.9970071168,151.21829223632812,141.09048472439477
2019-04-06 22:45,1093573707,211715869.6752,211.7158696752,154.23681640625,141.29580776184469
2019-04-06 23:00,1076702086,208449523.8496,208.4495238496,155.90611267089844,141.3593379439384
2019-04-06 23:15,1091261183,211268165.0288,211.2681650288,156.338134765625,141.84407111013618
2019-04-06 23:30,1025031586,198446115.0496,198.4461150496,156.2148895263672,142.25645111313995
2019-04-06 23:45,952159620,184338102.432,184.338102432,154.71502685546875,142.28142203692244
2019-04-07 00:00,769513746,148977861.2256,148.9778612256,151.4630889892578,142.28142203692244
2019-04-07 00:15,711078528,137664803.0208,137.6648030208,144.7889404296875,142.28142203692244
2019-04-07 00:30,669594560,129633506.816,129.633506816,136.21102905273438,142.28142203692244
2019-04-07 00:45,648240989,125499455.4704,125.4994554704,126.78185272216797,142.28142203692244
2019-04-07 01:00,707324816,136938084.37759998,136.93808437759998,117.43480682373047,142.28142203692244
2019-04-07 01:15,650372041,125912027.1376,125.9120271376,110.18335723876953,142.28142203692244
2019-04-07 01:30,630975881,122156930.5616,122.1569305616,104.27069854736328,142.28142203692244
2019-04-07 01:45,483835131,93670481.3616,93.6704813616,99.59497833251953,142.28142203692244
2019-04-07 02:00,431641503,83565794.9808,83.5657949808,93.9996337890625,142.28142203692244
2019-04-07 02:15,372197622,72057459.61919999,72.05745961919999,87.87520599365234,142.28142203692244
2019-04-07 02:30,329036948,63701553.1328,63.7015531328,81.3612060546875,142.28142203692244
2019-04-07 02:45,277711995,53765042.232,53.765042232,74.81752014160156,142.28142203692244
2019-04-07 03:00,255942154,49550401.0144,49.5504010144,68.23480987548828,142.28201180838636
2019-04-07 03:15,213679777,41368404.8272,41.3684048272,62.26294708251953,142.28753206928866
2019-04-07 03:30,206172738,39915042.0768,39.9150420768,56.752716064453125,142.29692123099431
2019-04-07 03:45,195932950,37932619.12,37.93261912,52.25634002685547,142.31166551759236
2019-04-07 04:00,185716997,35954810.6192,35.9548106192,48.90464782714844,142.3153692823858
2019-04-07 04:15,155229138,30052361.1168,30.0523611168,46.73781204223633,142.3153692823858
2019-04-07 04:30,110021835,21300227.256,21.300227256,45.157737731933594,142.34210952056003
2019-04-07 04:45,133796928,25903085.2608,25.9030852608,43.660255432128906,142.34793646262358
2019-04-07 05:00,161750711,31314937.6496,31.3149376496,42.88628005981445,142.3471697597205
2019-04-07 05:15,110889273,21468163.2528,21.4681632528,43.20270538330078,142.37194016120523
2019-04-07 05:30,89295118,17287534.8448,17.2875348448,43.8419075012207,142.43749915713482
2019-04-07 05:45,105650503,20453937.3808,20.4539373808,44.672454833984375,142.46080692538905
2019-04-07 06:00,126954351,24578362.3536,24.5783623536,46.38133239746094,142.46042947165213
2019-04-07 06:15,136013629,26332238.5744,26.3322385744,48.94417953491211,142.41933419604604
2019-04-07 06:30,153826078,29780728.7008,29.7807287008,52.12976837158203,142.39233445842765
2019-04-07 06:45,129685542,25107120.9312,25.1071209312,55.81892776489258,142.38615365348576
2019-04-07 07:00,189276365,36643904.264,36.643904264,59.315486907958984,142.38347609103954
2019-04-07 07:15,164084605,31766779.528,31.766779528,62.9676399230957,142.39641567695801
2019-04-07 07:30,193136513,37391228.9168,37.3912289168,66.37562561035156,142.39928196627267
2019-04-07 07:45,285607528,55293617.4208,55.2936174208,69.68374633789062,142.39928196627267
2019-04-07 08:00,342928083,66390876.8688,66.39087686879999,73.42634582519531,142.39928196627267
2019-04-07 08:15,448612895,86851456.472,86.85145647200001,77.3964614868164,142.39928196627267
2019-04-07 08:30,541260915,104788113.144,104.788113144,82.22772216796875,142.39928196627267
2019-04-07 08:45,585020666,113260000.9376,113.2600009376,87.82266998291016,142.39928196627267
2019-04-07 09:00,637300789,123381432.7504,123.3814327504,93.61048126220703,142.39928196627267
2019-04-07 09:15,586259018,113499745.8848,113.4997458848,100.41242218017578,142.39928196627267
2019-04-07 09:30,680863338,131815142.2368,131.8151422368,106.8429946899414,142.39928196627267
2019-04-07 09:45,708655430,137195691.248,137.195691248,112.91387176513672,142.39928196627267
2019-04-07 10:00,743755068,143990981.1648,143.9909811648,118.33601379394531,142.39928196627267
2019-04-07 10:15,777673932,150557673.2352,150.5576732352,123.42144775390625,142.39928196627267
2019-04-07 10:30,782150824,151424399.5264,151.4243995264,127.92147827148438,142.39928196627267
2019-04-07 10:45,873323638,169075456.3168,169.0754563168,131.51397705078125,142.39928196627267
2019-04-07 11:00,956619765,185201586.504,185.201586504,135.36436462402344,142.4417808979629
2019-04-07 11:15,1049650176,203212274.0736,203.2122740736,139.98695373535156,142.9925094909736
2019-04-07 11:30,889319281,172172212.8016,172.1722128016,145.87112426757812,142.94355845946802
2019-04-07 11:45,942534829,182474742.8944,182.4747428944,149.24636840820312,142.9562739322302
2019-04-07 12:00,885653124,171462444.8064,171.4624448064,151.52859497070312,142.4782759561504
2019-04-07 12:15,975565967,188869571.2112,188.8695712112,151.87124633789062,142.5666826985924
2019-04-07 12:30,898892655,174025618.008,174.02561800799998,152.3254852294922,142.5187342785755
2019-04-07 12:45,826464745,160003574.632,160.003574632,151.43714904785156,142.26438943704434
2019-04-07 13:00,891732364,172639385.6704,172.6393856704,148.75489807128906,142.09149203468087
2019-04-07 13:15,938808091,181753246.4176,181.7532464176,146.30555725097656,142.1014827632797
2019-04-07 13:30,994766406,192586776.2016,192.5867762016,144.80685424804688,142.35562708251314
2019-04-07 13:45,892528997,172793613.8192,172.7936138192,144.76776123046875,142.35562708251314
2019-04-07 14:00,924396682,178963197.6352,178.9631976352,143.9181365966797,141.94797704665
2019-04-07 14:15,1021918003,197843325.3808,197.8433253808,143.19688415527344,142.3403637970268
2019-04-07 14:30,1085227965,210100134.024,210.100134024,144.00643920898438,143.06746944403812
2019-04-07 14:45,1090084942,211040444.7712,211.0404447712,146.44749450683594,143.79405609216116
2019-04-07 15:00,1058300243,204886927.0448,204.8869270448,149.53094482421875,144.39623634768444
2019-04-07 15:15,1003454801,194268849.4736,194.2688494736,152.0955810546875,144.64267825159902
2019-04-07 15:30,914677105,177081487.528,177.081487528,153.15438842773438,144.24900579943085
2019-04-07 15:45,1001335298,193858513.6928,193.8585136928,151.8181915283203,143.94506117778383
2019-04-07 16:00,1099854084,212931750.6624,212.9317506624,150.5982208251953,144.02380746364676
2019-04-07 16:15,1043476196,202016991.5456,202.0169915456,150.9913330078125,144.26974216410235
2019-04-07 16:30,1094593713,211913342.8368,211.9133428368,151.22076416015625,144.81335811325815
2019-04-07 16:45,1082162582,209506675.8752,209.5066758752,152.17153930664062,145.00774678776696
2019-04-07 17:00,975548171,188866125.9056,188.8661259056,153.13272094726562,144.48406511409175
2019-04-07 17:15,1063018307,205800344.2352,205.8003442352,152.2783966064453,144.19717668318137
2019-04-07 17:30,1185013348,229418584.1728,229.4185841728,151.9014129638672,144.78090888731313
2019-04-07 17:45,1148591426,222367300.0736,222.3673000736,153.60595703125,145.39015460497419
2019-04-07 18:00,1034451547,200269819.4992,200.2698194992,155.62486267089844,145.77255062675215
2019-04-07 18:15,1010533795,195639342.712,195.639342712,155.77308654785156,145.6271247791782
2019-04-07 18:30,1058634375,204951615.0,204.951615,154.52146911621094,145.77119415238514
2019-04-07 18:45,1100491535,213055161.176,213.055161176,153.32916259765625,146.1390935915799
2019-04-07 19:00,1044357233,202187560.3088,202.1875603088,152.88893127441406,146.18225306730974
2019-04-07 19:15,1041635203,201660575.3008,201.6605753008,151.95701599121094,146.0789486976891
2019-04-07 19:30,1055431914,204331618.5504,204.3316185504,150.86834716796875,146.46618084547123
2019-04-07 19:45,991662237,191985809.0832,191.9858090832,150.00303649902344,146.48598537122973
2019-04-07 20:00,1056473700,204533308.32,204.53330832,148.30694580078125,147.04579644478483
2019-04-07 20:15,1005353919,194636518.7184,194.6365187184,147.40145874023438,147.27711660836445
2019-04-07 20:30,1037761622,200910650.0192,200.9106500192,146.18882751464844,147.63569765842922
2019-04-07 20:45,1116334773,216122412.0528,216.1224120528,145.4638671875,148.37254633002453
2019-04-07 21:00,1019175012,197312282.3232,197.3122823232,146.32919311523438,148.2577414168574
2019-04-07 21:15,976339419,189019311.5184,189.0193115184,146.38699340820312,148.05285481029077
2019-04-07 21:30,1088887885,210808694.536,210.808694536,145.4052734375,148.46714567283766
2019-04-07 21:45,1063700297,205932377.4992,205.9323774992,145.70506286621094,148.4227004953165
2019-04-07 22:00,1091376221,211290436.3856,211.2904363856,146.21914672851562,148.05534364586853
2019-04-07 22:15,1027085731,198843797.5216,198.8437975216,147.2666015625,147.84451214294558
2019-04-07 22:30,1026178743,198668204.6448,198.6682046448,147.4475860595703,147.3698404779223
2019-04-07 22:45,985644410,190820757.776,190.820757776,147.15090942382812,146.66516973739863
2019-04-07 23:00,941472430,182269062.448,182.269062448,145.95343017578125,146.06485315970136
2019-04-07 23:15,912328829,176626861.2944,176.62686129440002,143.74221801757812,145.51707342401028
2019-04-07 23:30,830229074,160732348.7264,160.73234872639998,140.75851440429688,144.80872250955173
2019-04-07 23:45,792349262,153398817.1232,153.3988171232,136.44178771972656,144.41858868616708
2019-04-08 00:00,685642109,132740312.3024,132.7403123024,131.36041259765625,144.4087277072903
2019-04-08 00:15,637033974,123329777.3664,123.3297773664,124.5755615234375,144.4087277072903
2019-04-08 00:30,592661705,114739306.088,114.739306088,116.96276092529297,144.4087277072903
2019-04-08 00:45,564306585,109249754.856,109.249754856,108.99437713623047,144.4087277072903
2019-04-08 01:00,611230949,118334311.7264,118.3343117264,101.60677337646484,144.4087277072903
2019-04-08 01:15,527301814,102085631.1904,102.0856311904,96.11443328857422,144.4087277072903
2019-04-08 01:30,435273782,84269004.1952,84.2690041952,91.13916778564453,144.4087277072903
2019-04-08 01:45,311474101,60301385.9536,60.3013859536,85.77429962158203,144.4087277072903
2019-04-08 02:00,244881041,47408969.5376,47.4089695376,79.08836364746094,144.41027290852577
2019-04-08 02:15,243287567,47100472.9712,47.1004729712,71.45752716064453,144.41116936115094
2019-04-08 02:30,274305086,53105464.6496,53.1054646496,64.20476531982422,144.41116936115094
2019-04-08 02:45,299436601,57970925.9536,57.9709259536,58.53706359863281,144.41116936115094
2019-04-08 03:00,249148195,48235090.552,48.235090552,55.052947998046875,144.41116936115094
2019-04-08 03:15,221057365,42796705.864,42.796705864,52.69001007080078,144.41436592248542
2019-04-08 03:30,207166934,40107518.4224,40.1075184224,51.0111198425293,144.41436592248542
2019-04-08 03:45,180636701,34971265.3136,34.97126531359999,49.90510940551758,144.4223514281069
2019-04-08 04:00,158547624,30694820.0064,30.6948200064,49.04480743408203,144.43274320130124
2019-04-08 04:15,99396626,19243186.7936,19.2431867936,48.28532409667969,144.47356718203392
2019-04-08 04:30,138213046,26758045.7056,26.7580457056,46.98311996459961,144.47868639834078
2019-04-08 04:45,120905656,23407335.0016,23.4073350016,46.303375244140625,144.47490006554239
2019-04-08 05:00,110298441,21353778.1776,21.3537781776,46.11153793334961,144.48713192570415
2019-04-08 05:15,134500326,26039263.1136,26.0392631136,46.47200393676758,144.5029024146494
2019-04-08 05:30,149117706,28869187.8816,28.8691878816,47.92346954345703,144.48000748641996
2019-04-08 05:45,207732497,40217011.4192,40.2170114192,50.54814910888672,144.41267917609858
2019-04-08 06:00,121979287,23615189.9632,23.6151899632,54.1903190612793,144.40721789234266
2019-04-08 06:15,193604870,37481902.832,37.481902832,57.55051803588867,144.37461532581705
2019-04-08 06:30,250100775,48419510.04,48.41951004,61.101531982421875,144.3472027481739
2019-04-08 06:45,401390419,77709185.1184,77.70918511839999,65.0561294555664,144.33033528430576
2019-04-08 07:00,502340876,97253193.5936,97.2531935936,70.54972839355469,144.29393458955246
2019-04-08 07:15,646867513,125233550.5168,125.2335505168,76.91817474365234,144.2773266251284
2019-04-08 07:30,884699549,171277832.6864,171.2778326864,84.47654724121094,144.25780518967258
2019-04-08 07:45,885902927,171510806.6672,171.5108066672,96.4604263305664,144.242530108757
2019-04-08 08:00,855261555,165578637.048,165.57863704800002,110.33434295654297,144.242530108757
2019-04-08 08:15,863333175,167141302.68,167.14130268,122.67620086669922,144.242530108757
2019-04-08 08:30,884640654,171266430.6144,171.2664306144,132.8201141357422,144.242530108757
2019-04-08 08:45,897240790,173705816.944,173.70581694400002,140.5828399658203,144.242530108757
2019-04-08 09:00,737722869,142823147.4384,142.8231474384,146.08836364746094,144.242530108757
2019-04-08 09:15,750992569,145392161.3584,145.3921613584,147.1371307373047,144.242530108757
2019-04-08 09:30,713073215,138050974.424,138.050974424,145.85638427734375,144.242530108757
2019-04-08 09:45,657179522,127229955.4592,127.2299554592,142.5913848876953,144.242530108757
2019-04-08 10:00,780417061,151088743.00959998,151.0887430096,137.6503448486328,144.242530108757
2019-04-08 10:15,763364630,147787392.368,147.787392368,134.02711486816406,144.242530108757
2019-04-08 10:30,497085270,96235708.272,96.235708272,131.15682983398438,144.242530108757
2019-04-08 10:45,390483409,75597587.9824,75.5975879824,125.16466522216797,144.242530108757
2019-04-08 11:00,427411754,82746915.5744,82.74691557439999,116.67691802978516,144.242530108757
2019-04-08 11:15,384897609,74516177.1024,74.51617710240001,108.2381591796875,144.21895104562938
2019-04-08 11:30,415385720,80418675.392,80.41867539200001,100.08294677734375,143.60834885360129
2019-04-08 11:45,389894853,75483643.5408,75.4836435408,93.45159912109375,143.60834885360129
2019-04-08 12:00,430858989,83414300.2704,83.4143002704,88.07624053955078,143.59809862555832
2019-04-08 12:15,458492337,88764116.44319999,88.7641164432,84.62765502929688,143.59809862555832
2019-04-08 12:30,453220239,87743438.2704,87.7434382704,83.07656860351562,143.4523896876817
2019-04-08 12:45,511438073,99014410.9328,99.0144109328,82.77381134033203,143.4523896876817
2019-04-08 13:00,566799792,109732439.7312,109.7324397312,84.07415008544922,143.4523896876817
2019-04-08 13:15,525206947,101680064.9392,101.6800649392,86.9568099975586,143.4523896876817
2019-04-08 13:30,412783289,79914844.75039999,79.9148447504,89.92428588867188,143.44471086322142
2019-04-08 13:45,427646528,82792367.82079999,82.7923678208,91.1026382446289,143.15507409728914
2019-04-08 14:00,391754818,75843732.7648,75.8437327648,91.35639953613281,143.15507409728914
2019-04-08 14:15,322447649,62425864.8464,62.4258648464,90.53497314453125,143.15428380352748
2019-04-08 14:30,333335601,64533772.3536,64.5337723536,88.27696990966797,142.6871376223839
2019-04-08 14:45,341805046,66173456.9056,66.17345690559999,85.62627410888672,141.748834814142
2019-04-08 15:00,372867949,72187234.92639999,72.1872349264,83.17351531982422,140.77382462998557
2019-04-08 15:15,419803299,81273918.6864,81.2739186864,81.55619049072266,139.85196465015784
2019-04-08 15:30,405086139,78424676.5104,78.42467651039999,81.26887512207031,139.29310900637432
2019-04-08 15:45,464814701,89988126.1136,89.9881261136,81.6396255493164,139.28900419698542
2019-04-08 16:00,563825321,109156582.1456,109.1565821456,83.20124053955078,138.69095234170962
2019-04-08 16:15,564147118,109218882.0448,109.2188820448,86.65160369873047,137.5039193162731
2019-04-08 16:30,584526853,113164398.7408,113.1643987408,90.85985565185547,136.46266600128894
2019-04-08 16:45,752756704,145733697.8944,145.7336978944,95.35774230957031,135.19314753890828
2019-04-08 17:00,810772383,156965533.3488,156.9655333488,101.85533905029297,133.9915353628836
2019-04-08 17:15,907960891,175781228.4976,175.78122849759998,109.58983612060547,133.39230396467997
2019-04-08 17:30,943775464,182714929.8304,182.7149298304,118.56232452392578,132.70697772817292
2019-04-08 17:45,1015590879,196618394.1744,196.6183941744,127.69864654541016,131.84270303408258
2019-04-08 18:00,1028783465,199172478.824,199.172478824,136.88963317871094,131.32489548418803
2019-04-08 18:15,1054184114,204090044.4704,204.0900444704,145.13134765625,131.4028868625771
2019-04-08 18:30,950416288,184000593.3568,184.0005933568,152.16160583496094,131.07397131714762
2019-04-08 18:45,1070712400,207289920.64,207.28992064,155.94479370117188,131.11034842104235
2019-04-08 19:00,1084248794,209910566.5184,209.9105665184,159.21774291992188,131.05397806452066
2019-04-08 19:15,1011324011,195792328.5296,195.7923285296,161.79632568359375,130.9050961561681
2019-04-08 19:30,1043155985,201954998.696,201.954998696,162.4332275390625,130.90557976876852
2019-04-08 19:45,985028852,190701585.7472,190.7015857472,162.35626220703125,130.60211875972192
2019-04-08 20:00,1016948254,196881181.9744,196.8811819744,160.8056182861328,130.7038071555314
2019-04-08 20:15,984476301,190594611.8736,190.5946118736,159.02662658691406,130.39693726742334
2019-04-08 20:30,1047219439,202741683.3904,202.7416833904,156.67234802246094,130.5702711006701
2019-04-08 20:45,1130746067,218912438.5712,218.9124385712,155.2107696533203,130.9524312138625
2019-04-08 21:00,1071374490,207418101.264,207.418101264,155.54347229003906,130.75821947079288
2019-04-08 21:15,1049293789,203143277.5504,203.1432775504,155.85385131835938,130.889714916389
2019-04-08 21:30,1042265386,201782578.7296,201.7825787296,155.7371368408203,131.22334863352987
2019-04-08 21:45,988060592,191288530.6112,191.2885306112,155.2411346435547,130.75897437826671
2019-04-08 22:00,1039536239,201254215.8704,201.2542158704,153.6590576171875,130.65564641778752
2019-04-08 22:15,1005047200,194577137.92,194.57713792,152.41986083984375,130.30691455117022
2019-04-08 22:30,946627494,183267082.8384,183.2670828384,150.89016723632812,129.89578486366997
2019-04-08 22:45,937846143,181567013.2848,181.5670132848,148.44984436035156,129.43851145683243
2019-04-08 23:00,925976271,179269006.0656,179.2690060656,145.6280517578125,129.10321458416328
2019-04-08 23:15,925633993,179202741.04479998,179.20274104479998,142.73036193847656,128.9875721955174
2019-04-08 23:30,777851709,150592090.8624,150.5920908624,140.0592803955078,128.73886556918134
2019-04-08 23:45,700856238,135685767.67679998,135.68576767679997,135.57949829101562,128.73886556918134
2019-04-09 00:00,612982083,118673331.2688,118.67333126879998,129.51699829101562,128.73886556918134
2019-04-09 00:15,578355334,111969592.6624,111.9695926624,121.9924087524414,128.73886556918134
2019-04-09 00:30,515783893,99855761.6848,99.8557616848,113.84823608398438,128.73886556918134
2019-04-09 00:45,468953579,90789412.8944,90.7894128944,105.05448150634766,128.73886556918134
2019-04-09 01:00,383295432,74205995.6352,74.2059956352,96.54802703857422,128.73886556918134
2019-04-09 01:15,371917332,72003195.4752,72.0031954752,87.94573974609375,128.73886556918134
2019-04-09 01:30,346227550,67029653.68,67.02965368,80.20499420166016,128.73886556918134
2019-04-09 01:45,300364805,58150626.248,58.150626248,73.48844146728516,128.7433242414486
2019-04-09 02:00,227963516,44133736.6976,44.1337366976,67.52582550048828,128.76584171594115
2019-04-09 02:15,239793791,46424077.9376,46.4240779376,61.808773040771484,128.76683253200054
2019-04-09 02:30,213155587,41266921.6432,41.26692164319999,57.1104736328125,128.7853041742506
2019-04-09 02:45,202935399,39288293.2464,39.2882932464,53.316287994384766,128.82295518450738
2019-04-09 03:00,145663181,28200391.8416,28.2003918416,50.528778076171875,128.94883600576696
2019-04-09 03:15,125725422,24340441.6992,24.3404416992,47.995033264160156,129.19026485223822
2019-04-09 03:30,129867841,25142414.0176,25.1424140176,45.86433029174805,129.38276625806247
2019-04-09 03:45,85541996,16560930.4256,16.5609304256,44.354515075683594,129.87771426601537
2019-04-09 04:00,101599703,19669702.5008,19.6697025008,42.97960662841797,130.20000078019038
2019-04-09 04:15,84344398,16329075.4528,16.3290754528,42.47150421142578,130.58825913031976
2019-04-09 04:30,107761381,20862603.3616,20.8626033616,42.75762176513672,130.5434011127738
2019-04-09 04:45,130452885,25255678.536,25.255678536,44.26985168457031,130.57278352710642
2019-04-09 05:00,172722824,33439138.7264,33.4391387264,46.71259307861328,130.41971424136003
2019-04-09 05:15,172474286,33391021.7696,33.3910217696,50.33835220336914,130.19593135708934
2019-04-09 05:30,205297705,39745635.688,39.745635688,54.64799499511719,130.08733083972265
2019-04-09 05:45,141465458,27387712.6688,27.3877126688,59.27084732055664,130.0987370198349
2019-04-09 06:00,148321191,28714982.5776,28.7149825776,62.958255767822266,130.17085427444334
2019-04-09 06:15,183868473,35596936.3728,35.5969363728,66.12181091308594,130.01254781809732
2019-04-09 06:30,217937248,42192651.2128,42.1926512128,69.15485382080078,129.99966720932525
2019-04-09 06:45,288409939,55836164.1904,55.8361641904,72.15818786621094,129.9848639455808
2019-04-09 07:00,457074728,88489667.3408,88.4896673408,75.34551239013672,129.9848639455808
2019-04-09 07:15,624010400,120808413.44,120.80841344,79.96475982666016,129.9848639455808
2019-04-09 07:30,859873646,166471537.8656,166.4715378656,86.39847564697266,129.9863383742406
2019-04-09 07:45,878332350,170045142.96,170.04514296000002,95.46585845947266,129.97631225935393
2019-04-09 08:00,898578043,173964709.1248,173.9647091248,108.60877227783203,130.03637458523977
2019-04-09 08:15,961135673,186075866.2928,186.0758662928,121.68754577636719,130.50217608744563
2019-04-09 08:30,953738407,184643755.5952,184.6437555952,133.80479431152344,130.90460074813842
2019-04-09 08:45,840597109,162739600.3024,162.7396003024,143.92300415039062,130.89143704906365
2019-04-09 09:00,649372461,125718508.4496,125.7185084496,149.6765594482422,130.8459892600538
2019-04-09 09:15,670642500,129836388.0,129.836388,149.31106567382812,130.8459892600538
2019-04-09 09:30,662093369,128181276.2384,128.1812762384,145.80230712890625,130.8459892600538
2019-04-09 09:45,639373633,123782735.3488,123.7827353488,140.75885009765625,130.8459892600538
2019-04-09 10:00,657080292,127210744.5312,127.2107445312,134.85736083984375,130.8459892600538
2019-04-09 10:15,582027217,112680469.2112,112.6804692112,129.3043670654297,130.8459892600538
2019-04-09 10:30,659240481,127628957.1216,127.6289571216,123.40666198730469,130.8459892600538
2019-04-09 10:45,724563258,140275446.7488,140.27544674880002,119.06754302978516,130.8459892600538
2019-04-09 11:00,657520684,127296004.4224,127.2960044224,116.95413208007812,130.8459892600538
2019-04-09 11:15,734609198,142220340.7328,142.2203407328,115.35028839111328,130.8459892600538
2019-04-09 11:30,725264130,140411135.568,140.411135568,115.3403549194336,130.8459892600538
2019-04-09 11:45,764889805,148082666.248,148.082666248,116.03819274902344,130.8459892600538
2019-04-09 12:00,922882515,178670054.90399998,178.67005490399998,117.62955474853516,131.08752426538857
2019-04-09 12:15,736411436,142569254.00959998,142.56925400959997,121.80028533935547,131.08752426538857
2019-04-09 12:30,793701153,153660543.22079998,153.66054322079998,124.17729949951172,131.08752426538857
2019-04-09 12:45,858003010,166109382.736,166.109382736,126.15020751953125,131.08752426538857
2019-04-09 13:00,828458198,160389507.13279998,160.3895071328,128.5043182373047,131.08752426538857
2019-04-09 13:15,889821229,172269389.9344,172.26938993439998,130.30422973632812,131.10053462388268
2019-04-09 13:30,959686780,185795360.608,185.795360608,132.45883178710938,131.52495776017977
2019-04-09 13:45,928550861,179767446.6896,179.76744668959998,135.5274658203125,131.76664610609512
2019-04-09 14:00,764366020,147981261.472,147.981261472,138.22825622558594,131.76664610609512
2019-04-09 14:15,704688180,136427631.648,136.427631648,137.9089813232422,131.76664610609512
2019-04-09 14:30,777780893,150578380.8848,150.5783808848,135.0496826171875,131.76664610609512
2019-04-09 14:45,753253247,145829828.6192,145.8298286192,132.1144256591797,131.76664610609512
2019-04-09 15:00,814146378,157618738.78079998,157.6187387808,129.00526428222656,131.76664610609512
2019-04-09 15:15,772000865,149459367.464,149.459367464,127.04328155517578,131.76664610609512
2019-04-09 15:30,748125723,144837139.9728,144.83713997279995,125.26764678955078,131.76664610609512
2019-04-09 15:45,826431472,159997132.9792,159.99713297920002,123.47271728515625,131.76664610609512
2019-04-09 16:00,849787100,164518782.56,164.51878256,123.02745819091797,131.76664610609512
2019-04-09 16:15,839875946,162599983.1456,162.5999831456,123.70418548583984,131.76664610609512
2019-04-09 16:30,899465390,174136499.504,174.136499504,124.77893829345703,131.79733781307766
2019-04-09 16:45,924944492,179069253.6512,179.0692536512,126.85476684570312,132.02648761767003
2019-04-09 17:00,1016511737,196796672.2832,196.7966722832,129.61244201660156,132.68385868678715
2019-04-09 17:15,1058314748,204889735.2128,204.8897352128,133.794921875,133.41801800050698
2019-04-09 17:30,1174693194,227420602.3584,227.4206023584,138.90359497070312,134.54433995144728
2019-04-09 17:45,1046604782,202622685.7952,202.6226857952,145.68858337402344,134.9913513348126
2019-04-09 18:00,1140194646,220741683.4656,220.7416834656,150.56460571289062,135.40454522243658
2019-04-09 18:15,1234573712,239013470.6432,239.0134706432,155.26943969726562,136.19045108440093
2019-04-09 18:30,1104761310,213881789.616,213.881789616,160.65740966796875,136.3717350369814
2019-04-09 18:45,1165040081,225551759.6816,225.5517596816,163.63038635253906,137.3488801938372
2019-04-09 19:00,1064479644,206083259.0784,206.0832590784,165.84451293945312,137.3223994551071
2019-04-09 19:15,1057978803,204824696.2608,204.8246962608,165.62844848632812,137.21416459604805
2019-04-09 19:30,1075597102,208235598.9472,208.2355989472,163.9636993408203,137.55057023906937
2019-04-09 19:45,1065943273,206366617.6528,206.3666176528,161.85755920410156,137.6489559146809
2019-04-09 20:00,1030581616,199520600.8576,199.5206008576,159.50338745117188,137.90284073447017
2019-04-09 20:15,1059710938,205160037.5968,205.1600375968,156.68350219726562,138.11901556685626
2019-04-09 20:30,1027751807,198972749.8352,198.9727498352,154.35556030273438,138.39600763260205
2019-04-09 20:45,1160368195,224647282.552,224.647282552,152.03778076171875,138.83355908168602
2019-04-09 21:00,1111779613,215240533.0768,215.2405330768,152.05418395996094,138.74468052207294
2019-04-09 21:15,1104846769,213898334.4784,213.8983344784,152.4961395263672,138.9249146814476
2019-04-09 21:30,1171801074,226860687.9264,226.8606879264,153.0670166015625,139.42564244974693
2019-04-09 21:45,1132475889,219247332.1104,219.2473321104,154.6930389404297,139.83909583681506
2019-04-09 22:00,1115836764,216025997.5104,216.0259975104,156.00302124023438,140.4843530000632
2019-04-09 22:15,987117426,191105933.6736,191.1059336736,156.72998046875,140.1780492925605
2019-04-09 22:30,980888459,189900005.6624,189.9000056624,154.96153259277344,140.0023327825995
2019-04-09 22:45,909034475,175989074.35999998,175.98907436,151.9889678955078,139.93316438531068
2019-04-09 23:00,894450197,173165558.1392,173.16555813920002,147.50064086914062,139.90845296097234
2019-04-09 23:15,914790330,177103407.88799998,177.103407888,142.481689453125,139.8994294575743
2019-04-09 23:30,772107977,149480104.3472,149.4801043472,138.07412719726562,139.8824086531255
2019-04-09 23:45,720826515,139552013.304,139.55201330399998,132.3146209716797,139.8824086531255
2019-04-10 00:00,631563643,122270721.2848,122.2707212848,125.5466537475586,139.8824086531255
2019-04-10 00:15,609181612,117937560.0832,117.9375600832,117.65675354003906,139.8824086531255
2019-04-10 00:30,546092092,105723429.0112,105.7234290112,109.68475341796875,139.8824086531255
2019-04-10 00:45,480553024,93035065.4464,93.0350654464,101.82860565185547,139.8824086531255
2019-04-10 01:00,435715440,84354509.184,84.354509184,93.98977661132812,139.8824086531255
2019-04-10 01:15,354243769,68581593.6784,68.5815936784,86.49282836914062,139.8824086531255
2019-04-10 01:30,333928479,64648553.5344,64.6485535344,78.9013900756836,139.8824086531255
2019-04-10 01:45,293648473,56850344.3728,56.8503443728,71.82832336425781,139.8824086531255
2019-04-10 02:00,253942187,49163207.4032,49.1632074032,65.50115966796875,139.89392099210127
2019-04-10 02:15,244749226,47383450.1536,47.3834501536,59.72434616088867,139.88551085102574
2019-04-10 02:30,212115065,41065476.584,41.065476584,55.051109313964844,139.89661034997675
2019-04-10 02:45,154958080,29999884.288,29.999884288,51.23456573486328,139.9242234499176
2019-04-10 03:00,149817150,29004600.24,29.00460024,47.78569412231445,139.95211964016113
2019-04-10 03:15,139855344,27075994.5984,27.0759945984,45.05778121948242,139.9565783124284
2019-04-10 03:30,106176575,20555784.92,20.55578492,43.05462646484375,140.00957517617644
2019-04-10 03:45,123553361,23919930.6896,23.9199306896,41.45160675048828,140.03021717741373
2019-04-10 04:00,103638103,20064336.7408,20.0643367408,40.64106369018555,139.96207498247216
2019-04-10 04:15,83347976,16136168.1536,16.1361681536,40.371498107910156,140.04016072429548
2019-04-10 04:30,83180364,16103718.4704,16.1037184704,40.83354568481445,140.05194435814462
2019-04-10 04:45,82960830,16061216.688,16.061216688,41.93353271484375,140.1268807203506
2019-04-10 05:00,74413732,14406498.5152,14.4064985152,43.95521545410156,140.29058948330618
2019-04-10 05:15,66844876,12941167.9936,12.9411679936,46.46501159667969,140.5365123883325
2019-04-10 05:30,124598944,24122355.5584,24.1223555584,49.23295211791992,140.56939804516082
2019-04-10 05:45,111599180,21605601.248,21.605601248,52.78659439086914,140.6624875730263
2019-04-10 06:00,160066808,30988934.0288,30.9889340288,56.674354553222656,140.64238816153585
2019-04-10 06:15,204857231,39660359.9216,39.6603599216,60.959014892578125,140.6179598275002
2019-04-10 06:30,223237050,43218692.88,43.21869287999999,65.34635162353516,140.59235195053668
2019-04-10 06:45,304512684,58953655.6224,58.9536556224,69.76293182373047,140.57756048222151
2019-04-10 07:00,419307007,81177836.5552,81.1778365552,74.46578979492188,140.57756048222151
2019-04-10 07:15,631543163,122266756.3568,122.2667563568,79.59101104736328,140.57756048222151
2019-04-10 07:30,763992880,147909021.568,147.909021568,86.57862091064453,140.57756048222151
2019-04-10 07:45,905009266,175209793.8976,175.2097938976,95.06948852539062,140.57756048222151
2019-04-10 08:00,851753304,164899439.6544,164.8994396544,107.31845092773438,140.57756048222151
2019-04-10 08:15,816657383,158104869.3488,158.1048693488,120.02622985839844,140.57756048222151
2019-04-10 08:30,969705843,187735051.2048,187.7350512048,130.0538787841797,140.68010994436833
2019-04-10 08:45,913821288,176915801.3568,176.9158013568,139.70220947265625,140.56631943811914
2019-04-10 09:00,795446501,153998442.5936,153.9984425936,146.88833618164062,140.56631943811914
2019-04-10 09:15,723012843,139975286.4048,139.9752864048,149.85997009277344,140.56631943811914
2019-04-10 09:30,660140383,127803178.1488,127.8031781488,148.90921020507812,140.56631943811914
2019-04-10 09:45,590649509,114349744.9424,114.3497449424,144.95858764648438,140.56631943811914
2019-04-10 10:00,624556885,120914212.936,120.91421293599998,138.6046142578125,140.56631943811914
2019-04-10 10:15,733663014,142037159.5104,142.0371595104,131.9630889892578,140.56631943811914
2019-04-10 10:30,749199147,145044954.8592,145.0449548592,127.35467529296875,140.56631943811914
2019-04-10 10:45,676191411,130910657.1696,130.9106571696,124.55242919921875,140.56631943811914
2019-04-10 11:00,644897531,124852162.0016,124.8521620016,121.99700927734375,140.56631943811914
2019-04-10 11:15,660470533,127867095.1888,127.8670951888,119.4087905883789,140.56631943811914
2019-04-10 11:30,785097392,151994855.0912,151.99485509119998,117.30257415771484,140.56631943811914
2019-04-10 11:45,818890976,158537292.9536,158.5372929536,117.44307708740234,140.56631943811914
2019-04-10 12:00,873672811,169143056.2096,169.1430562096,119.26400756835938,140.56631943811914
2019-04-10 12:15,1031872322,199770481.5392,199.7704815392,122.62593078613281,141.27332567363996
2019-04-10 12:30,1014452525,196398008.84,196.39800884,128.7881317138672,141.8765085406519
2019-04-10 12:45,969108159,187619339.5824,187.6193395824,135.51902770996094,142.06168498489424
2019-04-10 13:00,975876157,188929623.9952,188.9296239952,141.0905303955078,142.27685720579166
2019-04-10 13:15,992745473,192195523.5728,192.1955235728,145.40097045898438,142.60773079248136
2019-04-10 13:30,1098107946,212593698.3456,212.5936983456,148.6583251953125,143.50919647508667
2019-04-10 13:45,1038165561,200988852.6096,200.9888526096,152.42730712890625,144.0604440669856
2019-04-10 14:00,936778131,181360246.1616,181.3602461616,154.97872924804688,144.0747283318418
2019-04-10 14:15,950105550,183940434.48,183.94043448,154.95513916015625,144.08402313011322
2019-04-10 14:30,830155235,160718053.496,160.71805349599998,153.63754272460938,144.08402313011322
2019-04-10 14:45,872454449,168907181.32639998,168.90718132639998,149.79017639160156,144.08402313011322
2019-04-10 15:00,851796344,164907772.1984,164.90777219839998,145.6104278564453,144.08402313011322
2019-04-10 15:15,974881252,188737010.3872,188.7370103872,141.3040008544922,144.19738900090837
2019-04-10 15:30,927851356,179632022.5216,179.63202252160002,139.2589111328125,144.19738900090837
2019-04-10 15:45,937183849,181438793.1664,181.4387931664,137.90943908691406,144.1995711553249
2019-04-10 16:00,1295372306,250784078.4416,250.7840784416,137.27012634277344,145.94083601626775
2019-04-10 16:15,1227642492,237671586.4512,237.6715864512,142.5983123779297,147.33897183950063
2019-04-10 16:30,1214093972,235048592.9792,235.0485929792,149.47279357910156,148.67964033128888
2019-04-10 16:45,1297858403,251265386.8208,251.2653868208,156.27806091308594,150.61371327921725
2019-04-10 17:00,1181698872,228776901.6192,228.7769016192,163.5378875732422,151.702266265608
2019-04-10 17:15,1436870133,278178057.7488,278.1780577488,168.21237182617188,154.25094005608983
2019-04-10 17:30,1379691899,267108351.6464,267.1083516464,174.974365234375,155.90970768465925
2019-04-10 17:45,1292294328,250188181.9008,250.1881819008,180.8869171142578,156.44752028261004
2019-04-10 18:00,1405119745,272031182.632,272.031182632,184.13844299316406,158.65838477398643
2019-04-10 18:15,1412189254,273399839.5744,273.3998395744,187.33596801757812,160.37636545753367
2019-04-10 18:30,1356828278,262681954.6208,262.6819546208,189.99331665039062,161.2156928187001
2019-04-10 18:45,1326888596,256885632.1856,256.8856321856,191.00392150878906,162.52373515310418
2019-04-10 19:00,1525913851,295416921.5536,295.4169215536,190.42355346679688,165.85864507757017
2019-04-10 19:15,1256142109,243189112.3024,243.1891123024,192.26368713378906,167.35471835010196
2019-04-10 19:30,1240192907,240101346.7952,240.1013467952,190.38861083984375,168.63478192625757
2019-04-10 19:45,1261364232,244200115.3152,244.2001153152,186.647216796875,170.01045925214427
2019-04-10 20:00,1249187843,241842766.4048,241.8427664048,182.54664611816406,171.30427629883854
2019-04-10 20:15,1221404308,236463874.0288,236.4638740288,178.44288635253906,172.38897217985524
2019-04-10 20:30,1272382977,246333344.3472,246.3333443472,174.30067443847656,173.82420462816881
2019-04-10 20:45,1298498893,251389385.6848,251.3893856848,171.46878051757812,175.3757282137386
2019-04-10 21:00,1266813893,245255169.6848,245.2551696848,170.0581512451172,176.21578689152028
2019-04-10 21:15,1188702367,230132778.2512,230.1327782512,169.0476837158203,176.89611186601326
2019-04-10 21:30,1159733546,224524414.5056,224.5244145056,167.14010620117188,177.30485887679927
2019-04-10 21:45,1244862105,241005303.528,241.005303528,164.54527282714844,177.86709980878572
2019-04-10 22:00,1048423638,202974816.3168,202.9748163168,163.23291015625,177.83836614306344
2019-04-10 22:15,1154835885,223576227.336,223.576227336,159.5411834716797,178.0709720084344
2019-04-10 22:30,1106199586,214160239.8496,214.1602398496,156.85305786132812,178.07298902684101
2019-04-10 22:45,1019613140,197397103.904,197.397103904,154.14149475097656,178.07298902684101
2019-04-10 23:00,1050493232,203375489.7152,203.3754897152,150.22052001953125,178.07298902684101
2019-04-10 23:15,1036384987,200644133.4832,200.6441334832,146.8010711669922,178.07298902684101
2019-04-10 23:30,871460089,168714673.2304,168.7146732304,143.8026580810547,178.07298902684101
2019-04-10 23:45,849666823,164495496.9328,164.4954969328,138.736328125,178.07298902684101
2019-04-11 00:00,720344533,139458701.58879998,139.45870158879998,132.78944396972656,178.07298902684101
2019-04-11 00:15,619141496,119865793.6256,119.8657936256,125.03990173339844,178.07298902684101
2019-04-11 00:30,570317334,110413435.8624,110.4134358624,115.6969985961914,178.07298902684101
2019-04-11 00:45,526500819,101930558.5584,101.9305585584,105.88932800292969,178.07298902684101
2019-04-11 01:00,470388775,91067266.84,91.06726684,96.3725357055664,178.07298902684101
2019-04-11 01:15,409087162,79199274.5632,79.19927456319999,87.20243072509766,178.07298902684101
2019-04-11 01:30,352317280,68208625.40799999,68.20862540799999,78.51058959960938,178.07298902684101
2019-04-11 01:45,300214709,58121567.6624,58.1215676624,70.33272552490234,178.07298902684101
2019-04-11 02:00,250743030,48543850.608,48.54385060799999,62.706295013427734,178.07298902684101
2019-04-11 02:15,236094313,45707858.9968,45.7078589968,55.90547561645508,178.07298902684101
2019-04-11 02:30,212952335,41227572.056,41.227572056,50.34913635253906,178.07298902684101
2019-04-11 02:45,242087261,46868093.7296,46.8680937296,46.05567932128906,178.07298902684101
2019-04-11 03:00,195363338,37822342.2368,37.8223422368,43.44855499267578,178.07298902684101
2019-04-11 03:15,160089245,30993277.832,30.993277832,41.72895812988281,178.07298902684101
2019-04-11 03:30,131970323,25549454.5328,25.5494545328,40.4354133605957,178.07298902684101
2019-04-11 03:45,124078405,24021579.208,24.021579208,39.40041732788086,178.07298902684101
2019-04-11 04:00,138581754,26829427.5744,26.8294275744,38.721031188964844,178.07298902684101
2019-04-11 04:15,130536092,25271787.4112,25.2717874112,38.7076416015625,178.07298902684101
2019-04-11 04:30,309813876,59979966.3936,59.9799663936,39.19353103637695,178.07298902684101
2019-04-11 04:45,223005051,43173777.8736,43.1737778736,42.51656723022461,178.07298902684101
2019-04-11 05:00,101666989,19682729.0704,19.6827290704,46.21963882446289,178.07298902684101
2019-04-11 05:15,142929253,27671103.3808,27.6711033808,48.42393112182617,178.07298902684101
2019-04-11 05:30,154259720,29864681.792,29.864681792,50.70338821411133,178.07188025648884
2019-04-11 05:45,206771854,40031030.9344,40.0310309344,53.13851547241211,178.07188025648884
2019-04-11 06:00,188597854,36512544.5344,36.5125445344,56.26660919189453,178.07188025648884
2019-04-11 06:15,232901573,45089744.5328,45.0897445328,59.555641174316406,178.07188025648884
2019-04-11 06:30,203441008,39386179.1488,39.3861791488,63.031612396240234,178.07188025648884
2019-04-11 06:45,333623537,64589516.7632,64.5895167632,66.10794067382812,178.07188025648884
2019-04-11 07:00,462517881,89543461.7616,89.5434617616,70.18873596191406,178.07188025648884
2019-04-11 07:15,614383348,118944616.1728,118.9446161728,75.32070922851562,178.07188025648884
2019-04-11 07:30,739180615,143105367.064,143.105367064,81.91941833496094,178.07188025648884
2019-04-11 07:45,881339743,170627374.2448,170.6273742448,91.41364288330078,178.07188025648884
2019-04-11 08:00,967887727,187383063.9472,187.3830639472,104.2471923828125,178.07188025648884
2019-04-11 08:15,937494022,181498842.6592,181.4988426592,118.20674133300781,178.07188025648884
2019-04-11 08:30,947019472,183342969.7792,183.3429697792,130.8478546142578,178.07188025648884
2019-04-11 08:45,880026669,170373163.1184,170.37316311840002,141.1937255859375,178.07188025648884
2019-04-11 09:00,767801957,148646458.8752,148.6464588752,147.83819580078125,178.07188025648884
2019-04-11 09:15,698627896,135254360.6656,135.2543606656,149.7920379638672,178.07188025648884
2019-04-11 09:30,613825099,118836539.1664,118.8365391664,147.92665100097656,178.07188025648884
2019-04-11 09:45,653525981,126522629.9216,126.5226299216,142.6610107421875,178.07188025648884
2019-04-11 10:00,598448244,115859580.0384,115.8595800384,136.55056762695312,178.07188025648884
2019-04-11 10:15,658198911,127427309.1696,127.4273091696,129.716064453125,178.07188025648884
2019-04-11 10:30,775736323,150182552.13279998,150.18255213279997,124.07032775878906,178.07188025648884
2019-04-11 10:45,692432942,134055017.5712,134.0550175712,121.3250961303711,178.07188025648884
2019-04-11 11:00,677906248,131242649.6128,131.2426496128,119.30044555664062,178.07188025648884
2019-04-11 11:15,753595114,145896014.0704,145.8960140704,117.72442626953125,178.07188025648884
2019-04-11 11:30,722848843,139943536.0048,139.9435360048,117.63658142089844,178.07188025648884
2019-04-11 11:45,755386736,146242872.0896,146.24287208959998,117.90510559082031,178.07188025648884
2019-04-11 12:00,800339958,154945815.86879998,154.9458158688,118.8167953491211,178.07188025648884
2019-04-11 12:15,827120217,160130474.01119998,160.1304740112,120.59243774414062,178.07188025648884
2019-04-11 12:30,869560151,168346845.2336,168.3468452336,123.01915740966797,178.07188025648884
2019-04-11 12:45,1017802081,197046482.8816,197.0464828816,126.12098693847656,178.07188025648884
2019-04-11 13:00,890178211,172338501.6496,172.3385016496,131.41915893554688,178.07188025648884
2019-04-11 13:15,875124259,169424056.5424,169.4240565424,135.3533935546875,178.07188025648884
2019-04-11 13:30,898461264,173942100.7104,173.94210071039998,137.86985778808594,178.07188025648884
2019-04-11 13:45,920700973,178247708.3728,178.2477083728,139.5578155517578,178.07188025648884
2019-04-11 14:00,774448428,149933215.6608,149.93321566080002,140.8123321533203,178.07188025648884
2019-04-11 14:15,785465326,152066087.1136,152.0660871136,139.4113006591797,178.07188025648884
2019-04-11 14:30,874726774,169347103.4464,169.34710344639998,136.86302185058594,178.07188025648884
2019-04-11 14:45,813100345,157416226.792,157.416226792,135.19171142578125,178.07188025648884
2019-04-11 15:00,775180098,150074866.9728,150.07486697279998,133.1964569091797,178.07188025648884
2019-04-11 15:15,793510935,153623717.016,153.623717016,130.70079040527344,178.07188025648884
2019-04-11 15:30,810954548,157000800.4928,157.0008004928,128.4578857421875,178.07188025648884
2019-04-11 15:45,749307054,145065845.6544,145.0658456544,126.8445053100586,178.07188025648884
2019-04-11 16:00,885096866,171354753.2576,171.3547532576,124.83274841308594,178.07188025648884
2019-04-11 16:15,822582027,159251880.4272,159.25188042719998,124.8674087524414,176.70095648860138
2019-04-11 16:30,897198552,173697639.6672,173.6976396672,125.04779052734375,175.6586533804114
2019-04-11 16:45,1013870391,196285307.6976,196.2853076976,126.45613098144531,174.58768737907482
2019-04-11 17:00,1116183964,216093215.4304,216.0932154304,130.12109375,172.98044218559366
2019-04-11 17:15,1161874826,224938966.3136,224.9389663136,136.14694213867188,172.79738891862146
2019-04-11 17:30,1114085238,215686902.0768,215.6869020768,143.494384765625,170.14957454505426
2019-04-11 17:45,1055515156,204347734.2016,204.3477342016,149.99130249023438,167.77152163908517
2019-04-11 18:00,1157918745,224173069.032,224.173069032,154.28067016601562,166.85522910187686
2019-04-11 18:15,1118332027,216509080.4272,216.5090804272,158.4024658203125,164.60391808350465
2019-04-11 18:30,1123615334,217531928.6624,217.5319286624,161.12466430664062,162.28119753628076
2019-04-11 18:45,1168475423,226216841.8928,226.2168418928,162.80502319335938,160.90535507438418
2019-04-11 19:00,1106480237,214214573.8832,214.2145738832,164.29405212402344,159.48070312613336
2019-04-11 19:15,1060868292,205384101.3312,205.3841013312,164.41632080078125,155.15824447618797
2019-04-11 19:30,1022676543,197990178.7248,197.9901787248,163.01412963867188,153.6508829778367
2019-04-11 19:45,1103278484,213594714.5024,213.5947145024,160.25473022460938,152.95192122508377
2019-04-11 20:00,1111172113,215122921.0768,215.1229210768,158.29635620117188,152.24464369468953
2019-04-11 20:15,1066668153,206506954.4208,206.5069544208,157.01577758789062,151.39185774871638
2019-04-11 20:30,1013535702,196220511.9072,196.2205119072,155.53233337402344,150.18571612784882
2019-04-11 20:45,974967766,188753759.4976,188.7537594976,153.2512969970703,148.3772645017359
2019-04-11 21:00,1003962959,194367228.8624,194.3672288624,150.21124267578125,146.43038171761114
2019-04-11 21:15,972822360,188338408.896,188.338408896,147.5279998779297,144.5284749053251
2019-04-11 21:30,1076199084,208352142.6624,208.3521426624,144.8391571044922,144.03586239236932
2019-04-11 21:45,1017576811,197002870.6096,197.0028706096,144.0832977294922,143.29638334004494
2019-04-11 22:00,1038015464,200959793.8304,200.9597938304,143.49969482421875,142.21250134364846
2019-04-11 22:15,1074371654,207998352.2144,207.9983522144,143.48597717285156,142.3264215996197
2019-04-11 22:30,1144369178,221549872.8608,221.5498728608,144.33216857910156,142.28786234130845
2019-04-11 22:45,984584741,190615605.8576,190.6156058576,146.66146850585938,141.6049659632328
2019-04-11 23:00,1006940298,194943641.6928,194.9436416928,146.9901123046875,141.5221502542688
2019-04-11 23:15,961839985,186212221.096,186.212221096,146.6101837158203,140.86924965284823
2019-04-11 23:30,813004186,157397610.4096,157.3976104096,145.11538696289062,140.137402243267
2019-04-11 23:45,733569359,142019027.9024,142.01902790239998,140.8912811279297,140.137402243267
2019-04-12 00:00,833940978,161450973.3408,161.45097334079998,134.482421875,140.137402243267
2019-04-12 00:15,803696279,155595599.6144,155.5955996144,129.1605224609375,140.137402243267
2019-04-12 00:30,736872676,142658550.0736,142.6585500736,124.33512115478516,140.137402243267
2019-04-12 00:45,652663274,126355609.8464,126.3556098464,119.51072692871094,140.137402243267
2019-04-12 01:00,488666253,94605786.5808,94.6057865808,113.82064056396484,140.137402243267
2019-04-12 01:15,446174319,86379348.1584,86.3793481584,105.92025756835938,140.137402243267
2019-04-12 01:30,381791489,73914832.2704,73.9148322704,97.2586669921875,140.137402243267
2019-04-12 01:45,345873208,66961053.0688,66.9610530688,88.19976043701172,140.137402243267
2019-04-12 02:00,306131633,59267084.1488,59.2670841488,79.51160430908203,140.137402243267
2019-04-12 02:15,283800914,54943856.9504,54.9438569504,71.31111907958984,140.12944032850402
2019-04-12 02:30,264019467,51114168.8112,51.1141688112,64.30918884277344,140.11556890367257
2019-04-12 02:45,210081409,40671760.7824,40.6717607824,58.4986457824707,140.1174207860693
2019-04-12 03:00,229076025,44349118.44,44.34911844,53.46762466430664,140.1187300787192
2019-04-12 03:15,241309466,46717512.6176,46.7175126176,49.95919418334961,140.10128463881637
2019-04-12 03:30,175366255,33950906.968,33.950906968000005,48.14617156982422,140.09449047155198
2019-04-12 03:45,168057367,32535906.2512,32.5359062512,46.73295593261719,140.06410544573072
2019-04-12 04:00,185106508,35836619.9488,35.8366199488,45.77733612060547,140.00771149835046
2019-04-12 04:15,135721733,26275727.5088,26.2757275088,45.60432815551758,140.0093274721616
2019-04-12 04:30,79979372,15484006.4192,15.4840064192,45.41410827636719,140.17906369947846
2019-04-12 04:45,100076510,19374812.336,19.374812336,44.67836380004883,140.2956143361788
2019-04-12 05:00,86460594,16738770.9984,16.7387709984,44.29131317138672,140.42091718140372
2019-04-12 05:15,92323010,17873734.735999998,17.873734736,44.51076126098633,140.43156845404218
2019-04-12 05:30,87633026,16965753.8336,16.9657538336,45.78443908691406,140.5260616379918
2019-04-12 05:45,169348572,32785883.5392,32.7858835392,47.72003936767578,140.51965671989362
2019-04-12 06:00,138412732,26796704.9152,26.7967049152,50.92268371582031,140.56116483552447
2019-04-12 06:15,200716266,38858669.0976,38.8586690976,54.688045501708984,140.55718977585764
2019-04-12 06:30,288461283,55846104.3888,55.84610438879999,59.05936813354492,140.53572209457084
2019-04-12 06:45,351077512,67968606.3232,67.9686063232,64.07207489013672,140.5200341736305
2019-04-12 07:00,398410524,77132277.4464,77.1322774464,69.76600646972656,140.5200341736305
2019-04-12 07:15,649578811,125758457.8096,125.7584578096,75.65043640136719,140.5200341736305
2019-04-12 07:30,855914861,165705117.0896,165.7051170896,83.12718200683594,140.5200341736305
2019-04-12 07:45,862351571,166951264.1456,166.9512641456,93.82664489746094,140.5200341736305
2019-04-12 08:00,848717522,164311712.2592,164.3117122592,107.45297241210938,140.5200341736305
2019-04-12 08:15,891071644,172511470.2784,172.5114702784,119.95154571533203,140.28370095260755
2019-04-12 08:30,979549782,189640837.7952,189.6408377952,130.92759704589844,140.59083034015975
2019-04-12 08:45,861398547,166766758.6992,166.7667586992,140.90797424316406,140.5260616379918
2019-04-12 09:00,734947132,142285764.7552,142.2857647552,147.13597106933594,140.5260616379918
2019-04-12 09:15,678720265,131400243.304,131.400243304,148.5171356201172,140.5260616379918
2019-04-12 09:30,696181789,134780794.3504,134.7807943504,146.18905639648438,140.5260616379918
2019-04-12 09:45,602569686,116657491.2096,116.6574912096,142.17703247070312,140.5260616379918
2019-04-12 10:00,614430866,118953815.6576,118.9538156576,136.10809326171875,140.5260616379918
2019-04-12 10:15,644669378,124807991.5808,124.8079915808,129.67713928222656,140.5260616379918
2019-04-12 10:30,675170462,130713001.4432,130.7130014432,124.10612487792969,140.5260616379918
2019-04-12 10:45,673062657,130304930.3952,130.3049303952,120.0292739868164,140.5260616379918
2019-04-12 11:00,738743799,143020799.4864,143.0207994864,117.17249298095703,140.5260616379918
2019-04-12 11:15,745460517,144321156.0912,144.32115609119998,116.26799774169922,140.5260616379918
2019-04-12 11:30,733462977,141998432.3472,141.9984323472,116.63938903808594,140.5260616379918
2019-04-12 11:45,758421857,146830471.5152,146.8304715152,117.49103546142578,140.5260616379918
2019-04-12 12:00,805274398,155901123.4528,155.9011234528,118.8804931640625,140.5260616379918
2019-04-12 12:15,802121668,155290754.9248,155.2907549248,121.04615783691406,140.5260616379918
2019-04-12 12:30,900806418,174396122.5248,174.3961225248,123.33324432373047,140.5260616379918
2019-04-12 12:45,937965514,181590123.5104,181.5901235104,126.82343292236328,140.5599499063088
2019-04-12 13:00,1008574549,195260032.6864,195.2600326864,131.09352111816406,140.48504893039063
2019-04-12 13:15,922738355,178642145.528,178.642145528,136.32810974121094,140.49860187863158
2019-04-12 13:30,834488149,161556905.6464,161.5569056464,140.13026428222656,140.49860187863158
2019-04-12 13:45,744928265,144218112.104,144.218112104,141.34910583496094,140.49860187863158
2019-04-12 14:00,797629739,154421117.4704,154.4211174704,139.5757598876953,140.48802137856882
2019-04-12 14:15,806978398,156231017.85279998,156.2310178528,137.05186462402344,140.48802137856882
2019-04-12 14:30,891379773,172571124.0528,172.5711240528,134.43084716796875,140.48802137856882
2019-04-12 14:45,854779297,165485271.8992,165.4852718992,133.2440643310547,140.48802137856882
2019-04-12 15:00,767650445,148617126.152,148.617126152,132.3984832763672,140.48802137856882
2019-04-12 15:15,669275285,129571695.176,129.571695176,130.55584716796875,140.48802137856882
2019-04-12 15:30,699404689,135404747.7904,135.4047477904,126.9136734008789,140.48802137856882
2019-04-12 15:45,728631112,141062983.2832,141.0629832832,123.13060760498047,140.48802137856882
2019-04-12 16:00,871898455,168799540.88799998,168.799540888,120.07435607910156,140.48802137856882
2019-04-12 16:15,928024401,179665524.0336,179.6655240336,119.85929107666016,140.50769615460527
2019-04-12 16:30,834904196,161637452.3456,161.6374523456,122.09051513671875,140.50769615460527
2019-04-12 16:45,846108726,163806649.3536,163.8066493536,124.09527587890625,140.50769615460527
2019-04-12 17:00,1020806905,197628216.808,197.628216808,125.9516372680664,140.55549123404154
2019-04-12 17:15,1119202532,216677610.1952,216.6776101952,130.1174774169922,140.56160126640776
2019-04-12 17:30,1103298350,213598560.56,213.59856056,136.52850341796875,140.3066666534127
2019-04-12 17:45,1174281578,227340913.5008,227.3409135008,143.1936798095703,140.5579092970436
2019-04-12 18:00,1075218062,208162216.8032,208.1622168032,150.33718872070312,140.6616736884061
2019-04-12 18:15,1348211192,261013686.7712,261.0136867712,155.25454711914062,141.9144426412114
2019-04-12 18:30,1217025076,235616054.7136,235.6160547136,162.65402221679688,142.32301272055824
2019-04-12 18:45,1171450786,226792872.1696,226.7928721696,168.1983184814453,142.52462019778545
2019-04-12 19:00,1239075487,239885014.2832,239.8850142832,171.37124633789062,142.93051271468607
2019-04-12 19:15,1196130703,231570904.1008,231.5709041008,173.82272338867188,143.3112337855065
2019-04-12 19:30,1085736905,210198664.808,210.198664808,174.7008819580078,143.4430595031224
2019-04-12 19:45,1088264659,210688037.9824,210.6880379824,172.7682342529297,143.81164307721534
2019-04-12 20:00,1010711122,195673673.2192,195.6736732192,169.526123046875,143.29474377537522
2019-04-12 20:15,940216584,182025930.6624,182.0259306624,164.58302307128906,142.31226708448557
2019-04-12 20:30,1006186101,194797629.1536,194.7976291536,158.1580047607422,141.94952224788548
2019-04-12 20:45,969164166,187630182.5376,187.6301825376,152.67723083496094,141.65849362129836
2019-04-12 21:00,933871222,180797468.5792,180.7974685792,147.68309020996094,141.40000858409047
2019-04-12 21:15,808508983,156527339.1088,156.5273391088,143.02099609375,140.87903985914932
2019-04-12 21:30,885563434,171445080.8224,171.4450808224,137.17575073242188,140.56160126640776
2019-04-12 21:45,911184366,176405293.2576,176.40529325760002,132.6266632080078,139.6161740188817
2019-04-12 22:00,1110690206,215029623.8816,215.0296238816,129.65721130371094,140.06566244239548
2019-04-12 22:15,1027663611,198955675.0896,198.9556750896,131.03021240234375,140.00345334838093
2019-04-12 22:30,987432912,191167011.7632,191.1670117632,133.355224609375,139.51929815821782
2019-04-12 22:45,958234889,185514274.5104,185.5142745104,135.4656219482422,138.57694951773342
2019-04-12 23:00,880490153,170462893.6208,170.46289362079995,136.77967834472656,138.11170240070365
2019-04-12 23:15,804716117,155793040.2512,155.79304025119998,136.32716369628906,137.54165289453485
2019-04-12 23:30,819882878,158729325.1808,158.7293251808,133.78775024414062,137.21957869808688
2019-04-12 23:45,665543375,128849197.4,128.84919739999998,130.64244079589844,137.21957869808688
2019-04-13 00:00,619503081,119935796.4816,119.9357964816,125.15374755859375,137.21957869808688
2019-04-13 00:15,607447768,117601887.8848,117.6018878848,118.12334442138672,137.21957869808688
2019-04-13 00:30,597702486,115715201.2896,115.7152012896,110.77429962158203,137.21957869808688
2019-04-13 00:45,541571763,104848293.3168,104.8482933168,104.1323013305664,137.21957869808688
2019-04-13 01:00,444965584,86145337.0624,86.1453370624,97.93687438964844,137.21957869808688
2019-04-13 01:15,448225098,86776378.9728,86.7763789728,91.28921508789062,137.21957869808688
2019-04-13 01:30,330490122,63982887.6192,63.9828876192,85.31229400634766,137.21957869808688
2019-04-13 01:45,352376740,68220136.864,68.220136864,78.74190521240234,137.21957869808688
2019-04-13 02:00,303890938,58833285.5968,58.8332855968,73.03938293457031,137.21957869808688
2019-04-13 02:15,238692583,46210884.0688,46.210884068800006,67.76800537109375,137.22933351810013
2019-04-13 02:30,169062606,32730520.5216,32.7305205216,62.59175109863281,137.27482848882713
2019-04-13 02:45,167300181,32389315.0416,32.3893150416,57.0726318359375,137.31127636529752
2019-04-13 03:00,179469981,34745388.3216,34.7453883216,52.151939392089844,137.32251740939986
2019-04-13 03:15,172494941,33395020.5776,33.3950205776,48.50392150878906,137.3484437629539
2019-04-13 03:30,159503765,30879928.904,30.879928904,46.213287353515625,137.3745942296642
2019-04-13 03:45,152160433,29458259.8288,29.4582598288,44.84972381591797,137.39103705807838
2019-04-13 04:00,137049580,26532798.688,26.532798688,44.25450897216797,137.41274064795073
2019-04-13 04:15,116439106,22542610.9216,22.5426109216,44.17738723754883,137.51228227563152
2019-04-13 04:30,121631370,23547833.232,23.547833232,44.452518463134766,137.5611153528443
2019-04-13 04:45,127723365,24727243.464,24.727243464,45.35554504394531,137.35180546029827
2019-04-13 05:00,149249042,28894614.5312,28.8946145312,46.898990631103516,137.24628354997327
2019-04-13 05:15,122117566,23641960.7776,23.6419607776,49.542396545410156,137.09452355687677
2019-04-13 05:30,131326673,25424843.8928,25.4248438928,52.544708251953125,136.94003881961697
2019-04-13 05:45,99204756,19206040.7616,19.2060407616,55.66408157348633,136.86733179354462
2019-04-13 06:00,108023775,20913402.84,20.91340284,58.46953582763672,136.96072800257136
2019-04-13 06:15,137795496,26677208.0256,26.6772080256,61.079444885253906,136.96171881863074
2019-04-13 06:30,137659826,26650942.3136,26.6509423136,63.82773208618164,137.03183085026183
2019-04-13 06:45,136648417,26455133.5312,26.4551335312,66.54693603515625,137.12790462173479
2019-04-13 07:00,174881059,33856973.0224,33.8569730224,69.15703582763672,137.17002609968813
2019-04-13 07:15,250181858,48435207.7088,48.43520770879999,71.93684387207031,137.17672590351827
2019-04-13 07:30,336660362,65177446.0832,65.1774460832,75.04383850097656,137.17672590351827
2019-04-13 07:45,374718278,72545458.6208,72.5454586208,78.68756103515625,137.17672590351827
2019-04-13 08:00,499113270,96628329.072,96.628329072,82.85055541992188,137.17672590351827
2019-04-13 08:15,515677040,99835074.944,99.83507494399998,87.92240142822266,137.17672590351827
2019-04-13 08:30,564566088,109299994.6368,109.2999946368,92.9558334350586,137.17672590351827
2019-04-13 08:45,634625139,122863426.9104,122.8634269104,97.89364624023438,136.686083227252
2019-04-13 09:00,684516880,132522467.968,132.522467968,103.65196990966797,136.686083227252
2019-04-13 09:15,708819972,137227546.5792,137.2275465792,110.55110168457031,136.686083227252
2019-04-13 09:30,788917588,152734445.0368,152.7344450368,116.96387481689453,136.686083227252
2019-04-13 09:45,765948941,148287714.9776,148.28771497760002,123.29450988769531,136.686083227252
2019-04-13 10:00,787862949,152530266.9264,152.5302669264,128.67752075195312,136.686083227252
2019-04-13 10:15,824216607,159568335.11519998,159.56833511519997,132.92893981933594,136.686083227252
2019-04-13 10:30,906151454,175430921.4944,175.4309214944,136.40589904785156,136.69984849321995
2019-04-13 10:45,1020422881,197553869.7616,197.5538697616,140.06878662109375,137.42203544622214
2019-04-13 11:00,939647666,181915788.1376,181.9157881376,144.9477081298828,137.57087017285758
2019-04-13 11:15,1092094344,211429464.9984,211.4294649984,148.75067138671875,138.60201480495013
2019-04-13 11:30,932065898,180447957.8528,180.4479578528,153.64056396484375,138.62755190933797
2019-04-13 11:45,887123633,171747135.3488,171.7471353488,155.91737365722656,138.62755190933797
2019-04-13 12:00,915603408,177260819.7888,177.2608197888,155.72613525390625,138.63782572823948
2019-04-13 12:15,945021823,182956224.9328,182.9562249328,154.46189880371094,138.76916783325498
2019-04-13 12:30,834556421,161570123.1056,161.5701231056,152.9999237060547,138.76916783325498
2019-04-13 12:45,902376577,174700105.30719998,174.70010530719998,149.830078125,138.77531325190907
2019-04-13 13:00,880892050,170540700.88,170.54070088,147.0491180419922,138.72600835752516
2019-04-13 13:15,932500113,180532021.8768,180.5320218768,144.32383728027344,138.09770122615012
2019-04-13 13:30,914015722,176953443.7792,176.9534437792,142.65869140625,138.09035267370965
2019-04-13 13:45,878820691,170139685.7776,170.1396857776,141.41978454589844,138.09035267370965
2019-04-13 14:00,837398393,162120328.8848,162.1203288848,139.9788055419922,138.09035267370965
2019-04-13 14:15,804841090,155817235.024,155.81723502399998,137.95391845703125,138.09035267370965
2019-04-13 14:30,813847974,157560967.7664,157.5609677664,135.2910614013672,138.09035267370965
2019-04-13 14:45,889661959,172238555.2624,172.2385552624,132.67845153808594,138.09035267370965
2019-04-13 15:00,919822856,178077704.92159998,178.07770492159997,131.4902801513672,138.10648882096257
2019-04-13 15:15,826166480,159945830.528,159.945830528,131.62191772460938,138.10648882096257
2019-04-13 15:30,936353662,181278068.9632,181.2780689632,131.0694122314453,138.17906609731284
2019-04-13 15:45,939308594,181850143.7984,181.8501437984,131.89097595214844,138.27085812795772
2019-04-13 16:00,965251091,186872611.2176,186.8726112176,133.35781860351562,138.58492322792566
2019-04-13 16:15,978238676,189387007.6736,189.3870076736,135.39463806152344,138.93182680300475
2019-04-13 16:30,893561078,172993424.7008,172.9934247008,137.69454956054688,138.91313104759843
2019-04-13 16:45,866141974,167685086.1664,167.6850861664,138.56626892089844,138.91313104759843
2019-04-13 17:00,926390469,179349194.79839998,179.3491947984,138.10769653320312,138.92866562795814
2019-04-13 17:15,900459128,174328887.1808,174.3288871808,137.8644561767578,138.33636994217022
2019-04-13 17:30,932236443,180480975.3648,180.4809753648,137.26077270507812,137.4202425409718
2019-04-13 17:45,870301411,168490353.1696,168.4903531696,137.03466796875,136.58427687714973
2019-04-13 18:00,1002183561,194022737.4096,194.0227374096,136.05621337890625,136.06524260261023
2019-04-13 18:15,1018025230,197089684.528,197.089684528,136.78273010253906,135.89098872587974
2019-04-13 18:30,937659323,181530844.9328,181.5308449328,138.55885314941406,134.12253540045003
2019-04-13 18:45,913781821,176908160.5456,176.9081605456,139.47674560546875,132.94182472510678
2019-04-13 19:00,974135006,188592537.1616,188.5925371616,139.472900390625,132.3924644018924
2019-04-13 19:15,969817750,187756716.4,187.7567164,139.8424072265625,131.53887636672832
2019-04-13 19:30,927306871,179526610.2256,179.5266102256,140.2714385986328,130.68704585052674
2019-04-13 19:45,913840718,176919563.0048,176.91956300479998,139.9957733154297,130.1702762984087
2019-04-13 20:00,822055960,159150033.856,159.150033856,139.16891479492188,129.54035319322253
2019-04-13 20:15,820164579,158783862.4944,158.78386249439998,136.70530700683594,129.0776538889169
2019-04-13 20:30,806765488,156189798.4768,156.1897984768,133.60504150390625,128.809213509398
2019-04-13 20:45,873389454,169088198.2944,169.0881982944,130.28138732910156,128.382336923811
2019-04-13 21:00,960904413,186031094.3568,186.0310943568,128.21388244628906,128.3567290468475
2019-04-13 21:15,907760364,175742406.4704,175.7424064704,128.40293884277344,128.28303120471577
2019-04-13 21:30,881748396,170706489.46559998,170.7064894656,129.02597045898438,128.30123155209242
2019-04-13 21:45,969889939,187770692.1904,187.7706921904,129.49996948242188,128.6021211575563
2019-04-13 22:00,921237791,178351636.3376,178.35163633759998,131.18966674804688,128.6383567162997
2019-04-13 22:15,897612219,173777725.5984,173.7777255984,132.59393310546875,128.06168997430572
2019-04-13 22:30,915780979,177295197.5344,177.2951975344,133.3511962890625,127.74683458057613
2019-04-13 22:45,1046012132,202507948.7552,202.5079487552,133.92556762695312,127.86885829646167
2019-04-13 23:00,984387339,190577388.8304,190.5773888304,136.31442260742188,127.93868723779006
2019-04-13 23:15,851691576,164887489.1136,164.8874891136,138.43463134765625,127.92512249411986
2019-04-13 23:30,850857910,164726091.376,164.726091376,138.1458740234375,127.9266912862139
2019-04-13 23:45,862409891,166962554.8976,166.9625548976,136.61257934570312,127.9303006875731
2019-04-14 00:00,728274063,140993858.5968,140.9938585968,134.66970825195312,127.9303006875731
2019-04-14 00:15,672804054,130254864.8544,130.25486485439998,130.66407775878906,127.9303006875731
2019-04-14 00:30,624435372,120890688.0192,120.8906880192,125.21874237060547,127.9303006875731
2019-04-14 00:45,586528285,113551875.976,113.551875976,118.8791732788086,127.9303006875731
2019-04-14 01:00,486278854,94143586.1344,94.1435861344,112.14601135253906,127.9303006875731
2019-04-14 01:15,413322871,80019307.8256,80.0193078256,104.16999816894531,127.9303006875731
2019-04-14 01:30,392067810,75904328.016,75.90432801600001,95.4609146118164,127.9303006875731
2019-04-14 01:45,340492165,65919283.144,65.919283144,87.32108306884766,127.92972271153845
2019-04-14 02:00,291690215,56471225.624,56.471225624,79.65180969238281,127.93419317923498
2019-04-14 02:15,308746691,59773359.3776,59.7733593776,72.49703979492188,127.93342647633189
2019-04-14 02:30,243441046,47130186.5056,47.1301865056,66.69011688232422,127.93087866360774
2019-04-14 02:45,237244334,45930503.0624,45.9305030624,61.591209411621094,127.89119883951504
2019-04-14 03:00,242355930,46920108.048,46.920108048,57.52705764770508,127.84832245408789
2019-04-14 03:15,232737359,45057952.7024,45.0579527024,54.68517303466797,127.81330182456018
2019-04-14 03:30,233428435,45191745.016,45.191745016,52.957088470458984,127.78356554734921
2019-04-14 03:45,162870056,31531642.8416,31.5316428416,52.26677322387695,127.7807228488931
2019-04-14 04:00,201678190,39044897.584,39.044897584,51.378719329833984,127.7309225464795
2019-04-14 04:15,161075288,31184175.7568,31.1841757568,51.202816009521484,127.67337264702996
2019-04-14 04:30,127414817,24667508.5712,24.6675085712,50.978885650634766,127.61838235573384
2019-04-14 04:45,119977263,23227598.1168,23.2275981168,50.5390739440918,127.62545961330092
2019-04-14 05:00,101119737,19576781.0832,19.5767810832,50.28811264038086,127.75479649533908
2019-04-14 05:15,98851871,19137722.2256,19.1377222256,50.22421646118164,127.95997798763767
2019-04-14 05:30,96953696,18770235.5456,18.7702355456,51.03815460205078,128.07993750339946
2019-04-14 05:45,78490628,15195785.5808,15.1957855808,52.53129959106445,128.35576182164667
2019-04-14 06:00,119217836,23080573.0496,23.0805730496,54.29356002807617,128.28546106314712
2019-04-14 06:15,72867275,14107104.44,14.10710444,56.72383499145508,128.46666244772263
2019-04-14 06:30,86635169,16772568.7184,16.7725687184,59.14126968383789,128.7234017613973
2019-04-14 06:45,103472679,20032310.6544,20.0323106544,61.55781555175781,128.8519601451031
2019-04-14 07:00,144998812,28071770.0032,28.0717700032,64.1846694946289,128.82253054905337
2019-04-14 07:15,150246781,29087776.8016,29.0877768016,67.18316650390625,128.8540361406561
2019-04-14 07:30,211824183,41009161.8288,41.0091618288,70.29978942871094,128.86368480180587
2019-04-14 07:45,257049599,49764802.3664,49.7648023664,73.75334167480469,128.87628232027524
2019-04-14 08:00,318865752,61732409.5872,61.7324095872,77.25196838378906,128.87682491002207
2019-04-14 08:15,376803529,72949163.2144,72.94916321439999,80.95616149902344,128.87682491002207
2019-04-14 08:30,447369503,86610735.7808,86.6107357808,85.06951141357422,128.87682491002207
2019-04-14 08:45,437346309,84670245.4224,84.6702454224,89.6221923828125,128.87682491002207
2019-04-14 09:00,480881872,93098730.4192,93.0987304192,93.63188171386719,128.87682491002207
2019-04-14 09:15,538969412,104344478.1632,104.3444781632,97.18595886230469,128.87682491002207
2019-04-14 09:30,594503734,115095922.9024,115.0959229024,100.57492065429688,128.87682491002207
2019-04-14 09:45,695531669,134654931.1184,134.6549311184,104.75629425048828,128.87682491002207
2019-04-14 10:00,643309116,124544644.8576,124.5446448576,110.62013244628906,128.87682491002207
2019-04-14 10:15,653692208,126554811.4688,126.5548114688,115.53282165527344,128.87682491002207
2019-04-14 10:30,674872627,130655340.5872,130.6553405872,119.28744506835938,128.87682491002207
2019-04-14 10:45,699689202,135459829.5072,135.4598295072,122.36396789550781,128.75330317461817
2019-04-14 11:00,869502444,168335673.1584,168.3356731584,124.84966278076172,128.29776369588456
2019-04-14 11:15,794996047,153911234.6992,153.9112346992,128.9523468017578,128.02572571043572
2019-04-14 11:30,839763545,162578222.312,162.578222312,132.29135131835938,127.3957200372446
2019-04-14 11:45,823386454,159407617.4944,159.4076174944,135.3690948486328,127.15199108206406
2019-04-14 12:00,967077520,187226207.872,187.226207872,137.583984375,127.44199350630396
2019-04-14 12:15,800675738,155010822.8768,155.0108228768,141.19479370117188,127.25751299238904
2019-04-14 12:30,860247360,166543888.896,166.543888896,142.4497528076172,126.93937846932006
2019-04-14 12:45,796101484,154125247.3024,154.1252473024,143.07943725585938,126.93937846932006
2019-04-14 13:00,783721250,151728434.0,151.728434,142.15948486328125,126.80153708277213
2019-04-14 13:15,816380128,158051192.78079998,158.0511927808,140.21389770507812,126.75343532217462
2019-04-14 13:30,815905246,157959255.6256,157.9592556256,138.27708435058594,126.47789409423011
2019-04-14 13:45,802146488,155295560.0768,155.2955600768,136.45794677734375,126.23482568308916
2019-04-14 14:00,841559372,162925894.4192,162.9258944192,134.671142578125,126.18802141971227
2019-04-14 14:15,964633894,186753121.8784,186.7531218784,133.601806640625,126.60963724384108
2019-04-14 14:30,870233588,168477222.6368,168.47722263679998,134.80267333984375,126.62676420715339
2019-04-14 14:45,911398930,176446832.848,176.446832848,135.67681884765625,126.82268628746839
2019-04-14 15:00,943797842,182719262.2112,182.7192622112,136.86773681640625,127.04408649502483
2019-04-14 15:15,902692413,174761251.1568,174.7612511568,138.50155639648438,126.97100201521557
2019-04-14 15:30,912650241,176689086.6576,176.68908665759997,139.5225830078125,127.18745993790435
2019-04-14 15:45,859836467,166464340.01119998,166.4643400112,140.18991088867188,126.88318504423754
2019-04-14 16:00,921340327,178371487.30719998,178.3714873072,139.70501708984375,126.83358526412167
2019-04-14 16:15,896065487,173478278.2832,173.47827828319998,139.52505493164062,126.58123385013857
2019-04-14 16:30,903137840,174847485.824,174.847485824,139.052734375,126.31331246950793
2019-04-14 16:45,829786617,160646689.0512,160.6466890512,138.54930114746094,126.16710812360158
2019-04-14 17:00,905662916,175336340.53759998,175.3363405376,136.95187377929688,126.35318102046908
2019-04-14 17:15,940391323,182059760.1328,182.0597601328,136.0422821044922,126.40497475043074
2019-04-14 17:30,986591072,191004031.5392,191.0040315392,136.0797576904297,126.72112764138096
2019-04-14 17:45,1002596110,194102606.896,194.102606896,137.2969970703125,126.91482038556234
2019-04-14 18:00,975133265,188785800.104,188.785800104,139.26202392578125,127.33299194434183
2019-04-14 18:15,988858754,191443054.7744,191.4430547744,140.98269653320312,127.29558863809987
2019-04-14 18:30,1002017551,193990597.8736,193.9905978736,142.5625,127.25568470085089
2019-04-14 18:45,972329519,188242994.8784,188.2429948784,144.02627563476562,127.36502833026209
2019-04-14 19:00,986789557,191042458.2352,191.0424582352,144.7439727783203,127.60968912435563
2019-04-14 19:15,1036042388,200577806.3168,200.5778063168,145.15231323242188,127.77901251164774
2019-04-14 19:30,980206828,189768041.9008,189.7680419008,146.06915283203125,127.81239357650574
2019-04-14 19:45,950407036,183998802.1696,183.9988021696,146.205322265625,127.89187117898392
2019-04-14 20:00,914057616,176961554.4576,176.9615544576,145.44236755371094,127.89233120072578
2019-04-14 20:15,872813379,168976670.1744,168.9766701744,143.6827850341797,127.90915148287684
2019-04-14 20:30,902019415,174630958.744,174.630958744,140.9115753173828,128.04282908288948
2019-04-14 20:45,957391179,185350932.2544,185.3509322544,138.33682250976562,128.3866068692098
2019-04-14 21:00,1014986462,196501379.0432,196.5013790432,136.95396423339844,128.8665157048327
2019-04-14 21:15,923067530,178705873.808,178.705873808,137.26942443847656,128.7306913366914
2019-04-14 21:30,990266109,191715518.7024,191.7155187024,137.06883239746094,129.01289698217823
2019-04-14 21:45,1015746042,196648433.7312,196.6484337312,137.72154235839844,129.50957891823506
2019-04-14 22:00,962345507,186310090.1552,186.3100901552,139.07986450195312,129.48729735232808
2019-04-14 22:15,997280790,193073560.944,193.073560944,139.8739776611328,129.77315958089125
2019-04-14 22:30,1106829684,214282226.8224,214.2822268224,140.805908203125,130.44072190090492
2019-04-14 22:45,996716558,192964325.6288,192.9643256288,143.37557983398438,130.72453172477364
2019-04-14 23:00,929289405,179910428.808,179.910428808,144.77920532226562,130.3592508708787
2019-04-14 23:15,812402704,157281163.4944,157.2811634944,144.36468505859375,129.955304599809
2019-04-14 23:30,813518337,157497150.0432,157.49715004319998,141.20372009277344,129.955304599809
2019-04-14 23:45,699130222,135351610.9792,135.35161097920002,136.9078826904297,129.955304599809
2019-04-15 00:00,638297084,123574315.4624,123.5743154624,130.72071838378906,129.9536060579929
2019-04-15 00:15,598004921,115773752.7056,115.7737527056,123.3194351196289,129.9536060579929
2019-04-15 00:30,551521499,106774562.2064,106.7745622064,115.3277587890625,129.9536060579929
2019-04-15 00:45,510168221,98768567.5856,98.7685675856,107.0009765625,129.9536060579929
2019-04-15 01:00,416603533,80654443.9888,80.6544439888,99.08704376220703,129.9536060579929
2019-04-15 01:15,383172773,74182248.8528,74.1822488528,91.02733612060547,129.9536060579929
2019-04-15 01:30,302618921,58587023.1056,58.5870231056,83.3907470703125,129.95601232556572
2019-04-15 01:45,300197500,58118236.0,58.118236,75.75426483154297,129.95844218399708
2019-04-15 02:00,321764446,62293596.7456,62.2935967456,68.91618347167969,129.958819637734
2019-04-15 02:15,270321519,52334246.0784,52.3342460784,63.88517761230469,129.96194542649278
2019-04-15 02:30,207843699,40238540.1264,40.2385401264,59.83171844482422,129.97961497955188
2019-04-15 02:45,176998214,34266854.2304,34.26685423039999,55.96083068847656,130.00788862353232
2019-04-15 03:00,150356191,29108958.5776,29.1089585776,52.399696350097656,130.06166398561277
2019-04-15 03:15,161795060,31323523.616,31.323523616,49.18742752075195,130.10654559401726
2019-04-15 03:30,127541336,24692002.6496,24.6920026496,46.96187973022461,130.2239572970549
2019-04-15 03:45,108678723,21040200.7728,21.0402007728,45.2189826965332,130.41812185840743
2019-04-15 04:00,102470614,19838310.8704,19.8383108704,43.84663391113281,130.58277425570526
2019-04-15 04:15,114307347,22129902.3792,22.1299023792,43.00165557861328,130.73836776331726
2019-04-15 04:30,88681285,17168696.776,17.168696776,43.33280563354492,130.9707141292441
2019-04-15 04:45,88000888,17036971.9168,17.0369719168,44.19403076171875,131.13088426341614
2019-04-15 05:00,96085099,18602075.1664,18.6020751664,45.94930648803711,131.23075616311675
2019-04-15 05:15,86965857,16836589.9152,16.836589915199998,48.37797546386719,131.29428634521045
2019-04-15 05:30,109800995,21257472.632,21.257472632,51.14934158325195,131.238942191036
2019-04-15 05:45,118493331,22940308.8816,22.9403088816,54.381866455078125,131.14580548145338
2019-04-15 06:00,126318751,24455310.1936,24.4553101936,57.97639846801758,130.9373802461032
2019-04-15 06:15,188421485,36478399.496,36.478399496,61.53342819213867,130.8179869109468
2019-04-15 06:30,164574522,31861627.4592,31.8616274592,65.39879608154297,130.49159558738288
2019-04-15 06:45,229246300,44382083.68,44.38208368,69.03776550292969,130.19691037771943
2019-04-15 07:00,331437173,64166236.6928,64.1662366928,72.83668518066406,129.97411830950813
2019-04-15 07:15,449655831,87053368.88159999,87.0533688816,76.93054962158203,129.90689615805027
2019-04-15 07:30,583554152,112976083.8272,112.9760838272,82.02378845214844,129.82479997027227
2019-04-15 07:45,543970171,105312625.1056,105.3126251056,88.37326049804688,129.80120911171537
2019-04-15 08:00,594464063,115088242.5968,115.0882425968,94.31753540039062,129.78995627218373
2019-04-15 08:15,589236153,114076119.2208,114.0761192208,99.99203491210938,129.7895906138761
2019-04-15 08:30,683748421,132373694.3056,132.3736943056,106.19153594970703,129.7895906138761
2019-04-15 08:45,749057181,145017470.2416,145.0174702416,112.54368591308594,129.7895906138761
2019-04-15 09:00,690011075,133586144.12,133.58614412,118.77254486083984,129.7895906138761
2019-04-15 09:15,698373527,135205114.8272,135.2051148272,123.44730377197266,129.7895906138761
2019-04-15 09:30,631009976,122163531.3536,122.1635313536,126.78504943847656,129.7895906138761
2019-04-15 09:45,652424691,126309420.1776,126.3094201776,127.78528594970703,129.7895906138761
2019-04-15 10:00,634504610,122840092.496,122.840092496,127.5256118774414,129.7895906138761
2019-04-15 10:15,652603518,126344041.0848,126.3440410848,126.1973648071289,129.7895906138761
2019-04-15 10:30,696465265,134835675.304,134.83567530399998,124.5727310180664,129.7895906138761
2019-04-15 10:45,688238015,133242879.704,133.242879704,123.57009887695312,129.7895906138761
2019-04-15 11:00,619253249,119887429.0064,119.88742900639998,122.81558990478516,129.7895906138761
2019-04-15 11:15,628765566,121729013.5776,121.7290135776,121.21115112304688,129.78240719744554
2019-04-15 11:30,640307633,123963557.7488,123.9635577488,119.40411376953125,129.78240719744554
2019-04-15 11:45,221727021,42926351.2656,42.9263512656,117.76966857910156,129.80370974272242
2019-04-15 12:00,50986805,9871045.448,9.871045448,110.4837646484375,130.36563219811833
2019-04-15 12:15,35752014,6921589.9104,6.9215899104,98.63829803466797,130.72634822088253
2019-04-15 12:30,336076327,65064376.9072,65.0643769072,85.38160705566406,130.72634822088253
2019-04-15 12:45,528700731,102356461.5216,102.3564615216,76.65987396240234,130.72600615343345
2019-04-15 13:00,700751719,135665532.79839998,135.6655327984,73.99968719482422,130.72600615343345
2019-04-15 13:15,827644163,160231909.95679998,160.2319099568,77.60344696044922,130.72600615343345
2019-04-15 13:30,761517751,147429836.5936,147.42983659360002,86.40397644042969,130.72600615343345
2019-04-15 13:45,839143201,162458123.7136,162.4581237136,96.43553924560547,130.72600615343345
2019-04-15 14:00,841835089,162979273.2304,162.9792732304,107.20490264892578,130.72600615343345
2019-04-15 14:15,759352640,147010671.104,147.010671104,117.17928314208984,130.72600615343345
2019-04-15 14:30,747063208,144631437.0688,144.6314370688,124.293701171875,130.39298579861506
2019-04-15 14:45,727124072,140771220.3392,140.7712203392,128.7224884033203,130.39078005334
2019-04-15 15:00,682055208,132045888.2688,132.04588826879998,130.71107482910156,130.268567610586
2019-04-15 15:15,726684525,140686124.04,140.68612403999998,130.35208129882812,130.02319909073574
2019-04-15 15:30,745787832,144384524.2752,144.38452427520002,129.26443481445312,129.95125876756651
2019-04-15 15:45,665966103,128931037.5408,128.9310375408,128.09169006347656,129.7950636930613
2019-04-15 16:00,751749818,145538764.76479998,145.5387647648,125.76180267333984,129.79250408490788
2019-04-15 16:15,782982045,151585323.912,151.585323912,124.31806945800781,129.56407380150148
2019-04-15 16:30,861777489,166840121.87039998,166.84012187039997,123.87859344482422,129.49627367400896
2019-04-15 16:45,846106094,163806139.79839998,163.80613979839998,125.17790985107422,129.38064308079237
2019-04-15 17:00,907045956,175604097.08159998,175.60409708159995,127.0420913696289,129.540541920091
2019-04-15 17:15,924222425,178929461.48,178.92946148,129.8953857421875,129.63530639891403
2019-04-15 17:30,1052659105,203794802.728,203.794802728,133.18711853027344,130.01498947195796
2019-04-15 17:45,1055834168,204409494.9248,204.4094949248,138.22842407226562,130.21239777636202
2019-04-15 18:00,1073540158,207837374.5888,207.8373745888,143.6246795654297,130.40002766989429
2019-04-15 18:15,1183098382,229047846.7552,229.0478467552,148.8259735107422,131.11550302363705
2019-04-15 18:30,1210738407,234398955.5952,234.3989555952,154.9237518310547,131.93628796997777
2019-04-15 18:45,1034876474,200352085.3664,200.3520853664,161.10011291503906,132.04830916183516
2019-04-15 19:00,1055029369,204253685.8384,204.2536858384,163.73898315429688,132.3372971791571
2019-04-15 19:15,948654554,183659521.6544,183.6595216544,164.3978271484375,132.17868404164983
2019-04-15 19:30,971259451,188035829.7136,188.0358297136,162.05763244628906,131.9454648139564
2019-04-15 19:45,967021273,187215318.4528,187.2153184528,158.60165405273438,131.88277210734145
2019-04-15 20:00,979414830,189614711.088,189.614711088,154.7716064453125,132.0153999141483
2019-04-15 20:15,908335340,175853721.824,175.853721824,151.25918579101562,131.98021414861068
2019-04-15 20:30,851966351,164940685.55359998,164.9406855536,147.19821166992188,131.9781263576284
2019-04-15 20:45,878415408,170061222.9888,170.06122298879998,142.43792724609375,131.9487321478665
2019-04-15 21:00,895509571,173370652.9456,173.3706529456,138.2357635498047,131.58308563566393
2019-04-15 21:15,917109558,177552410.4288,177.5524104288,135.0497589111328,131.1473742735474
2019-04-15 21:30,1057548075,204741307.32,204.74130732,133.11904907226562,131.67572693721687
2019-04-15 21:45,989924012,191649288.7232,191.6492887232,134.26177978515625,131.6657008223302
2019-04-15 22:00,996944222,193008401.3792,193.0084013792,135.9153289794922,131.5990920331948
2019-04-15 22:15,1061679050,205541064.08,205.54106408,137.8561553955078,131.98201884929028
2019-04-15 22:30,952158197,184337826.9392,184.3378269392,140.7059783935547,131.7768373569917
2019-04-15 22:45,956266136,185133123.9296,185.1331239296,141.99319458007812,131.25335620561424
2019-04-15 23:00,890738243,172446923.8448,172.44692384479998,142.3833770751953,130.75524702261472
2019-04-15 23:15,807690071,156368797.7456,156.36879774559998,141.15516662597656,130.5101733884964
2019-04-15 23:30,804170520,155687412.672,155.687412672,137.88055419921875,130.5101733884964
2019-04-15 23:45,653370037,126492439.1632,126.4924391632,133.83590698242188,130.5101733884964
2019-04-16 00:00,605777960,117278613.056,117.278613056,127.50020599365234,130.5101733884964
2019-04-16 00:15,584659809,113190139.0224,113.1901390224,120.02205657958984,130.5101733884964
2019-04-16 00:30,531674422,102932168.0992,102.9321680992,112.2073745727539,130.5101733884964
2019-04-16 00:45,490784941,95015964.5776,95.0159645776,104.04708862304688,130.5101733884964
2019-04-16 01:00,459907394,89038071.47839999,89.03807147839998,96.48162078857422,130.5101733884964
2019-04-16 01:15,376075053,72808130.2608,72.8081302608,89.64107513427734,130.5101733884964
2019-04-16 01:30,295921566,57290415.1776,57.2904151776,82.83424377441406,130.51710910091217
2019-04-16 01:45,271647318,52590920.7648,52.5909207648,75.764404296875,130.520152321666
2019-04-16 02:00,277844235,53790643.896,53.790643896,68.98365783691406,130.52207497663838
2019-04-16 02:15,239298897,46328266.4592,46.3282664592,63.38627624511719,130.54062918689337
2019-04-16 02:30,189733352,36732376.9472,36.7323769472,58.68788528442383,130.57084907670475
2019-04-16 02:45,167679116,32462676.8576,32.4626768576,54.38052749633789,130.60266134946872
2019-04-16 03:00,175684025,34012427.24,34.01242724,50.692745208740234,130.60309778035202
2019-04-16 03:15,147800884,28614251.1424,28.6142511424,48.077430725097656,130.60619997825225
2019-04-16 03:30,112096202,21701824.7072,21.7018247072,46.23516845703125,130.75544754491244
2019-04-16 03:45,144481593,27971636.4048,27.9716364048,44.657344818115234,130.71081364052282
2019-04-16 04:00,147281633,28513724.1488,28.5137241488,44.029449462890625,130.54492272315073
2019-04-16 04:15,106268332,20573549.0752,20.5735490752,44.381980895996094,130.52103697886187
2019-04-16 04:30,105989173,20519503.8928,20.5195038928,45.13895034790039,130.57671140505613
2019-04-16 04:45,82278858,15929186.9088,15.9291869088,46.365318298339844,130.62399928103343
2019-04-16 05:00,73142944,14160473.9584,14.1604739584,48.107913970947266,130.73980680568923
2019-04-16 05:15,85791146,16609165.8656,16.609165865599998,50.30826187133789,130.81065015393557
2019-04-16 05:30,85425833,16538441.2688,16.5384412688,52.79591751098633,130.82315330897075
2019-04-16 05:45,122067014,23632173.9104,23.6321739104,55.51335525512695,130.7526284373149
2019-04-16 06:00,114894341,22243544.4176,22.2435444176,58.8184700012207,130.77578286498849
2019-04-16 06:15,156098697,30220707.7392,30.2207077392,62.072940826416016,130.70265120346212
2019-04-16 06:30,232804288,45070910.1568,45.0709101568,65.54251861572266,130.68465137838322
2019-04-16 06:45,259218147,50184633.2592,50.1846332592,69.59943389892578,130.63249199011392
2019-04-16 07:00,307364790,59505823.344,59.505823344,73.85124969482422,130.61429164273727
2019-04-16 07:15,468288640,90660680.704,90.660680704,77.89676666259766,130.61429164273727
2019-04-16 07:30,486883639,94260672.5104,94.2606725104,83.12252807617188,130.61429164273727
2019-04-16 07:45,522676469,101190164.3984,101.1901643984,88.59622955322266,130.61429164273727
2019-04-16 08:00,600172526,116193401.0336,116.1934010336,93.82154846191406,130.61429164273727
2019-04-16 08:15,706516190,136781534.384,136.781534384,98.97467803955078,130.61429164273727
2019-04-16 08:30,747834800,144780817.28,144.78081728,106.37352752685547,130.61429164273727
2019-04-16 08:45,755817232,146326216.11519998,146.32621611519997,114.47988891601562,130.61429164273727
2019-04-16 09:00,655954121,126992717.8256,126.9927178256,121.63019561767578,130.61429164273727
2019-04-16 09:15,617099935,119470547.416,119.470547416,126.04436492919922,130.61429164273727
2019-04-16 09:30,702692513,136041270.5168,136.04127051679998,127.80250549316406,130.61429164273727
2019-04-16 09:45,718091546,139022523.3056,139.02252330559998,128.80079650878906,130.61429164273727
2019-04-16 10:00,709793697,137416059.7392,137.4160597392,129.32147216796875,130.61429164273727
2019-04-16 10:15,667395663,129207800.3568,129.2078003568,129.27297973632812,130.61429164273727
2019-04-16 10:30,718041775,139012887.64,139.01288763999997,128.18887329101562,130.61429164273727
2019-04-16 10:45,693920842,134343075.0112,134.3430750112,127.42118835449219,130.61429164273727
2019-04-16 11:00,699119585,135349551.656,135.349551656,126.38188171386719,130.61429164273727
2019-04-16 11:15,713690147,138170412.4592,138.1704124592,125.30838775634766,130.61429164273727
2019-04-16 11:30,775047779,150049250.0144,150.0492500144,124.47216033935547,130.61429164273727
2019-04-16 11:45,798538363,154597027.0768,154.59702707679998,124.67339324951172,130.61429164273727
2019-04-16 12:00,831700840,161017282.62399998,161.017282624,125.70536804199219,130.59804933662085
2019-04-16 12:15,875741748,169543602.41279998,169.54360241279997,127.5185317993164,129.8501365523624
2019-04-16 12:30,866241901,167704432.0336,167.7044320336,130.14158630371094,128.8944354859348
2019-04-16 12:45,919482016,178011718.2976,178.0117182976,132.71759033203125,129.138954734877
2019-04-16 13:00,981826341,190081579.6176,190.0815796176,135.7157745361328,129.65087636556157
2019-04-16 13:15,1063128204,205821620.2944,205.8216202944,139.40960693359375,130.4453339137528
2019-04-16 13:30,993020253,192248720.9808,192.2487209808,144.24685668945312,130.98016226809614
2019-04-16 13:45,923899526,178866948.2336,178.8669482336,147.98658752441406,131.1821707899188
2019-04-16 14:00,805636591,155971244.0176,155.9712440176,149.58876037597656,131.1821707899188
2019-04-16 14:15,771511578,149364641.50079998,149.3646415008,147.91839599609375,131.1821707899188
2019-04-16 14:30,794146051,153746675.4736,153.7466754736,144.056640625,131.1821707899188
2019-04-16 14:45,824898483,159700346.30879998,159.7003463088,139.66261291503906,131.1821707899188
2019-04-16 15:00,797684415,154431702.744,154.43170274399998,135.8239288330078,131.1821707899188
2019-04-16 15:15,747786350,144771437.35999998,144.77143736,132.28416442871094,131.1821707899188
2019-04-16 15:30,769306056,148937652.4416,148.9376524416,128.5723876953125,131.1821707899188
2019-04-16 15:45,707706312,137011942.0032,137.0119420032,125.50126647949219,131.1821707899188
2019-04-16 16:00,762455768,147611436.6848,147.6114366848,122.20947265625,131.1821707899188
2019-04-16 16:15,833340357,161334693.11519998,161.3346931152,119.99369049072266,131.1821707899188
2019-04-16 16:30,845388645,163667241.672,163.667241672,119.66375732421875,131.1821707899188
2019-04-16 16:45,810937887,156997574.92319998,156.99757492319998,120.6017074584961,131.1821707899188
2019-04-16 17:00,965338427,186889519.4672,186.8895194672,121.66998291015625,131.5868365821745
2019-04-16 17:15,914652987,177076818.2832,177.0768182832,125.01751708984375,131.63676663431016
2019-04-16 17:30,927738108,179610097.7088,179.6100977088,128.44541931152344,131.6521714649478
2019-04-16 17:45,1068417560,206845639.616,206.845639616,131.76138305664062,131.72044340961145
2019-04-16 18:00,1003753129,194326605.7744,194.3266057744,136.74359130859375,131.53701268890234
2019-04-16 18:15,1042940926,201913363.2736,201.9133632736,140.9969940185547,131.4637512776539
2019-04-16 18:30,1050107421,203300796.7056,203.3007967056,144.99066162109375,130.97110337841028
2019-04-16 18:45,986880826,191060127.9136,191.0601279136,148.3799591064453,130.14667364442252
2019-04-16 19:00,1059169634,205055241.1424,205.0552411424,150.0098876953125,130.22059559971055
2019-04-16 19:15,933541534,180733640.9824,180.7336409824,151.54476928710938,129.76327501115588
2019-04-16 19:30,962029492,186248909.6512,186.2489096512,150.77874755859375,129.83087461635068
2019-04-16 19:45,906037975,175408951.96,175.40895196,149.28273010253906,129.5238867739498
2019-04-16 20:00,950462011,184009445.3296,184.0094453296,146.60418701171875,129.4690026415172
2019-04-16 20:15,965888612,186996035.2832,186.9960352832,144.23231506347656,129.40757204583505
2019-04-16 20:30,870341103,168498037.5408,168.4980375408,142.48631286621094,129.2582537065992
2019-04-16 20:45,936476301,181301811.8736,181.3018118736,139.78733825683594,129.5490700154593
2019-04-16 21:00,924406499,178965098.2064,178.9650982064,137.9334259033203,129.78252515173833
2019-04-16 21:15,969845923,187762170.6928,187.7621706928,136.51893615722656,130.1527600859302
2019-04-16 21:30,893793384,173038399.1424,173.0383991424,136.21238708496094,130.0221375021007
2019-04-16 21:45,890257833,172353916.4688,172.3539164688,135.3805694580078,129.31409326880336
2019-04-16 22:00,1033051046,199998682.5056,199.9986825056,134.3495635986328,129.4620079519551
2019-04-16 22:15,901064624,174446111.2064,174.44611120640002,135.5,129.04385998403416
2019-04-16 22:30,867046375,167860178.2,167.86017819999998,135.6287078857422,128.35379198495718
2019-04-16 22:45,855014232,165530755.3152,165.5307553152,134.77113342285156,128.02865097689678
2019-04-16 23:00,783343727,151655345.5472,151.6553455472,133.24838256835938,127.62321848173801
2019-04-16 23:15,913158472,176787480.1792,176.7874801792,130.4452362060547,127.76254609237502
2019-04-16 23:30,845924066,163770899.1776,163.7708991776,129.23146057128906,127.76403231646411
2019-04-16 23:45,734774803,142252401.8608,142.2524018608,127.9762191772461,127.76403231646411
2019-04-17 00:00,634753299,122888238.6864,122.8882386864,125.2308349609375,127.76403231646411
2019-04-17 00:15,598951292,115956970.1312,115.9569701312,120.55799102783203,127.76403231646411
2019-04-17 00:30,531857544,102967620.5184,102.9676205184,114.83621978759766,127.76403231646411
2019-04-17 00:45,460713715,89194175.22399999,89.19417522399999,107.92179870605469,127.76403231646411
2019-04-17 01:00,365076597,70678829.1792,70.6788291792,99.85188293457031,127.76403231646411
2019-04-17 01:15,327326634,63370436.3424,63.3704363424,91.19470977783203,127.7643625884839
2019-04-17 01:30,267873368,51860284.0448,51.8602840448,82.5527572631836,127.77677138008482
2019-04-17 01:45,302006902,58468536.2272,58.468536227200005,74.11852264404297,127.77677138008482
2019-04-17 02:00,187187550,36239509.68,36.23950968,67.17617797851562,127.81408032289256
2019-04-17 02:15,258000073,49948814.1328,49.9488141328,60.43055725097656,127.81883388089177
2019-04-17 02:30,214742896,41574224.6656,41.5742246656,55.721561431884766,127.82683118194255
2019-04-17 02:45,187450656,36290447.0016,36.2904470016,52.22467041015625,127.8298744026964
2019-04-17 03:00,170181473,32947133.1728,32.9471331728,49.63531494140625,127.8291076997933
2019-04-17 03:15,144757178,28024989.6608,28.0249896608,47.81118392944336,127.88767200616078
2019-04-17 03:30,157246514,30442925.1104,30.4429251104,46.48423385620117,127.86482425964843
2019-04-17 03:45,117767892,22799863.8912,22.7998638912,45.88532638549805,127.83197398910796
2019-04-17 04:00,122218675,23661535.48,23.66153548,45.44856643676758,127.94498599702476
2019-04-17 04:15,138707109,26853696.3024,26.8536963024,45.600101470947266,127.97973533167907
2019-04-17 04:30,102213180,19788471.648,19.788471648,46.485191345214844,127.99887931339798
2019-04-17 04:45,106122114,20545241.2704,20.5452412704,47.81361389160156,127.99864340481241
2019-04-17 05:00,146392135,28341517.336,28.341517336,49.958160400390625,127.60632742701128
2019-04-17 05:15,120972410,23420258.576,23.420258576,52.82258224487305,127.26029671369876
2019-04-17 05:30,143130523,27710069.2528,27.7100692528,55.89188003540039,126.87767657876451
2019-04-17 05:45,130356189,25236958.1904,25.2369581904,59.152366638183594,126.57485252289894
2019-04-17 06:00,149735998,28988889.2128,28.9888892128,62.13603973388672,126.42237300861645
2019-04-17 06:15,203001787,39301145.9632,39.30114596319999,65.15019226074219,126.1426915849952
2019-04-17 06:30,263901632,51091355.9552,51.0913559552,68.46580505371094,126.03639117633784
2019-04-17 06:45,244242545,47285356.712,47.285356712,72.2420883178711,126.03216841265615
2019-04-17 07:00,389634042,75433150.53119999,75.43315053119998,75.56307983398438,126.01951191704038
2019-04-17 07:15,444175361,85992349.8896,85.99234988959999,79.71434783935547,126.00959196101721
2019-04-17 07:30,583170783,112901863.5888,112.9018635888,84.4189224243164,126.00959196101721
2019-04-17 07:45,630403776,122046171.0336,122.0461710336,90.13090515136719,126.00959196101721
2019-04-17 08:00,629563968,121883584.2048,121.8835842048,96.18295288085938,126.00959196101721
2019-04-17 08:15,651442392,126119247.0912,126.1192470912,103.29901123046875,126.00959196101721
2019-04-17 08:30,767472455,148582667.288,148.58266728799998,110.3268814086914,126.00959196101721
2019-04-17 08:45,664331979,128614671.1344,128.6146711344,117.47200012207031,126.00959196101721
2019-04-17 09:00,630051059,121977885.0224,121.9778850224,122.43753814697266,126.00959196101721
2019-04-17 09:15,611719898,118428972.2528,118.4289722528,125.1311264038086,126.00959196101721
2019-04-17 09:30,620202158,120071137.7888,120.0711377888,125.70575714111328,126.00959196101721
2019-04-17 09:45,612162315,118514624.184,118.514624184,124.99571228027344,126.00959196101721
2019-04-17 10:00,542456743,105019625.4448,105.0196254448,123.4250717163086,126.00959196101721
2019-04-17 10:15,583553459,112975949.6624,112.9759496624,120.44181060791016,126.00959196101721
2019-04-17 10:30,624130971,120831755.9856,120.8317559856,117.57205963134766,126.00959196101721
2019-04-17 10:45,673554718,130400193.4048,130.4001934048,115.59717559814453,126.00959196101721
2019-04-17 11:00,650692221,125974013.9856,125.9740139856,114.94709777832031,126.00959196101721
2019-04-17 11:15,610705037,118232495.1632,118.2324951632,114.75098419189453,126.00959196101721
2019-04-17 11:30,683712509,132366741.7424,132.3667417424,114.23490142822266,126.00959196101721
2019-04-17 11:45,743208071,143885082.5456,143.8850825456,114.60234069824219,126.00959196101721
2019-04-17 12:00,805629027,155969779.6272,155.9697796272,116.19908905029297,126.00959196101721
2019-04-17 12:15,844151279,163427687.6144,163.4276876144,119.18112182617188,126.01491169962179
2019-04-17 12:30,999873607,193575530.3152,193.5755303152,123.10714721679688,126.58270827879838
2019-04-17 12:45,890022024,172308263.8464,172.3082638464,129.38230895996094,126.69974252809914
2019-04-17 13:00,914179369,176985125.8384,176.9851258384,134.54420471191406,126.66678609869516
2019-04-17 13:15,932235825,180480855.72,180.48085572,138.83248901367188,126.4737892848412
2019-04-17 13:30,951107399,184134392.4464,184.1343924464,142.27352905273438,126.12383069357897
2019-04-17 13:45,1014842395,196473487.672,196.473487672,145.009521484375,126.18868196375186
2019-04-17 14:00,794978685,153907873.416,153.907873416,147.9026336669922,125.88183566650235
2019-04-17 14:15,802397567,155344168.9712,155.3441689712,147.11184692382812,125.88183566650235
2019-04-17 14:30,775901306,150214492.8416,150.2144928416,144.47369384765625,125.88183566650235
2019-04-17 14:45,841591843,162932180.8048,162.9321808048,140.57069396972656,125.88472554667557
2019-04-17 15:00,735459432,142384946.0352,142.3849460352,137.3209686279297,125.88472554667557
2019-04-17 15:15,737988812,142874634.0032,142.8746340032,133.13612365722656,125.88472554667557
2019-04-17 15:30,691174869,133811454.6384,133.8114546384,128.95530700683594,125.88472554667557
2019-04-17 15:45,730395975,141404660.76,141.40466075999998,124.54283905029297,125.88472554667557
2019-04-17 16:00,801226651,155117479.6336,155.1174796336,121.05722045898438,125.88472554667557
2019-04-17 16:15,814618726,157710185.3536,157.7101853536,119.50360107421875,125.88472554667557
2019-04-17 16:30,877146204,169815505.0944,169.81550509439998,119.41484069824219,125.94372628392637
2019-04-17 16:45,948330484,183596781.7024,183.5967817024,121.0862045288086,126.34543142343314
2019-04-17 17:00,1076174008,208347287.9488,208.3472879488,124.64447021484375,127.13749449948085
2019-04-17 17:15,1010194949,195573742.1264,195.5737421264,130.7791748046875,127.2764210655224
2019-04-17 17:30,993559891,192353194.8976,192.3531948976,136.62164306640625,127.59579410866561
2019-04-17 17:45,936196306,181247604.8416,181.2476048416,141.40325927734375,127.62746483627825
2019-04-17 18:00,992023035,192055659.576,192.055659576,144.0928192138672,127.41585483502291
2019-04-17 18:15,941984369,182368173.8384,182.3681738384,146.10362243652344,127.19004313691633
2019-04-17 18:30,869436990,168323001.264,168.323001264,146.61355590820312,126.51299729176276
2019-04-17 18:45,942984230,182561746.928,182.561746928,145.0835723876953,126.17753528308373
2019-04-17 19:00,892152032,172720633.39519998,172.7206333952,143.68350219726562,125.82121895544041
2019-04-17 19:15,911555614,176477166.87039998,176.47716687039997,141.653076171875,125.34983821518584
2019-04-17 19:30,913155307,176786867.4352,176.7868674352,139.78294372558594,125.28289915403066
2019-04-17 19:45,845217250,163634059.6,163.6340596,138.2114715576172,124.85630565874635
2019-04-17 20:00,908703512,175924999.92319998,175.92499992319998,135.9335479736328,124.86312341686929
2019-04-17 20:15,938546451,181702592.9136,181.7025929136,134.49473571777344,124.82641604095477
2019-04-17 20:30,850276185,164613469.416,164.61346941600002,134.10060119628906,124.38281353665094
2019-04-17 20:45,918723073,177864786.9328,177.8647869328,132.9935760498047,124.59002384278541
2019-04-17 21:00,1008859675,195315233.08,195.31523308,132.69032287597656,124.83183014299357
2019-04-17 21:15,887930115,171903270.264,171.903270264,134.20651245117188,124.66257752827714
2019-04-17 21:30,963692177,186570805.4672,186.5708054672,134.69126892089844,124.64540338324773
2019-04-17 21:45,1216511069,235516542.9584,235.5165429584,135.75621032714844,125.74349887192473
2019-04-17 22:00,1178409276,228140035.8336,228.1400358336,140.86007690429688,126.76090182890788
2019-04-17 22:15,1028529512,199123313.5232,199.1233135232,146.95213317871094,126.74828071957994
2019-04-17 22:30,1064973524,206178874.2464,206.1788742464,150.5902099609375,127.35542685082943
2019-04-17 22:45,1015713070,196642050.352,196.642050352,153.05966186523438,127.97795422185801
2019-04-17 23:00,1120862013,216998885.7168,216.9988857168,153.66673278808594,128.9076581621559
2019-04-17 23:15,1043994543,202117343.5248,202.1173435248,154.80274963378906,129.60487419137564
2019-04-17 23:30,956115882,185104034.7552,185.1040347552,154.75466918945312,129.82805550875312
2019-04-17 23:45,726840129,140716248.97439998,140.71624897439995,152.6925811767578,129.82805550875312
2019-04-18 00:00,677258286,131117204.1696,131.1172041696,146.17144775390625,129.82805550875312
2019-04-18 00:15,608154643,117738738.8848,117.7387388848,137.34925842285156,129.82805550875312
2019-04-18 00:30,565765827,109532264.1072,109.5322641072,127.15467834472656,129.82805550875312
2019-04-18 00:45,522400267,101136691.6912,101.1366916912,116.54693603515625,129.82805550875312
2019-04-18 01:00,455751581,88233506.0816,88.2335060816,105.99422454833984,129.82805550875312
2019-04-18 01:15,440661635,85312092.536,85.312092536,95.9919204711914,129.82805550875312
2019-04-18 01:30,356363749,68992021.8064,68.9920218064,87.31519317626953,129.82805550875312
2019-04-18 01:45,304246395,58902102.072,58.902102072,79.1899642944336,129.82400967651063
2019-04-18 02:00,268761501,52032226.5936,52.0322265936,71.52230834960938,129.82805550875312
2019-04-18 02:15,245722933,47571959.8288,47.5719598288,64.70775604248047,129.79613707712565
2019-04-18 02:30,217243278,42058298.6208,42.0582986208,58.89289855957031,129.81122343117278
2019-04-18 02:45,203912590,39477477.424,39.477477424,53.99028778076172,129.81995204883884
2019-04-18 03:00,173695667,33627481.1312,33.6274811312,50.21147155761719,129.83459017657339
2019-04-18 03:15,165678599,32075376.7664,32.0753767664,47.36396026611328,129.84068841351035
2019-04-18 03:30,138032330,26723059.088,26.723059088,45.38428497314453,129.87331457089454
2019-04-18 03:45,125674042,24330494.5312,24.3304945312,43.89708709716797,129.97428344551804
2019-04-18 04:00,124465848,24096588.1728,24.0965881728,42.896324157714844,129.94005310975197
2019-04-18 04:15,166306669,32196971.1184,32.1969711184,42.44478225708008,129.79850795841062
2019-04-18 04:30,152316886,29488549.1296,29.4885491296,43.142616271972656,129.7621662408037
2019-04-18 04:45,110925777,21475230.4272,21.4752304272,44.74629592895508,129.71238952924867
2019-04-18 05:00,106943833,20704326.0688,20.7043260688,46.162437438964844,129.70922835420205
2019-04-18 05:15,114734179,22212537.0544,22.2125370544,48.33083724975586,129.86400797719384
2019-04-18 05:30,119536146,23142197.8656,23.1421978656,51.018394470214844,129.87487156755927
2019-04-18 05:45,121410224,23505019.3664,23.5050193664,53.87696075439453,129.97060327158314
2019-04-18 06:00,161390744,31245248.0384,31.2452480384,56.88812255859375,129.8902292164798
2019-04-18 06:15,204891982,39667087.7152,39.6670877152,60.25217819213867,129.82813807675808
2019-04-18 06:30,250436892,48484582.2912,48.4845822912,63.9393196105957,129.81341738101858
2019-04-18 06:45,287714211,55701471.2496,55.7014712496,68.05870819091797,129.8024594272189
2019-04-18 07:00,340510371,65922807.8256,65.9228078256,72.38890075683594,129.78328005921213
2019-04-18 07:15,377394553,73063585.46079999,73.0635854608,76.71731567382812,129.78328005921213
2019-04-18 07:30,492750771,95396549.2656,95.3965492656,81.03987121582031,129.78328005921213
2019-04-18 07:45,559125776,108246750.2336,108.2467502336,85.98033905029297,129.78328005921213
2019-04-18 08:00,732819104,141873778.5344,141.87377853439995,91.27007293701172,129.78328005921213
2019-04-18 08:15,758868909,146917020.78239998,146.9170207824,98.85395812988281,129.78328005921213
2019-04-18 08:30,723088216,139989878.6176,139.9898786176,108.37126159667969,129.78328005921213
2019-04-18 08:45,737298100,142740912.16,142.74091216,116.59906005859375,129.78328005921213
2019-04-18 09:00,642263188,124342153.1968,124.3421531968,123.32427978515625,129.78328005921213
2019-04-18 09:15,708533401,137172066.4336,137.1720664336,127.05133819580078,129.78328005921213
2019-04-18 09:30,640704886,124040465.9296,124.0404659296,129.3430633544922,129.78328005921213
2019-04-18 09:45,577129624,111732295.2064,111.7322952064,129.43408203125,129.78328005921213
2019-04-18 10:00,566411120,109657192.832,109.657192832,127.2503890991211,129.78328005921213
2019-04-18 10:15,598839993,115935422.6448,115.9354226448,123.79397583007812,129.78328005921213
2019-04-18 10:30,655392248,126883939.2128,126.8839392128,120.49198150634766,129.78328005921213
2019-04-18 10:45,725026136,140365059.9296,140.3650599296,118.2819595336914,129.78328005921213
2019-04-18 11:00,699214559,135367938.6224,135.36793862239998,117.84725952148438,129.78328005921213
2019-04-18 11:15,667435511,129215514.9296,129.2155149296,118.05757141113281,129.78328005921213
2019-04-18 11:30,664350248,128618208.0128,128.61820801279998,118.1466064453125,129.78328005921213
2019-04-18 11:45,687118437,133026129.4032,133.0261294032,118.05020141601562,129.78328005921213
2019-04-18 12:00,778443000,150706564.79999998,150.7065648,118.13957214355469,129.78328005921213
2019-04-18 12:15,799242385,154733325.736,154.733325736,119.57454681396484,129.78328005921213
2019-04-18 12:30,841279423,162871696.2928,162.8716962928,121.83756256103516,129.78328005921213
2019-04-18 12:45,872842101,168982230.7536,168.9822307536,124.89351654052734,129.21089505804622
2019-04-18 13:00,780863154,151175106.6144,151.1751066144,128.4627685546875,129.16075268818355
2019-04-18 13:15,767115220,148513506.592,148.513506592,130.5020294189453,128.9561491719196
2019-04-18 13:30,881508783,170660100.3888,170.6601003888,131.19073486328125,128.62775262537838
2019-04-18 13:45,881754860,170707740.896,170.707740896,132.66949462890625,128.2247263977924
2019-04-18 14:00,872274397,168872323.2592,168.87232325920002,134.3013153076172,127.54895445900091
2019-04-18 14:15,865561414,167572689.7504,167.5726897504,135.65771484375,127.55816668926738
2019-04-18 14:30,901159638,174464505.9168,174.4645059168,136.53848266601562,127.75101016254071
2019-04-18 14:45,853851484,165305647.3024,165.3056473024,137.52108764648438,127.75559858453002
2019-04-18 15:00,744950159,144222350.78239998,144.2223507824,137.64710998535156,127.75559858453002
2019-04-18 15:15,770482739,149165458.2704,149.1654582704,135.6395263671875,127.75559858453002
2019-04-18 15:30,822870703,159307768.1008,159.30776810080002,133.0165557861328,127.75559858453002
2019-04-18 15:45,875315667,169461113.1312,169.4611131312,131.0326690673828,127.7714752323388
2019-04-18 16:00,815202042,157823115.3312,157.8231153312,130.36212158203125,127.7714752323388
2019-04-18 16:15,827344990,160173990.06399998,160.17399006399998,129.57652282714844,127.7714752323388
2019-04-18 16:30,836980043,162039336.32479998,162.0393363248,129.0101318359375,127.7714752323388
2019-04-18 16:45,900363000,174310276.79999998,174.31027679999997,128.74212646484375,127.92973450696773
2019-04-18 17:00,926648745,179399197.032,179.39919703200002,129.5836639404297,127.83295300973808
2019-04-18 17:15,987671859,191213271.9024,191.2132719024,131.3258514404297,127.55816668926738
2019-04-18 17:30,1040336846,201409213.3856,201.4092133856,134.26231384277344,127.65092594511309
2019-04-18 17:45,1000091452,193617705.1072,193.6177051072,138.3039093017578,127.66099924171688
2019-04-18 18:00,1047032210,202705435.856,202.705435856,141.84420776367188,128.0569364163065
2019-04-18 18:15,1118636077,216567944.5072,216.5679445072,145.40162658691406,128.43694976137022
2019-04-18 18:30,970250305,187840459.048,187.840459048,149.57814025878906,128.570167339641
2019-04-18 18:45,1012922662,196101827.3632,196.1018273632,151.22653198242188,129.18150084828434
2019-04-18 19:00,945291615,183008456.664,183.008456664,151.94403076171875,129.18766985779698
2019-04-18 19:15,913735795,176899249.912,176.899249912,150.8990478515625,129.35652142791793
2019-04-18 19:30,879764417,170322391.1312,170.3223911312,148.46759033203125,129.14670433191293
2019-04-18 19:45,1018435387,197169090.9232,197.1690909232,144.97808837890625,129.6551345155311
2019-04-18 20:00,957857662,185441243.3632,185.4412433632,143.39508056640625,130.09618920711077
2019-04-18 20:15,916021447,177341752.1392,177.3417521392,142.0132598876953,130.15567355696197
2019-04-18 20:30,893314266,172945641.8976,172.94564189759998,140.31964111328125,129.8605283255567
2019-04-18 20:45,839351397,162498430.4592,162.4984304592,138.29039001464844,129.8605283255567
2019-04-18 21:00,872791375,168972410.2,168.97241019999998,135.4803009033203,129.61497107883798
2019-04-18 21:15,863426719,167159412.79839998,167.15941279839998,133.0792999267578,128.9547926975526
2019-04-18 21:30,875630077,169521982.9072,169.5219829072,131.00277709960938,128.92587030496185
2019-04-18 21:45,938833922,181758247.2992,181.7582472992,129.56834411621094,128.8203719854954
2019-04-18 22:00,908803367,175944331.85119998,175.9443318512,129.6002197265625,127.53121413336612
2019-04-18 22:15,939999519,181983906.8784,181.9839068784,129.99588012695312,126.59784181456263
2019-04-18 22:30,993397646,192321784.2656,192.3217842656,131.0697479248047,126.497545279408
2019-04-18 22:45,930222373,180091051.41279998,180.09105141279997,133.2176055908203,126.12493946393114
2019-04-18 23:00,949969868,183914166.4448,183.9141664448,134.73721313476562,125.91768197607955
2019-04-18 23:15,864236237,167316135.48319998,167.3161354832,136.060791015625,125.09575287309882
2019-04-18 23:30,784452316,151869968.37759998,151.86996837759995,135.79052734375,124.45690062794885
2019-04-18 23:45,683418497,132309821.0192,132.3098210192,133.47613525390625,124.07988332192187
2019-04-19 00:00,788195430,152594635.248,152.594635248,128.77880859375,124.07988332192187
2019-04-19 00:15,770824358,149231595.7088,149.2315957088,124.88795471191406,124.07988332192187
2019-04-19 00:30,710444213,137541999.6368,137.5419996368,121.5570297241211,124.07988332192187
2019-04-19 00:45,623639148,120736539.0528,120.7365390528,118.09503936767578,124.07988332192187
2019-04-19 01:00,414636641,80273653.69759999,80.2736536976,113.7408447265625,124.07988332192187
2019-04-19 01:15,391356056,75766532.4416,75.76653244159999,105.99623107910156,124.07988332192187
2019-04-19 01:30,402422661,77909027.1696,77.9090271696,96.78274536132812,124.07988332192187
2019-04-19 01:45,322388547,62414422.6992,62.4144226992,88.45747375488281,124.0837994044423
2019-04-19 02:00,290552599,56250983.1664,56.2509831664,80.28388214111328,124.08713751092812
2019-04-19 02:15,292780139,56682234.9104,56.6822349104,72.77701568603516,124.08554512797552
2019-04-19 02:30,230819236,44686604.0896,44.6866040896,66.49267578125,124.09894473563584
2019-04-19 02:45,189111691,36612023.3776,36.6120233776,60.94739532470703,124.1261096092641
2019-04-19 03:00,156894896,30374851.8656,30.3748518656,55.968204498291016,124.20867761421323
2019-04-19 03:15,149652269,28972679.2784,28.9726792784,51.48740768432617,124.27348170266902
2019-04-19 03:30,146131965,28291148.424,28.291148424,47.94071578979492,124.34033819581924
2019-04-19 03:45,131213814,25402994.3904,25.4029943904,45.565738677978516,124.3642829172545
2019-04-19 04:00,131725200,25501998.72,25.50199872,43.990814208984375,124.34635386475125
2019-04-19 04:15,133342985,25815201.896,25.815201896,43.27806854248047,124.30531756629154
2019-04-19 04:30,120094457,23250286.8752,23.2502868752,43.54362487792969,124.49324234555576
2019-04-19 04:45,113651432,22002917.2352,22.0029172352,44.454803466796875,124.68639249999032
2019-04-19 05:00,102909854,19923347.7344,19.9233477344,45.98026657104492,124.73529634977876
2019-04-19 05:15,106089568,20538940.3648,20.5389403648,48.03586959838867,124.74360033199079
2019-04-19 05:30,113067114,21889793.2704,21.8897932704,50.75557327270508,124.74855441228773
2019-04-19 05:45,139967937,27097792.6032,27.0977926032,53.75861358642578,124.66609256620211
2019-04-19 06:00,144066370,27891249.232,27.891249232,57.1226921081543,124.55041479126838
2019-04-19 06:15,177995547,34459937.8992,34.4599378992,60.59388732910156,124.51199707810848
2019-04-19 06:30,222064280,42991644.608,42.991644608,64.18214416503906,124.5009329654453
2019-04-19 06:45,212510754,41142081.9744,41.1420819744,68.04678344726562,124.51717527156173
2019-04-19 07:00,305367246,59119098.8256,59.1190988256,71.72515106201172,124.51199707810848
2019-04-19 07:15,384549386,74448761.1296,74.4487611296,75.5009536743164,124.51074676260497
2019-04-19 07:30,420182237,81347281.0832,81.34728108319999,79.86475372314453,124.51074676260497
2019-04-19 07:45,528734701,102363038.1136,102.3630381136,84.39944458007812,124.51074676260497
2019-04-19 08:00,597475239,115671206.2704,115.6712062704,89.50078582763672,124.51074676260497
2019-04-19 08:15,707836164,137037081.3504,137.0370813504,94.93742370605469,124.51074676260497
2019-04-19 08:30,760596272,147251438.2592,147.2514382592,102.47007751464844,124.51074676260497
2019-04-19 08:45,693796680,134319037.248,134.319037248,111.42852020263672,124.51074676260497
2019-04-19 09:00,678911966,131437356.6176,131.4373566176,118.5450210571289,124.51074676260497
2019-04-19 09:15,645406673,124950731.8928,124.9507318928,123.6213150024414,124.51074676260497
2019-04-19 09:30,596007645,115387080.072,115.387080072,126.4197998046875,124.51074676260497
2019-04-19 09:45,655473407,126899651.5952,126.8996515952,126.64115142822266,124.51074676260497
2019-04-19 10:00,754731555,146116029.048,146.116029048,126.13308715820312,124.51074676260497
2019-04-19 10:15,781492160,151296882.176,151.296882176,126.52082061767578,124.51074676260497
2019-04-19 10:30,777726396,150567830.2656,150.5678302656,127.61737823486328,124.51074676260497
2019-04-19 10:45,750601092,145316371.4112,145.31637141119998,128.974365234375,124.51074676260497
2019-04-19 11:00,739623331,143191076.8816,143.1910768816,129.823486328125,124.51074676260497
2019-04-19 11:15,808652648,156555152.6528,156.5551526528,130.04014587402344,124.51074676260497
2019-04-19 11:30,765100311,148123420.2096,148.1234202096,130.7747039794922,124.51074676260497
2019-04-19 11:45,727717716,140886149.81759998,140.88614981759997,130.97625732421875,124.51074676260497
2019-04-19 12:00,716127678,138642318.4608,138.6423184608,130.24270629882812,124.51074676260497
2019-04-19 12:15,824439262,159611441.1232,159.6114411232,128.8308868408203,124.51074676260497
2019-04-19 12:30,790343839,153010567.2304,153.0105672304,128.68898010253906,124.51074676260497
2019-04-19 12:45,768370362,148756502.0832,148.75650208320002,128.68885803222656,124.50658297606968
2019-04-19 13:00,777426717,150509812.4112,150.5098124112,128.42160034179688,124.4366360804485
2019-04-19 13:15,869742506,168382149.1616,168.38214916159998,128.1206817626953,124.49008117050913
2019-04-19 13:30,777732621,150569035.4256,150.5690354256,129.12762451171875,124.49008117050913
2019-04-19 13:45,802485471,155361187.18559998,155.3611871856,129.32310485839844,124.36341005548789
2019-04-19 14:00,801848467,155237863.2112,155.2378632112,129.39854431152344,124.23704562162789
2019-04-19 14:15,896836958,173627635.0688,173.6276350688,129.32608032226562,124.35949397296744
2019-04-19 14:30,814837260,157752493.53599998,157.75249353599995,130.5270233154297,124.31435286511883
2019-04-19 14:45,802259856,155317508.1216,155.3175081216,131.01365661621094,124.11974007745374
2019-04-19 15:00,808417776,156509681.4336,156.5096814336,130.87135314941406,124.10532606287548
2019-04-19 15:15,853656836,165267963.44959998,165.2679634496,130.41586303710938,124.11974007745374
2019-04-19 15:30,890574320,172415188.352,172.415188352,130.48805236816406,124.27723264917955
2019-04-19 15:45,822267892,159191063.8912,159.1910638912,131.31024169921875,124.27723264917955
2019-04-19 16:00,837376298,162116051.2928,162.11605129280002,131.4271240234375,124.19285994355083
2019-04-19 16:15,838243920,162284022.912,162.284022912,131.34988403320312,124.19596214145106
2019-04-19 16:30,863249571,167125116.9456,167.1251169456,131.13931274414062,124.21377323966152
2019-04-19 16:45,944147323,182786921.7328,182.7869217328,131.2144317626953,124.60121770517065
2019-04-19 17:00,982741481,190258750.7216,190.2587507216,132.6132049560547,124.87960163157128
2019-04-19 17:15,969915675,187775674.68,187.77567468,135.13731384277344,125.0650611661163
2019-04-19 17:30,956977420,185270828.512,185.270828512,137.78045654296875,124.95380667716199
2019-04-19 17:45,996179885,192860425.736,192.860425736,139.9613037109375,124.84055876065962
2019-04-19 18:00,994153926,192468200.0736,192.4682000736,142.2133331298828,124.8314290983981
2019-04-19 18:15,909932018,176162838.6848,176.1628386848,144.12850952148438,124.40043590799294
2019-04-19 18:30,1013217879,196158981.3744,196.1589813744,144.3028106689453,124.16128357937242
2019-04-19 18:45,966287703,187073299.3008,187.0732993008,145.05020141601562,124.15536227387464
2019-04-19 19:00,911815056,176527394.8416,176.5273948416,145.182373046875,123.87191810831357
2019-04-19 19:15,916678209,177468901.2624,177.4689012624,144.1302490234375,123.76644337970569
2019-04-19 19:30,827697862,160242306.0832,160.24230608320002,142.5757598876953,123.4781394972819
2019-04-19 19:45,834430489,161545742.6704,161.5457426704,139.5269317626953,123.31898377002781
2019-04-19 20:00,727757422,140893836.8992,140.89383689919998,136.09295654296875,122.74275345891714
2019-04-19 20:15,790231375,152988794.2,152.9887942,131.21572875976562,122.29210908333407
2019-04-19 20:30,772532426,149562277.6736,149.5622776736,127.05828857421875,121.95859332048599
2019-04-19 20:45,871733756,168767655.1616,168.7676551616,123.47250366210938,121.8908875564277
2019-04-19 21:00,850452913,164647683.95679998,164.6476839568,122.12711334228516,121.9042989595173
2019-04-19 21:15,854016116,165337520.0576,165.3375200576,121.87791442871094,121.79930784350985
2019-04-19 21:30,795439974,153997178.9664,153.9971789664,122.37580871582031,121.70718554084517
2019-04-19 21:45,808782448,156580281.9328,156.5802819328,122.4158935546875,121.54280443842075
2019-04-19 22:00,763959775,147902612.44,147.90261243999998,122.40927124023438,121.10400267383324
2019-04-19 22:15,783624174,151709640.0864,151.7096400864,121.72491455078125,120.78944216583562
2019-04-19 22:30,782740574,151538575.1264,151.5385751264,121.04244232177734,120.36544366499257
2019-04-19 22:45,719367613,139269569.8768,139.2695698768,120.44060516357422,119.74902632633022
2019-04-19 23:00,623325693,120675854.1648,120.6758541648,119.02696990966797,119.31443552999512
2019-04-19 23:15,643051525,124494775.24,124.49477524,115.94116973876953,118.87408856417215
2019-04-19 23:30,627228449,121431427.7264,121.4314277264,112.62210845947266,118.69606015007255
2019-04-19 23:45,474091720,91784156.992,91.784156992,109.30662536621094,118.69606015007255
2019-04-20 00:00,564056523,109201342.8528,109.2013428528,104.15806579589844,118.69606015007255
2019-04-20 00:15,607895965,117688658.824,117.688658824,99.73765563964844,118.69606015007255
2019-04-20 00:30,626790153,121346573.6208,121.3465736208,97.03109741210938,118.69606015007255
2019-04-20 00:45,597769915,115728255.544,115.728255544,96.08210754394531,118.69606015007255
2019-04-20 01:00,651645634,126158594.7424,126.15859474239998,95.87291717529297,118.69606015007255
2019-04-20 01:15,595737053,115334693.4608,115.3346934608,97.09099578857422,118.69606015007255
2019-04-20 01:30,561813070,108767010.352,108.767010352,98.02294158935547,118.69606015007255
2019-04-20 01:45,463585454,89750143.8944,89.7501438944,98.2478256225586,118.69606015007255
2019-04-20 02:00,425009322,82281804.7392,82.2818047392,96.78787994384766,118.68290824642708
2019-04-20 02:15,299511439,57985414.5904,57.9854145904,94.00033569335938,118.68148099948439
2019-04-20 02:30,259542883,50247502.1488,50.2475021488,88.78174591064453,118.69874950794804
2019-04-20 02:45,235223499,45539269.4064,45.5392694064,82.1986083984375,118.69352413277768
2019-04-20 03:00,208990194,40460501.5584,40.4605015584,75.35557556152344,118.6348536675467
2019-04-20 03:15,248949792,48196679.7312,48.1966797312,68.95462036132812,118.39719935844454
2019-04-20 03:30,179185177,34690250.2672,34.6902502672,64.1585693359375,118.21931248949629
2019-04-20 03:45,182791278,35388391.4208,35.3883914208,59.90858840942383,118.03215441313517
2019-04-20 04:00,207954448,40259981.1328,40.2599811328,56.61699295043945,117.64304679209776
2019-04-20 04:15,180194985,34885749.096,34.885749096,54.70652770996094,117.34970626137208
2019-04-20 04:30,149675346,28977146.9856,28.9771469856,53.605648040771484,117.21948472213802
2019-04-20 04:45,132939056,25737001.2416,25.7370012416,53.048614501953125,117.11443462898417
2019-04-20 05:00,115084368,22280333.6448,22.2803336448,52.91603088378906,117.10840716462289
2019-04-20 05:15,102046890,19756277.904,19.756277904,52.891170501708984,117.11706500971327
2019-04-20 05:30,128057750,24791980.4,24.7919804,53.652099609375,116.89902649950118
2019-04-20 05:45,101909819,19729740.9584,19.7297409584,55.2794075012207,117.01547097733801
2019-04-20 06:00,147188552,28495703.6672,28.4957036672,57.19187927246094,116.95911241624559
2019-04-20 06:15,149252292,28895243.7312,28.8952437312,59.670082092285156,116.91334615064521
2019-04-20 06:30,204136248,39520777.6128,39.5207776128,62.33539962768555,116.80551233618165
2019-04-20 06:45,188387695,36471857.752,36.471857752,65.63795471191406,116.89000299610316
2019-04-20 07:00,185590497,35930320.2192,35.9303202192,68.91990661621094,116.98278584280743
2019-04-20 07:15,218606597,42322237.1792,42.3222371792,71.90364837646484,117.05434871223977
2019-04-20 07:30,242808863,47007795.8768,47.0077958768,74.651123046875,117.10742814399278
2019-04-20 07:45,333303747,64527605.4192,64.5276054192,77.2747802734375,117.11472951471613
2019-04-20 08:00,353229020,68385138.272,68.385138272,80.48323059082031,117.12128777339495
2019-04-20 08:15,477946677,92530476.6672,92.5304766672,83.8336181640625,117.12128777339495
2019-04-20 08:30,536155723,103799747.9728,103.7997479728,87.94490814208984,117.12128777339495
2019-04-20 08:45,546770423,105854753.8928,105.8547538928,92.5794906616211,117.12128777339495
2019-04-20 09:00,535124163,103600037.9568,103.6000379568,96.97068786621094,117.12128777339495
2019-04-20 09:15,616565239,119367030.2704,119.3670302704,101.49066925048828,117.12128777339495
2019-04-20 09:30,575928219,111499703.1984,111.49970319839998,106.74575805664062,117.12128777339495
2019-04-20 09:45,656270633,127053994.5488,127.0539945488,110.73833465576172,117.12128777339495
2019-04-20 10:00,651656539,126160705.9504,126.1607059504,114.50028228759766,117.12128777339495
2019-04-20 10:15,728244600,140988154.56,140.98815456,117.7616958618164,117.12128777339495
2019-04-20 10:30,692201641,134010237.6976,134.0102376976,121.26668548583984,117.12128777339495
2019-04-20 10:45,684076227,132437157.5472,132.4371575472,123.84661865234375,117.12128777339495
2019-04-20 11:00,849258082,164416364.6752,164.4163646752,125.39732360839844,117.2541986705045
2019-04-20 11:15,764281758,147964948.3488,147.9649483488,128.4279327392578,117.2541986705045
2019-04-20 11:30,844261495,163449025.43199998,163.44902543199998,130.57891845703125,117.36704554241139
2019-04-20 11:45,858344350,166175466.16,166.17546615999998,133.15988159179688,117.53728897318722
2019-04-20 12:00,749613985,145125267.496,145.125267496,135.7922821044922,117.53728897318722
2019-04-20 12:15,758194776,146786508.6336,146.7865086336,136.39608764648438,117.53728897318722
2019-04-20 12:30,747463366,144708907.6576,144.70890765759998,135.8671112060547,117.51245959455608
2019-04-20 12:45,725701027,140495718.8272,140.4957188272,134.46600341796875,117.51245959455608
2019-04-20 13:00,699096566,135345095.1776,135.3450951776,132.31753540039062,117.51245959455608
2019-04-20 13:15,757848596,146719488.18559998,146.71948818559997,129.54115295410156,117.51245959455608
2019-04-20 13:30,794930608,153898565.7088,153.8985657088,127.50271606445312,117.30397538205953
2019-04-20 13:45,786766534,152318000.9824,152.3180009824,126.59396362304688,117.30397538205953
2019-04-20 14:00,748670299,144942569.88639998,144.94256988639998,126.2413101196289,117.29959927779723
2019-04-20 14:15,714646100,138355484.96,138.35548496,125.6649169921875,117.2957303769939
2019-04-20 14:30,689642264,133514742.3104,133.51474231039998,124.50040435791016,116.96345313422006
2019-04-20 14:45,748974749,145001511.4064,145.0015114064,122.72901153564453,116.9505135483016
2019-04-20 15:00,818148186,158393488.8096,158.3934888096,121.65637969970703,116.95921857510909
2019-04-20 15:15,853643173,165265318.2928,165.2653182928,122.0401382446289,117.14132820773904
2019-04-20 15:30,767756947,148637744.93919998,148.6377449392,123.69085693359375,116.95090279746779
2019-04-20 15:45,716510439,138716420.9904,138.7164209904,124.60134887695312,116.63493863338603
2019-04-20 16:00,760801485,147291167.496,147.291167496,124.24519348144531,116.61089954851656
2019-04-20 16:15,692978961,134160726.8496,134.1607268496,123.83763885498047,116.50398577753671
2019-04-20 16:30,666897738,129111402.0768,129.1114020768,122.3912582397461,116.3842503749312
2019-04-20 16:45,664420839,128631874.4304,128.6318744304,120.15335083007812,116.13733665384548
2019-04-20 17:00,677734894,131209475.4784,131.20947547839998,117.65904235839844,115.5971177883219
2019-04-20 17:15,660783686,127927721.6096,127.9277216096,115.48126220703125,114.97208978628628
2019-04-20 17:30,785968618,152163524.4448,152.16352444479998,113.47793579101562,114.3254761486711
2019-04-20 17:45,698229376,135177207.1936,135.1772071936,113.62127685546875,113.72401541433382
2019-04-20 18:00,765265924,148155482.88639998,148.1554828864,113.67998504638672,113.0366013868445
2019-04-20 18:15,871207795,168665829.112,168.66582911199998,114.69445037841797,112.6787870396828
2019-04-20 18:30,795069700,153925493.92,153.92549391999998,117.67889404296875,112.21670109769966
2019-04-20 18:45,767937695,148672737.752,148.67273775200002,120.3022232055664,111.48105555989076
2019-04-20 19:00,781422531,151283402.0016,151.2834020016,122.0606460571289,110.90436522703821
2019-04-20 19:15,758035239,146755622.2704,146.75562227039998,123.31391143798828,110.45889904490839
2019-04-20 19:30,773397999,149729852.60639998,149.7298526064,123.75344848632812,110.00692178581687
2019-04-20 19:45,718899019,139178850.0784,139.1788500784,123.89496612548828,109.80322651760737
2019-04-20 20:00,630531761,122070948.9296,122.0709489296,123.0217514038086,109.58870304532026
2019-04-20 20:15,694693768,134492713.4848,134.49271348480002,120.38066864013672,109.58870304532026
2019-04-20 20:30,765427698,148186802.3328,148.1868023328,117.9947509765625,109.54533125186342
2019-04-20 20:45,838068950,162250148.72,162.25014872,117.0103530883789,109.76689659542976
2019-04-20 21:00,874391594,169282212.5984,169.2822125984,117.97158813476562,109.7742569432995
2019-04-20 21:15,844342851,163464775.9536,163.4647759536,120.47085571289062,109.75564375589812
2019-04-20 21:30,905997993,175401211.4448,175.4012114448,123.13720703125,109.9108008326268
2019-04-20 21:45,879733786,170316460.9696,170.3164609696,126.53002166748047,110.26027581128862
2019-04-20 22:00,788533686,152660121.6096,152.6601216096,129.49510192871094,110.14000961436558
2019-04-20 22:15,767877020,148660991.072,148.660991072,130.52215576171875,110.1408234989858
2019-04-20 22:30,794313701,153779132.5136,153.7791325136,130.02212524414062,110.17843912295477
2019-04-20 22:45,845494428,163687721.2608,163.6877212608,129.07574462890625,110.44854265800191
2019-04-20 23:00,669143199,129546123.3264,129.5461233264,128.68006896972656,110.44854265800191
2019-04-20 23:15,702638938,136030898.39679998,136.03089839679998,126.0099105834961,110.44854265800191
2019-04-20 23:30,787015933,152366284.6288,152.3662846288,122.90724182128906,110.46788716201857
2019-04-20 23:45,730312362,141388473.2832,141.3884732832,121.1126937866211,110.46788716201857
2019-04-21 00:00,686960125,132995480.2,132.9954802,119.39527130126953,110.46788716201857
2019-04-21 00:15,663740985,128500254.696,128.50025469599998,117.32097625732422,110.46788716201857
2019-04-21 00:30,629342261,121840661.7296,121.8406617296,114.97196960449219,110.46788716201857
2019-04-21 00:45,597946489,115762440.2704,115.7624402704,112.25447082519531,110.46788716201857
2019-04-21 01:00,540717764,104682959.1104,104.6829591104,109.18736267089844,110.46788716201857
2019-04-21 01:15,496139063,96052522.5968,96.0525225968,105.50070190429688,110.46788716201857
2019-04-21 01:30,487678978,94414650.1408,94.4146501408,101.28075408935547,110.46788716201857
2019-04-21 01:45,417398040,80808260.544,80.808260544,97.15172576904297,110.46824102489693
2019-04-21 02:00,431723289,83581628.75039999,83.58162875039999,92.40663146972656,110.46824102489693
2019-04-21 02:15,409823071,79341746.5456,79.3417465456,88.0026626586914,110.47369051322357
2019-04-21 02:30,415758051,80490758.6736,80.4907586736,84.18107604980469,110.44617177671695
2019-04-21 02:45,317977550,61560453.68,61.56045368,81.32047271728516,110.4006178288436
2019-04-21 03:00,282573681,54706264.6416,54.7062646416,77.92913055419922,110.32401831110936
2019-04-21 03:15,199733860,38668475.296,38.668475296,74.206787109375,110.36582131247216
2019-04-21 03:30,161680117,31301270.6512,31.3012706512,69.57976531982422,110.79209633116596
2019-04-21 03:45,135356544,26205026.9184,26.2050269184,64.60572814941406,111.13638132094526
2019-04-21 04:00,147948130,28642757.968,28.642757968,59.65945816040039,111.3809359561753
2019-04-21 04:15,128956447,24965968.1392,24.9659681392,55.54059600830078,111.97228800762096
2019-04-21 04:30,107430633,20798570.5488,20.7985705488,52.23392868041992,112.5583910930377
2019-04-21 04:45,106997770,20714768.272,20.714768272,49.957393646240234,112.94398367615013
2019-04-21 05:00,90314902,17484965.0272,17.484965027199998,48.6806755065918,113.35035980565118
2019-04-21 05:15,92958120,17996692.031999998,17.996692032,48.452754974365234,113.50202543531344
2019-04-21 05:30,105933532,20508731.7952,20.5087317952,49.42538070678711,113.48922739454633
2019-04-21 05:45,102204287,19786749.9632,19.7867499632,51.387351989746094,113.71272718851434
2019-04-21 06:00,96070321,18599214.1456,18.5992141456,53.964332580566406,113.75824575009986
2019-04-21 06:15,99973240,19354819.264,19.354819264,56.81912612915039,114.2027211161703
2019-04-21 06:30,88016910,17040073.776,17.040073776,59.800071716308594,114.7545348886746
2019-04-21 06:45,127952082,24771523.0752,24.7715230752,62.568111419677734,115.27722574629041
2019-04-21 07:00,134571998,26053138.8128,26.0531388128,65.57084655761719,115.63506368431065
2019-04-21 07:15,148322799,28715293.8864,28.7152938864,68.62342834472656,115.83989131373089
2019-04-21 07:30,156539044,30305958.9184,30.3059589184,71.6525650024414,116.12299341184288
2019-04-21 07:45,204969563,39682107.3968,39.6821073968,74.45956420898438,116.18628768535103
2019-04-21 08:00,316119657,61200765.5952,61.2007655952,77.23637390136719,116.18949604211477
2019-04-21 08:15,335351171,64923986.7056,64.9239867056,80.60394287109375,116.19424960011398
2019-04-21 08:30,466141865,90245065.064,90.245065064,84.11646270751953,116.19424960011398
2019-04-21 08:45,448367781,86804002.4016,86.8040024016,88.76986694335938,116.19424960011398
2019-04-21 09:00,439985697,85181230.9392,85.1812309392,93.14417266845703,116.19424960011398
2019-04-21 09:15,492417663,95332059.5568,95.3320595568,96.6695556640625,116.19424960011398
2019-04-21 09:30,529347524,102481680.6464,102.4816806464,99.75320434570312,116.19424960011398
2019-04-21 09:45,574320025,111188356.84,111.18835684,102.55487823486328,116.19424960011398
2019-04-21 10:00,596738225,115528520.36,115.52852036,106.18412780761719,116.19424960011398
2019-04-21 10:15,587109900,113664476.64,113.66447664,110.05558776855469,116.19424960011398
2019-04-21 10:30,643733626,124626829.9936,124.6268299936,113.02485656738281,116.19424960011398
2019-04-21 10:45,631493633,122257167.3488,122.2571673488,115.7874984741211,116.19424960011398
2019-04-21 11:00,760978330,147325404.688,147.325404688,118.07149505615234,116.19424960011398
2019-04-21 11:15,841794971,162971506.3856,162.9715063856,121.46544647216797,116.15859201740524
2019-04-21 11:30,757967198,146742449.5328,146.74244953279998,126.07704162597656,116.15859201740524
2019-04-21 11:45,678234930,131306282.448,131.306282448,129.5528106689453,116.00109944567942
2019-04-21 12:00,726656739,140680744.6704,140.6807446704,130.75033569335938,115.78011207814771
2019-04-21 12:15,739451593,143157828.4048,143.1578284048,131.09988403320312,115.78011207814771
2019-04-21 12:30,675536013,130783772.1168,130.7837721168,131.08351135253906,115.78011207814771
2019-04-21 12:45,795686148,154044838.2528,154.0448382528,129.8104705810547,115.78669392768509
2019-04-21 13:00,653777121,126571250.6256,126.5712506256,129.59109497070312,115.78669392768509
2019-04-21 13:15,674150411,130515519.5696,130.5155195696,127.81397247314453,115.78669392768509
2019-04-21 13:30,754592956,146089196.2816,146.0891962816,125.63618469238281,115.78669392768509
2019-04-21 13:45,779874497,150983702.6192,150.9837026192,124.55020141601562,115.78011207814771
2019-04-21 14:00,800568256,154990014.36159998,154.99001436159998,124.48006439208984,115.78753140316385
2019-04-21 14:15,710463923,137545815.4928,137.5458154928,125.24211883544922,115.78753140316385
2019-04-21 14:30,777770542,150576376.9312,150.5763769312,125.03263854980469,115.78753140316385
2019-04-21 14:45,820119420,158775119.71199998,158.775119712,125.26522064208984,115.81402393732324
2019-04-21 15:00,772076898,149474087.4528,149.4740874528,126.25362396240234,115.81402393732324
2019-04-21 15:15,810045165,156824743.944,156.824743944,126.79821014404297,115.80416295844647
2019-04-21 15:30,831858460,161047797.856,161.04779785600002,127.5690689086914,115.7021324951879
2019-04-21 15:45,795882493,154082850.6448,154.0828506448,128.6204833984375,115.70419669531162
2019-04-21 16:00,823497706,159429155.8816,159.4291558816,129.1297149658203,115.75278206850955
2019-04-21 16:15,813329848,157460658.57279998,157.4606585728,129.65997314453125,115.76486058809068
2019-04-21 16:30,789794227,152904162.3472,152.9041623472,129.93128967285156,115.7678566271274
2019-04-21 16:45,731575852,141633084.9472,141.6330849472,129.62405395507812,115.7678566271274
2019-04-21 17:00,820733403,158893986.8208,158.8939868208,128.14422607421875,115.80760722379577
2019-04-21 17:15,845281117,163646424.2512,163.6464242512,127.46434783935547,115.96530031781933
2019-04-21 17:30,705920047,136666121.0992,136.6661210992,127.59548950195312,115.96530031781933
2019-04-21 17:45,743744429,143988921.4544,143.9889214544,126.08890533447266,115.96492286408242
2019-04-21 18:00,840034419,162630663.51839998,162.63066351839998,124.41851806640625,116.1046515193149
2019-04-21 18:15,835092408,161673890.1888,161.67389018880002,124.21548461914062,116.19671484483318
2019-04-21 18:30,904316012,175075579.92319998,175.07557992319997,124.73515319824219,116.29905198925299
2019-04-21 18:45,877223463,169830462.4368,169.8304624368,126.64389038085938,116.54373637420508
2019-04-21 19:00,814561091,157699027.2176,157.6990272176,128.67816162109375,116.56004945289718
2019-04-21 19:15,831966128,161068642.3808,161.0686423808,129.63523864746094,116.63217850293488
2019-04-21 19:30,866565393,167767060.0848,167.7670600848,130.1055908203125,116.84254998411598
2019-04-21 19:45,780385707,151082672.8752,151.0826728752,130.7402801513672,116.84254998411598
2019-04-21 20:00,820634346,158874809.3856,158.8748093856,130.03590393066406,116.85630345465465
2019-04-21 20:15,836122326,161873282.3136,161.8732823136,129.29519653320312,116.94344808616381
2019-04-21 20:30,770688168,149205229.32479998,149.20522932479997,128.7775115966797,116.94344808616381
2019-04-21 20:45,754783979,146126178.3344,146.1261783344,127.4673080444336,116.94344808616381
2019-04-21 21:00,758416827,146829497.7072,146.82949770719998,125.63099670410156,116.84823538102819
2019-04-21 21:15,757748328,146700076.3008,146.7000763008,123.74542236328125,116.60613419508806
2019-04-21 21:30,757131742,146580705.2512,146.5807052512,122.03742218017578,116.4705575309616
2019-04-21 21:45,865915096,167641162.5856,167.6411625856,120.61065673828125,116.35088110550248
2019-04-21 22:00,769942259,149060821.34239998,149.06082134239998,121.10761260986328,116.11027793908072
2019-04-21 22:15,747988600,144810592.96,144.81059296,121.20026397705078,116.1080486029471
2019-04-21 22:30,766001320,148297855.552,148.297855552,120.78910827636719,116.1080486029471
2019-04-21 22:45,775626133,150161219.3488,150.16121934880002,120.41670989990234,116.1061259479747
2019-04-21 23:00,875355709,169468865.2624,169.4688652624,120.2295150756836,116.22024672624367
2019-04-21 23:15,801877622,155243507.6192,155.2435076192,121.64425659179688,116.22514182939423
2019-04-21 23:30,814779139,157741241.3104,157.7412413104,122.68993377685547,116.23549821630071
2019-04-21 23:45,732224757,141758712.9552,141.7587129552,123.65067291259766,116.23449560481204
2019-04-22 00:00,660197407,127814217.9952,127.8142179952,123.21387481689453,116.23449560481204
2019-04-22 00:15,613636961,118800115.6496,118.8001156496,121.00166320800781,116.23449560481204
2019-04-22 00:30,566657976,109704984.1536,109.7049841536,117.37944030761719,116.23449560481204
2019-04-22 00:45,529355875,102483297.4,102.4832974,112.69432067871094,116.23449560481204
2019-04-22 01:00,490478105,94956561.128,94.956561128,107.4339599609375,116.23449560481204
2019-04-22 01:15,425961858,82466215.7088,82.46621570880001,101.9091567993164,116.23449560481204
2019-04-22 01:30,349359679,67636033.8544,67.6360338544,95.84329223632812,116.23788089301496
2019-04-22 01:45,289650968,56076427.4048,56.0764274048,88.7183837890625,116.25777978220769
2019-04-22 02:00,260403023,50414025.2528,50.4140252528,81.28914642333984,116.2751780403934
2019-04-22 02:15,257347067,49822392.1712,49.8223921712,74.32646942138672,116.30233111859239
2019-04-22 02:30,259531040,50245209.344,50.245209344,68.33531188964844,116.32232437121935
2019-04-22 02:45,195019203,37755717.7008,37.7557177008,63.69878005981445,116.44520915344222
2019-04-22 03:00,119397774,23115409.0464,23.1154090464,59.54986572265625,116.98496799722395
2019-04-22 03:15,98147259,19001309.3424,19.0013093424,55.170406341552734,117.59680870932625
2019-04-22 03:30,119867550,23206357.68,23.20635768,51.001399993896484,117.98473678743582
2019-04-22 03:45,121446206,23511985.4816,23.5119854816,47.80257034301758,118.22239109653796
2019-04-22 04:00,87493150,16938673.84,16.93867384,46.12559127807617,118.56798537896718
2019-04-22 04:15,87903330,17018084.688,17.018084688000002,45.310237884521484,118.97715702520722
2019-04-22 04:30,88706888,17173653.5168,17.1736535168,45.519744873046875,119.26066016791468
2019-04-22 04:45,79465389,15384499.3104,15.3844993104,46.81912612915039,119.46985210616793
2019-04-22 05:00,83028703,16074356.9008,16.074356900799998,48.87188720703125,119.65634963848946
2019-04-22 05:15,81914919,15858728.3184,15.8587283184,51.421173095703125,119.72242763330732
2019-04-22 05:30,107495157,20811062.3952,20.8110623952,54.29404067993164,119.61153880266065
2019-04-22 05:45,72798844,14093856.1984,14.0938561984,57.6741943359375,119.87930684271066
2019-04-22 06:00,70282473,13606686.7728,13.6066867728,60.828243255615234,120.15181664533063
2019-04-22 06:15,93993314,18197105.5904,18.1971055904,63.666099548339844,120.17467618727225
2019-04-22 06:30,88258150,17086777.84,17.08677784,66.51043701171875,120.27926625868425
2019-04-22 06:45,119618265,23158096.104,23.158096104,69.20115661621094,120.00951658651545
2019-04-22 07:00,114233528,22115611.0208,22.1156110208,71.96855163574219,120.11408306706888
2019-04-22 07:15,181489304,35136329.2544,35.1363292544,74.5511474609375,119.88253879033296
2019-04-22 07:30,225226672,43603883.6992,43.6038836992,77.32707214355469,119.66097344676662
2019-04-22 07:45,212579440,41155379.584,41.155379584,80.25775909423828,119.49339578300771
2019-04-22 08:00,244349170,47305999.312,47.305999312,82.98623657226562,119.4525246205579
2019-04-22 08:15,329073650,63708658.64,63.70865864,85.55560302734375,119.44930446836489
2019-04-22 08:30,418896426,81098348.0736,81.0983480736,88.3554916381836,119.44203848392937
2019-04-22 08:45,492936434,95432493.6224,95.4324936224,91.8648452758789,119.44203848392937
2019-04-22 09:00,504380198,97648006.3328,97.6480063328,95.99359893798828,119.44203848392937
2019-04-22 09:15,573780945,111083990.952,111.083990952,99.8670654296875,119.44203848392937
2019-04-22 09:30,480702009,93063908.9424,93.0639089424,103.63156127929688,119.44203848392937
2019-04-22 09:45,549793992,106440116.8512,106.4401168512,106.1010513305664,119.44203848392937
2019-04-22 10:00,499260330,96656799.888,96.656799888,109.01580810546875,119.44203848392937
2019-04-22 10:15,528547741,102326842.6576,102.3268426576,110.87598419189453,119.44203848392937
2019-04-22 10:30,691568623,133887685.4128,133.8876854128,111.95531463623047,119.44203848392937
2019-04-22 10:45,607836394,117677125.8784,117.6771258784,114.46932983398438,119.44203848392937
2019-04-22 11:00,625780799,121151162.6864,121.1511626864,116.34371948242188,119.44203848392937
2019-04-22 11:15,674551950,130593257.52,130.59325752,117.93502044677734,119.44203848392937
2019-04-22 11:30,644029262,124684065.1232,124.6840651232,119.65941619873047,119.389537028211
2019-04-22 11:45,752482898,145680689.0528,145.6806890528,120.71287536621094,119.389537028211
2019-04-22 12:00,745459414,144320942.5504,144.3209425504,122.7125473022461,119.389537028211
2019-04-22 12:15,657270210,127247512.656,127.247512656,124.79991149902344,119.389537028211
2019-04-22 12:30,711634572,137772453.1392,137.7724531392,125.3326644897461,119.389537028211
2019-04-22 12:45,644663215,124806798.424,124.806798424,125.70723724365234,119.389537028211
2019-04-22 13:00,586900194,113623877.5584,113.6238775584,124.8896255493164,119.389537028211
2019-04-22 13:15,711137024,137676127.8464,137.6761278464,122.56185913085938,119.389537028211
2019-04-22 13:30,731939588,141703504.2368,141.70350423679997,121.34524536132812,119.389537028211
2019-04-22 13:45,716170940,138650693.984,138.650693984,121.08248901367188,119.389537028211
2019-04-22 14:00,744484989,144132293.87039998,144.1322938704,121.11510467529297,119.389537028211
2019-04-22 14:15,819629868,158680342.4448,158.68034244479998,121.68231201171875,119.39291052098463
2019-04-22 14:30,709980648,137452253.4528,137.4522534528,123.52041625976562,119.39291052098463
2019-04-22 14:45,739250602,143118916.5472,143.1189165472,124.2020263671875,119.39291052098463
2019-04-22 15:00,748769806,144961834.4416,144.9618344416,124.57560729980469,119.389537028211
2019-04-22 15:15,879261284,170224984.5824,170.2249845824,124.77481079101562,119.60616008690967
2019-04-22 15:30,839974581,162619078.8816,162.6190788816,126.71251678466797,119.63437475374371
2019-04-22 15:45,750574244,145311173.6384,145.3111736384,128.7595672607422,119.62118746381041
2019-04-22 16:00,799641299,154810555.4864,154.8105554864,129.2861328125,119.62118746381041
2019-04-22 16:15,780006287,151009217.1632,151.0092171632,129.60755920410156,119.6162687698013
2019-04-22 16:30,807947198,156418577.5328,156.4185775328,129.38587951660156,119.6162687698013
2019-04-22 16:45,799651339,154812499.2304,154.8124992304,129.2591094970703,119.6162687698013
2019-04-22 17:00,833829526,161429396.2336,161.4293962336,129.0041046142578,119.6286893568315
2019-04-22 17:15,750255825,145249527.72,145.24952772,129.19534301757812,119.62118746381041
2019-04-22 17:30,856138552,165748423.6672,165.7484236672,128.31613159179688,119.68258267320473
2019-04-22 17:45,785703059,152112112.2224,152.1121122224,128.4976806640625,119.68258267320473
2019-04-22 18:00,889921928,172288885.2608,172.2888852608,128.13644409179688,119.9462694947244
2019-04-22 18:15,901644976,174558467.3536,174.5584673536,129.05186462402344,120.23420771884057
2019-04-22 18:30,906974197,175590204.5392,175.59020453920002,130.69723510742188,120.5375979553115
2019-04-22 18:45,986495987,190985623.0832,190.9856230832,132.6282958984375,120.78033609443266
2019-04-22 19:00,861219253,166732047.3808,166.7320473808,135.65444946289062,120.69714293173178
2019-04-22 19:15,953751828,184646353.9008,184.6463539008,136.99537658691406,121.11621094313644
2019-04-22 19:30,836899224,162023689.7664,162.0236897664,138.66258239746094,121.11977316277853
2019-04-22 19:45,903678117,174952083.4512,174.9520834512,138.43780517578125,121.25070242776928
2019-04-22 20:00,810710343,156953522.4048,156.9535224048,138.19668579101562,121.25070242776928
2019-04-22 20:15,878095185,169999227.81599998,169.99922781599997,136.47311401367188,121.41987247448077
2019-04-22 20:30,819481840,158651684.224,158.651684224,135.15423583984375,121.41088435737059
2019-04-22 20:45,991115951,191880048.1136,191.8800481136,133.2384490966797,121.91726213629431
2019-04-22 21:00,906753316,175547441.9776,175.54744197760002,133.80084228515625,122.19850055658031
2019-04-22 21:15,1014010252,196312384.7872,196.3123847872,134.34384155273438,122.75608229400179
2019-04-22 21:30,959317224,185723814.5664,185.7238145664,136.46527099609375,123.17110447316394
2019-04-22 21:45,999304963,193465440.8368,193.4654408368,138.34671020507812,123.70561435091675
2019-04-22 22:00,957349553,185342873.4608,185.3428734608,140.49407958984375,124.04718639196201
2019-04-22 22:15,1019100978,197297949.3408,197.2979493408,141.84593200683594,124.58996486563902
2019-04-22 22:30,979934096,189715240.9856,189.7152409856,143.53680419921875,125.06694843480085
2019-04-22 22:45,999685324,193539078.7264,193.5390787264,144.52572631835938,125.58730379741954
2019-04-22 23:00,941525850,182279404.56,182.27940456,145.30084228515625,125.95720845959163
2019-04-22 23:15,890458852,172392833.74719998,172.39283374719997,144.92843627929688,126.03621424489866
2019-04-22 23:30,837736959,162185875.2624,162.1858752624,143.15272521972656,126.03991800969209
2019-04-22 23:45,695222342,134595045.4112,134.59504541119998,139.98428344726562,126.03991800969209
2019-04-23 00:00,628466627,121671138.9872,121.6711389872,134.2052764892578,126.03991800969209
2019-04-23 00:15,597030534,115585111.3824,115.5851113824,126.73517608642578,126.03991800969209
2019-04-23 00:30,544894235,105491523.896,105.491523896,118.69705200195312,126.03991800969209
2019-04-23 00:45,506948053,98145143.0608,98.1451430608,110.41361999511719,126.03991800969209
2019-04-23 01:00,510724236,98876212.0896,98.8762120896,101.98658752441406,126.03991800969209
2019-04-23 01:15,471966031,91372623.6016,91.3726236016,94.86894989013672,126.03991800969209
2019-04-23 01:30,366300415,70915760.344,70.91576034399999,88.83080291748047,126.03991800969209
2019-04-23 01:45,353345738,68407734.8768,68.4077348768,82.58834838867188,126.03991800969209
2019-04-23 02:00,315361710,61054027.056,61.054027056,76.87944793701172,126.0356480642933
2019-04-23 02:15,249330031,48270294.0016,48.2702940016,71.64656066894531,126.0405195765853
2019-04-23 02:30,186700467,36145210.4112,36.1452104112,66.41522979736328,126.08904597263682
2019-04-23 02:45,190747330,36928683.088,36.928683088,60.92630386352539,126.12581232569774
2019-04-23 03:00,144747893,28023192.0848,28.0231920848,56.133079528808594,126.23863560674609
2019-04-23 03:15,169222643,32761503.6848,32.7615036848,51.67774963378906,126.02807539869653
2019-04-23 03:30,150638935,29163697.816,29.163697816,48.50650405883789,125.76030735864651
2019-04-23 03:45,153775609,29770957.9024,29.7709579024,46.42744827270508,125.58671402595562
2019-04-23 04:00,113223969,21920160.3984,21.9201603984,45.360897064208984,125.63007402398318
2019-04-23 04:15,97988077,18970491.7072,18.9704917072,44.65988540649414,125.55249548561883
2019-04-23 04:30,112595089,21798409.2304,21.7984092304,44.55768966674805,125.386911249408
2019-04-23 04:45,89339046,17296039.3056,17.296039305599997,45.135826110839844,125.37902010722073
2019-04-23 05:00,121969855,23613363.928,23.613363928,46.57146453857422,125.05551866383004
2019-04-23 05:15,103216504,19982715.1744,19.9827151744,48.884517669677734,124.89461721304275
2019-04-23 05:30,120775851,23382204.7536,23.3822047536,51.61822509765625,124.58872634556478
2019-04-23 05:45,137041698,26531272.7328,26.5312727328,54.84221267700195,124.42041736519063
2019-04-23 06:00,160259798,31026296.8928,31.0262968928,58.33066177368164,123.89305551758055
2019-04-23 06:15,204224901,39537940.8336,39.5379408336,61.95573425292969,123.21116175099354
2019-04-23 06:30,220518238,42692330.8768,42.6923308768,65.82136535644531,122.66147115575936
2019-04-23 06:45,230594893,44643171.2848,44.6431712848,69.75079345703125,122.04048898596625
2019-04-23 07:00,309383506,59896646.7616,59.8966467616,73.4268569946289,121.6195572967356
2019-04-23 07:15,426910260,82649826.336,82.64982633599999,77.08547973632812,121.12561190027135
2019-04-23 07:30,450086492,87136744.8512,87.13674485119999,81.66553497314453,121.0012998711058
2019-04-23 07:45,523073278,101266986.6208,101.2669866208,86.3778305053711,120.9546135620217
2019-04-23 08:00,598659618,115900502.0448,115.9005020448,91.3470230102539,120.89951711186208
2019-04-23 08:15,633367014,122619853.9104,122.6198539104,96.48326110839844,120.86192507875168
2019-04-23 08:30,608236417,117754570.3312,117.7545703312,103.1032485961914,120.85467088974544
2019-04-23 08:45,685921994,132794498.0384,132.7944980384,109.14299774169922,120.85467088974544
2019-04-23 09:00,682013854,132037882.1344,132.0378821344,114.69397735595703,120.85467088974544
2019-04-23 09:15,562238095,108849295.192,108.849295192,119.31381225585938,120.85467088974544
2019-04-23 09:30,560640236,108539949.6896,108.5399496896,121.19464111328125,120.85467088974544
2019-04-23 09:45,531373029,102873818.4144,102.8738184144,121.09400177001953,120.85467088974544
2019-04-23 10:00,587510749,113742081.0064,113.7420810064,119.32756042480469,120.85467088974544
2019-04-23 10:15,587110756,113664642.3616,113.6646423616,117.50907135009766,120.85467088974544
2019-04-23 10:30,567250968,109819787.4048,109.8197874048,115.7531967163086,120.85467088974544
2019-04-23 10:45,595857155,115357945.208,115.357945208,113.89317321777344,120.85467088974544
2019-04-23 11:00,649375619,125719119.8384,125.7191198384,112.56831359863281,120.85467088974544
2019-04-23 11:15,757969826,146742958.3136,146.7429583136,112.40213775634766,120.85467088974544
2019-04-23 11:30,690134624,133610063.2064,133.6100632064,114.36898803710938,120.85467088974544
2019-04-23 11:45,868894096,168217896.9856,168.2178969856,116.31430053710938,121.03091819402398
2019-04-23 12:00,852470405,165038270.408,165.038270408,120.57317352294922,121.10521760304891
2019-04-23 12:15,803272107,155513479.9152,155.5134799152,125.33610534667969,121.10521760304891
2019-04-23 12:30,842271362,163063735.6832,163.0637356832,129.0978546142578,121.12709812436044
2019-04-23 12:45,843867667,163372780.3312,163.3727803312,132.3495330810547,121.14398917908717
2019-04-23 13:00,853548328,165246956.3008,165.2469563008,134.87124633789062,121.21841833783418
2019-04-23 13:15,833797983,161423289.5088,161.4232895088,136.72642517089844,121.22328985012618
2019-04-23 13:30,1002801498,194142370.0128,194.1423700128,137.60726928710938,121.82258022547622
2019-04-23 13:45,743517514,143944990.7104,143.9449907104,140.28211975097656,121.82258022547622
2019-04-23 14:00,704132719,136320094.3984,136.32009439840002,139.62515258789062,121.82258022547622
2019-04-23 14:15,697699403,135074604.4208,135.0746044208,136.68055725097656,121.82258022547622
2019-04-23 14:30,720973604,139580489.7344,139.5804897344,132.5819549560547,121.81389878952729
2019-04-23 14:45,657959370,127380934.032,127.38093403199998,128.5655975341797,121.81389878952729
2019-04-23 15:00,689748059,133535224.2224,133.5352242224,124.07341003417969,121.81389878952729
2019-04-23 15:15,674776861,130636800.2896,130.6368002896,120.28069305419922,121.81389878952729
2019-04-23 15:30,784086226,151799093.3536,151.7990933536,117.05170440673828,121.61547607820525
2019-04-23 15:45,743567398,143954648.2528,143.95464825279998,116.10232543945312,121.6017108122373
2019-04-23 16:00,701718234,135852650.1024,135.8526501024,115.9242172241211,121.6017108122373
2019-04-23 16:15,798870581,154661344.4816,154.6613444816,115.64398193359375,121.6017108122373
2019-04-23 16:30,813521656,157497792.6016,157.4977926016,116.76042938232422,121.60213544769132
2019-04-23 16:45,849943712,164549102.6432,164.5491026432,118.71392059326172,121.63730941779966
2019-04-23 17:00,808874338,156598071.8368,156.59807183680002,121.47274780273438,121.63730941779966
2019-04-23 17:15,909253896,176031554.2656,176.0315542656,123.7415771484375,121.94754100325208
2019-04-23 17:30,828111718,160322428.6048,160.3224286048,126.96345520019531,121.95177556236305
2019-04-23 17:45,888799668,172071615.7248,172.07161572479998,129.0906982421875,122.10904402093259
2019-04-23 18:00,1025492468,198535341.8048,198.5353418048,131.26600646972656,122.78958131315257
2019-04-23 18:15,986428724,190972600.9664,190.9726009664,135.19569396972656,123.15387135098813
2019-04-23 18:30,979099084,189553582.6624,189.5535826624,139.0002899169922,123.44675185997195
2019-04-23 18:45,986553338,190996726.2368,190.9967262368,142.1835479736328,123.72859184715116
2019-04-23 19:00,978715008,189479225.5488,189.4792255488,144.7145538330078,123.69984638599959
2019-04-23 19:15,910122495,176199715.032,176.199715032,146.386962890625,123.94921355637523
2019-04-23 19:30,876536214,169697411.0304,169.69741103040002,146.26345825195312,123.62310532311402
2019-04-23 19:45,955789229,185040794.7344,185.0407947344,144.61495971679688,124.08131056886455
2019-04-23 20:00,854968788,165521957.3568,165.5219573568,143.4550018310547,123.83611898045348
2019-04-23 20:15,947507021,183437359.2656,183.4373592656,141.07102966308594,124.28142002657341
2019-04-23 20:30,907443952,175681149.1072,175.6811491072,139.69900512695312,124.42572530836593
2019-04-23 20:45,959398037,185739459.9632,185.7394599632,138.34866333007812,124.93943984430084
2019-04-23 21:00,989240133,191516889.7488,191.5168897488,137.9772491455078,124.92957886542406
2019-04-23 21:15,877765919,169935481.9184,169.9354819184,138.60797119140625,124.76695528196211
2019-04-23 21:30,969308241,187658075.4576,187.6580754576,138.0064239501953,124.62898414569212
2019-04-23 21:45,1010897947,195709842.5392,195.7098425392,138.21011352539062,124.79331806639944
2019-04-23 22:00,988215423,191318505.8928,191.3185058928,139.41256713867188,124.76136424848413
2019-04-23 22:15,1005577236,194679752.8896,194.6797528896,140.64674377441406,124.91675723379839
2019-04-23 22:30,1027562400,198936080.64,198.93608064,142.04478454589844,124.93837825566578
2019-04-23 22:45,963073568,186451042.7648,186.4510427648,143.650146484375,124.88178378598779
2019-04-23 23:00,967035032,187217982.1952,187.2179821952,144.16432189941406,124.78462483502123
2019-04-23 23:15,1000952126,193784331.5936,193.7843315936,144.0808563232422,124.97066234560089
2019-04-23 23:30,901753426,174579463.27359998,174.57946327359997,144.14691162109375,125.02627779464876
2019-04-23 23:45,628425927,121663259.4672,121.6632594672,142.7072296142578,125.01995544455552
2019-04-24 00:00,596428601,115468577.1536,115.4685771536,136.44769287109375,125.01995544455552
2019-04-24 00:15,581826790,112641666.544,112.641666544,127.91165161132812,125.01995544455552
2019-04-24 00:30,526189659,101870317.9824,101.8703179824,118.8297348022461,125.01995544455552
2019-04-24 00:45,460734409,89198181.5824,89.1981815824,109.30716705322266,125.01995544455552
2019-04-24 01:00,378786708,73333106.6688,73.3331066688,99.50740814208984,125.01995544455552
2019-04-24 01:15,442916836,85748699.4496,85.7486994496,89.8852767944336,125.01995544455552
2019-04-24 01:30,293839851,56887395.1536,56.8873951536,82.4172134399414,125.03122007951643
2019-04-24 01:45,327223615,63350491.864,63.350491864,74.88289642333984,125.0373654981705
2019-04-24 02:00,277006867,53628529.4512,53.6285294512,68.70787048339844,125.05223953449062
2019-04-24 02:15,297940242,57681230.8512,57.6812308512,63.476287841796875,125.0525816019397
2019-04-24 02:30,244263431,47289400.2416,47.2894002416,59.86375427246094,125.05458682491704
2019-04-24 02:45,222840360,43141893.696,43.141893696,56.85251235961914,125.01337359501815
2019-04-24 03:00,178535663,34564504.3568,34.5645043568,54.44387435913086,125.02897894795353
2019-04-24 03:15,120260185,23282371.816,23.282371816,52.167911529541016,125.1718333919448
2019-04-24 03:30,104375649,20207125.6464,20.2071256464,49.52783966064453,125.50843955726384
2019-04-24 03:45,101599056,19669577.2416,19.6695772416,46.94645309448242,125.8221036126363
2019-04-24 04:00,100208159,19400299.5824,19.4002995824,44.86735534667969,126.1507950449095
2019-04-24 04:15,96396510,18662364.336,18.662364336,43.50898742675781,126.28441366777574
2019-04-24 04:30,109194177,21139992.6672,21.1399926672,43.346534729003906,126.19316422687767
2019-04-24 04:45,108059501,20920319.3936,20.9203193936,44.22760009765625,126.23975617252754
2019-04-24 05:00,83755480,16215060.928,16.215060928,46.1477165222168,126.2824084447984
2019-04-24 05:15,106776489,20671928.2704,20.6719282704,48.58863830566406,126.38949914721742
2019-04-24 05:30,93703463,18140990.4368,18.1409904368,51.5460319519043,126.4693542034325
2019-04-24 05:45,106200573,20560430.9328,20.5604309328,54.70839309692383,126.55491824741836
2019-04-24 06:00,124928473,24186152.3728,24.1861523728,58.113555908203125,126.62996076848783
2019-04-24 06:15,193663685,37493289.416,37.493289416,61.54375076293945,126.58721413278275
2019-04-24 06:30,251343965,48660191.624,48.660191624,65.39716339111328,126.56348172907451
2019-04-24 06:45,225906074,43735415.9264,43.7354159264,69.75599670410156,126.55803224074786
2019-04-24 07:00,305686235,59180855.096,59.180855096,73.78801727294922,126.53918314476091
2019-04-24 07:15,401328064,77697113.1904,77.6971131904,77.67715454101562,126.533002339819
2019-04-24 07:30,446646737,86470808.2832,86.4708082832,82.21338653564453,126.533002339819
2019-04-24 07:45,540604888,104661106.3168,104.6611063168,86.9663314819336,126.533002339819
2019-04-24 08:00,580106511,112308620.5296,112.3086205296,92.0787582397461,126.533002339819
2019-04-24 08:15,712050113,137852901.8768,137.8529018768,97.18474578857422,126.533002339819
2019-04-24 08:30,708818236,137227210.4896,137.2272104896,104.39462280273438,126.533002339819
2019-04-24 08:45,662738497,128306173.0192,128.3061730192,112.252685546875,126.533002339819
2019-04-24 09:00,672157286,130129650.5696,130.1296505696,118.27167510986328,126.533002339819
2019-04-24 09:15,696986553,134936596.6608,134.9365966608,122.62556457519531,126.533002339819
2019-04-24 09:30,663549518,128463186.6848,128.4631866848,125.92417907714844,126.533002339819
2019-04-24 09:45,554289890,107310522.704,107.310522704,127.47190856933594,126.533002339819
2019-04-24 10:00,682583227,132148112.7472,132.1481127472,126.19729614257812,126.533002339819
2019-04-24 10:15,718270246,139057119.6256,139.05711962560002,125.18563079833984,126.533002339819
2019-04-24 10:30,694433229,134442273.1344,134.4422731344,124.78924560546875,126.533002339819
2019-04-24 10:45,795745576,154056343.5136,154.05634351359998,124.40070343017578,126.533002339819
2019-04-24 11:00,870579105,168544114.728,168.54411472799998,125.51448059082031,126.55301918330453
2019-04-24 11:15,772414508,149539448.7488,149.5394487488,128.2548370361328,126.55301918330453
2019-04-24 11:30,716040448,138625430.7328,138.6254307328,130.13047790527344,126.55301918330453
2019-04-24 11:45,794704518,153854794.6848,153.8547946848,130.4346160888672,126.55301918330453
2019-04-24 12:00,812394714,157279616.6304,157.2796166304,130.88095092773438,126.53723689892996
2019-04-24 12:15,833529488,161371308.8768,161.3713088768,131.4794921875,126.53238897749652
2019-04-24 12:30,800401255,154957682.968,154.957682968,132.3386993408203,126.53238897749652
2019-04-24 12:45,948385170,183607368.912,183.607368912,132.67071533203125,126.90999605498745
2019-04-24 13:00,1074790747,208079488.6192,208.0794886192,134.80384826660156,127.70413512658816
2019-04-24 13:15,954880950,184864951.92,184.86495192,139.48109436035156,128.1000723011778
2019-04-24 13:30,1055064044,204260398.9184,204.2603989184,143.1736602783203,128.87290882750162
2019-04-24 13:45,945262030,183002729.008,183.002729008,147.4133758544922,128.64091632445312
2019-04-24 14:00,890701533,172439816.7888,172.4398167888,149.61753845214844,128.7214791064249
2019-04-24 14:15,816940693,158159718.1648,158.15971816479998,149.5805206298828,128.7214791064249
2019-04-24 14:30,786705735,152306230.296,152.306230296,147.07568359375,128.7214791064249
2019-04-24 14:45,768909418,148860863.32479998,148.8608633248,142.96383666992188,128.7214791064249
2019-04-24 15:00,809592295,156737068.312,156.73706831200002,138.07278442382812,128.7214791064249
2019-04-24 15:15,825683701,159852364.5136,159.85236451359998,133.85635375976562,128.7214791064249
2019-04-24 15:30,859713265,166440488.104,166.440488104,130.68511962890625,128.7262562552827
2019-04-24 15:45,844802422,163553748.8992,163.5537488992,128.95510864257812,128.7262562552827
2019-04-24 16:00,907855568,175760837.9648,175.7608379648,127.98179626464844,128.90021524628122
2019-04-24 16:15,908705984,175925478.50239998,175.92547850239998,128.5083465576172,129.05941815525242
2019-04-24 16:30,845851389,163756828.9104,163.7568289104,129.79257202148438,129.05941815525242
2019-04-24 16:45,817224694,158214700.7584,158.2147007584,130.43280029296875,129.05941815525242
2019-04-24 17:00,881530901,170664382.4336,170.6643824336,130.2098388671875,129.07487016760717
2019-04-24 17:15,951259196,184163780.3456,184.1637803456,130.46441650390625,129.40904647449486
2019-04-24 17:30,987470232,191174236.9152,191.1742369152,131.9569091796875,129.73471827687277
2019-04-24 17:45,959836432,185824333.2352,185.8243332352,134.4917449951172,130.0937121669623
2019-04-24 18:00,945415112,183032365.6832,183.0323656832,136.88478088378906,130.37103450472787
2019-04-24 18:15,1087976041,210632161.5376,210.6321615376,138.7154998779297,130.5463027883763
2019-04-24 18:30,1047623366,202819883.6576,202.8198836576,142.15003967285156,130.72965094108048
2019-04-24 18:45,1049922413,203264979.1568,203.2649791568,145.3802947998047,130.93740383696178
2019-04-24 19:00,1035293607,200432842.3152,200.4328423152,148.15145874023438,131.08846789973083
2019-04-24 19:15,978276011,189394235.7296,189.3942357296,150.06326293945312,131.0876658105399
2019-04-24 19:30,960083717,185872207.6112,185.8722076112,150.34207153320312,131.3250134384808
2019-04-24 19:45,1015346465,196571075.624,196.571075624,149.3645477294922,131.82450268670593
2019-04-24 20:00,980602743,189844691.0448,189.8446910448,148.58766174316406,131.9065045110497
2019-04-24 20:15,884461250,171231698.0,171.231698,147.38978576660156,131.91347560975325
2019-04-24 20:30,959335215,185727297.624,185.727297624,144.6078338623047,131.95709510722494
2019-04-24 20:45,1000602490,193716642.064,193.716642064,142.44168090820312,132.43458587984574
2019-04-24 21:00,887866698,171890992.7328,171.89099273280002,141.42623901367188,132.07867059679788
2019-04-24 21:15,891919682,172675650.4352,172.6756504352,139.41163635253906,131.64288846210567
2019-04-24 21:30,929807276,180010688.6336,180.01068863359998,137.18824768066406,131.8353544816421
2019-04-24 21:45,1018262264,197135574.3104,197.1355743104,135.671875,131.9948758672038
2019-04-24 22:00,979123959,189558398.4624,189.5583984624,136.05300903320312,131.88200540443836
2019-04-24 22:15,986206638,190929605.1168,190.9296051168,136.8334197998047,131.87495173772984
2019-04-24 22:30,1043972526,202113081.0336,202.1130810336,137.8896026611328,131.99376709685163
2019-04-24 22:45,1103140791,213568057.1376,213.5680571376,139.87185668945312,132.23445283127833
2019-04-24 23:00,991659053,191985192.6608,191.9851926608,143.03611755371094,132.356736046608
2019-04-24 23:15,1090122696,211047753.9456,211.0477539456,144.72219848632812,132.74125524565608
2019-04-24 23:30,940647699,182109394.5264,182.1093945264,146.97256469726562,132.49482513717078
2019-04-24 23:45,819597813,158674136.5968,158.6741365968,146.8462677001953,132.47438365823123
2019-04-25 00:00,720358248,139461356.8128,139.46135681279998,143.59437561035156,132.47438365823123
2019-04-25 00:15,629556181,121882076.6416,121.8820766416,137.50997924804688,132.47438365823123
2019-04-25 00:30,579981083,112284337.6688,112.2843376688,129.17909240722656,132.47438365823123
2019-04-25 00:45,539061852,104362374.5472,104.3623745472,119.75814056396484,132.47438365823123
2019-04-25 01:00,519527358,100580496.5088,100.5804965088,109.80970001220703,132.47438365823123
2019-04-25 01:15,436284260,84464632.736,84.464632736,100.598388671875,132.47438365823123
2019-04-25 01:30,450037407,87127241.9952,87.1272419952,91.8105697631836,132.47438365823123
2019-04-25 01:45,320981055,62141932.248,62.141932248,84.54689025878906,132.46992498596396
2019-04-25 02:00,292162622,56562683.6192,56.5626836192,77.13821411132812,132.47438365823123
2019-04-25 02:15,277665672,53756074.0992,53.75607409919999,70.05387878417969,132.47438365823123
2019-04-25 02:30,238906671,46252331.5056,46.2523315056,63.98472595214844,132.48566008862142
2019-04-25 02:45,209000929,40462579.8544,40.462579854400005,58.69218063354492,132.49155780326063
2019-04-25 03:00,211230007,40894129.3552,40.8941293552,54.12679672241211,132.49718422302647
2019-04-25 03:15,171831790,33266634.544,33.266634544,50.762420654296875,132.49849351567636
2019-04-25 03:30,143415573,27765254.9328,27.7652549328,48.11030960083008,132.45217286489992
2019-04-25 03:45,130598500,25283869.6,25.2838696,45.9895133972168,132.3301845353022
2019-04-25 04:00,112370322,21754894.3392,21.7548943392,44.35588455200195,132.2610633197305
2019-04-25 04:15,110247196,21343857.1456,21.3438571456,43.118228912353516,132.1937468048384
2019-04-25 04:30,107187386,20751477.9296,20.7514779296,42.44154739379883,132.1066375596171
2019-04-25 04:45,115270786,22316424.1696,22.3164241696,42.61524963378906,132.07867059679788
2019-04-25 05:00,108903099,21083639.9664,21.0836399664,43.60831069946289,132.07289083645145
2019-04-25 05:15,108936923,21090188.2928,21.0901882928,45.596778869628906,131.90743634996267
2019-04-25 05:30,128991749,24972802.6064,24.9728026064,48.10154342651367,131.8006641241342
2019-04-25 05:45,172370242,33370878.8512,33.3708788512,51.24874496459961,131.51619375622587
2019-04-25 06:00,127706492,24723976.8512,24.7239768512,55.269500732421875,131.39958414237915
2019-04-25 06:15,185936181,35997244.6416,35.9972446416,58.978755950927734,131.29616181846572
2019-04-25 06:30,207539855,40179715.928,40.17971592799999,62.76567459106445,131.28467307034853
2019-04-25 06:45,283605156,54905958.2016,54.9059582016,66.63462829589844,131.27889331000208
2019-04-25 07:00,309513498,59921813.2128,59.9218132128,70.94405364990234,131.26562345206383
2019-04-25 07:15,484954518,93887194.6848,93.8871946848,75.17203521728516,131.26451468171166
2019-04-25 07:30,488612273,94595336.0528,94.5953360528,80.503662109375,131.26451468171166
2019-04-25 07:45,632291067,122411550.5712,122.4115505712,86.03661346435547,131.26451468171166
2019-04-25 08:00,815311103,157844229.5408,157.8442295408,92.32505798339844,131.26451468171166
2019-04-25 08:15,715290498,138480240.41279998,138.4802404128,102.08332061767578,131.26451468171166
2019-04-25 08:30,746579306,144537753.64159998,144.53775364159998,111.7193603515625,131.26451468171166
2019-04-25 08:45,747166891,144651510.09759998,144.65151009759998,119.89988708496094,131.26451468171166
2019-04-25 09:00,705486536,136582193.3696,136.5821933696,126.40625,131.26451468171166
2019-04-25 09:15,647558275,125367282.04,125.36728204,130.42941284179688,131.26451468171166
2019-04-25 09:30,652731838,126368883.8368,126.3688838368,131.55746459960938,131.26451468171166
2019-04-25 09:45,573801339,111087939.2304,111.0879392304,130.8604278564453,131.26451468171166
2019-04-25 10:00,599641569,116090607.7584,116.0906077584,127.95392608642578,131.26451468171166
2019-04-25 10:15,642557694,124399169.5584,124.3991695584,124.48715209960938,131.26451468171166
2019-04-25 10:30,764514502,148010007.5872,148.0100075872,121.61373901367188,131.26451468171166
2019-04-25 10:45,789244572,152797749.1392,152.7977491392,121.0105972290039,131.26451468171166
2019-04-25 11:00,832206150,161115110.64,161.11511063999998,122.03400421142578,131.26451468171166
2019-04-25 11:15,819107827,158579275.30719998,158.5792753072,124.46916961669922,131.25884108022873
2019-04-25 11:30,779645472,150939363.37919998,150.9393633792,127.17435455322266,131.25884108022873
2019-04-25 11:45,880078178,170383135.2608,170.3831352608,129.0998992919922,131.26801792420736
2019-04-25 12:00,868931415,168225121.944,168.225121944,131.76901245117188,131.27066010036572
2019-04-25 12:15,925321579,179142257.69439998,179.14225769439997,134.27281188964844,131.47291632620326
2019-04-25 12:30,984533618,190605708.4448,190.6057084448,137.15875244140625,131.97272405101887
2019-04-25 12:45,970448209,187878773.2624,187.8787732624,140.72311401367188,132.4286999606358
2019-04-25 13:00,1051933440,203654313.984,203.654313984,143.94137573242188,132.86582677426577
2019-04-25 13:15,1020081249,197487729.8064,197.4877298064,147.7801971435547,132.6702703522584
2019-04-25 13:30,1033008971,199990536.7856,199.9905367856,150.90638732910156,133.0166903147371
2019-04-25 13:45,945356764,183021069.5104,183.0210695104,153.39480590820312,132.5251747767042
2019-04-25 14:00,886099751,171548911.7936,171.54891179359998,153.7622528076172,132.2340989684
2019-04-25 14:15,909058734,175993770.9024,175.99377090239997,151.95965576171875,132.29301713764582
2019-04-25 14:30,973733888,188514880.7168,188.5148807168,149.404296875,132.74301276461858
2019-04-25 14:45,863346932,167143966.0352,167.1439660352,147.60507202148438,132.74301276461858
2019-04-25 15:00,856492093,165816869.2048,165.8168692048,144.63404846191406,132.74301276461858
2019-04-25 15:15,931072302,180255597.6672,180.2555976672,141.28599548339844,132.94117597649648
2019-04-25 15:30,841309086,162877439.0496,162.8774390496,139.18255615234375,132.94117597649648
2019-04-25 15:45,911821546,176528651.3056,176.5286513056,136.56324768066406,133.0166903147371
2019-04-25 16:00,879670183,170304147.4288,170.30414742879998,135.0713653564453,133.02375577687488
2019-04-25 16:15,901714207,174571870.4752,174.5718704752,133.82777404785156,132.99958694228334
2019-04-25 16:30,829678780,160625811.808,160.625811808,133.20654296875,132.95334885951183
2019-04-25 16:45,817317754,158232717.1744,158.2327171744,131.90196228027344,132.95334885951183
2019-04-25 17:00,856988847,165913040.7792,165.91304077919995,130.19744873046875,132.95334885951183
2019-04-25 17:15,1001367878,193864821.1808,193.8648211808,129.05113220214844,133.49940646252824
2019-04-25 17:30,1155482981,223701505.1216,223.7015051216,130.48904418945312,134.1823736131796
2019-04-25 17:45,1014100251,196329808.5936,196.3298085936,135.53465270996094,134.2957158931162
2019-04-25 18:00,1003978326,194370203.9136,194.3702039136,139.82839965820312,134.49928141160362
2019-04-25 18:15,976107115,188974337.464,188.974337464,143.15353393554688,134.64575705238337
2019-04-25 18:30,978139486,189367804.4896,189.3678044896,145.05140686035156,134.24632843072735
2019-04-25 18:45,1101396379,213230338.9744,213.2303389744,145.90818786621094,134.41377634476416
2019-04-25 19:00,1153715799,223359378.6864,223.3593786864,147.94956970214844,134.73581515492432
2019-04-25 19:15,1085940607,210238101.5152,210.2381015152,151.1039276123047,134.8923051151615
2019-04-25 19:30,949187518,183762703.4848,183.7627034848,153.43492126464844,134.76367595888001
2019-04-25 19:45,839822153,162589568.8208,162.5895688208,152.88031005859375,134.45424646261853
2019-04-25 20:00,914974602,177139082.9472,177.1390829472,149.1071319580078,133.91127926207307
2019-04-25 20:15,938795443,181750797.7648,181.7507977648,145.14068603515625,133.70556697545695
2019-04-25 20:30,892536695,172795104.15199998,172.795104152,141.78341674804688,133.71180675754525
2019-04-25 20:45,895749309,173417066.2224,173.4170662224,138.40724182128906,133.41036276690525
2019-04-25 21:00,913109249,176777950.60639998,176.77795060639997,135.49365234375,132.9307724078729
2019-04-25 21:15,856745438,165865916.7968,165.86591679679998,133.4538116455078,132.92542907840976
2019-04-25 21:30,876038836,169601118.6496,169.6011186496,131.27456665039062,132.91772666309092
2019-04-25 21:45,851443065,164839377.384,164.83937738400002,129.61476135253906,132.6866777943847
2019-04-25 22:00,923281449,178747288.5264,178.7472885264,128.07281494140625,132.26225465808764
2019-04-25 22:15,903175662,174854808.1632,174.8548081632,127.8809814453125,131.84926129276138
2019-04-25 22:30,1003782635,194332318.136,194.332318136,128.17965698242188,131.917108601971
2019-04-25 22:45,898919345,174030785.192,174.030785192,130.27532958984375,131.29484073038654
2019-04-25 23:00,948592648,183647536.6528,183.6475366528,131.525634765625,130.8305608385576
2019-04-25 23:15,868166002,168076937.9872,168.07693798719998,132.99847412109375,130.38886919379686
2019-04-25 23:30,843924997,163383879.4192,163.3838794192,133.16494750976562,129.66478317668086
2019-04-25 23:45,656414669,127081879.9184,127.0818799184,132.22943115234375,129.36688961025368
2019-04-26 00:00,766639319,148421372.1584,148.4213721584,127.98090362548828,129.36688961025368
2019-04-26 00:15,758794239,146902564.6704,146.90256467039998,124.09700775146484,129.36688961025368
2019-04-26 00:30,705705939,136624669.7904,136.6246697904,120.6690902709961,129.36688961025368
2019-04-26 00:45,626619756,121313584.7616,121.3135847616,117.1502456665039,129.36688961025368
2019-04-26 01:00,462523042,89544460.9312,89.54446093119999,112.75208282470703,129.36688961025368
2019-04-26 01:15,386116601,74752173.9536,74.7521739536,105.79000854492188,129.36688961025368
2019-04-26 01:30,330541893,63992910.4848,63.9929104848,96.98889923095703,129.36688961025368
2019-04-26 01:45,311645515,60334571.704,60.334571704,87.76998138427734,129.3725278254488
2019-04-26 02:00,301869798,58441992.8928,58.4419928928,78.99549102783203,129.37463920728962
2019-04-26 02:15,302908081,58643004.4816,58.6430044816,71.35260772705078,129.37355402779602
2019-04-26 02:30,243081308,47060541.2288,47.0605412288,65.30323791503906,129.38255394033547
2019-04-26 02:45,187540516,36307843.8976,36.3078438976,60.19874572753906,129.41233739926355
2019-04-26 03:00,197063550,38151503.28,38.15150328,55.489532470703125,129.4170673664042
2019-04-26 03:15,137977415,26712427.544,26.712427544,51.83885192871094,129.50680699235463
2019-04-26 03:30,92141489,17838592.2704,17.8385922704,48.532615661621094,129.77791313889045
2019-04-26 03:45,113960411,22062735.5696,22.0627355696,45.47688674926758,129.90401807330633
2019-04-26 04:00,94962422,18384724.8992,18.3847248992,43.2848014831543,130.07115930618193
2019-04-26 04:15,126711526,24531351.4336,24.5313514336,41.797237396240234,130.0134324752932
2019-04-26 04:30,79775868,15444608.0448,15.4446080448,41.84060287475586,130.17515960612997
2019-04-26 04:45,93209239,18045308.6704,18.0453086704,42.395652770996094,130.22783799328752
2019-04-26 05:00,90286630,17479491.568,17.479491568,44.086483001708984,130.35354188310794
2019-04-26 05:15,96627647,18707112.4592,18.7071124592,46.361732482910156,130.41606945371296
2019-04-26 05:30,112968447,21870691.3392,21.8706913392,49.167266845703125,130.39420072783074
2019-04-26 05:45,97261302,18829788.0672,18.8297880672,52.58351516723633,130.54709308213796
2019-04-26 06:00,129427917,25057244.7312,25.0572447312,56.05643844604492,130.6296492916578
2019-04-26 06:15,187957830,36388635.888,36.388635888,59.86084747314453,130.53349295217993
2019-04-26 06:30,205359483,39757595.9088,39.7575959088,63.83489227294922,130.52142622802808
2019-04-26 06:45,271122279,52489273.2144,52.4892732144,67.96615600585938,130.50595062481474
2019-04-26 07:00,307501582,59532306.2752,59.5323062752,72.4345932006836,130.50434644643286
2019-04-26 07:15,365788894,70816729.8784,70.8167298784,76.66486358642578,130.5014329754011
2019-04-26 07:30,518541272,100389590.2592,100.3895902592,81.11219787597656,130.5014329754011
2019-04-26 07:45,567411063,109850781.7968,109.8507817968,86.50208282470703,130.5014329754011
2019-04-26 08:00,614108276,118891362.2336,118.8913622336,92.26399993896484,130.5014329754011
2019-04-26 08:15,665768358,128892754.1088,128.8927541088,98.0276870727539,130.5014329754011
2019-04-26 08:30,763213077,147758051.7072,147.7580517072,105.494873046875,130.5014329754011
2019-04-26 08:45,675195772,130717901.4592,130.7179014592,113.815185546875,130.5014329754011
2019-04-26 09:00,589063773,114042746.4528,114.0427464528,119.994384765625,130.5014329754011
2019-04-26 09:15,637167729,123355672.3344,123.3556723344,123.12872314453125,130.5014329754011
2019-04-26 09:30,605245977,117175621.1472,117.1756211472,124.74346160888672,130.5014329754011
2019-04-26 09:45,641172717,124131038.0112,124.1310380112,124.60730743408203,130.5014329754011
2019-04-26 10:00,635161944,122967352.3584,122.9673523584,123.90779113769531,130.5014329754011
2019-04-26 10:15,754568290,146084420.944,146.08442094400002,122.7759780883789,130.5014329754011
2019-04-26 10:30,694313598,134419112.5728,134.4191125728,123.10752868652344,130.5014329754011
2019-04-26 10:45,708748888,137213784.7168,137.2137847168,123.31548309326172,130.5014329754011
2019-04-26 11:00,716059279,138629076.41439998,138.62907641439998,123.63880157470703,130.5014329754011
2019-04-26 11:15,771646601,149390781.9536,149.3907819536,123.9633560180664,130.5014329754011
2019-04-26 11:30,717431321,138894703.7456,138.8947037456,124.98482513427734,130.5014329754011
2019-04-26 11:45,763818275,147875218.04,147.87521804,125.40624237060547,130.5014329754011
2019-04-26 12:00,872785940,168971357.984,168.971357984,126.07508850097656,130.49764664260272
2019-04-26 12:15,850131402,164585439.4272,164.5854394272,128.28114318847656,130.48884725236098
2019-04-26 12:30,918045881,177733682.5616,177.7336825616,130.71292114257812,130.45944124716982
2019-04-26 12:45,882287674,170810893.6864,170.8108936864,133.92999267578125,130.05120143984277
2019-04-26 13:00,1051812950,203630987.12,203.63098712,136.59738159179688,130.2681783614198
2019-04-26 13:15,885006616,171337280.8576,171.3372808576,141.14674377441406,129.6997920107793
2019-04-26 13:30,954384106,184768762.9216,184.7687629216,143.54489135742188,129.5030560458441
2019-04-26 13:45,897311036,173719416.5696,173.7194165696,145.5452117919922,129.03498982121675
2019-04-26 14:00,776622346,150354086.18559998,150.35408618559998,146.0525665283203,128.74558896387006
2019-04-26 14:15,831169298,160914376.0928,160.91437609279998,143.8084716796875,128.71899027084717
2019-04-26 14:30,828282885,160355566.53599998,160.35556653599997,141.0411834716797,128.56150949455062
2019-04-26 14:45,810273158,156868883.3888,156.8688833888,138.13412475585938,128.15738629204176
2019-04-26 15:00,792650017,153457043.29119998,153.4570432912,135.15447998046875,128.14967208129366
2019-04-26 15:15,886982420,171719796.512,171.719796512,132.18116760253906,128.20541728006359
2019-04-26 15:30,986223688,190932905.9968,190.9329059968,130.93202209472656,128.37060047167896
2019-04-26 15:45,902145187,174655308.20319998,174.65530820319998,132.20567321777344,128.50147075952333
2019-04-26 16:00,991816464,192015667.4304,192.0156674304,133.46290588378906,128.7850210839479
2019-04-26 16:15,871760405,168772814.408,168.772814408,135.971923828125,128.77656376115527
2019-04-26 16:30,820619950,158872022.32,158.87202232,136.98619079589844,128.6542923412549
2019-04-26 16:45,890234222,172349345.37919998,172.34934537919997,136.3085174560547,128.71172428641165
2019-04-26 17:00,967236305,187256948.648,187.256948648,135.7550048828125,129.0729946943519
2019-04-26 17:15,959392775,185738441.24,185.73844124,136.42837524414062,129.39362984842793
2019-04-26 17:30,951376575,184186504.92,184.18650492,137.5281982421875,129.23975847349058
2019-04-26 17:45,989145692,191498605.9712,191.4986059712,138.62738037109375,128.83484497722006
2019-04-26 18:00,1038850154,201121389.8144,201.1213898144,140.1446990966797,128.90101733547215
2019-04-26 18:15,1081568691,209391698.5776,209.3916985776,142.44393920898438,129.08165253944227
2019-04-26 18:30,968121651,187428351.6336,187.4283516336,145.51319885253906,129.0579555220219
2019-04-26 18:45,1030377997,199481180.2192,199.4811802192,146.8659210205078,129.18302245866127
2019-04-26 19:00,939730327,181931791.3072,181.9317913072,148.07498168945312,128.75790339203675
2019-04-26 19:15,960391195,185931735.352,185.931735352,147.56103515625,128.2716368200328
2019-04-26 19:30,1004152769,194403976.0784,194.4039760784,146.4601593017578,128.09722960272168
2019-04-26 19:45,929525195,179956077.752,179.956077752,145.78390502929688,128.03282655886136
2019-04-26 20:00,952147830,184335819.888,184.335819888,144.1832733154297,128.33726658853806
2019-04-26 20:15,976364025,189024075.24,189.02407524,142.64720153808594,128.53769452283743
2019-04-26 20:30,1033049132,199998311.9552,199.9983119552,141.63279724121094,128.79899866764288
2019-04-26 20:45,962284262,186298233.1232,186.2982331232,141.87353515625,129.09140735945556
2019-04-26 21:00,970858704,187958245.0944,187.9582450944,141.68328857421875,129.4000465619554
2019-04-26 21:15,870015207,168434944.0752,168.43494407519998,141.4137725830078,129.24756704767293
2019-04-26 21:30,973929283,188552709.1888,188.5527091888,139.5731964111328,129.67033882387102
2019-04-26 21:45,919057429,177929518.2544,177.9295182544,138.6960906982422,129.83374090566534
2019-04-26 22:00,832933529,161255931.2144,161.2559312144,137.51568603515625,129.83374090566534
2019-04-26 22:15,955950126,185071944.3936,185.0719443936,135.049072265625,129.9551394637991
2019-04-26 22:30,885979627,171525655.7872,171.5256557872,134.04788208007812,129.88102878164264
2019-04-26 22:45,931245136,180289058.3296,180.2890583296,132.84573364257812,129.63479919545506
2019-04-26 23:00,883931103,171129061.5408,171.1290615408,132.42025756835938,129.5704787195997
2019-04-26 23:15,849747738,164511162.0768,164.5111620768,131.74899291992188,129.24461819035332
2019-04-26 23:30,837635391,162166211.6976,162.1662116976,130.5322265625,129.23823686311366
2019-04-26 23:45,754765259,146122554.1424,146.1225541424,128.99864196777344,129.23823686311366
2019-04-27 00:00,673742518,130436551.4848,130.4365514848,126.21248626708984,129.23823686311366
2019-04-27 00:15,649989127,125837894.9872,125.8378949872,121.88932037353516,129.23823686311366
2019-04-27 00:30,643781781,124636152.8016,124.6361528016,116.88633728027344,129.23823686311366
2019-04-27 00:45,610102708,118115884.2688,118.1158842688,111.81544494628906,129.23823686311366
2019-04-27 01:00,666042812,128945888.4032,128.9458884032,106.7812728881836,129.23823686311366
2019-04-27 01:15,604819574,117093069.5264,117.0930695264,103.31470489501953,129.23823686311366
2019-04-27 01:30,474290302,91822602.4672,91.8226024672,100.29161834716797,129.23823686311366
2019-04-27 01:45,403254193,78070011.7648,78.0700117648,95.90321350097656,129.23823686311366
2019-04-27 02:00,335045435,64864796.216,64.864796216,90.42437744140625,129.23553570980891
2019-04-27 02:15,300092005,58097812.168,58.097812168,83.95751953125,129.23593675440438
2019-04-27 02:30,294718952,57057589.1072,57.0575891072,77.22269439697266,129.2371752744786
2019-04-27 02:45,288607026,55874320.2336,55.8743202336,71.12646484375,129.23156065014206
2019-04-27 03:00,276539747,53538095.0192,53.5380950192,66.08009338378906,129.20247312154143
2019-04-27 03:15,252660220,48915018.592,48.915018592,62.12334060668945,129.1809228722497
2019-04-27 03:30,236615154,45808693.8144,45.8086938144,59.100189208984375,129.08923700046833
2019-04-27 03:45,205751582,39833506.2752,39.8335062752,56.875572204589844,128.75115640648949
2019-04-27 04:00,162925089,31542297.2304,31.5422972304,55.03917694091797,128.58228124550996
2019-04-27 04:15,138799864,26871653.6704,26.8716536704,53.18219757080078,128.34728090799547
2019-04-27 04:30,128570599,24891267.9664,24.8912679664,51.31889724731445,128.3386702446222
2019-04-27 04:45,138241394,26763533.8784,26.7635338784,49.677425384521484,127.99870238195881
2019-04-27 05:00,134741883,26086028.5488,26.0860285488,48.69840621948242,127.73994604987752
2019-04-27 05:15,131793223,25515167.9728,25.5151679728,48.70039367675781,127.48779515819216
2019-04-27 05:30,142436358,27575678.9088,27.5756789088,49.19284439086914,127.23874646440703
2019-04-27 05:45,141588700,27411572.32,27.41157232,51.07632064819336,127.08026307662182
2019-04-27 06:00,96487560,18679991.616,18.679991616,53.49122619628906,127.08802446908705
2019-04-27 06:15,125792461,24353420.4496,24.3534204496,55.861915588378906,127.11490625241262
2019-04-27 06:30,148073244,28666980.0384,28.6669800384,58.4677734375,127.1918596330252
2019-04-27 06:45,148317927,28714350.6672,28.7143506672,61.253074645996094,127.2702874422976
2019-04-27 07:00,183939521,35610691.2656,35.6106912656,64.10540771484375,127.31010881154164
2019-04-27 07:15,189945745,36773496.232,36.773496232,67.20878601074219,127.35337444613498
2019-04-27 07:30,201420083,38994928.0688,38.9949280688,70.32422637939453,127.3811055003686
2019-04-27 07:45,260303119,50394683.8384,50.3946838384,73.23719787597656,127.39524822007347
2019-04-27 08:00,337533457,65346477.2752,65.34647727519999,76.1781997680664,127.39524822007347
2019-04-27 08:15,495267377,95883764.1872,95.8837641872,79.65988159179688,127.39524822007347
2019-04-27 08:30,484400003,93779840.5808,93.7798405808,84.51854705810547,127.39524822007347
2019-04-27 08:45,533383839,103263111.2304,103.2631112304,89.43905639648438,127.39524822007347
2019-04-27 09:00,636381096,123203380.1856,123.2033801856,94.34512329101562,127.39524822007347
2019-04-27 09:15,626752825,121339346.92,121.33934692,99.94689178466797,127.39524822007347
2019-04-27 09:30,664690984,128684174.5024,128.6841745024,106.5388412475586,127.39524822007347
2019-04-27 09:45,666309822,128997581.5392,128.99758153919998,112.68909454345703,127.39524822007347
2019-04-27 10:00,804624825,155775366.12,155.77536612,117.62342834472656,127.39524822007347
2019-04-27 10:15,745046032,144240911.7952,144.2409117952,123.35611724853516,127.39524822007347
2019-04-27 10:30,791632603,153260071.94079998,153.26007194079995,127.85606384277344,127.39524822007347
2019-04-27 10:45,807548643,156341417.2848,156.3414172848,131.66114807128906,127.39524822007347
2019-04-27 11:00,777478980,150519930.528,150.519930528,134.71800231933594,127.39524822007347
2019-04-27 11:15,783503610,151686298.896,151.686298896,136.39442443847656,127.39524822007347
2019-04-27 11:30,865035289,167470831.9504,167.4708319504,137.14430236816406,127.40617078758531
2019-04-27 11:45,885105183,171356363.4288,171.3563634288,138.418701171875,127.47917269938962
2019-04-27 12:00,913025517,176761740.0912,176.76174009119998,139.9320068359375,127.67393882763533
2019-04-27 12:15,840694693,162758492.5648,162.7584925648,141.70883178710938,127.65646979687395
2019-04-27 12:30,785514347,152075577.5792,152.0755775792,142.2445068359375,127.65251832806567
2019-04-27 12:45,864606906,167387897.0016,167.3878970016,141.14520263671875,127.45222014348836
2019-04-27 13:00,858751639,166254317.3104,166.2543173104,140.31166076660156,127.39784321451472
2019-04-27 13:15,858718006,166247805.9616,166.2478059616,139.48890686035156,126.76112594206417
2019-04-27 13:30,913765272,176904956.65919998,176.9049566592,138.73422241210938,126.90262391168841
2019-04-27 13:45,896083491,173481763.8576,173.4817638576,138.83349609375,126.66067606632892
2019-04-27 14:00,863116878,167099427.5808,167.09942758079998,139.0382080078125,126.51135772709306
2019-04-27 14:15,897363998,173729670.0128,173.7296700128,138.73484802246094,126.67058422692281
2019-04-27 14:30,900684699,174372557.7264,174.37255772639998,138.6559295654297,126.85263488240636
2019-04-27 14:45,912445340,176649417.824,176.649417824,138.66172790527344,127.05900771306206
2019-04-27 15:00,992576309,192162773.4224,192.1627734224,138.85105895996094,127.5398247967394
2019-04-27 15:15,1008435944,195233198.7584,195.2331987584,140.25328063964844,128.0611473845589
2019-04-27 15:30,966985835,187208457.656,187.208457656,142.35269165039062,128.36837113554532
2019-04-27 15:45,865681465,167595931.62399998,167.59593162399997,143.92111206054688,127.95885742185621
2019-04-27 16:00,937211750,181444194.8,181.4441948,143.42422485351562,128.09386790537732
2019-04-27 16:15,994972084,192626595.4624,192.6265954624,142.9093475341797,128.1027970453411
2019-04-27 16:30,920565939,178221565.7904,178.2215657904,143.20181274414062,128.30163259668788
2019-04-27 16:45,896763470,173613407.792,173.613407792,142.70806884765625,128.39211533468284
2019-04-27 17:00,848247180,164220654.048,164.220654048,141.47996520996094,128.33914206179335
2019-04-27 17:15,909545041,176087919.9376,176.0879199376,139.19729614257812,128.12592788215613
2019-04-27 17:30,937535922,181506954.4992,181.5069544992,137.4927520751953,128.05534403335392
2019-04-27 17:45,1047560536,202807719.7696,202.8077197696,136.68653869628906,128.3142655014451
2019-04-27 18:00,994516150,192538326.64,192.53832664,138.10345458984375,128.32544756840107
2019-04-27 18:15,949879384,183896648.7424,183.8966487424,139.76263427734375,128.0806924108733
2019-04-27 18:30,900778106,174390641.3216,174.3906413216,140.70668029785156,127.53981300131011
2019-04-27 18:45,1020136563,197498438.5968,197.4984385968,140.38099670410156,127.67547223344152
2019-04-27 19:00,906614650,175520596.24,175.52059624,141.18763732910156,127.28064382920408
2019-04-27 19:15,918249271,177773058.8656,177.77305886559998,140.6967010498047,127.2157807636019
2019-04-27 19:30,939023288,181794908.5568,181.7949085568,139.7711639404297,127.14386403129122
2019-04-27 19:45,886640652,171653630.2272,171.6536302272,138.96961975097656,126.72513808733562
2019-04-27 20:00,836083480,161865761.728,161.865761728,137.504150390625,126.44241344296053
2019-04-27 20:15,903769188,174969714.7968,174.9697147968,135.0777587890625,126.26933910915788
2019-04-27 20:30,947442996,183424964.0256,183.4249640256,133.45364379882812,126.18546181155885
2019-04-27 20:45,888335632,171981778.3552,171.9817783552,133.0428009033203,125.74754470416724
2019-04-27 21:00,804552466,155761357.4176,155.7613574176,132.48497009277344,125.41532643853978
2019-04-27 21:15,970245647,187839557.2592,187.8395572592,130.67430114746094,125.41464230364163
2019-04-27 21:30,962214331,186284694.4816,186.2846944816,130.9255828857422,125.72196041806228
2019-04-27 21:45,1062504293,205700831.1248,205.7008311248,132.0941162109375,125.92080776483834
2019-04-27 22:00,836202107,161888727.9152,161.8887279152,135.2252960205078,125.68853217148717
2019-04-27 22:15,879314037,170235197.5632,170.2351975632,135.5941925048828,125.75176746784892
2019-04-27 22:30,875113408,169421955.7888,169.4219557888,135.15090942382812,125.48900068981295
2019-04-27 22:45,838706963,162373668.0368,162.37366803679998,134.18331909179688,125.3835731429222
2019-04-27 23:00,887864172,171890503.6992,171.8905036992,132.45469665527344,125.22250655612501
2019-04-27 23:15,906094521,175419899.2656,175.4198992656,131.2573699951172,125.31635099146433
2019-04-27 23:30,946865048,183313073.2928,183.3130732928,130.73724365234375,125.62068486227754
2019-04-27 23:45,782638868,151518884.8448,151.5188848448,131.305908203125,125.61902170674928
2019-04-28 00:00,721908504,139761486.3744,139.7614863744,129.92974853515625,125.61902170674928
2019-04-28 00:15,691730477,133919020.3472,133.9190203472,126.77637481689453,125.61902170674928
2019-04-28 00:30,659499915,127679183.544,127.679183544,122.59151458740234,125.61902170674928
2019-04-28 00:45,637860644,123489820.6784,123.4898206784,117.81487274169922,125.61902170674928
2019-04-28 01:00,675092139,130697838.1104,130.6978381104,112.9331283569336,125.61902170674928
2019-04-28 01:15,646698783,125200884.3888,125.2008843888,109.04866027832031,125.61902170674928
2019-04-28 01:30,539034994,104357174.8384,104.35717483839998,105.8218765258789,125.61902170674928
2019-04-28 01:45,517912456,100267851.4816,100.2678514816,101.62312316894531,125.61902170674928
2019-04-28 02:00,503024001,97385446.5936,97.3854465936,97.23125457763672,125.61902170674928
2019-04-28 02:15,441926556,85556981.24159999,85.55698124159998,93.05970001220703,125.61816064041194
2019-04-28 02:30,334054754,64673000.3744,64.6730003744,88.7244873046875,125.61623798543957
2019-04-28 02:45,262913086,50899973.4496,50.8999734496,83.25140380859375,125.62002431823794
2019-04-28 03:00,246217988,47667802.4768,47.667802476800006,76.80680847167969,125.62831650502069
2019-04-28 03:15,217210336,42051921.0496,42.0519210496,70.38655853271484,125.64461778828351
2019-04-28 03:30,191148562,37006361.6032,37.0063616032,64.35739135742188,125.67026105153485
2019-04-28 03:45,192908677,37347119.8672,37.3471198672,58.883235931396484,125.68947580582945
2019-04-28 04:00,180288907,34903932.3952,34.9039323952,54.594112396240234,125.71798535839544
2019-04-28 04:15,166929704,32317590.6944,32.3175906944,51.366268157958984,125.71091989625765
2019-04-28 04:30,142045938,27500093.5968,27.5000935968,49.152740478515625,125.69793312862208
2019-04-28 04:45,130856571,25333832.1456,25.3338321456,47.57985305786133,125.68637360792921
2019-04-28 05:00,118946921,23028123.9056,23.0281239056,46.630760192871094,125.76942522547876
2019-04-28 05:15,124249668,24054735.7248,24.0547357248,46.436119079589844,125.81086256853393
2019-04-28 05:30,136490345,26424530.792,26.424530792,46.862953186035156,125.78708298310859
2019-04-28 05:45,126554194,24500891.9584,24.5008919584,48.27400588989258,125.869875101214
2019-04-28 06:00,131114964,25383857.0304,25.3838570304,50.58036422729492,125.91800045267007
2019-04-28 06:15,125130970,24225355.792,24.225355792,53.31614303588867,125.76013042720733
2019-04-28 06:30,74040988,14334335.2768,14.3343352768,56.300498962402344,126.08410368776916
2019-04-28 06:45,103591267,20055269.2912,20.0552692912,58.786048889160156,126.28855386345248
2019-04-28 07:00,120470840,23323154.624,23.323154624,61.19308853149414,126.41634554425517
2019-04-28 07:15,172692298,33433228.8928,33.4332288928,63.74090576171875,126.42626550027835
2019-04-28 07:30,204457619,39582995.0384,39.5829950384,66.72288513183594,126.4129366651937
2019-04-28 07:45,223960288,43358711.7568,43.3587117568,70.1082763671875,126.39917139922575
2019-04-28 08:00,303758001,58807548.9936,58.8075489936,73.55266571044922,126.39209414165867
2019-04-28 08:15,300385993,58154728.2448,58.154728244800005,77.19352722167969,126.39647024592098
2019-04-28 08:30,323201211,62571754.4496,62.57175444959999,80.74969482421875,126.40203768854042
2019-04-28 08:45,372668481,72148617.9216,72.14861792159999,84.17288970947266,126.40203768854042
2019-04-28 09:00,460327198,89119345.5328,89.1193455328,87.47836303710938,126.40203768854042
2019-04-28 09:15,505015095,97770922.392,97.770922392,91.05661010742188,126.40203768854042
2019-04-28 09:30,469559059,90906633.8224,90.9066338224,94.78881072998047,126.40203768854042
2019-04-28 09:45,559438984,108307387.3024,108.3073873024,97.74117279052734,126.40203768854042
2019-04-28 10:00,739449031,143157332.4016,143.1573324016,101.32453155517578,126.40203768854042
2019-04-28 10:15,631833361,122322938.6896,122.3229386896,107.7487564086914,126.40203768854042
2019-04-28 10:30,693421357,134246374.7152,134.2463747152,113.10478210449219,126.40203768854042
2019-04-28 10:45,802220750,155309937.2,155.30993719999998,117.91558837890625,126.40203768854042
2019-04-28 11:00,809714944,156760813.1584,156.7608131584,123.54582214355469,126.40203768854042
2019-04-28 11:15,793501633,153621916.1488,153.62191614879998,128.866455078125,126.40203768854042
2019-04-28 11:30,812916053,157380547.8608,157.3805478608,133.0069580078125,126.40203768854042
2019-04-28 11:45,899455684,174134620.4224,174.1346204224,136.1597442626953,126.54831280702243
2019-04-28 12:00,873914923,169189929.0928,169.1899290928,139.49729919433594,126.49285069855517
2019-04-28 12:15,801105758,155094074.7488,155.0940747488,142.10104370117188,126.27909392917115
2019-04-28 12:30,810434107,156900043.11519998,156.9000431152,142.85281372070312,126.27855133942435
2019-04-28 12:45,882568414,170865244.9504,170.86524495039998,142.4619598388672,126.35217840898042
2019-04-28 13:00,740761108,143411350.5088,143.4113505088,142.37998962402344,126.33650228346936
2019-04-28 13:15,765043397,148112401.65919998,148.11240165919995,140.24307250976562,126.32771468865691
2019-04-28 13:30,888235953,171962480.50079998,171.96248050079998,137.52435302734375,126.4142459578436
2019-04-28 13:45,935468268,181106656.6848,181.1066566848,136.47824096679688,126.50485844556063
2019-04-28 14:00,829078551,160509607.4736,160.5096074736,137.08555603027344,126.3611075489442
2019-04-28 14:15,866750560,167802908.416,167.802908416,136.9199676513672,126.36199220614009
2019-04-28 14:30,972917821,188356890.1456,188.3568901456,136.8737335205078,126.60504882185175
2019-04-28 14:45,935039995,181023743.032,181.023743032,138.39468383789062,126.73978801049945
2019-04-28 15:00,947118227,183362088.7472,183.3620887472,139.94482421875,126.85849721075775
2019-04-28 15:15,954967469,184881701.9984,184.8817019984,141.497314453125,126.75670265608476
2019-04-28 15:30,999928067,193586073.7712,193.5860737712,142.90403747558594,126.74175784718896
2019-04-28 15:45,977182263,189182486.1168,189.1824861168,144.679931640625,126.76117312378128
2019-04-28 16:00,986977520,191078847.872,191.078847872,146.033447265625,127.19667216817082
2019-04-28 16:15,949679711,183857992.0496,183.8579920496,147.07467651367188,127.23370981610513
2019-04-28 16:30,1042980540,201921032.544,201.921032544,147.18199157714844,127.35267851580755
2019-04-28 16:45,1071582131,207458300.5616,207.4583005616,148.1311492919922,127.75052654994029
2019-04-28 17:00,1017477040,196983554.944,196.983554944,149.76417541503906,128.16577284225872
2019-04-28 17:15,1011927519,195909167.6784,195.9091676784,150.6958465576172,128.666158543109
2019-04-28 17:30,1037364778,200833821.0208,200.8338210208,151.02134704589844,129.0586042706322
2019-04-28 17:45,1038991028,201148663.0208,201.1486630208,151.28854370117188,129.38126823854412
2019-04-28 18:00,1026351817,198701711.7712,198.7017117712,151.43692016601562,129.34046784866996
2019-04-28 18:15,1104487790,213828836.144,213.828836144,151.25836181640625,129.59265412664317
2019-04-28 18:30,1169966835,226505579.256,226.505579256,152.0891571044922,130.31637448545155
2019-04-28 18:45,1144254722,221527714.1792,221.5277141792,154.32916259765625,131.1746688968977
2019-04-28 19:00,1026230519,198678228.4784,198.6782284784,156.60435485839844,131.2065401468081
2019-04-28 19:15,1034107704,200203251.4944,200.2032514944,156.7635955810547,131.81074921616724
2019-04-28 19:30,1017135054,196917346.4544,196.9173464544,155.86434936523438,132.23722475715877
2019-04-28 19:45,1004130407,194399646.7952,194.3996467952,154.1305694580078,132.5528232629329
2019-04-28 20:00,971504257,188083224.1552,188.0832241552,151.8677978515625,132.9779423295574
2019-04-28 20:15,982086496,190131945.6256,190.1319456256,149.06216430664062,133.46000972873824
2019-04-28 20:30,972969355,188366867.128,188.366867128,146.37939453125,133.93124892384148
2019-04-28 20:45,968598482,187520666.1152,187.5206661152,143.9549102783203,134.0719801905626
2019-04-28 21:00,1003324595,194243641.592,194.243641592,141.85308837890625,134.6554293043917
2019-04-28 21:15,1064438322,206075259.1392,206.0752591392,140.7312774658203,135.43602722318076
2019-04-28 21:30,890692639,172438094.9104,172.4380949104,141.2226104736328,135.05867964513396
2019-04-28 21:45,911223889,176412944.9104,176.4129449104,139.84027099609375,134.70508806165398
2019-04-28 22:00,1048061501,202904706.5936,202.9047065936,137.99655151367188,134.6646415346582
2019-04-28 22:15,981338902,189987211.4272,189.9872114272,138.1988067626953,135.12644438633865
2019-04-28 22:30,995922351,192810567.1536,192.8105671536,138.41110229492188,135.64444066310165
2019-04-28 22:45,919634189,178041178.9904,178.0411789904,138.89736938476562,135.67639448101696
2019-04-28 23:00,939759419,181937423.5184,181.9374235184,138.3113250732422,135.83970219937706
2019-04-28 23:15,882869527,170923540.4272,170.92354042719998,137.53482055664062,135.83789749869746
2019-04-28 23:30,909666131,176111362.9616,176.1113629616,135.85484313964844,135.83821597528797
2019-04-28 23:45,843429214,163287895.8304,163.2878958304,134.29783630371094,135.63060462455803
2019-04-29 00:00,705258420,136538030.112,136.538030112,131.97142028808594,135.63060462455803
2019-04-29 00:15,628295156,121637942.2016,121.6379422016,127.44145202636719,135.63060462455803
2019-04-29 00:30,568766059,110113109.0224,110.1131090224,120.98365020751953,135.63060462455803
2019-04-29 00:45,525106753,101660667.3808,101.6606673808,113.17643737792969,135.63060462455803
2019-04-29 01:00,471962146,91371871.4656,91.3718714656,104.67948913574219,135.63060462455803
2019-04-29 01:15,406968334,78789069.4624,78.78906946240001,96.41206359863281,135.63060462455803
2019-04-29 01:30,635058896,122947402.2656,122.9474022656,88.19061279296875,135.63060462455803
2019-04-29 01:45,333450582,64556032.6752,64.5560326752,84.46253967285156,135.63060462455803
2019-04-29 02:00,289224509,55993864.9424,55.9938649424,79.28773498535156,135.63093489657783
2019-04-29 02:15,221868713,42953782.8368,42.9537828368,73.44918060302734,135.65201332869842
2019-04-29 02:30,236661713,45817707.6368,45.8177076368,66.86685943603516,135.66773663592656
2019-04-29 02:45,192105607,37191645.5152,37.1916455152,61.002174377441406,135.6888032726179
2019-04-29 03:00,165350125,32011784.2,32.0117842,55.57978439331055,135.71478860331828
2019-04-29 03:15,200181746,38755186.0256,38.7551860256,50.883907318115234,135.72685532747016
2019-04-29 03:30,140978843,27293504.0048,27.2935040048,47.87990951538086,135.7714892318598
2019-04-29 03:45,129653165,25100852.744,25.100852744,45.57572937011719,135.83788570326817
2019-04-29 04:00,105355903,20396902.8208,20.3969028208,43.886695861816406,135.94292400099275
2019-04-29 04:15,94265248,18249752.0128,18.2497520128,42.612300872802734,136.1096523938436
2019-04-29 04:30,109902023,21277031.6528,21.2770316528,41.792381286621094,136.20138544734206
2019-04-29 04:45,108410551,20988282.6736,20.9882826736,42.175933837890625,136.244379787062
2019-04-29 05:00,90491259,17519107.742399998,17.5191077424,43.29924774169922,136.37384641882224
2019-04-29 05:15,93764883,18152881.3488,18.1528813488,45.312747955322266,136.47621894952988
2019-04-29 05:30,105862296,20494940.5056,20.4949405056,47.81461715698242,136.50413873063195
2019-04-29 05:45,107965559,20902132.2224,20.9021322224,50.814613342285156,136.54267439808464
2019-04-29 06:00,107503937,20812762.2032,20.8127622032,54.1976432800293,136.56927309110753
2019-04-29 06:15,144698215,28013574.424,28.013574424,57.68959426879883,136.54295748838732
2019-04-29 06:30,287235589,55608810.0304,55.6088100304,61.38166809082031,136.46516663229596
2019-04-29 06:45,370071085,71645762.056,71.645762056,66.08836364746094,136.14184212034448
2019-04-29 07:00,543399298,105202104.0928,105.20210409279998,71.8281021118164,135.99898767635318
2019-04-29 07:15,691763407,133925395.5952,133.9253955952,78.80437469482422,135.9159714450915
2019-04-29 07:30,707979780,137064885.408,137.06488540799998,87.3310546875,135.88591669129
2019-04-29 07:45,645130744,124897312.0384,124.8973120384,96.57015991210938,135.86920256800244
2019-04-29 08:00,688820236,133355597.6896,133.3555976896,106.14241027832031,135.85911747596938
2019-04-29 08:15,663790705,128509880.488,128.509880488,114.35256958007812,135.85911747596938
2019-04-29 08:30,865244505,167511336.16799998,167.511336168,120.25181579589844,135.85911747596938
2019-04-29 08:45,825344507,159786696.55519998,159.78669655519997,127.06326293945312,135.85911747596938
2019-04-29 09:00,627332608,121451592.9088,121.4515929088,132.77487182617188,135.85911747596938
2019-04-29 09:15,547213229,105940481.1344,105.9404811344,134.22998046875,135.85911747596938
2019-04-29 09:30,644655117,124805230.6512,124.8052306512,131.89149475097656,135.85911747596938
2019-04-29 09:45,604660916,117062353.3376,117.0623533376,128.9349365234375,135.85911747596938
2019-04-29 10:00,549426554,106368980.8544,106.3689808544,125.37783813476562,135.85911747596938
2019-04-29 10:15,551791637,106826860.9232,106.8268609232,120.95880126953125,135.85911747596938
2019-04-29 10:30,577745412,111851511.7632,111.8515117632,116.52508544921875,135.85911747596938
2019-04-29 10:45,599772144,116115887.0784,116.1158870784,112.89060974121094,135.85911747596938
2019-04-29 11:00,560722509,108555877.7424,108.5558777424,110.36871337890625,135.85911747596938
2019-04-29 11:15,640993584,124096357.8624,124.0963578624,108.18931579589844,135.85911747596938
2019-04-29 11:30,607845315,117678852.984,117.678852984,107.57553100585938,135.85911747596938
2019-04-29 11:45,707271257,136927715.3552,136.92771535519998,107.40901184082031,135.85911747596938
2019-04-29 12:00,768652037,148811034.3632,148.8110343632,108.92163848876953,135.84840722618455
2019-04-29 12:15,763365147,147787492.4592,147.7874924592,112.05980682373047,135.84840722618455
2019-04-29 12:30,832509915,161173919.544,161.173919544,115.6865005493164,135.84840722618455
2019-04-29 12:45,936030283,181215462.7888,181.2154627888,120.1588134765625,135.95823446819617
2019-04-29 13:00,871380295,168699225.112,168.699225112,126.05712890625,135.95823446819617
2019-04-29 13:15,851023776,164758203.0336,164.7582030336,131.080078125,135.95823446819617
2019-04-29 13:30,832037930,161082543.248,161.082543248,134.69094848632812,135.95823446819617
2019-04-29 13:45,760099765,147155314.504,147.15531450400002,136.7121124267578,135.95718467499037
2019-04-29 14:00,750933300,145380686.88,145.38068687999998,136.4620819091797,135.85715943470916
2019-04-29 14:15,761245850,147377196.56,147.37719656000002,134.79531860351562,135.85715943470916
2019-04-29 14:30,836792516,162003031.09759998,162.00303109759997,132.56800842285156,135.85715943470916
2019-04-29 14:45,727607208,140864755.4688,140.8647554688,131.31851196289062,135.5155166210882
2019-04-29 15:00,625863176,121167110.8736,121.1671108736,129.07684326171875,135.39317442861216
2019-04-29 15:15,692061153,133983039.2208,133.9830392208,125.08027648925781,135.13866445107112
2019-04-29 15:30,752231747,145632066.2192,145.6320662192,121.49768829345703,134.8593958674746
2019-04-29 15:45,845180163,163626879.5568,163.62687955680002,119.35636901855469,134.34854762085436
2019-04-29 16:00,811712061,157147455.00959998,157.14745500959998,119.61178588867188,133.9337495548485
2019-04-29 16:15,823516979,159432887.1344,159.4328871344,120.68729400634766,133.3936368481884
2019-04-29 16:30,860181265,166531092.90399998,166.531092904,122.31114959716797,133.08490328225434
2019-04-29 16:45,886722472,171669470.5792,171.6694705792,124.59407806396484,132.3586469061511
2019-04-29 17:00,994805848,192594412.1728,192.5944121728,127.34373474121094,132.0673823709784
2019-04-29 17:15,1045976101,202500973.1536,202.5009731536,131.6409454345703,132.18092517321276
2019-04-29 17:30,1063863350,205963944.56,205.96394456,137.03189086914062,132.36178449033918
2019-04-29 17:45,1045833248,202473316.8128,202.4733168128,142.66482543945312,132.39492964661162
2019-04-29 18:00,1010744003,195680038.9808,195.6800389808,147.45321655273438,132.28624656124
2019-04-29 18:15,1035439680,200461122.048,200.461122048,150.6011199951172,132.3262566573525
2019-04-29 18:30,1025884049,198611151.8864,198.6111518864,152.79605102539062,132.05196574491148
2019-04-29 18:45,1034462374,200271915.6064,200.2719156064,153.91371154785156,131.58013677834433
2019-04-29 19:00,900546271,174345758.0656,174.3457580656,154.3708953857422,130.59330757405093
2019-04-29 19:15,884248242,171190459.6512,171.1904596512,152.26260375976562,129.93909767998042
2019-04-29 19:30,822586677,159252780.6672,159.2527806672,148.71420288085938,129.18184291573343
2019-04-29 19:45,954528440,184796705.984,184.796705984,143.75596618652344,128.95906264295138
2019-04-29 20:00,1015182706,196539371.8816,196.5393718816,140.5792236328125,128.99239652609228
2019-04-29 20:15,996241716,192872396.2176,192.8723962176,139.57351684570312,129.0846013967619
2019-04-29 20:30,999203706,193445837.4816,193.4458374816,139.60809326171875,129.14852082802182
2019-04-29 20:45,949932166,183906867.3376,183.9068673376,140.28677368164062,129.04712731794427
2019-04-29 21:00,887048420,171732574.112,171.73257411199998,140.484619140625,128.64506831555914
2019-04-29 21:15,907200113,175633941.8768,175.6339418768,139.42938232421875,128.2381967780284
2019-04-29 21:30,949767039,183874898.7504,183.8748987504,138.10562133789062,127.86140358515769
2019-04-29 21:45,1007102273,194975000.0528,194.9750000528,137.39761352539062,128.38350467130957
2019-04-29 22:00,1086103453,210269628.5008,210.2696285008,137.9497833251953,129.00357859304825
2019-04-29 22:15,1042506428,201829244.4608,201.8292444608,140.3431854248047,128.99079234771042
2019-04-29 22:30,1108529433,214611298.2288,214.6112982288,142.80914306640625,129.38944247103407
2019-04-29 22:45,998447668,193299468.5248,193.2994685248,146.0481719970703,129.39866649672982
2019-04-29 23:00,1034819357,200341027.5152,200.3410275152,147.60797119140625,129.91380827960742
2019-04-29 23:15,909433131,176066254.1616,176.0662541616,148.6202850341797,129.7343172322773
2019-04-29 23:30,772795971,149613299.9856,149.6132999856,147.18350219726562,129.7145598882359
2019-04-29 23:45,672704995,130235687.032,130.235687032,142.49383544921875,129.5361540203994
2019-04-30 00:00,614014850,118873274.96,118.87327496,135.0352020263672,129.5361540203994
2019-04-30 00:15,578616396,112020134.2656,112.0201342656,126.05657196044922,129.5361540203994
2019-04-30 00:30,523228284,101296995.7824,101.2969957824,116.57359313964844,129.5361540203994
2019-04-30 00:45,479973242,92922819.6512,92.9228196512,106.69291687011719,129.5361540203994
2019-04-30 01:00,427241290,82713913.744,82.71391374400001,97.46215057373047,129.5361540203994
2019-04-30 01:15,368454383,71332768.54879999,71.33276854879999,88.91912078857422,129.5361540203994
2019-04-30 01:30,334301280,64720727.808,64.72072780799999,80.96822357177734,129.5361540203994
2019-04-30 01:45,261932026,50710040.2336,50.7100402336,73.75457000732422,129.5620449876656
2019-04-30 02:00,314214762,60831977.9232,60.83197792319999,66.84972381591797,129.56933456295968
2019-04-30 02:15,260281270,50390453.872,50.390453872,61.88563537597656,129.57491380100836
2019-04-30 02:30,187233524,36248410.2464,36.2484102464,57.85172653198242,129.59148637914458
2019-04-30 02:45,154787607,29966880.7152,29.9668807152,53.91299819946289,129.6627425674157
2019-04-30 03:00,143345917,27751769.5312,27.7517695312,50.19970703125,129.71573943116374
2019-04-30 03:15,137230092,26567745.8112,26.5677458112,47.12055969238281,129.7799537481556
2019-04-30 03:30,134867669,26110380.7184,26.1103807184,44.8393669128418,129.8916210771347
2019-04-30 03:45,130411018,25247573.0848,25.2475730848,43.3774528503418,129.94060749492806
2019-04-30 04:00,134168784,25975076.5824,25.9750765824,42.67867660522461,129.91838490616746
2019-04-30 04:15,128436751,24865354.9936,24.8653549936,42.80985641479492,129.7733954894768
2019-04-30 04:30,130774732,25317988.1152,25.3179881152,43.849727630615234,129.55844738173568
2019-04-30 04:45,134269394,25994554.6784,25.9945546784,45.42103958129883,129.37642031711067
2019-04-30 05:00,127047940,24596481.184,24.596481184,47.860740661621094,129.26375037664295
2019-04-30 05:15,126731762,24535269.1232,24.5352691232,50.918121337890625,129.0322296907656
2019-04-30 05:30,90055614,17434766.8704,17.4347668704,54.071144104003906,129.04743399910552
2019-04-30 05:45,144485083,27972312.0688,27.9723120688,56.9158935546875,128.83746356251987
2019-04-30 06:00,155902775,30182777.24,30.18277724,60.021724700927734,128.6291090997454
2019-04-30 06:15,248691643,48146702.0848,48.1467020848,63.166988372802734,128.28687651466055
2019-04-30 06:30,259203040,50181708.544,50.181708544,67.05793762207031,128.16945301619361
2019-04-30 06:45,362100714,70102698.2304,70.1026982304,71.18706512451172,128.15667856628505
2019-04-30 07:00,457311165,88535441.544,88.535441544,75.7400894165039,128.15667856628505
2019-04-30 07:15,647796947,125413488.9392,125.4134889392,81.03949737548828,128.15667856628505
2019-04-30 07:30,598855932,115938508.4352,115.9385084352,87.98184967041016,128.15667856628505
2019-04-30 07:45,682447609,132121857.1024,132.1218571024,94.58854675292969,128.15667856628505
2019-04-30 08:00,800148075,154908667.32,154.90866732,103.17979431152344,128.15667856628505
2019-04-30 08:15,947139680,183366242.048,183.366242048,112.82524871826172,128.5829299941203
2019-04-30 08:30,793040523,153532645.2528,153.5326452528,123.68186950683594,128.5829299941203
2019-04-30 08:45,775281298,150094459.2928,150.0944592928,131.93655395507812,128.5744372850398
2019-04-30 09:00,715819758,138582705.1488,138.5827051488,137.2732391357422,128.5744372850398
2019-04-30 09:15,606511741,117420673.0576,117.4206730576,139.2606658935547,128.5744372850398
2019-04-30 09:30,565390343,109459570.4048,109.4595704048,137.40440368652344,128.5744372850398
2019-04-30 09:45,631641246,122285745.2256,122.2857452256,132.93740844726562,128.5744372850398
2019-04-30 10:00,622447135,120505765.336,120.505765336,128.43960571289062,128.5744372850398
2019-04-30 10:15,634028950,122748004.72,122.74800472,124.08821105957031,128.5744372850398
2019-04-30 10:30,619116386,119860932.3296,119.8609323296,120.40896606445312,128.5744372850398
2019-04-30 10:45,629071212,121788186.6432,121.7881866432,117.25574493408203,128.5744372850398
2019-04-30 11:00,658332128,127453099.9808,127.4530999808,114.87240600585938,128.5744372850398
2019-04-30 11:15,724711403,140304127.6208,140.3041276208,113.55662536621094,128.5744372850398
2019-04-30 11:30,665347165,128811211.144,128.811211144,113.91993713378906,128.5744372850398
2019-04-30 11:45,660055700,127786783.52,127.78678352,114.29853820800781,128.5744372850398
2019-04-30 12:00,787568779,152473315.6144,152.4733156144,114.570068359375,128.5744372850398
2019-04-30 12:15,793610819,153643054.5584,153.6430545584,116.53534698486328,128.5744372850398
2019-04-30 12:30,863935697,167257950.93919998,167.2579509392,119.27639770507812,128.57983959164932
2019-04-30 12:45,805590679,155962355.4544,155.9623554544,123.14276885986328,128.57983959164932
2019-04-30 13:00,887589399,171837307.6464,171.8373076464,126.29689025878906,128.28355020360402
2019-04-30 13:15,897066903,173672152.4208,173.6721524208,129.87855529785156,128.38405905648565
2019-04-30 13:30,884982370,171332586.832,171.33258683199998,133.3265380859375,128.4113418844067
2019-04-30 13:45,778806051,150776851.4736,150.7768514736,136.09906005859375,128.4113418844067
2019-04-30 14:00,792289060,153387162.016,153.387162016,136.4949188232422,128.4113418844067
2019-04-30 14:15,731939038,141703397.7568,141.7033977568,135.69638061523438,128.4113418844067
2019-04-30 14:30,653414788,126501102.9568,126.5011029568,133.31344604492188,128.4113418844067
2019-04-30 14:45,719224387,139241841.3232,139.2418413232,129.13504028320312,128.4113418844067
2019-04-30 15:00,719244076,139245653.1136,139.2456531136,125.35003662109375,128.4113418844067
2019-04-30 15:15,637740300,123466522.08,123.46652208,122.15093994140625,128.4113418844067
2019-04-30 15:30,722069420,139792639.71199998,139.79263971199998,118.45387268066406,128.4113418844067
2019-04-30 15:45,698012265,135135174.504,135.13517450400002,116.12923431396484,128.4113418844067
2019-04-30 16:00,758982766,146939063.4976,146.9390634976,114.46803283691406,128.4113418844067
2019-04-30 16:15,795449121,153998949.8256,153.9989498256,114.28087615966797,128.4113418844067
2019-04-30 16:30,786746276,152314079.0336,152.3140790336,115.48008728027344,128.4113418844067
2019-04-30 16:45,888243909,171964020.78239998,171.96402078239998,117.1986312866211,128.47868199015736
2019-04-30 17:00,1037868868,200931412.8448,200.9314128448,120.53948211669922,129.12461149287438
2019-04-30 17:15,1100048128,212969317.5808,212.9693175808,126.5968017578125,129.46351776690273
2019-04-30 17:30,924477836,178978909.0496,178.9789090496,134.4418487548828,128.98934150990917
2019-04-30 17:45,1036224725,200613106.76,200.61310676,139.6828155517578,128.89831618216738
2019-04-30 18:00,1024815485,198404277.896,198.404277896,144.60110473632812,128.83746356251987
2019-04-30 18:15,1120849845,216996529.992,216.996529992,148.4341278076172,129.16915103382982
2019-04-30 18:30,1030506516,199506061.4976,199.5060614976,152.62921142578125,129.16174350424293
2019-04-30 18:45,1023089297,198070087.8992,198.0700878992,154.99517822265625,129.15478420096866
2019-04-30 19:00,950976231,184108998.3216,184.1089983216,155.93756103515625,128.85142935078557
2019-04-30 19:15,1000538615,193704275.864,193.704275864,154.75411987304688,129.32068691377
2019-04-30 19:30,1030899343,199582112.8048,199.5821128048,153.24240112304688,130.064553865786
2019-04-30 19:45,960222887,185899150.9232,185.8991509232,152.08909606933594,130.53723210326118
2019-04-30 20:00,1131817912,219119947.7632,219.1199477632,150.091552734375,131.21674319313394
2019-04-30 20:15,1161680019,224901251.6784,224.9012516784,150.51861572265625,131.77614142666428
2019-04-30 20:30,960328491,185919595.8576,185.9195958576,152.5667724609375,131.56285647445142
2019-04-30 20:45,1045284304,202367041.2544,202.3670412544,152.13917541503906,131.77522138318056
2019-04-30 21:00,1008851613,195313672.2768,195.3136722768,151.76345825195312,132.1319151645608
2019-04-30 21:15,867029032,167856820.5952,167.8568205952,150.77940368652344,132.1100818249664
2019-04-30 21:30,865651385,167590108.136,167.590108136,147.3332977294922,132.0169333199545
2019-04-30 21:45,978023929,189345432.6544,189.3454326544,142.94615173339844,132.19721466104627
2019-04-30 22:00,1106292511,214178230.1296,214.1782301296,140.2217559814453,132.66195457461708
2019-04-30 22:15,1031018191,199605121.7776,199.6051217776,140.63693237304688,132.42710757768322
2019-04-30 22:30,988193436,191314249.2096,191.3142492096,141.56935119628906,132.14492552305492
2019-04-30 22:45,991033539,191864093.1504,191.8640931504,142.07655334472656,131.60448254437506
2019-04-30 23:00,1076572170,208424372.112,208.424372112,142.3689727783203,131.95651713119028
2019-04-30 23:15,1216227666,235461676.1376,235.4616761376,143.80577087402344,132.9434642897765
2019-04-30 23:30,1074712552,208064350.0672,208.0643500672,147.82937622070312,134.04344704713805
2019-04-30 23:45,835300423,161714161.8928,161.7141618928,150.5581817626953,134.04344704713805
2019-05-01 00:00,685819011,132774560.5296,132.7745605296,148.56460571289062,134.04344704713805
2019-05-01 00:15,623158616,120643508.0576,120.6435080576,141.96702575683594,134.04344704713805
2019-05-01 00:30,552250391,106915675.6976,106.9156756976,132.6956787109375,134.04344704713805
2019-05-01 00:45,486324153,94152356.0208,94.1523560208,121.78092193603516,134.04344704713805
2019-05-01 01:00,455657027,88215200.4272,88.2152004272,109.75079345703125,134.04344704713805
2019-05-01 01:15,469912586,90975076.6496,90.9750766496,98.34969329833984,134.04344704713805
2019-05-01 01:30,442088799,85588391.4864,85.5883914864,88.90460205078125,134.04344704713805
2019-05-01 01:45,385011729,74538270.7344,74.5382707344,81.32872009277344,134.04344704713805
2019-05-01 02:00,369660402,71566253.8272,71.5662538272,74.811767578125,134.03053105207815
2019-05-01 02:15,278283459,53875677.6624,53.8756776624,69.69794464111328,134.03917710173926
2019-05-01 02:30,247848821,47983531.7456,47.9835317456,64.72547912597656,134.04344704713805
2019-05-01 02:45,204011720,39496668.992,39.496668992,60.028778076171875,134.03332656881716
2019-05-01 03:00,195909812,37928139.6032,37.9281396032,55.52278518676758,133.96475973842155
2019-05-01 03:15,179873246,34823460.4256,34.8234604256,51.721717834472656,133.8868981097545
2019-05-01 03:30,154227826,29858507.1136,29.8585071136,48.70221710205078,133.83850146342505
2019-05-01 03:45,136649252,26455295.1872,26.4552951872,46.395042419433594,133.83647264958915
2019-05-01 04:00,142062933,27503383.8288,27.5033838288,44.611419677734375,133.82212940758654
2019-05-01 04:15,127778450,24737907.92,24.73790792,43.57815933227539,133.8273076010398
2019-05-01 04:30,131755284,25507822.9824,25.5078229824,43.100341796875,133.82375717682697
2019-05-01 04:45,143784486,27836676.4896,27.8366764896,43.291358947753906,133.8004847948606
2019-05-01 05:00,106425293,20603936.7248,20.6039367248,44.534305572509766,133.94336282971042
2019-05-01 05:15,101777894,19704200.2784,19.7042002784,45.91278076171875,134.11602432348835
2019-05-01 05:30,84769005,16411279.368,16.411279368,47.94571304321289,134.39117630226667
2019-05-01 05:45,91024108,17622267.3088,17.6222673088,50.37786102294922,134.3781895346311
2019-05-01 06:00,108898047,21082661.8992,21.0826618992,52.9788703918457,134.47758961716056
2019-05-01 06:15,131642911,25486067.5696,25.4860675696,55.86191940307617,134.52979618714699
2019-05-01 06:30,178246154,34508455.4144,34.5084554144,59.19059753417969,134.5580698311274
2019-05-01 06:45,172421034,33380712.1824,33.3807121824,62.84281539916992,134.59736040605392
2019-05-01 07:00,156590210,30315864.656,30.315864656,66.46676635742188,134.66110290587466
2019-05-01 07:15,206470538,39972696.1568,39.972696156800005,69.74958038330078,134.68341985806947
2019-05-01 07:30,229009535,44336245.976,44.336245976,73.01850128173828,134.69737385090588
2019-05-01 07:45,243146235,47073111.096,47.073111096,76.02965545654297,134.70679839889934
2019-05-01 08:00,296799163,57460317.9568,57.4603179568,78.81690216064453,134.708520531574
2019-05-01 08:15,301057440,58284720.384,58.284720384,81.73859405517578,134.708520531574
2019-05-01 08:30,387622347,75043686.3792,75.0436863792,84.53048706054688,134.41893094735886
2019-05-01 08:45,434197282,84060593.79519999,84.06059379519999,87.61492919921875,134.41893094735886
2019-05-01 09:00,509186482,98578502.9152,98.5785029152,90.87458038330078,134.41893094735886
2019-05-01 09:15,502456471,97275572.7856,97.2755727856,94.50852966308594,134.41893094735886
2019-05-01 09:30,627945301,121570210.2736,121.5702102736,97.83782196044922,134.41893094735886
2019-05-01 09:45,623774606,120762763.7216,120.7627637216,102.30245208740234,134.41893094735886
2019-05-01 10:00,688853424,133362022.8864,133.3620228864,107.79907989501953,134.41893094735886
2019-05-01 10:15,637397744,123400203.2384,123.4002032384,113.45401000976562,134.41893094735886
2019-05-01 10:30,745088201,144249075.7136,144.2490757136,117.61610412597656,134.41893094735886
2019-05-01 10:45,680931404,131828319.8144,131.8283198144,122.0986557006836,134.41893094735886
2019-05-01 11:00,718524894,139106419.4784,139.1064194784,125.13819122314453,134.41893094735886
2019-05-01 11:15,698129394,135157850.6784,135.15785067840002,127.39325714111328,134.41893094735886
2019-05-01 11:30,783642718,151713230.2048,151.7132302048,128.52159118652344,134.41893094735886
2019-05-01 11:45,710738525,137598978.44,137.59897844,129.9763641357422,134.41893094735886
2019-05-01 12:00,630007799,121969509.8864,121.9695098864,130.27066040039062,134.41893094735886
2019-05-01 12:15,652464739,126317173.4704,126.3171734704,128.76246643066406,134.41893094735886
2019-05-01 12:30,605778386,117278695.5296,117.2786955296,126.58860778808594,134.41893094735886
2019-05-01 12:45,689827749,133550652.2064,133.5506522064,123.50391387939453,134.41893094735886
2019-05-01 13:00,722326433,139842397.4288,139.84239742879998,121.38086700439453,134.41893094735886
2019-05-01 13:15,646619172,125185471.6992,125.1854716992,120.41960906982422,134.4115705994891
2019-05-01 13:30,709191200,137299416.32,137.29941632,119.0920181274414,134.4012849851583
2019-05-01 13:45,774557726,149954375.7536,149.9543757536,118.58334350585938,134.39117630226667
2019-05-01 14:00,793762804,153672478.8544,153.6724788544,119.4762954711914,134.39117630226667
2019-05-01 14:15,817674349,158301753.9664,158.3017539664,121.28614807128906,134.39117630226667
2019-05-01 14:30,775909391,150216058.09759998,150.21605809759998,123.72666931152344,134.39117630226667
2019-05-01 14:45,771963741,149452180.2576,149.45218025760002,125.58827209472656,134.39117630226667
2019-05-01 15:00,810384588,156890456.2368,156.8904562368,126.8150863647461,134.39117630226667
2019-05-01 15:15,900544228,174345362.5408,174.3453625408,128.0637969970703,134.4108156920153
2019-05-01 15:30,796512906,154204898.6016,154.20489860159998,130.42356872558594,134.4108156920153
2019-05-01 15:45,827110541,160128600.7376,160.1286007376,131.52247619628906,134.4108156920153
2019-05-01 16:00,764957887,148095846.92319998,148.0958469232,132.2362060546875,134.4108156920153
2019-05-01 16:15,817637718,158294662.2048,158.2946622048,131.65087890625,134.4108156920153
2019-05-01 16:30,759602442,147059032.7712,147.0590327712,131.15245056152344,134.4108156920153
2019-05-01 16:45,781033674,151208119.2864,151.20811928639998,129.80467224121094,134.4108156920153
2019-05-01 17:00,774656879,149973571.7744,149.9735717744,128.44725036621094,134.40527184025441
2019-05-01 17:15,872816646,168977302.6656,168.9773026656,127.09161376953125,133.49372106561603
2019-05-01 17:30,839530994,162533200.4384,162.5332004384,127.30992889404297,132.3227888011446
2019-05-01 17:45,891579191,172609731.37759998,172.6097313776,127.83671569824219,132.04318994552833
2019-05-01 18:00,870952526,168616409.0336,168.6164090336,129.25723266601562,131.1754473952301
2019-05-01 18:15,920855103,178277547.94079998,178.2775479408,130.68087768554688,130.60286187176646
2019-05-01 18:30,900563560,174349105.216,174.349105216,132.66473388671875,129.55265582595996
2019-05-01 18:45,954736401,184836967.2336,184.8369672336,134.38673400878906,129.2341202582955
2019-05-01 19:00,844611915,163516866.744,163.516866744,136.55760192871094,128.46269918348506
2019-05-01 19:15,859327651,166365833.2336,166.3658332336,136.99732971191406,128.02770734255452
2019-05-01 19:30,819286322,158613831.93919998,158.6138319392,136.64309692382812,127.35988552309668
2019-05-01 19:45,730567694,141437905.5584,141.43790555840002,135.224853515625,126.5440074753358
2019-05-01 20:00,755468561,146258713.4096,146.25871340959998,132.01231384277344,126.04127448405912
2019-05-01 20:15,827455272,160195340.65919998,160.1953406592,128.5357666015625,124.97608824306897
2019-05-01 20:30,821375847,159018363.9792,159.01836397920002,126.339111328125,123.70705339328872
2019-05-01 20:45,843788607,163357474.3152,163.3574743152,124.98574829101562,123.19992070689118
2019-05-01 21:00,790067604,152957088.1344,152.9570881344,124.60091400146484,122.45407212275643
2019-05-01 21:15,686005157,132810598.3952,132.8105983952,124.03035736083984,121.81901800583412
2019-05-01 21:30,757288071,146610970.5456,146.6109705456,121.89984130859375,121.66524099433101
2019-05-01 21:45,837781526,162194503.4336,162.1945034336,120.22936248779297,121.55135612464761
2019-05-01 22:00,885251280,171384647.808,171.384647808,120.1451644897461,121.12745198723879
2019-05-01 22:15,802254949,155316558.1264,155.3165581264,121.66436004638672,120.21841363903673
2019-05-01 22:30,886577764,171641455.1104,171.6414551104,122.69874572753906,119.79620804344401
2019-05-01 22:45,755059051,146179432.27359998,146.1794322736,124.65174102783203,119.22730269391523
2019-05-01 23:00,714753464,138376270.6304,138.3762706304,124.90321350097656,118.64436078354512
2019-05-01 23:15,717597324,138926841.9264,138.92684192640002,123.62201690673828,117.90169696531555
2019-05-01 23:30,745212837,144273205.2432,144.2732052432,121.64935302734375,116.72605832456203
2019-05-01 23:45,678034947,131267565.7392,131.2675657392,119.90805053710938,115.96120730385971
2019-05-02 00:00,638180535,123551751.576,123.551751576,117.49980163574219,115.85853988742011
2019-05-02 00:15,562509404,108901820.6144,108.9018206144,114.45465087890625,115.85853988742011
2019-05-02 00:30,508546013,98454508.1168,98.4545081168,110.32026672363281,115.85853988742011
2019-05-02 00:45,447862845,86706246.792,86.706246792,105.32074737548828,115.85853988742011
2019-05-02 01:00,221888991,42957708.6576,42.9577086576,99.57901763916016,115.92760212584541
2019-05-02 01:15,228006985,44142152.296,44.142152296,90.09170532226562,115.9876998380191
2019-05-02 01:30,215001397,41624270.4592,41.624270459200005,80.27000427246094,116.06866366458635
2019-05-02 01:45,174471137,33777612.1232,33.7776121232,71.27312469482422,116.30295627634415
2019-05-02 02:00,186740967,36153051.2112,36.1530512112,63.00619888305664,116.45650917469096
2019-05-02 02:15,145862157,28238913.5952,28.2389135952,56.445274353027344,116.81255420746089
2019-05-02 02:30,143721474,27824477.3664,27.8244773664,51.19485092163086,117.13655105888127
2019-05-02 02:45,104652404,20260705.4144,20.2607054144,47.33930206298828,117.67820896677682
2019-05-02 03:00,116840122,22620247.6192,22.6202476192,44.52705383300781,118.09023510690224
2019-05-02 03:15,132989461,25746759.6496,25.7467596496,43.009315490722656,118.37010525739196
2019-05-02 03:30,153946766,29804093.8976,29.8040938976,43.06414031982422,118.46880940959399
2019-05-02 03:45,139944125,27093182.6,27.0931826,44.27140426635742,118.54304984147254
2019-05-02 04:00,115067768,22277119.8848,22.2771198848,46.38792419433594,118.6796762988048
2019-05-02 04:15,105809607,20484739.9152,20.4847399152,48.83259201049805,118.9203620332315
2019-05-02 04:30,101434040,19637630.144,19.637630144000003,51.755577087402344,119.09998283028368
2019-05-02 04:45,95083230,18408113.328,18.408113328,54.66099166870117,119.35562516903546
2019-05-02 05:00,69925155,13537510.008,13.537510008,57.46259689331055,119.85983258897195
2019-05-02 05:15,141491168,27392690.1248,27.3926901248,59.94337463378906,119.64957906208363
2019-05-02 05:30,235500666,45592928.9376,45.5929289376,62.78386688232422,119.10768524560251
2019-05-02 05:45,78886756,15272475.9616,15.2724759616,66.55982971191406,119.15651832281527
2019-05-02 06:00,133181368,25783912.8448,25.7839128448,69.3339614868164,118.83824225459495
2019-05-02 06:15,144587389,27992118.5104,27.9921185104,71.8833999633789,118.60361937081737
2019-05-02 06:30,171027013,33110829.7168,33.1108297168,74.14081573486328,118.39478129544246
2019-05-02 06:45,237601910,45999729.776,45.999729776,76.32102966308594,118.29527505404948
2019-05-02 07:00,325960518,63105956.2848,63.1059562848,78.79278564453125,118.12739070912936
2019-05-02 07:15,379686864,73507376.8704,73.5073768704,81.88151550292969,117.88126728180528
2019-05-02 07:30,494932949,95819018.9264,95.8190189264,85.5749282836914,117.80150658902443
2019-05-02 07:45,532504376,103092847.1936,103.0928471936,90.28327941894531,117.74779020409038
2019-05-02 08:00,525263739,101691059.8704,101.6910598704,95.1601333618164,117.72370393750379
2019-05-02 08:15,547330183,105963123.4288,105.9631234288,99.49678039550781,117.71259264312349
2019-05-02 08:30,538890008,104329105.5488,104.3291055488,103.3337631225586,117.69749449364708
2019-05-02 08:45,583777504,113019324.7744,113.0193247744,107.2282485961914,117.69749449364708
2019-05-02 09:00,475782420,92111476.512,92.111476512,110.93720245361328,117.69749449364708
2019-05-02 09:15,467706885,90548052.936,90.548052936,112.17919158935547,117.69749449364708
2019-05-02 09:30,461933857,89430394.71519999,89.4303947152,111.67571258544922,117.69749449364708
2019-05-02 09:45,445620438,86272116.7968,86.2721167968,110.16726684570312,117.69749449364708
2019-05-02 10:00,400464148,77529859.0528,77.5298590528,107.95655822753906,117.69749449364708
2019-05-02 10:15,399465227,77336467.9472,77.3364679472,104.8516616821289,117.69749449364708
2019-05-02 10:30,468798726,90759433.3536,90.7594333536,101.52287292480469,117.69749449364708
2019-05-02 10:45,410693655,79510291.608,79.51029160799999,99.31068420410156,117.69749449364708
2019-05-02 11:00,447022941,86543641.3776,86.5436413776,97.16519165039062,117.69749449364708
2019-05-02 11:15,441400362,85455110.0832,85.4551100832,95.7708740234375,117.69749449364708
2019-05-02 11:30,450562343,87228869.6048,87.2288696048,94.84764099121094,117.69749449364708
2019-05-02 11:45,413597629,80072500.9744,80.0725009744,94.41596221923828,117.69749449364708
2019-05-02 12:00,447931212,86719482.6432,86.7194826432,93.79254150390625,117.69749449364708
2019-05-02 12:15,462192697,89480506.1392,89.4805061392,93.57927703857422,117.69749449364708
2019-05-02 12:30,584726158,113202984.1888,113.2029841888,93.7943344116211,117.69749449364708
2019-05-02 12:45,493937890,95626375.504,95.626375504,95.8862533569336,117.69749449364708
2019-05-02 13:00,608853032,117873946.9952,117.8739469952,97.5610122680664,117.69749449364708
2019-05-02 13:15,544322062,105380751.2032,105.3807512032,100.39070129394531,117.69749449364708
2019-05-02 13:30,537500049,104060009.4864,104.0600094864,102.6253662109375,117.69749449364708
2019-05-02 13:45,420253106,81361001.3216,81.3610013216,104.14578247070312,117.69749449364708
2019-05-02 14:00,486063430,94101880.048,94.101880048,103.42455291748047,117.69749449364708
2019-05-02 14:15,437825490,84763014.864,84.763014864,102.40957641601562,117.69651547301697
2019-05-02 14:30,543652937,105251208.6032,105.2512086032,100.6368179321289,117.68668988042802
2019-05-02 14:45,500105383,96820402.1488,96.8204021488,100.04529571533203,117.68668988042802
2019-05-02 15:00,420090777,81329574.4272,81.3295744272,99.5564193725586,117.68668988042802
2019-05-02 15:15,421735768,81648044.6848,81.6480446848,98.1047592163086,117.68342254651789
2019-05-02 15:30,441326056,85440724.4416,85.4407244416,96.2744140625,117.38023283234469
2019-05-02 15:45,451170266,87346563.4976,87.3465634976,94.67952728271484,117.37696549843456
2019-05-02 16:00,511003158,98930211.3888,98.9302113888,93.52408599853516,117.34852671844423
2019-05-02 16:15,511943371,99112236.6256,99.1122366256,93.56133270263672,117.34852671844423
2019-05-02 16:30,469060302,90810074.4672,90.8100744672,94.2960205078125,117.340553008252
2019-05-02 16:45,522298195,101116930.552,101.116930552,94.77417755126953,117.340553008252
2019-05-02 17:00,554306111,107313663.0896,107.3136630896,95.79399871826172,117.340553008252
2019-05-02 17:15,585297128,113313523.9808,113.3135239808,97.43296813964844,117.340553008252
2019-05-02 17:30,566463450,109667323.92,109.66732392,99.66574096679688,117.1027099722814
2019-05-02 17:45,603257670,116790684.912,116.790684912,101.73001861572266,116.99776603799106
2019-05-02 18:00,672395713,130175810.0368,130.1758100368,103.96324920654297,116.69989606242244
2019-05-02 18:15,705236639,136533813.3104,136.5338133104,106.9833755493164,116.44336906647477
2019-05-02 18:30,683899070,132402859.952,132.402859952,110.557861328125,116.0183443632845
2019-05-02 18:45,598719640,115912122.304,115.912122304,113.70548248291016,115.67513275756954
2019-05-02 19:00,491766384,95205971.9424,95.2059719424,115.02008819580078,115.1705714747547
2019-05-02 19:15,543271410,105177344.976,105.177344976,113.59439849853516,114.97481453044959
2019-05-02 19:30,574803208,111281901.0688,111.2819010688,111.46710205078125,114.72113023295803
2019-05-02 19:45,466298828,90275453.1008,90.2754531008,109.55337524414062,114.65898011608991
2019-05-02 20:00,470358920,91061486.912,91.061486912,106.41439056396484,114.65898011608991
2019-05-02 20:15,512746196,99267663.5456,99.2676635456,103.0080337524414,114.65898011608991
2019-05-02 20:30,549994096,106478856.9856,106.4788569856,100.40055084228516,114.53871391916685
2019-05-02 20:45,510515206,98835743.8816,98.8357438816,99.03837585449219,114.44956406468036
2019-05-02 21:00,478020873,92544841.0128,92.5448410128,97.9901351928711,114.24391075521063
2019-05-02 21:15,551477927,106766126.6672,106.7661266672,96.83221435546875,114.23630270332603
2019-05-02 21:30,616018770,119261233.872,119.261233872,96.7630844116211,114.23630270332603
2019-05-02 21:45,628794947,121734701.7392,121.7347017392,98.20962524414062,114.23630270332603
2019-05-02 22:00,529824902,102574101.0272,102.5741010272,100.55777740478516,114.04039241844032
2019-05-02 22:15,581466072,112571831.5392,112.5718315392,101.78921508789062,113.63035970586294
2019-05-02 22:30,630058257,121979278.5552,121.9792785552,102.98390197753906,113.61527335181582
2019-05-02 22:45,533639892,103312683.0912,103.3126830912,104.6749267578125,113.12051407073136
2019-05-02 23:00,642139390,124318185.904,124.318185904,105.07901763916016,113.12051407073136
2019-05-02 23:15,476202555,92192814.648,92.192814648,106.24264526367188,113.12051407073136
2019-05-02 23:30,496808251,96182077.3936,96.1820773936,105.3371810913086,113.12051407073136
2019-05-02 23:45,404239412,78260750.16319999,78.26075016319999,103.67372131347656,113.12067920674126
2019-05-03 00:00,638208440,123557153.984,123.557153984,100.4402847290039,113.12067920674126
2019-05-03 00:15,680919265,131825969.704,131.825969704,99.93665313720703,113.12067920674126
2019-05-03 00:30,646722321,125205441.3456,125.2054413456,101.60498046875,113.12067920674126
2019-05-03 00:45,567148999,109800046.2064,109.8000462064,103.88243865966797,113.12067920674126
2019-05-03 01:00,303842817,58823969.3712,58.82396937119999,105.164306640625,113.15515724652217
2019-05-03 01:15,235661826,45624129.5136,45.6241295136,102.06874084472656,113.11001613867354
2019-05-03 01:30,224473480,43458065.728,43.458065728,95.94202423095703,113.13020991359825
2019-05-03 01:45,222801029,43134279.2144,43.1342792144,88.64122009277344,113.0914265421307
2019-05-03 02:00,176498395,34170089.272,34.170089272,81.43885040283203,113.07446471482831
2019-05-03 02:15,140431564,27187550.7904,27.1875507904,74.35820007324219,113.49329681764739
2019-05-03 02:30,127411115,24666791.864,24.666791864,67.5663070678711,113.68775626473187
2019-05-03 02:45,137693387,26657439.7232,26.6574397232,61.66471862792969,113.73263787313635
2019-05-03 03:00,90100575,17443471.32,17.44347132,57.74566650390625,113.84192252540117
2019-05-03 03:15,59650352,11548308.1472,11.5483081472,54.60408401489258,114.44689829766342
2019-05-03 03:30,57625391,11156275.6976,11.1562756976,52.705806732177734,115.26572520274392
2019-05-03 03:45,76776272,14863886.2592,14.8638862592,52.15530776977539,116.04891811597423
2019-05-03 04:00,65274254,12637095.5744,12.6370955744,52.95675277709961,116.8393062410644
2019-05-03 04:15,57764131,11183135.7616,11.1831357616,54.60126495361328,117.46474708312476
2019-05-03 04:30,49933601,9667145.1536,9.6671451536,56.70664978027344,118.0232134777421
2019-05-03 04:45,29758891,5761321.2976,5.7613212976,59.11461639404297,118.79097796947622
2019-05-03 05:00,32480106,6288148.5216,6.288148521599999,61.48078536987305,119.43816958312603
2019-05-03 05:15,46435817,8989974.1712,8.9899741712,63.846065521240234,119.71414724195385
2019-05-03 05:30,40282973,7798783.5728,7.798783572800001,66.33382415771484,120.82397918276291
2019-05-03 05:45,36518477,7069977.1472,7.0699771472,68.8309097290039,122.2579495201437
2019-05-03 06:00,49788848,9639120.9728,9.6391209728,71.23204803466797,122.61726188682374
2019-05-03 06:15,88864831,17204231.2816,17.2042312816,73.61870574951172,123.02493551354542
2019-05-03 06:30,142303530,27549963.408,27.549963408,76.17423248291016,123.03943209612864
2019-05-03 06:45,198818821,38491323.7456,38.4913237456,79.02397918701172,122.99450330600702
2019-05-03 07:00,209125767,40486748.4912,40.4867484912,82.09860229492188,123.01720950736804
2019-05-03 07:15,336005679,65050699.4544,65.05069945439999,85.1587142944336,123.01653716789916
2019-05-03 07:30,355887767,68899871.6912,68.8998716912,88.86019134521484,123.01684384906041
2019-05-03 07:45,404096155,78233015.608,78.233015608,92.58448028564453,123.01684384906041
2019-05-03 08:00,393722752,76224724.7872,76.2247247872,96.31890106201172,123.01684384906041
2019-05-03 08:15,448419833,86814079.6688,86.81407966879999,99.61286163330078,123.01684384906041
2019-05-03 08:30,344178119,66632883.8384,66.6328838384,102.50692749023438,123.01926191206249
2019-05-03 08:45,332476918,64367531.3248,64.3675313248,103.6918716430664,123.02288310885096
2019-05-03 09:00,341259292,66067798.9312,66.0677989312,103.5335464477539,123.02642173763451
2019-05-03 09:15,367875050,71220609.67999999,71.22060968,102.54500579833984,123.02642173763451
2019-05-03 09:30,331840701,64244359.7136,64.24435971359999,101.35459899902344,123.03320410946961
2019-05-03 09:45,301747664,58418347.7504,58.4183477504,99.74018859863281,123.04254608945814
2019-05-03 10:00,293605917,56842105.5312,56.8421055312,97.68875122070312,123.05093263967511
2019-05-03 10:15,371154586,71855527.8496,71.85552784960001,95.45236206054688,123.05093263967511
2019-05-03 10:30,367188647,71087722.0592,71.0877220592,94.01687622070312,123.05093263967511
2019-05-03 10:45,365486552,70758196.4672,70.7581964672,93.06832885742188,123.05093263967511
2019-05-03 11:00,369291099,71494756.7664,71.49475676639999,92.42572021484375,123.05093263967511
2019-05-03 11:15,294579609,57030612.3024,57.0306123024,91.99340057373047,123.06955762250578
2019-05-03 11:30,359641032,69626503.7952,69.62650379520001,90.97703552246094,123.06955762250578
2019-05-03 11:45,368134098,71270761.3728,71.2707613728,90.40132904052734,123.06955762250578
2019-05-03 12:00,354448089,68621150.0304,68.62115003039999,90.20439910888672,123.07089050601425
2019-05-03 12:15,376642763,72918038.91679999,72.91803891679999,90.03105926513672,123.07089050601425
2019-05-03 12:30,442264183,85622345.8288,85.6223458288,90.11901092529297,123.07089050601425
2019-05-03 12:45,543916608,105302255.3088,105.3022553088,91.07681274414062,123.07089050601425
2019-05-03 13:00,552393630,106943406.768,106.943406768,93.5645751953125,123.07089050601425
2019-05-03 13:15,522836211,101221090.4496,101.2210904496,97.0632095336914,123.07089050601425
2019-05-03 13:30,452202404,87546385.4144,87.54638541439999,100.32431030273438,123.07089050601425
2019-05-03 13:45,644741817,124822015.7712,124.8220157712,102.00121307373047,123.07089050601425
2019-05-03 14:00,382983900,74145683.03999999,74.14568304,105.1866226196289,123.07089050601425
2019-05-03 14:15,429715851,83192988.7536,83.1929887536,105.20265197753906,123.07089050601425
2019-05-03 14:30,353927619,68520387.0384,68.52038703839999,104.00515747070312,123.07215261694704
2019-05-03 14:45,382842111,74118232.68959999,74.11823268959999,101.14002990722656,123.07215261694704
2019-05-03 15:00,386321680,74791877.248,74.79187724799999,97.99980163574219,123.07215261694704
2019-05-03 15:15,469911443,90974855.3648,90.9748553648,95.04450225830078,123.07215261694704
2019-05-03 15:30,539158512,104381087.9232,104.3810879232,93.63809204101562,123.07215261694704
2019-05-03 15:45,530119526,102631140.2336,102.6311402336,94.20183563232422,123.07215261694704
2019-05-03 16:00,409100879,79201930.1744,79.2019301744,95.70697021484375,123.07215261694704
2019-05-03 16:15,389819010,75468960.336,75.468960336,95.9410171508789,123.07215261694704
2019-05-03 16:30,421532740,81608738.464,81.608738464,95.14013671875,123.07215261694704
2019-05-03 16:45,473302062,91631279.2032,91.6312792032,94.2417221069336,123.07215261694704
2019-05-03 17:00,519531729,100581342.7344,100.5813427344,94.0523681640625,123.07215261694704
2019-05-03 17:15,585634420,113378823.712,113.378823712,94.91622161865234,123.07215261694704
2019-05-03 17:30,612253489,118532275.4704,118.5322754704,97.18087768554688,123.07215261694704
2019-05-03 17:45,694673026,134488697.83359998,134.4886978336,100.3619613647461,123.07215261694704
2019-05-03 18:00,587031084,113649217.8624,113.6492178624,104.84512329101562,123.07215261694704
2019-05-03 18:15,575037977,111327352.3472,111.3273523472,108.01831817626953,123.07215261694704
2019-05-03 18:30,600181807,116195197.8352,116.1951978352,109.93994903564453,123.07215261694704
2019-05-03 18:45,591425534,114499983.3824,114.4999833824,111.2210693359375,123.07215261694704
2019-05-03 19:00,490256327,94913624.9072,94.9136249072,111.7997055053711,123.07215261694704
2019-05-03 19:15,502637752,97310668.7872,97.3106687872,110.43822479248047,123.07215261694704
2019-05-03 19:30,585971972,113444173.7792,113.4441737792,108.28634643554688,123.07215261694704
2019-05-03 19:45,601840230,116516268.528,116.516268528,107.04029083251953,123.07215261694704
2019-05-03 20:00,567877167,109941019.5312,109.9410195312,106.61060333251953,123.07215261694704
2019-05-03 20:15,486754052,94235584.4672,94.2355844672,106.21125793457031,123.07215261694704
2019-05-03 20:30,582196907,112713321.1952,112.7133211952,104.74447631835938,123.07215261694704
2019-05-03 20:45,563322481,109059232.3216,109.0592323216,104.15596771240234,123.07215261694704
2019-05-03 21:00,501127053,97018197.4608,97.0181974608,103.81916046142578,123.07215261694704
2019-05-03 21:15,486096561,94108294.2096,94.1082942096,102.80476379394531,123.07215261694704
2019-05-03 21:30,503259099,97430961.5664,97.4309615664,101.3001480102539,123.07215261694704
2019-05-03 21:45,502634782,97310093.7952,97.3100937952,99.9216537475586,123.07215261694704
2019-05-03 22:00,484996130,93895250.768,93.895250768,98.72514343261719,123.07215261694704
2019-05-03 22:15,450031060,87126013.21599999,87.12601321599999,97.54693603515625,123.07215261694704
2019-05-03 22:30,433523197,83930090.9392,83.9300909392,96.0221176147461,123.07215261694704
2019-05-03 22:45,535548936,103682274.0096,103.6822740096,94.2611312866211,123.07215261694704
2019-05-03 23:00,488959403,94662540.4208,94.6625404208,93.96426391601562,123.07215261694704
2019-05-03 23:15,524552188,101553303.5968,101.5533035968,93.89349365234375,123.07215261694704
2019-05-03 23:30,463266807,89688453.8352,89.6884538352,94.49046325683594,123.07215261694704
2019-05-03 23:45,427183697,82702763.7392,82.7027637392,94.56642150878906,123.07215261694704
2019-05-04 00:00,501493379,97089118.1744,97.0891181744,93.85808563232422,123.07215261694704
2019-05-04 00:15,526802522,101988968.2592,101.9889682592,93.8091049194336,123.07215261694704
2019-05-04 00:30,525287598,101695678.9728,101.6956789728,94.48014831542969,123.07215261694704
2019-05-04 00:45,467076018,90425917.0848,90.4259170848,95.48653411865234,123.07215261694704
2019-05-04 01:00,205894403,39861156.4208,39.8611564208,95.79000854492188,123.13640232022674
2019-05-04 01:15,184187462,35658692.6432,35.658692643200006,92.10025787353516,123.23108423104483
2019-05-04 01:30,188089552,36414137.2672,36.4141372672,86.31954193115234,123.28283077928938
2019-05-04 01:45,223090686,43190356.8096,43.1903568096,80.02212524414062,123.2840810947929
2019-05-04 02:00,143965321,27871686.1456,27.8716861456,74.5961685180664,123.50097544836497
2019-05-04 02:15,141215488,27339318.4768,27.3393184768,69.15180969238281,123.67292921638617
2019-05-04 02:30,117243533,22698347.9888,22.6983479888,64.80413055419922,123.8157482740896
2019-05-04 02:45,125890236,24372349.6896,24.3723496896,61.2127799987793,123.82083210410862
2019-05-04 03:00,82263172,15926150.0992,15.9261500992,58.841739654541016,124.27568744794408
2019-05-04 03:15,118739441,22987955.7776,22.9879557776,57.70558166503906,124.0185706805325
2019-05-04 03:30,88937550,17218309.68,17.21830968,58.05194854736328,123.68991463454714
2019-05-04 03:45,76608977,14831497.9472,14.8314979472,59.01619338989258,123.50640134583305
2019-05-04 04:00,76483300,14807166.88,14.80716688,60.29539108276367,123.50801731964421
2019-05-04 04:15,87205738,16883030.8768,16.8830308768,61.92247772216797,123.28981367342222
2019-05-04 04:30,61810967,11966603.2112,11.9666032112,63.892696380615234,123.24354020436287
2019-05-04 04:45,64406827,12469161.7072,12.4691617072,65.92850494384766,123.10394129885245
2019-05-04 05:00,105899961,20502232.4496,20.5022324496,67.95863342285156,122.35080313942362
2019-05-04 05:15,91058701,17628964.5136,17.6289645136,70.30240631103516,121.7607485851986
2019-05-04 05:30,120183973,23267617.1728,23.2676171728,72.63238525390625,121.0635325559789
2019-05-04 05:45,83123280,16092667.008,16.092667008,75.00691223144531,120.65260339077636
2019-05-04 06:00,53977192,10449984.3712,10.4499843712,77.02059936523438,120.46576379100576
2019-05-04 06:15,65695525,12718653.64,12.71865364,78.49625396728516,120.31093698629687
2019-05-04 06:30,81316919,15742955.5184,15.7429555184,79.75048065185547,120.38881041039318
2019-05-04 06:45,119926536,23217777.3696,23.2177773696,80.97612762451172,120.56695677878555
2019-05-04 07:00,97130686,18804500.8096,18.8045008096,82.4169921875,121.12537599168579
2019-05-04 07:15,90818826,17582524.7136,17.582524713599998,83.7469711303711,121.78730009650438
2019-05-04 07:30,142426983,27573863.9088,27.5738639088,84.9051284790039,122.05798160758619
2019-05-04 07:45,164767155,31898921.208,31.898921208,86.25817108154297,122.20648606220183
2019-05-04 08:00,168081219,32540523.9984,32.5405239984,87.78591918945312,122.33195404343667
2019-05-04 08:15,181885374,35213008.4064,35.2130084064,89.27922821044922,122.41316557401878
2019-05-04 08:30,232857314,45081175.9904,45.0811759904,90.70083618164062,122.44205258032169
2019-05-04 08:45,284502398,55079664.2528,55.0796642528,92.25737762451172,122.45388339588797
2019-05-04 09:00,256751999,49707187.0064,49.7071870064,94.05257415771484,122.46701170867489
2019-05-04 09:15,309977771,60011696.4656,60.0116964656,95.50411987304688,122.4697364528382
2019-05-04 09:30,352359330,68216766.288,68.216766288,96.9371337890625,122.47155294894708
2019-05-04 09:45,371909325,72001645.32,72.00164532,98.56455993652344,122.46701170867489
2019-05-04 10:00,409393886,79258656.32959999,79.25865632959999,100.18577575683594,122.45634864060716
2019-05-04 10:15,414299732,80208428.1152,80.2084281152,101.72117614746094,122.44305519181036
2019-05-04 10:30,468863485,90771970.696,90.771970696,102.91034698486328,122.44305519181036
2019-05-04 10:45,435247532,84263922.1952,84.2639221952,104.05416107177734,122.44305519181036
2019-05-04 11:00,518936033,100466015.9888,100.4660159888,104.62281799316406,122.44305519181036
2019-05-04 11:15,474483057,91859919.8352,91.8599198352,105.45170593261719,122.44305519181036
2019-05-04 11:30,484538057,93806567.8352,93.8065678352,106.26837158203125,122.43594254795545
2019-05-04 11:45,455626288,88209249.3568,88.2092493568,106.82691192626953,122.43574202565772
2019-05-04 12:00,472386291,91453985.9376,91.4539859376,106.93875122070312,122.43574202565772
2019-05-04 12:15,448988900,86924251.03999999,86.92425103999999,106.59932708740234,122.43468043702266
2019-05-04 12:30,455830664,88248816.5504,88.24881655040001,105.6288833618164,122.43468043702266
2019-05-04 12:45,465414998,90104343.6128,90.1043436128,104.50082397460938,122.43468043702266
2019-05-04 13:00,415789765,80496898.504,80.49689850399999,103.40986633300781,122.43468043702266
2019-05-04 13:15,434687325,84155466.12,84.15546612,101.74217224121094,122.43468043702266
2019-05-04 13:30,462763895,89591090.072,89.591090072,100.1622085571289,122.43468043702266
2019-05-04 13:45,425337181,82345278.24159999,82.34527824159998,99.10255432128906,122.43468043702266
2019-05-04 14:00,419216774,81160367.4464,81.1603674464,97.90223693847656,122.43468043702266
2019-05-04 14:15,513828742,99477244.4512,99.4772444512,96.65570068359375,122.43468043702266
2019-05-04 14:30,519614985,100597461.096,100.597461096,96.74900817871094,122.43468043702266
2019-05-04 14:45,492450970,95338507.792,95.338507792,97.66273498535156,122.43156644369316
2019-05-04 15:00,485857527,94062017.2272,94.0620172272,98.55184936523438,122.43156644369316
2019-05-04 15:15,452669248,87636766.4128,87.6367664128,99.20889282226562,122.43156644369316
2019-05-04 15:30,428953131,83045326.1616,83.04532616159999,99.16852569580078,122.43156644369316
2019-05-04 15:45,550645566,106604981.5776,106.6049815776,98.38088989257812,122.43156644369316
2019-05-04 16:00,479009408,92736221.3888,92.7362213888,98.87754821777344,122.43156644369316
2019-05-04 16:15,511964708,99116367.4688,99.1163674688,99.0289535522461,122.43156644369316
2019-05-04 16:30,521611651,100984015.6336,100.9840156336,99.41935729980469,122.43156644369316
2019-05-04 16:45,496848888,96189944.7168,96.1899447168,99.99552917480469,122.43156644369316
2019-05-04 17:00,507243029,98202250.4144,98.2022504144,100.25377655029297,122.43156644369316
2019-05-04 17:15,402793515,77980824.504,77.980824504,100.43399047851562,122.43156644369316
2019-05-04 17:30,455404414,88166294.5504,88.16629455040001,99.09906005859375,122.43156644369316
2019-05-04 17:45,501896786,97167217.7696,97.1672177696,97.75096130371094,122.43156644369316
2019-05-04 18:00,464541295,89935194.712,89.935194712,97.1386947631836,122.43156644369316
2019-05-04 18:15,488836234,94638694.9024,94.6386949024,96.49847412109375,122.43156644369316
2019-05-04 18:30,456668002,88410925.1872,88.4109251872,96.23943328857422,122.43156644369316
2019-05-04 18:45,585216674,113297948.0864,113.2979480864,95.78638458251953,122.43156644369316
2019-05-04 19:00,490490377,94958936.9872,94.9589369872,97.02859497070312,122.43156644369316
2019-05-04 19:15,511882776,99100505.4336,99.1005054336,97.78977966308594,122.43156644369316
2019-05-04 19:30,546392882,105781661.9552,105.7816619552,98.50084686279297,122.43156644369316
2019-05-04 19:45,389574524,75421627.8464,75.42162784639999,99.55311584472656,122.43156644369316
2019-05-04 20:00,431146578,83469977.5008,83.4699775008,98.50434875488281,122.43156644369316
2019-05-04 20:15,521457260,100954125.536,100.954125536,96.96463012695312,122.43156644369316
2019-05-04 20:30,575544517,111425418.4912,111.4254184912,96.51232147216797,122.43156644369316
2019-05-04 20:45,480486127,93022114.1872,93.0221141872,97.45242309570312,122.43156644369316
2019-05-04 21:00,554570574,107364863.1264,107.3648631264,97.78955841064453,122.43156644369316
2019-05-04 21:15,511435197,99013854.1392,99.0138541392,98.79286193847656,122.43156644369316
2019-05-04 21:30,562215705,108844960.488,108.84496048799998,99.43705749511719,122.43156644369316
2019-05-04 21:45,595445995,115278344.632,115.278344632,100.50469207763672,122.43156644369316
2019-05-04 22:00,639458878,123799238.7808,123.7992387808,102.14201354980469,122.43156644369316
2019-05-04 22:15,711070147,137663180.4592,137.6631804592,104.52455139160156,122.43156644369316
2019-05-04 22:30,621191644,120262702.2784,120.2627022784,108.04914855957031,122.43156644369316
2019-05-04 22:45,602612767,116665831.6912,116.6658316912,110.55010986328125,122.43156644369316
2019-05-04 23:00,592709210,114748503.056,114.748503056,111.90487670898438,122.43156644369316
2019-05-04 23:15,573694511,111067257.3296,111.0672573296,112.27726745605469,122.43156644369316
2019-05-04 23:30,554549621,107360806.6256,107.3608066256,111.71981811523438,122.43156644369316
2019-05-04 23:45,531216520,102843518.272,102.843518272,110.40386199951172,122.43156644369316
2019-05-05 00:00,587917160,113820762.176,113.820762176,108.43048858642578,122.43156644369316
2019-05-05 00:15,594785126,115150400.3936,115.1504003936,107.09296417236328,122.43156644369316
2019-05-05 00:30,565231863,109428888.6768,109.4288886768,106.32775115966797,122.43156644369316
2019-05-05 00:45,524058510,101457727.536,101.457727536,105.5447006225586,122.43156644369316
2019-05-05 01:00,309784543,59974287.5248,59.9742875248,104.27705383300781,122.43803033893774
2019-05-05 01:15,246159449,47656469.3264,47.6564693264,99.88897705078125,122.40979208124514
2019-05-05 01:30,218520050,42305481.68,42.30548168,93.42706298828125,122.35793937413709
2019-05-05 01:45,217164757,42043096.9552,42.0430969552,86.11968994140625,122.33114015881645
2019-05-05 02:00,230059127,44539446.9872,44.5394469872,79.12964630126953,122.32972470730304
2019-05-05 02:15,171453815,33193458.584,33.193458584,73.12300109863281,122.21118064305465
2019-05-05 02:30,128294305,24837777.448,24.837777448,67.5561752319336,122.27192710383865
2019-05-05 02:45,107011180,20717364.448,20.717364448,62.46271514892578,122.35063800341372
2019-05-05 03:00,142907141,27666822.4976,27.6668224976,58.50486755371094,122.25937676708638
2019-05-05 03:15,147025559,28464148.2224,28.4641482224,55.9581184387207,121.79580460101414
2019-05-05 03:30,100759389,19507017.7104,19.5070177104,54.96516036987305,121.94434444191762
2019-05-05 03:45,98207338,19012940.6368,19.0129406368,55.042640686035156,121.86260211701799
2019-05-05 04:00,59058010,11433630.736,11.433630736,56.04364776611328,122.01315897632809
2019-05-05 04:15,71110247,13766943.8192,13.7669438192,57.22493362426758,122.07644145440695
2019-05-05 04:30,57698647,11170458.0592,11.1704580592,58.689273834228516,122.3370260780264
2019-05-05 04:45,48640165,9416735.944,9.416735944,60.34955596923828,122.43478659588617
2019-05-05 05:00,45382431,8786038.6416,8.7860386416,62.16236114501953,122.58895285655547
2019-05-05 05:15,41021953,7941850.1008,7.9418501008,64.12821197509766,123.17620009861221
2019-05-05 05:30,42394483,8207571.908799999,8.207571908799999,66.11721801757812,123.62985230866128
2019-05-05 05:45,83780961,16219994.0496,16.2199940496,68.15187072753906,123.90341190448703
2019-05-05 06:00,37701517,7299013.6912,7.2990136912,70.56829071044922,124.33792013281717
2019-05-05 06:15,47462113,9188665.0768,9.1886650768,72.77938079833984,124.38615164313674
2019-05-05 06:30,51201128,9912538.3808,9.9125383808,74.85388946533203,124.52163394382897
2019-05-05 06:45,67229217,13015576.4112,13.0155764112,76.78805541992188,124.67374779980382
2019-05-05 07:00,54831215,10615323.224,10.615323224,78.7288818359375,125.25121663098875
2019-05-05 07:15,60522091,11717076.8176,11.7170768176,80.43154907226562,125.59449900927939
2019-05-05 07:30,83871601,16237541.9536,16.237541953599997,82.01083374023438,125.64597426265053
2019-05-05 07:45,120154955,23261999.288,23.261999288,83.61211395263672,125.77590091615262
2019-05-05 08:00,102292521,19803832.0656,19.8038320656,85.37728881835938,126.10088858363238
2019-05-05 08:15,142016065,27494310.184,27.494310184,86.97698211669922,126.18116827530149
2019-05-05 08:30,199807986,38682826.0896,38.6828260896,88.61465454101562,126.16315665479331
2019-05-05 08:45,222904408,43154293.3888,43.15429338879999,90.51020050048828,126.16459569716528
2019-05-05 09:00,251080877,48609257.7872,48.6092577872,92.53773498535156,126.16937284602305
2019-05-05 09:15,279448796,54101286.9056,54.1012869056,94.57384490966797,126.16713171446014
2019-05-05 09:30,309551771,59929222.8656,59.9292228656,96.49577331542969,126.16713171446014
2019-05-05 09:45,384530546,74445113.7056,74.4451137056,98.2690658569336,126.16713171446014
2019-05-05 10:00,399940190,77428420.784,77.428420784,100.35709381103516,126.16713171446014
2019-05-05 10:15,378627339,73302252.8304,73.30225283040001,102.44385528564453,126.16713171446014
2019-05-05 10:30,450614170,87238903.31199999,87.23890331199999,103.92465209960938,126.16713171446014
2019-05-05 10:45,420875383,81481474.1488,81.4814741488,105.28182983398438,126.16713171446014
2019-05-05 11:00,470583388,91104943.9168,91.1049439168,105.94618225097656,126.16713171446014
2019-05-05 11:15,393799514,76239585.9104,76.23958591040001,106.38458251953125,126.16713171446014
2019-05-05 11:30,401466546,77723923.3056,77.7239233056,105.90058135986328,126.16713171446014
2019-05-05 11:45,426525378,82575313.18079999,82.5753131808,104.81498718261719,126.16713171446014
2019-05-05 12:00,432485821,83729254.9456,83.7292549456,103.93785858154297,126.16713171446014
2019-05-05 12:15,466638208,90341157.0688,90.3411570688,103.025146484375,126.16713171446014
2019-05-05 12:30,493840485,95607517.896,95.607517896,102.6056900024414,126.16713171446014
2019-05-05 12:45,430761041,83395337.5376,83.3953375376,102.67779541015625,126.16713171446014
2019-05-05 13:00,368787507,71397261.3552,71.39726135519999,102.28968811035156,126.16713171446014
2019-05-05 13:15,399154153,77276244.0208,77.2762440208,100.69452667236328,126.16713171446014
2019-05-05 13:30,383561682,74257541.6352,74.2575416352,98.97257232666016,126.16713171446014
2019-05-05 13:45,369067117,71451393.8512,71.4513938512,97.06119537353516,126.16713171446014
2019-05-05 14:00,448508861,86831315.4896,86.8313154896,95.0042953491211,126.16713171446014
2019-05-05 14:15,430430768,83331396.6848,83.3313966848,94.1273422241211,126.16713171446014
2019-05-05 14:30,462462649,89532768.8464,89.53276884639999,93.75470733642578,126.16713171446014
2019-05-05 14:45,466160142,90248603.4912,90.2486034912,94.11641693115234,126.16713171446014
2019-05-05 15:00,422826831,81859274.4816,81.8592744816,94.87508392333984,126.16713171446014
2019-05-05 15:15,521008217,100867190.8112,100.8671908112,95.17957305908203,126.16713171446014
2019-05-05 15:30,479461515,92823749.304,92.823749304,96.47193908691406,126.16713171446014
2019-05-05 15:45,441700984,85513310.5024,85.51331050239999,97.58931732177734,126.16713171446014
2019-05-05 16:00,488964547,94663536.2992,94.6635362992,97.96703338623047,126.16713171446014
2019-05-05 16:15,504778282,97725075.3952,97.7250753952,98.47967529296875,126.16713171446014
2019-05-05 16:30,479082089,92750292.4304,92.7502924304,99.17481231689453,126.16713171446014
2019-05-05 16:45,501481141,97086748.8976,97.0867488976,99.51740264892578,126.16713171446014
2019-05-05 17:00,463425883,89719250.9488,89.7192509488,99.90958404541016,126.16713171446014
2019-05-05 17:15,481517997,93221884.2192,93.2218842192,99.7149887084961,126.16713171446014
2019-05-05 17:30,456850221,88446202.78559999,88.4462027856,99.4383316040039,126.16713171446014
2019-05-05 17:45,470693701,91126300.5136,91.1263005136,98.77062225341797,126.16713171446014
2019-05-05 18:00,448384386,86807217.1296,86.8072171296,98.12120819091797,126.16713171446014
2019-05-05 18:15,456427501,88364364.1936,88.3643641936,97.2290267944336,126.16713171446014
2019-05-05 18:30,453019225,87704521.96,87.70452196,96.40030670166016,126.16713171446014
2019-05-05 18:45,485614178,94014904.8608,94.0149048608,95.6414566040039,126.16713171446014
2019-05-05 19:00,463324091,89699544.0176,89.6995440176,95.43289184570312,126.16713171446014
2019-05-05 19:15,501925260,97172730.336,97.172730336,95.2548599243164,126.16713171446014
2019-05-05 19:30,468561865,90713577.064,90.713577064,95.63225555419922,126.16713171446014
2019-05-05 19:45,453355285,87769583.176,87.769583176,95.82636260986328,126.16713171446014
2019-05-05 20:00,463656070,89763815.152,89.76381515199999,95.67951965332031,126.16713171446014
2019-05-05 20:15,478018765,92544432.904,92.544432904,95.48448944091797,126.16713171446014
2019-05-05 20:30,490637812,94987480.4032,94.9874804032,95.47402954101562,126.16713171446014
2019-05-05 20:45,509275196,98595677.9456,98.5956779456,95.72419738769531,126.16713171446014
2019-05-05 21:00,482874305,93484465.448,93.484465448,96.35646057128906,126.16713171446014
2019-05-05 21:15,484456931,93790861.8416,93.7908618416,96.77120208740234,126.16713171446014
2019-05-05 21:30,475630825,92082127.72,92.08212772,97.02738952636719,126.16713171446014
2019-05-05 21:45,455407705,88166931.688,88.16693168799999,97.03768920898438,126.16713171446014
2019-05-05 22:00,488319069,94538571.7584,94.5385717584,96.61337280273438,126.16713171446014
2019-05-05 22:15,524022596,101450774.5856,101.4507745856,96.44185638427734,126.16713171446014
2019-05-05 22:30,433702589,83964821.2304,83.96482123039999,96.90016174316406,126.16713171446014
2019-05-05 22:45,452700987,87642911.0832,87.64291108319999,96.431884765625,126.16713171446014
2019-05-05 23:00,443531155,85867631.608,85.867631608,95.7494888305664,126.16713171446014
2019-05-05 23:15,507049835,98164848.056,98.164848056,94.88554382324219,126.16713171446014
2019-05-05 23:30,454232199,87939353.7264,87.9393537264,94.87321472167969,126.16713171446014
2019-05-05 23:45,374586748,72519994.4128,72.5199944128,94.62547302246094,126.16713171446014
