model_name,horizon,split_name,unit,sample_idx,time_index,timestamp,y_true,y_pred,abs_error,ape_pct
delta_calendar_huber,t+1 (one-step ahead),temporal_holdout_seq96_train0.65_val0.15_test0.20,Traffic_Mbps_scaled,0,2688,2019-04-29 00:00:00,160.71133,158.87299,1.8383400000000165,1.1438770371696982
delta_calendar_huber,t+1 (one-step ahead),temporal_holdout_seq96_train0.65_val0.15_test0.20,Traffic_Mbps_scaled,1,2689,2019-04-29 00:15:00,157.0701,159.11188,2.041780000000017,1.299916406750882
delta_calendar_huber,t+1 (one-step ahead),temporal_holdout_seq96_train0.65_val0.15_test0.20,Traffic_Mbps_scaled,2,2690,2019-04-29 00:30:00,154.244,155.53781,1.2938100000000077,0.8388073442078835
delta_calendar_huber,t+1 (one-step ahead),temporal_holdout_seq96_train0.65_val0.15_test0.20,Traffic_Mbps_scaled,3,2691,2019-04-29 00:45:00,136.81113,152.77206,15.960930000000019,11.666397317235827
delta_calendar_huber,t+1 (one-step ahead),temporal_holdout_seq96_train0.65_val0.15_test0.20,Traffic_Mbps_scaled,4,2692,2019-04-29 01:00:00,126.43498,135.31984,8.884860000000003,7.027216676903815
delta_calendar_huber,t+1 (one-step ahead),temporal_holdout_seq96_train0.65_val0.15_test0.20,Traffic_Mbps_scaled,5,2693,2019-04-29 01:15:00,98.2447,124.99735,26.752650000000003,27.230629234961278
delta_calendar_huber,t+1 (one-step ahead),temporal_holdout_seq96_train0.65_val0.15_test0.20,Traffic_Mbps_scaled,6,2694,2019-04-29 01:30:00,83.880226,96.85849,12.97826400000001,15.47237605201494
delta_calendar_huber,t+1 (one-step ahead),temporal_holdout_seq96_train0.65_val0.15_test0.20,Traffic_Mbps_scaled,7,2695,2019-04-29 01:45:00,85.43559,82.545654,2.889936000000006,3.3825903233067223
delta_calendar_huber,t+1 (one-step ahead),temporal_holdout_seq96_train0.65_val0.15_test0.20,Traffic_Mbps_scaled,8,2696,2019-04-29 02:00:00,65.63837,84.23411,18.595740000000006,28.330593827969842
delta_calendar_huber,t+1 (one-step ahead),temporal_holdout_seq96_train0.65_val0.15_test0.20,Traffic_Mbps_scaled,9,2697,2019-04-29 02:15:00,62.175,64.504654,2.329654000000005,3.746930438279059
delta_calendar_huber,t+1 (one-step ahead),temporal_holdout_seq96_train0.65_val0.15_test0.20,Traffic_Mbps_scaled,10,2698,2019-04-29 02:30:00,61.91144,61.101562,0.8098779999999977,1.3081233452169707
delta_calendar_huber,t+1 (one-step ahead),temporal_holdout_seq96_train0.65_val0.15_test0.20,Traffic_Mbps_scaled,11,2699,2019-04-29 02:45:00,65.129135,60.89452,4.234615000000005,6.5018750824803755
delta_calendar_huber,t+1 (one-step ahead),temporal_holdout_seq96_train0.65_val0.15_test0.20,Traffic_Mbps_scaled,12,2700,2019-04-29 03:00:00,38.70569,64.397964,25.692274000000005,66.37854537666169
delta_calendar_huber,t+1 (one-step ahead),temporal_holdout_seq96_train0.65_val0.15_test0.20,Traffic_Mbps_scaled,13,2701,2019-04-29 03:15:00,40.42183,38.019882,2.4019479999999973,5.942204991708682
delta_calendar_huber,t+1 (one-step ahead),temporal_holdout_seq96_train0.65_val0.15_test0.20,Traffic_Mbps_scaled,14,2702,2019-04-29 03:30:00,30.927319,39.774696,8.847376999999998,28.60699629347115
delta_calendar_huber,t+1 (one-step ahead),temporal_holdout_seq96_train0.65_val0.15_test0.20,Traffic_Mbps_scaled,15,2703,2019-04-29 03:45:00,30.075228,30.316519,0.24129100000000037,0.8022915071500053
delta_calendar_huber,t+1 (one-step ahead),temporal_holdout_seq96_train0.65_val0.15_test0.20,Traffic_Mbps_scaled,16,2704,2019-04-29 04:00:00,24.1078,29.831688,5.723887999999999,23.74288819386256
delta_calendar_huber,t+1 (one-step ahead),temporal_holdout_seq96_train0.65_val0.15_test0.20,Traffic_Mbps_scaled,17,2705,2019-04-29 04:15:00,24.730207,23.896206,0.8340010000000007,3.3723979746712214
delta_calendar_huber,t+1 (one-step ahead),temporal_holdout_seq96_train0.65_val0.15_test0.20,Traffic_Mbps_scaled,18,2706,2019-04-29 04:30:00,21.124332,24.545412,3.42108,16.194973644610393
delta_calendar_huber,t+1 (one-step ahead),temporal_holdout_seq96_train0.65_val0.15_test0.20,Traffic_Mbps_scaled,19,2707,2019-04-29 04:45:00,23.100521,20.96143,2.1390910000000005,9.25992534973562
delta_calendar_huber,t+1 (one-step ahead),temporal_holdout_seq96_train0.65_val0.15_test0.20,Traffic_Mbps_scaled,20,2708,2019-04-29 05:00:00,32.196175,23.291378,8.904796999999995,27.657934521725007
delta_calendar_huber,t+1 (one-step ahead),temporal_holdout_seq96_train0.65_val0.15_test0.20,Traffic_Mbps_scaled,21,2709,2019-04-29 05:15:00,42.098076,32.390423,9.707653,23.0596120354764
delta_calendar_huber,t+1 (one-step ahead),temporal_holdout_seq96_train0.65_val0.15_test0.20,Traffic_Mbps_scaled,22,2710,2019-04-29 05:30:00,39.22251,42.29179,3.069279999999999,7.825302358263148
delta_calendar_huber,t+1 (one-step ahead),temporal_holdout_seq96_train0.65_val0.15_test0.20,Traffic_Mbps_scaled,23,2711,2019-04-29 05:45:00,27.164865,39.41571,12.250844999999998,45.09812583276228
delta_calendar_huber,t+1 (one-step ahead),temporal_holdout_seq96_train0.65_val0.15_test0.20,Traffic_Mbps_scaled,24,2712,2019-04-29 06:00:00,34.475307,27.638292,6.837015000000001,19.831629055544017
delta_calendar_huber,t+1 (one-step ahead),temporal_holdout_seq96_train0.65_val0.15_test0.20,Traffic_Mbps_scaled,25,2713,2019-04-29 06:15:00,25.93506,34.95157,9.016509999999997,34.76571868351181
delta_calendar_huber,t+1 (one-step ahead),temporal_holdout_seq96_train0.65_val0.15_test0.20,Traffic_Mbps_scaled,26,2714,2019-04-29 06:30:00,29.58071,26.413109,3.167601000000001,10.708333234733045
delta_calendar_huber,t+1 (one-step ahead),temporal_holdout_seq96_train0.65_val0.15_test0.20,Traffic_Mbps_scaled,27,2715,2019-04-29 06:45:00,47.99836,30.060192,17.938167999999997,37.372460225724375
delta_calendar_huber,t+1 (one-step ahead),temporal_holdout_seq96_train0.65_val0.15_test0.20,Traffic_Mbps_scaled,28,2716,2019-04-29 07:00:00,70.49388,48.66414,21.82974,30.966858399622776
delta_calendar_huber,t+1 (one-step ahead),temporal_holdout_seq96_train0.65_val0.15_test0.20,Traffic_Mbps_scaled,29,2717,2019-04-29 07:15:00,90.06549,71.15511,18.910380000000004,20.996255058402507
delta_calendar_huber,t+1 (one-step ahead),temporal_holdout_seq96_train0.65_val0.15_test0.20,Traffic_Mbps_scaled,30,2718,2019-04-29 07:30:00,83.12714,90.71829,7.591149999999999,9.131975429444582
delta_calendar_huber,t+1 (one-step ahead),temporal_holdout_seq96_train0.65_val0.15_test0.20,Traffic_Mbps_scaled,31,2719,2019-04-29 07:45:00,97.02323,83.76696,13.25627,13.662985658176913
delta_calendar_huber,t+1 (one-step ahead),temporal_holdout_seq96_train0.65_val0.15_test0.20,Traffic_Mbps_scaled,32,2720,2019-04-29 08:00:00,80.496445,97.82282,17.326375,21.52439775445984
delta_calendar_huber,t+1 (one-step ahead),temporal_holdout_seq96_train0.65_val0.15_test0.20,Traffic_Mbps_scaled,33,2721,2019-04-29 08:15:00,97.226845,81.28224,15.944604999999996,16.399385375510228
delta_calendar_huber,t+1 (one-step ahead),temporal_holdout_seq96_train0.65_val0.15_test0.20,Traffic_Mbps_scaled,34,2722,2019-04-29 08:30:00,92.727,97.99706,5.270060000000001,5.683414755141437
delta_calendar_huber,t+1 (one-step ahead),temporal_holdout_seq96_train0.65_val0.15_test0.20,Traffic_Mbps_scaled,35,2723,2019-04-29 08:45:00,101.95749,93.48352,8.473970000000008,8.311277572643274
delta_calendar_huber,t+1 (one-step ahead),temporal_holdout_seq96_train0.65_val0.15_test0.20,Traffic_Mbps_scaled,36,2724,2019-04-29 09:00:00,119.30822,103.119934,16.188286000000005,13.568458233640568
delta_calendar_huber,t+1 (one-step ahead),temporal_holdout_seq96_train0.65_val0.15_test0.20,Traffic_Mbps_scaled,37,2725,2019-04-29 09:15:00,88.71131,120.45211,31.740800000000007,35.77987970192302
delta_calendar_huber,t+1 (one-step ahead),temporal_holdout_seq96_train0.65_val0.15_test0.20,Traffic_Mbps_scaled,38,2726,2019-04-29 09:30:00,69.21647,89.849525,20.633055,29.809458644741632
delta_calendar_huber,t+1 (one-step ahead),temporal_holdout_seq96_train0.65_val0.15_test0.20,Traffic_Mbps_scaled,39,2727,2019-04-29 09:45:00,83.45688,70.3569,13.099980000000002,15.696704693489623
delta_calendar_huber,t+1 (one-step ahead),temporal_holdout_seq96_train0.65_val0.15_test0.20,Traffic_Mbps_scaled,40,2728,2019-04-29 10:00:00,78.56983,84.54195,5.972120000000004,7.601034646504905
delta_calendar_huber,t+1 (one-step ahead),temporal_holdout_seq96_train0.65_val0.15_test0.20,Traffic_Mbps_scaled,41,2729,2019-04-29 10:15:00,88.632385,79.66069,8.971694999999997,10.122366672181954
delta_calendar_huber,t+1 (one-step ahead),temporal_holdout_seq96_train0.65_val0.15_test0.20,Traffic_Mbps_scaled,42,2730,2019-04-29 10:30:00,75.12909,89.72215,14.593059999999994,19.423980777618887
delta_calendar_huber,t+1 (one-step ahead),temporal_holdout_seq96_train0.65_val0.15_test0.20,Traffic_Mbps_scaled,43,2731,2019-04-29 10:45:00,75.80483,76.22293,0.4181000000000097,0.5515479686452825
delta_calendar_huber,t+1 (one-step ahead),temporal_holdout_seq96_train0.65_val0.15_test0.20,Traffic_Mbps_scaled,44,2732,2019-04-29 11:00:00,81.228355,76.83807,4.3902849999999916,5.404867549022742
delta_calendar_huber,t+1 (one-step ahead),temporal_holdout_seq96_train0.65_val0.15_test0.20,Traffic_Mbps_scaled,45,2733,2019-04-29 11:15:00,95.57491,82.26541,13.3095,13.92572590442408
delta_calendar_huber,t+1 (one-step ahead),temporal_holdout_seq96_train0.65_val0.15_test0.20,Traffic_Mbps_scaled,46,2734,2019-04-29 11:30:00,99.05851,96.609566,2.4489439999999973,2.472219701265441
delta_calendar_huber,t+1 (one-step ahead),temporal_holdout_seq96_train0.65_val0.15_test0.20,Traffic_Mbps_scaled,47,2735,2019-04-29 11:45:00,92.43672,100.087944,7.651223999999999,8.277256051491225
delta_calendar_huber,t+1 (one-step ahead),temporal_holdout_seq96_train0.65_val0.15_test0.20,Traffic_Mbps_scaled,48,2736,2019-04-29 12:00:00,144.76991,93.38818,51.381730000000005,35.491995539680865
delta_calendar_huber,t+1 (one-step ahead),temporal_holdout_seq96_train0.65_val0.15_test0.20,Traffic_Mbps_scaled,49,2737,2019-04-29 12:15:00,173.03966,145.70204,27.337619999999987,15.798470708969253
delta_calendar_huber,t+1 (one-step ahead),temporal_holdout_seq96_train0.65_val0.15_test0.20,Traffic_Mbps_scaled,50,2738,2019-04-29 12:30:00,183.64317,173.93954,9.703630000000004,5.283959103951432
delta_calendar_huber,t+1 (one-step ahead),temporal_holdout_seq96_train0.65_val0.15_test0.20,Traffic_Mbps_scaled,51,2739,2019-04-29 12:45:00,204.84901,184.50583,20.34317999999999,9.930816848956209
delta_calendar_huber,t+1 (one-step ahead),temporal_holdout_seq96_train0.65_val0.15_test0.20,Traffic_Mbps_scaled,52,2740,2019-04-29 13:00:00,243.3266,205.58336,37.743240000000014,15.511349766116822
delta_calendar_huber,t+1 (one-step ahead),temporal_holdout_seq96_train0.65_val0.15_test0.20,Traffic_Mbps_scaled,53,2741,2019-04-29 13:15:00,205.10435,243.9974,38.89304999999999,18.962567103038033
delta_calendar_huber,t+1 (one-step ahead),temporal_holdout_seq96_train0.65_val0.15_test0.20,Traffic_Mbps_scaled,54,2742,2019-04-29 13:30:00,181.0352,205.7307,24.69550000000001,13.641269764112177
delta_calendar_huber,t+1 (one-step ahead),temporal_holdout_seq96_train0.65_val0.15_test0.20,Traffic_Mbps_scaled,55,2743,2019-04-29 13:45:00,148.8819,181.63116,32.74925999999999,21.996804178345382
delta_calendar_huber,t+1 (one-step ahead),temporal_holdout_seq96_train0.65_val0.15_test0.20,Traffic_Mbps_scaled,56,2744,2019-04-29 14:00:00,144.54718,149.40746,4.860279999999989,3.362417724095336
delta_calendar_huber,t+1 (one-step ahead),temporal_holdout_seq96_train0.65_val0.15_test0.20,Traffic_Mbps_scaled,57,2745,2019-04-29 14:15:00,156.44606,145.06883,11.377229999999997,7.272302031767369
delta_calendar_huber,t+1 (one-step ahead),temporal_holdout_seq96_train0.65_val0.15_test0.20,Traffic_Mbps_scaled,58,2746,2019-04-29 14:30:00,136.00374,156.96803,20.964290000000005,15.41449521902854
delta_calendar_huber,t+1 (one-step ahead),temporal_holdout_seq96_train0.65_val0.15_test0.20,Traffic_Mbps_scaled,59,2747,2019-04-29 14:45:00,130.83182,136.53232,5.700500000000005,4.357120461979361
delta_calendar_huber,t+1 (one-step ahead),temporal_holdout_seq96_train0.65_val0.15_test0.20,Traffic_Mbps_scaled,60,2748,2019-04-29 15:00:00,107.83934,131.31256,23.473219999999984,21.766843157608328
delta_calendar_huber,t+1 (one-step ahead),temporal_holdout_seq96_train0.65_val0.15_test0.20,Traffic_Mbps_scaled,61,2749,2019-04-29 15:15:00,101.24244,108.33874,7.096299999999999,7.009214712723241
delta_calendar_huber,t+1 (one-step ahead),temporal_holdout_seq96_train0.65_val0.15_test0.20,Traffic_Mbps_scaled,62,2750,2019-04-29 15:30:00,109.53982,101.76575,7.774070000000009,7.097026451202868
delta_calendar_huber,t+1 (one-step ahead),temporal_holdout_seq96_train0.65_val0.15_test0.20,Traffic_Mbps_scaled,63,2751,2019-04-29 15:45:00,105.47917,110.08518,4.606009999999998,4.366748430045475
delta_calendar_huber,t+1 (one-step ahead),temporal_holdout_seq96_train0.65_val0.15_test0.20,Traffic_Mbps_scaled,64,2752,2019-04-29 16:00:00,114.62477,106.048874,8.575896,7.481712722302518
delta_calendar_huber,t+1 (one-step ahead),temporal_holdout_seq96_train0.65_val0.15_test0.20,Traffic_Mbps_scaled,65,2753,2019-04-29 16:15:00,111.96394,115.20337,3.239430000000013,2.893279747032851
delta_calendar_huber,t+1 (one-step ahead),temporal_holdout_seq96_train0.65_val0.15_test0.20,Traffic_Mbps_scaled,66,2754,2019-04-29 16:30:00,126.29993,112.55024,13.749690000000001,10.886538100219058
delta_calendar_huber,t+1 (one-step ahead),temporal_holdout_seq96_train0.65_val0.15_test0.20,Traffic_Mbps_scaled,67,2755,2019-04-29 16:45:00,119.598206,126.889565,7.291359,6.09654546155985
delta_calendar_huber,t+1 (one-step ahead),temporal_holdout_seq96_train0.65_val0.15_test0.20,Traffic_Mbps_scaled,68,2756,2019-04-29 17:00:00,153.53519,120.22371,33.31148,21.696316004168168
delta_calendar_huber,t+1 (one-step ahead),temporal_holdout_seq96_train0.65_val0.15_test0.20,Traffic_Mbps_scaled,69,2757,2019-04-29 17:15:00,168.09651,154.1584,13.938109999999995,8.291730744439604
delta_calendar_huber,t+1 (one-step ahead),temporal_holdout_seq96_train0.65_val0.15_test0.20,Traffic_Mbps_scaled,70,2758,2019-04-29 17:30:00,139.95586,168.71506,28.759199999999993,20.548764446161805
delta_calendar_huber,t+1 (one-step ahead),temporal_holdout_seq96_train0.65_val0.15_test0.20,Traffic_Mbps_scaled,71,2759,2019-04-29 17:45:00,176.5917,140.57071,36.02099000000001,20.3978952578179
delta_calendar_huber,t+1 (one-step ahead),temporal_holdout_seq96_train0.65_val0.15_test0.20,Traffic_Mbps_scaled,72,2760,2019-04-29 18:00:00,160.74718,176.99269,16.245510000000024,10.106248831239233
delta_calendar_huber,t+1 (one-step ahead),temporal_holdout_seq96_train0.65_val0.15_test0.20,Traffic_Mbps_scaled,73,2761,2019-04-29 18:15:00,214.69365,161.1242,53.56944999999999,24.951576350767706
delta_calendar_huber,t+1 (one-step ahead),temporal_holdout_seq96_train0.65_val0.15_test0.20,Traffic_Mbps_scaled,74,2762,2019-04-29 18:30:00,215.17982,215.02917,0.15065000000001305,0.070011212017936
delta_calendar_huber,t+1 (one-step ahead),temporal_holdout_seq96_train0.65_val0.15_test0.20,Traffic_Mbps_scaled,75,2763,2019-04-29 18:45:00,164.78413,215.46774,50.68360999999999,30.757579628572234
delta_calendar_huber,t+1 (one-step ahead),temporal_holdout_seq96_train0.65_val0.15_test0.20,Traffic_Mbps_scaled,76,2764,2019-04-29 19:00:00,175.81477,164.87544,10.939330000000012,6.22207679138676
delta_calendar_huber,t+1 (one-step ahead),temporal_holdout_seq96_train0.65_val0.15_test0.20,Traffic_Mbps_scaled,77,2765,2019-04-29 19:15:00,189.42035,175.889,13.531350000000003,7.143556645312926
delta_calendar_huber,t+1 (one-step ahead),temporal_holdout_seq96_train0.65_val0.15_test0.20,Traffic_Mbps_scaled,78,2766,2019-04-29 19:30:00,169.71008,189.47792,19.767840000000007,11.648005822635877
delta_calendar_huber,t+1 (one-step ahead),temporal_holdout_seq96_train0.65_val0.15_test0.20,Traffic_Mbps_scaled,79,2767,2019-04-29 19:45:00,187.61433,169.76022,17.85410999999999,9.516389286468678
delta_calendar_huber,t+1 (one-step ahead),temporal_holdout_seq96_train0.65_val0.15_test0.20,Traffic_Mbps_scaled,80,2768,2019-04-29 20:00:00,187.9461,187.3846,0.5614999999999952,0.29875586670859106
delta_calendar_huber,t+1 (one-step ahead),temporal_holdout_seq96_train0.65_val0.15_test0.20,Traffic_Mbps_scaled,81,2769,2019-04-29 20:15:00,165.27438,187.71086,22.43647999999999,13.575292189872373
delta_calendar_huber,t+1 (one-step ahead),temporal_holdout_seq96_train0.65_val0.15_test0.20,Traffic_Mbps_scaled,82,2770,2019-04-29 20:30:00,216.03633,165.04063,50.9957,23.605150115260706
delta_calendar_huber,t+1 (one-step ahead),temporal_holdout_seq96_train0.65_val0.15_test0.20,Traffic_Mbps_scaled,83,2771,2019-04-29 20:45:00,231.21889,215.79802,15.42086999999998,6.669381554422296
delta_calendar_huber,t+1 (one-step ahead),temporal_holdout_seq96_train0.65_val0.15_test0.20,Traffic_Mbps_scaled,84,2772,2019-04-29 21:00:00,224.0286,230.59908,6.570479999999975,2.9328755346415476
delta_calendar_huber,t+1 (one-step ahead),temporal_holdout_seq96_train0.65_val0.15_test0.20,Traffic_Mbps_scaled,85,2773,2019-04-29 21:15:00,276.95377,223.39032,53.56345000000002,19.340213350408632
delta_calendar_huber,t+1 (one-step ahead),temporal_holdout_seq96_train0.65_val0.15_test0.20,Traffic_Mbps_scaled,86,2774,2019-04-29 21:30:00,299.09906,276.28546,22.813600000000008,7.627439551297824
delta_calendar_huber,t+1 (one-step ahead),temporal_holdout_seq96_train0.65_val0.15_test0.20,Traffic_Mbps_scaled,87,2775,2019-04-29 21:45:00,290.775,298.38696,7.6119600000000105,2.617817900438487
delta_calendar_huber,t+1 (one-step ahead),temporal_holdout_seq96_train0.65_val0.15_test0.20,Traffic_Mbps_scaled,88,2776,2019-04-29 22:00:00,319.28912,289.6932,29.595920000000035,9.26931678724287
delta_calendar_huber,t+1 (one-step ahead),temporal_holdout_seq96_train0.65_val0.15_test0.20,Traffic_Mbps_scaled,89,2777,2019-04-29 22:15:00,306.79672,318.16238,11.365659999999991,3.70462239622379
delta_calendar_huber,t+1 (one-step ahead),temporal_holdout_seq96_train0.65_val0.15_test0.20,Traffic_Mbps_scaled,90,2778,2019-04-29 22:30:00,328.66425,305.62686,23.03738999999996,7.009399409884088
delta_calendar_huber,t+1 (one-step ahead),temporal_holdout_seq96_train0.65_val0.15_test0.20,Traffic_Mbps_scaled,91,2779,2019-04-29 22:45:00,265.40518,327.45352,62.04834000000005,23.378722299240753
delta_calendar_huber,t+1 (one-step ahead),temporal_holdout_seq96_train0.65_val0.15_test0.20,Traffic_Mbps_scaled,92,2780,2019-04-29 23:00:00,239.59126,263.9191,24.32784000000001,10.153892925810402
delta_calendar_huber,t+1 (one-step ahead),temporal_holdout_seq96_train0.65_val0.15_test0.20,Traffic_Mbps_scaled,93,2781,2019-04-29 23:15:00,241.27301,238.1021,3.170909999999992,1.3142414893402259
delta_calendar_huber,t+1 (one-step ahead),temporal_holdout_seq96_train0.65_val0.15_test0.20,Traffic_Mbps_scaled,94,2782,2019-04-29 23:30:00,194.81544,239.79414,44.9787,23.087851763700044
delta_calendar_huber,t+1 (one-step ahead),temporal_holdout_seq96_train0.65_val0.15_test0.20,Traffic_Mbps_scaled,95,2783,2019-04-29 23:45:00,155.04216,193.3625,38.320340000000016,24.71607722699427
delta_calendar_huber,t+1 (one-step ahead),temporal_holdout_seq96_train0.65_val0.15_test0.20,Traffic_Mbps_scaled,96,2784,2019-04-30 00:00:00,162.71187,153.22934,9.482529999999997,5.827804695502545
delta_calendar_huber,t+1 (one-step ahead),temporal_holdout_seq96_train0.65_val0.15_test0.20,Traffic_Mbps_scaled,97,2785,2019-04-30 00:15:00,150.38388,160.94653,10.56264999999999,7.023791379767559
delta_calendar_huber,t+1 (one-step ahead),temporal_holdout_seq96_train0.65_val0.15_test0.20,Traffic_Mbps_scaled,98,2786,2019-04-30 00:30:00,140.64842,148.66983,8.021410000000003,5.703163960178155
delta_calendar_huber,t+1 (one-step ahead),temporal_holdout_seq96_train0.65_val0.15_test0.20,Traffic_Mbps_scaled,99,2787,2019-04-30 00:45:00,135.4528,138.98994,3.5371399999999937,2.6113450589430367
delta_calendar_huber,t+1 (one-step ahead),temporal_holdout_seq96_train0.65_val0.15_test0.20,Traffic_Mbps_scaled,100,2788,2019-04-30 01:00:00,119.32404,133.75418,14.430139999999994,12.09323787562003
delta_calendar_huber,t+1 (one-step ahead),temporal_holdout_seq96_train0.65_val0.15_test0.20,Traffic_Mbps_scaled,101,2789,2019-04-30 01:15:00,83.31167,117.67483,34.36315999999999,41.246514443894824
delta_calendar_huber,t+1 (one-step ahead),temporal_holdout_seq96_train0.65_val0.15_test0.20,Traffic_Mbps_scaled,102,2790,2019-04-30 01:30:00,80.40553,81.71371,1.3081800000000072,1.626977646935487
delta_calendar_huber,t+1 (one-step ahead),temporal_holdout_seq96_train0.65_val0.15_test0.20,Traffic_Mbps_scaled,103,2791,2019-04-30 01:45:00,74.489586,78.858635,4.369049000000004,5.865315186474527
delta_calendar_huber,t+1 (one-step ahead),temporal_holdout_seq96_train0.65_val0.15_test0.20,Traffic_Mbps_scaled,104,2792,2019-04-30 02:00:00,54.762165,73.08089,18.318724999999993,33.451425815615565
delta_calendar_huber,t+1 (one-step ahead),temporal_holdout_seq96_train0.65_val0.15_test0.20,Traffic_Mbps_scaled,105,2793,2019-04-30 02:15:00,59.22302,53.419193,5.803826999999998,9.799951100095871
delta_calendar_huber,t+1 (one-step ahead),temporal_holdout_seq96_train0.65_val0.15_test0.20,Traffic_Mbps_scaled,106,2794,2019-04-30 02:30:00,53.618916,57.944923,4.326007000000004,8.068061278971033
delta_calendar_huber,t+1 (one-step ahead),temporal_holdout_seq96_train0.65_val0.15_test0.20,Traffic_Mbps_scaled,107,2795,2019-04-30 02:45:00,55.065426,52.39611,2.669316000000002,4.847535366383984
delta_calendar_huber,t+1 (one-step ahead),temporal_holdout_seq96_train0.65_val0.15_test0.20,Traffic_Mbps_scaled,108,2796,2019-04-30 03:00:00,50.951664,54.125607,3.1739430000000013,6.229321578192228
delta_calendar_huber,t+1 (one-step ahead),temporal_holdout_seq96_train0.65_val0.15_test0.20,Traffic_Mbps_scaled,109,2797,2019-04-30 03:15:00,49.909725,50.055138,0.1454129999999978,0.2913520361011762
delta_calendar_huber,t+1 (one-step ahead),temporal_holdout_seq96_train0.65_val0.15_test0.20,Traffic_Mbps_scaled,110,2798,2019-04-30 03:30:00,33.689598,49.046207,15.356609000000006,45.58264245242703
delta_calendar_huber,t+1 (one-step ahead),temporal_holdout_seq96_train0.65_val0.15_test0.20,Traffic_Mbps_scaled,111,2799,2019-04-30 03:45:00,36.130592,32.859905,3.2706870000000023,9.052403569805893
delta_calendar_huber,t+1 (one-step ahead),temporal_holdout_seq96_train0.65_val0.15_test0.20,Traffic_Mbps_scaled,112,2800,2019-04-30 04:00:00,94.31413,35.601395,58.71273500000001,62.25232104669789
delta_calendar_huber,t+1 (one-step ahead),temporal_holdout_seq96_train0.65_val0.15_test0.20,Traffic_Mbps_scaled,113,2801,2019-04-30 04:15:00,69.679634,93.79747,24.11783600000001,34.61246079449845
delta_calendar_huber,t+1 (one-step ahead),temporal_holdout_seq96_train0.65_val0.15_test0.20,Traffic_Mbps_scaled,114,2802,2019-04-30 04:30:00,40.35557,69.16541,28.809839999999994,71.38999647384486
delta_calendar_huber,t+1 (one-step ahead),temporal_holdout_seq96_train0.65_val0.15_test0.20,Traffic_Mbps_scaled,115,2803,2019-04-30 04:45:00,47.796192,39.854214,7.941977999999999,16.616340481685235
delta_calendar_huber,t+1 (one-step ahead),temporal_holdout_seq96_train0.65_val0.15_test0.20,Traffic_Mbps_scaled,116,2804,2019-04-30 05:00:00,29.732048,47.49175,17.759702000000004,59.732521621114046
delta_calendar_huber,t+1 (one-step ahead),temporal_holdout_seq96_train0.65_val0.15_test0.20,Traffic_Mbps_scaled,117,2805,2019-04-30 05:15:00,27.387207,29.44759,2.0603830000000016,7.523158531645821
delta_calendar_huber,t+1 (one-step ahead),temporal_holdout_seq96_train0.65_val0.15_test0.20,Traffic_Mbps_scaled,118,2806,2019-04-30 05:30:00,23.441996,27.123577,3.6815810000000013,15.705066240946383
delta_calendar_huber,t+1 (one-step ahead),temporal_holdout_seq96_train0.65_val0.15_test0.20,Traffic_Mbps_scaled,119,2807,2019-04-30 05:45:00,22.697931,23.202845,0.5049139999999994,2.224493501191802
delta_calendar_huber,t+1 (one-step ahead),temporal_holdout_seq96_train0.65_val0.15_test0.20,Traffic_Mbps_scaled,120,2808,2019-04-30 06:00:00,38.346462,22.680668,15.665794000000002,40.85329697430757
delta_calendar_huber,t+1 (one-step ahead),temporal_holdout_seq96_train0.65_val0.15_test0.20,Traffic_Mbps_scaled,121,2809,2019-04-30 06:15:00,26.634792,38.336407,11.701615,43.933570046276316
delta_calendar_huber,t+1 (one-step ahead),temporal_holdout_seq96_train0.65_val0.15_test0.20,Traffic_Mbps_scaled,122,2810,2019-04-30 06:30:00,28.00024,26.629717,1.3705230000000022,4.8946830455739025
delta_calendar_huber,t+1 (one-step ahead),temporal_holdout_seq96_train0.65_val0.15_test0.20,Traffic_Mbps_scaled,123,2811,2019-04-30 06:45:00,46.256893,28.001482,18.255411,39.46527709935036
delta_calendar_huber,t+1 (one-step ahead),temporal_holdout_seq96_train0.65_val0.15_test0.20,Traffic_Mbps_scaled,124,2812,2019-04-30 07:00:00,47.451702,46.414494,1.0372079999999997,2.185818329551171
delta_calendar_huber,t+1 (one-step ahead),temporal_holdout_seq96_train0.65_val0.15_test0.20,Traffic_Mbps_scaled,125,2813,2019-04-30 07:15:00,85.047905,47.60956,37.438345,44.02030244013653
delta_calendar_huber,t+1 (one-step ahead),temporal_holdout_seq96_train0.65_val0.15_test0.20,Traffic_Mbps_scaled,126,2814,2019-04-30 07:30:00,85.524704,85.1995,0.3252039999999994,0.38024568901167943
delta_calendar_huber,t+1 (one-step ahead),temporal_holdout_seq96_train0.65_val0.15_test0.20,Traffic_Mbps_scaled,127,2815,2019-04-30 07:45:00,68.78471,85.66684,16.88212999999999,24.54343414401251
delta_calendar_huber,t+1 (one-step ahead),temporal_holdout_seq96_train0.65_val0.15_test0.20,Traffic_Mbps_scaled,128,2816,2019-04-30 08:00:00,87.43983,69.07526,18.36457,21.002522534638963
delta_calendar_huber,t+1 (one-step ahead),temporal_holdout_seq96_train0.65_val0.15_test0.20,Traffic_Mbps_scaled,129,2817,2019-04-30 08:15:00,85.92962,87.72002,1.7904000000000053,2.083565597054898
delta_calendar_huber,t+1 (one-step ahead),temporal_holdout_seq96_train0.65_val0.15_test0.20,Traffic_Mbps_scaled,130,2818,2019-04-30 08:30:00,89.05439,86.19841,2.8559800000000024,3.2070064148437853
delta_calendar_huber,t+1 (one-step ahead),temporal_holdout_seq96_train0.65_val0.15_test0.20,Traffic_Mbps_scaled,131,2819,2019-04-30 08:45:00,105.43517,89.30836,16.126810000000006,15.295474934976635
delta_calendar_huber,t+1 (one-step ahead),temporal_holdout_seq96_train0.65_val0.15_test0.20,Traffic_Mbps_scaled,132,2820,2019-04-30 09:00:00,79.13189,106.393845,27.261955,34.4512875908815
delta_calendar_huber,t+1 (one-step ahead),temporal_holdout_seq96_train0.65_val0.15_test0.20,Traffic_Mbps_scaled,133,2821,2019-04-30 09:15:00,54.219666,80.08244,25.86277400000001,47.69998767605837
delta_calendar_huber,t+1 (one-step ahead),temporal_holdout_seq96_train0.65_val0.15_test0.20,Traffic_Mbps_scaled,134,2822,2019-04-30 09:30:00,61.17377,55.17223,6.0015399999999985,9.810642698659898
delta_calendar_huber,t+1 (one-step ahead),temporal_holdout_seq96_train0.65_val0.15_test0.20,Traffic_Mbps_scaled,135,2823,2019-04-30 09:45:00,70.55815,62.13245,8.425699999999999,11.941497899250475
delta_calendar_huber,t+1 (one-step ahead),temporal_holdout_seq96_train0.65_val0.15_test0.20,Traffic_Mbps_scaled,136,2824,2019-04-30 10:00:00,66.061646,71.4707,5.409053999999998,8.187888627540401
delta_calendar_huber,t+1 (one-step ahead),temporal_holdout_seq96_train0.65_val0.15_test0.20,Traffic_Mbps_scaled,137,2825,2019-04-30 10:15:00,60.384045,66.975266,6.591221000000004,10.915500940687236
delta_calendar_huber,t+1 (one-step ahead),temporal_holdout_seq96_train0.65_val0.15_test0.20,Traffic_Mbps_scaled,138,2826,2019-04-30 10:30:00,75.49118,61.302925,14.188254999999998,18.794586334456554
delta_calendar_huber,t+1 (one-step ahead),temporal_holdout_seq96_train0.65_val0.15_test0.20,Traffic_Mbps_scaled,139,2827,2019-04-30 10:45:00,69.344284,76.41069,7.066406000000001,10.190322247757292
delta_calendar_huber,t+1 (one-step ahead),temporal_holdout_seq96_train0.65_val0.15_test0.20,Traffic_Mbps_scaled,140,2828,2019-04-30 11:00:00,60.48498,70.20445,9.719469999999994,16.069229087948766
delta_calendar_huber,t+1 (one-step ahead),temporal_holdout_seq96_train0.65_val0.15_test0.20,Traffic_Mbps_scaled,141,2829,2019-04-30 11:15:00,85.60705,61.348816,24.258234,28.336724603873165
delta_calendar_huber,t+1 (one-step ahead),temporal_holdout_seq96_train0.65_val0.15_test0.20,Traffic_Mbps_scaled,142,2830,2019-04-30 11:30:00,99.12348,86.46772,12.65576,12.767671191527983
delta_calendar_huber,t+1 (one-step ahead),temporal_holdout_seq96_train0.65_val0.15_test0.20,Traffic_Mbps_scaled,143,2831,2019-04-30 11:45:00,96.50794,99.97389,3.4659499999999923,3.591362534523058
delta_calendar_huber,t+1 (one-step ahead),temporal_holdout_seq96_train0.65_val0.15_test0.20,Traffic_Mbps_scaled,144,2832,2019-04-30 12:00:00,136.62521,97.280045,39.34516500000001,28.79788071323002
delta_calendar_huber,t+1 (one-step ahead),temporal_holdout_seq96_train0.65_val0.15_test0.20,Traffic_Mbps_scaled,145,2833,2019-04-30 12:15:00,165.25746,137.3751,27.882360000000006,16.87207343014954
delta_calendar_huber,t+1 (one-step ahead),temporal_holdout_seq96_train0.65_val0.15_test0.20,Traffic_Mbps_scaled,146,2834,2019-04-30 12:30:00,201.20117,165.97404,35.22712999999999,17.50841210317017
delta_calendar_huber,t+1 (one-step ahead),temporal_holdout_seq96_train0.65_val0.15_test0.20,Traffic_Mbps_scaled,147,2835,2019-04-30 12:45:00,186.84157,201.87216,15.030590000000018,8.044564172737372
delta_calendar_huber,t+1 (one-step ahead),temporal_holdout_seq96_train0.65_val0.15_test0.20,Traffic_Mbps_scaled,148,2836,2019-04-30 13:00:00,184.8816,187.36201,2.480410000000006,1.3416207994738287
delta_calendar_huber,t+1 (one-step ahead),temporal_holdout_seq96_train0.65_val0.15_test0.20,Traffic_Mbps_scaled,149,2837,2019-04-30 13:15:00,196.51485,185.37575,11.139099999999985,5.668324811076611
delta_calendar_huber,t+1 (one-step ahead),temporal_holdout_seq96_train0.65_val0.15_test0.20,Traffic_Mbps_scaled,150,2838,2019-04-30 13:30:00,166.40164,196.98325,30.581610000000012,18.378190263028664
delta_calendar_huber,t+1 (one-step ahead),temporal_holdout_seq96_train0.65_val0.15_test0.20,Traffic_Mbps_scaled,151,2839,2019-04-30 13:45:00,159.74878,166.84586,7.097079999999977,4.442650516642428
delta_calendar_huber,t+1 (one-step ahead),temporal_holdout_seq96_train0.65_val0.15_test0.20,Traffic_Mbps_scaled,152,2840,2019-04-30 14:00:00,142.14774,160.18146,18.033719999999988,12.686603388840362
delta_calendar_huber,t+1 (one-step ahead),temporal_holdout_seq96_train0.65_val0.15_test0.20,Traffic_Mbps_scaled,153,2841,2019-04-30 14:15:00,154.7196,142.56572,12.153880000000015,7.855423617951452
delta_calendar_huber,t+1 (one-step ahead),temporal_holdout_seq96_train0.65_val0.15_test0.20,Traffic_Mbps_scaled,154,2842,2019-04-30 14:30:00,121.45088,155.12708,33.67620000000001,27.72824700817319
delta_calendar_huber,t+1 (one-step ahead),temporal_holdout_seq96_train0.65_val0.15_test0.20,Traffic_Mbps_scaled,155,2843,2019-04-30 14:45:00,97.36367,121.85273,24.489059999999995,25.152153775633145
delta_calendar_huber,t+1 (one-step ahead),temporal_holdout_seq96_train0.65_val0.15_test0.20,Traffic_Mbps_scaled,156,2844,2019-04-30 15:00:00,93.29706,97.79032,4.493259999999992,4.816078877512316
delta_calendar_huber,t+1 (one-step ahead),temporal_holdout_seq96_train0.65_val0.15_test0.20,Traffic_Mbps_scaled,157,2845,2019-04-30 15:15:00,114.29835,93.72503,20.573319999999995,17.999664912048157
delta_calendar_huber,t+1 (one-step ahead),temporal_holdout_seq96_train0.65_val0.15_test0.20,Traffic_Mbps_scaled,158,2846,2019-04-30 15:30:00,100.23482,114.72962,14.494799999999998,14.460843048353853
delta_calendar_huber,t+1 (one-step ahead),temporal_holdout_seq96_train0.65_val0.15_test0.20,Traffic_Mbps_scaled,159,2847,2019-04-30 15:45:00,122.00444,100.67124,21.333200000000005,17.485593147265792
delta_calendar_huber,t+1 (one-step ahead),temporal_holdout_seq96_train0.65_val0.15_test0.20,Traffic_Mbps_scaled,160,2848,2019-04-30 16:00:00,131.61809,122.53829,9.079799999999992,6.898595778133531
delta_calendar_huber,t+1 (one-step ahead),temporal_holdout_seq96_train0.65_val0.15_test0.20,Traffic_Mbps_scaled,161,2849,2019-04-30 16:15:00,116.9332,132.15753,15.224330000000009,13.019681322327628
delta_calendar_huber,t+1 (one-step ahead),temporal_holdout_seq96_train0.65_val0.15_test0.20,Traffic_Mbps_scaled,162,2850,2019-04-30 16:30:00,118.620094,117.47801,1.142083999999997,0.9628082068456268
delta_calendar_huber,t+1 (one-step ahead),temporal_holdout_seq96_train0.65_val0.15_test0.20,Traffic_Mbps_scaled,163,2851,2019-04-30 16:45:00,135.99228,119.16849,16.82378999999999,12.3711360674297
delta_calendar_huber,t+1 (one-step ahead),temporal_holdout_seq96_train0.65_val0.15_test0.20,Traffic_Mbps_scaled,164,2852,2019-04-30 17:00:00,147.06065,136.60876,10.45189000000002,7.10719692861416
delta_calendar_huber,t+1 (one-step ahead),temporal_holdout_seq96_train0.65_val0.15_test0.20,Traffic_Mbps_scaled,165,2853,2019-04-30 17:15:00,138.88687,147.67908,8.792210000000011,6.330483219904092
delta_calendar_huber,t+1 (one-step ahead),temporal_holdout_seq96_train0.65_val0.15_test0.20,Traffic_Mbps_scaled,166,2854,2019-04-30 17:30:00,133.87578,139.50858,5.632800000000003,4.207482488617436
delta_calendar_huber,t+1 (one-step ahead),temporal_holdout_seq96_train0.65_val0.15_test0.20,Traffic_Mbps_scaled,167,2855,2019-04-30 17:45:00,152.99687,134.49669,18.50018,12.091868284625692
delta_calendar_huber,t+1 (one-step ahead),temporal_holdout_seq96_train0.65_val0.15_test0.20,Traffic_Mbps_scaled,168,2856,2019-04-30 18:00:00,156.42882,152.83429,3.594529999999992,2.2978694079518034
delta_calendar_huber,t+1 (one-step ahead),temporal_holdout_seq96_train0.65_val0.15_test0.20,Traffic_Mbps_scaled,169,2857,2019-04-30 18:15:00,169.48357,156.24994,13.233629999999977,7.808208193867983
delta_calendar_huber,t+1 (one-step ahead),temporal_holdout_seq96_train0.65_val0.15_test0.20,Traffic_Mbps_scaled,170,2858,2019-04-30 18:30:00,163.75153,169.28221,5.53067999999999,3.3774829462662055
delta_calendar_huber,t+1 (one-step ahead),temporal_holdout_seq96_train0.65_val0.15_test0.20,Traffic_Mbps_scaled,171,2859,2019-04-30 18:45:00,158.65945,163.5289,4.8694500000000005,3.069120685846321
delta_calendar_huber,t+1 (one-step ahead),temporal_holdout_seq96_train0.65_val0.15_test0.20,Traffic_Mbps_scaled,172,2860,2019-04-30 19:00:00,137.43298,158.26271,20.829730000000012,15.156281992866644
delta_calendar_huber,t+1 (one-step ahead),temporal_holdout_seq96_train0.65_val0.15_test0.20,Traffic_Mbps_scaled,173,2861,2019-04-30 19:15:00,152.37007,137.03314,15.336929999999995,10.065579152126134
delta_calendar_huber,t+1 (one-step ahead),temporal_holdout_seq96_train0.65_val0.15_test0.20,Traffic_Mbps_scaled,174,2862,2019-04-30 19:30:00,127.012634,151.96573,24.953096000000002,19.646152681157687
delta_calendar_huber,t+1 (one-step ahead),temporal_holdout_seq96_train0.65_val0.15_test0.20,Traffic_Mbps_scaled,175,2863,2019-04-30 19:45:00,152.82056,126.61448,26.20608,17.14826853140703
delta_calendar_huber,t+1 (one-step ahead),temporal_holdout_seq96_train0.65_val0.15_test0.20,Traffic_Mbps_scaled,176,2864,2019-04-30 20:00:00,176.77701,152.24379,24.53322,13.878060274919235
delta_calendar_huber,t+1 (one-step ahead),temporal_holdout_seq96_train0.65_val0.15_test0.20,Traffic_Mbps_scaled,177,2865,2019-04-30 20:15:00,192.8659,176.19029,16.675610000000006,8.646219990158968
delta_calendar_huber,t+1 (one-step ahead),temporal_holdout_seq96_train0.65_val0.15_test0.20,Traffic_Mbps_scaled,178,2866,2019-04-30 20:30:00,183.42355,192.25679,8.83323999999999,4.81576111682496
delta_calendar_huber,t+1 (one-step ahead),temporal_holdout_seq96_train0.65_val0.15_test0.20,Traffic_Mbps_scaled,179,2867,2019-04-30 20:45:00,184.99048,182.79329,2.1971899999999778,1.1877313902855855
delta_calendar_huber,t+1 (one-step ahead),temporal_holdout_seq96_train0.65_val0.15_test0.20,Traffic_Mbps_scaled,180,2868,2019-04-30 21:00:00,187.21275,184.15028,3.0624699999999905,1.6358234148048094
delta_calendar_huber,t+1 (one-step ahead),temporal_holdout_seq96_train0.65_val0.15_test0.20,Traffic_Mbps_scaled,181,2869,2019-04-30 21:15:00,159.48889,186.35345,26.86456000000001,16.844157608721215
delta_calendar_huber,t+1 (one-step ahead),temporal_holdout_seq96_train0.65_val0.15_test0.20,Traffic_Mbps_scaled,182,2870,2019-04-30 21:30:00,171.99127,158.62213,13.369139999999987,7.773150346526303
delta_calendar_huber,t+1 (one-step ahead),temporal_holdout_seq96_train0.65_val0.15_test0.20,Traffic_Mbps_scaled,183,2871,2019-04-30 21:45:00,194.13834,171.12027,23.018069999999994,11.856529730294383
delta_calendar_huber,t+1 (one-step ahead),temporal_holdout_seq96_train0.65_val0.15_test0.20,Traffic_Mbps_scaled,184,2872,2019-04-30 22:00:00,228.26318,193.02505,35.23813000000001,15.437500695469156
delta_calendar_huber,t+1 (one-step ahead),temporal_holdout_seq96_train0.65_val0.15_test0.20,Traffic_Mbps_scaled,185,2873,2019-04-30 22:15:00,241.51045,227.13365,14.376800000000003,5.952868706095328
delta_calendar_huber,t+1 (one-step ahead),temporal_holdout_seq96_train0.65_val0.15_test0.20,Traffic_Mbps_scaled,186,2874,2019-04-30 22:30:00,244.65936,240.35475,4.304609999999997,1.7594299273896559
delta_calendar_huber,t+1 (one-step ahead),temporal_holdout_seq96_train0.65_val0.15_test0.20,Traffic_Mbps_scaled,187,2875,2019-04-30 22:45:00,249.58542,243.47487,6.110549999999989,2.4482800317422346
delta_calendar_huber,t+1 (one-step ahead),temporal_holdout_seq96_train0.65_val0.15_test0.20,Traffic_Mbps_scaled,188,2876,2019-04-30 23:00:00,247.2396,248.10599,0.8663899999999956,0.3504252555011396
delta_calendar_huber,t+1 (one-step ahead),temporal_holdout_seq96_train0.65_val0.15_test0.20,Traffic_Mbps_scaled,189,2877,2019-04-30 23:15:00,265.02014,245.7329,19.287240000000025,7.2776506721338325
delta_calendar_huber,t+1 (one-step ahead),temporal_holdout_seq96_train0.65_val0.15_test0.20,Traffic_Mbps_scaled,190,2878,2019-04-30 23:30:00,240.32338,263.48376,23.160380000000032,9.63717304575195
delta_calendar_huber,t+1 (one-step ahead),temporal_holdout_seq96_train0.65_val0.15_test0.20,Traffic_Mbps_scaled,191,2879,2019-04-30 23:45:00,158.54979,238.76396,80.21417,50.5924164264109
delta_calendar_huber,t+1 (one-step ahead),temporal_holdout_seq96_train0.65_val0.15_test0.20,Traffic_Mbps_scaled,192,2880,2019-05-01 00:00:00,155.03574,156.8166,1.78085999999999,1.14867707278334
delta_calendar_huber,t+1 (one-step ahead),temporal_holdout_seq96_train0.65_val0.15_test0.20,Traffic_Mbps_scaled,193,2881,2019-05-01 00:15:00,144.84698,153.3204,8.473420000000004,5.8499114030544535
delta_calendar_huber,t+1 (one-step ahead),temporal_holdout_seq96_train0.65_val0.15_test0.20,Traffic_Mbps_scaled,194,2882,2019-05-01 00:30:00,138.5144,143.16255,4.648150000000015,3.3557160843926805
delta_calendar_huber,t+1 (one-step ahead),temporal_holdout_seq96_train0.65_val0.15_test0.20,Traffic_Mbps_scaled,195,2883,2019-05-01 00:45:00,132.98547,136.8675,3.8820300000000145,2.9191384592617635
delta_calendar_huber,t+1 (one-step ahead),temporal_holdout_seq96_train0.65_val0.15_test0.20,Traffic_Mbps_scaled,196,2884,2019-05-01 01:00:00,156.10445,131.35161,24.75284000000002,15.85658832916039
delta_calendar_huber,t+1 (one-step ahead),temporal_holdout_seq96_train0.65_val0.15_test0.20,Traffic_Mbps_scaled,197,2885,2019-05-01 01:15:00,143.25058,154.5037,11.253119999999996,7.855549345768788
delta_calendar_huber,t+1 (one-step ahead),temporal_holdout_seq96_train0.65_val0.15_test0.20,Traffic_Mbps_scaled,198,2886,2019-05-01 01:30:00,110.402985,141.67854,31.275554999999997,28.328541116890992
delta_calendar_huber,t+1 (one-step ahead),temporal_holdout_seq96_train0.65_val0.15_test0.20,Traffic_Mbps_scaled,199,2887,2019-05-01 01:45:00,97.31256,108.862915,11.550354999999996,11.86933629122489
delta_calendar_huber,t+1 (one-step ahead),temporal_holdout_seq96_train0.65_val0.15_test0.20,Traffic_Mbps_scaled,200,2888,2019-05-01 02:00:00,86.71901,95.88494,9.165930000000003,10.569689391057398
delta_calendar_huber,t+1 (one-step ahead),temporal_holdout_seq96_train0.65_val0.15_test0.20,Traffic_Mbps_scaled,201,2889,2019-05-01 02:15:00,83.89701,85.340126,1.4431160000000034,1.720104208719719
delta_calendar_huber,t+1 (one-step ahead),temporal_holdout_seq96_train0.65_val0.15_test0.20,Traffic_Mbps_scaled,202,2890,2019-05-01 02:30:00,73.629074,82.5667,8.937625999999995,12.138718463307027
delta_calendar_huber,t+1 (one-step ahead),temporal_holdout_seq96_train0.65_val0.15_test0.20,Traffic_Mbps_scaled,203,2891,2019-05-01 02:45:00,70.73996,72.34541,1.6054500000000047,2.26950934097221
delta_calendar_huber,t+1 (one-step ahead),temporal_holdout_seq96_train0.65_val0.15_test0.20,Traffic_Mbps_scaled,204,2892,2019-05-01 03:00:00,68.29298,69.737656,1.4446760000000012,2.1154092265412947
delta_calendar_huber,t+1 (one-step ahead),temporal_holdout_seq96_train0.65_val0.15_test0.20,Traffic_Mbps_scaled,205,2893,2019-05-01 03:15:00,68.851295,67.333885,1.5174099999999981,2.203894639890213
delta_calendar_huber,t+1 (one-step ahead),temporal_holdout_seq96_train0.65_val0.15_test0.20,Traffic_Mbps_scaled,206,2894,2019-05-01 03:30:00,62.69631,67.928375,5.232065000000006,8.345092398579766
delta_calendar_huber,t+1 (one-step ahead),temporal_holdout_seq96_train0.65_val0.15_test0.20,Traffic_Mbps_scaled,207,2895,2019-05-01 03:45:00,50.407566,61.80663,11.399063999999996,22.613795714714723
delta_calendar_huber,t+1 (one-step ahead),temporal_holdout_seq96_train0.65_val0.15_test0.20,Traffic_Mbps_scaled,208,2896,2019-05-01 04:00:00,43.28966,49.708492,6.418832000000002,14.827633203864393
delta_calendar_huber,t+1 (one-step ahead),temporal_holdout_seq96_train0.65_val0.15_test0.20,Traffic_Mbps_scaled,209,2897,2019-05-01 04:15:00,53.277107,42.63073,10.646377000000001,19.983023853003132
delta_calendar_huber,t+1 (one-step ahead),temporal_holdout_seq96_train0.65_val0.15_test0.20,Traffic_Mbps_scaled,210,2898,2019-05-01 04:30:00,35.423885,52.652176,17.228291,48.63467403420037
delta_calendar_huber,t+1 (one-step ahead),temporal_holdout_seq96_train0.65_val0.15_test0.20,Traffic_Mbps_scaled,211,2899,2019-05-01 04:45:00,47.45612,34.83464,12.621479999999998,26.596106044910538
delta_calendar_huber,t+1 (one-step ahead),temporal_holdout_seq96_train0.65_val0.15_test0.20,Traffic_Mbps_scaled,212,2900,2019-05-01 05:00:00,37.72016,47.023567,9.303407,24.66428297228856
delta_calendar_huber,t+1 (one-step ahead),temporal_holdout_seq96_train0.65_val0.15_test0.20,Traffic_Mbps_scaled,213,2901,2019-05-01 05:15:00,21.84361,37.31432,15.47071,70.82487738977211
delta_calendar_huber,t+1 (one-step ahead),temporal_holdout_seq96_train0.65_val0.15_test0.20,Traffic_Mbps_scaled,214,2902,2019-05-01 05:30:00,25.453274,21.472473,3.9808009999999996,15.639642271560033
delta_calendar_huber,t+1 (one-step ahead),temporal_holdout_seq96_train0.65_val0.15_test0.20,Traffic_Mbps_scaled,215,2903,2019-05-01 05:45:00,17.19933,25.110529,7.911199,45.99713477211031
delta_calendar_huber,t+1 (one-step ahead),temporal_holdout_seq96_train0.65_val0.15_test0.20,Traffic_Mbps_scaled,216,2904,2019-05-01 06:00:00,16.19572,17.06249,0.8667699999999989,5.351846043275624
delta_calendar_huber,t+1 (one-step ahead),temporal_holdout_seq96_train0.65_val0.15_test0.20,Traffic_Mbps_scaled,217,2905,2019-05-01 06:15:00,21.965464,16.088234,5.877230000000001,26.756684948699473
delta_calendar_huber,t+1 (one-step ahead),temporal_holdout_seq96_train0.65_val0.15_test0.20,Traffic_Mbps_scaled,218,2906,2019-05-01 06:30:00,12.941642,21.880774,8.939131999999999,69.07262617834738
delta_calendar_huber,t+1 (one-step ahead),temporal_holdout_seq96_train0.65_val0.15_test0.20,Traffic_Mbps_scaled,219,2907,2019-05-01 06:45:00,10.3884,12.880566,2.492165999999999,23.989892572484685
delta_calendar_huber,t+1 (one-step ahead),temporal_holdout_seq96_train0.65_val0.15_test0.20,Traffic_Mbps_scaled,220,2908,2019-05-01 07:00:00,22.716663,10.51689,12.199773,53.70407176441364
delta_calendar_huber,t+1 (one-step ahead),temporal_holdout_seq96_train0.65_val0.15_test0.20,Traffic_Mbps_scaled,221,2909,2019-05-01 07:15:00,17.236969,22.862131,5.625162000000003,32.634287385444644
delta_calendar_huber,t+1 (one-step ahead),temporal_holdout_seq96_train0.65_val0.15_test0.20,Traffic_Mbps_scaled,222,2910,2019-05-01 07:30:00,22.082718,17.396896,4.685821999999998,21.219407864557244
delta_calendar_huber,t+1 (one-step ahead),temporal_holdout_seq96_train0.65_val0.15_test0.20,Traffic_Mbps_scaled,223,2911,2019-05-01 07:45:00,30.278793,22.251238,8.027555,26.51213672883196
delta_calendar_huber,t+1 (one-step ahead),temporal_holdout_seq96_train0.65_val0.15_test0.20,Traffic_Mbps_scaled,224,2912,2019-05-01 08:00:00,40.850403,30.595821,10.254582,25.102768263999742
delta_calendar_huber,t+1 (one-step ahead),temporal_holdout_seq96_train0.65_val0.15_test0.20,Traffic_Mbps_scaled,225,2913,2019-05-01 08:15:00,46.865158,41.163967,5.7011910000000015,12.165095015789772
delta_calendar_huber,t+1 (one-step ahead),temporal_holdout_seq96_train0.65_val0.15_test0.20,Traffic_Mbps_scaled,226,2914,2019-05-01 08:30:00,45.933895,47.16876,1.2348649999999992,2.688352468259004
delta_calendar_huber,t+1 (one-step ahead),temporal_holdout_seq96_train0.65_val0.15_test0.20,Traffic_Mbps_scaled,227,2915,2019-05-01 08:45:00,62.406715,46.224236,16.182479,25.930669480039132
delta_calendar_huber,t+1 (one-step ahead),temporal_holdout_seq96_train0.65_val0.15_test0.20,Traffic_Mbps_scaled,228,2916,2019-05-01 09:00:00,67.527664,63.43915,4.0885140000000035,6.054576388130357
delta_calendar_huber,t+1 (one-step ahead),temporal_holdout_seq96_train0.65_val0.15_test0.20,Traffic_Mbps_scaled,229,2917,2019-05-01 09:15:00,61.402508,68.545876,7.1433680000000095,11.633674637524594
delta_calendar_huber,t+1 (one-step ahead),temporal_holdout_seq96_train0.65_val0.15_test0.20,Traffic_Mbps_scaled,230,2918,2019-05-01 09:30:00,59.779446,62.398148,2.618701999999999,4.380606002939537
delta_calendar_huber,t+1 (one-step ahead),temporal_holdout_seq96_train0.65_val0.15_test0.20,Traffic_Mbps_scaled,231,2919,2019-05-01 09:45:00,77.649216,60.75393,16.895286,21.758475964522294
delta_calendar_huber,t+1 (one-step ahead),temporal_holdout_seq96_train0.65_val0.15_test0.20,Traffic_Mbps_scaled,232,2920,2019-05-01 10:00:00,88.1261,78.58464,9.54146,10.827053506282477
delta_calendar_huber,t+1 (one-step ahead),temporal_holdout_seq96_train0.65_val0.15_test0.20,Traffic_Mbps_scaled,233,2921,2019-05-01 10:15:00,98.43567,89.03166,9.40401,9.55345760332611
delta_calendar_huber,t+1 (one-step ahead),temporal_holdout_seq96_train0.65_val0.15_test0.20,Traffic_Mbps_scaled,234,2922,2019-05-01 10:30:00,92.40783,99.30743,6.899599999999992,7.466466856758775
delta_calendar_huber,t+1 (one-step ahead),temporal_holdout_seq96_train0.65_val0.15_test0.20,Traffic_Mbps_scaled,235,2923,2019-05-01 10:45:00,113.16377,93.24898,19.914789999999996,17.59820302911435
delta_calendar_huber,t+1 (one-step ahead),temporal_holdout_seq96_train0.65_val0.15_test0.20,Traffic_Mbps_scaled,236,2924,2019-05-01 11:00:00,107.78299,113.97149,6.188500000000005,5.7416295465546145
delta_calendar_huber,t+1 (one-step ahead),temporal_holdout_seq96_train0.65_val0.15_test0.20,Traffic_Mbps_scaled,237,2925,2019-05-01 11:15:00,117.49064,108.55322,8.937420000000003,7.6069208576955605
delta_calendar_huber,t+1 (one-step ahead),temporal_holdout_seq96_train0.65_val0.15_test0.20,Traffic_Mbps_scaled,238,2926,2019-05-01 11:30:00,113.30455,118.226,4.921449999999993,4.343559018591922
delta_calendar_huber,t+1 (one-step ahead),temporal_holdout_seq96_train0.65_val0.15_test0.20,Traffic_Mbps_scaled,239,2927,2019-05-01 11:45:00,132.88963,114.01033,18.879300000000015,14.206751873716566
delta_calendar_huber,t+1 (one-step ahead),temporal_holdout_seq96_train0.65_val0.15_test0.20,Traffic_Mbps_scaled,240,2928,2019-05-01 12:00:00,126.8769,133.53757,6.660669999999982,5.249710546206584
delta_calendar_huber,t+1 (one-step ahead),temporal_holdout_seq96_train0.65_val0.15_test0.20,Traffic_Mbps_scaled,241,2929,2019-05-01 12:15:00,135.38724,127.49229,7.894949999999994,5.8313841097580505
delta_calendar_huber,t+1 (one-step ahead),temporal_holdout_seq96_train0.65_val0.15_test0.20,Traffic_Mbps_scaled,242,2930,2019-05-01 12:30:00,125.74337,135.9696,10.226230000000015,8.132619636327558
delta_calendar_huber,t+1 (one-step ahead),temporal_holdout_seq96_train0.65_val0.15_test0.20,Traffic_Mbps_scaled,243,2931,2019-05-01 12:45:00,119.95103,126.30152,6.3504899999999935,5.294235489265906
delta_calendar_huber,t+1 (one-step ahead),temporal_holdout_seq96_train0.65_val0.15_test0.20,Traffic_Mbps_scaled,244,2932,2019-05-01 13:00:00,132.6462,120.47031,12.175889999999995,9.179222623791707
delta_calendar_huber,t+1 (one-step ahead),temporal_holdout_seq96_train0.65_val0.15_test0.20,Traffic_Mbps_scaled,245,2933,2019-05-01 13:15:00,141.31793,133.15578,8.162149999999997,5.775735605524365
delta_calendar_huber,t+1 (one-step ahead),temporal_holdout_seq96_train0.65_val0.15_test0.20,Traffic_Mbps_scaled,246,2934,2019-05-01 13:30:00,166.45233,141.81796,24.63436999999999,14.799654651875398
delta_calendar_huber,t+1 (one-step ahead),temporal_holdout_seq96_train0.65_val0.15_test0.20,Traffic_Mbps_scaled,247,2935,2019-05-01 13:45:00,169.05531,166.94019,2.1151199999999903,1.251140824857847
delta_calendar_huber,t+1 (one-step ahead),temporal_holdout_seq96_train0.65_val0.15_test0.20,Traffic_Mbps_scaled,248,2936,2019-05-01 14:00:00,135.51059,169.56688,34.05628999999999,25.131829180287674
delta_calendar_huber,t+1 (one-step ahead),temporal_holdout_seq96_train0.65_val0.15_test0.20,Traffic_Mbps_scaled,249,2937,2019-05-01 14:15:00,146.21497,136.01654,10.198430000000002,6.974956121114002
delta_calendar_huber,t+1 (one-step ahead),temporal_holdout_seq96_train0.65_val0.15_test0.20,Traffic_Mbps_scaled,250,2938,2019-05-01 14:30:00,133.94232,146.71584,12.77351999999999,9.536582612575318
delta_calendar_huber,t+1 (one-step ahead),temporal_holdout_seq96_train0.65_val0.15_test0.20,Traffic_Mbps_scaled,251,2939,2019-05-01 14:45:00,151.43454,134.43907,16.99547000000001,11.222981230041714
delta_calendar_huber,t+1 (one-step ahead),temporal_holdout_seq96_train0.65_val0.15_test0.20,Traffic_Mbps_scaled,252,2940,2019-05-01 15:00:00,163.99442,152.0378,11.956619999999987,7.290870018626236
delta_calendar_huber,t+1 (one-step ahead),temporal_holdout_seq96_train0.65_val0.15_test0.20,Traffic_Mbps_scaled,253,2941,2019-05-01 15:15:00,168.73743,164.59518,4.14224999999999,2.4548495256802183
delta_calendar_huber,t+1 (one-step ahead),temporal_holdout_seq96_train0.65_val0.15_test0.20,Traffic_Mbps_scaled,254,2942,2019-05-01 15:30:00,155.98973,169.33553,13.345799999999997,8.555563241246714
delta_calendar_huber,t+1 (one-step ahead),temporal_holdout_seq96_train0.65_val0.15_test0.20,Traffic_Mbps_scaled,255,2943,2019-05-01 15:45:00,168.21689,156.58543,11.631460000000004,6.914561314265175
delta_calendar_huber,t+1 (one-step ahead),temporal_holdout_seq96_train0.65_val0.15_test0.20,Traffic_Mbps_scaled,256,2944,2019-05-01 16:00:00,144.56384,168.89719,24.333349999999996,16.83225210398395
delta_calendar_huber,t+1 (one-step ahead),temporal_holdout_seq96_train0.65_val0.15_test0.20,Traffic_Mbps_scaled,257,2945,2019-05-01 16:15:00,158.93347,145.24182,13.69165000000001,8.61470526000597
delta_calendar_huber,t+1 (one-step ahead),temporal_holdout_seq96_train0.65_val0.15_test0.20,Traffic_Mbps_scaled,258,2946,2019-05-01 16:30:00,181.49792,159.608,21.88991999999999,12.060700199759859
delta_calendar_huber,t+1 (one-step ahead),temporal_holdout_seq96_train0.65_val0.15_test0.20,Traffic_Mbps_scaled,259,2947,2019-05-01 16:45:00,171.81958,182.17168,10.352100000000007,6.02498271733641
delta_calendar_huber,t+1 (one-step ahead),temporal_holdout_seq96_train0.65_val0.15_test0.20,Traffic_Mbps_scaled,260,2948,2019-05-01 17:00:00,139.85316,172.54869,32.69552999999999,23.378470675957548
delta_calendar_huber,t+1 (one-step ahead),temporal_holdout_seq96_train0.65_val0.15_test0.20,Traffic_Mbps_scaled,261,2949,2019-05-01 17:15:00,151.79568,140.58018,11.215499999999992,7.388550187989535
delta_calendar_huber,t+1 (one-step ahead),temporal_holdout_seq96_train0.65_val0.15_test0.20,Traffic_Mbps_scaled,262,2950,2019-05-01 17:30:00,169.12068,152.5205,16.600179999999995,9.815582576891245
delta_calendar_huber,t+1 (one-step ahead),temporal_holdout_seq96_train0.65_val0.15_test0.20,Traffic_Mbps_scaled,263,2951,2019-05-01 17:45:00,163.76625,169.84543,6.07917999999998,3.712107958752172
delta_calendar_huber,t+1 (one-step ahead),temporal_holdout_seq96_train0.65_val0.15_test0.20,Traffic_Mbps_scaled,264,2952,2019-05-01 18:00:00,177.69397,163.13971,14.55426,8.190632467719642
delta_calendar_huber,t+1 (one-step ahead),temporal_holdout_seq96_train0.65_val0.15_test0.20,Traffic_Mbps_scaled,265,2953,2019-05-01 18:15:00,156.90071,177.0586,20.15789000000001,12.847545431757453
delta_calendar_huber,t+1 (one-step ahead),temporal_holdout_seq96_train0.65_val0.15_test0.20,Traffic_Mbps_scaled,266,2954,2019-05-01 18:30:00,153.45547,156.263,2.807530000000014,1.8295405175195216
delta_calendar_huber,t+1 (one-step ahead),temporal_holdout_seq96_train0.65_val0.15_test0.20,Traffic_Mbps_scaled,267,2955,2019-05-01 18:45:00,162.88783,152.82047,10.067360000000008,6.1805476811865
delta_calendar_huber,t+1 (one-step ahead),temporal_holdout_seq96_train0.65_val0.15_test0.20,Traffic_Mbps_scaled,268,2956,2019-05-01 19:00:00,161.65701,162.12236,0.4653499999999724,0.28786255541901484
delta_calendar_huber,t+1 (one-step ahead),temporal_holdout_seq96_train0.65_val0.15_test0.20,Traffic_Mbps_scaled,269,2957,2019-05-01 19:15:00,152.30635,160.8914,8.585049999999995,5.63669866686451
delta_calendar_huber,t+1 (one-step ahead),temporal_holdout_seq96_train0.65_val0.15_test0.20,Traffic_Mbps_scaled,270,2958,2019-05-01 19:30:00,135.81993,151.54498,15.72505000000001,11.577866370568746
delta_calendar_huber,t+1 (one-step ahead),temporal_holdout_seq96_train0.65_val0.15_test0.20,Traffic_Mbps_scaled,271,2959,2019-05-01 19:45:00,134.02245,135.06949,1.0470400000000097,0.781242247101146
delta_calendar_huber,t+1 (one-step ahead),temporal_holdout_seq96_train0.65_val0.15_test0.20,Traffic_Mbps_scaled,272,2960,2019-05-01 20:00:00,150.13704,133.14195,16.995090000000005,11.31971830535623
delta_calendar_huber,t+1 (one-step ahead),temporal_holdout_seq96_train0.65_val0.15_test0.20,Traffic_Mbps_scaled,273,2961,2019-05-01 20:15:00,149.37303,149.26561,0.10741999999999052,0.07191391913251712
delta_calendar_huber,t+1 (one-step ahead),temporal_holdout_seq96_train0.65_val0.15_test0.20,Traffic_Mbps_scaled,274,2962,2019-05-01 20:30:00,198.96864,148.50807,50.46056999999999,25.361066950048006
delta_calendar_huber,t+1 (one-step ahead),temporal_holdout_seq96_train0.65_val0.15_test0.20,Traffic_Mbps_scaled,275,2963,2019-05-01 20:45:00,193.40034,198.09071,4.6903700000000015,2.425212902934918
delta_calendar_huber,t+1 (one-step ahead),temporal_holdout_seq96_train0.65_val0.15_test0.20,Traffic_Mbps_scaled,276,2964,2019-05-01 21:00:00,204.50198,192.3442,12.157780000000002,5.945067133335336
delta_calendar_huber,t+1 (one-step ahead),temporal_holdout_seq96_train0.65_val0.15_test0.20,Traffic_Mbps_scaled,277,2965,2019-05-01 21:15:00,221.4681,203.42046,18.04764,8.149092352352326
delta_calendar_huber,t+1 (one-step ahead),temporal_holdout_seq96_train0.65_val0.15_test0.20,Traffic_Mbps_scaled,278,2966,2019-05-01 21:30:00,231.17017,220.35345,10.816720000000004,4.6791158219073
delta_calendar_huber,t+1 (one-step ahead),temporal_holdout_seq96_train0.65_val0.15_test0.20,Traffic_Mbps_scaled,279,2967,2019-05-01 21:45:00,242.74153,230.01799,12.723540000000014,5.241599984971675
delta_calendar_huber,t+1 (one-step ahead),temporal_holdout_seq96_train0.65_val0.15_test0.20,Traffic_Mbps_scaled,280,2968,2019-05-01 22:00:00,220.74861,241.39828,20.649669999999986,9.35438279769915
delta_calendar_huber,t+1 (one-step ahead),temporal_holdout_seq96_train0.65_val0.15_test0.20,Traffic_Mbps_scaled,281,2969,2019-05-01 22:15:00,247.89201,219.37402,28.517989999999998,11.504198945339141
delta_calendar_huber,t+1 (one-step ahead),temporal_holdout_seq96_train0.65_val0.15_test0.20,Traffic_Mbps_scaled,282,2970,2019-05-01 22:30:00,243.67815,246.48264,2.8044900000000155,1.1508992496865296
delta_calendar_huber,t+1 (one-step ahead),temporal_holdout_seq96_train0.65_val0.15_test0.20,Traffic_Mbps_scaled,283,2971,2019-05-01 22:45:00,212.8631,242.23787,29.374769999999984,13.799841306454704
delta_calendar_huber,t+1 (one-step ahead),temporal_holdout_seq96_train0.65_val0.15_test0.20,Traffic_Mbps_scaled,284,2972,2019-05-01 23:00:00,219.16844,211.27571,7.89273,3.6012164890163927
delta_calendar_huber,t+1 (one-step ahead),temporal_holdout_seq96_train0.65_val0.15_test0.20,Traffic_Mbps_scaled,285,2973,2019-05-01 23:15:00,208.15471,217.57155,9.416840000000008,4.523962008834682
delta_calendar_huber,t+1 (one-step ahead),temporal_holdout_seq96_train0.65_val0.15_test0.20,Traffic_Mbps_scaled,286,2974,2019-05-01 23:30:00,188.92175,206.55626,17.634510000000006,9.334293166350621
delta_calendar_huber,t+1 (one-step ahead),temporal_holdout_seq96_train0.65_val0.15_test0.20,Traffic_Mbps_scaled,287,2975,2019-05-01 23:45:00,124.267944,187.33029,63.06234599999999,50.74707440238973
delta_calendar_huber,t+1 (one-step ahead),temporal_holdout_seq96_train0.65_val0.15_test0.20,Traffic_Mbps_scaled,288,2976,2019-05-02 00:00:00,146.38623,122.42053,23.965700000000012,16.37155352658512
delta_calendar_huber,t+1 (one-step ahead),temporal_holdout_seq96_train0.65_val0.15_test0.20,Traffic_Mbps_scaled,289,2977,2019-05-02 00:15:00,141.64499,144.61066,2.9656699999999887,2.0937344836552203
delta_calendar_huber,t+1 (one-step ahead),temporal_holdout_seq96_train0.65_val0.15_test0.20,Traffic_Mbps_scaled,290,2978,2019-05-02 00:30:00,131.68462,139.94307,8.25845000000001,6.2713853751486015
delta_calendar_huber,t+1 (one-step ahead),temporal_holdout_seq96_train0.65_val0.15_test0.20,Traffic_Mbps_scaled,291,2979,2019-05-02 00:45:00,118.341385,130.0598,11.718414999999993,9.902212146663649
delta_calendar_huber,t+1 (one-step ahead),temporal_holdout_seq96_train0.65_val0.15_test0.20,Traffic_Mbps_scaled,292,2980,2019-05-02 01:00:00,91.267746,116.75455,25.486803999999992,27.925313286470328
delta_calendar_huber,t+1 (one-step ahead),temporal_holdout_seq96_train0.65_val0.15_test0.20,Traffic_Mbps_scaled,293,2981,2019-05-02 01:15:00,80.49822,89.76911,9.270889999999994,11.51688819951546
delta_calendar_huber,t+1 (one-step ahead),temporal_holdout_seq96_train0.65_val0.15_test0.20,Traffic_Mbps_scaled,294,2982,2019-05-02 01:30:00,79.81402,79.09159,0.7224300000000028,0.9051417282327124
delta_calendar_huber,t+1 (one-step ahead),temporal_holdout_seq96_train0.65_val0.15_test0.20,Traffic_Mbps_scaled,295,2983,2019-05-02 01:45:00,61.397686,78.49478,17.097094000000006,27.846479425951014
delta_calendar_huber,t+1 (one-step ahead),temporal_holdout_seq96_train0.65_val0.15_test0.20,Traffic_Mbps_scaled,296,2984,2019-05-02 02:00:00,59.93349,60.25538,0.32189000000000334,0.5370786850557232
delta_calendar_huber,t+1 (one-step ahead),temporal_holdout_seq96_train0.65_val0.15_test0.20,Traffic_Mbps_scaled,297,2985,2019-05-02 02:15:00,58.852547,58.896355,0.043807999999998515,0.0744368803613521
delta_calendar_huber,t+1 (one-step ahead),temporal_holdout_seq96_train0.65_val0.15_test0.20,Traffic_Mbps_scaled,298,2986,2019-05-02 02:30:00,52.129765,57.908756,5.778990999999998,11.085779880266097
delta_calendar_huber,t+1 (one-step ahead),temporal_holdout_seq96_train0.65_val0.15_test0.20,Traffic_Mbps_scaled,299,2987,2019-05-02 02:45:00,59.64214,51.271217,8.370922999999998,14.035249238206408
delta_calendar_huber,t+1 (one-step ahead),temporal_holdout_seq96_train0.65_val0.15_test0.20,Traffic_Mbps_scaled,300,2988,2019-05-02 03:00:00,47.41965,59.09423,11.674580000000006,24.619709339904464
delta_calendar_huber,t+1 (one-step ahead),temporal_holdout_seq96_train0.65_val0.15_test0.20,Traffic_Mbps_scaled,301,2989,2019-05-02 03:15:00,37.066837,46.93306,9.866222999999998,26.617385778020385
delta_calendar_huber,t+1 (one-step ahead),temporal_holdout_seq96_train0.65_val0.15_test0.20,Traffic_Mbps_scaled,302,2990,2019-05-02 03:30:00,33.074577,36.639153,3.5645760000000024,10.777389533961394
delta_calendar_huber,t+1 (one-step ahead),temporal_holdout_seq96_train0.65_val0.15_test0.20,Traffic_Mbps_scaled,303,2991,2019-05-02 03:45:00,32.80785,32.70541,0.10244000000000142,0.31224234443891147
delta_calendar_huber,t+1 (one-step ahead),temporal_holdout_seq96_train0.65_val0.15_test0.20,Traffic_Mbps_scaled,304,2992,2019-05-02 04:00:00,31.524874,32.828075,1.3032009999999978,4.133881708773833
delta_calendar_huber,t+1 (one-step ahead),temporal_holdout_seq96_train0.65_val0.15_test0.20,Traffic_Mbps_scaled,305,2993,2019-05-02 04:15:00,22.87086,31.569271,8.698411,38.032723736667535
delta_calendar_huber,t+1 (one-step ahead),temporal_holdout_seq96_train0.65_val0.15_test0.20,Traffic_Mbps_scaled,306,2994,2019-05-02 04:30:00,24.836267,22.939915,1.8963520000000003,7.6354147746921885
delta_calendar_huber,t+1 (one-step ahead),temporal_holdout_seq96_train0.65_val0.15_test0.20,Traffic_Mbps_scaled,307,2995,2019-05-02 04:45:00,24.108303,24.92548,0.8171770000000009,3.389608136250822
delta_calendar_huber,t+1 (one-step ahead),temporal_holdout_seq96_train0.65_val0.15_test0.20,Traffic_Mbps_scaled,308,2996,2019-05-02 05:00:00,26.858313,24.59471,2.263603,8.42794184429975
delta_calendar_huber,t+1 (one-step ahead),temporal_holdout_seq96_train0.65_val0.15_test0.20,Traffic_Mbps_scaled,309,2997,2019-05-02 05:15:00,23.904787,27.370089,3.465302000000001,14.496268048738528
delta_calendar_huber,t+1 (one-step ahead),temporal_holdout_seq96_train0.65_val0.15_test0.20,Traffic_Mbps_scaled,310,2998,2019-05-02 05:30:00,18.716005,24.437809,5.721804000000002,30.571716560238166
delta_calendar_huber,t+1 (one-step ahead),temporal_holdout_seq96_train0.65_val0.15_test0.20,Traffic_Mbps_scaled,311,2999,2019-05-02 05:45:00,28.546646,19.26224,9.284406,32.52363167287674
delta_calendar_huber,t+1 (one-step ahead),temporal_holdout_seq96_train0.65_val0.15_test0.20,Traffic_Mbps_scaled,312,3000,2019-05-02 06:00:00,30.640917,29.269325,1.3715920000000033,4.476341226993967
delta_calendar_huber,t+1 (one-step ahead),temporal_holdout_seq96_train0.65_val0.15_test0.20,Traffic_Mbps_scaled,313,3001,2019-05-02 06:15:00,30.12913,31.372875,1.2437450000000005,4.128048171321245
delta_calendar_huber,t+1 (one-step ahead),temporal_holdout_seq96_train0.65_val0.15_test0.20,Traffic_Mbps_scaled,314,3002,2019-05-02 06:30:00,44.94272,30.868517,14.074203,31.31586828745568
delta_calendar_huber,t+1 (one-step ahead),temporal_holdout_seq96_train0.65_val0.15_test0.20,Traffic_Mbps_scaled,315,3003,2019-05-02 06:45:00,46.391644,45.68121,0.7104339999999993,1.531383539673652
delta_calendar_huber,t+1 (one-step ahead),temporal_holdout_seq96_train0.65_val0.15_test0.20,Traffic_Mbps_scaled,316,3004,2019-05-02 07:00:00,38.672844,47.259354,8.586510000000004,22.202944267558923
delta_calendar_huber,t+1 (one-step ahead),temporal_holdout_seq96_train0.65_val0.15_test0.20,Traffic_Mbps_scaled,317,3005,2019-05-02 07:15:00,53.601307,39.53655,14.064757,26.239578449085204
delta_calendar_huber,t+1 (one-step ahead),temporal_holdout_seq96_train0.65_val0.15_test0.20,Traffic_Mbps_scaled,318,3006,2019-05-02 07:30:00,55.521793,54.45404,1.0677530000000033,1.9231241325365758
delta_calendar_huber,t+1 (one-step ahead),temporal_holdout_seq96_train0.65_val0.15_test0.20,Traffic_Mbps_scaled,319,3007,2019-05-02 07:45:00,57.598766,56.360416,1.238349999999997,2.1499592543354087
delta_calendar_huber,t+1 (one-step ahead),temporal_holdout_seq96_train0.65_val0.15_test0.20,Traffic_Mbps_scaled,320,3008,2019-05-02 08:00:00,59.782448,58.52979,1.2526580000000038,2.0953608323299235
delta_calendar_huber,t+1 (one-step ahead),temporal_holdout_seq96_train0.65_val0.15_test0.20,Traffic_Mbps_scaled,321,3009,2019-05-02 08:15:00,73.25185,60.698048,12.553802000000005,17.13786341232338
delta_calendar_huber,t+1 (one-step ahead),temporal_holdout_seq96_train0.65_val0.15_test0.20,Traffic_Mbps_scaled,322,3010,2019-05-02 08:30:00,77.799576,74.14552,3.654055999999997,4.696755673835545
delta_calendar_huber,t+1 (one-step ahead),temporal_holdout_seq96_train0.65_val0.15_test0.20,Traffic_Mbps_scaled,323,3011,2019-05-02 08:45:00,119.01012,78.66897,40.34115,33.89724336048061
delta_calendar_huber,t+1 (one-step ahead),temporal_holdout_seq96_train0.65_val0.15_test0.20,Traffic_Mbps_scaled,324,3012,2019-05-02 09:00:00,146.04866,119.89816,26.150500000000008,17.905333742877207
delta_calendar_huber,t+1 (one-step ahead),temporal_holdout_seq96_train0.65_val0.15_test0.20,Traffic_Mbps_scaled,325,3013,2019-05-02 09:15:00,53.18158,146.87622,93.69463999999999,176.17874459540315
delta_calendar_huber,t+1 (one-step ahead),temporal_holdout_seq96_train0.65_val0.15_test0.20,Traffic_Mbps_scaled,326,3014,2019-05-02 09:30:00,68.69591,53.98227,14.713639999999998,21.41850948622705
delta_calendar_huber,t+1 (one-step ahead),temporal_holdout_seq96_train0.65_val0.15_test0.20,Traffic_Mbps_scaled,327,3015,2019-05-02 09:45:00,72.03373,69.482285,2.551445000000001,3.5420142758121798
delta_calendar_huber,t+1 (one-step ahead),temporal_holdout_seq96_train0.65_val0.15_test0.20,Traffic_Mbps_scaled,328,3016,2019-05-02 10:00:00,87.44181,72.84675,14.595060000000004,16.691168675488306
delta_calendar_huber,t+1 (one-step ahead),temporal_holdout_seq96_train0.65_val0.15_test0.20,Traffic_Mbps_scaled,329,3017,2019-05-02 10:15:00,73.647385,88.242805,14.595420000000004,19.817974528219846
delta_calendar_huber,t+1 (one-step ahead),temporal_holdout_seq96_train0.65_val0.15_test0.20,Traffic_Mbps_scaled,330,3018,2019-05-02 10:30:00,62.24346,74.444115,12.200654999999998,19.601505121983898
delta_calendar_huber,t+1 (one-step ahead),temporal_holdout_seq96_train0.65_val0.15_test0.20,Traffic_Mbps_scaled,331,3019,2019-05-02 10:45:00,54.839146,63.045685,8.206539,14.964746168731367
delta_calendar_huber,t+1 (one-step ahead),temporal_holdout_seq96_train0.65_val0.15_test0.20,Traffic_Mbps_scaled,332,3020,2019-05-02 11:00:00,82.00209,55.665825,26.336264999999997,32.116577760396105
delta_calendar_huber,t+1 (one-step ahead),temporal_holdout_seq96_train0.65_val0.15_test0.20,Traffic_Mbps_scaled,333,3021,2019-05-02 11:15:00,70.265594,82.833115,12.567521000000013,17.885739356305756
delta_calendar_huber,t+1 (one-step ahead),temporal_holdout_seq96_train0.65_val0.15_test0.20,Traffic_Mbps_scaled,334,3022,2019-05-02 11:30:00,61.308342,71.09998,9.791637999999999,15.971134890583077
delta_calendar_huber,t+1 (one-step ahead),temporal_holdout_seq96_train0.65_val0.15_test0.20,Traffic_Mbps_scaled,335,3023,2019-05-02 11:45:00,68.975784,62.149773,6.826011000000001,9.896242716139335
delta_calendar_huber,t+1 (one-step ahead),temporal_holdout_seq96_train0.65_val0.15_test0.20,Traffic_Mbps_scaled,336,3024,2019-05-02 12:00:00,96.43427,69.812645,26.621624999999995,27.605979699955206
delta_calendar_huber,t+1 (one-step ahead),temporal_holdout_seq96_train0.65_val0.15_test0.20,Traffic_Mbps_scaled,337,3025,2019-05-02 12:15:00,127.11754,97.26367,29.85387,23.48524837721057
delta_calendar_huber,t+1 (one-step ahead),temporal_holdout_seq96_train0.65_val0.15_test0.20,Traffic_Mbps_scaled,338,3026,2019-05-02 12:30:00,135.84245,127.92164,7.920810000000017,5.830879817023336
delta_calendar_huber,t+1 (one-step ahead),temporal_holdout_seq96_train0.65_val0.15_test0.20,Traffic_Mbps_scaled,339,3027,2019-05-02 12:45:00,147.35078,136.607,10.743779999999987,7.291294962944877
delta_calendar_huber,t+1 (one-step ahead),temporal_holdout_seq96_train0.65_val0.15_test0.20,Traffic_Mbps_scaled,340,3028,2019-05-02 13:00:00,157.97714,148.02258,9.954559999999987,6.301266119895567
delta_calendar_huber,t+1 (one-step ahead),temporal_holdout_seq96_train0.65_val0.15_test0.20,Traffic_Mbps_scaled,341,3029,2019-05-02 13:15:00,140.27396,158.59273,18.31877,13.05928056782599
delta_calendar_huber,t+1 (one-step ahead),temporal_holdout_seq96_train0.65_val0.15_test0.20,Traffic_Mbps_scaled,342,3030,2019-05-02 13:30:00,138.32114,140.86406,2.542919999999981,1.838417468219233
delta_calendar_huber,t+1 (one-step ahead),temporal_holdout_seq96_train0.65_val0.15_test0.20,Traffic_Mbps_scaled,343,3031,2019-05-02 13:45:00,110.246254,138.9033,28.65704600000001,25.993668682837978
delta_calendar_huber,t+1 (one-step ahead),temporal_holdout_seq96_train0.65_val0.15_test0.20,Traffic_Mbps_scaled,344,3032,2019-05-02 14:00:00,127.01949,110.94778,16.07171000000001,12.652947984596702
delta_calendar_huber,t+1 (one-step ahead),temporal_holdout_seq96_train0.65_val0.15_test0.20,Traffic_Mbps_scaled,345,3033,2019-05-02 14:15:00,105.73599,127.713905,21.977914999999996,20.785652075513735
delta_calendar_huber,t+1 (one-step ahead),temporal_holdout_seq96_train0.65_val0.15_test0.20,Traffic_Mbps_scaled,346,3034,2019-05-02 14:30:00,105.78033,106.423134,0.6428039999999982,0.6076781949914489
delta_calendar_huber,t+1 (one-step ahead),temporal_holdout_seq96_train0.65_val0.15_test0.20,Traffic_Mbps_scaled,347,3035,2019-05-02 14:45:00,91.91358,106.46296,14.54938,15.82941280276538
delta_calendar_huber,t+1 (one-step ahead),temporal_holdout_seq96_train0.65_val0.15_test0.20,Traffic_Mbps_scaled,348,3036,2019-05-02 15:00:00,106.34636,92.69852,13.647840000000002,12.833387057159268
delta_calendar_huber,t+1 (one-step ahead),temporal_holdout_seq96_train0.65_val0.15_test0.20,Traffic_Mbps_scaled,349,3037,2019-05-02 15:15:00,88.06931,107.12943,19.060119999999998,21.64218159538209
delta_calendar_huber,t+1 (one-step ahead),temporal_holdout_seq96_train0.65_val0.15_test0.20,Traffic_Mbps_scaled,350,3038,2019-05-02 15:30:00,89.97066,88.85152,1.1191400000000016,1.2438943984627895
delta_calendar_huber,t+1 (one-step ahead),temporal_holdout_seq96_train0.65_val0.15_test0.20,Traffic_Mbps_scaled,351,3039,2019-05-02 15:45:00,102.31086,90.754616,11.556244000000007,11.295227114697312
delta_calendar_huber,t+1 (one-step ahead),temporal_holdout_seq96_train0.65_val0.15_test0.20,Traffic_Mbps_scaled,352,3040,2019-05-02 16:00:00,85.77134,103.17199,17.40065,20.287254460522593
delta_calendar_huber,t+1 (one-step ahead),temporal_holdout_seq96_train0.65_val0.15_test0.20,Traffic_Mbps_scaled,353,3041,2019-05-02 16:15:00,89.385086,86.63492,2.750166000000007,3.076761597566743
delta_calendar_huber,t+1 (one-step ahead),temporal_holdout_seq96_train0.65_val0.15_test0.20,Traffic_Mbps_scaled,354,3042,2019-05-02 16:30:00,103.14524,90.25123,12.894009999999994,12.500828928218107
delta_calendar_huber,t+1 (one-step ahead),temporal_holdout_seq96_train0.65_val0.15_test0.20,Traffic_Mbps_scaled,355,3043,2019-05-02 16:45:00,104.00908,104.015686,0.006606000000004997,0.006351368553596472
delta_calendar_huber,t+1 (one-step ahead),temporal_holdout_seq96_train0.65_val0.15_test0.20,Traffic_Mbps_scaled,356,3044,2019-05-02 17:00:00,88.331825,104.92405,16.592225,18.78397168857317
delta_calendar_huber,t+1 (one-step ahead),temporal_holdout_seq96_train0.65_val0.15_test0.20,Traffic_Mbps_scaled,357,3045,2019-05-02 17:15:00,88.48473,89.249,0.7642699999999962,0.863730951091783
delta_calendar_huber,t+1 (one-step ahead),temporal_holdout_seq96_train0.65_val0.15_test0.20,Traffic_Mbps_scaled,358,3046,2019-05-02 17:30:00,92.345215,89.4037,2.9415149999999954,3.1853464199525607
delta_calendar_huber,t+1 (one-step ahead),temporal_holdout_seq96_train0.65_val0.15_test0.20,Traffic_Mbps_scaled,359,3047,2019-05-02 17:45:00,79.33458,93.26594,13.931359999999998,17.560261868153834
delta_calendar_huber,t+1 (one-step ahead),temporal_holdout_seq96_train0.65_val0.15_test0.20,Traffic_Mbps_scaled,360,3048,2019-05-02 18:00:00,88.38123,79.347626,9.033603999999997,10.2211793160154
delta_calendar_huber,t+1 (one-step ahead),temporal_holdout_seq96_train0.65_val0.15_test0.20,Traffic_Mbps_scaled,361,3049,2019-05-02 18:15:00,113.81923,88.40105,25.418180000000007,22.33206111129025
delta_calendar_huber,t+1 (one-step ahead),temporal_holdout_seq96_train0.65_val0.15_test0.20,Traffic_Mbps_scaled,362,3050,2019-05-02 18:30:00,96.383064,113.83524,17.452175999999994,18.10709815160057
delta_calendar_huber,t+1 (one-step ahead),temporal_holdout_seq96_train0.65_val0.15_test0.20,Traffic_Mbps_scaled,363,3051,2019-05-02 18:45:00,87.46976,96.395744,8.925984,10.204651298917478
delta_calendar_huber,t+1 (one-step ahead),temporal_holdout_seq96_train0.65_val0.15_test0.20,Traffic_Mbps_scaled,364,3052,2019-05-02 19:00:00,96.38274,87.42684,8.9559,9.29201639214656
delta_calendar_huber,t+1 (one-step ahead),temporal_holdout_seq96_train0.65_val0.15_test0.20,Traffic_Mbps_scaled,365,3053,2019-05-02 19:15:00,99.599594,96.34012,3.2594739999999973,3.272577597053254
delta_calendar_huber,t+1 (one-step ahead),temporal_holdout_seq96_train0.65_val0.15_test0.20,Traffic_Mbps_scaled,366,3054,2019-05-02 19:30:00,119.86627,99.55591,20.310360000000003,16.944182879804302
delta_calendar_huber,t+1 (one-step ahead),temporal_holdout_seq96_train0.65_val0.15_test0.20,Traffic_Mbps_scaled,367,3055,2019-05-02 19:45:00,120.96101,119.80988,1.1511299999999949,0.9516537601661849
delta_calendar_huber,t+1 (one-step ahead),temporal_holdout_seq96_train0.65_val0.15_test0.20,Traffic_Mbps_scaled,368,3056,2019-05-02 20:00:00,110.38349,120.79969,10.416200000000003,9.436374950638001
delta_calendar_huber,t+1 (one-step ahead),temporal_holdout_seq96_train0.65_val0.15_test0.20,Traffic_Mbps_scaled,369,3057,2019-05-02 20:15:00,134.36072,110.20144,24.15927999999998,17.980909896880565
delta_calendar_huber,t+1 (one-step ahead),temporal_holdout_seq96_train0.65_val0.15_test0.20,Traffic_Mbps_scaled,370,3058,2019-05-02 20:30:00,145.39499,134.14598,11.249009999999998,7.736862184866203
delta_calendar_huber,t+1 (one-step ahead),temporal_holdout_seq96_train0.65_val0.15_test0.20,Traffic_Mbps_scaled,371,3059,2019-05-02 20:45:00,164.71834,145.1359,19.58244000000002,11.888439380824272
delta_calendar_huber,t+1 (one-step ahead),temporal_holdout_seq96_train0.65_val0.15_test0.20,Traffic_Mbps_scaled,372,3060,2019-05-02 21:00:00,178.10353,164.11177,13.99176,7.855970064153135
delta_calendar_huber,t+1 (one-step ahead),temporal_holdout_seq96_train0.65_val0.15_test0.20,Traffic_Mbps_scaled,373,3061,2019-05-02 21:15:00,177.61996,177.42969,0.19026999999999816,0.10712196985068467
delta_calendar_huber,t+1 (one-step ahead),temporal_holdout_seq96_train0.65_val0.15_test0.20,Traffic_Mbps_scaled,374,3062,2019-05-02 21:30:00,169.52115,176.8797,7.358550000000008,4.340785795754694
delta_calendar_huber,t+1 (one-step ahead),temporal_holdout_seq96_train0.65_val0.15_test0.20,Traffic_Mbps_scaled,375,3063,2019-05-02 21:45:00,208.01247,168.7216,39.29087000000001,18.888708931728953
delta_calendar_huber,t+1 (one-step ahead),temporal_holdout_seq96_train0.65_val0.15_test0.20,Traffic_Mbps_scaled,376,3064,2019-05-02 22:00:00,185.49477,206.87434,21.37957,11.52569961945558
delta_calendar_huber,t+1 (one-step ahead),temporal_holdout_seq96_train0.65_val0.15_test0.20,Traffic_Mbps_scaled,377,3065,2019-05-02 22:15:00,168.95605,184.30028,15.344229999999982,9.08178783772465
delta_calendar_huber,t+1 (one-step ahead),temporal_holdout_seq96_train0.65_val0.15_test0.20,Traffic_Mbps_scaled,378,3066,2019-05-02 22:30:00,181.21442,167.72215,13.49226999999999,7.445472606429439
delta_calendar_huber,t+1 (one-step ahead),temporal_holdout_seq96_train0.65_val0.15_test0.20,Traffic_Mbps_scaled,379,3067,2019-05-02 22:45:00,151.65474,179.95076,28.29602,18.658183713875346
delta_calendar_huber,t+1 (one-step ahead),temporal_holdout_seq96_train0.65_val0.15_test0.20,Traffic_Mbps_scaled,380,3068,2019-05-02 23:00:00,164.9421,150.1945,14.747600000000006,8.94107689910581
delta_calendar_huber,t+1 (one-step ahead),temporal_holdout_seq96_train0.65_val0.15_test0.20,Traffic_Mbps_scaled,381,3069,2019-05-02 23:15:00,151.17046,163.4823,12.311840000000018,8.144342485959239
delta_calendar_huber,t+1 (one-step ahead),temporal_holdout_seq96_train0.65_val0.15_test0.20,Traffic_Mbps_scaled,382,3070,2019-05-02 23:30:00,109.23763,149.72336,40.48573000000002,37.06207284065026
delta_calendar_huber,t+1 (one-step ahead),temporal_holdout_seq96_train0.65_val0.15_test0.20,Traffic_Mbps_scaled,383,3071,2019-05-02 23:45:00,74.97339,107.83145,32.85806000000001,43.826296236571416
delta_calendar_huber,t+1 (one-step ahead),temporal_holdout_seq96_train0.65_val0.15_test0.20,Traffic_Mbps_scaled,384,3072,2019-05-03 00:00:00,153.57036,73.89536,79.675,51.8817563493372
delta_calendar_huber,t+1 (one-step ahead),temporal_holdout_seq96_train0.65_val0.15_test0.20,Traffic_Mbps_scaled,385,3073,2019-05-03 00:15:00,157.60274,152.53484,5.067900000000009,3.215616682806408
delta_calendar_huber,t+1 (one-step ahead),temporal_holdout_seq96_train0.65_val0.15_test0.20,Traffic_Mbps_scaled,386,3074,2019-05-03 00:30:00,159.03976,156.58961,2.450150000000008,1.540589598475254
delta_calendar_huber,t+1 (one-step ahead),temporal_holdout_seq96_train0.65_val0.15_test0.20,Traffic_Mbps_scaled,387,3075,2019-05-03 00:45:00,142.65604,158.03389,15.377850000000024,10.779669756709932
delta_calendar_huber,t+1 (one-step ahead),temporal_holdout_seq96_train0.65_val0.15_test0.20,Traffic_Mbps_scaled,388,3076,2019-05-03 01:00:00,69.46322,141.6187,72.15547999999998,103.87580650594657
delta_calendar_huber,t+1 (one-step ahead),temporal_holdout_seq96_train0.65_val0.15_test0.20,Traffic_Mbps_scaled,389,3077,2019-05-03 01:15:00,55.30534,68.46953,13.164190000000005,23.802746714874196
delta_calendar_huber,t+1 (one-step ahead),temporal_holdout_seq96_train0.65_val0.15_test0.20,Traffic_Mbps_scaled,390,3078,2019-05-03 01:30:00,67.37357,54.37372,12.999850000000002,19.2951776193543
delta_calendar_huber,t+1 (one-step ahead),temporal_holdout_seq96_train0.65_val0.15_test0.20,Traffic_Mbps_scaled,391,3079,2019-05-03 01:45:00,60.81263,66.51069,5.698059999999998,9.369862806459773
delta_calendar_huber,t+1 (one-step ahead),temporal_holdout_seq96_train0.65_val0.15_test0.20,Traffic_Mbps_scaled,392,3080,2019-05-03 02:00:00,35.830948,60.08745,24.256501999999998,67.69707014171101
delta_calendar_huber,t+1 (one-step ahead),temporal_holdout_seq96_train0.65_val0.15_test0.20,Traffic_Mbps_scaled,393,3081,2019-05-03 02:15:00,40.993835,35.198017,5.795817999999997,14.13826737605788
delta_calendar_huber,t+1 (one-step ahead),temporal_holdout_seq96_train0.65_val0.15_test0.20,Traffic_Mbps_scaled,394,3082,2019-05-03 02:30:00,28.905476,40.451385,11.545909000000002,39.943673648550195
delta_calendar_huber,t+1 (one-step ahead),temporal_holdout_seq96_train0.65_val0.15_test0.20,Traffic_Mbps_scaled,395,3083,2019-05-03 02:45:00,30.256275,28.450006,1.8062690000000003,5.9698988061154274
delta_calendar_huber,t+1 (one-step ahead),temporal_holdout_seq96_train0.65_val0.15_test0.20,Traffic_Mbps_scaled,396,3084,2019-05-03 03:00:00,36.76713,30.161812,6.6053180000000005,17.965280401271464
delta_calendar_huber,t+1 (one-step ahead),temporal_holdout_seq96_train0.65_val0.15_test0.20,Traffic_Mbps_scaled,397,3085,2019-05-03 03:15:00,24.669191,36.737923,12.068732,48.92228529099313
delta_calendar_huber,t+1 (one-step ahead),temporal_holdout_seq96_train0.65_val0.15_test0.20,Traffic_Mbps_scaled,398,3086,2019-05-03 03:30:00,19.263079,24.671745,5.408666,28.077889313541206
delta_calendar_huber,t+1 (one-step ahead),temporal_holdout_seq96_train0.65_val0.15_test0.20,Traffic_Mbps_scaled,399,3087,2019-05-03 03:45:00,14.285483,19.292658,5.007175,35.05079247233013
delta_calendar_huber,t+1 (one-step ahead),temporal_holdout_seq96_train0.65_val0.15_test0.20,Traffic_Mbps_scaled,400,3088,2019-05-03 04:00:00,10.74827,14.724514,3.9762439999999994,36.99426977550805
delta_calendar_huber,t+1 (one-step ahead),temporal_holdout_seq96_train0.65_val0.15_test0.20,Traffic_Mbps_scaled,401,3089,2019-05-03 04:15:00,9.635912,11.212005,1.5760930000000002,16.356448668273437
delta_calendar_huber,t+1 (one-step ahead),temporal_holdout_seq96_train0.65_val0.15_test0.20,Traffic_Mbps_scaled,402,3090,2019-05-03 04:30:00,12.296307,10.123339,2.172968000000001,17.67171232793717
delta_calendar_huber,t+1 (one-step ahead),temporal_holdout_seq96_train0.65_val0.15_test0.20,Traffic_Mbps_scaled,403,3091,2019-05-03 04:45:00,9.353482,12.799591,3.446109,36.843060156634714
delta_calendar_huber,t+1 (one-step ahead),temporal_holdout_seq96_train0.65_val0.15_test0.20,Traffic_Mbps_scaled,404,3092,2019-05-03 05:00:00,26.238724,10.29739,15.941334000000001,60.75498945756661
delta_calendar_huber,t+1 (one-step ahead),temporal_holdout_seq96_train0.65_val0.15_test0.20,Traffic_Mbps_scaled,405,3093,2019-05-03 05:15:00,6.9327216,27.193605,20.2608834,292.2500652557576
delta_calendar_huber,t+1 (one-step ahead),temporal_holdout_seq96_train0.65_val0.15_test0.20,Traffic_Mbps_scaled,406,3094,2019-05-03 05:30:00,4.2110705,8.720405,4.5093345,107.08285458531267
delta_calendar_huber,t+1 (one-step ahead),temporal_holdout_seq96_train0.65_val0.15_test0.20,Traffic_Mbps_scaled,407,3095,2019-05-03 05:45:00,7.2621026,8.720405,1.458302399999999,20.080994173781008
delta_calendar_huber,t+1 (one-step ahead),temporal_holdout_seq96_train0.65_val0.15_test0.20,Traffic_Mbps_scaled,408,3096,2019-05-03 06:00:00,19.120996,8.720405,10.400591000000002,54.39356297130129
delta_calendar_huber,t+1 (one-step ahead),temporal_holdout_seq96_train0.65_val0.15_test0.20,Traffic_Mbps_scaled,409,3097,2019-05-03 06:15:00,19.019718,20.53461,1.5148919999999997,7.964849952033987
delta_calendar_huber,t+1 (one-step ahead),temporal_holdout_seq96_train0.65_val0.15_test0.20,Traffic_Mbps_scaled,410,3098,2019-05-03 06:30:00,13.363261,20.434515,7.0712540000000015,52.915631895538084
delta_calendar_huber,t+1 (one-step ahead),temporal_holdout_seq96_train0.65_val0.15_test0.20,Traffic_Mbps_scaled,411,3099,2019-05-03 06:45:00,26.612965,14.779063,11.833901999999998,44.46668005613053
delta_calendar_huber,t+1 (one-step ahead),temporal_holdout_seq96_train0.65_val0.15_test0.20,Traffic_Mbps_scaled,412,3100,2019-05-03 07:00:00,49.037807,28.155064,20.882743,42.58498549904567
delta_calendar_huber,t+1 (one-step ahead),temporal_holdout_seq96_train0.65_val0.15_test0.20,Traffic_Mbps_scaled,413,3101,2019-05-03 07:15:00,44.618046,50.57041,5.952364000000003,13.340709720905311
delta_calendar_huber,t+1 (one-step ahead),temporal_holdout_seq96_train0.65_val0.15_test0.20,Traffic_Mbps_scaled,414,3102,2019-05-03 07:30:00,53.24999,46.139606,7.110383999999996,13.352836310391789
delta_calendar_huber,t+1 (one-step ahead),temporal_holdout_seq96_train0.65_val0.15_test0.20,Traffic_Mbps_scaled,415,3103,2019-05-03 07:45:00,37.063435,54.75751,17.694075000000005,47.73997607075546
delta_calendar_huber,t+1 (one-step ahead),temporal_holdout_seq96_train0.65_val0.15_test0.20,Traffic_Mbps_scaled,416,3104,2019-05-03 08:00:00,65.05332,38.466515,26.586805,40.869251561642045
delta_calendar_huber,t+1 (one-step ahead),temporal_holdout_seq96_train0.65_val0.15_test0.20,Traffic_Mbps_scaled,417,3105,2019-05-03 08:15:00,45.76074,66.44081,20.68007,45.191729854018966
delta_calendar_huber,t+1 (one-step ahead),temporal_holdout_seq96_train0.65_val0.15_test0.20,Traffic_Mbps_scaled,418,3106,2019-05-03 08:30:00,48.33248,47.13618,1.1962999999999937,2.4751471474254867
delta_calendar_huber,t+1 (one-step ahead),temporal_holdout_seq96_train0.65_val0.15_test0.20,Traffic_Mbps_scaled,419,3107,2019-05-03 08:45:00,47.59852,49.69775,2.0992299999999986,4.410284185306599
delta_calendar_huber,t+1 (one-step ahead),temporal_holdout_seq96_train0.65_val0.15_test0.20,Traffic_Mbps_scaled,420,3108,2019-05-03 09:00:00,45.601402,48.7045,3.103098000000003,6.804830254999622
delta_calendar_huber,t+1 (one-step ahead),temporal_holdout_seq96_train0.65_val0.15_test0.20,Traffic_Mbps_scaled,421,3109,2019-05-03 09:15:00,40.847015,46.697662,5.850647000000002,14.32331591427183
delta_calendar_huber,t+1 (one-step ahead),temporal_holdout_seq96_train0.65_val0.15_test0.20,Traffic_Mbps_scaled,422,3110,2019-05-03 09:30:00,49.49134,41.940033,7.551307000000001,15.257835007094172
delta_calendar_huber,t+1 (one-step ahead),temporal_holdout_seq96_train0.65_val0.15_test0.20,Traffic_Mbps_scaled,423,3111,2019-05-03 09:45:00,39.352135,50.578625,11.226490000000005,28.528286965878742
delta_calendar_huber,t+1 (one-step ahead),temporal_holdout_seq96_train0.65_val0.15_test0.20,Traffic_Mbps_scaled,424,3112,2019-05-03 10:00:00,51.57736,40.387413,11.189946999999997,21.695462893021272
delta_calendar_huber,t+1 (one-step ahead),temporal_holdout_seq96_train0.65_val0.15_test0.20,Traffic_Mbps_scaled,425,3113,2019-05-03 10:15:00,45.10816,52.608894,7.500734000000001,16.62833066123735
delta_calendar_huber,t+1 (one-step ahead),temporal_holdout_seq96_train0.65_val0.15_test0.20,Traffic_Mbps_scaled,426,3114,2019-05-03 10:30:00,46.441254,46.13644,0.30481400000000036,0.6563431728178579
delta_calendar_huber,t+1 (one-step ahead),temporal_holdout_seq96_train0.65_val0.15_test0.20,Traffic_Mbps_scaled,427,3115,2019-05-03 10:45:00,47.863255,47.46716,0.39609500000000253,0.8275555016055689
delta_calendar_huber,t+1 (one-step ahead),temporal_holdout_seq96_train0.65_val0.15_test0.20,Traffic_Mbps_scaled,428,3116,2019-05-03 11:00:00,46.81507,48.89805,2.082979999999999,4.449379227671772
delta_calendar_huber,t+1 (one-step ahead),temporal_holdout_seq96_train0.65_val0.15_test0.20,Traffic_Mbps_scaled,429,3117,2019-05-03 11:15:00,54.941513,47.84773,7.093783000000002,12.911517380309498
delta_calendar_huber,t+1 (one-step ahead),temporal_holdout_seq96_train0.65_val0.15_test0.20,Traffic_Mbps_scaled,430,3118,2019-05-03 11:30:00,57.913555,55.97092,1.9426350000000028,3.354370147023443
delta_calendar_huber,t+1 (one-step ahead),temporal_holdout_seq96_train0.65_val0.15_test0.20,Traffic_Mbps_scaled,431,3119,2019-05-03 11:45:00,64.45061,58.93438,5.51623,8.558848395694007
delta_calendar_huber,t+1 (one-step ahead),temporal_holdout_seq96_train0.65_val0.15_test0.20,Traffic_Mbps_scaled,432,3120,2019-05-03 12:00:00,84.734375,65.457985,19.276390000000006,22.74919712336346
delta_calendar_huber,t+1 (one-step ahead),temporal_holdout_seq96_train0.65_val0.15_test0.20,Traffic_Mbps_scaled,433,3121,2019-05-03 12:15:00,89.43616,85.72121,3.7149500000000018,4.153744972950539
delta_calendar_huber,t+1 (one-step ahead),temporal_holdout_seq96_train0.65_val0.15_test0.20,Traffic_Mbps_scaled,434,3122,2019-05-03 12:30:00,95.09265,90.39649,4.696160000000006,4.9385099689618555
delta_calendar_huber,t+1 (one-step ahead),temporal_holdout_seq96_train0.65_val0.15_test0.20,Traffic_Mbps_scaled,435,3123,2019-05-03 12:45:00,116.45649,96.01915,20.437340000000006,17.549335378388964
delta_calendar_huber,t+1 (one-step ahead),temporal_holdout_seq96_train0.65_val0.15_test0.20,Traffic_Mbps_scaled,436,3124,2019-05-03 13:00:00,110.5908,117.33474,6.743939999999995,6.0981021929491375
delta_calendar_huber,t+1 (one-step ahead),temporal_holdout_seq96_train0.65_val0.15_test0.20,Traffic_Mbps_scaled,437,3125,2019-05-03 13:15:00,90.29175,111.43574,21.143990000000002,23.4174107822697
delta_calendar_huber,t+1 (one-step ahead),temporal_holdout_seq96_train0.65_val0.15_test0.20,Traffic_Mbps_scaled,438,3126,2019-05-03 13:30:00,106.25156,91.11239,15.139169999999993,14.248421387883617
delta_calendar_huber,t+1 (one-step ahead),temporal_holdout_seq96_train0.65_val0.15_test0.20,Traffic_Mbps_scaled,439,3127,2019-05-03 13:45:00,111.97952,107.050476,4.92904399999999,4.401737031914399
delta_calendar_huber,t+1 (one-step ahead),temporal_holdout_seq96_train0.65_val0.15_test0.20,Traffic_Mbps_scaled,440,3128,2019-05-03 14:00:00,157.32037,112.80993,44.51044,28.29286506254721
delta_calendar_huber,t+1 (one-step ahead),temporal_holdout_seq96_train0.65_val0.15_test0.20,Traffic_Mbps_scaled,441,3129,2019-05-03 14:15:00,90.0452,158.11497,68.06977,75.59511223252323
delta_calendar_huber,t+1 (one-step ahead),temporal_holdout_seq96_train0.65_val0.15_test0.20,Traffic_Mbps_scaled,442,3130,2019-05-03 14:30:00,111.484436,90.820145,20.664291000000006,18.535583747313396
delta_calendar_huber,t+1 (one-step ahead),temporal_holdout_seq96_train0.65_val0.15_test0.20,Traffic_Mbps_scaled,443,3131,2019-05-03 14:45:00,84.331215,112.249245,27.91803,33.10521495510292
delta_calendar_huber,t+1 (one-step ahead),temporal_holdout_seq96_train0.65_val0.15_test0.20,Traffic_Mbps_scaled,444,3132,2019-05-03 15:00:00,115.93182,85.199715,30.732105000000004,26.508774726386598
delta_calendar_huber,t+1 (one-step ahead),temporal_holdout_seq96_train0.65_val0.15_test0.20,Traffic_Mbps_scaled,445,3133,2019-05-03 15:15:00,90.684715,116.79556,26.110844999999998,28.792994497474023
delta_calendar_huber,t+1 (one-step ahead),temporal_holdout_seq96_train0.65_val0.15_test0.20,Traffic_Mbps_scaled,446,3134,2019-05-03 15:30:00,97.2563,91.54415,5.712149999999994,5.873295611698157
delta_calendar_huber,t+1 (one-step ahead),temporal_holdout_seq96_train0.65_val0.15_test0.20,Traffic_Mbps_scaled,447,3135,2019-05-03 15:45:00,116.110115,98.11203,17.99808499999999,15.500876043400687
delta_calendar_huber,t+1 (one-step ahead),temporal_holdout_seq96_train0.65_val0.15_test0.20,Traffic_Mbps_scaled,448,3136,2019-05-03 16:00:00,104.69552,117.03127,12.335750000000004,11.782500340033655
delta_calendar_huber,t+1 (one-step ahead),temporal_holdout_seq96_train0.65_val0.15_test0.20,Traffic_Mbps_scaled,449,3137,2019-05-03 16:15:00,98.62006,105.61647,6.996410000000012,7.094307182534681
delta_calendar_huber,t+1 (one-step ahead),temporal_holdout_seq96_train0.65_val0.15_test0.20,Traffic_Mbps_scaled,450,3138,2019-05-03 16:30:00,88.28511,99.540054,11.254943999999995,12.748405705107006
delta_calendar_huber,t+1 (one-step ahead),temporal_holdout_seq96_train0.65_val0.15_test0.20,Traffic_Mbps_scaled,451,3139,2019-05-03 16:45:00,93.04925,89.20301,3.8462399999999946,4.133552930303033
delta_calendar_huber,t+1 (one-step ahead),temporal_holdout_seq96_train0.65_val0.15_test0.20,Traffic_Mbps_scaled,452,3140,2019-05-03 17:00:00,103.40227,93.96186,9.44041,9.129789897262409
delta_calendar_huber,t+1 (one-step ahead),temporal_holdout_seq96_train0.65_val0.15_test0.20,Traffic_Mbps_scaled,453,3141,2019-05-03 17:15:00,115.61651,104.315445,11.301065000000008,9.774611774737023
delta_calendar_huber,t+1 (one-step ahead),temporal_holdout_seq96_train0.65_val0.15_test0.20,Traffic_Mbps_scaled,454,3142,2019-05-03 17:30:00,105.98318,116.53295,10.549769999999995,9.954192731337175
delta_calendar_huber,t+1 (one-step ahead),temporal_holdout_seq96_train0.65_val0.15_test0.20,Traffic_Mbps_scaled,455,3143,2019-05-03 17:45:00,101.52835,106.90155,5.373199999999997,5.2923149051471805
delta_calendar_huber,t+1 (one-step ahead),temporal_holdout_seq96_train0.65_val0.15_test0.20,Traffic_Mbps_scaled,456,3144,2019-05-03 18:00:00,93.87445,102.207466,8.333016,8.876766787981182
delta_calendar_huber,t+1 (one-step ahead),temporal_holdout_seq96_train0.65_val0.15_test0.20,Traffic_Mbps_scaled,457,3145,2019-05-03 18:15:00,121.5226,94.554634,26.967966000000004,22.19172894589155
delta_calendar_huber,t+1 (one-step ahead),temporal_holdout_seq96_train0.65_val0.15_test0.20,Traffic_Mbps_scaled,458,3146,2019-05-03 18:30:00,147.67044,122.1959,25.47454000000002,17.250940675737144
delta_calendar_huber,t+1 (one-step ahead),temporal_holdout_seq96_train0.65_val0.15_test0.20,Traffic_Mbps_scaled,459,3147,2019-05-03 18:45:00,86.001045,148.31874,62.317694999999986,72.46155555435399
delta_calendar_huber,t+1 (one-step ahead),temporal_holdout_seq96_train0.65_val0.15_test0.20,Traffic_Mbps_scaled,460,3148,2019-05-03 19:00:00,71.6562,86.45379,14.79759,20.650815979636093
delta_calendar_huber,t+1 (one-step ahead),temporal_holdout_seq96_train0.65_val0.15_test0.20,Traffic_Mbps_scaled,461,3149,2019-05-03 19:15:00,90.38323,72.11476,18.268469999999994,20.21223406156208
delta_calendar_huber,t+1 (one-step ahead),temporal_holdout_seq96_train0.65_val0.15_test0.20,Traffic_Mbps_scaled,462,3150,2019-05-03 19:30:00,88.44154,90.84996,2.4084199999999925,2.723177366653715
delta_calendar_huber,t+1 (one-step ahead),temporal_holdout_seq96_train0.65_val0.15_test0.20,Traffic_Mbps_scaled,463,3151,2019-05-03 19:45:00,63.888714,88.91699,25.028275999999998,39.17480010632238
delta_calendar_huber,t+1 (one-step ahead),temporal_holdout_seq96_train0.65_val0.15_test0.20,Traffic_Mbps_scaled,464,3152,2019-05-03 20:00:00,63.44495,64.05738,0.6124299999999963,0.9652935340007301
delta_calendar_huber,t+1 (one-step ahead),temporal_holdout_seq96_train0.65_val0.15_test0.20,Traffic_Mbps_scaled,465,3153,2019-05-03 20:15:00,70.55473,63.629562,6.925168000000006,9.815313587055051
delta_calendar_huber,t+1 (one-step ahead),temporal_holdout_seq96_train0.65_val0.15_test0.20,Traffic_Mbps_scaled,466,3154,2019-05-03 20:30:00,109.47449,70.754684,38.719806000000005,35.36879322296912
delta_calendar_huber,t+1 (one-step ahead),temporal_holdout_seq96_train0.65_val0.15_test0.20,Traffic_Mbps_scaled,467,3155,2019-05-03 20:45:00,113.24921,109.68101,3.5682000000000045,3.1507504555660955
delta_calendar_huber,t+1 (one-step ahead),temporal_holdout_seq96_train0.65_val0.15_test0.20,Traffic_Mbps_scaled,468,3156,2019-05-03 21:00:00,127.22811,113.15077,14.077340000000007,11.06464601258323
delta_calendar_huber,t+1 (one-step ahead),temporal_holdout_seq96_train0.65_val0.15_test0.20,Traffic_Mbps_scaled,469,3157,2019-05-03 21:15:00,119.59765,127.118965,7.521315000000001,6.288848484899161
delta_calendar_huber,t+1 (one-step ahead),temporal_holdout_seq96_train0.65_val0.15_test0.20,Traffic_Mbps_scaled,470,3158,2019-05-03 21:30:00,124.417435,119.47284,4.9445949999999925,3.974197828463505
delta_calendar_huber,t+1 (one-step ahead),temporal_holdout_seq96_train0.65_val0.15_test0.20,Traffic_Mbps_scaled,471,3159,2019-05-03 21:45:00,129.22223,124.27589,4.946339999999992,3.8277779295404457
delta_calendar_huber,t+1 (one-step ahead),temporal_holdout_seq96_train0.65_val0.15_test0.20,Traffic_Mbps_scaled,472,3160,2019-05-03 22:00:00,136.25363,128.78328,7.470349999999996,5.482679617416429
delta_calendar_huber,t+1 (one-step ahead),temporal_holdout_seq96_train0.65_val0.15_test0.20,Traffic_Mbps_scaled,473,3161,2019-05-03 22:15:00,123.09104,135.78073,12.689689999999999,10.3091906608312
delta_calendar_huber,t+1 (one-step ahead),temporal_holdout_seq96_train0.65_val0.15_test0.20,Traffic_Mbps_scaled,474,3162,2019-05-03 22:30:00,122.587456,122.5926,0.00514400000000137,0.004196187903598692
delta_calendar_huber,t+1 (one-step ahead),temporal_holdout_seq96_train0.65_val0.15_test0.20,Traffic_Mbps_scaled,475,3163,2019-05-03 22:45:00,172.04932,122.06972,49.97959999999999,29.049577179380886
delta_calendar_huber,t+1 (one-step ahead),temporal_holdout_seq96_train0.65_val0.15_test0.20,Traffic_Mbps_scaled,476,3164,2019-05-03 23:00:00,144.73619,171.29204,26.555849999999992,18.347760846820684
delta_calendar_huber,t+1 (one-step ahead),temporal_holdout_seq96_train0.65_val0.15_test0.20,Traffic_Mbps_scaled,477,3165,2019-05-03 23:15:00,123.531456,143.94571,20.414253999999985,16.52555119240235
delta_calendar_huber,t+1 (one-step ahead),temporal_holdout_seq96_train0.65_val0.15_test0.20,Traffic_Mbps_scaled,478,3166,2019-05-03 23:30:00,105.499565,122.72431,17.224745,16.326839831045746
delta_calendar_huber,t+1 (one-step ahead),temporal_holdout_seq96_train0.65_val0.15_test0.20,Traffic_Mbps_scaled,479,3167,2019-05-03 23:45:00,90.68089,104.6935,14.012609999999995,15.452660422719708
delta_calendar_huber,t+1 (one-step ahead),temporal_holdout_seq96_train0.65_val0.15_test0.20,Traffic_Mbps_scaled,480,3168,2019-05-04 00:00:00,116.90152,89.648384,27.253136000000012,23.3129013207014
delta_calendar_huber,t+1 (one-step ahead),temporal_holdout_seq96_train0.65_val0.15_test0.20,Traffic_Mbps_scaled,481,3169,2019-05-04 00:15:00,121.28236,115.8793,5.403059999999996,4.454942994183158
delta_calendar_huber,t+1 (one-step ahead),temporal_holdout_seq96_train0.65_val0.15_test0.20,Traffic_Mbps_scaled,482,3170,2019-05-04 00:30:00,114.49497,120.26644,5.771470000000008,5.040806596132571
delta_calendar_huber,t+1 (one-step ahead),temporal_holdout_seq96_train0.65_val0.15_test0.20,Traffic_Mbps_scaled,483,3171,2019-05-04 00:45:00,107.936104,113.48434,5.548236000000003,5.140296707392739
delta_calendar_huber,t+1 (one-step ahead),temporal_holdout_seq96_train0.65_val0.15_test0.20,Traffic_Mbps_scaled,484,3172,2019-05-04 01:00:00,81.53328,106.85137,25.318089999999998,31.052461031863306
delta_calendar_huber,t+1 (one-step ahead),temporal_holdout_seq96_train0.65_val0.15_test0.20,Traffic_Mbps_scaled,485,3173,2019-05-04 01:15:00,53.969044,80.45883,26.48978600000001,49.08329671357531
delta_calendar_huber,t+1 (one-step ahead),temporal_holdout_seq96_train0.65_val0.15_test0.20,Traffic_Mbps_scaled,486,3174,2019-05-04 01:30:00,40.68331,52.90861,12.225300000000004,30.04991481764882
delta_calendar_huber,t+1 (one-step ahead),temporal_holdout_seq96_train0.65_val0.15_test0.20,Traffic_Mbps_scaled,487,3175,2019-05-04 01:45:00,36.385742,39.646225,3.2604830000000007,8.960880885705178
delta_calendar_huber,t+1 (one-step ahead),temporal_holdout_seq96_train0.65_val0.15_test0.20,Traffic_Mbps_scaled,488,3176,2019-05-04 02:00:00,41.040794,35.621,5.419793999999996,13.205870237305827
delta_calendar_huber,t+1 (one-step ahead),temporal_holdout_seq96_train0.65_val0.15_test0.20,Traffic_Mbps_scaled,489,3177,2019-05-04 02:15:00,28.115791,40.283844,12.168053,43.278359125660025
delta_calendar_huber,t+1 (one-step ahead),temporal_holdout_seq96_train0.65_val0.15_test0.20,Traffic_Mbps_scaled,490,3178,2019-05-04 02:30:00,32.80276,27.352264,5.450495999999998,16.615967680768318
delta_calendar_huber,t+1 (one-step ahead),temporal_holdout_seq96_train0.65_val0.15_test0.20,Traffic_Mbps_scaled,491,3179,2019-05-04 02:45:00,42.379993,32.037308,10.342684999999996,24.404640652017086
delta_calendar_huber,t+1 (one-step ahead),temporal_holdout_seq96_train0.65_val0.15_test0.20,Traffic_Mbps_scaled,492,3180,2019-05-04 03:00:00,30.06864,41.90192,11.833279999999998,39.354224201693185
delta_calendar_huber,t+1 (one-step ahead),temporal_holdout_seq96_train0.65_val0.15_test0.20,Traffic_Mbps_scaled,493,3181,2019-05-04 03:15:00,34.893303,29.596783,5.296520000000005,15.17918782294701
delta_calendar_huber,t+1 (one-step ahead),temporal_holdout_seq96_train0.65_val0.15_test0.20,Traffic_Mbps_scaled,494,3182,2019-05-04 03:30:00,30.378153,34.426804,4.048650999999996,13.32750875275398
delta_calendar_huber,t+1 (one-step ahead),temporal_holdout_seq96_train0.65_val0.15_test0.20,Traffic_Mbps_scaled,495,3183,2019-05-04 03:45:00,26.94788,29.911438,2.963557999999999,10.997369737433885
delta_calendar_huber,t+1 (one-step ahead),temporal_holdout_seq96_train0.65_val0.15_test0.20,Traffic_Mbps_scaled,496,3184,2019-05-04 04:00:00,19.314795,26.694593,7.379798000000001,38.20800583179889
delta_calendar_huber,t+1 (one-step ahead),temporal_holdout_seq96_train0.65_val0.15_test0.20,Traffic_Mbps_scaled,497,3185,2019-05-04 04:15:00,17.49266,19.068268,1.575607999999999,9.007252184630577
delta_calendar_huber,t+1 (one-step ahead),temporal_holdout_seq96_train0.65_val0.15_test0.20,Traffic_Mbps_scaled,498,3186,2019-05-04 04:30:00,13.14434,17.253462,4.109121999999999,31.2615315793718
delta_calendar_huber,t+1 (one-step ahead),temporal_holdout_seq96_train0.65_val0.15_test0.20,Traffic_Mbps_scaled,499,3187,2019-05-04 04:45:00,9.837476,12.909712,3.072236,31.22992117083691
delta_calendar_huber,t+1 (one-step ahead),temporal_holdout_seq96_train0.65_val0.15_test0.20,Traffic_Mbps_scaled,500,3188,2019-05-04 05:00:00,11.811033,9.879821,1.9312120000000004,16.350915284039935
delta_calendar_huber,t+1 (one-step ahead),temporal_holdout_seq96_train0.65_val0.15_test0.20,Traffic_Mbps_scaled,501,3189,2019-05-04 05:15:00,14.140249,11.859726,2.2805230000000005,16.127884310948133
delta_calendar_huber,t+1 (one-step ahead),temporal_holdout_seq96_train0.65_val0.15_test0.20,Traffic_Mbps_scaled,502,3190,2019-05-04 05:30:00,20.584944,14.193194,6.39175,31.050606695845275
delta_calendar_huber,t+1 (one-step ahead),temporal_holdout_seq96_train0.65_val0.15_test0.20,Traffic_Mbps_scaled,503,3191,2019-05-04 05:45:00,25.257082,20.64454,4.612542000000001,18.262370926300992
delta_calendar_huber,t+1 (one-step ahead),temporal_holdout_seq96_train0.65_val0.15_test0.20,Traffic_Mbps_scaled,504,3192,2019-05-04 06:00:00,19.582651,25.642416,6.059765000000002,30.944559038508128
delta_calendar_huber,t+1 (one-step ahead),temporal_holdout_seq96_train0.65_val0.15_test0.20,Traffic_Mbps_scaled,505,3193,2019-05-04 06:15:00,10.032614,19.970339,9.937724999999999,99.05419464956987
delta_calendar_huber,t+1 (one-step ahead),temporal_holdout_seq96_train0.65_val0.15_test0.20,Traffic_Mbps_scaled,506,3194,2019-05-04 06:30:00,8.222973,10.425735,2.202762,26.787902623540173
delta_calendar_huber,t+1 (one-step ahead),temporal_holdout_seq96_train0.65_val0.15_test0.20,Traffic_Mbps_scaled,507,3195,2019-05-04 06:45:00,17.399887,8.720405,8.679482,49.88240440871829
delta_calendar_huber,t+1 (one-step ahead),temporal_holdout_seq96_train0.65_val0.15_test0.20,Traffic_Mbps_scaled,508,3196,2019-05-04 07:00:00,12.973847,18.101788,5.127941,39.52521561260897
delta_calendar_huber,t+1 (one-step ahead),temporal_holdout_seq96_train0.65_val0.15_test0.20,Traffic_Mbps_scaled,509,3197,2019-05-04 07:15:00,9.375704,13.679448,4.303744,45.9031556456987
delta_calendar_huber,t+1 (one-step ahead),temporal_holdout_seq96_train0.65_val0.15_test0.20,Traffic_Mbps_scaled,510,3198,2019-05-04 07:30:00,35.44527,10.083635,25.361635,71.55153564918535
delta_calendar_huber,t+1 (one-step ahead),temporal_holdout_seq96_train0.65_val0.15_test0.20,Traffic_Mbps_scaled,511,3199,2019-05-04 07:45:00,25.29745,36.15646,10.859010000000001,42.9253146068082
delta_calendar_huber,t+1 (one-step ahead),temporal_holdout_seq96_train0.65_val0.15_test0.20,Traffic_Mbps_scaled,512,3200,2019-05-04 08:00:00,21.583462,26.357435,4.773972999999998,22.11866196442442
delta_calendar_huber,t+1 (one-step ahead),temporal_holdout_seq96_train0.65_val0.15_test0.20,Traffic_Mbps_scaled,513,3201,2019-05-04 08:15:00,35.378292,22.644712,12.733580000000003,35.992636388438434
delta_calendar_huber,t+1 (one-step ahead),temporal_holdout_seq96_train0.65_val0.15_test0.20,Traffic_Mbps_scaled,514,3202,2019-05-04 08:30:00,51.725655,36.439598,15.286057000000007,29.55217676798874
delta_calendar_huber,t+1 (one-step ahead),temporal_holdout_seq96_train0.65_val0.15_test0.20,Traffic_Mbps_scaled,515,3203,2019-05-04 08:45:00,26.135418,52.783855,26.648437,101.96292632472914
delta_calendar_huber,t+1 (one-step ahead),temporal_holdout_seq96_train0.65_val0.15_test0.20,Traffic_Mbps_scaled,516,3204,2019-05-04 09:00:00,27.398413,27.42422,0.025806999999996805,0.09419158693606379
delta_calendar_huber,t+1 (one-step ahead),temporal_holdout_seq96_train0.65_val0.15_test0.20,Traffic_Mbps_scaled,517,3205,2019-05-04 09:15:00,40.390644,28.684107,11.706537,28.983288803218887
delta_calendar_huber,t+1 (one-step ahead),temporal_holdout_seq96_train0.65_val0.15_test0.20,Traffic_Mbps_scaled,518,3206,2019-05-04 09:30:00,36.455772,41.672424,5.216651999999996,14.309536498088688
delta_calendar_huber,t+1 (one-step ahead),temporal_holdout_seq96_train0.65_val0.15_test0.20,Traffic_Mbps_scaled,519,3207,2019-05-04 09:45:00,35.991096,37.73375,1.7426540000000017,4.841903119593806
delta_calendar_huber,t+1 (one-step ahead),temporal_holdout_seq96_train0.65_val0.15_test0.20,Traffic_Mbps_scaled,520,3208,2019-05-04 10:00:00,59.462093,37.190533,22.27156,37.4550556099665
delta_calendar_huber,t+1 (one-step ahead),temporal_holdout_seq96_train0.65_val0.15_test0.20,Traffic_Mbps_scaled,521,3209,2019-05-04 10:15:00,70.74177,60.653088,10.088682000000006,14.261280146086259
delta_calendar_huber,t+1 (one-step ahead),temporal_holdout_seq96_train0.65_val0.15_test0.20,Traffic_Mbps_scaled,522,3210,2019-05-04 10:30:00,48.235813,71.91996,23.684147000000003,49.10075217349401
delta_calendar_huber,t+1 (one-step ahead),temporal_holdout_seq96_train0.65_val0.15_test0.20,Traffic_Mbps_scaled,523,3211,2019-05-04 10:45:00,61.5672,49.406944,12.160255999999997,19.75119219324575
delta_calendar_huber,t+1 (one-step ahead),temporal_holdout_seq96_train0.65_val0.15_test0.20,Traffic_Mbps_scaled,524,3212,2019-05-04 11:00:00,56.768803,62.621147,5.852344000000002,10.309084727398607
delta_calendar_huber,t+1 (one-step ahead),temporal_holdout_seq96_train0.65_val0.15_test0.20,Traffic_Mbps_scaled,525,3213,2019-05-04 11:15:00,53.10568,57.816563,4.710883000000003,8.870770508917317
delta_calendar_huber,t+1 (one-step ahead),temporal_holdout_seq96_train0.65_val0.15_test0.20,Traffic_Mbps_scaled,526,3214,2019-05-04 11:30:00,54.909496,54.15127,0.7582260000000005,1.3808649782543998
delta_calendar_huber,t+1 (one-step ahead),temporal_holdout_seq96_train0.65_val0.15_test0.20,Traffic_Mbps_scaled,527,3215,2019-05-04 11:45:00,57.932503,55.951683,1.9808199999999943,3.419185944719141
delta_calendar_huber,t+1 (one-step ahead),temporal_holdout_seq96_train0.65_val0.15_test0.20,Traffic_Mbps_scaled,528,3216,2019-05-04 12:00:00,63.595745,58.92638,4.669364999999999,7.342260083595215
delta_calendar_huber,t+1 (one-step ahead),temporal_holdout_seq96_train0.65_val0.15_test0.20,Traffic_Mbps_scaled,529,3217,2019-05-04 12:15:00,73.307526,64.58562,8.72190599999999,11.897695197079752
delta_calendar_huber,t+1 (one-step ahead),temporal_holdout_seq96_train0.65_val0.15_test0.20,Traffic_Mbps_scaled,530,3218,2019-05-04 12:30:00,74.53403,74.28774,0.2462900000000019,0.33043966628398047
delta_calendar_huber,t+1 (one-step ahead),temporal_holdout_seq96_train0.65_val0.15_test0.20,Traffic_Mbps_scaled,531,3219,2019-05-04 12:45:00,95.47765,75.504074,19.973575999999994,20.91963511879481
delta_calendar_huber,t+1 (one-step ahead),temporal_holdout_seq96_train0.65_val0.15_test0.20,Traffic_Mbps_scaled,532,3220,2019-05-04 13:00:00,80.325615,96.42084,16.095225,20.03747496984617
delta_calendar_huber,t+1 (one-step ahead),temporal_holdout_seq96_train0.65_val0.15_test0.20,Traffic_Mbps_scaled,533,3221,2019-05-04 13:15:00,71.02965,81.26506,10.235410000000002,14.410052703342902
delta_calendar_huber,t+1 (one-step ahead),temporal_holdout_seq96_train0.65_val0.15_test0.20,Traffic_Mbps_scaled,534,3222,2019-05-04 13:30:00,84.25396,71.96684,12.287120000000002,14.583433229725939
delta_calendar_huber,t+1 (one-step ahead),temporal_holdout_seq96_train0.65_val0.15_test0.20,Traffic_Mbps_scaled,535,3223,2019-05-04 13:45:00,82.63589,85.1895,2.553609999999992,3.090194829389496
delta_calendar_huber,t+1 (one-step ahead),temporal_holdout_seq96_train0.65_val0.15_test0.20,Traffic_Mbps_scaled,536,3224,2019-05-04 14:00:00,68.0883,83.69111,15.602809999999991,22.915552304874684
delta_calendar_huber,t+1 (one-step ahead),temporal_holdout_seq96_train0.65_val0.15_test0.20,Traffic_Mbps_scaled,537,3225,2019-05-04 14:15:00,63.58347,69.14361,5.560139999999997,8.744631269730949
delta_calendar_huber,t+1 (one-step ahead),temporal_holdout_seq96_train0.65_val0.15_test0.20,Traffic_Mbps_scaled,538,3226,2019-05-04 14:30:00,65.72674,64.6383,1.0884400000000056,1.6560078896351855
delta_calendar_huber,t+1 (one-step ahead),temporal_holdout_seq96_train0.65_val0.15_test0.20,Traffic_Mbps_scaled,539,3227,2019-05-04 14:45:00,68.68428,66.78397,1.9003100000000046,2.7667320673668043
delta_calendar_huber,t+1 (one-step ahead),temporal_holdout_seq96_train0.65_val0.15_test0.20,Traffic_Mbps_scaled,540,3228,2019-05-04 15:00:00,74.858574,69.797714,5.060860000000005,6.7605615891106945
delta_calendar_huber,t+1 (one-step ahead),temporal_holdout_seq96_train0.65_val0.15_test0.20,Traffic_Mbps_scaled,541,3229,2019-05-04 15:15:00,73.02527,75.97011,2.9448399999999992,4.032631443882369
delta_calendar_huber,t+1 (one-step ahead),temporal_holdout_seq96_train0.65_val0.15_test0.20,Traffic_Mbps_scaled,542,3230,2019-05-04 15:30:00,67.18517,74.13717,6.951999999999998,10.347521633122307
delta_calendar_huber,t+1 (one-step ahead),temporal_holdout_seq96_train0.65_val0.15_test0.20,Traffic_Mbps_scaled,543,3231,2019-05-04 15:45:00,76.14307,68.29841,7.84465999999999,10.302526546407954
delta_calendar_huber,t+1 (one-step ahead),temporal_holdout_seq96_train0.65_val0.15_test0.20,Traffic_Mbps_scaled,544,3232,2019-05-04 16:00:00,67.216385,77.33318,10.116794999999996,15.051084642531723
delta_calendar_huber,t+1 (one-step ahead),temporal_holdout_seq96_train0.65_val0.15_test0.20,Traffic_Mbps_scaled,545,3233,2019-05-04 16:15:00,78.086845,68.40691,9.679935,12.396370989249213
delta_calendar_huber,t+1 (one-step ahead),temporal_holdout_seq96_train0.65_val0.15_test0.20,Traffic_Mbps_scaled,546,3234,2019-05-04 16:30:00,91.41595,79.27855,12.1374,13.27711411411247
delta_calendar_huber,t+1 (one-step ahead),temporal_holdout_seq96_train0.65_val0.15_test0.20,Traffic_Mbps_scaled,547,3235,2019-05-04 16:45:00,75.60118,92.613716,17.012535999999997,22.50300326000202
delta_calendar_huber,t+1 (one-step ahead),temporal_holdout_seq96_train0.65_val0.15_test0.20,Traffic_Mbps_scaled,548,3236,2019-05-04 17:00:00,114.28624,76.81089,37.475350000000006,32.79078041241011
delta_calendar_huber,t+1 (one-step ahead),temporal_holdout_seq96_train0.65_val0.15_test0.20,Traffic_Mbps_scaled,549,3237,2019-05-04 17:15:00,95.760216,115.512566,19.752350000000007,20.626885386306988
delta_calendar_huber,t+1 (one-step ahead),temporal_holdout_seq96_train0.65_val0.15_test0.20,Traffic_Mbps_scaled,550,3238,2019-05-04 17:30:00,86.2879,97.00021,10.712310000000002,12.41461433178928
delta_calendar_huber,t+1 (one-step ahead),temporal_holdout_seq96_train0.65_val0.15_test0.20,Traffic_Mbps_scaled,551,3239,2019-05-04 17:45:00,105.076385,87.53837,17.538015,16.690729320389163
delta_calendar_huber,t+1 (one-step ahead),temporal_holdout_seq96_train0.65_val0.15_test0.20,Traffic_Mbps_scaled,552,3240,2019-05-04 18:00:00,102.55404,106.29883,3.7447899999999947,3.651528501461273
delta_calendar_huber,t+1 (one-step ahead),temporal_holdout_seq96_train0.65_val0.15_test0.20,Traffic_Mbps_scaled,553,3241,2019-05-04 18:15:00,93.13059,103.77987,10.649280000000005,11.43478206247808
delta_calendar_huber,t+1 (one-step ahead),temporal_holdout_seq96_train0.65_val0.15_test0.20,Traffic_Mbps_scaled,554,3242,2019-05-04 18:30:00,100.24507,94.35849,5.886579999999995,5.872189026353111
delta_calendar_huber,t+1 (one-step ahead),temporal_holdout_seq96_train0.65_val0.15_test0.20,Traffic_Mbps_scaled,555,3243,2019-05-04 18:45:00,85.17624,101.47289,16.29665,19.132859116579926
delta_calendar_huber,t+1 (one-step ahead),temporal_holdout_seq96_train0.65_val0.15_test0.20,Traffic_Mbps_scaled,556,3244,2019-05-04 19:00:00,100.055824,86.08188,13.973944000000003,13.966147537798502
delta_calendar_huber,t+1 (one-step ahead),temporal_holdout_seq96_train0.65_val0.15_test0.20,Traffic_Mbps_scaled,557,3245,2019-05-04 19:15:00,85.38433,100.9621,15.577770000000001,18.244296113818542
delta_calendar_huber,t+1 (one-step ahead),temporal_holdout_seq96_train0.65_val0.15_test0.20,Traffic_Mbps_scaled,558,3246,2019-05-04 19:30:00,66.051285,86.29132,20.240035000000006,30.64290876400059
delta_calendar_huber,t+1 (one-step ahead),temporal_holdout_seq96_train0.65_val0.15_test0.20,Traffic_Mbps_scaled,559,3247,2019-05-04 19:45:00,79.3076,66.96013,12.347469999999987,15.569087956261427
delta_calendar_huber,t+1 (one-step ahead),temporal_holdout_seq96_train0.65_val0.15_test0.20,Traffic_Mbps_scaled,560,3248,2019-05-04 20:00:00,94.194496,79.85851,14.335986000000005,15.219558051459828
delta_calendar_huber,t+1 (one-step ahead),temporal_holdout_seq96_train0.65_val0.15_test0.20,Traffic_Mbps_scaled,561,3249,2019-05-04 20:15:00,105.304794,94.743454,10.561340000000001,10.029305978225455
delta_calendar_huber,t+1 (one-step ahead),temporal_holdout_seq96_train0.65_val0.15_test0.20,Traffic_Mbps_scaled,562,3250,2019-05-04 20:30:00,103.84105,105.85164,2.0105900000000076,1.936218865275349
delta_calendar_huber,t+1 (one-step ahead),temporal_holdout_seq96_train0.65_val0.15_test0.20,Traffic_Mbps_scaled,563,3251,2019-05-04 20:45:00,121.95999,104.38517,17.574820000000003,14.410316038891116
delta_calendar_huber,t+1 (one-step ahead),temporal_holdout_seq96_train0.65_val0.15_test0.20,Traffic_Mbps_scaled,564,3252,2019-05-04 21:00:00,106.13031,122.120514,15.990204000000006,15.066576174139138
delta_calendar_huber,t+1 (one-step ahead),temporal_holdout_seq96_train0.65_val0.15_test0.20,Traffic_Mbps_scaled,565,3253,2019-05-04 21:15:00,117.31018,106.280975,11.029205000000005,9.401745867238464
delta_calendar_huber,t+1 (one-step ahead),temporal_holdout_seq96_train0.65_val0.15_test0.20,Traffic_Mbps_scaled,566,3254,2019-05-04 21:30:00,123.70511,117.452225,6.252885000000006,5.054669932390024
delta_calendar_huber,t+1 (one-step ahead),temporal_holdout_seq96_train0.65_val0.15_test0.20,Traffic_Mbps_scaled,567,3255,2019-05-04 21:45:00,129.87015,123.835434,6.034715999999989,4.646730599756749
delta_calendar_huber,t+1 (one-step ahead),temporal_holdout_seq96_train0.65_val0.15_test0.20,Traffic_Mbps_scaled,568,3256,2019-05-04 22:00:00,152.97195,129.55508,23.41686999999999,15.307950248395205
delta_calendar_huber,t+1 (one-step ahead),temporal_holdout_seq96_train0.65_val0.15_test0.20,Traffic_Mbps_scaled,569,3257,2019-05-04 22:15:00,142.0512,152.64575,10.594549999999998,7.4582615282377045
delta_calendar_huber,t+1 (one-step ahead),temporal_holdout_seq96_train0.65_val0.15_test0.20,Traffic_Mbps_scaled,570,3258,2019-05-04 22:30:00,141.90454,141.71545,0.1890899999999931,0.13325155065510455
delta_calendar_huber,t+1 (one-step ahead),temporal_holdout_seq96_train0.65_val0.15_test0.20,Traffic_Mbps_scaled,571,3259,2019-05-04 22:45:00,127.13545,141.56001,14.42456,11.345820540219112
delta_calendar_huber,t+1 (one-step ahead),temporal_holdout_seq96_train0.65_val0.15_test0.20,Traffic_Mbps_scaled,572,3260,2019-05-04 23:00:00,133.55258,126.36041,7.192170000000004,5.385272227612528
delta_calendar_huber,t+1 (one-step ahead),temporal_holdout_seq96_train0.65_val0.15_test0.20,Traffic_Mbps_scaled,573,3261,2019-05-04 23:15:00,149.67422,132.77727,16.896950000000004,11.289151865965966
delta_calendar_huber,t+1 (one-step ahead),temporal_holdout_seq96_train0.65_val0.15_test0.20,Traffic_Mbps_scaled,574,3262,2019-05-04 23:30:00,127.821915,148.89769,21.075775000000007,16.488389334489323
delta_calendar_huber,t+1 (one-step ahead),temporal_holdout_seq96_train0.65_val0.15_test0.20,Traffic_Mbps_scaled,575,3263,2019-05-04 23:45:00,84.92028,127.04461,42.12433,49.6045585341923
delta_calendar_huber,t+1 (one-step ahead),temporal_holdout_seq96_train0.65_val0.15_test0.20,Traffic_Mbps_scaled,576,3264,2019-05-05 00:00:00,119.11226,84.867935,34.244325,28.749622415022603
delta_calendar_huber,t+1 (one-step ahead),temporal_holdout_seq96_train0.65_val0.15_test0.20,Traffic_Mbps_scaled,577,3265,2019-05-05 00:15:00,124.19443,119.07154,5.122889999999998,4.124895134185968
delta_calendar_huber,t+1 (one-step ahead),temporal_holdout_seq96_train0.65_val0.15_test0.20,Traffic_Mbps_scaled,578,3266,2019-05-05 00:30:00,123.923035,124.16095,0.237915000000001,0.19198609846829606
delta_calendar_huber,t+1 (one-step ahead),temporal_holdout_seq96_train0.65_val0.15_test0.20,Traffic_Mbps_scaled,579,3267,2019-05-05 00:45:00,114.48821,123.89386,9.405650000000009,8.21538741849489
delta_calendar_huber,t+1 (one-step ahead),temporal_holdout_seq96_train0.65_val0.15_test0.20,Traffic_Mbps_scaled,580,3268,2019-05-05 01:00:00,72.96354,114.30162,41.338080000000005,56.65580370689253
delta_calendar_huber,t+1 (one-step ahead),temporal_holdout_seq96_train0.65_val0.15_test0.20,Traffic_Mbps_scaled,581,3269,2019-05-05 01:15:00,80.21902,72.800095,7.4189250000000015,9.248336616428375
delta_calendar_huber,t+1 (one-step ahead),temporal_holdout_seq96_train0.65_val0.15_test0.20,Traffic_Mbps_scaled,582,3270,2019-05-05 01:30:00,83.92515,80.0622,3.862949999999998,4.602851469434369
delta_calendar_huber,t+1 (one-step ahead),temporal_holdout_seq96_train0.65_val0.15_test0.20,Traffic_Mbps_scaled,583,3271,2019-05-05 01:45:00,67.22142,83.77262,16.55120000000001,24.621913669779676
delta_calendar_huber,t+1 (one-step ahead),temporal_holdout_seq96_train0.65_val0.15_test0.20,Traffic_Mbps_scaled,584,3272,2019-05-05 02:00:00,57.047817,67.07106,10.023243,17.56989754752579
delta_calendar_huber,t+1 (one-step ahead),temporal_holdout_seq96_train0.65_val0.15_test0.20,Traffic_Mbps_scaled,585,3273,2019-05-05 02:15:00,81.25918,56.90779,24.351390000000002,29.967555665710634
delta_calendar_huber,t+1 (one-step ahead),temporal_holdout_seq96_train0.65_val0.15_test0.20,Traffic_Mbps_scaled,586,3274,2019-05-05 02:30:00,74.919106,81.12773,6.208624,8.287103692881761
delta_calendar_huber,t+1 (one-step ahead),temporal_holdout_seq96_train0.65_val0.15_test0.20,Traffic_Mbps_scaled,587,3275,2019-05-05 02:45:00,61.99679,74.793335,12.796545000000002,20.640657363066705
delta_calendar_huber,t+1 (one-step ahead),temporal_holdout_seq96_train0.65_val0.15_test0.20,Traffic_Mbps_scaled,588,3276,2019-05-05 03:00:00,61.182537,61.975334,0.7927969999999931,1.295789679332835
delta_calendar_huber,t+1 (one-step ahead),temporal_holdout_seq96_train0.65_val0.15_test0.20,Traffic_Mbps_scaled,589,3277,2019-05-05 03:15:00,78.48594,61.168884,17.317056,22.063895775472652
delta_calendar_huber,t+1 (one-step ahead),temporal_holdout_seq96_train0.65_val0.15_test0.20,Traffic_Mbps_scaled,590,3278,2019-05-05 03:30:00,64.7769,78.47671,13.69981,21.1492214045439
delta_calendar_huber,t+1 (one-step ahead),temporal_holdout_seq96_train0.65_val0.15_test0.20,Traffic_Mbps_scaled,591,3279,2019-05-05 03:45:00,64.61161,64.77359,0.1619799999999998,0.2506979782735638
delta_calendar_huber,t+1 (one-step ahead),temporal_holdout_seq96_train0.65_val0.15_test0.20,Traffic_Mbps_scaled,592,3280,2019-05-05 04:00:00,58.906517,64.73218,5.825662999999999,9.889674855500282
delta_calendar_huber,t+1 (one-step ahead),temporal_holdout_seq96_train0.65_val0.15_test0.20,Traffic_Mbps_scaled,593,3281,2019-05-05 04:15:00,50.532467,59.03241,8.499943000000002,16.82075604976896
delta_calendar_huber,t+1 (one-step ahead),temporal_holdout_seq96_train0.65_val0.15_test0.20,Traffic_Mbps_scaled,594,3282,2019-05-05 04:30:00,36.061085,50.664978,14.603893,40.49765280218274
delta_calendar_huber,t+1 (one-step ahead),temporal_holdout_seq96_train0.65_val0.15_test0.20,Traffic_Mbps_scaled,595,3283,2019-05-05 04:45:00,28.281935,36.201813,7.919878000000001,28.00331024026468
delta_calendar_huber,t+1 (one-step ahead),temporal_holdout_seq96_train0.65_val0.15_test0.20,Traffic_Mbps_scaled,596,3284,2019-05-05 05:00:00,37.26256,28.565847,8.696712999999999,23.339011060968435
delta_calendar_huber,t+1 (one-step ahead),temporal_holdout_seq96_train0.65_val0.15_test0.20,Traffic_Mbps_scaled,597,3285,2019-05-05 05:15:00,25.034925,37.55798,12.523055,50.02233879270659
delta_calendar_huber,t+1 (one-step ahead),temporal_holdout_seq96_train0.65_val0.15_test0.20,Traffic_Mbps_scaled,598,3286,2019-05-05 05:30:00,16.853811,25.340773,8.486961999999998,50.35633780395424
delta_calendar_huber,t+1 (one-step ahead),temporal_holdout_seq96_train0.65_val0.15_test0.20,Traffic_Mbps_scaled,599,3287,2019-05-05 05:45:00,13.872423,17.169477,3.297054000000001,23.766965583445668
delta_calendar_huber,t+1 (one-step ahead),temporal_holdout_seq96_train0.65_val0.15_test0.20,Traffic_Mbps_scaled,600,3288,2019-05-05 06:00:00,25.748432,14.3444805,11.403951500000002,44.28988724439609
delta_calendar_huber,t+1 (one-step ahead),temporal_holdout_seq96_train0.65_val0.15_test0.20,Traffic_Mbps_scaled,601,3289,2019-05-05 06:15:00,26.439188,26.22982,0.20936800000000133,0.7918851365632005
delta_calendar_huber,t+1 (one-step ahead),temporal_holdout_seq96_train0.65_val0.15_test0.20,Traffic_Mbps_scaled,602,3290,2019-05-05 06:30:00,18.541235,26.928112,8.386876999999998,45.23364813616784
delta_calendar_huber,t+1 (one-step ahead),temporal_holdout_seq96_train0.65_val0.15_test0.20,Traffic_Mbps_scaled,603,3291,2019-05-05 06:45:00,18.111235,19.03818,0.9269449999999999,5.118066216909006
delta_calendar_huber,t+1 (one-step ahead),temporal_holdout_seq96_train0.65_val0.15_test0.20,Traffic_Mbps_scaled,604,3292,2019-05-05 07:00:00,19.301754,18.846708,0.4550459999999994,2.357537040416117
delta_calendar_huber,t+1 (one-step ahead),temporal_holdout_seq96_train0.65_val0.15_test0.20,Traffic_Mbps_scaled,605,3293,2019-05-05 07:15:00,17.090982,20.045105,2.954122999999999,17.284688498296934
delta_calendar_huber,t+1 (one-step ahead),temporal_holdout_seq96_train0.65_val0.15_test0.20,Traffic_Mbps_scaled,606,3294,2019-05-05 07:30:00,17.438549,17.841879,0.4033300000000004,2.3128644476097207
delta_calendar_huber,t+1 (one-step ahead),temporal_holdout_seq96_train0.65_val0.15_test0.20,Traffic_Mbps_scaled,607,3295,2019-05-05 07:45:00,17.819344,18.195831,0.37648699999999735,2.1127994386325186
delta_calendar_huber,t+1 (one-step ahead),temporal_holdout_seq96_train0.65_val0.15_test0.20,Traffic_Mbps_scaled,608,3296,2019-05-05 08:00:00,14.6537485,18.872599,4.2188505,28.79024776493196
delta_calendar_huber,t+1 (one-step ahead),temporal_holdout_seq96_train0.65_val0.15_test0.20,Traffic_Mbps_scaled,609,3297,2019-05-05 08:15:00,18.598833,15.712895,2.8859379999999994,15.516769251059998
delta_calendar_huber,t+1 (one-step ahead),temporal_holdout_seq96_train0.65_val0.15_test0.20,Traffic_Mbps_scaled,610,3298,2019-05-05 08:30:00,34.02912,19.66137,14.367749999999997,42.22192639715631
delta_calendar_huber,t+1 (one-step ahead),temporal_holdout_seq96_train0.65_val0.15_test0.20,Traffic_Mbps_scaled,611,3299,2019-05-05 08:45:00,36.145676,35.090702,1.0549740000000014,2.918672761854008
delta_calendar_huber,t+1 (one-step ahead),temporal_holdout_seq96_train0.65_val0.15_test0.20,Traffic_Mbps_scaled,612,3300,2019-05-05 09:00:00,29.06677,37.473595,8.406825000000001,28.92246025272158
delta_calendar_huber,t+1 (one-step ahead),temporal_holdout_seq96_train0.65_val0.15_test0.20,Traffic_Mbps_scaled,613,3301,2019-05-05 09:15:00,48.525642,30.390951,18.134690999999997,37.371357188844605
delta_calendar_huber,t+1 (one-step ahead),temporal_holdout_seq96_train0.65_val0.15_test0.20,Traffic_Mbps_scaled,614,3302,2019-05-05 09:30:00,47.365314,49.84043,2.475116,5.225587652601648
delta_calendar_huber,t+1 (one-step ahead),temporal_holdout_seq96_train0.65_val0.15_test0.20,Traffic_Mbps_scaled,615,3303,2019-05-05 09:45:00,66.56969,48.670605,17.899084999999992,26.887739750628242
delta_calendar_huber,t+1 (one-step ahead),temporal_holdout_seq96_train0.65_val0.15_test0.20,Traffic_Mbps_scaled,616,3304,2019-05-05 10:00:00,57.763447,67.78305,10.019603000000004,17.345922932888687
delta_calendar_huber,t+1 (one-step ahead),temporal_holdout_seq96_train0.65_val0.15_test0.20,Traffic_Mbps_scaled,617,3305,2019-05-05 10:15:00,53.194027,58.963825,5.7697980000000015,10.84670276984294
delta_calendar_huber,t+1 (one-step ahead),temporal_holdout_seq96_train0.65_val0.15_test0.20,Traffic_Mbps_scaled,618,3306,2019-05-05 10:30:00,76.666046,54.386654,22.279391999999994,29.060311783915395
delta_calendar_huber,t+1 (one-step ahead),temporal_holdout_seq96_train0.65_val0.15_test0.20,Traffic_Mbps_scaled,619,3307,2019-05-05 10:45:00,77.43792,77.84348,0.40555999999999415,0.523722744619166
delta_calendar_huber,t+1 (one-step ahead),temporal_holdout_seq96_train0.65_val0.15_test0.20,Traffic_Mbps_scaled,620,3308,2019-05-05 11:00:00,85.89107,78.57081,7.320260000000005,8.522725354335444
delta_calendar_huber,t+1 (one-step ahead),temporal_holdout_seq96_train0.65_val0.15_test0.20,Traffic_Mbps_scaled,621,3309,2019-05-05 11:15:00,59.755318,87.002235,27.246916999999996,45.59747636185284
delta_calendar_huber,t+1 (one-step ahead),temporal_holdout_seq96_train0.65_val0.15_test0.20,Traffic_Mbps_scaled,622,3310,2019-05-05 11:30:00,59.01051,60.858704,1.8481940000000066,3.131974287292224
delta_calendar_huber,t+1 (one-step ahead),temporal_holdout_seq96_train0.65_val0.15_test0.20,Traffic_Mbps_scaled,623,3311,2019-05-05 11:45:00,115.2499,60.10889,55.141009999999994,47.84473565703744
delta_calendar_huber,t+1 (one-step ahead),temporal_holdout_seq96_train0.65_val0.15_test0.20,Traffic_Mbps_scaled,624,3312,2019-05-05 12:00:00,72.15629,116.3411,44.18481,61.2348694756895
delta_calendar_huber,t+1 (one-step ahead),temporal_holdout_seq96_train0.65_val0.15_test0.20,Traffic_Mbps_scaled,625,3313,2019-05-05 12:15:00,62.841156,73.2364,10.395244000000005,16.542095438218873
delta_calendar_huber,t+1 (one-step ahead),temporal_holdout_seq96_train0.65_val0.15_test0.20,Traffic_Mbps_scaled,626,3314,2019-05-05 12:30:00,120.230095,63.918507,56.31158800000001,46.836516264916874
delta_calendar_huber,t+1 (one-step ahead),temporal_holdout_seq96_train0.65_val0.15_test0.20,Traffic_Mbps_scaled,627,3315,2019-05-05 12:45:00,96.88182,121.28899,24.407169999999994,25.192724496711556
delta_calendar_huber,t+1 (one-step ahead),temporal_holdout_seq96_train0.65_val0.15_test0.20,Traffic_Mbps_scaled,628,3316,2019-05-05 13:00:00,113.70017,97.90197,15.798199999999994,13.894614229688482
delta_calendar_huber,t+1 (one-step ahead),temporal_holdout_seq96_train0.65_val0.15_test0.20,Traffic_Mbps_scaled,629,3317,2019-05-05 13:15:00,91.28367,114.69908,23.415409999999994,25.6512583247365
delta_calendar_huber,t+1 (one-step ahead),temporal_holdout_seq96_train0.65_val0.15_test0.20,Traffic_Mbps_scaled,630,3318,2019-05-05 13:30:00,106.44926,92.27307,14.176189999999991,13.317321322853717
delta_calendar_huber,t+1 (one-step ahead),temporal_holdout_seq96_train0.65_val0.15_test0.20,Traffic_Mbps_scaled,631,3319,2019-05-05 13:45:00,101.337814,107.42842,6.090606000000008,6.010200693691703
delta_calendar_huber,t+1 (one-step ahead),temporal_holdout_seq96_train0.65_val0.15_test0.20,Traffic_Mbps_scaled,632,3320,2019-05-05 14:00:00,107.43669,102.273865,5.162824999999998,4.80545798646626
delta_calendar_huber,t+1 (one-step ahead),temporal_holdout_seq96_train0.65_val0.15_test0.20,Traffic_Mbps_scaled,633,3321,2019-05-05 14:15:00,110.77095,108.37417,2.3967799999999926,2.163726139389427
delta_calendar_huber,t+1 (one-step ahead),temporal_holdout_seq96_train0.65_val0.15_test0.20,Traffic_Mbps_scaled,634,3322,2019-05-05 14:30:00,122.43892,111.70886,10.730059999999995,8.763602292473664
delta_calendar_huber,t+1 (one-step ahead),temporal_holdout_seq96_train0.65_val0.15_test0.20,Traffic_Mbps_scaled,635,3323,2019-05-05 14:45:00,102.668205,123.37831,20.710105,20.17187794410158
delta_calendar_huber,t+1 (one-step ahead),temporal_holdout_seq96_train0.65_val0.15_test0.20,Traffic_Mbps_scaled,636,3324,2019-05-05 15:00:00,124.14739,103.72093,20.426460000000006,16.45339463036638
delta_calendar_huber,t+1 (one-step ahead),temporal_holdout_seq96_train0.65_val0.15_test0.20,Traffic_Mbps_scaled,637,3325,2019-05-05 15:15:00,97.26558,125.20136,27.935779999999994,28.721136500702503
delta_calendar_huber,t+1 (one-step ahead),temporal_holdout_seq96_train0.65_val0.15_test0.20,Traffic_Mbps_scaled,638,3326,2019-05-05 15:30:00,175.80557,98.32187,77.48369999999998,44.073518262248456
delta_calendar_huber,t+1 (one-step ahead),temporal_holdout_seq96_train0.65_val0.15_test0.20,Traffic_Mbps_scaled,639,3327,2019-05-05 15:45:00,117.58977,176.85754,59.26777,50.402148078017326
delta_calendar_huber,t+1 (one-step ahead),temporal_holdout_seq96_train0.65_val0.15_test0.20,Traffic_Mbps_scaled,640,3328,2019-05-05 16:00:00,135.26399,118.72438,16.53961000000001,12.22765201588391
delta_calendar_huber,t+1 (one-step ahead),temporal_holdout_seq96_train0.65_val0.15_test0.20,Traffic_Mbps_scaled,641,3329,2019-05-05 16:15:00,150.5974,136.4027,14.194699999999983,9.425594332969881
delta_calendar_huber,t+1 (one-step ahead),temporal_holdout_seq96_train0.65_val0.15_test0.20,Traffic_Mbps_scaled,642,3330,2019-05-05 16:30:00,120.69855,151.737,31.038449999999997,25.715677611702876
delta_calendar_huber,t+1 (one-step ahead),temporal_holdout_seq96_train0.65_val0.15_test0.20,Traffic_Mbps_scaled,643,3331,2019-05-05 16:45:00,109.3863,121.84333,12.457029999999989,11.388108017183129
delta_calendar_huber,t+1 (one-step ahead),temporal_holdout_seq96_train0.65_val0.15_test0.20,Traffic_Mbps_scaled,644,3332,2019-05-05 17:00:00,138.29971,110.566986,27.732724000000005,20.0526262853335
delta_calendar_huber,t+1 (one-step ahead),temporal_holdout_seq96_train0.65_val0.15_test0.20,Traffic_Mbps_scaled,645,3333,2019-05-05 17:15:00,114.356384,139.4794,25.123015999999993,21.96905421563521
delta_calendar_huber,t+1 (one-step ahead),temporal_holdout_seq96_train0.65_val0.15_test0.20,Traffic_Mbps_scaled,646,3334,2019-05-05 17:30:00,141.84627,115.53578,26.31049,18.548594897842573
delta_calendar_huber,t+1 (one-step ahead),temporal_holdout_seq96_train0.65_val0.15_test0.20,Traffic_Mbps_scaled,647,3335,2019-05-05 17:45:00,116.866234,143.02458,26.15834599999998,22.38315132153568
delta_calendar_huber,t+1 (one-step ahead),temporal_holdout_seq96_train0.65_val0.15_test0.20,Traffic_Mbps_scaled,648,3336,2019-05-05 18:00:00,140.93631,118.55366,22.382649999999998,15.881393517398035
delta_calendar_huber,t+1 (one-step ahead),temporal_holdout_seq96_train0.65_val0.15_test0.20,Traffic_Mbps_scaled,649,3337,2019-05-05 18:15:00,110.49285,142.6197,32.12684999999999,29.075953783434844
delta_calendar_huber,t+1 (one-step ahead),temporal_holdout_seq96_train0.65_val0.15_test0.20,Traffic_Mbps_scaled,650,3338,2019-05-05 18:30:00,145.02937,112.17925,32.850120000000004,22.650667240711314
delta_calendar_huber,t+1 (one-step ahead),temporal_holdout_seq96_train0.65_val0.15_test0.20,Traffic_Mbps_scaled,651,3339,2019-05-05 18:45:00,131.78839,146.71149,14.923100000000005,11.323531610030296
delta_calendar_huber,t+1 (one-step ahead),temporal_holdout_seq96_train0.65_val0.15_test0.20,Traffic_Mbps_scaled,652,3340,2019-05-05 19:00:00,127.6101,133.24678,5.636679999999998,4.417111184772991
delta_calendar_huber,t+1 (one-step ahead),temporal_holdout_seq96_train0.65_val0.15_test0.20,Traffic_Mbps_scaled,653,3341,2019-05-05 19:15:00,147.5856,129.06923,18.516369999999995,12.546190143211799
delta_calendar_huber,t+1 (one-step ahead),temporal_holdout_seq96_train0.65_val0.15_test0.20,Traffic_Mbps_scaled,654,3342,2019-05-05 19:30:00,140.5484,149.04121,8.49281000000002,6.042623039465423
delta_calendar_huber,t+1 (one-step ahead),temporal_holdout_seq96_train0.65_val0.15_test0.20,Traffic_Mbps_scaled,655,3343,2019-05-05 19:45:00,139.73943,142.00107,2.26164,1.6184694613395803
delta_calendar_huber,t+1 (one-step ahead),temporal_holdout_seq96_train0.65_val0.15_test0.20,Traffic_Mbps_scaled,656,3344,2019-05-05 20:00:00,174.7188,140.91821,33.80059,19.345708647266353
delta_calendar_huber,t+1 (one-step ahead),temporal_holdout_seq96_train0.65_val0.15_test0.20,Traffic_Mbps_scaled,657,3345,2019-05-05 20:15:00,147.28651,175.89032,28.60381000000001,19.420522626274472
delta_calendar_huber,t+1 (one-step ahead),temporal_holdout_seq96_train0.65_val0.15_test0.20,Traffic_Mbps_scaled,658,3346,2019-05-05 20:30:00,132.77483,148.45526,15.680430000000001,11.809791057537035
delta_calendar_huber,t+1 (one-step ahead),temporal_holdout_seq96_train0.65_val0.15_test0.20,Traffic_Mbps_scaled,659,3347,2019-05-05 20:45:00,162.74535,133.94435,28.801000000000016,17.696972601674958
delta_calendar_huber,t+1 (one-step ahead),temporal_holdout_seq96_train0.65_val0.15_test0.20,Traffic_Mbps_scaled,660,3348,2019-05-05 21:00:00,176.20695,163.58568,12.62127000000001,7.16275379603359
delta_calendar_huber,t+1 (one-step ahead),temporal_holdout_seq96_train0.65_val0.15_test0.20,Traffic_Mbps_scaled,661,3349,2019-05-05 21:15:00,205.06758,177.02896,28.03861999999998,13.672868232023793
delta_calendar_huber,t+1 (one-step ahead),temporal_holdout_seq96_train0.65_val0.15_test0.20,Traffic_Mbps_scaled,662,3350,2019-05-05 21:30:00,208.9659,205.85788,3.1080200000000104,1.487333579306485
delta_calendar_huber,t+1 (one-step ahead),temporal_holdout_seq96_train0.65_val0.15_test0.20,Traffic_Mbps_scaled,663,3351,2019-05-05 21:45:00,224.3419,209.71968,14.622219999999999,6.51782836821833
delta_calendar_huber,t+1 (one-step ahead),temporal_holdout_seq96_train0.65_val0.15_test0.20,Traffic_Mbps_scaled,664,3352,2019-05-05 22:00:00,243.28746,224.70195,18.58551,7.63932099089694
delta_calendar_huber,t+1 (one-step ahead),temporal_holdout_seq96_train0.65_val0.15_test0.20,Traffic_Mbps_scaled,665,3353,2019-05-05 22:15:00,219.95462,243.60019,23.645569999999992,10.750203837500658
delta_calendar_huber,t+1 (one-step ahead),temporal_holdout_seq96_train0.65_val0.15_test0.20,Traffic_Mbps_scaled,666,3354,2019-05-05 22:30:00,172.2784,220.23186,47.95346000000001,27.834864962757962
delta_calendar_huber,t+1 (one-step ahead),temporal_holdout_seq96_train0.65_val0.15_test0.20,Traffic_Mbps_scaled,667,3355,2019-05-05 22:45:00,202.85799,172.54655,30.311440000000005,14.942196755474116
delta_calendar_huber,t+1 (one-step ahead),temporal_holdout_seq96_train0.65_val0.15_test0.20,Traffic_Mbps_scaled,668,3356,2019-05-05 23:00:00,215.56172,202.80023,12.761490000000009,5.920109563052294
delta_calendar_huber,t+1 (one-step ahead),temporal_holdout_seq96_train0.65_val0.15_test0.20,Traffic_Mbps_scaled,669,3357,2019-05-05 23:15:00,204.2758,215.49004,11.21423999999999,5.4897545377377
delta_calendar_huber,t+1 (one-step ahead),temporal_holdout_seq96_train0.65_val0.15_test0.20,Traffic_Mbps_scaled,670,3358,2019-05-05 23:30:00,167.80154,204.1958,36.39426,21.68887127019216
delta_calendar_huber,t+1 (one-step ahead),temporal_holdout_seq96_train0.65_val0.15_test0.20,Traffic_Mbps_scaled,671,3359,2019-05-05 23:45:00,87.68987,167.72707,80.0372,91.27302845813318
