mode,target,split_name,sample_idx,offered_load,y_true,y_pred,abs_error,ape_safe_pct
DPDK,attributed power,holdout_test_testsize0.2_rs42_shuffleTrue,0,1.0,0.8162522912025452,0.818572998046875,0.002320706844329834,0.2843124447357873
DPDK,attributed power,holdout_test_testsize0.2_rs42_shuffleTrue,1,600.0,0.8187897205352783,0.8223838806152344,0.0035941600799560547,0.43896008826373595
DPDK,attributed power,holdout_test_testsize0.2_rs42_shuffleTrue,2,80.0,0.8201780319213867,0.8195354342460632,0.0006425976753234863,0.078348559741122
DPDK,attributed power,holdout_test_testsize0.2_rs42_shuffleTrue,3,200.0,0.816937267780304,0.82100510597229,0.004067838191986084,0.497937644960033
DPDK,attributed power,holdout_test_testsize0.2_rs42_shuffleTrue,4,20.0,0.8137391209602356,0.8188846707344055,0.005145549774169922,0.6323340787767491
DPDK,attributed power,holdout_test_testsize0.2_rs42_shuffleTrue,5,0.009999999776482582,0.8190274238586426,0.8184815049171448,0.0005459189414978027,0.06665453751546467
DPDK,attributed power,holdout_test_testsize0.2_rs42_shuffleTrue,6,60.0,0.8177808523178101,0.8192763924598694,0.0014955401420593262,0.18287786242739296
DPDK,attributed power,holdout_test_testsize0.2_rs42_shuffleTrue,7,400.0,0.8247852325439453,0.8218898177146912,0.0028954148292541504,0.35105076024744175
DPDK,attributed power,holdout_test_testsize0.2_rs42_shuffleTrue,8,200.0,0.8224644660949707,0.82100510597229,0.001459360122680664,0.17743746785920722
DPDK,attributed power,holdout_test_testsize0.2_rs42_shuffleTrue,9,4.0,0.8203409314155579,0.8186956644058228,0.0016452670097351074,0.20055893186947038
DPDK,attributed power,holdout_test_testsize0.2_rs42_shuffleTrue,10,0.009999999776482582,0.8157225251197815,0.8184815049171448,0.0027589797973632812,0.33822528033759397
DPDK,attributed power,holdout_test_testsize0.2_rs42_shuffleTrue,11,600.0,0.8240360617637634,0.8223838806152344,0.0016521811485290527,0.2004986462598167
DPDK,attributed power,holdout_test_testsize0.2_rs42_shuffleTrue,12,2.0,0.8213887810707092,0.8186272978782654,0.0027614831924438477,0.3361968480801694
DPDK,attributed power,holdout_test_testsize0.2_rs42_shuffleTrue,13,1000.0,0.8233745098114014,0.8230067491531372,0.00036776065826416016,0.04466505264395395
DPDK,attributed power,holdout_test_testsize0.2_rs42_shuffleTrue,14,20.0,0.809518039226532,0.8188846707344055,0.009366631507873535,1.1570627279440302
DPDK,attributed power,holdout_test_testsize0.2_rs42_shuffleTrue,15,800.0,0.8217488527297974,0.8227345943450928,0.0009857416152954102,0.11995655509841471
DPDK,attributed power,holdout_test_testsize0.2_rs42_shuffleTrue,16,0.009999999776482582,0.8175961375236511,0.8184815049171448,0.0008853673934936523,0.10828908710054183
DPDK,attributed power,holdout_test_testsize0.2_rs42_shuffleTrue,17,60.0,0.8190423250198364,0.8192763924598694,0.00023406744003295898,0.028578186118439007
DPDK,attributed power,holdout_test_testsize0.2_rs42_shuffleTrue,18,0.10000000149011612,0.8136565089225769,0.8184929490089417,0.004836440086364746,0.5944080866223311
DPDK,attributed power,holdout_test_testsize0.2_rs42_shuffleTrue,19,100.0,0.8267484307289124,0.8198241591453552,0.006924271583557129,0.837530659411384
DPDK,attributed power,holdout_test_testsize0.2_rs42_shuffleTrue,20,4.0,0.8152616620063782,0.8186956644058228,0.00343400239944458,0.42121475343185144
DPDK,attributed power,holdout_test_testsize0.2_rs42_shuffleTrue,21,4000.0,0.8236972093582153,0.8246984481811523,0.0010012388229370117,0.12155423274010217
DPDK,attributed power,holdout_test_testsize0.2_rs42_shuffleTrue,22,10.0,0.8213061094284058,0.8188012838363647,0.0025048255920410156,0.3049807572701813
DPDK,attributed power,holdout_test_testsize0.2_rs42_shuffleTrue,23,0.009999999776482582,0.819495439529419,0.8184815049171448,0.00101393461227417,0.12372669369049866
DPDK,attributed power,holdout_test_testsize0.2_rs42_shuffleTrue,24,100.0,0.817554235458374,0.8198241591453552,0.002269923686981201,0.2776480860267985
DPDK,attributed power,holdout_test_testsize0.2_rs42_shuffleTrue,25,4.0,0.8162344098091125,0.8186956644058228,0.002461254596710205,0.3015377160203039
DPDK,attributed power,holdout_test_testsize0.2_rs42_shuffleTrue,26,5000.0,0.8294616937637329,0.8249708414077759,0.004490852355957031,0.5414176917055102
DPDK,attributed power,holdout_test_testsize0.2_rs42_shuffleTrue,27,0.009999999776482582,0.8159881830215454,0.8184815049171448,0.0024933218955993652,0.305558578846911
DPDK,attributed power,holdout_test_testsize0.2_rs42_shuffleTrue,28,5000.0,0.8231674432754517,0.8249708414077759,0.0018033981323242188,0.21908035200570466
DPDK,attributed power,holdout_test_testsize0.2_rs42_shuffleTrue,29,60.0,0.8226543664932251,0.8192763924598694,0.003377974033355713,0.4106188663114003
DPDK,attributed power,holdout_test_testsize0.2_rs42_shuffleTrue,30,4.0,0.8181192278862,0.8186956644058228,0.0005764365196228027,0.0704587424393092
DPDK,attributed power,holdout_test_testsize0.2_rs42_shuffleTrue,31,2.0,0.8220598101615906,0.8186272978782654,0.0034325122833251953,0.41755018806362443
DPDK,attributed power,holdout_test_testsize0.2_rs42_shuffleTrue,32,8.0,0.814096987247467,0.818774402141571,0.004677414894104004,0.5745525370286348
DPDK,attributed power,holdout_test_testsize0.2_rs42_shuffleTrue,33,0.10000000149011612,0.8215060234069824,0.8184929490089417,0.0030130743980407715,0.366774474220509
DPDK,attributed power,holdout_test_testsize0.2_rs42_shuffleTrue,34,600.0,0.8237628936767578,0.8223838806152344,0.0013790130615234375,0.1674041246709224
DPDK,attributed power,holdout_test_testsize0.2_rs42_shuffleTrue,35,2000.0,0.8334832191467285,0.8238524794578552,0.009630739688873291,1.1554809344251322
DPDK,attributed power,holdout_test_testsize0.2_rs42_shuffleTrue,36,20.0,0.8203691840171814,0.8188846707344055,0.001484513282775879,0.18095673407751844
DPDK,attributed power,holdout_test_testsize0.2_rs42_shuffleTrue,37,800.0,0.82215416431427,0.8227345943450928,0.0005804300308227539,0.07059868526079537
DPDK,attributed power,holdout_test_testsize0.2_rs42_shuffleTrue,38,4.0,0.8195279240608215,0.8186956644058228,0.0008322596549987793,0.10155354449362397
DPDK,attributed power,holdout_test_testsize0.2_rs42_shuffleTrue,39,600.0,0.8224980235099792,0.8223838806152344,0.00011414289474487305,0.013877588940308034
DPDK,attributed power,holdout_test_testsize0.2_rs42_shuffleTrue,40,400.0,0.8236165642738342,0.8218898177146912,0.0017267465591430664,0.20965418060350732
DPDK,attributed power,holdout_test_testsize0.2_rs42_shuffleTrue,41,40.0,0.8209084272384644,0.8189705014228821,0.0019379258155822754,0.2360708882111805
DPDK,attributed power,holdout_test_testsize0.2_rs42_shuffleTrue,42,4.0,0.8221122622489929,0.8186956644058228,0.003416597843170166,0.41558774878550375
DPDK,attributed power,holdout_test_testsize0.2_rs42_shuffleTrue,43,20.0,0.8153870105743408,0.8188846707344055,0.0034976601600646973,0.42895706145735896
DPDK,attributed power,holdout_test_testsize0.2_rs42_shuffleTrue,44,4.0,0.8175790309906006,0.8186956644058228,0.001116633415222168,0.13657803990755796
DPDK,attributed power,holdout_test_testsize0.2_rs42_shuffleTrue,45,1000.0,0.8256535530090332,0.8230067491531372,0.002646803855895996,0.32057075831017934
DPDK,attributed power,holdout_test_testsize0.2_rs42_shuffleTrue,46,4.0,0.8198592662811279,0.8186956644058228,0.0011636018753051758,0.14192702615697209
DPDK,attributed power,holdout_test_testsize0.2_rs42_shuffleTrue,47,5000.0,0.8257881999015808,0.8249708414077759,0.0008173584938049316,0.09897919271580123
DPDK,attributed power,holdout_test_testsize0.2_rs42_shuffleTrue,48,80.0,0.8145555257797241,0.8195354342460632,0.004979908466339111,0.6113651321157204
DPDK,attributed power,holdout_test_testsize0.2_rs42_shuffleTrue,49,100.0,0.8245878219604492,0.8198241591453552,0.004763662815093994,0.5777023002557125
DPDK,attributed power,holdout_test_testsize0.2_rs42_shuffleTrue,50,20.0,0.8141922950744629,0.8188846707344055,0.004692375659942627,0.5763227788238257
DPDK,attributed power,holdout_test_testsize0.2_rs42_shuffleTrue,51,10.0,0.8200451135635376,0.8188012838363647,0.0012438297271728516,0.1516782072839556
DPDK,attributed power,holdout_test_testsize0.2_rs42_shuffleTrue,52,4000.0,0.821456789970398,0.8246984481811523,0.0032416582107543945,0.3946230952538856
DPDK,attributed power,holdout_test_testsize0.2_rs42_shuffleTrue,53,5000.0,0.8194489479064941,0.8249708414077759,0.005521893501281738,0.6738544866509282
DPDK,attributed power,holdout_test_testsize0.2_rs42_shuffleTrue,54,600.0,0.8260436654090881,0.8223838806152344,0.0036597847938537598,0.443049798347076
DPDK,attributed power,holdout_test_testsize0.2_rs42_shuffleTrue,55,20.0,0.8244556188583374,0.8188846707344055,0.005570948123931885,0.6757123120400634
DPDK,attributed power,holdout_test_testsize0.2_rs42_shuffleTrue,56,1.0,0.8223937153816223,0.818572998046875,0.0038207173347473145,0.46458493824631847
DPDK,attributed power,holdout_test_testsize0.2_rs42_shuffleTrue,57,3000.0,0.8295013904571533,0.8243473172187805,0.005154073238372803,0.6213459431975513
DPDK,attributed power,holdout_test_testsize0.2_rs42_shuffleTrue,58,800.0,0.8232373595237732,0.8227345943450928,0.0005027651786804199,0.06107171557073889
DPDK,attributed power,holdout_test_testsize0.2_rs42_shuffleTrue,59,400.0,0.8210456967353821,0.8218898177146912,0.000844120979309082,0.10281047482076225
DPDK,attributed power,holdout_test_testsize0.2_rs42_shuffleTrue,60,800.0,0.8249615430831909,0.8227345943450928,0.0022269487380981445,0.2699457637473865
DPDK,attributed power,holdout_test_testsize0.2_rs42_shuffleTrue,61,20.0,0.8142022490501404,0.8188846707344055,0.004682421684265137,0.5750931896500795
DPDK,attributed power,holdout_test_testsize0.2_rs42_shuffleTrue,62,3000.0,0.8226150274276733,0.8243473172187805,0.0017322897911071777,0.2105832902814902
DPDK,attributed power,holdout_test_testsize0.2_rs42_shuffleTrue,63,200.0,0.822637140750885,0.82100510597229,0.0016320347785949707,0.19839060233838765
DPDK,attributed power,holdout_test_testsize0.2_rs42_shuffleTrue,64,1.0,0.8216128349304199,0.818572998046875,0.003039836883544922,0.3699841037418016
DPDK,attributed power,holdout_test_testsize0.2_rs42_shuffleTrue,65,6.0,0.8106527924537659,0.818740725517273,0.00808793306350708,0.9977061867665572
DPDK,attributed power,holdout_test_testsize0.2_rs42_shuffleTrue,66,2000.0,0.8223483562469482,0.8238524794578552,0.0015041232109069824,0.18290584513010197
DPDK,attributed power,holdout_test_testsize0.2_rs42_shuffleTrue,67,20.0,0.814559280872345,0.8188846707344055,0.004325389862060547,0.5310098311602698
DPDK,attributed power,holdout_test_testsize0.2_rs42_shuffleTrue,68,400.0,0.822802722454071,0.8218898177146912,0.0009129047393798828,0.11095062211961036
DPDK,attributed power,holdout_test_testsize0.2_rs42_shuffleTrue,69,10.0,0.8215107321739197,0.8188012838363647,0.0027094483375549316,0.3298128960999772
DPDK,attributed power,holdout_test_testsize0.2_rs42_shuffleTrue,70,1000.0,0.8275685906410217,0.8230067491531372,0.0045618414878845215,0.5512342468617605
DPDK,attributed power,holdout_test_testsize0.2_rs42_shuffleTrue,71,400.0,0.817542552947998,0.8218898177146912,0.004347264766693115,0.5317478278062958
DPDK,attributed power,holdout_test_testsize0.2_rs42_shuffleTrue,72,200.0,0.8246432542800903,0.82100510597229,0.003638148307800293,0.44117844763992875
DPDK,attributed power,holdout_test_testsize0.2_rs42_shuffleTrue,73,4000.0,0.8326703310012817,0.8246984481811523,0.007971882820129395,0.95738763870009
DPDK,attributed power,holdout_test_testsize0.2_rs42_shuffleTrue,74,0.009999999776482582,0.8258819580078125,0.8184815049171448,0.007400453090667725,0.8960666859122403
DPDK,attributed power,holdout_test_testsize0.2_rs42_shuffleTrue,75,80.0,0.8198967576026917,0.8195354342460632,0.00036132335662841797,0.04406937254940448
DPDK,attributed power,holdout_test_testsize0.2_rs42_shuffleTrue,76,4000.0,0.8286867141723633,0.8246984481811523,0.0039882659912109375,0.48127548360590644
DPDK,attributed power,holdout_test_testsize0.2_rs42_shuffleTrue,77,6.0,0.8253453373908997,0.818740725517273,0.006604611873626709,0.8002240485789085
DPDK,attributed power,holdout_test_testsize0.2_rs42_shuffleTrue,78,200.0,0.8268592953681946,0.82100510597229,0.005854189395904541,0.708003094202105
DPDK,attributed power,holdout_test_testsize0.2_rs42_shuffleTrue,79,3000.0,0.821922242641449,0.8243473172187805,0.002425074577331543,0.29504914838877827
DPDK,attributed power,holdout_test_testsize0.2_rs42_shuffleTrue,80,4000.0,0.8246999979019165,0.8246984481811523,1.5497207641601562e-06,0.00018791327368773296
DPDK,attributed power,holdout_test_testsize0.2_rs42_shuffleTrue,81,100.0,0.8215288519859314,0.8198241591453552,0.0017046928405761719,0.20750249202512056
DPDK,attributed power,holdout_test_testsize0.2_rs42_shuffleTrue,82,0.009999999776482582,0.8172591924667358,0.8184815049171448,0.0012223124504089355,0.14956239852373227
DPDK,attributed power,holdout_test_testsize0.2_rs42_shuffleTrue,83,600.0,0.8141936659812927,0.8223838806152344,0.00819021463394165,1.0059295443020349
DPDK,attributed power,holdout_test_testsize0.2_rs42_shuffleTrue,84,800.0,0.82561194896698,0.8227345943450928,0.002877354621887207,0.3485117464066991
DPDK,attributed power,holdout_test_testsize0.2_rs42_shuffleTrue,85,40.0,0.8207443952560425,0.8189705014228821,0.0017738938331604004,0.2161323115227622
DPDK,attributed power,holdout_test_testsize0.2_rs42_shuffleTrue,86,60.0,0.8164043426513672,0.8192763924598694,0.0028720498085021973,0.3517925687625429
DPDK,attributed power,holdout_test_testsize0.2_rs42_shuffleTrue,87,0.10000000149011612,0.8246746063232422,0.8184929490089417,0.006181657314300537,0.7495874453878303
DPDK,attributed power,holdout_test_testsize0.2_rs42_shuffleTrue,88,1.0,0.819853663444519,0.818572998046875,0.001280665397644043,0.1562065835338806
DPDK,attributed power,holdout_test_testsize0.2_rs42_shuffleTrue,89,60.0,0.8155616521835327,0.8192763924598694,0.00371474027633667,0.4554824600189405
DPDK,attributed power,holdout_test_testsize0.2_rs42_shuffleTrue,90,10.0,0.8150421977043152,0.8188012838363647,0.0037590861320495605,0.4612136822654793
DPDK,attributed power,holdout_test_testsize0.2_rs42_shuffleTrue,91,200.0,0.8233504295349121,0.82100510597229,0.0023453235626220703,0.28485119804296194
DPDK,attributed power,holdout_test_testsize0.2_rs42_shuffleTrue,92,2000.0,0.8227932453155518,0.8238524794578552,0.0010592341423034668,0.1287363682594692
DPDK,attributed power,holdout_test_testsize0.2_rs42_shuffleTrue,93,60.0,0.8234776258468628,0.8192763924598694,0.004201233386993408,0.5101818501350134
DPDK,attributed power,holdout_test_testsize0.2_rs42_shuffleTrue,94,4000.0,0.8257503509521484,0.8246984481811523,0.0010519027709960938,0.12738750516826008
DPDK,attributed power,holdout_test_testsize0.2_rs42_shuffleTrue,95,2000.0,0.8207430243492126,0.8238524794578552,0.003109455108642578,0.3788585484607855
DPDK,attributed power,holdout_test_testsize0.2_rs42_shuffleTrue,96,2000.0,0.8191488981246948,0.8238524794578552,0.0047035813331604,0.5742034621457061
DPDK,attributed power,holdout_test_testsize0.2_rs42_shuffleTrue,97,4000.0,0.8303442597389221,0.8246984481811523,0.005645811557769775,0.6799362422936408
DPDK,attributed power,holdout_test_testsize0.2_rs42_shuffleTrue,98,10.0,0.8207219839096069,0.8188012838363647,0.0019207000732421875,0.23402566409793288
DPDK,attributed power,holdout_test_testsize0.2_rs42_shuffleTrue,99,600.0,0.8317159414291382,0.8223838806152344,0.009332060813903809,1.122025002655176
DPDK,attributed power,holdout_test_testsize0.2_rs42_shuffleTrue,100,1.0,0.811387836933136,0.818572998046875,0.007185161113739014,0.8855396626226628
DPDK,attributed power,holdout_test_testsize0.2_rs42_shuffleTrue,101,200.0,0.8239226341247559,0.82100510597229,0.0029175281524658203,0.3541021974187029
DPDK,attributed power,holdout_test_testsize0.2_rs42_shuffleTrue,102,800.0,0.8276231288909912,0.8227345943450928,0.0048885345458984375,0.5906715720292928
DPDK,attributed power,holdout_test_testsize0.2_rs42_shuffleTrue,103,1.0,0.8184868097305298,0.818572998046875,8.618831634521484e-05,0.010530202236684865
DPDK,attributed power,holdout_test_testsize0.2_rs42_shuffleTrue,104,20.0,0.8247104287147522,0.8188846707344055,0.00582575798034668,0.706400425835002
DPDK,attributed power,holdout_test_testsize0.2_rs42_shuffleTrue,105,800.0,0.8253528475761414,0.8227345943450928,0.002618253231048584,0.31722835133334193
DPDK,attributed power,holdout_test_testsize0.2_rs42_shuffleTrue,106,4.0,0.8155369162559509,0.8186956644058228,0.003158748149871826,0.38732129556725964
DPDK,attributed power,holdout_test_testsize0.2_rs42_shuffleTrue,107,40.0,0.8142862915992737,0.8189705014228821,0.0046842098236083984,0.5752534301429196
DPDK,attributed power,holdout_test_testsize0.2_rs42_shuffleTrue,108,400.0,0.8198651671409607,0.8218898177146912,0.0020246505737304688,0.24694921248951748
DPDK,attributed power,holdout_test_testsize0.2_rs42_shuffleTrue,109,2.0,0.8157520890235901,0.8186272978782654,0.002875208854675293,0.35246110838854955
DPDK,attributed power,holdout_test_testsize0.2_rs42_shuffleTrue,110,0.10000000149011612,0.8197956085205078,0.8184929490089417,0.0013026595115661621,0.1589005232556787
DPDK,attributed power,holdout_test_testsize0.2_rs42_shuffleTrue,111,1.0,0.8170834183692932,0.818572998046875,0.0014895796775817871,0.18230448006822103
DPDK,attributed power,holdout_test_testsize0.2_rs42_shuffleTrue,112,2000.0,0.8272392749786377,0.8238524794578552,0.0033867955207824707,0.40940942037234995
DPDK,attributed power,holdout_test_testsize0.2_rs42_shuffleTrue,113,100.0,0.8163617253303528,0.8198241591453552,0.0034624338150024414,0.42412985660263736
DPDK,attributed power,holdout_test_testsize0.2_rs42_shuffleTrue,114,10.0,0.8184622526168823,0.8188012838363647,0.0003390312194824219,0.041422951198840506
DPDK,attributed power,holdout_test_testsize0.2_rs42_shuffleTrue,115,800.0,0.8326849937438965,0.8227345943450928,0.009950399398803711,1.194977629423221
DPDK,attributed power,holdout_test_testsize0.2_rs42_shuffleTrue,116,800.0,0.8212571144104004,0.8227345943450928,0.0014774799346923828,0.17990467403781338
DPDK,attributed power,holdout_test_testsize0.2_rs42_shuffleTrue,117,600.0,0.8229857087135315,0.8223838806152344,0.0006018280982971191,0.07312740572833035
DPDK,attributed power,holdout_test_testsize0.2_rs42_shuffleTrue,118,0.009999999776482582,0.822375476360321,0.8184815049171448,0.0038939714431762695,0.473502865188813
DPDK,attributed power,holdout_test_testsize0.2_rs42_shuffleTrue,119,60.0,0.8228909373283386,0.8192763924598694,0.0036145448684692383,0.43924956570848855
DPDK,attributed power,holdout_test_testsize0.2_rs42_shuffleTrue,120,4000.0,0.8323026299476624,0.8246984481811523,0.00760418176651001,0.9136318320883093
DPDK,attributed power,holdout_test_testsize0.2_rs42_shuffleTrue,121,4000.0,0.8239036798477173,0.8246984481811523,0.0007947683334350586,0.0964637436237639
DPDK,attributed power,holdout_test_testsize0.2_rs42_shuffleTrue,122,60.0,0.8166325688362122,0.8192763924598694,0.0026438236236572266,0.3237470221675037
DPDK,attributed power,holdout_test_testsize0.2_rs42_shuffleTrue,123,4.0,0.8166287541389465,0.8186956644058228,0.0020669102668762207,0.25310280300570254
DPDK,attributed power,holdout_test_testsize0.2_rs42_shuffleTrue,124,200.0,0.8182030916213989,0.82100510597229,0.0028020143508911133,0.3424595164188977
DPDK,attributed power,holdout_test_testsize0.2_rs42_shuffleTrue,125,5000.0,0.8259093761444092,0.8249708414077759,0.0009385347366333008,0.11363652765569272
DPDK,attributed power,holdout_test_testsize0.2_rs42_shuffleTrue,126,4.0,0.8190852403640747,0.8186956644058228,0.0003895759582519531,0.04756232185050615
DPDK,attributed power,holdout_test_testsize0.2_rs42_shuffleTrue,127,1000.0,0.8238387703895569,0.8230067491531372,0.0008320212364196777,0.10099321206092932
DPDK,attributed power,holdout_test_testsize0.2_rs42_shuffleTrue,128,60.0,0.8163479566574097,0.8192763924598694,0.002928435802459717,0.3587239704072256
DPDK,attributed power,holdout_test_testsize0.2_rs42_shuffleTrue,129,600.0,0.8175126910209656,0.8223838806152344,0.004871189594268799,0.5958549203909391
DPDK,attributed power,holdout_test_testsize0.2_rs42_shuffleTrue,130,20.0,0.8225571513175964,0.8188846707344055,0.003672480583190918,0.44647117556612687
DPDK,attributed power,holdout_test_testsize0.2_rs42_shuffleTrue,131,4.0,0.8114274144172668,0.8186956644058228,0.007268249988555908,0.8957363110261268
DPDK,attributed power,holdout_test_testsize0.2_rs42_shuffleTrue,132,600.0,0.8181127309799194,0.8223838806152344,0.004271149635314941,0.5220734837115959
DPDK,attributed power,holdout_test_testsize0.2_rs42_shuffleTrue,133,2000.0,0.8179285526275635,0.8238524794578552,0.005923926830291748,0.7242596937423648
DPDK,attributed power,holdout_test_testsize0.2_rs42_shuffleTrue,134,400.0,0.8233000040054321,0.8218898177146912,0.0014101862907409668,0.17128462090128477
DPDK,attributed power,holdout_test_testsize0.2_rs42_shuffleTrue,135,3000.0,0.8232131004333496,0.8243473172187805,0.0011342167854309082,0.1377792438961239
DPDK,attributed power,holdout_test_testsize0.2_rs42_shuffleTrue,136,2.0,0.8255510330200195,0.8186272978782654,0.00692373514175415,0.8386804527911299
DPDK,attributed power,holdout_test_testsize0.2_rs42_shuffleTrue,137,800.0,0.8193109631538391,0.8227345943450928,0.003423631191253662,0.41786712801630355
DPDK,attributed power,holdout_test_testsize0.2_rs42_shuffleTrue,138,4000.0,0.823654294013977,0.8246984481811523,0.001044154167175293,0.12677092498197723
DPDK,attributed power,holdout_test_testsize0.2_rs42_shuffleTrue,139,10.0,0.8251672387123108,0.8188012838363647,0.006365954875946045,0.7714745056869003
DPDK,attributed power,holdout_test_testsize0.2_rs42_shuffleTrue,140,3000.0,0.8211005330085754,0.8243473172187805,0.003246784210205078,0.39541859731945506
DPDK,attributed power,holdout_test_testsize0.2_rs42_shuffleTrue,141,2.0,0.8189404606819153,0.8186272978782654,0.00031316280364990234,0.03823999651807874
DPDK,attributed power,holdout_test_testsize0.2_rs42_shuffleTrue,142,800.0,0.81607586145401,0.8227345943450928,0.006658732891082764,0.8159453312610958
DPDK,attributed power,holdout_test_testsize0.2_rs42_shuffleTrue,143,0.10000000149011612,0.8229073286056519,0.8184929490089417,0.004414379596710205,0.5364370255627696
DPDK,attributed power,holdout_test_testsize0.2_rs42_shuffleTrue,144,2000.0,0.8249475359916687,0.8238524794578552,0.0010950565338134766,0.13274256677391127
DPDK,attributed power,holdout_test_testsize0.2_rs42_shuffleTrue,145,60.0,0.8209038972854614,0.8192763924598694,0.001627504825592041,0.19825765610004065
DPDK,attributed power,holdout_test_testsize0.2_rs42_shuffleTrue,146,5000.0,0.8289151787757874,0.8249708414077759,0.003944337368011475,0.4758433032722128
DPDK,attributed power,holdout_test_testsize0.2_rs42_shuffleTrue,147,20.0,0.8198615908622742,0.8188846707344055,0.0009769201278686523,0.11915671361567197
DPDK,attributed power,holdout_test_testsize0.2_rs42_shuffleTrue,148,4.0,0.8205740451812744,0.8186956644058228,0.0018783807754516602,0.22891057625844158
DPDK,attributed power,holdout_test_testsize0.2_rs42_shuffleTrue,149,100.0,0.8110727667808533,0.8198241591453552,0.008751392364501953,1.0789897926466225
DPDK,attributed power,holdout_test_testsize0.2_rs42_shuffleTrue,150,2.0,0.8243613243103027,0.8186272978782654,0.0057340264320373535,0.695571985601665
DPDK,attributed power,holdout_test_testsize0.2_rs42_shuffleTrue,151,0.10000000149011612,0.821522057056427,0.8184929490089417,0.0030291080474853516,0.3687190163023577
DPDK,attributed power,holdout_test_testsize0.2_rs42_shuffleTrue,152,5000.0,0.8227174282073975,0.8249708414077759,0.002253413200378418,0.2738988045127882
DPDK,attributed power,holdout_test_testsize0.2_rs42_shuffleTrue,153,200.0,0.8190536499023438,0.82100510597229,0.001951456069946289,0.2382574169810442
DPDK,attributed power,holdout_test_testsize0.2_rs42_shuffleTrue,154,4.0,0.8166740536689758,0.8186956644058228,0.002021610736846924,0.24754193276554703
DPDK,attributed power,holdout_test_testsize0.2_rs42_shuffleTrue,155,600.0,0.8234273195266724,0.8223838806152344,0.0010434389114379883,0.12671900563583247
DPDK,attributed power,holdout_test_testsize0.2_rs42_shuffleTrue,156,0.009999999776482582,0.8225609064102173,0.8184815049171448,0.00407940149307251,0.49593914095378633
DPDK,attributed power,holdout_test_testsize0.2_rs42_shuffleTrue,157,10.0,0.8147657513618469,0.8188012838363647,0.004035532474517822,0.4952997186949253
DPDK,attributed power,holdout_test_testsize0.2_rs42_shuffleTrue,158,600.0,0.821723997592926,0.8223838806152344,0.0006598830223083496,0.08030470379851912
DPDK,attributed power,holdout_test_testsize0.2_rs42_shuffleTrue,159,1.0,0.8188799619674683,0.818572998046875,0.0003069639205932617,0.0374858263542974
DPDK,attributed power,holdout_test_testsize0.2_rs42_shuffleTrue,160,2000.0,0.8186720609664917,0.8238524794578552,0.005180418491363525,0.6327831055145242
DPDK,attributed power,holdout_test_testsize0.2_rs42_shuffleTrue,161,800.0,0.8281759023666382,0.8227345943450928,0.00544130802154541,0.6570232248965525
DPDK,attributed power,holdout_test_testsize0.2_rs42_shuffleTrue,162,5000.0,0.8303657174110413,0.8249708414077759,0.005394876003265381,0.6496987881539492
DPDK,attributed power,holdout_test_testsize0.2_rs42_shuffleTrue,163,10.0,0.8248645067214966,0.8188012838363647,0.006063222885131836,0.7350568288155226
DPDK,attributed power,holdout_test_testsize0.2_rs42_shuffleTrue,164,2.0,0.8190887570381165,0.8186272978782654,0.0004614591598510742,0.05633811426245717
DPDK,attributed power,holdout_test_testsize0.2_rs42_shuffleTrue,165,2.0,0.8236795663833618,0.8186272978782654,0.0050522685050964355,0.6133779094800295
DPDK,attributed power,holdout_test_testsize0.2_rs42_shuffleTrue,166,400.0,0.8248887658119202,0.8218898177146912,0.002998948097229004,0.3635578785313198
DPDK,attributed power,holdout_test_testsize0.2_rs42_shuffleTrue,167,4000.0,0.8291914463043213,0.8246984481811523,0.004492998123168945,0.5418529271128023
DPDK,attributed power,holdout_test_testsize0.2_rs42_shuffleTrue,168,400.0,0.8206876516342163,0.8218898177146912,0.0012021660804748535,0.14648277917682911
DPDK,attributed power,holdout_test_testsize0.2_rs42_shuffleTrue,169,1000.0,0.8157272338867188,0.8230067491531372,0.007279515266418457,0.892395762212516
DPDK,attributed power,holdout_test_testsize0.2_rs42_shuffleTrue,170,4000.0,0.8226706981658936,0.8246984481811523,0.002027750015258789,0.2464838020582919
DPDK,attributed power,holdout_test_testsize0.2_rs42_shuffleTrue,171,8.0,0.8149809241294861,0.818774402141571,0.003793478012084961,0.46546831953605877
DPDK,attributed power,holdout_test_testsize0.2_rs42_shuffleTrue,172,3000.0,0.8191787004470825,0.8243473172187805,0.005168616771697998,0.6309510695135415
DPDK,attributed power,holdout_test_testsize0.2_rs42_shuffleTrue,173,4000.0,0.8188092112541199,0.8246984481811523,0.005889236927032471,0.7192440981473923
DPDK,attributed power,holdout_test_testsize0.2_rs42_shuffleTrue,174,40.0,0.8188984394073486,0.8189705014228821,7.206201553344727e-05,0.008799872128905243
DPDK,attributed power,holdout_test_testsize0.2_rs42_shuffleTrue,175,6.0,0.8167912364006042,0.818740725517273,0.0019494891166687012,0.23867654668524785
DPDK,attributed power,holdout_test_testsize0.2_rs42_shuffleTrue,176,1.0,0.8154762387275696,0.818572998046875,0.00309675931930542,0.37974856559124964
DPDK,attributed power,holdout_test_testsize0.2_rs42_shuffleTrue,177,3000.0,0.8226504921913147,0.8243473172187805,0.0016968250274658203,0.2062631753791267
DPDK,attributed power,holdout_test_testsize0.2_rs42_shuffleTrue,178,0.10000000149011612,0.8159822821617126,0.8184929490089417,0.002510666847229004,0.30768644149695346
DPDK,attributed power,holdout_test_testsize0.2_rs42_shuffleTrue,179,5000.0,0.8255529403686523,0.8249708414077759,0.0005820989608764648,0.07051019170454742
DPDK,attributed power,holdout_test_testsize0.2_rs42_shuffleTrue,180,6.0,0.8192562460899353,0.818740725517273,0.0005155205726623535,0.06292543695855586
DPDK,attributed power,holdout_test_testsize0.2_rs42_shuffleTrue,181,100.0,0.821151614189148,0.8198241591453552,0.0013274550437927246,0.16165772810463627
DPDK,attributed power,holdout_test_testsize0.2_rs42_shuffleTrue,182,800.0,0.8262796998023987,0.8227345943450928,0.003545105457305908,0.4290442398807214
DPDK,attributed power,holdout_test_testsize0.2_rs42_shuffleTrue,183,200.0,0.8193589448928833,0.82100510597229,0.0016461610794067383,0.2009084162279994
DPDK,attributed power,holdout_test_testsize0.2_rs42_shuffleTrue,184,1.0,0.8186076283454895,0.818572998046875,3.463029861450195e-05,0.004230390411153901
DPDK,attributed power,holdout_test_testsize0.2_rs42_shuffleTrue,185,6.0,0.8229897022247314,0.818740725517273,0.004248976707458496,0.5162855253197616
DPDK,attributed power,holdout_test_testsize0.2_rs42_shuffleTrue,186,200.0,0.8188939094543457,0.82100510597229,0.002111196517944336,0.2578107485682842
DPDK,attributed power,holdout_test_testsize0.2_rs42_shuffleTrue,187,3000.0,0.8270366191864014,0.8243473172187805,0.0026893019676208496,0.3251732638231249
DPDK,attributed power,holdout_test_testsize0.2_rs42_shuffleTrue,188,20.0,0.8167582154273987,0.8188846707344055,0.002126455307006836,0.26035309677223023
DPDK,attributed power,holdout_test_testsize0.2_rs42_shuffleTrue,189,2.0,0.8204049468040466,0.8186272978782654,0.00177764892578125,0.21667944991143998
DPDK,attributed power,holdout_test_testsize0.2_rs42_shuffleTrue,190,4000.0,0.8263377547264099,0.8246984481811523,0.0016393065452575684,0.19838214288058548
DPDK,attributed power,holdout_test_testsize0.2_rs42_shuffleTrue,191,400.0,0.8323444128036499,0.8218898177146912,0.01045459508895874,1.2560419614932863
DPDK,attributed power,holdout_test_testsize0.2_rs42_shuffleTrue,192,600.0,0.8248054385185242,0.8223838806152344,0.002421557903289795,0.29359140837374703
DPDK,attributed power,holdout_test_testsize0.2_rs42_shuffleTrue,193,400.0,0.8178244233131409,0.8218898177146912,0.004065394401550293,0.49709867859909507
DPDK,attributed power,holdout_test_testsize0.2_rs42_shuffleTrue,194,0.10000000149011612,0.8250863552093506,0.8184929490089417,0.0065934062004089355,0.799117105595084
DPDK,attributed power,holdout_test_testsize0.2_rs42_shuffleTrue,195,3000.0,0.8212802410125732,0.8243473172187805,0.0030670762062072754,0.3734506266004664
DPDK,attributed power,holdout_test_testsize0.2_rs42_shuffleTrue,196,1.0,0.8228580951690674,0.818572998046875,0.004285097122192383,0.5207577281368243
DPDK,attributed power,holdout_test_testsize0.2_rs42_shuffleTrue,197,2.0,0.8228386044502258,0.8186272978782654,0.004211306571960449,0.5118022597851016
DPDK,attributed power,holdout_test_testsize0.2_rs42_shuffleTrue,198,1.0,0.815872073173523,0.818572998046875,0.0027009248733520508,0.3310475946120057
DPDK,attributed power,holdout_test_testsize0.2_rs42_shuffleTrue,199,10.0,0.8190603852272034,0.8188012838363647,0.00025910139083862305,0.03163397907063343
DPDK,attributed power,holdout_test_testsize0.2_rs42_shuffleTrue,200,6.0,0.8232391476631165,0.818740725517273,0.004498422145843506,0.5464295713600268
DPDK,attributed power,holdout_test_testsize0.2_rs42_shuffleTrue,201,8.0,0.8235442042350769,0.818774402141571,0.004769802093505859,0.5791798508176181
DPDK,attributed power,holdout_test_testsize0.2_rs42_shuffleTrue,202,4.0,0.8119368553161621,0.8186956644058228,0.0067588090896606445,0.8324303848762741
DPDK,attributed power,holdout_test_testsize0.2_rs42_shuffleTrue,203,5000.0,0.8288211226463318,0.8249708414077759,0.003850281238555908,0.4645491208359166
DPDK,attributed power,holdout_test_testsize0.2_rs42_shuffleTrue,204,1.0,0.8192412853240967,0.818572998046875,0.0006682872772216797,0.08157392567896542
DPDK,attributed power,holdout_test_testsize0.2_rs42_shuffleTrue,205,4000.0,0.8206155300140381,0.8246984481811523,0.004082918167114258,0.4975433705287557
DPDK,attributed power,holdout_test_testsize0.2_rs42_shuffleTrue,206,2000.0,0.8220165967941284,0.8238524794578552,0.0018358826637268066,0.22333888036893224
DPDK,attributed power,holdout_test_testsize0.2_rs42_shuffleTrue,207,10.0,0.8229987025260925,0.8188012838363647,0.004197418689727783,0.510015225643045
DPDK,attributed power,holdout_test_testsize0.2_rs42_shuffleTrue,208,2000.0,0.823366105556488,0.8238524794578552,0.0004863739013671875,0.05907140190553049
DPDK,attributed power,holdout_test_testsize0.2_rs42_shuffleTrue,209,80.0,0.8162623047828674,0.8195354342460632,0.0032731294631958008,0.4009899077804996
DPDK,attributed power,holdout_test_testsize0.2_rs42_shuffleTrue,210,10.0,0.8142923712730408,0.8188012838363647,0.004508912563323975,0.5537215774568627
DPDK,attributed power,holdout_test_testsize0.2_rs42_shuffleTrue,211,200.0,0.8226552605628967,0.82100510597229,0.0016501545906066895,0.20058883346562223
DPDK,attributed power,holdout_test_testsize0.2_rs42_shuffleTrue,212,40.0,0.813780665397644,0.8189705014228821,0.005189836025238037,0.6377438351526927
DPDK,attributed power,holdout_test_testsize0.2_rs42_shuffleTrue,213,0.009999999776482582,0.8152256011962891,0.8184815049171448,0.003255903720855713,0.39938683427972477
DPDK,attributed power,holdout_test_testsize0.2_rs42_shuffleTrue,214,2000.0,0.8265691995620728,0.8238524794578552,0.0027167201042175293,0.32867424840616893
DPDK,attributed power,holdout_test_testsize0.2_rs42_shuffleTrue,215,6.0,0.8167101740837097,0.818740725517273,0.0020305514335632324,0.24862570566619493
DPDK,attributed power,holdout_test_testsize0.2_rs42_shuffleTrue,216,4.0,0.8197032809257507,0.8186956644058228,0.0010076165199279785,0.12292454396303058
DPDK,attributed power,holdout_test_testsize0.2_rs42_shuffleTrue,217,4000.0,0.8197636008262634,0.8246984481811523,0.004934847354888916,0.6019842000687687
DPDK,attributed power,holdout_test_testsize0.2_rs42_shuffleTrue,218,400.0,0.8170561194419861,0.8218898177146912,0.004833698272705078,0.5915992987123436
DPDK,attributed power,holdout_test_testsize0.2_rs42_shuffleTrue,219,2.0,0.8221971392631531,0.8186272978782654,0.0035698413848876953,0.43418314348392895
DPDK,attributed power,holdout_test_testsize0.2_rs42_shuffleTrue,220,800.0,0.8240087032318115,0.8227345943450928,0.00127410888671875,0.15462323173549242
DPDK,attributed power,holdout_test_testsize0.2_rs42_shuffleTrue,221,5000.0,0.8288969397544861,0.8249708414077759,0.003926098346710205,0.4736533769654271
DPDK,attributed power,holdout_test_testsize0.2_rs42_shuffleTrue,222,4.0,0.8178565502166748,0.8186956644058228,0.0008391141891479492,0.10259918917634671
DPDK,attributed power,holdout_test_testsize0.2_rs42_shuffleTrue,223,6.0,0.8163235187530518,0.818740725517273,0.0024172067642211914,0.29610892111910686
DPDK,attributed power,holdout_test_testsize0.2_rs42_shuffleTrue,224,400.0,0.819235622882843,0.8218898177146912,0.0026541948318481445,0.3239843041136548
DPDK,attributed power,holdout_test_testsize0.2_rs42_shuffleTrue,225,100.0,0.821475625038147,0.8198241591453552,0.001651465892791748,0.20103650582633642
DPDK,attributed power,holdout_test_testsize0.2_rs42_shuffleTrue,226,200.0,0.8217132687568665,0.82100510597229,0.000708162784576416,0.08618125220829938
DPDK,attributed power,holdout_test_testsize0.2_rs42_shuffleTrue,227,2000.0,0.8215929269790649,0.8238524794578552,0.002259552478790283,0.27502092637268516
DPDK,attributed power,holdout_test_testsize0.2_rs42_shuffleTrue,228,600.0,0.8208088278770447,0.8223838806152344,0.0015750527381896973,0.1918903263094091
DPDK,attributed power,holdout_test_testsize0.2_rs42_shuffleTrue,229,4.0,0.813347578048706,0.8186956644058228,0.005348086357116699,0.65754008513153
DPDK,attributed power,holdout_test_testsize0.2_rs42_shuffleTrue,230,2.0,0.8173295855522156,0.8186272978782654,0.0012977123260498047,0.15877466679161337
DPDK,attributed power,holdout_test_testsize0.2_rs42_shuffleTrue,231,0.10000000149011612,0.8196374177932739,0.8184929490089417,0.0011444687843322754,0.1396311051066399
DPDK,attributed power,holdout_test_testsize0.2_rs42_shuffleTrue,232,40.0,0.8193608522415161,0.8189705014228821,0.0003903508186340332,0.047640891991136136
DPDK,attributed power,holdout_test_testsize0.2_rs42_shuffleTrue,233,2.0,0.8200286626815796,0.8186272978782654,0.001401364803314209,0.1708921732969186
DPDK,attributed power,holdout_test_testsize0.2_rs42_shuffleTrue,234,80.0,0.8138880133628845,0.8195354342460632,0.005647420883178711,0.6938818105754214
DPDK,attributed power,holdout_test_testsize0.2_rs42_shuffleTrue,235,2000.0,0.8182443380355835,0.8238524794578552,0.0056081414222717285,0.6853871345734681
DPDK,attributed power,holdout_test_testsize0.2_rs42_shuffleTrue,236,800.0,0.8222447037696838,0.8227345943450928,0.0004898905754089355,0.05957965714622069
DPDK,attributed power,holdout_test_testsize0.2_rs42_shuffleTrue,237,10.0,0.8234387040138245,0.8188012838363647,0.004637420177459717,0.5631773385019148
DPDK,attributed power,holdout_test_testsize0.2_rs42_shuffleTrue,238,200.0,0.812954843044281,0.82100510597229,0.008050262928009033,0.9902472439752157
DPDK,attributed power,holdout_test_testsize0.2_rs42_shuffleTrue,239,2.0,0.815390408039093,0.8186272978782654,0.0032368898391723633,0.3969742355636313
DPDK,attributed power,holdout_test_testsize0.2_rs42_shuffleTrue,240,80.0,0.8268298506736755,0.8195354342460632,0.007294416427612305,0.88221493474976
DPDK,attributed power,holdout_test_testsize0.2_rs42_shuffleTrue,241,100.0,0.8152375221252441,0.8198241591453552,0.004586637020111084,0.5626135813957841
DPDK,attributed power,holdout_test_testsize0.2_rs42_shuffleTrue,242,100.0,0.8153521418571472,0.8198241591453552,0.004472017288208008,0.5484767940907086
DPDK,attributed power,holdout_test_testsize0.2_rs42_shuffleTrue,243,800.0,0.8196026682853699,0.8227345943450928,0.0031319260597229004,0.3821273625517803
DPDK,attributed power,holdout_test_testsize0.2_rs42_shuffleTrue,244,600.0,0.8174358606338501,0.8223838806152344,0.004948019981384277,0.6053098744099041
DPDK,attributed power,holdout_test_testsize0.2_rs42_shuffleTrue,245,10.0,0.818182110786438,0.8188012838363647,0.0006191730499267578,0.07567667903806986
DPDK,attributed power,holdout_test_testsize0.2_rs42_shuffleTrue,246,40.0,0.8242474794387817,0.8189705014228821,0.005276978015899658,0.6402176709709414
DPDK,attributed power,holdout_test_testsize0.2_rs42_shuffleTrue,247,0.10000000149011612,0.8153243064880371,0.8184929490089417,0.003168642520904541,0.38863584658150174
DPDK,attributed power,holdout_test_testsize0.2_rs42_shuffleTrue,248,80.0,0.819808304309845,0.8195354342460632,0.0002728700637817383,0.03328461816588376
DPDK,attributed power,holdout_test_testsize0.2_rs42_shuffleTrue,249,5000.0,0.8274171948432922,0.8249708414077759,0.0024463534355163574,0.29566142095701575
DPDK,attributed power,holdout_test_testsize0.2_rs42_shuffleTrue,250,5000.0,0.8262864351272583,0.8249708414077759,0.0013155937194824219,0.15921763489676605
DPDK,attributed power,holdout_test_testsize0.2_rs42_shuffleTrue,251,1000.0,0.8259956240653992,0.8230067491531372,0.002988874912261963,0.36185117997977617
DPDK,attributed power,holdout_test_testsize0.2_rs42_shuffleTrue,252,80.0,0.8252499103546143,0.8195354342460632,0.005714476108551025,0.6924540114273365
DPDK,attributed power,holdout_test_testsize0.2_rs42_shuffleTrue,253,6.0,0.819937527179718,0.818740725517273,0.0011968016624450684,0.14596254260512062
DPDK,attributed power,holdout_test_testsize0.2_rs42_shuffleTrue,254,2.0,0.8222951292991638,0.8186272978782654,0.0036678314208984375,0.44604805382034834
DPDK,attributed power,holdout_test_testsize0.2_rs42_shuffleTrue,255,10.0,0.8183758854866028,0.8188012838363647,0.0004253983497619629,0.051980802135808635
DPDK,attributed power,holdout_test_testsize0.2_rs42_shuffleTrue,256,4000.0,0.8283313512802124,0.8246984481811523,0.0036329030990600586,0.43858090043860964
DPDK,attributed power,holdout_test_testsize0.2_rs42_shuffleTrue,257,8.0,0.8157920837402344,0.818774402141571,0.00298231840133667,0.3655733440882841
DPDK,attributed power,holdout_test_testsize0.2_rs42_shuffleTrue,258,2000.0,0.8284211158752441,0.8238524794578552,0.004568636417388916,0.5514872001496554
DPDK,attributed power,holdout_test_testsize0.2_rs42_shuffleTrue,259,8.0,0.8198240399360657,0.818774402141571,0.001049637794494629,0.12803208290604473
DPDK,attributed power,holdout_test_testsize0.2_rs42_shuffleTrue,260,40.0,0.8212893009185791,0.8189705014228821,0.0023187994956970215,0.2823365034834299
DPDK,attributed power,holdout_test_testsize0.2_rs42_shuffleTrue,261,3000.0,0.8220726847648621,0.8243473172187805,0.002274632453918457,0.27669481009079766
DPDK,attributed power,holdout_test_testsize0.2_rs42_shuffleTrue,262,80.0,0.8167994022369385,0.8195354342460632,0.002736032009124756,0.33496988387010146
DPDK,attributed power,holdout_test_testsize0.2_rs42_shuffleTrue,263,4.0,0.8182870745658875,0.8186956644058228,0.00040858983993530273,0.04993233458466459
DPDK,attributed power,holdout_test_testsize0.2_rs42_shuffleTrue,264,400.0,0.8218684196472168,0.8218898177146912,2.1398067474365234e-05,0.0026035879908307288
DPDK,attributed power,holdout_test_testsize0.2_rs42_shuffleTrue,265,60.0,0.823794424533844,0.8192763924598694,0.004518032073974609,0.5484416912060559
DPDK,attributed power,holdout_test_testsize0.2_rs42_shuffleTrue,266,100.0,0.813736617565155,0.8198241591453552,0.006087541580200195,0.7480972895646757
DPDK,attributed power,holdout_test_testsize0.2_rs42_shuffleTrue,267,2.0,0.818674623966217,0.8186272978782654,4.7326087951660156e-05,0.005780817746906626
DPDK,attributed power,holdout_test_testsize0.2_rs42_shuffleTrue,268,100.0,0.8248181939125061,0.8198241591453552,0.004994034767150879,0.6054709757870144
DPDK,attributed power,holdout_test_testsize0.2_rs42_shuffleTrue,269,40.0,0.8178668022155762,0.8189705014228821,0.0011036992073059082,0.1349485275983841
DPDK,attributed power,holdout_test_testsize0.2_rs42_shuffleTrue,270,5000.0,0.8203398585319519,0.8249708414077759,0.004630982875823975,0.5645200373551762
DPDK,attributed power,holdout_test_testsize0.2_rs42_shuffleTrue,271,3000.0,0.82302325963974,0.8243473172187805,0.0013240575790405273,0.1608772976379919
DPDK,attributed power,holdout_test_testsize0.2_rs42_shuffleTrue,272,400.0,0.8251680135726929,0.8218898177146912,0.003278195858001709,0.39727616728722337
DPDK,attributed power,holdout_test_testsize0.2_rs42_shuffleTrue,273,2.0,0.818309485912323,0.8186272978782654,0.0003178119659423828,0.0388376245679296
DPDK,attributed power,holdout_test_testsize0.2_rs42_shuffleTrue,274,0.009999999776482582,0.816007137298584,0.8184815049171448,0.002474367618560791,0.30322867355698124
DPDK,attributed power,holdout_test_testsize0.2_rs42_shuffleTrue,275,100.0,0.8202446699142456,0.8198241591453552,0.00042051076889038086,0.05126650429003631
DPDK,attributed power,holdout_test_testsize0.2_rs42_shuffleTrue,276,4000.0,0.8250653147697449,0.8246984481811523,0.0003668665885925293,0.0444651571245499
DPDK,attributed power,holdout_test_testsize0.2_rs42_shuffleTrue,277,1.0,0.8186014294624329,0.818572998046875,2.8431415557861328e-05,0.0034731695468125366
DPDK,attributed power,holdout_test_testsize0.2_rs42_shuffleTrue,278,80.0,0.8230395913124084,0.8195354342460632,0.003504157066345215,0.42575801982472444
DPDK,attributed power,holdout_test_testsize0.2_rs42_shuffleTrue,279,3000.0,0.8304659128189087,0.8243473172187805,0.006118595600128174,0.7367666156651025
DPDK,attributed power,holdout_test_testsize0.2_rs42_shuffleTrue,280,4000.0,0.8285909295082092,0.8246984481811523,0.0038924813270568848,0.4697711727748669
DPDK,attributed power,holdout_test_testsize0.2_rs42_shuffleTrue,281,400.0,0.8193475604057312,0.8218898177146912,0.002542257308959961,0.31027825452986824
DPDK,attributed power,holdout_test_testsize0.2_rs42_shuffleTrue,282,80.0,0.8247346878051758,0.8195354342460632,0.005199253559112549,0.6304152882121469
DPDK,attributed power,holdout_test_testsize0.2_rs42_shuffleTrue,283,1000.0,0.8255352973937988,0.8230067491531372,0.002528548240661621,0.3062919597313653
DPDK,attributed power,holdout_test_testsize0.2_rs42_shuffleTrue,284,4000.0,0.8208499550819397,0.8246984481811523,0.0038484930992126465,0.4688424571855496
DPDK,attributed power,holdout_test_testsize0.2_rs42_shuffleTrue,285,100.0,0.819463312625885,0.8198241591453552,0.00036084651947021484,0.044034493541134825
DPDK,attributed power,holdout_test_testsize0.2_rs42_shuffleTrue,286,1.0,0.8225516080856323,0.818572998046875,0.003978610038757324,0.4836912358626291
DPDK,attributed power,holdout_test_testsize0.2_rs42_shuffleTrue,287,1000.0,0.8272637724876404,0.8230067491531372,0.004257023334503174,0.5145908084070944
DPDK,attributed power,holdout_test_testsize0.2_rs42_shuffleTrue,288,60.0,0.8199583292007446,0.8192763924598694,0.0006819367408752441,0.08316724357687333
DPDK,attributed power,holdout_test_testsize0.2_rs42_shuffleTrue,289,2000.0,0.827521562576294,0.8238524794578552,0.0036690831184387207,0.44338217689650194
DPDK,attributed power,holdout_test_testsize0.2_rs42_shuffleTrue,290,4.0,0.8222451210021973,0.8186956644058228,0.0035494565963745117,0.43167864493354974
DPDK,attributed power,holdout_test_testsize0.2_rs42_shuffleTrue,291,100.0,0.8213818073272705,0.8198241591453552,0.0015576481819152832,0.1896375312942201
DPDK,attributed power,holdout_test_testsize0.2_rs42_shuffleTrue,292,2000.0,0.8303335905075073,0.8238524794578552,0.0064811110496521,0.780543040019709
DPDK,attributed power,holdout_test_testsize0.2_rs42_shuffleTrue,293,10.0,0.8144089579582214,0.8188012838363647,0.0043923258781433105,0.5393268130492044
DPDK,attributed power,holdout_test_testsize0.2_rs42_shuffleTrue,294,400.0,0.8239780068397522,0.8218898177146912,0.002088189125061035,0.25342777449485343
DPDK,attributed power,holdout_test_testsize0.2_rs42_shuffleTrue,295,0.009999999776482582,0.8251898884773254,0.8184815049171448,0.006708383560180664,0.8129502862134255
DPDK,attributed power,holdout_test_testsize0.2_rs42_shuffleTrue,296,4.0,0.8127066493034363,0.8186956644058228,0.005989015102386475,0.7369221240554149
DPDK,attributed power,holdout_test_testsize0.2_rs42_shuffleTrue,297,1.0,0.8179670572280884,0.818572998046875,0.0006059408187866211,0.07407887804675437
DPDK,attributed power,holdout_test_testsize0.2_rs42_shuffleTrue,298,0.009999999776482582,0.813274085521698,0.8184815049171448,0.005207419395446777,0.6403031263570053
DPDK,attributed power,holdout_test_testsize0.2_rs42_shuffleTrue,299,800.0,0.8206184506416321,0.8227345943450928,0.0021161437034606934,0.2578718162875944
DPDK,attributed power,holdout_test_testsize0.2_rs42_shuffleTrue,300,400.0,0.821581244468689,0.8218898177146912,0.00030857324600219727,0.0375584579224115
DPDK,attributed power,holdout_test_testsize0.2_rs42_shuffleTrue,301,1000.0,0.8237483501434326,0.8230067491531372,0.0007416009902954102,0.09002761464302553
DPDK,attributed power,holdout_test_testsize0.2_rs42_shuffleTrue,302,4.0,0.8159856200218201,0.8186956644058228,0.0027100443840026855,0.33211913513012853
DPDK,attributed power,holdout_test_testsize0.2_rs42_shuffleTrue,303,600.0,0.8206539750099182,0.8223838806152344,0.0017299056053161621,0.21079598198439908
DPDK,attributed power,holdout_test_testsize0.2_rs42_shuffleTrue,304,80.0,0.8246762752532959,0.8195354342460632,0.005140841007232666,0.6233768524083803
DPDK,attributed power,holdout_test_testsize0.2_rs42_shuffleTrue,305,1.0,0.8143125772476196,0.818572998046875,0.004260420799255371,0.5231923119320611
DPDK,attributed power,holdout_test_testsize0.2_rs42_shuffleTrue,306,0.009999999776482582,0.8197968006134033,0.8184815049171448,0.001315295696258545,0.16044167228688747
DPDK,attributed power,holdout_test_testsize0.2_rs42_shuffleTrue,307,600.0,0.8259463906288147,0.8223838806152344,0.0035625100135803223,0.43132460580983834
DPDK,attributed power,holdout_test_testsize0.2_rs42_shuffleTrue,308,600.0,0.8196166753768921,0.8223838806152344,0.002767205238342285,0.33762188123732534
DPDK,attributed power,holdout_test_testsize0.2_rs42_shuffleTrue,309,60.0,0.8195645809173584,0.8192763924598694,0.00028818845748901367,0.03516360567539868
DPDK,attributed power,holdout_test_testsize0.2_rs42_shuffleTrue,310,5000.0,0.825223982334137,0.8249708414077759,0.000253140926361084,0.03067542046525086
DPDK,attributed power,holdout_test_testsize0.2_rs42_shuffleTrue,311,2.0,0.8198422193527222,0.8186272978782654,0.0012149214744567871,0.14818966939955666
DPDK,attributed power,holdout_test_testsize0.2_rs42_shuffleTrue,312,2000.0,0.8240711688995361,0.8238524794578552,0.0002186894416809082,0.026537688725713566
DPDK,attributed power,holdout_test_testsize0.2_rs42_shuffleTrue,313,2.0,0.8214786052703857,0.8186272978782654,0.0028513073921203613,0.3470945407253628
DPDK,attributed power,holdout_test_testsize0.2_rs42_shuffleTrue,314,600.0,0.8255326747894287,0.8223838806152344,0.003148794174194336,0.3814257473209657
DPDK,attributed power,holdout_test_testsize0.2_rs42_shuffleTrue,315,400.0,0.8205019235610962,0.8218898177146912,0.0013878941535949707,0.16915184641753317
DPDK,attributed power,holdout_test_testsize0.2_rs42_shuffleTrue,316,100.0,0.8147605657577515,0.8198241591453552,0.00506359338760376,0.6214823839558886
DPDK,attributed power,holdout_test_testsize0.2_rs42_shuffleTrue,317,600.0,0.8180890679359436,0.8223838806152344,0.0042948126792907715,0.5249810622853911
DPDK,attributed power,holdout_test_testsize0.2_rs42_shuffleTrue,318,0.10000000149011612,0.8165604472160339,0.8184929490089417,0.0019325017929077148,0.23666365417237029
DPDK,attributed power,holdout_test_testsize0.2_rs42_shuffleTrue,319,20.0,0.8217248320579529,0.8188846707344055,0.0028401613235473633,0.34563411165686403
DPDK,attributed power,holdout_test_testsize0.2_rs42_shuffleTrue,320,20.0,0.8199782371520996,0.8188846707344055,0.0010935664176940918,0.13336529777817063
DPDK,attributed power,holdout_test_testsize0.2_rs42_shuffleTrue,321,2.0,0.8162281513214111,0.8186272978782654,0.002399146556854248,0.29393087618580815
DPDK,attributed power,holdout_test_testsize0.2_rs42_shuffleTrue,322,40.0,0.8175743818283081,0.8189705014228821,0.0013961195945739746,0.17076361803948523
DPDK,attributed power,holdout_test_testsize0.2_rs42_shuffleTrue,323,60.0,0.8203884959220886,0.8192763924598694,0.0011121034622192383,0.13555814930940396
DPDK,attributed power,holdout_test_testsize0.2_rs42_shuffleTrue,324,200.0,0.8183210492134094,0.82100510597229,0.0026840567588806152,0.3279955662219122
DPDK,attributed power,holdout_test_testsize0.2_rs42_shuffleTrue,325,100.0,0.8173367381095886,0.8198241591453552,0.0024874210357666016,0.30433246418357957
DPDK,attributed power,holdout_test_testsize0.2_rs42_shuffleTrue,326,600.0,0.8235912322998047,0.8223838806152344,0.0012073516845703125,0.14659598563220386
DPDK,attributed power,holdout_test_testsize0.2_rs42_shuffleTrue,327,20.0,0.8156655430793762,0.8188846707344055,0.003219127655029297,0.394662699968439
DPDK,attributed power,holdout_test_testsize0.2_rs42_shuffleTrue,328,80.0,0.8167237043380737,0.8195354342460632,0.002811729907989502,0.3442694136407259
DPDK,attributed power,holdout_test_testsize0.2_rs42_shuffleTrue,329,40.0,0.8205510377883911,0.8189705014228821,0.0015805363655090332,0.19261889787733497
DPDK,attributed power,holdout_test_testsize0.2_rs42_shuffleTrue,330,20.0,0.82681804895401,0.8188846707344055,0.007933378219604492,0.959507140614654
DPDK,attributed power,holdout_test_testsize0.2_rs42_shuffleTrue,331,80.0,0.8206831812858582,0.8195354342460632,0.0011477470397949219,0.13985263326544786
DPDK,attributed power,holdout_test_testsize0.2_rs42_shuffleTrue,332,20.0,0.8105949759483337,0.8188846707344055,0.008289694786071777,1.02266792072989
DPDK,attributed power,holdout_test_testsize0.2_rs42_shuffleTrue,333,600.0,0.8164183497428894,0.8223838806152344,0.005965530872344971,0.7306953443934309
DPDK,attributed power,holdout_test_testsize0.2_rs42_shuffleTrue,334,4.0,0.8191707134246826,0.8186956644058228,0.0004750490188598633,0.05799145539198294
DPDK,attributed power,holdout_test_testsize0.2_rs42_shuffleTrue,335,80.0,0.8117785453796387,0.8195354342460632,0.0077568888664245605,0.9555424826849731
DPDK,attributed power,holdout_test_testsize0.2_rs42_shuffleTrue,336,5000.0,0.8213568925857544,0.8249708414077759,0.0036139488220214844,0.4399973817282074
DPDK,attributed power,holdout_test_testsize0.2_rs42_shuffleTrue,337,6.0,0.8154164552688599,0.818740725517273,0.003324270248413086,0.40767760166392575
DPDK,attributed power,holdout_test_testsize0.2_rs42_shuffleTrue,338,10.0,0.8163173198699951,0.8188012838363647,0.002483963966369629,0.3042890192217433
DPDK,attributed power,holdout_test_testsize0.2_rs42_shuffleTrue,339,1000.0,0.8234108686447144,0.8230067491531372,0.00040411949157714844,0.04907871719525699
DPDK,attributed power,holdout_test_testsize0.2_rs42_shuffleTrue,340,8.0,0.8151971697807312,0.818774402141571,0.0035772323608398438,0.4388180545084614
DPDK,attributed power,holdout_test_testsize0.2_rs42_shuffleTrue,341,800.0,0.8236629962921143,0.8227345943450928,0.0009284019470214844,0.11271623846170992
DPDK,attributed power,holdout_test_testsize0.2_rs42_shuffleTrue,342,60.0,0.8170955181121826,0.8192763924598694,0.0021808743476867676,0.26690567985557667
DPDK,attributed power,holdout_test_testsize0.2_rs42_shuffleTrue,343,5000.0,0.8284504413604736,0.8249708414077759,0.003479599952697754,0.4200130483343804
DPDK,attributed power,holdout_test_testsize0.2_rs42_shuffleTrue,344,8.0,0.8141319155693054,0.818774402141571,0.004642486572265625,0.5702376339120954
DPDK,attributed power,holdout_test_testsize0.2_rs42_shuffleTrue,345,0.009999999776482582,0.817051112651825,0.8184815049171448,0.0014303922653198242,0.17506766017089634
DPDK,attributed power,holdout_test_testsize0.2_rs42_shuffleTrue,346,3000.0,0.8264076113700867,0.8243473172187805,0.0020602941513061523,0.24930725745500176
DPDK,attributed power,holdout_test_testsize0.2_rs42_shuffleTrue,347,0.009999999776482582,0.8137405514717102,0.8184815049171448,0.00474095344543457,0.5826124109042131
DPDK,attributed power,holdout_test_testsize0.2_rs42_shuffleTrue,348,600.0,0.8185839653015137,0.8223838806152344,0.003799915313720703,0.46420593058172827
DPDK,attributed power,holdout_test_testsize0.2_rs42_shuffleTrue,349,10.0,0.8217138648033142,0.8188012838363647,0.002912580966949463,0.354451968222128
DPDK,attributed power,holdout_test_testsize0.2_rs42_shuffleTrue,350,10.0,0.8092217445373535,0.8188012838363647,0.00957953929901123,1.1837965753735429
DPDK,attributed power,holdout_test_testsize0.2_rs42_shuffleTrue,351,6.0,0.8229422569274902,0.818740725517273,0.004201531410217285,0.5105499656687922
DPDK,attributed power,holdout_test_testsize0.2_rs42_shuffleTrue,352,5000.0,0.8278547525405884,0.8249708414077759,0.0028839111328125,0.34835955509853844
DPDK,attributed power,holdout_test_testsize0.2_rs42_shuffleTrue,353,60.0,0.818605899810791,0.8192763924598694,0.0006704926490783691,0.08190664753739789
DPDK,attributed power,holdout_test_testsize0.2_rs42_shuffleTrue,354,2.0,0.8197882175445557,0.8186272978782654,0.0011609196662902832,0.14161214341034206
DPDK,attributed power,holdout_test_testsize0.2_rs42_shuffleTrue,355,6.0,0.8154297471046448,0.818740725517273,0.003310978412628174,0.4060409157728794
DPDK,attributed power,holdout_test_testsize0.2_rs42_shuffleTrue,356,20.0,0.8228379487991333,0.8188846707344055,0.003953278064727783,0.4804443050417496
DPDK,attributed power,holdout_test_testsize0.2_rs42_shuffleTrue,357,4000.0,0.8256705403327942,0.8246984481811523,0.0009720921516418457,0.11773366060148335
DPDK,attributed power,holdout_test_testsize0.2_rs42_shuffleTrue,358,4.0,0.8247504234313965,0.8186956644058228,0.0060547590255737305,0.7341322724494934
DPDK,attributed power,holdout_test_testsize0.2_rs42_shuffleTrue,359,0.009999999776482582,0.8138373494148254,0.8184815049171448,0.004644155502319336,0.5706490990685829
DPDK,attributed power,holdout_test_testsize0.2_rs42_shuffleTrue,360,8.0,0.8234221935272217,0.818774402141571,0.004647791385650635,0.5644481557803654
DPDK,attributed power,holdout_test_testsize0.2_rs42_shuffleTrue,361,1.0,0.8196078538894653,0.818572998046875,0.001034855842590332,0.12626231406634322
DPDK,attributed power,holdout_test_testsize0.2_rs42_shuffleTrue,362,80.0,0.8201678991317749,0.8195354342460632,0.0006324648857116699,0.07711407461584313
DPDK,attributed power,holdout_test_testsize0.2_rs42_shuffleTrue,363,100.0,0.8203636407852173,0.8198241591453552,0.0005394816398620605,0.06576128110037782
DPDK,attributed power,holdout_test_testsize0.2_rs42_shuffleTrue,364,4000.0,0.8241933584213257,0.8246984481811523,0.0005050897598266602,0.061282920405245425
DPDK,attributed power,holdout_test_testsize0.2_rs42_shuffleTrue,365,200.0,0.8206775784492493,0.82100510597229,0.0003275275230407715,0.03990940311293344
DPDK,attributed power,holdout_test_testsize0.2_rs42_shuffleTrue,366,4000.0,0.8252829313278198,0.8246984481811523,0.0005844831466674805,0.07082215377059717
DPDK,attributed power,holdout_test_testsize0.2_rs42_shuffleTrue,367,20.0,0.8213425874710083,0.8188846707344055,0.002457916736602783,0.2992559711497418
DPDK,attributed power,holdout_test_testsize0.2_rs42_shuffleTrue,368,0.10000000149011612,0.8167878985404968,0.8184929490089417,0.0017050504684448242,0.2087507015580847
DPDK,attributed power,holdout_test_testsize0.2_rs42_shuffleTrue,369,100.0,0.8210589289665222,0.8198241591453552,0.0012347698211669922,0.15038747860902182
DPDK,attributed power,holdout_test_testsize0.2_rs42_shuffleTrue,370,80.0,0.815175473690033,0.8195354342460632,0.0043599605560302734,0.5348493295920885
DPDK,attributed power,holdout_test_testsize0.2_rs42_shuffleTrue,371,200.0,0.8185611367225647,0.82100510597229,0.002443969249725342,0.298568932738579
DPDK,attributed power,holdout_test_testsize0.2_rs42_shuffleTrue,372,80.0,0.8161240220069885,0.8195354342460632,0.003411412239074707,0.41800169423826794
DPDK,attributed power,holdout_test_testsize0.2_rs42_shuffleTrue,373,600.0,0.823404848575592,0.8223838806152344,0.001020967960357666,0.12399343556500043
DPDK,attributed power,holdout_test_testsize0.2_rs42_shuffleTrue,374,0.009999999776482582,0.8254125714302063,0.8184815049171448,0.0069310665130615234,0.8397093469332491
DPDK,attributed power,holdout_test_testsize0.2_rs42_shuffleTrue,375,40.0,0.8260274529457092,0.8189705014228821,0.0070569515228271484,0.8543240902782643
DPDK,attributed power,holdout_test_testsize0.2_rs42_shuffleTrue,376,100.0,0.8168461918830872,0.8198241591453552,0.0029779672622680664,0.364568910507242
DPDK,attributed power,holdout_test_testsize0.2_rs42_shuffleTrue,377,80.0,0.818777859210968,0.8195354342460632,0.0007575750350952148,0.0925251002543312
DPDK,attributed power,holdout_test_testsize0.2_rs42_shuffleTrue,378,40.0,0.8152559399604797,0.8189705014228821,0.0037145614624023438,0.455631327578234
DPDK,attributed power,holdout_test_testsize0.2_rs42_shuffleTrue,379,0.009999999776482582,0.8157450556755066,0.8184815049171448,0.0027364492416381836,0.33545397824963463
DPDK,attributed power,holdout_test_testsize0.2_rs42_shuffleTrue,380,20.0,0.8236547112464905,0.8188846707344055,0.004770040512084961,0.579131090607877
DPDK,attributed power,holdout_test_testsize0.2_rs42_shuffleTrue,381,1.0,0.8208675384521484,0.818572998046875,0.0022945404052734375,0.2795262691956475
DPDK,attributed power,holdout_test_testsize0.2_rs42_shuffleTrue,382,4.0,0.8165554404258728,0.8186956644058228,0.002140223979949951,0.2621039397929578
DPDK,attributed power,holdout_test_testsize0.2_rs42_shuffleTrue,383,8.0,0.8145394921302795,0.818774402141571,0.004234910011291504,0.5199146330174697
DPDK,attributed power,holdout_test_testsize0.2_rs42_shuffleTrue,384,1000.0,0.821814239025116,0.8230067491531372,0.0011925101280212402,0.1451070170597026
DPDK,attributed power,holdout_test_testsize0.2_rs42_shuffleTrue,385,1.0,0.8219615817070007,0.818572998046875,0.0033885836601257324,0.4122557228390802
DPDK,attributed power,holdout_test_testsize0.2_rs42_shuffleTrue,386,40.0,0.8218539953231812,0.8189705014228821,0.0028834939002990723,0.3508523310354151
DPDK,attributed power,holdout_test_testsize0.2_rs42_shuffleTrue,387,60.0,0.8171950578689575,0.8192763924598694,0.0020813345909118652,0.2546925083393763
DPDK,attributed power,holdout_test_testsize0.2_rs42_shuffleTrue,388,2000.0,0.8216180801391602,0.8238524794578552,0.0022343993186950684,0.2719510892842841
DPDK,attributed power,holdout_test_testsize0.2_rs42_shuffleTrue,389,3000.0,0.8254011869430542,0.8243473172187805,0.0010538697242736816,0.12767969575822646
DPDK,attributed power,holdout_test_testsize0.2_rs42_shuffleTrue,390,20.0,0.8240731358528137,0.8188846707344055,0.005188465118408203,0.6296122143380859
DPDK,attributed power,holdout_test_testsize0.2_rs42_shuffleTrue,391,2.0,0.8203046321868896,0.8186272978782654,0.0016773343086242676,0.20447700071528074
DPDK,attributed power,holdout_test_testsize0.2_rs42_shuffleTrue,392,200.0,0.8258684277534485,0.82100510597229,0.004863321781158447,0.5888736774195132
DPDK,attributed power,holdout_test_testsize0.2_rs42_shuffleTrue,393,0.009999999776482582,0.8173392415046692,0.8184815049171448,0.001142263412475586,0.13975389342285244
DPDK,attributed power,holdout_test_testsize0.2_rs42_shuffleTrue,394,100.0,0.8206039071083069,0.8198241591453552,0.0007797479629516602,0.09502123450756927
DPDK,attributed power,holdout_test_testsize0.2_rs42_shuffleTrue,395,100.0,0.8269801139831543,0.8198241591453552,0.007155954837799072,0.8653115978003844
DPDK,attributed power,holdout_test_testsize0.2_rs42_shuffleTrue,396,200.0,0.8179247975349426,0.82100510597229,0.003080308437347412,0.3766004462306106
DPDK,attributed power,holdout_test_testsize0.2_rs42_shuffleTrue,397,60.0,0.8202024698257446,0.8192763924598694,0.0009260773658752441,0.11290838542244246
DPDK,attributed power,holdout_test_testsize0.2_rs42_shuffleTrue,398,1000.0,0.8247665166854858,0.8230067491531372,0.0017597675323486328,0.213365540034368
DPDK,attributed power,holdout_test_testsize0.2_rs42_shuffleTrue,399,800.0,0.820601224899292,0.8227345943450928,0.0021333694458007812,0.25997639061074984
DPDK,attributed power,holdout_test_testsize0.2_rs42_shuffleTrue,400,800.0,0.8251328468322754,0.8227345943450928,0.002398252487182617,0.29065046875659156
DPDK,attributed power,holdout_test_testsize0.2_rs42_shuffleTrue,401,2.0,0.8202811479568481,0.8186272978782654,0.0016538500785827637,0.20161990589472456
DPDK,attributed power,holdout_test_testsize0.2_rs42_shuffleTrue,402,6.0,0.8131152391433716,0.818740725517273,0.005625486373901367,0.6918436776351525
DPDK,attributed power,holdout_test_testsize0.2_rs42_shuffleTrue,403,2.0,0.821101188659668,0.8186272978782654,0.002473890781402588,0.3012893922904759
DPDK,attributed power,holdout_test_testsize0.2_rs42_shuffleTrue,404,60.0,0.8145060539245605,0.8192763924598694,0.004770338535308838,0.5856725695682387
DPDK,attributed power,holdout_test_testsize0.2_rs42_shuffleTrue,405,1000.0,0.8205718398094177,0.8230067491531372,0.0024349093437194824,0.2967332323133345
DPDK,attributed power,holdout_test_testsize0.2_rs42_shuffleTrue,406,5000.0,0.8237740397453308,0.8249708414077759,0.0011968016624450684,0.14528276016261193
DPDK,attributed power,holdout_test_testsize0.2_rs42_shuffleTrue,407,1000.0,0.8228095769882202,0.8230067491531372,0.0001971721649169922,0.023963280257227125
DPDK,attributed power,holdout_test_testsize0.2_rs42_shuffleTrue,408,600.0,0.8241762518882751,0.8223838806152344,0.0017923712730407715,0.2174742682689848
DPDK,attributed power,holdout_test_testsize0.2_rs42_shuffleTrue,409,6.0,0.8220067024230957,0.818740725517273,0.003265976905822754,0.3973175518150119
DPDK,attributed power,holdout_test_testsize0.2_rs42_shuffleTrue,410,40.0,0.8132044076919556,0.8189705014228821,0.005766093730926514,0.709058347001819
DPDK,attributed power,holdout_test_testsize0.2_rs42_shuffleTrue,411,5000.0,0.8284301161766052,0.8249708414077759,0.0034592747688293457,0.417569895309298
DPDK,attributed power,holdout_test_testsize0.2_rs42_shuffleTrue,412,3000.0,0.8233252763748169,0.8243473172187805,0.001022040843963623,0.12413573022606213
DPDK,attributed power,holdout_test_testsize0.2_rs42_shuffleTrue,413,20.0,0.8220260739326477,0.8188846707344055,0.0031414031982421875,0.38215371724322905
DPDK,attributed power,holdout_test_testsize0.2_rs42_shuffleTrue,414,600.0,0.8175359964370728,0.8223838806152344,0.004847884178161621,0.5929872445114741
DPDK,attributed power,holdout_test_testsize0.2_rs42_shuffleTrue,415,800.0,0.8233944773674011,0.8227345943450928,0.0006598830223083496,0.08014178385288195
DPDK,attributed power,holdout_test_testsize0.2_rs42_shuffleTrue,416,20.0,0.8248671293258667,0.8188846707344055,0.005982458591461182,0.7252633034790007
DPDK,attributed power,holdout_test_testsize0.2_rs42_shuffleTrue,417,3000.0,0.8234808444976807,0.8243473172187805,0.0008664727210998535,0.10522075005016027
DPDK,attributed power,holdout_test_testsize0.2_rs42_shuffleTrue,418,800.0,0.8217255473136902,0.8227345943450928,0.0010090470314025879,0.12279611297242395
DPDK,attributed power,holdout_test_testsize0.2_rs42_shuffleTrue,419,1.0,0.8158531785011292,0.818572998046875,0.0027198195457458496,0.3333712017574845
DPDK,attributed power,holdout_test_testsize0.2_rs42_shuffleTrue,420,20.0,0.8246456980705261,0.8188846707344055,0.0057610273361206055,0.6986063650850338
DPDK,attributed power,holdout_test_testsize0.2_rs42_shuffleTrue,421,60.0,0.8210997581481934,0.8192763924598694,0.0018233656883239746,0.22206384428076895
DPDK,attributed power,holdout_test_testsize0.2_rs42_shuffleTrue,422,200.0,0.8213650584220886,0.82100510597229,0.000359952449798584,0.04382368669177174
DPDK,attributed power,holdout_test_testsize0.2_rs42_shuffleTrue,423,4000.0,0.8195264935493469,0.8246984481811523,0.00517195463180542,0.6310905959129918
DPDK,attributed power,holdout_test_testsize0.2_rs42_shuffleTrue,424,1.0,0.8174748420715332,0.818572998046875,0.0010981559753417969,0.1343351402177711
DPDK,attributed power,holdout_test_testsize0.2_rs42_shuffleTrue,425,0.10000000149011612,0.814695417881012,0.8184929490089417,0.0037975311279296875,0.4661289415137383
DPDK,attributed power,holdout_test_testsize0.2_rs42_shuffleTrue,426,20.0,0.8138294816017151,0.8188846707344055,0.00505518913269043,0.6211607280116229
DPDK,attributed power,holdout_test_testsize0.2_rs42_shuffleTrue,427,0.009999999776482582,0.8232717514038086,0.8184815049171448,0.004790246486663818,0.5818548345058226
DPDK,attributed power,holdout_test_testsize0.2_rs42_shuffleTrue,428,2000.0,0.8169340491294861,0.8238524794578552,0.006918430328369141,0.8468774603949151
DPDK,attributed power,holdout_test_testsize0.2_rs42_shuffleTrue,429,100.0,0.8227019906044006,0.8198241591453552,0.00287783145904541,0.3498024183618666
DPDK,attributed power,holdout_test_testsize0.2_rs42_shuffleTrue,430,2.0,0.8155601620674133,0.8186272978782654,0.0030671358108520508,0.37607719865533656
DPDK,attributed power,holdout_test_testsize0.2_rs42_shuffleTrue,431,20.0,0.8141049146652222,0.8188846707344055,0.00477975606918335,0.5871179479550115
DPDK,attributed power,holdout_test_testsize0.2_rs42_shuffleTrue,432,2.0,0.8211287260055542,0.8186272978782654,0.0025014281272888184,0.3046328849627773
DPDK,attributed power,holdout_test_testsize0.2_rs42_shuffleTrue,433,200.0,0.8265739679336548,0.82100510597229,0.005568861961364746,0.6737282055090964
DPDK,attributed power,holdout_test_testsize0.2_rs42_shuffleTrue,434,100.0,0.8171662092208862,0.8198241591453552,0.002657949924468994,0.32526429684398883
DPDK,attributed power,holdout_test_testsize0.2_rs42_shuffleTrue,435,600.0,0.8209533095359802,0.8223838806152344,0.0014305710792541504,0.17425730094964093
DPDK,attributed power,holdout_test_testsize0.2_rs42_shuffleTrue,436,3000.0,0.8223806619644165,0.8243473172187805,0.0019666552543640137,0.2391417193184327
DPDK,attributed power,holdout_test_testsize0.2_rs42_shuffleTrue,437,4000.0,0.8210415244102478,0.8246984481811523,0.003656923770904541,0.44540058720310166
DPDK,attributed power,holdout_test_testsize0.2_rs42_shuffleTrue,438,200.0,0.8258023262023926,0.82100510597229,0.004797220230102539,0.5809162892726955
DPDK,attributed power,holdout_test_testsize0.2_rs42_shuffleTrue,439,100.0,0.8238192200660706,0.8198241591453552,0.003995060920715332,0.48494388373154573
DPDK,attributed power,holdout_test_testsize0.2_rs42_shuffleTrue,440,6.0,0.8203966617584229,0.818740725517273,0.0016559362411499023,0.20184580439425479
DPDK,attributed power,holdout_test_testsize0.2_rs42_shuffleTrue,441,600.0,0.8226832747459412,0.8223838806152344,0.0002993941307067871,0.03639239302625245
DPDK,attributed power,holdout_test_testsize0.2_rs42_shuffleTrue,442,40.0,0.8150405287742615,0.8189705014228821,0.0039299726486206055,0.4821812547813894
DPDK,attributed power,holdout_test_testsize0.2_rs42_shuffleTrue,443,2000.0,0.819632351398468,0.8238524794578552,0.004220128059387207,0.5148806110674824
DPDK,attributed power,holdout_test_testsize0.2_rs42_shuffleTrue,444,40.0,0.8200961351394653,0.8189705014228821,0.001125633716583252,0.13725631280920828
DPDK,attributed power,holdout_test_testsize0.2_rs42_shuffleTrue,445,0.009999999776482582,0.817801296710968,0.8184815049171448,0.0006802082061767578,0.08317524182370682
DPDK,attributed power,holdout_test_testsize0.2_rs42_shuffleTrue,446,40.0,0.8234619498252869,0.8189705014228821,0.004491448402404785,0.5454348441185086
DPDK,attributed power,holdout_test_testsize0.2_rs42_shuffleTrue,447,200.0,0.8218181729316711,0.82100510597229,0.0008130669593811035,0.09893513993255351
DPDK,attributed power,holdout_test_testsize0.2_rs42_shuffleTrue,448,80.0,0.8178914189338684,0.8195354342460632,0.0016440153121948242,0.20100654856335556
DPDK,attributed power,holdout_test_testsize0.2_rs42_shuffleTrue,449,60.0,0.8266122341156006,0.8192763924598694,0.007335841655731201,0.8874586357386641
DPDK,attributed power,holdout_test_testsize0.2_rs42_shuffleTrue,450,0.10000000149011612,0.827457845211029,0.8184929490089417,0.008964896202087402,1.0834263345223414
DPDK,attributed power,holdout_test_testsize0.2_rs42_shuffleTrue,451,40.0,0.8142837285995483,0.8189705014228821,0.00468677282333374,0.5755699959023275
DPDK,attributed power,holdout_test_testsize0.2_rs42_shuffleTrue,452,3000.0,0.8237470388412476,0.8243473172187805,0.000600278377532959,0.07287168866517098
DPDK,attributed power,holdout_test_testsize0.2_rs42_shuffleTrue,453,5000.0,0.8222578167915344,0.8249708414077759,0.002713024616241455,0.32994816964194135
DPDK,attributed power,holdout_test_testsize0.2_rs42_shuffleTrue,454,20.0,0.8235278129577637,0.8188846707344055,0.004643142223358154,0.5638112217099203
DPDK,attributed power,holdout_test_testsize0.2_rs42_shuffleTrue,455,0.10000000149011612,0.8176751732826233,0.8184929490089417,0.0008177757263183594,0.10001229743044936
DPDK,attributed power,holdout_test_testsize0.2_rs42_shuffleTrue,456,3000.0,0.8226619362831116,0.8243473172187805,0.0016853809356689453,0.20486920098475744
DPDK,attributed power,holdout_test_testsize0.2_rs42_shuffleTrue,457,2000.0,0.8244584798812866,0.8238524794578552,0.0006060004234313965,0.07350284316545015
DPDK,attributed power,holdout_test_testsize0.2_rs42_shuffleTrue,458,6.0,0.8205074667930603,0.818740725517273,0.0017667412757873535,0.2153229979359764
DPDK,attributed power,holdout_test_testsize0.2_rs42_shuffleTrue,459,10.0,0.8160369396209717,0.8188012838363647,0.0027643442153930664,0.3387523384268651
DPDK,attributed power,holdout_test_testsize0.2_rs42_shuffleTrue,460,400.0,0.8251848816871643,0.8218898177146912,0.0032950639724731445,0.39931220816068413
DPDK,attributed power,holdout_test_testsize0.2_rs42_shuffleTrue,461,2000.0,0.8237123489379883,0.8238524794578552,0.00014013051986694336,0.01701206981388752
DPDK,attributed power,holdout_test_testsize0.2_rs42_shuffleTrue,462,10.0,0.8253139853477478,0.8188012838363647,0.006512701511383057,0.7891180359240993
DPDK,attributed power,holdout_test_testsize0.2_rs42_shuffleTrue,463,2000.0,0.8208197951316833,0.8238524794578552,0.003032684326171875,0.36947017410628413
DPDK,attributed power,holdout_test_testsize0.2_rs42_shuffleTrue,464,40.0,0.829073429107666,0.8189705014228821,0.010102927684783936,1.2185805659768574
DPDK,attributed power,holdout_test_testsize0.2_rs42_shuffleTrue,465,0.009999999776482582,0.816239595413208,0.8184815049171448,0.0022419095039367676,0.27466316465594115
DPDK,attributed power,holdout_test_testsize0.2_rs42_shuffleTrue,466,40.0,0.8206915855407715,0.8189705014228821,0.0017210841178894043,0.20971143706260187
DPDK,attributed power,holdout_test_testsize0.2_rs42_shuffleTrue,467,10.0,0.8163213133811951,0.8188012838363647,0.0024799704551696777,0.3037983223661849
DPDK,attributed power,holdout_test_testsize0.2_rs42_shuffleTrue,468,0.009999999776482582,0.8170797824859619,0.8184815049171448,0.0014017224311828613,0.1715527003884647
DPDK,attributed power,holdout_test_testsize0.2_rs42_shuffleTrue,469,5000.0,0.8273411989212036,0.8249708414077759,0.0023703575134277344,0.2865030191314682
DPDK,attributed power,holdout_test_testsize0.2_rs42_shuffleTrue,470,800.0,0.8236773610115051,0.8227345943450928,0.0009427666664123535,0.1144582467648015
DPDK,attributed power,holdout_test_testsize0.2_rs42_shuffleTrue,471,80.0,0.8214676976203918,0.8195354342460632,0.0019322633743286133,0.23522085894867786
DPDK,attributed power,holdout_test_testsize0.2_rs42_shuffleTrue,472,8.0,0.8154779672622681,0.818774402141571,0.0032964348793029785,0.4042334694056551
DPDK,attributed power,holdout_test_testsize0.2_rs42_shuffleTrue,473,8.0,0.8207655549049377,0.818774402141571,0.0019911527633666992,0.242597018291943
DPDK,attributed power,holdout_test_testsize0.2_rs42_shuffleTrue,474,200.0,0.8146857023239136,0.82100510597229,0.006319403648376465,0.775686087327934
DPDK,attributed power,holdout_test_testsize0.2_rs42_shuffleTrue,475,800.0,0.8261744379997253,0.8227345943450928,0.0034398436546325684,0.4163580348674152
DPDK,attributed power,holdout_test_testsize0.2_rs42_shuffleTrue,476,5000.0,0.8254966735839844,0.8249708414077759,0.0005258321762084961,0.06369888493015217
DPDK,attributed power,holdout_test_testsize0.2_rs42_shuffleTrue,477,400.0,0.8169525265693665,0.8218898177146912,0.004937291145324707,0.6043547188791867
DPDK,attributed power,holdout_test_testsize0.2_rs42_shuffleTrue,478,8.0,0.8144556283950806,0.818774402141571,0.0043187737464904785,0.5302650747224629
DPDK,attributed power,holdout_test_testsize0.2_rs42_shuffleTrue,479,40.0,0.8234045505523682,0.8189705014228821,0.004434049129486084,0.5385018975801835
DPDK,attributed power,holdout_test_testsize0.2_rs42_shuffleTrue,480,800.0,0.8189286589622498,0.8227345943450928,0.0038059353828430176,0.4647456577799972
DPDK,attributed power,holdout_test_testsize0.2_rs42_shuffleTrue,481,400.0,0.8194308280944824,0.8218898177146912,0.0024589896202087402,0.3000850756282765
DPDK,attributed power,holdout_test_testsize0.2_rs42_shuffleTrue,482,2.0,0.8198800086975098,0.8186272978782654,0.0012527108192443848,0.1527919702828814
DPDK,attributed power,holdout_test_testsize0.2_rs42_shuffleTrue,483,10.0,0.814761221408844,0.8188012838363647,0.004040062427520752,0.4958584578356441
DPDK,attributed power,holdout_test_testsize0.2_rs42_shuffleTrue,484,40.0,0.8163312673568726,0.8189705014228821,0.0026392340660095215,0.3233042971090482
DPDK,attributed power,holdout_test_testsize0.2_rs42_shuffleTrue,485,200.0,0.8176469802856445,0.82100510597229,0.003358125686645508,0.4107060586797922
DPDK,attributed power,holdout_test_testsize0.2_rs42_shuffleTrue,486,60.0,0.8225752115249634,0.8192763924598694,0.003298819065093994,0.40103555503190386
DPDK,attributed power,holdout_test_testsize0.2_rs42_shuffleTrue,487,80.0,0.8170747756958008,0.8195354342460632,0.002460658550262451,0.30115463400115555
DPDK,attributed power,holdout_test_testsize0.2_rs42_shuffleTrue,488,60.0,0.8178593516349792,0.8192763924598694,0.0014170408248901367,0.1732621656837861
DPDK,attributed power,holdout_test_testsize0.2_rs42_shuffleTrue,489,800.0,0.8242456316947937,0.8227345943450928,0.0015110373497009277,0.1833236709540055
DPDK,attributed power,holdout_test_testsize0.2_rs42_shuffleTrue,490,400.0,0.8263981938362122,0.8218898177146912,0.004508376121520996,0.5455452535045754
DPDK,attributed power,holdout_test_testsize0.2_rs42_shuffleTrue,491,1.0,0.8211016058921814,0.818572998046875,0.0025286078453063965,0.3079530994899098
DPDK,attributed power,holdout_test_testsize0.2_rs42_shuffleTrue,492,0.10000000149011612,0.8143582344055176,0.8184929490089417,0.004134714603424072,0.5077267508005759
DPDK,attributed power,holdout_test_testsize0.2_rs42_shuffleTrue,493,0.10000000149011612,0.8165519833564758,0.8184929490089417,0.0019409656524658203,0.23770264380320144
DPDK,attributed power,holdout_test_testsize0.2_rs42_shuffleTrue,494,200.0,0.8184260129928589,0.82100510597229,0.0025790929794311523,0.3151284219327051
DPDK,attributed power,holdout_test_testsize0.2_rs42_shuffleTrue,495,400.0,0.8190353512763977,0.8218898177146912,0.002854466438293457,0.3485156573333509
DPDK,attributed power,holdout_test_testsize0.2_rs42_shuffleTrue,496,600.0,0.8237745761871338,0.8223838806152344,0.001390695571899414,0.1688199189560197
DPDK,attributed power,holdout_test_testsize0.2_rs42_shuffleTrue,497,0.009999999776482582,0.8152269721031189,0.8184815049171448,0.003254532814025879,0.39921800006565655
DPDK,attributed power,holdout_test_testsize0.2_rs42_shuffleTrue,498,2000.0,0.8172199130058289,0.8238524794578552,0.006632566452026367,0.8116011793730067
DPDK,attributed power,holdout_test_testsize0.2_rs42_shuffleTrue,499,10.0,0.8195645809173584,0.8188012838363647,0.0007632970809936523,0.09313446417355854
DPDK,attributed power,holdout_test_testsize0.2_rs42_shuffleTrue,500,0.009999999776482582,0.8147892355918884,0.8184815049171448,0.0036922693252563477,0.453156370257416
DPDK,attributed power,holdout_test_testsize0.2_rs42_shuffleTrue,501,1.0,0.8122203350067139,0.818572998046875,0.006352663040161133,0.7821354337439264
DPDK,attributed power,holdout_test_testsize0.2_rs42_shuffleTrue,502,6.0,0.821265459060669,0.818740725517273,0.002524733543395996,0.307419911009491
DPDK,attributed power,holdout_test_testsize0.2_rs42_shuffleTrue,503,60.0,0.82939213514328,0.8192763924598694,0.010115742683410645,1.2196574159294529
DPDK,attributed power,holdout_test_testsize0.2_rs42_shuffleTrue,504,40.0,0.8114041686058044,0.8189705014228821,0.007566332817077637,0.932498637525919
DPDK,attributed power,holdout_test_testsize0.2_rs42_shuffleTrue,505,1000.0,0.8190447092056274,0.8230067491531372,0.003962039947509766,0.48373915403866735
DPDK,attributed power,holdout_test_testsize0.2_rs42_shuffleTrue,506,0.009999999776482582,0.8144620060920715,0.8184815049171448,0.004019498825073242,0.4935158171907229
DPDK,attributed power,holdout_test_testsize0.2_rs42_shuffleTrue,507,80.0,0.8197209239006042,0.8195354342460632,0.00018548965454101562,0.022628390850189802
DPDK,attributed power,holdout_test_testsize0.2_rs42_shuffleTrue,508,80.0,0.8121494054794312,0.8195354342460632,0.00738602876663208,0.9094421194917863
DPDK,attributed power,holdout_test_testsize0.2_rs42_shuffleTrue,509,5000.0,0.8265334367752075,0.8249708414077759,0.0015625953674316406,0.18905410209758033
DPDK,attributed power,holdout_test_testsize0.2_rs42_shuffleTrue,510,80.0,0.8194236755371094,0.8195354342460632,0.00011175870895385742,0.0136386965974107
DPDK,attributed power,holdout_test_testsize0.2_rs42_shuffleTrue,511,6.0,0.8112923502922058,0.818740725517273,0.007448375225067139,0.9180876933431498
DPDK,attributed power,holdout_test_testsize0.2_rs42_shuffleTrue,512,4000.0,0.8253046274185181,0.8246984481811523,0.0006061792373657227,0.07344915043815993
DPDK,attributed power,holdout_test_testsize0.2_rs42_shuffleTrue,513,100.0,0.823422372341156,0.8198241591453552,0.0035982131958007812,0.4369826855165879
DPDK,attributed power,holdout_test_testsize0.2_rs42_shuffleTrue,514,60.0,0.8166072368621826,0.8192763924598694,0.0026691555976867676,0.3268591652387274
DPDK,attributed power,holdout_test_testsize0.2_rs42_shuffleTrue,515,800.0,0.8234584331512451,0.8227345943450928,0.0007238388061523438,0.08790228832587543
DPDK,attributed power,holdout_test_testsize0.2_rs42_shuffleTrue,516,0.10000000149011612,0.818068265914917,0.8184929490089417,0.0004246830940246582,0.0519129162833004
DPDK,attributed power,holdout_test_testsize0.2_rs42_shuffleTrue,517,4000.0,0.8240535259246826,0.8246984481811523,0.0006449222564697266,0.07826218032937239
DPDK,attributed power,holdout_test_testsize0.2_rs42_shuffleTrue,518,20.0,0.8134766817092896,0.8188846707344055,0.005407989025115967,0.6647995138290403
DPDK,attributed power,holdout_test_testsize0.2_rs42_shuffleTrue,519,5000.0,0.8219783902168274,0.8249708414077759,0.0029924511909484863,0.36405472778415937
DPDK,attributed power,holdout_test_testsize0.2_rs42_shuffleTrue,520,4000.0,0.8213987350463867,0.8246984481811523,0.003299713134765625,0.4017187991626601
DPDK,attributed power,holdout_test_testsize0.2_rs42_shuffleTrue,521,2000.0,0.8169018626213074,0.8238524794578552,0.0069506168365478516,0.8508508983250981
DPDK,attributed power,holdout_test_testsize0.2_rs42_shuffleTrue,522,400.0,0.8157351016998291,0.8218898177146912,0.0061547160148620605,0.754499346912602
DPDK,attributed power,holdout_test_testsize0.2_rs42_shuffleTrue,523,1.0,0.8170168995857239,0.818572998046875,0.001556098461151123,0.19046098825375063
DPDK,attributed power,holdout_test_testsize0.2_rs42_shuffleTrue,524,400.0,0.8174995183944702,0.8218898177146912,0.004390299320220947,0.537039988579233
DPDK,attributed power,holdout_test_testsize0.2_rs42_shuffleTrue,525,0.10000000149011612,0.8224619030952454,0.8184929490089417,0.003968954086303711,0.4825699611577128
DPDK,attributed power,holdout_test_testsize0.2_rs42_shuffleTrue,526,4000.0,0.8235660195350647,0.8246984481811523,0.0011324286460876465,0.13750308041205328
DPDK,attributed power,holdout_test_testsize0.2_rs42_shuffleTrue,527,0.009999999776482582,0.8222494125366211,0.8184815049171448,0.0037679076194763184,0.4582438809962062
DPDK,attributed power,holdout_test_testsize0.2_rs42_shuffleTrue,528,2000.0,0.8362851738929749,0.8238524794578552,0.012432694435119629,1.4866572818987611
DPDK,attributed power,holdout_test_testsize0.2_rs42_shuffleTrue,529,6.0,0.8164322972297668,0.818740725517273,0.0023084282875061035,0.28274583150848176
DPDK,attributed power,holdout_test_testsize0.2_rs42_shuffleTrue,530,60.0,0.8214327692985535,0.8192763924598694,0.002156376838684082,0.26251409966581657
DPDK,attributed power,holdout_test_testsize0.2_rs42_shuffleTrue,531,0.10000000149011612,0.8164700865745544,0.8184929490089417,0.002022862434387207,0.24775707863027668
DPDK,attributed power,holdout_test_testsize0.2_rs42_shuffleTrue,532,100.0,0.8159967064857483,0.8198241591453552,0.0038274526596069336,0.46905246420547675
DPDK,attributed power,holdout_test_testsize0.2_rs42_shuffleTrue,533,2.0,0.8160540461540222,0.8186272978782654,0.002573251724243164,0.31532859084157866
DPDK,attributed power,holdout_test_testsize0.2_rs42_shuffleTrue,534,5000.0,0.8244349360466003,0.8249708414077759,0.0005359053611755371,0.06500274766925278
DPDK,attributed power,holdout_test_testsize0.2_rs42_shuffleTrue,535,4.0,0.8131943941116333,0.8186956644058228,0.005501270294189453,0.6765012565291064
DPDK,attributed power,holdout_test_testsize0.2_rs42_shuffleTrue,536,100.0,0.8164882063865662,0.8198241591453552,0.0033359527587890625,0.40857329385718727
DPDK,attributed power,holdout_test_testsize0.2_rs42_shuffleTrue,537,3000.0,0.8204259872436523,0.8243473172187805,0.003921329975128174,0.47796267257482744
DPDK,attributed power,holdout_test_testsize0.2_rs42_shuffleTrue,538,1.0,0.8206333518028259,0.818572998046875,0.0020603537559509277,0.2510687326349332
DPDK,attributed power,holdout_test_testsize0.2_rs42_shuffleTrue,539,400.0,0.8228806853294373,0.8218898177146912,0.0009908676147460938,0.12041449415590591
DPDK,attributed power,holdout_test_testsize0.2_rs42_shuffleTrue,540,8.0,0.8197616934776306,0.818774402141571,0.0009872913360595703,0.12043638339225607
DPDK,attributed power,holdout_test_testsize0.2_rs42_shuffleTrue,541,60.0,0.8204110860824585,0.8192763924598694,0.0011346936225891113,0.1383079338929197
DPDK,attributed power,holdout_test_testsize0.2_rs42_shuffleTrue,542,4000.0,0.8248842358589172,0.8246984481811523,0.00018578767776489258,0.02252287893117992
DPDK,attributed power,holdout_test_testsize0.2_rs42_shuffleTrue,543,600.0,0.8265747427940369,0.8223838806152344,0.00419086217880249,0.5070155137618033
DPDK,attributed power,holdout_test_testsize0.2_rs42_shuffleTrue,544,800.0,0.822413980960846,0.8227345943450928,0.00032061338424682617,0.03898442775404254
DPDK,attributed power,holdout_test_testsize0.2_rs42_shuffleTrue,545,5000.0,0.8247741460800171,0.8249708414077759,0.00019669532775878906,0.02384838670000045
DPDK,attributed power,holdout_test_testsize0.2_rs42_shuffleTrue,546,1000.0,0.8287210464477539,0.8230067491531372,0.005714297294616699,0.6895320589612843
DPDK,attributed power,holdout_test_testsize0.2_rs42_shuffleTrue,547,8.0,0.8202359676361084,0.818774402141571,0.0014615654945373535,0.17818841799263382
DPDK,attributed power,holdout_test_testsize0.2_rs42_shuffleTrue,548,4000.0,0.8257324695587158,0.8246984481811523,0.0010340213775634766,0.12522474477915027
DPDK,attributed power,holdout_test_testsize0.2_rs42_shuffleTrue,549,60.0,0.8189824223518372,0.8192763924598694,0.00029397010803222656,0.035894556465332315
DPDK,attributed power,holdout_test_testsize0.2_rs42_shuffleTrue,550,3000.0,0.8238599300384521,0.8243473172187805,0.00048738718032836914,0.05915898595840451
DPDK,attributed power,holdout_test_testsize0.2_rs42_shuffleTrue,551,0.10000000149011612,0.8150728940963745,0.8184929490089417,0.0034200549125671387,0.41960111019993634
DPDK,attributed power,holdout_test_testsize0.2_rs42_shuffleTrue,552,20.0,0.8118828535079956,0.8188846707344055,0.007001817226409912,0.8624171820055512
DPDK,attributed power,holdout_test_testsize0.2_rs42_shuffleTrue,553,800.0,0.8273345828056335,0.8227345943450928,0.0045999884605407715,0.5560009887343789
DPDK,attributed power,holdout_test_testsize0.2_rs42_shuffleTrue,554,2.0,0.8217297792434692,0.8186272978782654,0.0031024813652038574,0.37755493880971147
DPDK,attributed power,holdout_test_testsize0.2_rs42_shuffleTrue,555,4.0,0.8163949251174927,0.8186956644058228,0.002300739288330078,0.28181695127501727
DPDK,attributed power,holdout_test_testsize0.2_rs42_shuffleTrue,556,2000.0,0.8251281976699829,0.8238524794578552,0.0012757182121276855,0.15460848577591818
DPDK,attributed power,holdout_test_testsize0.2_rs42_shuffleTrue,557,8.0,0.8205371499061584,0.818774402141571,0.0017627477645874023,0.21482851383255477
DPDK,attributed power,holdout_test_testsize0.2_rs42_shuffleTrue,558,80.0,0.8262874484062195,0.8195354342460632,0.00675201416015625,0.8171507594820471
DPDK,attributed power,holdout_test_testsize0.2_rs42_shuffleTrue,559,800.0,0.823580265045166,0.8227345943450928,0.0008456707000732422,0.10268224433800203
DPDK,attributed power,holdout_test_testsize0.2_rs42_shuffleTrue,560,5000.0,0.830048143863678,0.8249708414077759,0.0050773024559021,0.6116877067236675
DPDK,attributed power,holdout_test_testsize0.2_rs42_shuffleTrue,561,200.0,0.823720395565033,0.82100510597229,0.00271528959274292,0.32963729044008444
DPDK,attributed power,holdout_test_testsize0.2_rs42_shuffleTrue,562,0.009999999776482582,0.8170140385627747,0.8184815049171448,0.0014674663543701172,0.17961335853562146
DPDK,attributed power,holdout_test_testsize0.2_rs42_shuffleTrue,563,400.0,0.8192127346992493,0.8218898177146912,0.0026770830154418945,0.3267872802813191
DPDK,attributed power,holdout_test_testsize0.2_rs42_shuffleTrue,564,20.0,0.81381756067276,0.8188846707344055,0.005067110061645508,0.6226346427639963
DPDK,attributed power,holdout_test_testsize0.2_rs42_shuffleTrue,565,10.0,0.819424569606781,0.8188012838363647,0.0006232857704162598,0.07606383717727151
DPDK,attributed power,holdout_test_testsize0.2_rs42_shuffleTrue,566,600.0,0.8240295052528381,0.8223838806152344,0.0016456246376037598,0.19970457697371288
DPDK,attributed power,holdout_test_testsize0.2_rs42_shuffleTrue,567,1000.0,0.8260539174079895,0.8230067491531372,0.003047168254852295,0.36888248946434005
DPDK,attributed power,holdout_test_testsize0.2_rs42_shuffleTrue,568,100.0,0.8210799098014832,0.8198241591453552,0.0012557506561279297,0.15293890900722917
DPDK,attributed power,holdout_test_testsize0.2_rs42_shuffleTrue,569,1.0,0.8227753043174744,0.818572998046875,0.004202306270599365,0.5107477398200897
DPDK,attributed power,holdout_test_testsize0.2_rs42_shuffleTrue,570,60.0,0.8139922022819519,0.8192763924598694,0.0052841901779174805,0.6491696312450834
DPDK,attributed power,holdout_test_testsize0.2_rs42_shuffleTrue,571,0.10000000149011612,0.8162851929664612,0.8184929490089417,0.0022077560424804688,0.27046381111695345
DPDK,attributed power,holdout_test_testsize0.2_rs42_shuffleTrue,572,8.0,0.815977931022644,0.818774402141571,0.002796471118927002,0.34271406279606814
DPDK,attributed power,holdout_test_testsize0.2_rs42_shuffleTrue,573,400.0,0.8170795440673828,0.8218898177146912,0.00481027364730835,0.5887154662278091
DPDK,attributed power,holdout_test_testsize0.2_rs42_shuffleTrue,574,10.0,0.8134048581123352,0.8188012838363647,0.005396425724029541,0.663436623252165
DPDK,attributed power,holdout_test_testsize0.2_rs42_shuffleTrue,575,400.0,0.8201315999031067,0.8218898177146912,0.0017582178115844727,0.2143824005552517
DPDK,attributed power,holdout_test_testsize0.2_rs42_shuffleTrue,576,6.0,0.8297486901283264,0.818740725517273,0.011007964611053467,1.3266624873310748
DPDK,attributed power,holdout_test_testsize0.2_rs42_shuffleTrue,577,5000.0,0.8236799836158752,0.8249708414077759,0.0012908577919006348,0.15671836363364014
DPDK,attributed power,holdout_test_testsize0.2_rs42_shuffleTrue,578,100.0,0.8164870142936707,0.8198241591453552,0.0033371448516845703,0.4087198930617995
DPDK,attributed power,holdout_test_testsize0.2_rs42_shuffleTrue,579,100.0,0.8163502812385559,0.8198241591453552,0.0034738779067993164,0.42553766277005434
DPDK,attributed power,holdout_test_testsize0.2_rs42_shuffleTrue,580,2.0,0.8171728849411011,0.8186272978782654,0.0014544129371643066,0.17798105688114402
DPDK,attributed power,holdout_test_testsize0.2_rs42_shuffleTrue,581,0.009999999776482582,0.8235810399055481,0.8184815049171448,0.00509953498840332,0.6191904307301874
DPDK,attributed power,holdout_test_testsize0.2_rs42_shuffleTrue,582,4000.0,0.825329065322876,0.8246984481811523,0.0006306171417236328,0.07640796480091608
DPDK,attributed power,holdout_test_testsize0.2_rs42_shuffleTrue,583,1000.0,0.8209804892539978,0.8230067491531372,0.0020262598991394043,0.24680975073848713
DPDK,attributed power,holdout_test_testsize0.2_rs42_shuffleTrue,584,800.0,0.8203104138374329,0.8227345943450928,0.002424180507659912,0.2955198991464139
DPDK,attributed power,holdout_test_testsize0.2_rs42_shuffleTrue,585,80.0,0.82646244764328,0.8195354342460632,0.006927013397216797,0.8381522254241192
DPDK,attributed power,holdout_test_testsize0.2_rs42_shuffleTrue,586,0.009999999776482582,0.8257940411567688,0.8184815049171448,0.0073125362396240234,0.885515743051458
DPDK,attributed power,holdout_test_testsize0.2_rs42_shuffleTrue,587,4000.0,0.8281029462814331,0.8246984481811523,0.0034044981002807617,0.4111201530641256
DPDK,attributed power,holdout_test_testsize0.2_rs42_shuffleTrue,588,0.009999999776482582,0.8186075687408447,0.8184815049171448,0.00012606382369995117,0.015399787213531193
DPDK,attributed power,holdout_test_testsize0.2_rs42_shuffleTrue,589,2.0,0.8179413080215454,0.8186272978782654,0.0006859898567199707,0.08386785824269692
DPDK,attributed power,holdout_test_testsize0.2_rs42_shuffleTrue,590,40.0,0.817817747592926,0.8189705014228821,0.0011527538299560547,0.14095485618268158
DPDK,attributed power,holdout_test_testsize0.2_rs42_shuffleTrue,591,8.0,0.8230186104774475,0.818774402141571,0.004244208335876465,0.5156880150516069
DPDK,attributed power,holdout_test_testsize0.2_rs42_shuffleTrue,592,80.0,0.826343834400177,0.8195354342460632,0.0068084001541137695,0.8239185519010767
DPDK,attributed power,holdout_test_testsize0.2_rs42_shuffleTrue,593,4000.0,0.8264486193656921,0.8246984481811523,0.001750171184539795,0.21177011414007435
DPDK,attributed power,holdout_test_testsize0.2_rs42_shuffleTrue,594,100.0,0.8146633505821228,0.8198241591453552,0.005160808563232422,0.6334897181203418
DPDK,attributed power,holdout_test_testsize0.2_rs42_shuffleTrue,595,2.0,0.8184500932693481,0.8186272978782654,0.00017720460891723633,0.021651241825800503
DPDK,attributed power,holdout_test_testsize0.2_rs42_shuffleTrue,596,0.10000000149011612,0.815937876701355,0.8184929490089417,0.00255507230758667,0.31314544655240506
DPDK,attributed power,holdout_test_testsize0.2_rs42_shuffleTrue,597,4000.0,0.8219206929206848,0.8246984481811523,0.0027777552604675293,0.33795903721523435
DPDK,attributed power,holdout_test_testsize0.2_rs42_shuffleTrue,598,10.0,0.8143296241760254,0.8188012838363647,0.0044716596603393555,0.5491215752913297
DPDK,attributed power,holdout_test_testsize0.2_rs42_shuffleTrue,599,400.0,0.8205752968788147,0.8218898177146912,0.0013145208358764648,0.1601950291309583
DPDK,attributed power,holdout_test_testsize0.2_rs42_shuffleTrue,600,3000.0,0.8272526264190674,0.8243473172187805,0.0029053092002868652,0.35119975537135395
DPDK,attributed power,holdout_test_testsize0.2_rs42_shuffleTrue,601,8.0,0.8213509917259216,0.818774402141571,0.002576589584350586,0.3137014029698004
DPDK,attributed power,holdout_test_testsize0.2_rs42_shuffleTrue,602,0.009999999776482582,0.8088013529777527,0.8184815049171448,0.00968015193939209,1.1968516006746044
DPDK,attributed power,holdout_test_testsize0.2_rs42_shuffleTrue,603,20.0,0.8215004801750183,0.8188846707344055,0.002615809440612793,0.31841849198377853
DPDK,attributed power,holdout_test_testsize0.2_rs42_shuffleTrue,604,80.0,0.8147295117378235,0.8195354342460632,0.004805922508239746,0.5898795169440568
DPDK,attributed power,holdout_test_testsize0.2_rs42_shuffleTrue,605,40.0,0.8137651085853577,0.8189705014228821,0.005205392837524414,0.6396677349036781
DPDK,attributed power,holdout_test_testsize0.2_rs42_shuffleTrue,606,10.0,0.8195536732673645,0.8188012838363647,0.0007523894309997559,0.09180477808124013
DPDK,attributed power,holdout_test_testsize0.2_rs42_shuffleTrue,607,40.0,0.8137324452400208,0.8189705014228821,0.005238056182861328,0.6437074266242754
DPDK,attributed power,holdout_test_testsize0.2_rs42_shuffleTrue,608,800.0,0.8182348012924194,0.8227345943450928,0.00449979305267334,0.5499390939576049
DPDK,attributed power,holdout_test_testsize0.2_rs42_shuffleTrue,609,800.0,0.8254709839820862,0.8227345943450928,0.002736389636993408,0.33149434566349234
DPDK,attributed power,holdout_test_testsize0.2_rs42_shuffleTrue,610,4.0,0.8138993978500366,0.8186956644058228,0.004796266555786133,0.589294766460788
DPDK,attributed power,holdout_test_testsize0.2_rs42_shuffleTrue,611,3000.0,0.8256502151489258,0.8243473172187805,0.0013028979301452637,0.1578026513213292
DPDK,attributed power,holdout_test_testsize0.2_rs42_shuffleTrue,612,1000.0,0.8202924132347107,0.8230067491531372,0.0027143359184265137,0.33089857648724336
DPDK,attributed power,holdout_test_testsize0.2_rs42_shuffleTrue,613,0.10000000149011612,0.8146993517875671,0.8184929490089417,0.0037935972213745117,0.4656438246883118
DPDK,attributed power,holdout_test_testsize0.2_rs42_shuffleTrue,614,60.0,0.8276340365409851,0.8192763924598694,0.008357644081115723,1.009823631232673
DPDK,attributed power,holdout_test_testsize0.2_rs42_shuffleTrue,615,0.10000000149011612,0.8220646381378174,0.8184929490089417,0.0035716891288757324,0.43447789421601984
DPDK,attributed power,holdout_test_testsize0.2_rs42_shuffleTrue,616,10.0,0.8149058222770691,0.8188012838363647,0.0038954615592956543,0.4780259819976095
DPDK,attributed power,holdout_test_testsize0.2_rs42_shuffleTrue,617,4000.0,0.8233543038368225,0.8246984481811523,0.001344144344329834,0.16325224002183936
DPDK,attributed power,holdout_test_testsize0.2_rs42_shuffleTrue,618,10.0,0.8228779435157776,0.8188012838363647,0.004076659679412842,0.4954148682118221
DPDK,attributed power,holdout_test_testsize0.2_rs42_shuffleTrue,619,200.0,0.8269862532615662,0.82100510597229,0.005981147289276123,0.7232462771523671
DPDK,attributed power,holdout_test_testsize0.2_rs42_shuffleTrue,620,200.0,0.8233839869499207,0.82100510597229,0.0023788809776306152,0.2889151374491452
DPDK,attributed power,holdout_test_testsize0.2_rs42_shuffleTrue,621,2000.0,0.8237088918685913,0.8238524794578552,0.00014358758926391602,0.01743183674249118
DPDK,attributed power,holdout_test_testsize0.2_rs42_shuffleTrue,622,6.0,0.8210205435752869,0.818740725517273,0.002279818058013916,0.27768100029336945
DPDK,attributed power,holdout_test_testsize0.2_rs42_shuffleTrue,623,4.0,0.8204464316368103,0.8186956644058228,0.0017507672309875488,0.2133920221329656
DPDK,attributed power,holdout_test_testsize0.2_rs42_shuffleTrue,624,60.0,0.8215752840042114,0.8192763924598694,0.002298891544342041,0.27981508074800565
DPDK,attributed power,holdout_test_testsize0.2_rs42_shuffleTrue,625,800.0,0.8240828514099121,0.8227345943450928,0.001348257064819336,0.16360697987012124
DPDK,attributed power,holdout_test_testsize0.2_rs42_shuffleTrue,626,60.0,0.8188410997390747,0.8192763924598694,0.00043529272079467773,0.053159608247971994
DPDK,attributed power,holdout_test_testsize0.2_rs42_shuffleTrue,627,200.0,0.8205605745315552,0.82100510597229,0.0004445314407348633,0.0541741163945927
DPDK,attributed power,holdout_test_testsize0.2_rs42_shuffleTrue,628,400.0,0.8197092413902283,0.8218898177146912,0.0021805763244628906,0.266018267741453
DPDK,attributed power,holdout_test_testsize0.2_rs42_shuffleTrue,629,4.0,0.8242433071136475,0.8186956644058228,0.005547642707824707,0.6730588722948275
DPDK,attributed power,holdout_test_testsize0.2_rs42_shuffleTrue,630,2.0,0.8257689476013184,0.8186272978782654,0.0071416497230529785,0.8648484232542213
DPDK,attributed power,holdout_test_testsize0.2_rs42_shuffleTrue,631,10.0,0.8193079233169556,0.8188012838363647,0.0005066394805908203,0.061837493105119525
DPDK,attributed power,holdout_test_testsize0.2_rs42_shuffleTrue,632,2.0,0.8263373970985413,0.8186272978782654,0.007710099220275879,0.9330449338669401
DPDK,attributed power,holdout_test_testsize0.2_rs42_shuffleTrue,633,5000.0,0.8243372440338135,0.8249708414077759,0.0006335973739624023,0.07686142759508909
DPDK,attributed power,holdout_test_testsize0.2_rs42_shuffleTrue,634,400.0,0.8198941946029663,0.8218898177146912,0.0019956231117248535,0.2434000783102549
DPDK,attributed power,holdout_test_testsize0.2_rs42_shuffleTrue,635,0.10000000149011612,0.8161004781723022,0.8184929490089417,0.0023924708366394043,0.29315885735019565
DPDK,attributed power,holdout_test_testsize0.2_rs42_shuffleTrue,636,80.0,0.8204542994499207,0.8195354342460632,0.0009188652038574219,0.1119946844660917
DPDK,attributed power,holdout_test_testsize0.2_rs42_shuffleTrue,637,200.0,0.8224368691444397,0.82100510597229,0.0014317631721496582,0.1740879118951811
DPDK,attributed power,holdout_test_testsize0.2_rs42_shuffleTrue,638,4.0,0.8167920112609863,0.8186956644058228,0.0019036531448364258,0.23306461358473782
DPDK,attributed power,holdout_test_testsize0.2_rs42_shuffleTrue,639,5000.0,0.8229325413703918,0.8249708414077759,0.002038300037384033,0.24768737835907492
DPDK,attributed power,holdout_test_testsize0.2_rs42_shuffleTrue,640,100.0,0.8183362483978271,0.8198241591453552,0.0014879107475280762,0.18182143959053138
DPDK,attributed power,holdout_test_testsize0.2_rs42_shuffleTrue,641,1000.0,0.821184515953064,0.8230067491531372,0.0018222332000732422,0.22190301505604554
DPDK,attributed power,holdout_test_testsize0.2_rs42_shuffleTrue,642,0.10000000149011612,0.8164889216423035,0.8184929490089417,0.0020040273666381836,0.24544452637608843
DPDK,attributed power,holdout_test_testsize0.2_rs42_shuffleTrue,643,8.0,0.8162397742271423,0.818774402141571,0.002534627914428711,0.31052492104156854
DPDK,attributed power,holdout_test_testsize0.2_rs42_shuffleTrue,644,20.0,0.8231157064437866,0.8188846707344055,0.0042310357093811035,0.5140268465609769
DPDK,attributed power,holdout_test_testsize0.2_rs42_shuffleTrue,645,800.0,0.8232201933860779,0.8227345943450928,0.0004855990409851074,0.05898774652110225
DPDK,attributed power,holdout_test_testsize0.2_rs42_shuffleTrue,646,80.0,0.8203116655349731,0.8195354342460632,0.0007762312889099121,0.0946263867165276
DPDK,attributed power,holdout_test_testsize0.2_rs42_shuffleTrue,647,40.0,0.8261757493019104,0.8189705014228821,0.00720524787902832,0.872120476196076
DPDK,attributed power,holdout_test_testsize0.2_rs42_shuffleTrue,648,8.0,0.8111008405685425,0.818774402141571,0.0076735615730285645,0.9460675158035552
DPDK,attributed power,holdout_test_testsize0.2_rs42_shuffleTrue,649,200.0,0.8162336349487305,0.82100510597229,0.00477147102355957,0.5845717230041956
DPDK,attributed power,holdout_test_testsize0.2_rs42_shuffleTrue,650,0.009999999776482582,0.8164255023002625,0.8184815049171448,0.0020560026168823242,0.25182978864447253
DPDK,attributed power,holdout_test_testsize0.2_rs42_shuffleTrue,651,3000.0,0.8271896243095398,0.8243473172187805,0.0028423070907592773,0.3436100994535284
DPDK,attributed power,holdout_test_testsize0.2_rs42_shuffleTrue,652,600.0,0.8191714286804199,0.8223838806152344,0.003212451934814453,0.3921586889314855
DPDK,attributed power,holdout_test_testsize0.2_rs42_shuffleTrue,653,10.0,0.8150835037231445,0.8188012838363647,0.003717780113220215,0.45612260538191624
DPDK,attributed power,holdout_test_testsize0.2_rs42_shuffleTrue,654,100.0,0.8204454779624939,0.8198241591453552,0.0006213188171386719,0.07572944623714228
DPDK,attributed power,holdout_test_testsize0.2_rs42_shuffleTrue,655,10.0,0.8157706260681152,0.8188012838363647,0.0030306577682495117,0.37150856765421925
DPDK,attributed power,holdout_test_testsize0.2_rs42_shuffleTrue,656,2.0,0.8181272149085999,0.8186272978782654,0.0005000829696655273,0.0611253311896483
DPDK,attributed power,holdout_test_testsize0.2_rs42_shuffleTrue,657,200.0,0.8171816468238831,0.82100510597229,0.0038234591484069824,0.4678836294558883
DPDK,attributed power,holdout_test_testsize0.2_rs42_shuffleTrue,658,80.0,0.808358371257782,0.8195354342460632,0.01117706298828125,1.3826866134744256
DPDK,attributed power,holdout_test_testsize0.2_rs42_shuffleTrue,659,60.0,0.8196369409561157,0.8192763924598694,0.0003605484962463379,0.043988805070907855
DPDK,attributed power,holdout_test_testsize0.2_rs42_shuffleTrue,660,600.0,0.8271333575248718,0.8223838806152344,0.004749476909637451,0.5742093299017547
DPDK,attributed power,holdout_test_testsize0.2_rs42_shuffleTrue,661,1000.0,0.8230140805244446,0.8230067491531372,7.331371307373047e-06,0.000890795368008931
DPDK,attributed power,holdout_test_testsize0.2_rs42_shuffleTrue,662,2000.0,0.8190820217132568,0.8238524794578552,0.004770457744598389,0.5824151450205343
DPDK,attributed power,holdout_test_testsize0.2_rs42_shuffleTrue,663,600.0,0.8158326148986816,0.8223838806152344,0.006551265716552734,0.8030159124450225
DPDK,attributed power,holdout_test_testsize0.2_rs42_shuffleTrue,664,800.0,0.8203439712524414,0.8227345943450928,0.002390623092651367,0.29141715870740637
DPDK,attributed power,holdout_test_testsize0.2_rs42_shuffleTrue,665,60.0,0.8234813809394836,0.8192763924598694,0.004204988479614258,0.51063552582293
DPDK,attributed power,holdout_test_testsize0.2_rs42_shuffleTrue,666,40.0,0.8241074085235596,0.8189705014228821,0.00513690710067749,0.6233298047739412
DPDK,attributed power,holdout_test_testsize0.2_rs42_shuffleTrue,667,80.0,0.8201085925102234,0.8195354342460632,0.0005731582641601562,0.0698880940151851
DPDK,attributed power,holdout_test_testsize0.2_rs42_shuffleTrue,668,0.009999999776482582,0.8185644149780273,0.8184815049171448,8.291006088256836e-05,0.010128715512852328
DPDK,attributed power,holdout_test_testsize0.2_rs42_shuffleTrue,669,80.0,0.8194237947463989,0.8195354342460632,0.00011163949966430664,0.013624146672340362
DPDK,attributed power,holdout_test_testsize0.2_rs42_shuffleTrue,670,6.0,0.8214915990829468,0.818740725517273,0.002750873565673828,0.33486326199132194
DPDK,attributed power,holdout_test_testsize0.2_rs42_shuffleTrue,671,1000.0,0.8266113996505737,0.8230067491531372,0.0036046504974365234,0.43607558508874744
DPDK,attributed power,holdout_test_testsize0.2_rs42_shuffleTrue,672,1.0,0.8235722780227661,0.818572998046875,0.004999279975891113,0.6070238289095152
DPDK,attributed power,holdout_test_testsize0.2_rs42_shuffleTrue,673,400.0,0.8222686648368835,0.8218898177146912,0.0003788471221923828,0.046073398925828714
DPDK,attributed power,holdout_test_testsize0.2_rs42_shuffleTrue,674,8.0,0.8186331987380981,0.818774402141571,0.0001412034034729004,0.017248677880467318
DPDK,attributed power,holdout_test_testsize0.2_rs42_shuffleTrue,675,6.0,0.8071474432945251,0.818740725517273,0.011593282222747803,1.4363276894525772
DPDK,attributed power,holdout_test_testsize0.2_rs42_shuffleTrue,676,1.0,0.8190165758132935,0.818572998046875,0.00044357776641845703,0.054159803295553435
DPDK,attributed power,holdout_test_testsize0.2_rs42_shuffleTrue,677,600.0,0.8193238973617554,0.8223838806152344,0.003059983253479004,0.3734766266835657
DPDK,attributed power,holdout_test_testsize0.2_rs42_shuffleTrue,678,2000.0,0.8262751698493958,0.8238524794578552,0.0024226903915405273,0.2932062441114028
DPDK,attributed power,holdout_test_testsize0.2_rs42_shuffleTrue,679,4000.0,0.819797694683075,0.8246984481811523,0.004900753498077393,0.5978003512161585
DPDK,attributed power,holdout_test_testsize0.2_rs42_shuffleTrue,680,100.0,0.8256517648696899,0.8198241591453552,0.005827605724334717,0.7058188418278825
DPDK,attributed power,holdout_test_testsize0.2_rs42_shuffleTrue,681,20.0,0.8283878564834595,0.8188846707344055,0.009503185749053955,1.147190374010958
DPDK,attributed power,holdout_test_testsize0.2_rs42_shuffleTrue,682,5000.0,0.8242805600166321,0.8249708414077759,0.0006902813911437988,0.08374350004443518
DPDK,attributed power,holdout_test_testsize0.2_rs42_shuffleTrue,683,4.0,0.8242900967597961,0.8186956644058228,0.005594432353973389,0.6786970237741003
DPDK,attributed power,holdout_test_testsize0.2_rs42_shuffleTrue,684,600.0,0.8301520347595215,0.8223838806152344,0.007768154144287109,0.9357507804624474
DPDK,attributed power,holdout_test_testsize0.2_rs42_shuffleTrue,685,4.0,0.8200765252113342,0.8186956644058228,0.0013808608055114746,0.16838194522829755
DPDK,attributed power,holdout_test_testsize0.2_rs42_shuffleTrue,686,3000.0,0.8243873715400696,0.8243473172187805,4.00543212890625e-05,0.00485867720344084
DPDK,attributed power,holdout_test_testsize0.2_rs42_shuffleTrue,687,1.0,0.8202326893806458,0.818572998046875,0.001659691333770752,0.20234396351893483
DPDK,attributed power,holdout_test_testsize0.2_rs42_shuffleTrue,688,2000.0,0.8219001293182373,0.8238524794578552,0.00195235013961792,0.23754104300207204
DPDK,attributed power,holdout_test_testsize0.2_rs42_shuffleTrue,689,60.0,0.812391459941864,0.8192763924598694,0.006884932518005371,0.8474895241387775
DPDK,attributed power,holdout_test_testsize0.2_rs42_shuffleTrue,690,800.0,0.8223969340324402,0.8227345943450928,0.0003376603126525879,0.04105807046202687
DPDK,attributed power,holdout_test_testsize0.2_rs42_shuffleTrue,691,6.0,0.8137105107307434,0.818740725517273,0.005030214786529541,0.6181823535758699
DPDK,attributed power,holdout_test_testsize0.2_rs42_shuffleTrue,692,40.0,0.8270142674446106,0.8189705014228821,0.008043766021728516,0.9726272373248082
DPDK,attributed power,holdout_test_testsize0.2_rs42_shuffleTrue,693,100.0,0.8233531713485718,0.8198241591453552,0.0035290122032165527,0.4286146365886193
DPDK,attributed power,holdout_test_testsize0.2_rs42_shuffleTrue,694,2.0,0.8217473030090332,0.8186272978782654,0.0031200051307678223,0.37967938797525025
DPDK,attributed power,holdout_test_testsize0.2_rs42_shuffleTrue,695,4.0,0.8281384110450745,0.8186956644058228,0.009442746639251709,1.1402377324021689
DPDK,attributed power,holdout_test_testsize0.2_rs42_shuffleTrue,696,10.0,0.8175771236419678,0.8188012838363647,0.0012241601943969727,0.14973024060945414
DPDK,attributed power,holdout_test_testsize0.2_rs42_shuffleTrue,697,2000.0,0.8243967294692993,0.8238524794578552,0.0005442500114440918,0.06601797314194219
DPDK,attributed power,holdout_test_testsize0.2_rs42_shuffleTrue,698,5000.0,0.8215808272361755,0.8249708414077759,0.003390014171600342,0.4126208961088417
DPDK,attributed power,holdout_test_testsize0.2_rs42_shuffleTrue,699,200.0,0.8176359534263611,0.82100510597229,0.003369152545928955,0.412060224579201
DPDK,attributed power,holdout_test_testsize0.2_rs42_shuffleTrue,700,60.0,0.8178659081459045,0.8192763924598694,0.0014104843139648438,0.17245911584240017
DPDK,attributed power,holdout_test_testsize0.2_rs42_shuffleTrue,701,8.0,0.822898268699646,0.818774402141571,0.004123866558074951,0.5011392920526538
DPDK,attributed power,holdout_test_testsize0.2_rs42_shuffleTrue,702,800.0,0.8198302984237671,0.8227345943450928,0.0029042959213256836,0.3542557437691165
DPDK,attributed power,holdout_test_testsize0.2_rs42_shuffleTrue,703,8.0,0.8134013414382935,0.818774402141571,0.005373060703277588,0.6605669833020802
DPDK,attributed power,holdout_test_testsize0.2_rs42_shuffleTrue,704,8.0,0.8162003755569458,0.818774402141571,0.002574026584625244,0.3153669934136971
DPDK,attributed power,holdout_test_testsize0.2_rs42_shuffleTrue,705,100.0,0.8258998394012451,0.8198241591453552,0.006075680255889893,0.7356437144114951
DPDK,attributed power,holdout_test_testsize0.2_rs42_shuffleTrue,706,600.0,0.8222690224647522,0.8223838806152344,0.00011485815048217773,0.013968439445510222
DPDK,attributed power,holdout_test_testsize0.2_rs42_shuffleTrue,707,2.0,0.8221369981765747,0.8186272978782654,0.003509700298309326,0.42689969020899476
DPDK,attributed power,holdout_test_testsize0.2_rs42_shuffleTrue,708,80.0,0.8181110620498657,0.8195354342460632,0.0014243721961975098,0.1741049916411827
DPDK,attributed power,holdout_test_testsize0.2_rs42_shuffleTrue,709,10.0,0.8182327747344971,0.8188012838363647,0.0005685091018676758,0.06948011854599048
DPDK,attributed power,holdout_test_testsize0.2_rs42_shuffleTrue,710,1.0,0.823071300983429,0.818572998046875,0.004498302936553955,0.5465265197777223
DPDK,attributed power,holdout_test_testsize0.2_rs42_shuffleTrue,711,80.0,0.8241855502128601,0.8195354342460632,0.004650115966796875,0.5642074124686974
DPDK,attributed power,holdout_test_testsize0.2_rs42_shuffleTrue,712,4000.0,0.8226868510246277,0.8246984481811523,0.002011597156524658,0.2445155351661795
DPDK,attributed power,holdout_test_testsize0.2_rs42_shuffleTrue,713,1.0,0.8172516226768494,0.818572998046875,0.0013213753700256348,0.16168525498885694
DPDK,attributed power,holdout_test_testsize0.2_rs42_shuffleTrue,714,200.0,0.8180997967720032,0.82100510597229,0.0029053092002868652,0.3551289478069077
DPDK,attributed power,holdout_test_testsize0.2_rs42_shuffleTrue,715,600.0,0.8198520541191101,0.8223838806152344,0.0025318264961242676,0.3088150457639077
DPDK,attributed power,holdout_test_testsize0.2_rs42_shuffleTrue,716,100.0,0.8203493356704712,0.8198241591453552,0.0005251765251159668,0.06401864453108141
DPDK,attributed power,holdout_test_testsize0.2_rs42_shuffleTrue,717,600.0,0.8240567445755005,0.8223838806152344,0.0016728639602661133,0.20300349111611996
DPDK,attributed power,holdout_test_testsize0.2_rs42_shuffleTrue,718,1000.0,0.8236548900604248,0.8230067491531372,0.0006481409072875977,0.07869083460914666
DPDK,attributed power,holdout_test_testsize0.2_rs42_shuffleTrue,719,40.0,0.8217169642448425,0.8189705014228821,0.0027464628219604492,0.3342346503074142
DPDK,attributed power,holdout_test_testsize0.2_rs42_shuffleTrue,720,10.0,0.8226009011268616,0.8188012838363647,0.003799617290496826,0.461902884532684
DPDK,attributed power,holdout_test_testsize0.2_rs42_shuffleTrue,721,6.0,0.8218988180160522,0.818740725517273,0.003158092498779297,0.38424346519958336
DPDK,attributed power,holdout_test_testsize0.2_rs42_shuffleTrue,722,8.0,0.8224723935127258,0.818774402141571,0.003697991371154785,0.4496189051842707
DPDK,attributed power,holdout_test_testsize0.2_rs42_shuffleTrue,723,600.0,0.8236755728721619,0.8223838806152344,0.0012916922569274902,0.15682051276855902
DPDK,attributed power,holdout_test_testsize0.2_rs42_shuffleTrue,724,0.009999999776482582,0.8169072270393372,0.8184815049171448,0.0015742778778076172,0.19271195378123518
DPDK,attributed power,holdout_test_testsize0.2_rs42_shuffleTrue,725,4.0,0.8153389096260071,0.8186956644058228,0.003356754779815674,0.4117005505545424
DPDK,attributed power,holdout_test_testsize0.2_rs42_shuffleTrue,726,600.0,0.823371171951294,0.8223838806152344,0.0009872913360595703,0.11990841672532748
DPDK,attributed power,holdout_test_testsize0.2_rs42_shuffleTrue,727,60.0,0.8192904591560364,0.8192763924598694,1.4066696166992188e-05,0.001716936406348794
DPDK,attributed power,holdout_test_testsize0.2_rs42_shuffleTrue,728,10.0,0.8183468580245972,0.8188012838363647,0.0004544258117675781,0.05552973134943219
DPDK,attributed power,holdout_test_testsize0.2_rs42_shuffleTrue,729,10.0,0.8189442157745361,0.8188012838363647,0.00014293193817138672,0.017453195885412706
DPDK,attributed power,holdout_test_testsize0.2_rs42_shuffleTrue,730,2000.0,0.8176017999649048,0.8238524794578552,0.0062506794929504395,0.7645139104657973
DPDK,attributed power,holdout_test_testsize0.2_rs42_shuffleTrue,731,1.0,0.8148518800735474,0.818572998046875,0.0037211179733276367,0.45666188718761674
DPDK,attributed power,holdout_test_testsize0.2_rs42_shuffleTrue,732,4.0,0.8153195381164551,0.8186956644058228,0.0033761262893676758,0.41408627311534524
DPDK,attributed power,holdout_test_testsize0.2_rs42_shuffleTrue,733,600.0,0.821243166923523,0.8223838806152344,0.0011407136917114258,0.13890084419023885
DPDK,attributed power,holdout_test_testsize0.2_rs42_shuffleTrue,734,1000.0,0.8211379647254944,0.8230067491531372,0.0018687844276428223,0.2275847065806481
DPDK,attributed power,holdout_test_testsize0.2_rs42_shuffleTrue,735,400.0,0.823237955570221,0.8218898177146912,0.0013481378555297852,0.16376041051168358
DPDK,attributed power,holdout_test_testsize0.2_rs42_shuffleTrue,736,0.10000000149011612,0.8150968551635742,0.8184929490089417,0.0033960938453674316,0.41664911646431285
DPDK,attributed power,holdout_test_testsize0.2_rs42_shuffleTrue,737,8.0,0.8147623538970947,0.818774402141571,0.004012048244476318,0.492419442956129
DPDK,attributed power,holdout_test_testsize0.2_rs42_shuffleTrue,738,800.0,0.8210096955299377,0.8227345943450928,0.0017248988151550293,0.21009481672949765
DPDK,attributed power,holdout_test_testsize0.2_rs42_shuffleTrue,739,3000.0,0.8199067711830139,0.8243473172187805,0.0044405460357666016,0.5415915799011511
DPDK,attributed power,holdout_test_testsize0.2_rs42_shuffleTrue,740,2000.0,0.8290724754333496,0.8238524794578552,0.005219995975494385,0.6296187764243331
DPDK,attributed power,holdout_test_testsize0.2_rs42_shuffleTrue,741,4.0,0.8153095245361328,0.8186956644058228,0.0033861398696899414,0.4153195526099701
DPDK,attributed power,holdout_test_testsize0.2_rs42_shuffleTrue,742,60.0,0.822400689125061,0.8192763924598694,0.0031242966651916504,0.379899567997145
DPDK,attributed power,holdout_test_testsize0.2_rs42_shuffleTrue,743,80.0,0.8136876821517944,0.8195354342460632,0.005847752094268799,0.7186728056155941
DPDK,attributed power,holdout_test_testsize0.2_rs42_shuffleTrue,744,1000.0,0.8253357410430908,0.8230067491531372,0.0023289918899536133,0.28218720868796304
DPDK,attributed power,holdout_test_testsize0.2_rs42_shuffleTrue,745,8.0,0.8161826133728027,0.818774402141571,0.0025917887687683105,0.31755010781937293
DPDK,attributed power,holdout_test_testsize0.2_rs42_shuffleTrue,746,0.009999999776482582,0.8159817457199097,0.8184815049171448,0.0024997591972351074,0.30634989205912505
DPDK,attributed power,holdout_test_testsize0.2_rs42_shuffleTrue,747,2.0,0.8226909637451172,0.8186272978782654,0.004063665866851807,0.4939480371040997
DPDK,attributed power,holdout_test_testsize0.2_rs42_shuffleTrue,748,20.0,0.8239532709121704,0.8188846707344055,0.005068600177764893,0.6151562663442818
DPDK,attributed power,holdout_test_testsize0.2_rs42_shuffleTrue,749,8.0,0.8188854455947876,0.818774402141571,0.00011104345321655273,0.013560315892035138
DPDK,attributed power,holdout_test_testsize0.2_rs42_shuffleTrue,750,600.0,0.8222618103027344,0.8223838806152344,0.0001220703125,0.014845674573534801
DPDK,attributed power,holdout_test_testsize0.2_rs42_shuffleTrue,751,3000.0,0.8268848061561584,0.8243473172187805,0.0025374889373779297,0.3068733296931231
DPDK,attributed power,holdout_test_testsize0.2_rs42_shuffleTrue,752,60.0,0.813037633895874,0.8192763924598694,0.006238758563995361,0.7673394568589381
DPDK,attributed power,holdout_test_testsize0.2_rs42_shuffleTrue,753,0.10000000149011612,0.8112152218818665,0.8184929490089417,0.007277727127075195,0.8971388764367906
DPDK,attributed power,holdout_test_testsize0.2_rs42_shuffleTrue,754,1000.0,0.8263209462165833,0.8230067491531372,0.003314197063446045,0.4010786702939726
DPDK,attributed power,holdout_test_testsize0.2_rs42_shuffleTrue,755,40.0,0.8220276832580566,0.8189705014228821,0.0030571818351745605,0.37190740621503243
DPDK,attributed power,holdout_test_testsize0.2_rs42_shuffleTrue,756,80.0,0.8206982612609863,0.8195354342460632,0.0011628270149230957,0.14168752022654896
DPDK,attributed power,holdout_test_testsize0.2_rs42_shuffleTrue,757,100.0,0.8116183280944824,0.8198241591453552,0.008205831050872803,1.0110455576007573
DPDK,attributed power,holdout_test_testsize0.2_rs42_shuffleTrue,758,40.0,0.8186702728271484,0.8189705014228821,0.0003002285957336426,0.03667271253136511
DPDK,attributed power,holdout_test_testsize0.2_rs42_shuffleTrue,759,40.0,0.8099044561386108,0.8189705014228821,0.00906604528427124,1.1193968888003791
DPDK,attributed power,holdout_test_testsize0.2_rs42_shuffleTrue,760,400.0,0.8286243081092834,0.8218898177146912,0.006734490394592285,0.8127314548566326
DPDK,attributed power,holdout_test_testsize0.2_rs42_shuffleTrue,761,0.10000000149011612,0.8209244012832642,0.8184929490089417,0.0024314522743225098,0.2961846755342731
DPDK,attributed power,holdout_test_testsize0.2_rs42_shuffleTrue,762,80.0,0.8199273347854614,0.8195354342460632,0.00039190053939819336,0.04779698429016717
DPDK,attributed power,holdout_test_testsize0.2_rs42_shuffleTrue,763,6.0,0.8114178776741028,0.818740725517273,0.007322847843170166,0.9024755362995969
DPDK,attributed power,holdout_test_testsize0.2_rs42_shuffleTrue,764,200.0,0.8301113247871399,0.82100510597229,0.009106218814849854,1.0969876621289203
DPDK,attributed power,holdout_test_testsize0.2_rs42_shuffleTrue,765,800.0,0.8245226144790649,0.8227345943450928,0.001788020133972168,0.21685519627643476
DPDK,attributed power,holdout_test_testsize0.2_rs42_shuffleTrue,766,0.009999999776482582,0.8174334168434143,0.8184815049171448,0.0010480880737304688,0.12821693512087456
DPDK,attributed power,holdout_test_testsize0.2_rs42_shuffleTrue,767,3000.0,0.8242707252502441,0.8243473172187805,7.659196853637695e-05,0.009292088896293635
DPDK,attributed power,holdout_test_testsize0.2_rs42_shuffleTrue,768,80.0,0.8151408433914185,0.8195354342460632,0.004394590854644775,0.539120434250472
DPDK,attributed power,holdout_test_testsize0.2_rs42_shuffleTrue,769,4000.0,0.8200076222419739,0.8246984481811523,0.004690825939178467,0.5720466263902927
DPDK,attributed power,holdout_test_testsize0.2_rs42_shuffleTrue,770,1000.0,0.8265154361724854,0.8230067491531372,0.0035086870193481445,0.42451560682236517
DPDK,attributed power,holdout_test_testsize0.2_rs42_shuffleTrue,771,100.0,0.8136810660362244,0.8198241591453552,0.006143093109130859,0.754975550685528
DPDK,attributed power,holdout_test_testsize0.2_rs42_shuffleTrue,772,3000.0,0.8243263959884644,0.8243473172187805,2.092123031616211e-05,0.002537978938679392
DPDK,attributed power,holdout_test_testsize0.2_rs42_shuffleTrue,773,60.0,0.820117175579071,0.8192763924598694,0.0008407831192016602,0.10251987694416927
DPDK,attributed power,holdout_test_testsize0.2_rs42_shuffleTrue,774,0.10000000149011612,0.8163856267929077,0.8184929490089417,0.0021073222160339355,0.2581282848293579
DPDK,attributed power,holdout_test_testsize0.2_rs42_shuffleTrue,775,3000.0,0.8260449171066284,0.8243473172187805,0.0016975998878479004,0.20550939212773692
DPDK,attributed power,holdout_test_testsize0.2_rs42_shuffleTrue,776,10.0,0.8175312876701355,0.8188012838363647,0.001269996166229248,0.1553452675613899
DPDK,attributed power,holdout_test_testsize0.2_rs42_shuffleTrue,777,2.0,0.8183106780052185,0.8186272978782654,0.000316619873046875,0.038691890691038476
DPDK,attributed power,holdout_test_testsize0.2_rs42_shuffleTrue,778,4.0,0.8227830529212952,0.8186956644058228,0.004087388515472412,0.49677597283513797
DPDK,attributed power,holdout_test_testsize0.2_rs42_shuffleTrue,779,80.0,0.8283411264419556,0.8195354342460632,0.008805692195892334,1.0630514307210819
DPDK,attributed power,holdout_test_testsize0.2_rs42_shuffleTrue,780,400.0,0.8169876337051392,0.8218898177146912,0.004902184009552002,0.6000316048016536
DPDK,attributed power,holdout_test_testsize0.2_rs42_shuffleTrue,781,40.0,0.8324123620986938,0.8189705014228821,0.013441860675811768,1.6148079110600777
DPDK,attributed power,holdout_test_testsize0.2_rs42_shuffleTrue,782,400.0,0.8248001337051392,0.8218898177146912,0.002910315990447998,0.35285105706450065
DPDK,attributed power,holdout_test_testsize0.2_rs42_shuffleTrue,783,400.0,0.8203393816947937,0.8218898177146912,0.001550436019897461,0.1889993403333035
DPDK,attributed power,holdout_test_testsize0.2_rs42_shuffleTrue,784,3000.0,0.8167147040367126,0.8243473172187805,0.007632613182067871,0.9345507243034494
DPDK,attributed power,holdout_test_testsize0.2_rs42_shuffleTrue,785,0.009999999776482582,0.8203237652778625,0.8184815049171448,0.0018422603607177734,0.22457722654100573
DPDK,attributed power,holdout_test_testsize0.2_rs42_shuffleTrue,786,2.0,0.8226487040519714,0.8186272978782654,0.004021406173706055,0.48883638348891134
DPDK,attributed power,holdout_test_testsize0.2_rs42_shuffleTrue,787,600.0,0.8253440856933594,0.8223838806152344,0.002960205078125,0.35866314782375586
DPDK,attributed power,holdout_test_testsize0.2_rs42_shuffleTrue,788,4.0,0.8196184039115906,0.8186956644058228,0.0009227395057678223,0.11258159911540433
DPDK,attributed power,holdout_test_testsize0.2_rs42_shuffleTrue,789,10.0,0.8182331919670105,0.8188012838363647,0.000568091869354248,0.06942909123358472
DPDK,attributed power,holdout_test_testsize0.2_rs42_shuffleTrue,790,4000.0,0.8329688310623169,0.8246984481811523,0.00827038288116455,0.9928802342600282
DPDK,attributed power,holdout_test_testsize0.2_rs42_shuffleTrue,791,400.0,0.8223621249198914,0.8218898177146912,0.0004723072052001953,0.05743299586495476
DPDK,attributed power,holdout_test_testsize0.2_rs42_shuffleTrue,792,1000.0,0.8258522152900696,0.8230067491531372,0.002845466136932373,0.3445490711595344
DPDK,attributed power,holdout_test_testsize0.2_rs42_shuffleTrue,793,2.0,0.8142961263656616,0.8186272978782654,0.00433117151260376,0.5318914547628385
DPDK,attributed power,holdout_test_testsize0.2_rs42_shuffleTrue,794,40.0,0.8224786520004272,0.8189705014228821,0.003508150577545166,0.4265339372654433
DPDK,attributed power,holdout_test_testsize0.2_rs42_shuffleTrue,795,800.0,0.8220196962356567,0.8227345943450928,0.0007148981094360352,0.08696848904105675
DPDK,attributed power,holdout_test_testsize0.2_rs42_shuffleTrue,796,800.0,0.8183678388595581,0.8227345943450928,0.004366755485534668,0.533593242327312
DPDK,attributed power,holdout_test_testsize0.2_rs42_shuffleTrue,797,4.0,0.8223629593849182,0.8186956644058228,0.003667294979095459,0.4459460311586008
DPDK,attributed power,holdout_test_testsize0.2_rs42_shuffleTrue,798,0.10000000149011612,0.8165690898895264,0.8184929490089417,0.0019238591194152832,0.2356027362823104
DPDK,attributed power,holdout_test_testsize0.2_rs42_shuffleTrue,799,400.0,0.81879061460495,0.8218898177146912,0.003099203109741211,0.378509847873197
DPDK,attributed power,holdout_test_testsize0.2_rs42_shuffleTrue,800,4000.0,0.8249514102935791,0.8246984481811523,0.0002529621124267578,0.030663880232259386
DPDK,attributed power,holdout_test_testsize0.2_rs42_shuffleTrue,801,3000.0,0.8220445513725281,0.8243473172187805,0.0023027658462524414,0.2801266479301669
DPDK,attributed power,holdout_test_testsize0.2_rs42_shuffleTrue,802,80.0,0.8214964866638184,0.8195354342460632,0.001961052417755127,0.23871707908565284
DPDK,attributed power,holdout_test_testsize0.2_rs42_shuffleTrue,803,200.0,0.8206111192703247,0.82100510597229,0.00039398670196533203,0.04801137746167261
DPDK,attributed power,holdout_test_testsize0.2_rs42_shuffleTrue,804,10.0,0.8140648603439331,0.8188012838363647,0.004736423492431641,0.5818238476023343
DPDK,attributed power,holdout_test_testsize0.2_rs42_shuffleTrue,805,4000.0,0.8254950642585754,0.8246984481811523,0.0007966160774230957,0.0965016160500708
DPDK,attributed power,holdout_test_testsize0.2_rs42_shuffleTrue,806,5000.0,0.8252297043800354,0.8249708414077759,0.0002588629722595215,0.03136859602672636
DPDK,attributed power,holdout_test_testsize0.2_rs42_shuffleTrue,807,600.0,0.8243244886398315,0.8223838806152344,0.001940608024597168,0.23541797572934525
DPDK,attributed power,holdout_test_testsize0.2_rs42_shuffleTrue,808,4.0,0.8149790167808533,0.8186956644058228,0.0037166476249694824,0.45604212482060547
DPDK,attributed power,holdout_test_testsize0.2_rs42_shuffleTrue,809,800.0,0.8257806301116943,0.8227345943450928,0.0030460357666015625,0.3688674274412998
DPDK,attributed power,holdout_test_testsize0.2_rs42_shuffleTrue,810,2000.0,0.8267810940742493,0.8238524794578552,0.002928614616394043,0.3542188660800507
DPDK,attributed power,holdout_test_testsize0.2_rs42_shuffleTrue,811,600.0,0.82265305519104,0.8223838806152344,0.00026917457580566406,0.032720303426473654
DPDK,attributed power,holdout_test_testsize0.2_rs42_shuffleTrue,812,400.0,0.824470043182373,0.8218898177146912,0.0025802254676818848,0.312955636049852
DPDK,attributed power,holdout_test_testsize0.2_rs42_shuffleTrue,813,800.0,0.8251834511756897,0.8227345943450928,0.002448856830596924,0.2967651407826813
DPDK,attributed power,holdout_test_testsize0.2_rs42_shuffleTrue,814,4.0,0.8265478014945984,0.8186956644058228,0.007852137088775635,0.9499918909199289
DPDK,attributed power,holdout_test_testsize0.2_rs42_shuffleTrue,815,20.0,0.8186419010162354,0.8188846707344055,0.00024276971817016602,0.029655178640233246
DPDK,attributed power,holdout_test_testsize0.2_rs42_shuffleTrue,816,20.0,0.8155509829521179,0.8188846707344055,0.0033336877822875977,0.40876509892985113
DPDK,attributed power,holdout_test_testsize0.2_rs42_shuffleTrue,817,80.0,0.8221999406814575,0.8195354342460632,0.002664506435394287,0.32407037553248724
DPDK,attributed power,holdout_test_testsize0.2_rs42_shuffleTrue,818,1.0,0.8223665952682495,0.818572998046875,0.0037935972213745117,0.4613024462815236
DPDK,attributed power,holdout_test_testsize0.2_rs42_shuffleTrue,819,6.0,0.8244324326515198,0.818740725517273,0.005691707134246826,0.690378848384372
DPDK,attributed power,holdout_test_testsize0.2_rs42_shuffleTrue,820,8.0,0.8210991621017456,0.818774402141571,0.0023247599601745605,0.2831277959441506
DPDK,attributed power,holdout_test_testsize0.2_rs42_shuffleTrue,821,1000.0,0.8214730024337769,0.8230067491531372,0.0015337467193603516,0.18670689296134169
DPDK,attributed power,holdout_test_testsize0.2_rs42_shuffleTrue,822,2.0,0.8248821496963501,0.8186272978782654,0.006254851818084717,0.7582721750479398
DPDK,attributed power,holdout_test_testsize0.2_rs42_shuffleTrue,823,400.0,0.821584165096283,0.8218898177146912,0.0003056526184082031,0.03720283707906945
DPDK,attributed power,holdout_test_testsize0.2_rs42_shuffleTrue,824,0.009999999776482582,0.8178691267967224,0.8184815049171448,0.0006123781204223633,0.07487483025808933
DPDK,attributed power,holdout_test_testsize0.2_rs42_shuffleTrue,825,2.0,0.8166952729225159,0.8186272978782654,0.0019320249557495117,0.23656619792053246
DPDK,attributed power,holdout_test_testsize0.2_rs42_shuffleTrue,826,80.0,0.8165757060050964,0.8195354342460632,0.002959728240966797,0.36245607347866954
DPDK,attributed power,holdout_test_testsize0.2_rs42_shuffleTrue,827,20.0,0.814790666103363,0.8188846707344055,0.0040940046310424805,0.502460914362404
DPDK,attributed power,holdout_test_testsize0.2_rs42_shuffleTrue,828,3000.0,0.8201521635055542,0.8243473172187805,0.004195153713226318,0.5115091930374343
DPDK,attributed power,holdout_test_testsize0.2_rs42_shuffleTrue,829,10.0,0.8197042942047119,0.8188012838363647,0.000903010368347168,0.11016294226240217
DPDK,attributed power,holdout_test_testsize0.2_rs42_shuffleTrue,830,8.0,0.8234239220619202,0.818774402141571,0.004649519920349121,0.5646568912773807
DPDK,attributed power,holdout_test_testsize0.2_rs42_shuffleTrue,831,4.0,0.821626603603363,0.8186956644058228,0.002930939197540283,0.3567239893019801
DPDK,attributed power,holdout_test_testsize0.2_rs42_shuffleTrue,832,1.0,0.8110162615776062,0.818572998046875,0.007556736469268799,0.9317613995272145
DPDK,attributed power,holdout_test_testsize0.2_rs42_shuffleTrue,833,3000.0,0.8235849738121033,0.8243473172187805,0.0007623434066772461,0.09256402568257285
DPDK,attributed power,holdout_test_testsize0.2_rs42_shuffleTrue,834,3000.0,0.8191171288490295,0.8243473172187805,0.0052301883697509766,0.6385153216244054
DPDK,attributed power,holdout_test_testsize0.2_rs42_shuffleTrue,835,20.0,0.8191425800323486,0.8188846707344055,0.00025790929794311523,0.03148527548560962
DPDK,attributed power,holdout_test_testsize0.2_rs42_shuffleTrue,836,40.0,0.8253275156021118,0.8189705014228821,0.006357014179229736,0.7702413961797968
DPDK,attributed power,holdout_test_testsize0.2_rs42_shuffleTrue,837,800.0,0.8209134340286255,0.8227345943450928,0.0018211603164672852,0.22184559796152403
DPDK,attributed power,holdout_test_testsize0.2_rs42_shuffleTrue,838,0.10000000149011612,0.8236932754516602,0.8184929490089417,0.005200326442718506,0.6313425880364245
DPDK,attributed power,holdout_test_testsize0.2_rs42_shuffleTrue,839,0.009999999776482582,0.8198113441467285,0.8184815049171448,0.0013298392295837402,0.16221283580405393
DPDK,attributed power,holdout_test_testsize0.2_rs42_shuffleTrue,840,400.0,0.8215698599815369,0.8218898177146912,0.0003199577331542969,0.03894467759095828
DPDK,attributed power,holdout_test_testsize0.2_rs42_shuffleTrue,841,1000.0,0.8214762806892395,0.8230067491531372,0.001530468463897705,0.1863070790812856
DPDK,attributed power,holdout_test_testsize0.2_rs42_shuffleTrue,842,2000.0,0.821823000907898,0.8238524794578552,0.0020294785499572754,0.24694837546713053
DPDK,attributed power,holdout_test_testsize0.2_rs42_shuffleTrue,843,5000.0,0.8209044337272644,0.8249708414077759,0.004066407680511475,0.4953570127582585
DPDK,attributed power,holdout_test_testsize0.2_rs42_shuffleTrue,844,40.0,0.8145371079444885,0.8189705014228821,0.004433393478393555,0.5442837944585939
DPDK,attributed power,holdout_test_testsize0.2_rs42_shuffleTrue,845,10.0,0.8240323066711426,0.8188012838363647,0.005231022834777832,0.6348079793023752
DPDK,attributed power,holdout_test_testsize0.2_rs42_shuffleTrue,846,1000.0,0.8258180618286133,0.8230067491531372,0.0028113126754760742,0.34042760814058365
DPDK,attributed power,holdout_test_testsize0.2_rs42_shuffleTrue,847,1.0,0.8205373883247375,0.818572998046875,0.001964390277862549,0.23940289690798558
DPDK,attributed power,holdout_test_testsize0.2_rs42_shuffleTrue,848,60.0,0.8103216290473938,0.8192763924598694,0.008954763412475586,1.1050875469043964
DPDK,attributed power,holdout_test_testsize0.2_rs42_shuffleTrue,849,2.0,0.8234624862670898,0.8186272978782654,0.004835188388824463,0.5871777366256573
DPDK,attributed power,holdout_test_testsize0.2_rs42_shuffleTrue,850,10.0,0.8153355121612549,0.8188012838363647,0.0034657716751098633,0.4250730678862436
DPDK,attributed power,holdout_test_testsize0.2_rs42_shuffleTrue,851,0.10000000149011612,0.818821370601654,0.8184929490089417,0.00032842159271240234,0.040109064626767686
DPDK,attributed power,holdout_test_testsize0.2_rs42_shuffleTrue,852,40.0,0.8189508318901062,0.8189705014228821,1.9669532775878906e-05,0.0024017965438147735
DPDK,attributed power,holdout_test_testsize0.2_rs42_shuffleTrue,853,2.0,0.8208791613578796,0.8186272978782654,0.002251863479614258,0.2743233822490117
DPDK,attributed power,holdout_test_testsize0.2_rs42_shuffleTrue,854,6.0,0.8185995817184448,0.818740725517273,0.000141143798828125,0.017242104928984807
DPDK,attributed power,holdout_test_testsize0.2_rs42_shuffleTrue,855,4000.0,0.8270637392997742,0.8246984481811523,0.002365291118621826,0.2859865577741781
DPDK,attributed power,holdout_test_testsize0.2_rs42_shuffleTrue,856,4.0,0.8268018364906311,0.8186956644058228,0.00810617208480835,0.9804250216974699
DPDK,attributed power,holdout_test_testsize0.2_rs42_shuffleTrue,857,5000.0,0.8163183927536011,0.8249708414077759,0.008652448654174805,1.0599355265031343
DPDK,attributed power,holdout_test_testsize0.2_rs42_shuffleTrue,858,0.009999999776482582,0.8161748051643372,0.8184815049171448,0.002306699752807617,0.2826232491142828
DPDK,attributed power,holdout_test_testsize0.2_rs42_shuffleTrue,859,4000.0,0.8233100771903992,0.8246984481811523,0.0013883709907531738,0.1686328188148848
DPDK,attributed power,holdout_test_testsize0.2_rs42_shuffleTrue,860,80.0,0.8232213854789734,0.8195354342460632,0.0036859512329101562,0.447747264335895
DPDK,attributed power,holdout_test_testsize0.2_rs42_shuffleTrue,861,2000.0,0.820424497127533,0.8238524794578552,0.0034279823303222656,0.4178303234879387
DPDK,attributed power,holdout_test_testsize0.2_rs42_shuffleTrue,862,20.0,0.8248617053031921,0.8188846707344055,0.005977034568786621,0.7246105050530451
DPDK,attributed power,holdout_test_testsize0.2_rs42_shuffleTrue,863,1000.0,0.824241578578949,0.8230067491531372,0.0012348294258117676,0.1498140178684872
DPDK,attributed power,holdout_test_testsize0.2_rs42_shuffleTrue,864,6.0,0.8236666321754456,0.818740725517273,0.004925906658172607,0.5980461591800118
DPDK,attributed power,holdout_test_testsize0.2_rs42_shuffleTrue,865,4.0,0.8156374096870422,0.8186956644058228,0.0030582547187805176,0.374952728069935
DPDK,attributed power,holdout_test_testsize0.2_rs42_shuffleTrue,866,4000.0,0.8241379261016846,0.8246984481811523,0.0005605220794677734,0.06801313975673225
DPDK,attributed power,holdout_test_testsize0.2_rs42_shuffleTrue,867,1.0,0.8146076798439026,0.818572998046875,0.003965318202972412,0.4867764325193027
DPDK,attributed power,holdout_test_testsize0.2_rs42_shuffleTrue,868,1000.0,0.822220504283905,0.8230067491531372,0.0007862448692321777,0.095624575784198
DPDK,attributed power,holdout_test_testsize0.2_rs42_shuffleTrue,869,4.0,0.8177025318145752,0.8186956644058228,0.0009931325912475586,0.12145401935391885
DPDK,attributed power,holdout_test_testsize0.2_rs42_shuffleTrue,870,6.0,0.8228951692581177,0.818740725517273,0.0041544437408447266,0.5048569849535235
DPDK,attributed power,holdout_test_testsize0.2_rs42_shuffleTrue,871,10.0,0.819069504737854,0.8188012838363647,0.0002682209014892578,0.03274702573319499
DPDK,attributed power,holdout_test_testsize0.2_rs42_shuffleTrue,872,6.0,0.8211700916290283,0.818740725517273,0.002429366111755371,0.2958420108720741
DPDK,attributed power,holdout_test_testsize0.2_rs42_shuffleTrue,873,0.009999999776482582,0.817744255065918,0.8184815049171448,0.0007372498512268066,0.09015653080526714
DPDK,attributed power,holdout_test_testsize0.2_rs42_shuffleTrue,874,20.0,0.8233813643455505,0.8188846707344055,0.0044966936111450195,0.5461252593103237
DPDK,attributed power,holdout_test_testsize0.2_rs42_shuffleTrue,875,0.10000000149011612,0.8133276104927063,0.8184929490089417,0.0051653385162353516,0.6350870731052937
DPDK,attributed power,holdout_test_testsize0.2_rs42_shuffleTrue,876,80.0,0.8174053430557251,0.8195354342460632,0.0021300911903381348,0.26059178697990476
DPDK,attributed power,holdout_test_testsize0.2_rs42_shuffleTrue,877,60.0,0.8134056925773621,0.8192763924598694,0.005870699882507324,0.7217431517974001
DPDK,attributed power,holdout_test_testsize0.2_rs42_shuffleTrue,878,2000.0,0.8236140012741089,0.8238524794578552,0.0002384781837463379,0.028955091022908608
DPDK,attributed power,holdout_test_testsize0.2_rs42_shuffleTrue,879,0.10000000149011612,0.8165999054908752,0.8184929490089417,0.0018930435180664062,0.23182019803546983
DPDK,attributed power,holdout_test_testsize0.2_rs42_shuffleTrue,880,2.0,0.8156095743179321,0.8186272978782654,0.003017723560333252,0.36999609314994575
DPDK,attributed power,holdout_test_testsize0.2_rs42_shuffleTrue,881,2.0,0.8211591243743896,0.8186272978782654,0.0025318264961242676,0.3083234930931531
DPDK,attributed power,holdout_test_testsize0.2_rs42_shuffleTrue,882,3000.0,0.8334166407585144,0.8243473172187805,0.009069323539733887,1.0882100375965205
DPDK,attributed power,holdout_test_testsize0.2_rs42_shuffleTrue,883,3000.0,0.8242241144180298,0.8243473172187805,0.00012320280075073242,0.014947730671253627
DPDK,attributed power,holdout_test_testsize0.2_rs42_shuffleTrue,884,0.009999999776482582,0.8248671889305115,0.8184815049171448,0.006385684013366699,0.7741469292342822
DPDK,attributed power,holdout_test_testsize0.2_rs42_shuffleTrue,885,400.0,0.8137300610542297,0.8218898177146912,0.008159756660461426,1.00275964364522
DPDK,attributed power,holdout_test_testsize0.2_rs42_shuffleTrue,886,60.0,0.818724513053894,0.8192763924598694,0.0005518794059753418,0.06740721661267925
DPDK,attributed power,holdout_test_testsize0.2_rs42_shuffleTrue,887,10.0,0.8195220828056335,0.8188012838363647,0.0007207989692687988,0.08795357494225706
DPDK,attributed power,holdout_test_testsize0.2_rs42_shuffleTrue,888,10.0,0.821597695350647,0.8188012838363647,0.0027964115142822266,0.34036262882757423
DPDK,attributed power,holdout_test_testsize0.2_rs42_shuffleTrue,889,1000.0,0.8170946836471558,0.8230067491531372,0.005912065505981445,0.7235471756580955
DPDK,attributed power,holdout_test_testsize0.2_rs42_shuffleTrue,890,2000.0,0.8245818018913269,0.8238524794578552,0.0007293224334716797,0.08844755387504881
DPDK,attributed power,holdout_test_testsize0.2_rs42_shuffleTrue,891,4.0,0.8211910128593445,0.8186956644058228,0.0024953484535217285,0.3038694304304494
DPDK,attributed power,holdout_test_testsize0.2_rs42_shuffleTrue,892,3000.0,0.8275573253631592,0.8243473172187805,0.003210008144378662,0.3878895208824362
DPDK,attributed power,holdout_test_testsize0.2_rs42_shuffleTrue,893,4000.0,0.8268053531646729,0.8246984481811523,0.002106904983520508,0.25482478741291853
DPDK,attributed power,holdout_test_testsize0.2_rs42_shuffleTrue,894,3000.0,0.8251392841339111,0.8243473172187805,0.0007919669151306152,0.09597978551728821
DPDK,attributed power,holdout_test_testsize0.2_rs42_shuffleTrue,895,100.0,0.8133606314659119,0.8198241591453552,0.006463527679443359,0.7946693544527976
DPDK,attributed power,holdout_test_testsize0.2_rs42_shuffleTrue,896,0.009999999776482582,0.8226008415222168,0.8184815049171448,0.0041193366050720215,0.5007698019672846
DPDK,attributed power,holdout_test_testsize0.2_rs42_shuffleTrue,897,100.0,0.820568323135376,0.8198241591453552,0.000744163990020752,0.0906888517433034
DPDK,attributed power,holdout_test_testsize0.2_rs42_shuffleTrue,898,8.0,0.8204758763313293,0.818774402141571,0.0017014741897583008,0.20737650415345077
DPDK,attributed power,holdout_test_testsize0.2_rs42_shuffleTrue,899,60.0,0.8181480765342712,0.8192763924598694,0.0011283159255981445,0.13791096721485488
DPDK,attributed power,holdout_test_testsize0.2_rs42_shuffleTrue,900,3000.0,0.8294814229011536,0.8243473172187805,0.005134105682373047,0.6189536667881301
DPDK,attributed power,holdout_test_testsize0.2_rs42_shuffleTrue,901,5000.0,0.8268570303916931,0.8249708414077759,0.0018861889839172363,0.2281154921091647
DPDK,attributed power,holdout_test_testsize0.2_rs42_shuffleTrue,902,2.0,0.8285697102546692,0.8186272978782654,0.009942412376403809,1.199948809780641
DPDK,attributed power,holdout_test_testsize0.2_rs42_shuffleTrue,903,20.0,0.814469575881958,0.8188846707344055,0.00441509485244751,0.5420822315758783
DPDK,attributed power,holdout_test_testsize0.2_rs42_shuffleTrue,904,4.0,0.8192461133003235,0.8186956644058228,0.0005504488945007324,0.06718968641587514
DPDK,attributed power,holdout_test_testsize0.2_rs42_shuffleTrue,905,40.0,0.8273807168006897,0.8189705014228821,0.008410215377807617,1.0164867523536423
DPDK,attributed power,holdout_test_testsize0.2_rs42_shuffleTrue,906,600.0,0.8251295685768127,0.8223838806152344,0.002745687961578369,0.3327584013640602
DPDK,attributed power,holdout_test_testsize0.2_rs42_shuffleTrue,907,0.10000000149011612,0.821353018283844,0.8184929490089417,0.0028600692749023438,0.3482143744815409
DPDK,attributed power,holdout_test_testsize0.2_rs42_shuffleTrue,908,40.0,0.8138184547424316,0.8189705014228821,0.0051520466804504395,0.6330707604905604
DPDK,attributed power,holdout_test_testsize0.2_rs42_shuffleTrue,909,8.0,0.8183608651161194,0.818774402141571,0.00041353702545166016,0.05053235596657989
DPDK,attributed power,holdout_test_testsize0.2_rs42_shuffleTrue,910,4.0,0.8189018368721008,0.8186956644058228,0.00020617246627807617,0.02517670091760668
DPDK,attributed power,holdout_test_testsize0.2_rs42_shuffleTrue,911,100.0,0.8178250193595886,0.8198241591453552,0.0019991397857666016,0.2444459069413236
DPDK,attributed power,holdout_test_testsize0.2_rs42_shuffleTrue,912,40.0,0.8146845698356628,0.8189705014228821,0.004285931587219238,0.5260847874022937
DPDK,attributed power,holdout_test_testsize0.2_rs42_shuffleTrue,913,1000.0,0.8240301012992859,0.8230067491531372,0.0010233521461486816,0.12418868492001876
DPDK,attributed power,holdout_test_testsize0.2_rs42_shuffleTrue,914,80.0,0.823756754398346,0.8195354342460632,0.004221320152282715,0.5124474099597369
DPDK,attributed power,holdout_test_testsize0.2_rs42_shuffleTrue,915,100.0,0.8248519897460938,0.8198241591453552,0.005027830600738525,0.609543368172779
DPDK,attributed power,holdout_test_testsize0.2_rs42_shuffleTrue,916,200.0,0.8222602605819702,0.82100510597229,0.0012551546096801758,0.15264687713252936
DPDK,attributed power,holdout_test_testsize0.2_rs42_shuffleTrue,917,20.0,0.8271597027778625,0.8188846707344055,0.008275032043457031,1.0004152784120008
DPDK,attributed power,holdout_test_testsize0.2_rs42_shuffleTrue,918,4.0,0.8217860460281372,0.8186956644058228,0.003090381622314453,0.37605671661753204
DPDK,QoS score,holdout_test_testsize0.2_rs42_shuffleTrue,0,1.0,0.9594299793243408,0.9367800951004028,0.02264988422393799,2.3607646948752543
DPDK,QoS score,holdout_test_testsize0.2_rs42_shuffleTrue,1,600.0,0.9999650120735168,0.9724431037902832,0.027521908283233643,2.7522871251429595
DPDK,QoS score,holdout_test_testsize0.2_rs42_shuffleTrue,2,80.0,0.9799950122833252,0.9746769070625305,0.005318105220794678,0.5426665599454262
DPDK,QoS score,holdout_test_testsize0.2_rs42_shuffleTrue,3,200.0,0.9999539852142334,0.9752887487411499,0.024665236473083496,2.4666371490883288
DPDK,QoS score,holdout_test_testsize0.2_rs42_shuffleTrue,4,20.0,0.9998350143432617,0.9652379751205444,0.034597039222717285,3.4602748179850686
DPDK,QoS score,holdout_test_testsize0.2_rs42_shuffleTrue,5,0.009999999776482582,0.8595849871635437,0.8593674898147583,0.0002174973487854004,0.025302599746779845
DPDK,QoS score,holdout_test_testsize0.2_rs42_shuffleTrue,6,60.0,0.9997249841690063,0.9737672209739685,0.025957763195037842,2.5964903954675607
DPDK,QoS score,holdout_test_testsize0.2_rs42_shuffleTrue,7,400.0,0.9799749851226807,0.9741518497467041,0.0058231353759765625,0.5942126548513459
DPDK,QoS score,holdout_test_testsize0.2_rs42_shuffleTrue,8,200.0,0.999983012676239,0.9752887487411499,0.02469426393508911,2.469468343167174
DPDK,QoS score,holdout_test_testsize0.2_rs42_shuffleTrue,9,4.0,0.9798650145530701,0.9460346698760986,0.033830344676971436,3.452551542765502
DPDK,QoS score,holdout_test_testsize0.2_rs42_shuffleTrue,10,0.009999999776482582,0.879474937915802,0.8593674898147583,0.0201074481010437,2.286301432158459
DPDK,QoS score,holdout_test_testsize0.2_rs42_shuffleTrue,11,600.0,0.999970018863678,0.9724431037902832,0.027526915073394775,2.752774038633193
DPDK,QoS score,holdout_test_testsize0.2_rs42_shuffleTrue,12,2.0,0.9599850177764893,0.9396625757217407,0.020322442054748535,2.116954085577214
DPDK,QoS score,holdout_test_testsize0.2_rs42_shuffleTrue,13,1000.0,0.9998000264167786,0.9702924489974976,0.029507577419281006,2.9513479335497057
DPDK,QoS score,holdout_test_testsize0.2_rs42_shuffleTrue,14,20.0,0.9998499751091003,0.9652379751205444,0.03461199998855591,3.4617193429223376
DPDK,QoS score,holdout_test_testsize0.2_rs42_shuffleTrue,15,800.0,0.9798700213432312,0.9712315797805786,0.008638441562652588,0.8815905553280209
DPDK,QoS score,holdout_test_testsize0.2_rs42_shuffleTrue,16,0.009999999776482582,0.8195699453353882,0.8593674898147583,0.03979754447937012,4.85590579618973
DPDK,QoS score,holdout_test_testsize0.2_rs42_shuffleTrue,17,60.0,0.9999799728393555,0.9737672209739685,0.026212751865386963,2.6213276842893314
DPDK,QoS score,holdout_test_testsize0.2_rs42_shuffleTrue,18,0.10000000149011612,0.9157149791717529,0.8661934733390808,0.04952150583267212,5.407960660145954
DPDK,QoS score,holdout_test_testsize0.2_rs42_shuffleTrue,19,100.0,0.9999099969863892,0.9749091267585754,0.02500087022781372,2.5003120584015956
DPDK,QoS score,holdout_test_testsize0.2_rs42_shuffleTrue,20,4.0,0.9799749851226807,0.9460346698760986,0.03394031524658203,3.4633858783990417
DPDK,QoS score,holdout_test_testsize0.2_rs42_shuffleTrue,21,4000.0,0.5618150234222412,0.9356552362442017,0.37384021282196045,66.54151228366044
DPDK,QoS score,holdout_test_testsize0.2_rs42_shuffleTrue,22,10.0,0.9798099994659424,0.9562844038009644,0.023525595664978027,2.4010364946061937
DPDK,QoS score,holdout_test_testsize0.2_rs42_shuffleTrue,23,0.009999999776482582,0.8795449733734131,0.8593674898147583,0.020177483558654785,2.294082073059428
DPDK,QoS score,holdout_test_testsize0.2_rs42_shuffleTrue,24,100.0,0.9999359846115112,0.9749091267585754,0.02502685785293579,2.5028460059529776
DPDK,QoS score,holdout_test_testsize0.2_rs42_shuffleTrue,25,4.0,0.9796000123023987,0.9460346698760986,0.03356534242630005,3.4264334427078955
DPDK,QoS score,holdout_test_testsize0.2_rs42_shuffleTrue,26,5000.0,0.9715800285339355,0.8879079222679138,0.08367210626602173,8.611962350881033
DPDK,QoS score,holdout_test_testsize0.2_rs42_shuffleTrue,27,0.009999999776482582,0.8596049547195435,0.8593674898147583,0.00023746490478515625,0.02762488786056754
DPDK,QoS score,holdout_test_testsize0.2_rs42_shuffleTrue,28,5000.0,0.9783942103385925,0.8879079222679138,0.09048628807067871,9.248448847562594
DPDK,QoS score,holdout_test_testsize0.2_rs42_shuffleTrue,29,60.0,0.9798633456230164,0.9737672209739685,0.0060961246490478516,0.6221402888758754
DPDK,QoS score,holdout_test_testsize0.2_rs42_shuffleTrue,30,4.0,0.979420006275177,0.9460346698760986,0.03338533639907837,3.4086843422819006
DPDK,QoS score,holdout_test_testsize0.2_rs42_shuffleTrue,31,2.0,0.9598000049591064,0.9396625757217407,0.020137429237365723,2.0980859692977085
DPDK,QoS score,holdout_test_testsize0.2_rs42_shuffleTrue,32,8.0,0.9800000190734863,0.9541150331497192,0.02588498592376709,2.6413250428545223
DPDK,QoS score,holdout_test_testsize0.2_rs42_shuffleTrue,33,0.10000000149011612,0.8558350205421448,0.8661934733390808,0.010358452796936035,1.2103328969144402
DPDK,QoS score,holdout_test_testsize0.2_rs42_shuffleTrue,34,600.0,0.9799100160598755,0.9724431037902832,0.007466912269592285,0.7619997905130133
DPDK,QoS score,holdout_test_testsize0.2_rs42_shuffleTrue,35,2000.0,0.9798640012741089,0.9660636782646179,0.013800323009490967,1.408391673900309
DPDK,QoS score,holdout_test_testsize0.2_rs42_shuffleTrue,36,20.0,0.999875009059906,0.9652379751205444,0.03463703393936157,3.4641363795988567
DPDK,QoS score,holdout_test_testsize0.2_rs42_shuffleTrue,37,800.0,0.9794930219650269,0.9712315797805786,0.008261442184448242,0.8434406370628764
DPDK,QoS score,holdout_test_testsize0.2_rs42_shuffleTrue,38,4.0,0.8998900055885315,0.9460346698760986,0.04614466428756714,5.127811621531273
DPDK,QoS score,holdout_test_testsize0.2_rs42_shuffleTrue,39,600.0,0.9999099969863892,0.9724431037902832,0.027466893196105957,2.7469365521784894
DPDK,QoS score,holdout_test_testsize0.2_rs42_shuffleTrue,40,400.0,0.9999200105667114,0.9741518497467041,0.025768160820007324,2.577022216547406
DPDK,QoS score,holdout_test_testsize0.2_rs42_shuffleTrue,41,40.0,0.999904990196228,0.9711564183235168,0.02874857187271118,2.87513035284176
DPDK,QoS score,holdout_test_testsize0.2_rs42_shuffleTrue,42,4.0,0.9794999957084656,0.9460346698760986,0.03346532583236694,3.41657233067793
DPDK,QoS score,holdout_test_testsize0.2_rs42_shuffleTrue,43,20.0,0.999845027923584,0.9652379751205444,0.03460705280303955,3.46124167611348
DPDK,QoS score,holdout_test_testsize0.2_rs42_shuffleTrue,44,4.0,0.959879994392395,0.9460346698760986,0.013845324516296387,1.4424016124078605
DPDK,QoS score,holdout_test_testsize0.2_rs42_shuffleTrue,45,1000.0,0.9998959898948669,0.9702924489974976,0.029603540897369385,2.960662028505787
DPDK,QoS score,holdout_test_testsize0.2_rs42_shuffleTrue,46,4.0,0.9799000024795532,0.9460346698760986,0.03386533260345459,3.4559988282234166
DPDK,QoS score,holdout_test_testsize0.2_rs42_shuffleTrue,47,5000.0,0.9795692563056946,0.8879079222679138,0.09166133403778076,9.357310210353925
DPDK,QoS score,holdout_test_testsize0.2_rs42_shuffleTrue,48,80.0,0.9998599886894226,0.9746769070625305,0.02518308162689209,2.5186608036892335
DPDK,QoS score,holdout_test_testsize0.2_rs42_shuffleTrue,49,100.0,0.9998480081558228,0.9749091267585754,0.024938881397247314,2.4942672480036263
DPDK,QoS score,holdout_test_testsize0.2_rs42_shuffleTrue,50,20.0,0.9998599886894226,0.9652379751205444,0.034622013568878174,3.462686172116894
DPDK,QoS score,holdout_test_testsize0.2_rs42_shuffleTrue,51,10.0,0.9798150062561035,0.9562844038009644,0.02353060245513916,2.4015352188828127
DPDK,QoS score,holdout_test_testsize0.2_rs42_shuffleTrue,52,4000.0,0.889504611492157,0.9356552362442017,0.04615062475204468,5.188351376236974
DPDK,QoS score,holdout_test_testsize0.2_rs42_shuffleTrue,53,5000.0,0.9782187938690186,0.8879079222679138,0.09031087160110474,9.232175068310655
DPDK,QoS score,holdout_test_testsize0.2_rs42_shuffleTrue,54,600.0,0.9800000190734863,0.9724431037902832,0.007556915283203125,0.771113789400494
DPDK,QoS score,holdout_test_testsize0.2_rs42_shuffleTrue,55,20.0,0.9798550009727478,0.9652379751205444,0.01461702585220337,1.4917539674433835
DPDK,QoS score,holdout_test_testsize0.2_rs42_shuffleTrue,56,1.0,0.9597600102424622,0.9367800951004028,0.022979915142059326,2.394339720015419
DPDK,QoS score,holdout_test_testsize0.2_rs42_shuffleTrue,57,3000.0,0.9800000190734863,0.9628877639770508,0.017112255096435547,1.746148445243282
DPDK,QoS score,holdout_test_testsize0.2_rs42_shuffleTrue,58,800.0,0.999874472618103,0.9712315797805786,0.028642892837524414,2.864648875625853
DPDK,QoS score,holdout_test_testsize0.2_rs42_shuffleTrue,59,400.0,0.9999150037765503,0.9741518497467041,0.02576315402984619,2.576534398678095
DPDK,QoS score,holdout_test_testsize0.2_rs42_shuffleTrue,60,800.0,0.9799280166625977,0.9712315797805786,0.008696436882019043,0.8874567043849858
DPDK,QoS score,holdout_test_testsize0.2_rs42_shuffleTrue,61,20.0,0.9998499751091003,0.9652379751205444,0.03461199998855591,3.4617193429223376
DPDK,QoS score,holdout_test_testsize0.2_rs42_shuffleTrue,62,3000.0,0.9800000190734863,0.9628877639770508,0.017112255096435547,1.746148445243282
DPDK,QoS score,holdout_test_testsize0.2_rs42_shuffleTrue,63,200.0,0.9998850226402283,0.9752887487411499,0.02459627389907837,2.459910223890655
DPDK,QoS score,holdout_test_testsize0.2_rs42_shuffleTrue,64,1.0,0.95933997631073,0.9367800951004028,0.02255988121032715,2.3516044121380397
DPDK,QoS score,holdout_test_testsize0.2_rs42_shuffleTrue,65,6.0,0.9798499941825867,0.9507747888565063,0.029075205326080322,2.967311884339554
DPDK,QoS score,holdout_test_testsize0.2_rs42_shuffleTrue,66,2000.0,0.9798600077629089,0.9660636782646179,0.013796329498291016,1.4079898545700453
DPDK,QoS score,holdout_test_testsize0.2_rs42_shuffleTrue,67,20.0,0.9799799919128418,0.9652379751205444,0.014742016792297363,1.5043181405695984
DPDK,QoS score,holdout_test_testsize0.2_rs42_shuffleTrue,68,400.0,0.9799849987030029,0.9741518497467041,0.005833148956298828,0.5952283926814107
DPDK,QoS score,holdout_test_testsize0.2_rs42_shuffleTrue,69,10.0,0.9800000190734863,0.9562844038009644,0.023715615272521973,2.4199606949950105
DPDK,QoS score,holdout_test_testsize0.2_rs42_shuffleTrue,70,1000.0,1.0,0.9702924489974976,0.02970755100250244,2.970755100250244
DPDK,QoS score,holdout_test_testsize0.2_rs42_shuffleTrue,71,400.0,0.979997992515564,0.9741518497467041,0.005846142768859863,0.5965464024934742
DPDK,QoS score,holdout_test_testsize0.2_rs42_shuffleTrue,72,200.0,0.999904990196228,0.9752887487411499,0.024616241455078125,2.461858046157692
DPDK,QoS score,holdout_test_testsize0.2_rs42_shuffleTrue,73,4000.0,0.9797350168228149,0.9356552362442017,0.04407978057861328,4.499153324289633
DPDK,QoS score,holdout_test_testsize0.2_rs42_shuffleTrue,74,0.009999999776482582,0.7596549391746521,0.8593674898147583,0.0997125506401062,13.126032030864124
DPDK,QoS score,holdout_test_testsize0.2_rs42_shuffleTrue,75,80.0,0.9995999932289124,0.9746769070625305,0.024923086166381836,2.493305955902938
DPDK,QoS score,holdout_test_testsize0.2_rs42_shuffleTrue,76,4000.0,0.959534227848053,0.9356552362442017,0.02387899160385132,2.488602377155917
DPDK,QoS score,holdout_test_testsize0.2_rs42_shuffleTrue,77,6.0,0.9798550009727478,0.9507747888565063,0.029080212116241455,2.967807694747914
DPDK,QoS score,holdout_test_testsize0.2_rs42_shuffleTrue,78,200.0,0.9998440146446228,0.9752887487411499,0.0245552659034729,2.4559096762909207
DPDK,QoS score,holdout_test_testsize0.2_rs42_shuffleTrue,79,3000.0,0.979669988155365,0.9628877639770508,0.01678222417831421,1.7130487185703938
DPDK,QoS score,holdout_test_testsize0.2_rs42_shuffleTrue,80,4000.0,0.9637389779090881,0.9356552362442017,0.028083741664886475,2.9140402441557867
DPDK,QoS score,holdout_test_testsize0.2_rs42_shuffleTrue,81,100.0,0.9999560117721558,0.9749091267585754,0.025046885013580322,2.5047986830132043
DPDK,QoS score,holdout_test_testsize0.2_rs42_shuffleTrue,82,0.009999999776482582,0.8595999479293823,0.8593674898147583,0.00023245811462402344,0.02704259291592236
DPDK,QoS score,holdout_test_testsize0.2_rs42_shuffleTrue,83,600.0,0.999970018863678,0.9724431037902832,0.027526915073394775,2.752774038633193
DPDK,QoS score,holdout_test_testsize0.2_rs42_shuffleTrue,84,800.0,0.9998279809951782,0.9712315797805786,0.02859640121459961,2.860132118540651
DPDK,QoS score,holdout_test_testsize0.2_rs42_shuffleTrue,85,40.0,0.9799699783325195,0.9711564183235168,0.008813560009002686,0.8993704096935207
DPDK,QoS score,holdout_test_testsize0.2_rs42_shuffleTrue,86,60.0,0.9996883273124695,0.9737672209739685,0.025921106338500977,2.5929187758135037
DPDK,QoS score,holdout_test_testsize0.2_rs42_shuffleTrue,87,0.10000000149011612,0.9196699857711792,0.8661934733390808,0.05347651243209839,5.814750210343795
DPDK,QoS score,holdout_test_testsize0.2_rs42_shuffleTrue,88,1.0,0.9580299854278564,0.9367800951004028,0.021249890327453613,2.218081965144693
DPDK,QoS score,holdout_test_testsize0.2_rs42_shuffleTrue,89,60.0,0.9996700286865234,0.9737672209739685,0.02590280771255493,2.591135771729487
DPDK,QoS score,holdout_test_testsize0.2_rs42_shuffleTrue,90,10.0,0.9800000190734863,0.9562844038009644,0.023715615272521973,2.4199606949950105
DPDK,QoS score,holdout_test_testsize0.2_rs42_shuffleTrue,91,200.0,0.9999020099639893,0.9752887487411499,0.024613261222839355,2.461567331355378
DPDK,QoS score,holdout_test_testsize0.2_rs42_shuffleTrue,92,2000.0,0.9799646139144897,0.9660636782646179,0.013900935649871826,1.4185140414758692
DPDK,QoS score,holdout_test_testsize0.2_rs42_shuffleTrue,93,60.0,0.9999433159828186,0.9737672209739685,0.026176095008850098,2.617757885917992
DPDK,QoS score,holdout_test_testsize0.2_rs42_shuffleTrue,94,4000.0,0.9798449873924255,0.9356552362442017,0.04418975114822388,4.509871634473749
DPDK,QoS score,holdout_test_testsize0.2_rs42_shuffleTrue,95,2000.0,0.5797899961471558,0.9660636782646179,0.38627368211746216,66.62303328521428
DPDK,QoS score,holdout_test_testsize0.2_rs42_shuffleTrue,96,2000.0,0.9799991846084595,0.9660636782646179,0.013935506343841553,1.4219916263919368
DPDK,QoS score,holdout_test_testsize0.2_rs42_shuffleTrue,97,4000.0,0.9797350168228149,0.9356552362442017,0.04407978057861328,4.499153324289633
DPDK,QoS score,holdout_test_testsize0.2_rs42_shuffleTrue,98,10.0,0.9798650145530701,0.9562844038009644,0.023580610752105713,2.406516244776956
DPDK,QoS score,holdout_test_testsize0.2_rs42_shuffleTrue,99,600.0,0.9794650077819824,0.9724431037902832,0.007021903991699219,0.716912185316396
DPDK,QoS score,holdout_test_testsize0.2_rs42_shuffleTrue,100,1.0,0.95933997631073,0.9367800951004028,0.02255988121032715,2.3516044121380397
DPDK,QoS score,holdout_test_testsize0.2_rs42_shuffleTrue,101,200.0,0.9996700286865234,0.9752887487411499,0.024381279945373535,2.4389327723877394
DPDK,QoS score,holdout_test_testsize0.2_rs42_shuffleTrue,102,800.0,0.9998645186424255,0.9712315797805786,0.028632938861846924,2.8636818616909756
DPDK,QoS score,holdout_test_testsize0.2_rs42_shuffleTrue,103,1.0,0.9199950098991394,0.9367800951004028,0.016785085201263428,1.8244756787434753
DPDK,QoS score,holdout_test_testsize0.2_rs42_shuffleTrue,104,20.0,0.9798200130462646,0.9652379751205444,0.014582037925720215,1.4882363833725538
DPDK,QoS score,holdout_test_testsize0.2_rs42_shuffleTrue,105,800.0,0.9799550175666809,0.9712315797805786,0.008723437786102295,0.8901875728707833
DPDK,QoS score,holdout_test_testsize0.2_rs42_shuffleTrue,106,4.0,0.9799450039863586,0.9460346698760986,0.03391033411026001,3.4604323683793234
DPDK,QoS score,holdout_test_testsize0.2_rs42_shuffleTrue,107,40.0,0.9799950122833252,0.9711564183235168,0.00883859395980835,0.901901933073618
DPDK,QoS score,holdout_test_testsize0.2_rs42_shuffleTrue,108,400.0,0.999908983707428,0.9741518497467041,0.025757133960723877,2.5759478492954893
DPDK,QoS score,holdout_test_testsize0.2_rs42_shuffleTrue,109,2.0,0.959975004196167,0.9396625757217407,0.02031242847442627,2.115933059260729
DPDK,QoS score,holdout_test_testsize0.2_rs42_shuffleTrue,110,0.10000000149011612,0.9196950197219849,0.8661934733390808,0.05350154638290405,5.817313917724276
DPDK,QoS score,holdout_test_testsize0.2_rs42_shuffleTrue,111,1.0,0.9393600225448608,0.9367800951004028,0.002579927444458008,0.2746473537875941
DPDK,QoS score,holdout_test_testsize0.2_rs42_shuffleTrue,112,2000.0,0.9798787832260132,0.9660636782646179,0.013815104961395264,1.4098789766538655
DPDK,QoS score,holdout_test_testsize0.2_rs42_shuffleTrue,113,100.0,0.9798970222473145,0.9749091267585754,0.004987895488739014,0.5090224151615116
DPDK,QoS score,holdout_test_testsize0.2_rs42_shuffleTrue,114,10.0,0.5798749923706055,0.9562844038009644,0.3764094114303589,64.91216492912508
DPDK,QoS score,holdout_test_testsize0.2_rs42_shuffleTrue,115,800.0,0.9797995090484619,0.9712315797805786,0.0085679292678833,0.8744573954935022
DPDK,QoS score,holdout_test_testsize0.2_rs42_shuffleTrue,116,800.0,0.9998300075531006,0.9712315797805786,0.028598427772521973,2.8603290115798132
DPDK,QoS score,holdout_test_testsize0.2_rs42_shuffleTrue,117,600.0,0.9800000190734863,0.9724431037902832,0.007556915283203125,0.771113789400494
DPDK,QoS score,holdout_test_testsize0.2_rs42_shuffleTrue,118,0.009999999776482582,0.8195549845695496,0.8593674898147583,0.03981250524520874,4.8578199138303395
DPDK,QoS score,holdout_test_testsize0.2_rs42_shuffleTrue,119,60.0,0.5997350215911865,0.9737672209739685,0.374032199382782,62.366242743406694
DPDK,QoS score,holdout_test_testsize0.2_rs42_shuffleTrue,120,4000.0,0.9797599911689758,0.9356552362442017,0.04410475492477417,4.5015876666030925
DPDK,QoS score,holdout_test_testsize0.2_rs42_shuffleTrue,121,4000.0,0.971114993095398,0.9356552362442017,0.03545975685119629,3.6514477794405633
DPDK,QoS score,holdout_test_testsize0.2_rs42_shuffleTrue,122,60.0,0.9799500107765198,0.9737672209739685,0.0061827898025512695,0.6309291019500046
DPDK,QoS score,holdout_test_testsize0.2_rs42_shuffleTrue,123,4.0,0.9597899913787842,0.9460346698760986,0.013755321502685547,1.4331595063754905
DPDK,QoS score,holdout_test_testsize0.2_rs42_shuffleTrue,124,200.0,0.9999849796295166,0.9752887487411499,0.0246962308883667,2.4696601840476022
DPDK,QoS score,holdout_test_testsize0.2_rs42_shuffleTrue,125,5000.0,0.9527342319488525,0.8879079222679138,0.06482630968093872,6.804238528129103
DPDK,QoS score,holdout_test_testsize0.2_rs42_shuffleTrue,126,4.0,0.9800000190734863,0.9460346698760986,0.033965349197387695,3.4658518914621337
DPDK,QoS score,holdout_test_testsize0.2_rs42_shuffleTrue,127,1000.0,0.9997850060462952,0.9702924489974976,0.029492557048797607,2.949889913375231
DPDK,QoS score,holdout_test_testsize0.2_rs42_shuffleTrue,128,60.0,0.9799649715423584,0.9737672209739685,0.006197750568389893,0.6324461331138507
DPDK,QoS score,holdout_test_testsize0.2_rs42_shuffleTrue,129,600.0,0.5999150276184082,0.9724431037902832,0.372528076171875,62.09680688459621
DPDK,QoS score,holdout_test_testsize0.2_rs42_shuffleTrue,130,20.0,0.9797800183296204,0.9652379751205444,0.014542043209075928,1.484215123499656
DPDK,QoS score,holdout_test_testsize0.2_rs42_shuffleTrue,131,4.0,0.959850013256073,0.9460346698760986,0.013815343379974365,1.439323143113678
DPDK,QoS score,holdout_test_testsize0.2_rs42_shuffleTrue,132,600.0,0.999750018119812,0.9724431037902832,0.02730691432952881,2.7313742270176475
DPDK,QoS score,holdout_test_testsize0.2_rs42_shuffleTrue,133,2000.0,0.9797899723052979,0.9660636782646179,0.013726294040679932,1.4009424906017394
DPDK,QoS score,holdout_test_testsize0.2_rs42_shuffleTrue,134,400.0,1.0,0.9741518497467041,0.0258481502532959,2.58481502532959
DPDK,QoS score,holdout_test_testsize0.2_rs42_shuffleTrue,135,3000.0,0.9797800183296204,0.9628877639770508,0.01689225435256958,1.7240864312959114
DPDK,QoS score,holdout_test_testsize0.2_rs42_shuffleTrue,136,2.0,0.9598000049591064,0.9396625757217407,0.020137429237365723,2.0980859692977085
DPDK,QoS score,holdout_test_testsize0.2_rs42_shuffleTrue,137,800.0,0.9999145269393921,0.9712315797805786,0.028682947158813477,2.868539898765971
DPDK,QoS score,holdout_test_testsize0.2_rs42_shuffleTrue,138,4000.0,0.9756699800491333,0.9356552362442017,0.04001474380493164,4.101258071188842
DPDK,QoS score,holdout_test_testsize0.2_rs42_shuffleTrue,139,10.0,0.9797850251197815,0.9562844038009644,0.02350062131881714,2.3985487342944563
DPDK,QoS score,holdout_test_testsize0.2_rs42_shuffleTrue,140,3000.0,0.9799299836158752,0.9628877639770508,0.017042219638824463,1.7391262563412773
DPDK,QoS score,holdout_test_testsize0.2_rs42_shuffleTrue,141,2.0,0.8398699760437012,0.9396625757217407,0.09979259967803955,11.881910596223886
DPDK,QoS score,holdout_test_testsize0.2_rs42_shuffleTrue,142,800.0,0.979794979095459,0.9712315797805786,0.008563399314880371,0.8739991016065475
DPDK,QoS score,holdout_test_testsize0.2_rs42_shuffleTrue,143,0.10000000149011612,0.9156399965286255,0.8661934733390808,0.04944652318954468,5.400214426740459
DPDK,QoS score,holdout_test_testsize0.2_rs42_shuffleTrue,144,2000.0,0.979960024356842,0.9660636782646179,0.013896346092224121,1.4180523436498786
DPDK,QoS score,holdout_test_testsize0.2_rs42_shuffleTrue,145,60.0,0.9998783469200134,0.9737672209739685,0.026111125946044922,2.6114302831416065
DPDK,QoS score,holdout_test_testsize0.2_rs42_shuffleTrue,146,5000.0,0.5599946975708008,0.8879079222679138,0.32791322469711304,58.556487430964395
DPDK,QoS score,holdout_test_testsize0.2_rs42_shuffleTrue,147,20.0,0.9998350143432617,0.9652379751205444,0.034597039222717285,3.4602748179850686
DPDK,QoS score,holdout_test_testsize0.2_rs42_shuffleTrue,148,4.0,0.9799000024795532,0.9460346698760986,0.03386533260345459,3.4559988282234166
DPDK,QoS score,holdout_test_testsize0.2_rs42_shuffleTrue,149,100.0,0.999970018863678,0.9749091267585754,0.02506089210510254,2.5061643481652216
DPDK,QoS score,holdout_test_testsize0.2_rs42_shuffleTrue,150,2.0,0.9598000049591064,0.9396625757217407,0.020137429237365723,2.0980859692977085
DPDK,QoS score,holdout_test_testsize0.2_rs42_shuffleTrue,151,0.10000000149011612,0.9156500101089478,0.8661934733390808,0.04945653676986694,5.401248973282096
DPDK,QoS score,holdout_test_testsize0.2_rs42_shuffleTrue,152,5000.0,0.9782400131225586,0.8879079222679138,0.09033209085464478,9.234143936343722
DPDK,QoS score,holdout_test_testsize0.2_rs42_shuffleTrue,153,200.0,0.97987300157547,0.9752887487411499,0.004584252834320068,0.46784152915218247
DPDK,QoS score,holdout_test_testsize0.2_rs42_shuffleTrue,154,4.0,0.9794099926948547,0.9460346698760986,0.033375322818756104,3.40769678354247
DPDK,QoS score,holdout_test_testsize0.2_rs42_shuffleTrue,155,600.0,0.9799950122833252,0.9724431037902832,0.007551908493041992,0.7706068294619717
DPDK,QoS score,holdout_test_testsize0.2_rs42_shuffleTrue,156,0.009999999776482582,0.7796449661254883,0.8593674898147583,0.07972252368927002,10.225490723740302
DPDK,QoS score,holdout_test_testsize0.2_rs42_shuffleTrue,157,10.0,0.9599900245666504,0.9562844038009644,0.003705620765686035,0.38600617411194366
DPDK,QoS score,holdout_test_testsize0.2_rs42_shuffleTrue,158,600.0,0.9799950122833252,0.9724431037902832,0.007551908493041992,0.7706068294619717
DPDK,QoS score,holdout_test_testsize0.2_rs42_shuffleTrue,159,1.0,0.9597449898719788,0.9367800951004028,0.022964894771575928,2.3928121546786336
DPDK,QoS score,holdout_test_testsize0.2_rs42_shuffleTrue,160,2000.0,0.8931547999382019,0.9660636782646179,0.07290887832641602,8.163073000498978
DPDK,QoS score,holdout_test_testsize0.2_rs42_shuffleTrue,161,800.0,0.9998250007629395,0.9712315797805786,0.02859342098236084,2.8598425685036855
DPDK,QoS score,holdout_test_testsize0.2_rs42_shuffleTrue,162,5000.0,0.9797000288963318,0.8879079222679138,0.09179210662841797,9.369409402980743
DPDK,QoS score,holdout_test_testsize0.2_rs42_shuffleTrue,163,10.0,0.9798799753189087,0.9562844038009644,0.023595571517944336,2.4080062979412347
DPDK,QoS score,holdout_test_testsize0.2_rs42_shuffleTrue,164,2.0,0.9798700213432312,0.9396625757217407,0.04020744562149048,4.103344805505231
DPDK,QoS score,holdout_test_testsize0.2_rs42_shuffleTrue,165,2.0,0.9599499702453613,0.9396625757217407,0.020287394523620605,2.113380400275984
DPDK,QoS score,holdout_test_testsize0.2_rs42_shuffleTrue,166,400.0,1.0,0.9741518497467041,0.0258481502532959,2.58481502532959
DPDK,QoS score,holdout_test_testsize0.2_rs42_shuffleTrue,167,4000.0,0.5797150135040283,0.9356552362442017,0.35594022274017334,61.399172774348024
DPDK,QoS score,holdout_test_testsize0.2_rs42_shuffleTrue,168,400.0,0.9948850274085999,0.9741518497467041,0.020733177661895752,2.0839772527183307
DPDK,QoS score,holdout_test_testsize0.2_rs42_shuffleTrue,169,1000.0,0.9998999834060669,0.9702924489974976,0.029607534408569336,2.961049594951888
DPDK,QoS score,holdout_test_testsize0.2_rs42_shuffleTrue,170,4000.0,0.7204049825668335,0.9356552362442017,0.21525025367736816,29.879062317201416
DPDK,QoS score,holdout_test_testsize0.2_rs42_shuffleTrue,171,8.0,0.9799500107765198,0.9541150331497192,0.025834977626800537,2.6363566858199947
DPDK,QoS score,holdout_test_testsize0.2_rs42_shuffleTrue,172,3000.0,0.9799349904060364,0.9628877639770508,0.017047226428985596,1.7396283014572296
DPDK,QoS score,holdout_test_testsize0.2_rs42_shuffleTrue,173,4000.0,0.9589400291442871,0.9356552362442017,0.02328479290008545,2.4281803024599675
DPDK,QoS score,holdout_test_testsize0.2_rs42_shuffleTrue,174,40.0,0.9799799919128418,0.9711564183235168,0.008823573589324951,0.9003830345660475
DPDK,QoS score,holdout_test_testsize0.2_rs42_shuffleTrue,175,6.0,0.9800000190734863,0.9507747888565063,0.02922523021697998,2.9821662906302957
DPDK,QoS score,holdout_test_testsize0.2_rs42_shuffleTrue,176,1.0,0.9597700238227844,0.9367800951004028,0.022989928722381592,2.3953580703439994
DPDK,QoS score,holdout_test_testsize0.2_rs42_shuffleTrue,177,3000.0,0.5797849893569946,0.9628877639770508,0.38310277462005615,66.07669768148583
DPDK,QoS score,holdout_test_testsize0.2_rs42_shuffleTrue,178,0.10000000149011612,0.915690004825592,0.8661934733390808,0.04949653148651123,5.405380775772326
DPDK,QoS score,holdout_test_testsize0.2_rs42_shuffleTrue,179,5000.0,0.976485013961792,0.8879079222679138,0.08857709169387817,9.071013935431889
DPDK,QoS score,holdout_test_testsize0.2_rs42_shuffleTrue,180,6.0,0.9792433381080627,0.9507747888565063,0.028468549251556396,2.907198664895568
DPDK,QoS score,holdout_test_testsize0.2_rs42_shuffleTrue,181,100.0,0.9998649954795837,0.9749091267585754,0.0249558687210083,2.4959238331009135
DPDK,QoS score,holdout_test_testsize0.2_rs42_shuffleTrue,182,800.0,0.9998189806938171,0.9712315797805786,0.028587400913238525,2.859257672163866
DPDK,QoS score,holdout_test_testsize0.2_rs42_shuffleTrue,183,200.0,0.9997450113296509,0.9752887487411499,0.024456262588500977,2.446250024891286
DPDK,QoS score,holdout_test_testsize0.2_rs42_shuffleTrue,184,1.0,0.9589999914169312,0.9367800951004028,0.02221989631652832,2.316986080854727
DPDK,QoS score,holdout_test_testsize0.2_rs42_shuffleTrue,185,6.0,0.9799333214759827,0.9507747888565063,0.02915853261947632,2.9755629266241836
DPDK,QoS score,holdout_test_testsize0.2_rs42_shuffleTrue,186,200.0,0.9999139904975891,0.9752887487411499,0.02462524175643921,2.462735994341364
DPDK,QoS score,holdout_test_testsize0.2_rs42_shuffleTrue,187,3000.0,0.5799999833106995,0.9628877639770508,0.3828877806663513,66.01513649720962
DPDK,QoS score,holdout_test_testsize0.2_rs42_shuffleTrue,188,20.0,0.999875009059906,0.9652379751205444,0.03463703393936157,3.4641363795988567
DPDK,QoS score,holdout_test_testsize0.2_rs42_shuffleTrue,189,2.0,0.9796749949455261,0.9396625757217407,0.0400124192237854,4.084254413986574
DPDK,QoS score,holdout_test_testsize0.2_rs42_shuffleTrue,190,4000.0,0.9553183913230896,0.9356552362442017,0.01966315507888794,2.0582828989249347
DPDK,QoS score,holdout_test_testsize0.2_rs42_shuffleTrue,191,400.0,0.9799849987030029,0.9741518497467041,0.005833148956298828,0.5952283926814107
DPDK,QoS score,holdout_test_testsize0.2_rs42_shuffleTrue,192,600.0,0.9799950122833252,0.9724431037902832,0.007551908493041992,0.7706068294619717
DPDK,QoS score,holdout_test_testsize0.2_rs42_shuffleTrue,193,400.0,0.979993999004364,0.9741518497467041,0.005842149257659912,0.5961413298035815
DPDK,QoS score,holdout_test_testsize0.2_rs42_shuffleTrue,194,0.10000000149011612,0.9157000184059143,0.8661934733390808,0.049506545066833496,5.4064152093189195
DPDK,QoS score,holdout_test_testsize0.2_rs42_shuffleTrue,195,3000.0,0.979449987411499,0.9628877639770508,0.016562223434448242,1.6909718359606154
DPDK,QoS score,holdout_test_testsize0.2_rs42_shuffleTrue,196,1.0,0.9397550225257874,0.9367800951004028,0.0029749274253845215,0.3165641421515135
DPDK,QoS score,holdout_test_testsize0.2_rs42_shuffleTrue,197,2.0,0.979889988899231,0.9396625757217407,0.040227413177490234,4.105298924696648
DPDK,QoS score,holdout_test_testsize0.2_rs42_shuffleTrue,198,1.0,0.9584699869155884,0.9367800951004028,0.021689891815185547,2.262970370620041
DPDK,QoS score,holdout_test_testsize0.2_rs42_shuffleTrue,199,10.0,0.9598850011825562,0.9562844038009644,0.003600597381591797,0.3751071614991321
DPDK,QoS score,holdout_test_testsize0.2_rs42_shuffleTrue,200,6.0,0.9793099761009216,0.9507747888565063,0.028535187244415283,2.913805428392228
DPDK,QoS score,holdout_test_testsize0.2_rs42_shuffleTrue,201,8.0,0.9595850110054016,0.9541150331497192,0.005469977855682373,0.5700357751473446
DPDK,QoS score,holdout_test_testsize0.2_rs42_shuffleTrue,202,4.0,0.9599649906158447,0.9460346698760986,0.013930320739746094,1.4511279969501178
DPDK,QoS score,holdout_test_testsize0.2_rs42_shuffleTrue,203,5000.0,0.9571638703346252,0.8879079222679138,0.06925594806671143,7.235537217101549
DPDK,QoS score,holdout_test_testsize0.2_rs42_shuffleTrue,204,1.0,0.9397649765014648,0.9367800951004028,0.0029848814010620117,0.3176199875179493
DPDK,QoS score,holdout_test_testsize0.2_rs42_shuffleTrue,205,4000.0,0.9573550224304199,0.9356552362442017,0.02169978618621826,2.2666394052155705
DPDK,QoS score,holdout_test_testsize0.2_rs42_shuffleTrue,206,2000.0,0.9797893762588501,0.9660636782646179,0.013725697994232178,1.4008825087123615
DPDK,QoS score,holdout_test_testsize0.2_rs42_shuffleTrue,207,10.0,0.9798499941825867,0.9562844038009644,0.023565590381622314,2.405020209372075
DPDK,QoS score,holdout_test_testsize0.2_rs42_shuffleTrue,208,2000.0,0.9799646139144897,0.9660636782646179,0.013900935649871826,1.4185140414758692
DPDK,QoS score,holdout_test_testsize0.2_rs42_shuffleTrue,209,80.0,0.9999750256538391,0.9746769070625305,0.025298118591308594,2.5298750411058797
DPDK,QoS score,holdout_test_testsize0.2_rs42_shuffleTrue,210,10.0,0.9798150062561035,0.9562844038009644,0.02353060245513916,2.4015352188828127
DPDK,QoS score,holdout_test_testsize0.2_rs42_shuffleTrue,211,200.0,0.9998980164527893,0.9752887487411499,0.024609267711639404,2.461177770803323
DPDK,QoS score,holdout_test_testsize0.2_rs42_shuffleTrue,212,40.0,0.9798449873924255,0.9711564183235168,0.008688569068908691,0.8867289398531097
DPDK,QoS score,holdout_test_testsize0.2_rs42_shuffleTrue,213,0.009999999776482582,0.8595849871635437,0.8593674898147583,0.0002174973487854004,0.025302599746779845
DPDK,QoS score,holdout_test_testsize0.2_rs42_shuffleTrue,214,2000.0,0.979943573474884,0.9660636782646179,0.013879895210266113,1.4163973912342673
DPDK,QoS score,holdout_test_testsize0.2_rs42_shuffleTrue,215,6.0,0.9798650145530701,0.9507747888565063,0.02909022569656372,2.968799300364058
DPDK,QoS score,holdout_test_testsize0.2_rs42_shuffleTrue,216,4.0,0.559785008430481,0.9460346698760986,0.3862496614456177,68.99964372546886
DPDK,QoS score,holdout_test_testsize0.2_rs42_shuffleTrue,217,4000.0,0.9486600160598755,0.9356552362442017,0.013004779815673828,1.3708577989496524
DPDK,QoS score,holdout_test_testsize0.2_rs42_shuffleTrue,218,400.0,0.9998949766159058,0.9741518497467041,0.02574312686920166,2.5745830783476857
DPDK,QoS score,holdout_test_testsize0.2_rs42_shuffleTrue,219,2.0,0.9597700238227844,0.9396625757217407,0.0201074481010437,2.0950277255956906
DPDK,QoS score,holdout_test_testsize0.2_rs42_shuffleTrue,220,800.0,0.9997940063476562,0.9712315797805786,0.028562426567077637,2.8568311457896143
DPDK,QoS score,holdout_test_testsize0.2_rs42_shuffleTrue,221,5000.0,0.7610300183296204,0.8879079222679138,0.12687790393829346,16.671865876825322
DPDK,QoS score,holdout_test_testsize0.2_rs42_shuffleTrue,222,4.0,0.9799000024795532,0.9460346698760986,0.03386533260345459,3.4559988282234166
DPDK,QoS score,holdout_test_testsize0.2_rs42_shuffleTrue,223,6.0,0.9798333048820496,0.9507747888565063,0.029058516025543213,2.9656591463831923
DPDK,QoS score,holdout_test_testsize0.2_rs42_shuffleTrue,224,400.0,0.979997992515564,0.9741518497467041,0.005846142768859863,0.5965464024934742
DPDK,QoS score,holdout_test_testsize0.2_rs42_shuffleTrue,225,100.0,0.9998570084571838,0.9749091267585754,0.0249478816986084,2.495144954487432
DPDK,QoS score,holdout_test_testsize0.2_rs42_shuffleTrue,226,200.0,0.9998980164527893,0.9752887487411499,0.024609267711639404,2.461177770803323
DPDK,QoS score,holdout_test_testsize0.2_rs42_shuffleTrue,227,2000.0,0.9798846244812012,0.9660636782646179,0.013820946216583252,1.410466688759479
DPDK,QoS score,holdout_test_testsize0.2_rs42_shuffleTrue,228,600.0,0.9999449849128723,0.9724431037902832,0.02750188112258911,2.7503394224218667
DPDK,QoS score,holdout_test_testsize0.2_rs42_shuffleTrue,229,4.0,0.9799950122833252,0.9460346698760986,0.03396034240722656,3.465358698928595
DPDK,QoS score,holdout_test_testsize0.2_rs42_shuffleTrue,230,2.0,0.9398000240325928,0.9396625757217407,0.00013744831085205078,0.014625272115047742
DPDK,QoS score,holdout_test_testsize0.2_rs42_shuffleTrue,231,0.10000000149011612,0.9196400046348572,0.8661934733390808,0.05344653129577637,5.8116796818769645
DPDK,QoS score,holdout_test_testsize0.2_rs42_shuffleTrue,232,40.0,0.9798399806022644,0.9711564183235168,0.008683562278747559,0.8862224904734093
DPDK,QoS score,holdout_test_testsize0.2_rs42_shuffleTrue,233,2.0,0.9196850061416626,0.9396625757217407,0.019977569580078125,2.1722186886453274
DPDK,QoS score,holdout_test_testsize0.2_rs42_shuffleTrue,234,80.0,0.9999799728393555,0.9746769070625305,0.02530306577682495,2.5303572535537002
DPDK,QoS score,holdout_test_testsize0.2_rs42_shuffleTrue,235,2000.0,0.9799799919128418,0.9660636782646179,0.013916313648223877,1.4200609974761176
DPDK,QoS score,holdout_test_testsize0.2_rs42_shuffleTrue,236,800.0,0.999793529510498,0.9712315797805786,0.028561949729919434,2.856784814751047
DPDK,QoS score,holdout_test_testsize0.2_rs42_shuffleTrue,237,10.0,0.9797449707984924,0.9562844038009644,0.023460566997528076,2.394558553172027
DPDK,QoS score,holdout_test_testsize0.2_rs42_shuffleTrue,238,200.0,0.9999529719352722,0.9752887487411499,0.024664223194122314,2.4665383159358067
DPDK,QoS score,holdout_test_testsize0.2_rs42_shuffleTrue,239,2.0,0.9197099804878235,0.9396625757217407,0.019952595233917236,2.169444244079441
DPDK,QoS score,holdout_test_testsize0.2_rs42_shuffleTrue,240,80.0,0.9800000190734863,0.9746769070625305,0.0053231120109558105,0.5431746844238226
DPDK,QoS score,holdout_test_testsize0.2_rs42_shuffleTrue,241,100.0,0.9999470114707947,0.9749091267585754,0.02503788471221924,2.5039211503209255
DPDK,QoS score,holdout_test_testsize0.2_rs42_shuffleTrue,242,100.0,0.9999709725379944,0.9749091267585754,0.025061845779418945,2.506257328231266
DPDK,QoS score,holdout_test_testsize0.2_rs42_shuffleTrue,243,800.0,0.9998120069503784,0.9712315797805786,0.028580427169799805,2.8585801101724795
DPDK,QoS score,holdout_test_testsize0.2_rs42_shuffleTrue,244,600.0,0.999970018863678,0.9724431037902832,0.027526915073394775,2.752774038633193
DPDK,QoS score,holdout_test_testsize0.2_rs42_shuffleTrue,245,10.0,0.9798600077629089,0.9562844038009644,0.02357560396194458,2.4060175714048566
DPDK,QoS score,holdout_test_testsize0.2_rs42_shuffleTrue,246,40.0,0.999904990196228,0.9711564183235168,0.02874857187271118,2.87513035284176
DPDK,QoS score,holdout_test_testsize0.2_rs42_shuffleTrue,247,0.10000000149011612,0.9157699942588806,0.8661934733390808,0.049576520919799805,5.4136432980555735
DPDK,QoS score,holdout_test_testsize0.2_rs42_shuffleTrue,248,80.0,0.5999900102615356,0.9746769070625305,0.3746868968009949,62.44885587972854
DPDK,QoS score,holdout_test_testsize0.2_rs42_shuffleTrue,249,5000.0,0.9563390612602234,0.8879079222679138,0.06843113899230957,7.155531104432135
DPDK,QoS score,holdout_test_testsize0.2_rs42_shuffleTrue,250,5000.0,0.7599992156028748,0.8879079222679138,0.12790870666503906,16.830110352623795
DPDK,QoS score,holdout_test_testsize0.2_rs42_shuffleTrue,251,1000.0,0.9996595978736877,0.9702924489974976,0.029367148876190186,2.9377148920147595
DPDK,QoS score,holdout_test_testsize0.2_rs42_shuffleTrue,252,80.0,0.9996150135993958,0.9746769070625305,0.024938106536865234,2.4947711066351985
DPDK,QoS score,holdout_test_testsize0.2_rs42_shuffleTrue,253,6.0,0.9798650145530701,0.9507747888565063,0.02909022569656372,2.968799300364058
DPDK,QoS score,holdout_test_testsize0.2_rs42_shuffleTrue,254,2.0,0.9798550009727478,0.9396625757217407,0.04019242525100708,4.101874788729576
DPDK,QoS score,holdout_test_testsize0.2_rs42_shuffleTrue,255,10.0,0.9800000190734863,0.9562844038009644,0.023715615272521973,2.4199606949950105
DPDK,QoS score,holdout_test_testsize0.2_rs42_shuffleTrue,256,4000.0,0.9798250198364258,0.9356552362442017,0.04416978359222412,4.507925670197515
DPDK,QoS score,holdout_test_testsize0.2_rs42_shuffleTrue,257,8.0,0.9797750115394592,0.9541150331497192,0.02565997838973999,2.6189664042790874
DPDK,QoS score,holdout_test_testsize0.2_rs42_shuffleTrue,258,2000.0,0.9797493815422058,0.9660636782646179,0.01368570327758789,1.3968575571893163
DPDK,QoS score,holdout_test_testsize0.2_rs42_shuffleTrue,259,8.0,0.9798650145530701,0.9541150331497192,0.02574998140335083,2.627911091926856
DPDK,QoS score,holdout_test_testsize0.2_rs42_shuffleTrue,260,40.0,0.9999499917030334,0.9711564183235168,0.0287935733795166,2.879501336909632
DPDK,QoS score,holdout_test_testsize0.2_rs42_shuffleTrue,261,3000.0,0.9800000190734863,0.9628877639770508,0.017112255096435547,1.746148445243282
DPDK,QoS score,holdout_test_testsize0.2_rs42_shuffleTrue,262,80.0,0.999970018863678,0.9746769070625305,0.02529311180114746,2.5293870140116246
DPDK,QoS score,holdout_test_testsize0.2_rs42_shuffleTrue,263,4.0,0.9398999810218811,0.9460346698760986,0.006134688854217529,0.6526959227669898
DPDK,QoS score,holdout_test_testsize0.2_rs42_shuffleTrue,264,400.0,0.9999139904975891,0.9741518497467041,0.02576214075088501,2.5764356730387328
DPDK,QoS score,holdout_test_testsize0.2_rs42_shuffleTrue,265,60.0,0.9998283386230469,0.9737672209739685,0.02606111764907837,2.606559210451013
DPDK,QoS score,holdout_test_testsize0.2_rs42_shuffleTrue,266,100.0,0.9999650120735168,0.9749091267585754,0.025055885314941406,2.5056761999088137
DPDK,QoS score,holdout_test_testsize0.2_rs42_shuffleTrue,267,2.0,0.9797700047492981,0.9396625757217407,0.04010742902755737,4.093555511307982
DPDK,QoS score,holdout_test_testsize0.2_rs42_shuffleTrue,268,100.0,0.9998700022697449,0.9749091267585754,0.024960875511169434,2.4964120790209976
DPDK,QoS score,holdout_test_testsize0.2_rs42_shuffleTrue,269,40.0,0.9799900054931641,0.9711564183235168,0.008833587169647217,0.9013956387444847
DPDK,QoS score,holdout_test_testsize0.2_rs42_shuffleTrue,270,5000.0,0.5770000219345093,0.8879079222679138,0.31090790033340454,53.883516206987814
DPDK,QoS score,holdout_test_testsize0.2_rs42_shuffleTrue,271,3000.0,0.9800000190734863,0.9628877639770508,0.017112255096435547,1.746148445243282
DPDK,QoS score,holdout_test_testsize0.2_rs42_shuffleTrue,272,400.0,0.9996619820594788,0.9741518497467041,0.025510132312774658,2.5518758110835944
DPDK,QoS score,holdout_test_testsize0.2_rs42_shuffleTrue,273,2.0,0.9799000024795532,0.9396625757217407,0.0402374267578125,4.106278870904697
DPDK,QoS score,holdout_test_testsize0.2_rs42_shuffleTrue,274,0.009999999776482582,0.7795599699020386,0.8593674898147583,0.07980751991271973,10.237508722099793
DPDK,QoS score,holdout_test_testsize0.2_rs42_shuffleTrue,275,100.0,0.9998599886894226,0.9749091267585754,0.024950861930847168,2.495435582291055
DPDK,QoS score,holdout_test_testsize0.2_rs42_shuffleTrue,276,4000.0,0.9797443151473999,0.9356552362442017,0.04408907890319824,4.500059681036798
DPDK,QoS score,holdout_test_testsize0.2_rs42_shuffleTrue,277,1.0,0.9599999785423279,0.9367800951004028,0.02321988344192505,2.4187379125968644
DPDK,QoS score,holdout_test_testsize0.2_rs42_shuffleTrue,278,80.0,0.9996700286865234,0.9746769070625305,0.02499312162399292,2.5001371359339077
DPDK,QoS score,holdout_test_testsize0.2_rs42_shuffleTrue,279,3000.0,0.9800000190734863,0.9628877639770508,0.017112255096435547,1.746148445243282
DPDK,QoS score,holdout_test_testsize0.2_rs42_shuffleTrue,280,4000.0,0.9798316955566406,0.9356552362442017,0.044176459312438965,4.508576270064666
DPDK,QoS score,holdout_test_testsize0.2_rs42_shuffleTrue,281,400.0,0.9799950122833252,0.9741518497467041,0.005843162536621094,0.5962441097538753
DPDK,QoS score,holdout_test_testsize0.2_rs42_shuffleTrue,282,80.0,0.9799900054931641,0.9746769070625305,0.005313098430633545,0.5421584302749919
DPDK,QoS score,holdout_test_testsize0.2_rs42_shuffleTrue,283,1000.0,0.9999114274978638,0.9702924489974976,0.02961897850036621,2.962160215978679
DPDK,QoS score,holdout_test_testsize0.2_rs42_shuffleTrue,284,4000.0,0.9113243222236633,0.9356552362442017,0.02433091402053833,2.6698413975356265
DPDK,QoS score,holdout_test_testsize0.2_rs42_shuffleTrue,285,100.0,0.9998559951782227,0.9749091267585754,0.024946868419647217,2.4950461406395306
DPDK,QoS score,holdout_test_testsize0.2_rs42_shuffleTrue,286,1.0,0.9597899913787842,0.9367800951004028,0.023009896278381348,2.3973886459606164
DPDK,QoS score,holdout_test_testsize0.2_rs42_shuffleTrue,287,1000.0,0.999976396560669,0.9702924489974976,0.029683947563171387,2.968464822296478
DPDK,QoS score,holdout_test_testsize0.2_rs42_shuffleTrue,288,60.0,0.99993497133255,0.9737672209739685,0.026167750358581543,2.616945212318101
DPDK,QoS score,holdout_test_testsize0.2_rs42_shuffleTrue,289,2000.0,0.9798600077629089,0.9660636782646179,0.013796329498291016,1.4079898545700453
DPDK,QoS score,holdout_test_testsize0.2_rs42_shuffleTrue,290,4.0,0.9799000024795532,0.9460346698760986,0.03386533260345459,3.4559988282234166
DPDK,QoS score,holdout_test_testsize0.2_rs42_shuffleTrue,291,100.0,0.999966025352478,0.9749091267585754,0.025056898593902588,2.5057749922123884
DPDK,QoS score,holdout_test_testsize0.2_rs42_shuffleTrue,292,2000.0,0.9799649715423584,0.9660636782646179,0.013901293277740479,1.4185500177482215
DPDK,QoS score,holdout_test_testsize0.2_rs42_shuffleTrue,293,10.0,0.9598349928855896,0.9562844038009644,0.003550589084625244,0.36991661180751173
DPDK,QoS score,holdout_test_testsize0.2_rs42_shuffleTrue,294,400.0,1.0,0.9741518497467041,0.0258481502532959,2.58481502532959
DPDK,QoS score,holdout_test_testsize0.2_rs42_shuffleTrue,295,0.009999999776482582,0.8396249413490295,0.8593674898147583,0.01974254846572876,2.35135326423347
DPDK,QoS score,holdout_test_testsize0.2_rs42_shuffleTrue,296,4.0,0.9799000024795532,0.9460346698760986,0.03386533260345459,3.4559988282234166
DPDK,QoS score,holdout_test_testsize0.2_rs42_shuffleTrue,297,1.0,0.9593650102615356,0.9367800951004028,0.022584915161132812,2.354152477895339
DPDK,QoS score,holdout_test_testsize0.2_rs42_shuffleTrue,298,0.009999999776482582,0.8596199750900269,0.8593674898147583,0.0002524852752685547,0.029371731996119824
DPDK,QoS score,holdout_test_testsize0.2_rs42_shuffleTrue,299,800.0,0.9998195171356201,0.9712315797805786,0.028587937355041504,2.8593097919255466
DPDK,QoS score,holdout_test_testsize0.2_rs42_shuffleTrue,300,400.0,0.9799950122833252,0.9741518497467041,0.005843162536621094,0.5962441097538753
DPDK,QoS score,holdout_test_testsize0.2_rs42_shuffleTrue,301,1000.0,0.9998049736022949,0.9702924489974976,0.029512524604797363,2.9518281448894785
DPDK,QoS score,holdout_test_testsize0.2_rs42_shuffleTrue,302,4.0,0.9800000190734863,0.9460346698760986,0.033965349197387695,3.4658518914621337
DPDK,QoS score,holdout_test_testsize0.2_rs42_shuffleTrue,303,600.0,0.9999300241470337,0.9724431037902832,0.02748692035675049,2.748884391205029
DPDK,QoS score,holdout_test_testsize0.2_rs42_shuffleTrue,304,80.0,0.6382799744606018,0.9746769070625305,0.3363969326019287,52.703663918989676
DPDK,QoS score,holdout_test_testsize0.2_rs42_shuffleTrue,305,1.0,0.9594100117683411,0.9367800951004028,0.022629916667938232,2.358732595069317
DPDK,QoS score,holdout_test_testsize0.2_rs42_shuffleTrue,306,0.009999999776482582,0.939734935760498,0.8593674898147583,0.08036744594573975,8.552139852148935
DPDK,QoS score,holdout_test_testsize0.2_rs42_shuffleTrue,307,600.0,0.9997749924659729,0.9724431037902832,0.027331888675689697,2.7338039940641874
DPDK,QoS score,holdout_test_testsize0.2_rs42_shuffleTrue,308,600.0,0.9798600077629089,0.9724431037902832,0.007416903972625732,0.7569350635667904
DPDK,QoS score,holdout_test_testsize0.2_rs42_shuffleTrue,309,60.0,0.9799000024795532,0.9737672209739685,0.006132781505584717,0.6258578926488659
DPDK,QoS score,holdout_test_testsize0.2_rs42_shuffleTrue,310,5000.0,0.9797149896621704,0.8879079222679138,0.09180706739425659,9.370793380012886
DPDK,QoS score,holdout_test_testsize0.2_rs42_shuffleTrue,311,2.0,0.9798449873924255,0.9396625757217407,0.040182411670684814,4.1008947525076085
DPDK,QoS score,holdout_test_testsize0.2_rs42_shuffleTrue,312,2000.0,0.9797695875167847,0.9660636782646179,0.013705909252166748,1.3988910685525793
DPDK,QoS score,holdout_test_testsize0.2_rs42_shuffleTrue,313,2.0,0.93989497423172,0.9396625757217407,0.00023239850997924805,0.02472600836803208
DPDK,QoS score,holdout_test_testsize0.2_rs42_shuffleTrue,314,600.0,0.9999650120735168,0.9724431037902832,0.027521908283233643,2.7522871251429595
DPDK,QoS score,holdout_test_testsize0.2_rs42_shuffleTrue,315,400.0,0.9995549917221069,0.9741518497467041,0.025403141975402832,2.54144516167504
DPDK,QoS score,holdout_test_testsize0.2_rs42_shuffleTrue,316,100.0,0.9999709725379944,0.9749091267585754,0.025061845779418945,2.506257328231266
DPDK,QoS score,holdout_test_testsize0.2_rs42_shuffleTrue,317,600.0,0.9799799919128418,0.9724431037902832,0.007536888122558594,0.7690859185652553
DPDK,QoS score,holdout_test_testsize0.2_rs42_shuffleTrue,318,0.10000000149011612,0.8757749795913696,0.8661934733390808,0.009581506252288818,1.094060286668555
DPDK,QoS score,holdout_test_testsize0.2_rs42_shuffleTrue,319,20.0,1.0,0.9652379751205444,0.034762024879455566,3.4762024879455566
DPDK,QoS score,holdout_test_testsize0.2_rs42_shuffleTrue,320,20.0,0.5998799800872803,0.9652379751205444,0.36535799503326416,60.905182229969725
DPDK,QoS score,holdout_test_testsize0.2_rs42_shuffleTrue,321,2.0,0.959755003452301,0.9396625757217407,0.020092427730560303,2.093495491900176
DPDK,QoS score,holdout_test_testsize0.2_rs42_shuffleTrue,322,40.0,0.9999899864196777,0.9711564183235168,0.02883356809616089,2.8833856826302218
DPDK,QoS score,holdout_test_testsize0.2_rs42_shuffleTrue,323,60.0,0.9996399879455566,0.9737672209739685,0.025872766971588135,2.5882084834122545
DPDK,QoS score,holdout_test_testsize0.2_rs42_shuffleTrue,324,200.0,0.999983012676239,0.9752887487411499,0.02469426393508911,2.469468343167174
DPDK,QoS score,holdout_test_testsize0.2_rs42_shuffleTrue,325,100.0,0.9999409914016724,0.9749091267585754,0.025031864643096924,2.5033341825509505
DPDK,QoS score,holdout_test_testsize0.2_rs42_shuffleTrue,326,600.0,0.9999200105667114,0.9724431037902832,0.027476906776428223,2.747910481444961
DPDK,QoS score,holdout_test_testsize0.2_rs42_shuffleTrue,327,20.0,0.9999799728393555,0.9652379751205444,0.034741997718811035,3.4742693516315306
DPDK,QoS score,holdout_test_testsize0.2_rs42_shuffleTrue,328,80.0,0.9996749758720398,0.9746769070625305,0.024998068809509277,2.5006196426696463
DPDK,QoS score,holdout_test_testsize0.2_rs42_shuffleTrue,329,40.0,0.9799900054931641,0.9711564183235168,0.008833587169647217,0.9013956387444847
DPDK,QoS score,holdout_test_testsize0.2_rs42_shuffleTrue,330,20.0,0.9998800158500671,0.9652379751205444,0.034642040729522705,3.4646197724105035
DPDK,QoS score,holdout_test_testsize0.2_rs42_shuffleTrue,331,80.0,0.9996500015258789,0.9746769070625305,0.02497309446334839,2.4981838068553124
DPDK,QoS score,holdout_test_testsize0.2_rs42_shuffleTrue,332,20.0,0.999845027923584,0.9652379751205444,0.03460705280303955,3.46124167611348
DPDK,QoS score,holdout_test_testsize0.2_rs42_shuffleTrue,333,600.0,0.9999949932098389,0.9724431037902832,0.027551889419555664,2.7552027366775205
DPDK,QoS score,holdout_test_testsize0.2_rs42_shuffleTrue,334,4.0,0.9794650077819824,0.9460346698760986,0.03343033790588379,3.413122229000037
DPDK,QoS score,holdout_test_testsize0.2_rs42_shuffleTrue,335,80.0,0.9996899962425232,0.9746769070625305,0.025013089179992676,2.502084573618614
DPDK,QoS score,holdout_test_testsize0.2_rs42_shuffleTrue,336,5000.0,0.9762349724769592,0.8879079222679138,0.08832705020904541,9.047724441272265
DPDK,QoS score,holdout_test_testsize0.2_rs42_shuffleTrue,337,6.0,0.9799649715423584,0.9507747888565063,0.02919018268585205,2.978696538500746
DPDK,QoS score,holdout_test_testsize0.2_rs42_shuffleTrue,338,10.0,0.9599549770355225,0.9562844038009644,0.0036705732345581055,0.38236931130805296
DPDK,QoS score,holdout_test_testsize0.2_rs42_shuffleTrue,339,1000.0,1.0,0.9702924489974976,0.02970755100250244,2.970755100250244
DPDK,QoS score,holdout_test_testsize0.2_rs42_shuffleTrue,340,8.0,0.9798849821090698,0.9541150331497192,0.025769948959350586,2.6298952866778564
DPDK,QoS score,holdout_test_testsize0.2_rs42_shuffleTrue,341,800.0,0.9998794794082642,0.9712315797805786,0.028647899627685547,2.8651352705667663
DPDK,QoS score,holdout_test_testsize0.2_rs42_shuffleTrue,342,60.0,0.9999499917030334,0.9737672209739685,0.02618277072906494,2.6184080150320894
DPDK,QoS score,holdout_test_testsize0.2_rs42_shuffleTrue,343,5000.0,0.5599997043609619,0.8879079222679138,0.3279082179069519,58.55506982474948
DPDK,QoS score,holdout_test_testsize0.2_rs42_shuffleTrue,344,8.0,0.9798750281333923,0.9541150331497192,0.025759994983673096,2.6289061608952786
DPDK,QoS score,holdout_test_testsize0.2_rs42_shuffleTrue,345,0.009999999776482582,0.7995849847793579,0.8593674898147583,0.05978250503540039,7.47669180554924
DPDK,QoS score,holdout_test_testsize0.2_rs42_shuffleTrue,346,3000.0,0.9800000190734863,0.9628877639770508,0.017112255096435547,1.746148445243282
DPDK,QoS score,holdout_test_testsize0.2_rs42_shuffleTrue,347,0.009999999776482582,0.8596149682998657,0.8593674898147583,0.0002474784851074219,0.02878945740054775
DPDK,QoS score,holdout_test_testsize0.2_rs42_shuffleTrue,348,600.0,0.9999250173568726,0.9724431037902832,0.027481913566589355,2.748397438763259
DPDK,QoS score,holdout_test_testsize0.2_rs42_shuffleTrue,349,10.0,0.9799200296401978,0.9562844038009644,0.0236356258392334,2.4119953796547877
DPDK,QoS score,holdout_test_testsize0.2_rs42_shuffleTrue,350,10.0,0.9598900079727173,0.9562844038009644,0.0036056041717529297,0.37562680534282744
DPDK,QoS score,holdout_test_testsize0.2_rs42_shuffleTrue,351,6.0,0.9798683524131775,0.9507747888565063,0.029093563556671143,2.9691298310656498
DPDK,QoS score,holdout_test_testsize0.2_rs42_shuffleTrue,352,5000.0,0.8944054245948792,0.8879079222679138,0.006497502326965332,0.7264605231915242
DPDK,QoS score,holdout_test_testsize0.2_rs42_shuffleTrue,353,60.0,0.9996500015258789,0.9737672209739685,0.0258827805519104,2.589184265733265
DPDK,QoS score,holdout_test_testsize0.2_rs42_shuffleTrue,354,2.0,0.9797800183296204,0.9396625757217407,0.04011744260787964,4.094535697540957
DPDK,QoS score,holdout_test_testsize0.2_rs42_shuffleTrue,355,6.0,0.9792749881744385,0.9507747888565063,0.02850019931793213,2.9103366941968076
DPDK,QoS score,holdout_test_testsize0.2_rs42_shuffleTrue,356,20.0,0.9998700022697449,0.9652379751205444,0.03463202714920044,3.463652981946088
DPDK,QoS score,holdout_test_testsize0.2_rs42_shuffleTrue,357,4000.0,0.9720100164413452,0.9356552362442017,0.036354780197143555,3.740165181655547
DPDK,QoS score,holdout_test_testsize0.2_rs42_shuffleTrue,358,4.0,0.9598399996757507,0.9460346698760986,0.0138053297996521,1.4382949037668529
DPDK,QoS score,holdout_test_testsize0.2_rs42_shuffleTrue,359,0.009999999776482582,0.819599986076355,0.8593674898147583,0.03976750373840332,4.852062520008209
DPDK,QoS score,holdout_test_testsize0.2_rs42_shuffleTrue,360,8.0,0.959879994392395,0.9541150331497192,0.005764961242675781,0.6005918736044714
DPDK,QoS score,holdout_test_testsize0.2_rs42_shuffleTrue,361,1.0,0.9582599997520447,0.9367800951004028,0.021479904651641846,2.241552883058867
DPDK,QoS score,holdout_test_testsize0.2_rs42_shuffleTrue,362,80.0,0.9996950030326843,0.9746769070625305,0.02501809597015381,2.502572874152484
DPDK,QoS score,holdout_test_testsize0.2_rs42_shuffleTrue,363,100.0,0.9799010157585144,0.9749091267585754,0.004991888999938965,0.5094278829862097
DPDK,QoS score,holdout_test_testsize0.2_rs42_shuffleTrue,364,4000.0,0.9797599911689758,0.9356552362442017,0.04410475492477417,4.5015876666030925
DPDK,QoS score,holdout_test_testsize0.2_rs42_shuffleTrue,365,200.0,0.9996520280838013,0.9752887487411499,0.024363279342651367,2.4371760030690384
DPDK,QoS score,holdout_test_testsize0.2_rs42_shuffleTrue,366,4000.0,0.9797599911689758,0.9356552362442017,0.04410475492477417,4.5015876666030925
DPDK,QoS score,holdout_test_testsize0.2_rs42_shuffleTrue,367,20.0,0.9999799728393555,0.9652379751205444,0.034741997718811035,3.4742693516315306
DPDK,QoS score,holdout_test_testsize0.2_rs42_shuffleTrue,368,0.10000000149011612,0.9197099804878235,0.8661934733390808,0.053516507148742676,5.81884597146124
DPDK,QoS score,holdout_test_testsize0.2_rs42_shuffleTrue,369,100.0,0.9998520016670227,0.9749091267585754,0.024942874908447266,2.494656695877067
DPDK,QoS score,holdout_test_testsize0.2_rs42_shuffleTrue,370,80.0,0.9999750256538391,0.9746769070625305,0.025298118591308594,2.5298750411058797
DPDK,QoS score,holdout_test_testsize0.2_rs42_shuffleTrue,371,200.0,0.9996700286865234,0.9752887487411499,0.024381279945373535,2.4389327723877394
DPDK,QoS score,holdout_test_testsize0.2_rs42_shuffleTrue,372,80.0,0.9996749758720398,0.9746769070625305,0.024998068809509277,2.5006196426696463
DPDK,QoS score,holdout_test_testsize0.2_rs42_shuffleTrue,373,600.0,0.9999150037765503,0.9724431037902832,0.02747189998626709,2.7474235192500625
DPDK,QoS score,holdout_test_testsize0.2_rs42_shuffleTrue,374,0.009999999776482582,0.9397649765014648,0.8593674898147583,0.08039748668670654,8.555063095244135
DPDK,QoS score,holdout_test_testsize0.2_rs42_shuffleTrue,375,40.0,0.9999449849128723,0.9711564183235168,0.02878856658935547,2.8790150481992653
DPDK,QoS score,holdout_test_testsize0.2_rs42_shuffleTrue,376,100.0,0.9999459981918335,0.9749091267585754,0.025036871433258057,2.5038223542602633
DPDK,QoS score,holdout_test_testsize0.2_rs42_shuffleTrue,377,80.0,0.9999849796295166,0.9746769070625305,0.025308072566986084,2.530845270932214
DPDK,QoS score,holdout_test_testsize0.2_rs42_shuffleTrue,378,40.0,0.9799950122833252,0.9711564183235168,0.00883859395980835,0.901901933073618
DPDK,QoS score,holdout_test_testsize0.2_rs42_shuffleTrue,379,0.009999999776482582,0.819599986076355,0.8593674898147583,0.03976750373840332,4.852062520008209
DPDK,QoS score,holdout_test_testsize0.2_rs42_shuffleTrue,380,20.0,0.9798449873924255,0.9652379751205444,0.014607012271881104,1.4907472569465756
DPDK,QoS score,holdout_test_testsize0.2_rs42_shuffleTrue,381,1.0,0.9598349928855896,0.9367800951004028,0.023054897785186768,2.4019647081084137
DPDK,QoS score,holdout_test_testsize0.2_rs42_shuffleTrue,382,4.0,0.93989497423172,0.9460346698760986,0.006139695644378662,0.6532320964262325
DPDK,QoS score,holdout_test_testsize0.2_rs42_shuffleTrue,383,8.0,0.9798399806022644,0.9541150331497192,0.025724947452545166,2.6254233305251717
DPDK,QoS score,holdout_test_testsize0.2_rs42_shuffleTrue,384,1000.0,0.999705970287323,0.9702924489974976,0.02941352128982544,2.942217228268805
DPDK,QoS score,holdout_test_testsize0.2_rs42_shuffleTrue,385,1.0,0.9579049944877625,0.9367800951004028,0.02112489938735962,2.2053230235693793
DPDK,QoS score,holdout_test_testsize0.2_rs42_shuffleTrue,386,40.0,0.9799699783325195,0.9711564183235168,0.008813560009002686,0.8993704096935207
DPDK,QoS score,holdout_test_testsize0.2_rs42_shuffleTrue,387,60.0,0.9799050092697144,0.9737672209739685,0.00613778829574585,0.6263656413308988
DPDK,QoS score,holdout_test_testsize0.2_rs42_shuffleTrue,388,2000.0,0.9798848032951355,0.9660636782646179,0.013821125030517578,1.410484679835854
DPDK,QoS score,holdout_test_testsize0.2_rs42_shuffleTrue,389,3000.0,0.9799249768257141,0.9628877639770508,0.01703721284866333,1.7386242060950656
DPDK,QoS score,holdout_test_testsize0.2_rs42_shuffleTrue,390,20.0,0.9798300266265869,0.9652379751205444,0.01459205150604248,1.4892431451892534
DPDK,QoS score,holdout_test_testsize0.2_rs42_shuffleTrue,391,2.0,0.9599999785423279,0.9396625757217407,0.020337402820587158,2.118479507829536
DPDK,QoS score,holdout_test_testsize0.2_rs42_shuffleTrue,392,200.0,0.9993849992752075,0.9752887487411499,0.024096250534057617,2.411107886503514
DPDK,QoS score,holdout_test_testsize0.2_rs42_shuffleTrue,393,0.009999999776482582,0.8595849871635437,0.8593674898147583,0.0002174973487854004,0.025302599746779845
DPDK,QoS score,holdout_test_testsize0.2_rs42_shuffleTrue,394,100.0,1.0,0.9749091267585754,0.02509087324142456,2.509087324142456
DPDK,QoS score,holdout_test_testsize0.2_rs42_shuffleTrue,395,100.0,0.9998610019683838,0.9749091267585754,0.02495187520980835,2.495534395349619
DPDK,QoS score,holdout_test_testsize0.2_rs42_shuffleTrue,396,200.0,0.999970018863678,0.9752887487411499,0.024681270122528076,2.46820101172381
DPDK,QoS score,holdout_test_testsize0.2_rs42_shuffleTrue,397,60.0,0.9999483227729797,0.9737672209739685,0.02618110179901123,2.6182454835673723
DPDK,QoS score,holdout_test_testsize0.2_rs42_shuffleTrue,398,1000.0,0.9796518087387085,0.9702924489974976,0.009359359741210938,0.9553761507633018
DPDK,QoS score,holdout_test_testsize0.2_rs42_shuffleTrue,399,800.0,0.9797750115394592,0.9712315797805786,0.008543431758880615,0.8719789398850717
DPDK,QoS score,holdout_test_testsize0.2_rs42_shuffleTrue,400,800.0,0.9799649715423584,0.9712315797805786,0.008733391761779785,0.8911942789173755
DPDK,QoS score,holdout_test_testsize0.2_rs42_shuffleTrue,401,2.0,0.9799799919128418,0.9396625757217407,0.040317416191101074,4.114106055614945
DPDK,QoS score,holdout_test_testsize0.2_rs42_shuffleTrue,402,6.0,0.9799150228500366,0.9507747888565063,0.029140233993530273,2.9737511227021782
DPDK,QoS score,holdout_test_testsize0.2_rs42_shuffleTrue,403,2.0,0.9199150204658508,0.9396625757217407,0.019747555255889893,2.1466716834224107
DPDK,QoS score,holdout_test_testsize0.2_rs42_shuffleTrue,404,60.0,0.9998233318328857,0.9737672209739685,0.026056110858917236,2.6060714957662494
DPDK,QoS score,holdout_test_testsize0.2_rs42_shuffleTrue,405,1000.0,0.9996899962425232,0.9702924489974976,0.029397547245025635,2.9406663421181056
DPDK,QoS score,holdout_test_testsize0.2_rs42_shuffleTrue,406,5000.0,0.9783350229263306,0.8879079222679138,0.09042710065841675,9.242958550940681
DPDK,QoS score,holdout_test_testsize0.2_rs42_shuffleTrue,407,1000.0,0.9799900054931641,0.9702924489974976,0.009697556495666504,0.9895566731608009
DPDK,QoS score,holdout_test_testsize0.2_rs42_shuffleTrue,408,600.0,0.9999600052833557,0.9724431037902832,0.02751690149307251,2.7518002067767826
DPDK,QoS score,holdout_test_testsize0.2_rs42_shuffleTrue,409,6.0,0.979889988899231,0.9507747888565063,0.02911520004272461,2.9712723236851777
DPDK,QoS score,holdout_test_testsize0.2_rs42_shuffleTrue,410,40.0,0.9998499751091003,0.9711564183235168,0.028693556785583496,2.869786217922599
DPDK,QoS score,holdout_test_testsize0.2_rs42_shuffleTrue,411,5000.0,0.9703629016876221,0.8879079222679138,0.08245497941970825,8.497334273219366
DPDK,QoS score,holdout_test_testsize0.2_rs42_shuffleTrue,412,3000.0,0.9798150062561035,0.9628877639770508,0.016927242279052734,1.7275957370496018
DPDK,QoS score,holdout_test_testsize0.2_rs42_shuffleTrue,413,20.0,1.0,0.9652379751205444,0.034762024879455566,3.4762024879455566
DPDK,QoS score,holdout_test_testsize0.2_rs42_shuffleTrue,414,600.0,0.9999750256538391,0.9724431037902832,0.027531921863555908,2.7532609472475587
DPDK,QoS score,holdout_test_testsize0.2_rs42_shuffleTrue,415,800.0,0.9999179840087891,0.9712315797805786,0.02868640422821045,2.8688757165065955
DPDK,QoS score,holdout_test_testsize0.2_rs42_shuffleTrue,416,20.0,0.9797800183296204,0.9652379751205444,0.014542043209075928,1.484215123499656
DPDK,QoS score,holdout_test_testsize0.2_rs42_shuffleTrue,417,3000.0,0.9800000190734863,0.9628877639770508,0.017112255096435547,1.746148445243282
DPDK,QoS score,holdout_test_testsize0.2_rs42_shuffleTrue,418,800.0,0.999904990196228,0.9712315797805786,0.028673410415649414,2.8676134929602015
DPDK,QoS score,holdout_test_testsize0.2_rs42_shuffleTrue,419,1.0,0.91975998878479,0.9367800951004028,0.017020106315612793,1.8504943162509366
DPDK,QoS score,holdout_test_testsize0.2_rs42_shuffleTrue,420,20.0,0.9798049926757812,0.9652379751205444,0.014567017555236816,1.486726202063461
DPDK,QoS score,holdout_test_testsize0.2_rs42_shuffleTrue,421,60.0,0.9799233078956604,0.9737672209739685,0.0061560869216918945,0.6282212977372488
DPDK,QoS score,holdout_test_testsize0.2_rs42_shuffleTrue,422,200.0,0.9999099969863892,0.9752887487411499,0.024621248245239258,2.462346443124361
DPDK,QoS score,holdout_test_testsize0.2_rs42_shuffleTrue,423,4000.0,0.9359636902809143,0.9356552362442017,0.0003084540367126465,0.03295576953632347
DPDK,QoS score,holdout_test_testsize0.2_rs42_shuffleTrue,424,1.0,0.9193450212478638,0.9367800951004028,0.017435073852539062,1.8964668812665935
DPDK,QoS score,holdout_test_testsize0.2_rs42_shuffleTrue,425,0.10000000149011612,0.9196599721908569,0.8661934733390808,0.05346649885177612,5.813724688311239
DPDK,QoS score,holdout_test_testsize0.2_rs42_shuffleTrue,426,20.0,0.9998599886894226,0.9652379751205444,0.034622013568878174,3.462686172116894
DPDK,QoS score,holdout_test_testsize0.2_rs42_shuffleTrue,427,0.009999999776482582,0.7996099591255188,0.8593674898147583,0.0597575306892395,7.473334968788084
DPDK,QoS score,holdout_test_testsize0.2_rs42_shuffleTrue,428,2000.0,0.9799872040748596,0.9660636782646179,0.0139235258102417,1.4207864911242354
DPDK,QoS score,holdout_test_testsize0.2_rs42_shuffleTrue,429,100.0,0.9999899864196777,0.9749091267585754,0.025080859661102295,2.5081110812819993
DPDK,QoS score,holdout_test_testsize0.2_rs42_shuffleTrue,430,2.0,0.9798650145530701,0.9396625757217407,0.040202438831329346,4.102854804920883
DPDK,QoS score,holdout_test_testsize0.2_rs42_shuffleTrue,431,20.0,0.9999799728393555,0.9652379751205444,0.034741997718811035,3.4742693516315306
DPDK,QoS score,holdout_test_testsize0.2_rs42_shuffleTrue,432,2.0,0.9398900270462036,0.9396625757217407,0.00022745132446289062,0.024199780603875846
DPDK,QoS score,holdout_test_testsize0.2_rs42_shuffleTrue,433,200.0,0.9999799728393555,0.9752887487411499,0.024691224098205566,2.4691718603220623
DPDK,QoS score,holdout_test_testsize0.2_rs42_shuffleTrue,434,100.0,0.9999250173568726,0.9749091267585754,0.02501589059829712,2.5017766496554175
DPDK,QoS score,holdout_test_testsize0.2_rs42_shuffleTrue,435,600.0,0.9999849796295166,0.9724431037902832,0.0275418758392334,2.754228953462617
DPDK,QoS score,holdout_test_testsize0.2_rs42_shuffleTrue,436,3000.0,0.9798499941825867,0.9628877639770508,0.01696223020553589,1.731104792186703
DPDK,QoS score,holdout_test_testsize0.2_rs42_shuffleTrue,437,4000.0,0.916424572467804,0.9356552362442017,0.019230663776397705,2.0984447988569537
DPDK,QoS score,holdout_test_testsize0.2_rs42_shuffleTrue,438,200.0,0.9994959831237793,0.9752887487411499,0.024207234382629395,2.42194413898225
DPDK,QoS score,holdout_test_testsize0.2_rs42_shuffleTrue,439,100.0,0.9999799728393555,0.9749091267585754,0.02507084608078003,2.507134818869778
DPDK,QoS score,holdout_test_testsize0.2_rs42_shuffleTrue,440,6.0,0.9798750281333923,0.9507747888565063,0.029100239276885986,2.9697908857132864
DPDK,QoS score,holdout_test_testsize0.2_rs42_shuffleTrue,441,600.0,0.5999150276184082,0.9724431037902832,0.372528076171875,62.09680688459621
DPDK,QoS score,holdout_test_testsize0.2_rs42_shuffleTrue,442,40.0,0.9799950122833252,0.9711564183235168,0.00883859395980835,0.901901933073618
DPDK,QoS score,holdout_test_testsize0.2_rs42_shuffleTrue,443,2000.0,0.9800000190734863,0.9660636782646179,0.013936340808868408,1.4220755650641856
DPDK,QoS score,holdout_test_testsize0.2_rs42_shuffleTrue,444,40.0,0.9798600077629089,0.9711564183235168,0.00870358943939209,0.8882482569385612
DPDK,QoS score,holdout_test_testsize0.2_rs42_shuffleTrue,445,0.009999999776482582,0.8997549414634705,0.8593674898147583,0.04038745164871216,4.4887168480587745
DPDK,QoS score,holdout_test_testsize0.2_rs42_shuffleTrue,446,40.0,0.999904990196228,0.9711564183235168,0.02874857187271118,2.87513035284176
DPDK,QoS score,holdout_test_testsize0.2_rs42_shuffleTrue,447,200.0,0.9997450113296509,0.9752887487411499,0.024456262588500977,2.446250024891286
DPDK,QoS score,holdout_test_testsize0.2_rs42_shuffleTrue,448,80.0,0.999845027923584,0.9746769070625305,0.025168120861053467,2.517202182154274
DPDK,QoS score,holdout_test_testsize0.2_rs42_shuffleTrue,449,60.0,0.9799699783325195,0.9737672209739685,0.006202757358551025,0.6329538144735216
DPDK,QoS score,holdout_test_testsize0.2_rs42_shuffleTrue,450,0.10000000149011612,0.8957099914550781,0.8661934733390808,0.029516518115997314,3.295320851344733
DPDK,QoS score,holdout_test_testsize0.2_rs42_shuffleTrue,451,40.0,0.9798449873924255,0.9711564183235168,0.008688569068908691,0.8867289398531097
DPDK,QoS score,holdout_test_testsize0.2_rs42_shuffleTrue,452,3000.0,0.9800000190734863,0.9628877639770508,0.017112255096435547,1.746148445243282
DPDK,QoS score,holdout_test_testsize0.2_rs42_shuffleTrue,453,5000.0,0.9784898161888123,0.8879079222679138,0.09058189392089844,9.257315959987416
DPDK,QoS score,holdout_test_testsize0.2_rs42_shuffleTrue,454,20.0,0.9998850226402283,0.9652379751205444,0.03464704751968384,3.4651031603811013
DPDK,QoS score,holdout_test_testsize0.2_rs42_shuffleTrue,455,0.10000000149011612,0.9196500182151794,0.8661934733390808,0.05345654487609863,5.812705248442771
DPDK,QoS score,holdout_test_testsize0.2_rs42_shuffleTrue,456,3000.0,0.9800000190734863,0.9628877639770508,0.017112255096435547,1.746148445243282
DPDK,QoS score,holdout_test_testsize0.2_rs42_shuffleTrue,457,2000.0,0.9799540042877197,0.9660636782646179,0.013890326023101807,1.4174467334513319
DPDK,QoS score,holdout_test_testsize0.2_rs42_shuffleTrue,458,6.0,0.9798033237457275,0.9507747888565063,0.02902853488922119,2.9626899792753196
DPDK,QoS score,holdout_test_testsize0.2_rs42_shuffleTrue,459,10.0,0.9798049926757812,0.9562844038009644,0.023520588874816895,2.400537765232626
DPDK,QoS score,holdout_test_testsize0.2_rs42_shuffleTrue,460,400.0,0.9997580051422119,0.9741518497467041,0.025606155395507812,2.561235345333937
DPDK,QoS score,holdout_test_testsize0.2_rs42_shuffleTrue,461,2000.0,0.9799649715423584,0.9660636782646179,0.013901293277740479,1.4185500177482215
DPDK,QoS score,holdout_test_testsize0.2_rs42_shuffleTrue,462,10.0,0.9798700213432312,0.9562844038009644,0.023585617542266846,2.407014913052965
DPDK,QoS score,holdout_test_testsize0.2_rs42_shuffleTrue,463,2000.0,0.9798589944839478,0.9660636782646179,0.013795316219329834,1.4078878998906645
DPDK,QoS score,holdout_test_testsize0.2_rs42_shuffleTrue,464,40.0,0.9999449849128723,0.9711564183235168,0.02878856658935547,2.8790150481992653
DPDK,QoS score,holdout_test_testsize0.2_rs42_shuffleTrue,465,0.009999999776482582,0.8995899558067322,0.8593674898147583,0.04022246599197388,4.471199987543577
DPDK,QoS score,holdout_test_testsize0.2_rs42_shuffleTrue,466,40.0,1.0,0.9711564183235168,0.028843581676483154,2.8843581676483154
DPDK,QoS score,holdout_test_testsize0.2_rs42_shuffleTrue,467,10.0,0.9798449873924255,0.9562844038009644,0.02356058359146118,2.4045215207112376
DPDK,QoS score,holdout_test_testsize0.2_rs42_shuffleTrue,468,0.009999999776482582,0.8996849656105042,0.8593674898147583,0.04031747579574585,4.481288154947371
DPDK,QoS score,holdout_test_testsize0.2_rs42_shuffleTrue,469,5000.0,0.9719150066375732,0.8879079222679138,0.08400708436965942,8.64345995235627
DPDK,QoS score,holdout_test_testsize0.2_rs42_shuffleTrue,470,800.0,0.9999154806137085,0.9712315797805786,0.028683900833129883,2.868632538374628
DPDK,QoS score,holdout_test_testsize0.2_rs42_shuffleTrue,471,80.0,0.5799850225448608,0.9746769070625305,0.3946918845176697,68.05208223926867
DPDK,QoS score,holdout_test_testsize0.2_rs42_shuffleTrue,472,8.0,0.9799299836158752,0.9541150331497192,0.025814950466156006,2.634366832097594
DPDK,QoS score,holdout_test_testsize0.2_rs42_shuffleTrue,473,8.0,0.9796199798583984,0.9541150331497192,0.0255049467086792,2.6035551778319053
DPDK,QoS score,holdout_test_testsize0.2_rs42_shuffleTrue,474,200.0,0.9999899864196777,0.9752887487411499,0.024701237678527832,2.470148502883225
DPDK,QoS score,holdout_test_testsize0.2_rs42_shuffleTrue,475,800.0,0.9797509908676147,0.9712315797805786,0.008519411087036133,0.8695486063751567
DPDK,QoS score,holdout_test_testsize0.2_rs42_shuffleTrue,476,5000.0,0.9779300093650818,0.8879079222679138,0.09002208709716797,9.205371165121985
DPDK,QoS score,holdout_test_testsize0.2_rs42_shuffleTrue,477,400.0,0.9998769760131836,0.9741518497467041,0.025725126266479492,2.57282914634693
DPDK,QoS score,holdout_test_testsize0.2_rs42_shuffleTrue,478,8.0,0.9798499941825867,0.9541150331497192,0.02573496103286743,2.626418450340057
DPDK,QoS score,holdout_test_testsize0.2_rs42_shuffleTrue,479,40.0,1.0,0.9711564183235168,0.028843581676483154,2.8843581676483154
DPDK,QoS score,holdout_test_testsize0.2_rs42_shuffleTrue,480,800.0,0.9797599911689758,0.9712315797805786,0.008528411388397217,0.870459241576272
DPDK,QoS score,holdout_test_testsize0.2_rs42_shuffleTrue,481,400.0,0.9799339771270752,0.9741518497467041,0.005782127380371094,0.5900527500151455
DPDK,QoS score,holdout_test_testsize0.2_rs42_shuffleTrue,482,2.0,0.9599999785423279,0.9396625757217407,0.020337402820587158,2.118479507829536
DPDK,QoS score,holdout_test_testsize0.2_rs42_shuffleTrue,483,10.0,0.9598850011825562,0.9562844038009644,0.003600597381591797,0.3751071614991321
DPDK,QoS score,holdout_test_testsize0.2_rs42_shuffleTrue,484,40.0,0.9998499751091003,0.9711564183235168,0.028693556785583496,2.869786217922599
DPDK,QoS score,holdout_test_testsize0.2_rs42_shuffleTrue,485,200.0,0.9999629855155945,0.9752887487411499,0.02467423677444458,2.467515011240362
DPDK,QoS score,holdout_test_testsize0.2_rs42_shuffleTrue,486,60.0,0.999970018863678,0.9737672209739685,0.026202797889709473,2.62035835029186
DPDK,QoS score,holdout_test_testsize0.2_rs42_shuffleTrue,487,80.0,0.9799950122833252,0.9746769070625305,0.005318105220794678,0.5426665599454262
DPDK,QoS score,holdout_test_testsize0.2_rs42_shuffleTrue,488,60.0,0.9999499917030334,0.9737672209739685,0.02618277072906494,2.6184080150320894
DPDK,QoS score,holdout_test_testsize0.2_rs42_shuffleTrue,489,800.0,0.9798150062561035,0.9712315797805786,0.008583426475524902,0.8760252109551149
DPDK,QoS score,holdout_test_testsize0.2_rs42_shuffleTrue,490,400.0,0.9999979734420776,0.9741518497467041,0.025846123695373535,2.584617607414642
DPDK,QoS score,holdout_test_testsize0.2_rs42_shuffleTrue,491,1.0,0.9593449831008911,0.9367800951004028,0.02256488800048828,2.352114035928117
DPDK,QoS score,holdout_test_testsize0.2_rs42_shuffleTrue,492,0.10000000149011612,0.895799994468689,0.8661934733390808,0.029606521129608154,3.305036985088192
DPDK,QoS score,holdout_test_testsize0.2_rs42_shuffleTrue,493,0.10000000149011612,0.9197049736976624,0.8661934733390808,0.05351150035858154,5.8183332578315
DPDK,QoS score,holdout_test_testsize0.2_rs42_shuffleTrue,494,200.0,0.9997299909591675,0.9752887487411499,0.024441242218017578,2.444784335675276
DPDK,QoS score,holdout_test_testsize0.2_rs42_shuffleTrue,495,400.0,0.9998869895935059,0.9741518497467041,0.025735139846801758,2.5738048514126706
DPDK,QoS score,holdout_test_testsize0.2_rs42_shuffleTrue,496,600.0,0.9997599720954895,0.9724431037902832,0.0273168683052063,2.732342669005876
DPDK,QoS score,holdout_test_testsize0.2_rs42_shuffleTrue,497,0.009999999776482582,0.819599986076355,0.8593674898147583,0.03976750373840332,4.852062520008209
DPDK,QoS score,holdout_test_testsize0.2_rs42_shuffleTrue,498,2000.0,0.9800000190734863,0.9660636782646179,0.013936340808868408,1.4220755650641856
DPDK,QoS score,holdout_test_testsize0.2_rs42_shuffleTrue,499,10.0,0.9798250198364258,0.9562844038009644,0.023540616035461426,2.402532652145518
DPDK,QoS score,holdout_test_testsize0.2_rs42_shuffleTrue,500,0.009999999776482582,0.8595999479293823,0.8593674898147583,0.00023245811462402344,0.02704259291592236
DPDK,QoS score,holdout_test_testsize0.2_rs42_shuffleTrue,501,1.0,0.9393600225448608,0.9367800951004028,0.002579927444458008,0.2746473537875941
DPDK,QoS score,holdout_test_testsize0.2_rs42_shuffleTrue,502,6.0,0.9198033213615417,0.9507747888565063,0.0309714674949646,3.367183698480126
DPDK,QoS score,holdout_test_testsize0.2_rs42_shuffleTrue,503,60.0,0.9998783469200134,0.9737672209739685,0.026111125946044922,2.6114302831416065
DPDK,QoS score,holdout_test_testsize0.2_rs42_shuffleTrue,504,40.0,0.9799849987030029,0.9711564183235168,0.008828580379486084,0.9008893392419877
DPDK,QoS score,holdout_test_testsize0.2_rs42_shuffleTrue,505,1000.0,1.0,0.9702924489974976,0.02970755100250244,2.970755100250244
DPDK,QoS score,holdout_test_testsize0.2_rs42_shuffleTrue,506,0.009999999776482582,0.8595999479293823,0.8593674898147583,0.00023245811462402344,0.02704259291592236
DPDK,QoS score,holdout_test_testsize0.2_rs42_shuffleTrue,507,80.0,0.9998400211334229,0.9746769070625305,0.025163114070892334,2.516714028146955
DPDK,QoS score,holdout_test_testsize0.2_rs42_shuffleTrue,508,80.0,0.999845027923584,0.9746769070625305,0.025168120861053467,2.517202182154274
DPDK,QoS score,holdout_test_testsize0.2_rs42_shuffleTrue,509,5000.0,0.9727849960327148,0.8879079222679138,0.08487707376480103,8.725162714366803
DPDK,QoS score,holdout_test_testsize0.2_rs42_shuffleTrue,510,80.0,0.9996150135993958,0.9746769070625305,0.024938106536865234,2.4947711066351985
DPDK,QoS score,holdout_test_testsize0.2_rs42_shuffleTrue,511,6.0,0.9799050092697144,0.9507747888565063,0.029130220413208008,2.972759618293782
DPDK,QoS score,holdout_test_testsize0.2_rs42_shuffleTrue,512,4000.0,0.9798449873924255,0.9356552362442017,0.04418975114822388,4.509871634473749
DPDK,QoS score,holdout_test_testsize0.2_rs42_shuffleTrue,513,100.0,0.9998599886894226,0.9749091267585754,0.024950861930847168,2.495435582291055
DPDK,QoS score,holdout_test_testsize0.2_rs42_shuffleTrue,514,60.0,0.9998850226402283,0.9737672209739685,0.026117801666259766,2.6120804967450035
DPDK,QoS score,holdout_test_testsize0.2_rs42_shuffleTrue,515,800.0,0.9998195171356201,0.9712315797805786,0.028587937355041504,2.8593097919255466
DPDK,QoS score,holdout_test_testsize0.2_rs42_shuffleTrue,516,0.10000000149011612,0.8757749795913696,0.8661934733390808,0.009581506252288818,1.094060286668555
DPDK,QoS score,holdout_test_testsize0.2_rs42_shuffleTrue,517,4000.0,0.9797998070716858,0.9356552362442017,0.04414457082748413,4.505468413942477
DPDK,QoS score,holdout_test_testsize0.2_rs42_shuffleTrue,518,20.0,0.9998549818992615,0.9652379751205444,0.03461700677871704,3.4622027599403222
DPDK,QoS score,holdout_test_testsize0.2_rs42_shuffleTrue,519,5000.0,0.9759387969970703,0.8879079222679138,0.0880308747291565,9.020122470796778
DPDK,QoS score,holdout_test_testsize0.2_rs42_shuffleTrue,520,4000.0,0.9798300266265869,0.9356552362442017,0.044174790382385254,4.508413620928996
DPDK,QoS score,holdout_test_testsize0.2_rs42_shuffleTrue,521,2000.0,0.9799799919128418,0.9660636782646179,0.013916313648223877,1.4200609974761176
DPDK,QoS score,holdout_test_testsize0.2_rs42_shuffleTrue,522,400.0,0.9800000190734863,0.9741518497467041,0.0058481693267822266,0.5967519605062064
DPDK,QoS score,holdout_test_testsize0.2_rs42_shuffleTrue,523,1.0,0.9589499831199646,0.9367800951004028,0.022169888019561768,2.3118920079055174
DPDK,QoS score,holdout_test_testsize0.2_rs42_shuffleTrue,524,400.0,0.5999000072479248,0.9741518497467041,0.3742518424987793,62.385703946842874
DPDK,QoS score,holdout_test_testsize0.2_rs42_shuffleTrue,525,0.10000000149011612,0.8997899889945984,0.8661934733390808,0.03359651565551758,3.7338174536768785
DPDK,QoS score,holdout_test_testsize0.2_rs42_shuffleTrue,526,4000.0,0.9797499775886536,0.9356552362442017,0.044094741344451904,4.500611620627667
DPDK,QoS score,holdout_test_testsize0.2_rs42_shuffleTrue,527,0.009999999776482582,0.8595999479293823,0.8593674898147583,0.00023245811462402344,0.02704259291592236
DPDK,QoS score,holdout_test_testsize0.2_rs42_shuffleTrue,528,2000.0,0.9799988269805908,0.9660636782646179,0.0139351487159729,1.4219556526314996
DPDK,QoS score,holdout_test_testsize0.2_rs42_shuffleTrue,529,6.0,0.9800000190734863,0.9507747888565063,0.02922523021697998,2.9821662906302957
DPDK,QoS score,holdout_test_testsize0.2_rs42_shuffleTrue,530,60.0,0.9998300075531006,0.9737672209739685,0.02606278657913208,2.606721780927134
DPDK,QoS score,holdout_test_testsize0.2_rs42_shuffleTrue,531,0.10000000149011612,0.9197199940681458,0.8661934733390808,0.05352652072906494,5.819871381973996
DPDK,QoS score,holdout_test_testsize0.2_rs42_shuffleTrue,532,100.0,0.9998649954795837,0.9749091267585754,0.0249558687210083,2.4959238331009135
DPDK,QoS score,holdout_test_testsize0.2_rs42_shuffleTrue,533,2.0,0.9199249744415283,0.9396625757217407,0.019737601280212402,2.145566413412657
DPDK,QoS score,holdout_test_testsize0.2_rs42_shuffleTrue,534,5000.0,0.9783949851989746,0.8879079222679138,0.09048706293106079,9.248520720152566
DPDK,QoS score,holdout_test_testsize0.2_rs42_shuffleTrue,535,4.0,0.9798600077629089,0.9460346698760986,0.0338253378868103,3.45205821431941
DPDK,QoS score,holdout_test_testsize0.2_rs42_shuffleTrue,536,100.0,0.9999449849128723,0.9749091267585754,0.025035858154296875,2.5037235579993746
DPDK,QoS score,holdout_test_testsize0.2_rs42_shuffleTrue,537,3000.0,0.5799400210380554,0.9628877639770508,0.38294774293899536,66.0323014530957
DPDK,QoS score,holdout_test_testsize0.2_rs42_shuffleTrue,538,1.0,0.9579100012779236,0.9367800951004028,0.021129906177520752,2.2058341753747093
DPDK,QoS score,holdout_test_testsize0.2_rs42_shuffleTrue,539,400.0,0.999904990196228,0.9741518497467041,0.025753140449523926,2.57555874828367
DPDK,QoS score,holdout_test_testsize0.2_rs42_shuffleTrue,540,8.0,0.9799100160598755,0.9541150331497192,0.02579498291015625,2.6323828195853545
DPDK,QoS score,holdout_test_testsize0.2_rs42_shuffleTrue,541,60.0,0.9999783039093018,0.9737672209739685,0.026211082935333252,2.6211651625704278
DPDK,QoS score,holdout_test_testsize0.2_rs42_shuffleTrue,542,4000.0,0.9733396768569946,0.9356552362442017,0.03768444061279297,3.871663871186221
DPDK,QoS score,holdout_test_testsize0.2_rs42_shuffleTrue,543,600.0,0.9999799728393555,0.9724431037902832,0.027536869049072266,2.753742054541726
DPDK,QoS score,holdout_test_testsize0.2_rs42_shuffleTrue,544,800.0,0.5997949838638306,0.9712315797805786,0.37143659591674805,61.927259465223216
DPDK,QoS score,holdout_test_testsize0.2_rs42_shuffleTrue,545,5000.0,0.96875,0.8879079222679138,0.08084207773208618,8.344988669118573
DPDK,QoS score,holdout_test_testsize0.2_rs42_shuffleTrue,546,1000.0,0.9799950122833252,0.9702924489974976,0.009702563285827637,0.9900625170756011
DPDK,QoS score,holdout_test_testsize0.2_rs42_shuffleTrue,547,8.0,0.9796000123023987,0.9541150331497192,0.025484979152679443,2.6015699094144487
DPDK,QoS score,holdout_test_testsize0.2_rs42_shuffleTrue,548,4000.0,0.979820191860199,0.9356552362442017,0.044164955615997314,4.507455141555072
DPDK,QoS score,holdout_test_testsize0.2_rs42_shuffleTrue,549,60.0,0.9998350143432617,0.9737672209739685,0.026067793369293213,2.6072094890991346
DPDK,QoS score,holdout_test_testsize0.2_rs42_shuffleTrue,550,3000.0,0.9797850251197815,0.9628877639770508,0.016897261142730713,1.7245886301094444
DPDK,QoS score,holdout_test_testsize0.2_rs42_shuffleTrue,551,0.10000000149011612,0.9157149791717529,0.8661934733390808,0.04952150583267212,5.407960660145954
DPDK,QoS score,holdout_test_testsize0.2_rs42_shuffleTrue,552,20.0,0.9998599886894226,0.9652379751205444,0.034622013568878174,3.462686172116894
DPDK,QoS score,holdout_test_testsize0.2_rs42_shuffleTrue,553,800.0,0.9799399971961975,0.9712315797805786,0.008708417415618896,0.8886684328158259
DPDK,QoS score,holdout_test_testsize0.2_rs42_shuffleTrue,554,2.0,0.9796850085258484,0.9396625757217407,0.040022432804107666,4.085234790346565
DPDK,QoS score,holdout_test_testsize0.2_rs42_shuffleTrue,555,4.0,0.959850013256073,0.9460346698760986,0.013815343379974365,1.439323143113678
DPDK,QoS score,holdout_test_testsize0.2_rs42_shuffleTrue,556,2000.0,0.9799795746803284,0.9660636782646179,0.01391589641571045,1.4200190264424488
DPDK,QoS score,holdout_test_testsize0.2_rs42_shuffleTrue,557,8.0,0.9799299836158752,0.9541150331497192,0.025814950466156006,2.634366832097594
DPDK,QoS score,holdout_test_testsize0.2_rs42_shuffleTrue,558,80.0,0.9995999932289124,0.9746769070625305,0.024923086166381836,2.493305955902938
DPDK,QoS score,holdout_test_testsize0.2_rs42_shuffleTrue,559,800.0,0.9797549843788147,0.9712315797805786,0.008523404598236084,0.8699526651186267
DPDK,QoS score,holdout_test_testsize0.2_rs42_shuffleTrue,560,5000.0,0.5599978566169739,0.8879079222679138,0.32791006565093994,58.55559298599658
DPDK,QoS score,holdout_test_testsize0.2_rs42_shuffleTrue,561,200.0,0.9997100234031677,0.9752887487411499,0.024421274662017822,2.4428358314227983
DPDK,QoS score,holdout_test_testsize0.2_rs42_shuffleTrue,562,0.009999999776482582,0.8995999693870544,0.8593674898147583,0.04023247957229614,4.472263332746518
DPDK,QoS score,holdout_test_testsize0.2_rs42_shuffleTrue,563,400.0,0.9995399713516235,0.9741518497467041,0.025388121604919434,2.5399806243454637
DPDK,QoS score,holdout_test_testsize0.2_rs42_shuffleTrue,564,20.0,0.9998700022697449,0.9652379751205444,0.03463202714920044,3.463652981946088
DPDK,QoS score,holdout_test_testsize0.2_rs42_shuffleTrue,565,10.0,0.9797899723052979,0.9562844038009644,0.023505568504333496,2.399041546529451
DPDK,QoS score,holdout_test_testsize0.2_rs42_shuffleTrue,566,600.0,0.9799950122833252,0.9724431037902832,0.007551908493041992,0.7706068294619717
DPDK,QoS score,holdout_test_testsize0.2_rs42_shuffleTrue,567,1000.0,1.0,0.9702924489974976,0.02970755100250244,2.970755100250244
DPDK,QoS score,holdout_test_testsize0.2_rs42_shuffleTrue,568,100.0,0.9998850226402283,0.9749091267585754,0.024975895881652832,2.4978767874433387
DPDK,QoS score,holdout_test_testsize0.2_rs42_shuffleTrue,569,1.0,0.9399750232696533,0.9367800951004028,0.0031949281692504883,0.3398950067989147
DPDK,QoS score,holdout_test_testsize0.2_rs42_shuffleTrue,570,60.0,0.9999399781227112,0.9737672209739685,0.026172757148742676,2.6174328181056876
DPDK,QoS score,holdout_test_testsize0.2_rs42_shuffleTrue,571,0.10000000149011612,0.9156950116157532,0.8661934733390808,0.04950153827667236,5.405897995373634
DPDK,QoS score,holdout_test_testsize0.2_rs42_shuffleTrue,572,8.0,0.979764997959137,0.9541150331497192,0.025649964809417725,2.617971132143619
DPDK,QoS score,holdout_test_testsize0.2_rs42_shuffleTrue,573,400.0,0.9998949766159058,0.9741518497467041,0.02574312686920166,2.5745830783476857
DPDK,QoS score,holdout_test_testsize0.2_rs42_shuffleTrue,574,10.0,0.9798650145530701,0.9562844038009644,0.023580610752105713,2.406516244776956
DPDK,QoS score,holdout_test_testsize0.2_rs42_shuffleTrue,575,400.0,1.0,0.9741518497467041,0.0258481502532959,2.58481502532959
DPDK,QoS score,holdout_test_testsize0.2_rs42_shuffleTrue,576,6.0,0.9800000190734863,0.9507747888565063,0.02922523021697998,2.9821662906302957
DPDK,QoS score,holdout_test_testsize0.2_rs42_shuffleTrue,577,5000.0,0.559994637966156,0.8879079222679138,0.3279132843017578,58.55650430738154
DPDK,QoS score,holdout_test_testsize0.2_rs42_shuffleTrue,578,100.0,0.9998949766159058,0.9749091267585754,0.024985849857330322,2.498847423145746
DPDK,QoS score,holdout_test_testsize0.2_rs42_shuffleTrue,579,100.0,0.5998650193214417,0.9749091267585754,0.3750441074371338,62.521416544905065
DPDK,QoS score,holdout_test_testsize0.2_rs42_shuffleTrue,580,2.0,0.9598000049591064,0.9396625757217407,0.020137429237365723,2.0980859692977085
DPDK,QoS score,holdout_test_testsize0.2_rs42_shuffleTrue,581,0.009999999776482582,0.7995899319648743,0.8593674898147583,0.05977755784988403,7.476026830776809
DPDK,QoS score,holdout_test_testsize0.2_rs42_shuffleTrue,582,4000.0,0.9562950134277344,0.9356552362442017,0.020639777183532715,2.15830647380997
DPDK,QoS score,holdout_test_testsize0.2_rs42_shuffleTrue,583,1000.0,0.9998313784599304,0.9702924489974976,0.02953892946243286,2.954391120223946
DPDK,QoS score,holdout_test_testsize0.2_rs42_shuffleTrue,584,800.0,0.9799330234527588,0.9712315797805786,0.008701443672180176,0.8879631019598617
DPDK,QoS score,holdout_test_testsize0.2_rs42_shuffleTrue,585,80.0,0.999625027179718,0.9746769070625305,0.0249481201171875,2.4957478493285254
DPDK,QoS score,holdout_test_testsize0.2_rs42_shuffleTrue,586,0.009999999776482582,0.9397599697113037,0.8593674898147583,0.08039247989654541,8.55457590104015
DPDK,QoS score,holdout_test_testsize0.2_rs42_shuffleTrue,587,4000.0,0.9797865152359009,0.9356552362442017,0.04413127899169922,4.504172930066693
DPDK,QoS score,holdout_test_testsize0.2_rs42_shuffleTrue,588,0.009999999776482582,0.779604971408844,0.8593674898147583,0.0797625184059143,10.231145430200813
DPDK,QoS score,holdout_test_testsize0.2_rs42_shuffleTrue,589,2.0,0.5600000023841858,0.9396625757217407,0.37966257333755493,67.79688780734843
DPDK,QoS score,holdout_test_testsize0.2_rs42_shuffleTrue,590,40.0,0.9999150037765503,0.9711564183235168,0.028758585453033447,2.8761030031968686
DPDK,QoS score,holdout_test_testsize0.2_rs42_shuffleTrue,591,8.0,0.9799799919128418,0.9541150331497192,0.02586495876312256,2.639335392209003
DPDK,QoS score,holdout_test_testsize0.2_rs42_shuffleTrue,592,80.0,0.9800000190734863,0.9746769070625305,0.0053231120109558105,0.5431746844238226
DPDK,QoS score,holdout_test_testsize0.2_rs42_shuffleTrue,593,4000.0,0.9798364043235779,0.9356552362442017,0.04418116807937622,4.509035169996192
DPDK,QoS score,holdout_test_testsize0.2_rs42_shuffleTrue,594,100.0,0.9998610019683838,0.9749091267585754,0.02495187520980835,2.495534395349619
DPDK,QoS score,holdout_test_testsize0.2_rs42_shuffleTrue,595,2.0,0.919920027256012,0.9396625757217407,0.01974254846572876,2.146115736236107
DPDK,QoS score,holdout_test_testsize0.2_rs42_shuffleTrue,596,0.10000000149011612,0.9156749844551086,0.8661934733390808,0.04948151111602783,5.403829083031337
DPDK,QoS score,holdout_test_testsize0.2_rs42_shuffleTrue,597,4000.0,0.9548785090446472,0.9356552362442017,0.019223272800445557,2.013164252662716
DPDK,QoS score,holdout_test_testsize0.2_rs42_shuffleTrue,598,10.0,0.9398549795150757,0.9562844038009644,0.016429424285888672,1.7480807830975733
DPDK,QoS score,holdout_test_testsize0.2_rs42_shuffleTrue,599,400.0,0.9998850226402283,0.9741518497467041,0.02573317289352417,2.573613196602836
DPDK,QoS score,holdout_test_testsize0.2_rs42_shuffleTrue,600,3000.0,0.9798449873924255,0.9628877639770508,0.016957223415374756,1.7306026599678292
DPDK,QoS score,holdout_test_testsize0.2_rs42_shuffleTrue,601,8.0,0.5798699855804443,0.9541150331497192,0.3742450475692749,64.53947555065454
DPDK,QoS score,holdout_test_testsize0.2_rs42_shuffleTrue,602,0.009999999776482582,0.7795999646186829,0.8593674898147583,0.07976752519607544,10.231853362780905
DPDK,QoS score,holdout_test_testsize0.2_rs42_shuffleTrue,603,20.0,0.999875009059906,0.9652379751205444,0.03463703393936157,3.4641363795988567
DPDK,QoS score,holdout_test_testsize0.2_rs42_shuffleTrue,604,80.0,0.9996899962425232,0.9746769070625305,0.025013089179992676,2.502084573618614
DPDK,QoS score,holdout_test_testsize0.2_rs42_shuffleTrue,605,40.0,0.9798399806022644,0.9711564183235168,0.008683562278747559,0.8862224904734093
DPDK,QoS score,holdout_test_testsize0.2_rs42_shuffleTrue,606,10.0,0.9800000190734863,0.9562844038009644,0.023715615272521973,2.4199606949950105
DPDK,QoS score,holdout_test_testsize0.2_rs42_shuffleTrue,607,40.0,0.9798550009727478,0.9711564183235168,0.008698582649230957,0.8877418230856063
DPDK,QoS score,holdout_test_testsize0.2_rs42_shuffleTrue,608,800.0,0.9998250007629395,0.9712315797805786,0.02859342098236084,2.8598425685036855
DPDK,QoS score,holdout_test_testsize0.2_rs42_shuffleTrue,609,800.0,0.999904990196228,0.9712315797805786,0.028673410415649414,2.8676134929602015
DPDK,QoS score,holdout_test_testsize0.2_rs42_shuffleTrue,610,4.0,0.9796199798583984,0.9460346698760986,0.033585309982299805,3.4284018979639916
DPDK,QoS score,holdout_test_testsize0.2_rs42_shuffleTrue,611,3000.0,0.9800000190734863,0.9628877639770508,0.017112255096435547,1.746148445243282
DPDK,QoS score,holdout_test_testsize0.2_rs42_shuffleTrue,612,1000.0,0.9799849987030029,0.9702924489974976,0.009692549705505371,0.9890508240772391
DPDK,QoS score,holdout_test_testsize0.2_rs42_shuffleTrue,613,0.10000000149011612,0.9157750010490417,0.8661934733390808,0.04958152770996094,5.414160427306285
DPDK,QoS score,holdout_test_testsize0.2_rs42_shuffleTrue,614,60.0,0.579954981803894,0.9737672209739685,0.39381223917007446,67.90393246475088
DPDK,QoS score,holdout_test_testsize0.2_rs42_shuffleTrue,615,0.10000000149011612,0.9157199859619141,0.8661934733390808,0.04952651262283325,5.408477851535406
DPDK,QoS score,holdout_test_testsize0.2_rs42_shuffleTrue,616,10.0,0.9797700047492981,0.9562844038009644,0.02348560094833374,2.3970524546057312
DPDK,QoS score,holdout_test_testsize0.2_rs42_shuffleTrue,617,4000.0,0.9561799764633179,0.9356552362442017,0.02052474021911621,2.14653524695553
DPDK,QoS score,holdout_test_testsize0.2_rs42_shuffleTrue,618,10.0,0.9800000190734863,0.9562844038009644,0.023715615272521973,2.4199606949950105
DPDK,QoS score,holdout_test_testsize0.2_rs42_shuffleTrue,619,200.0,0.9996659755706787,0.9752887487411499,0.02437722682952881,2.4385372139541506
DPDK,QoS score,holdout_test_testsize0.2_rs42_shuffleTrue,620,200.0,0.9997550249099731,0.9752887487411499,0.024466276168823242,2.4472271265679715
DPDK,QoS score,holdout_test_testsize0.2_rs42_shuffleTrue,621,2000.0,0.9797899723052979,0.9660636782646179,0.013726294040679932,1.4009424906017394
DPDK,QoS score,holdout_test_testsize0.2_rs42_shuffleTrue,622,6.0,0.9999333620071411,0.9507747888565063,0.049158573150634766,4.916184919759052
DPDK,QoS score,holdout_test_testsize0.2_rs42_shuffleTrue,623,4.0,0.9799699783325195,0.9460346698760986,0.0339353084564209,3.4628926606674173
DPDK,QoS score,holdout_test_testsize0.2_rs42_shuffleTrue,624,60.0,0.9996433258056641,0.9737672209739685,0.025876104831695557,2.5885337463580496
DPDK,QoS score,holdout_test_testsize0.2_rs42_shuffleTrue,625,800.0,0.999904990196228,0.9712315797805786,0.028673410415649414,2.8676134929602015
DPDK,QoS score,holdout_test_testsize0.2_rs42_shuffleTrue,626,60.0,0.99986332654953,0.9737672209739685,0.026096105575561523,2.6099672707886645
DPDK,QoS score,holdout_test_testsize0.2_rs42_shuffleTrue,627,200.0,0.9996880292892456,0.9752887487411499,0.024399280548095703,2.4406894784408903
DPDK,QoS score,holdout_test_testsize0.2_rs42_shuffleTrue,628,400.0,1.0,0.9741518497467041,0.0258481502532959,2.58481502532959
DPDK,QoS score,holdout_test_testsize0.2_rs42_shuffleTrue,629,4.0,0.9799000024795532,0.9460346698760986,0.03386533260345459,3.4559988282234166
DPDK,QoS score,holdout_test_testsize0.2_rs42_shuffleTrue,630,2.0,0.8998799920082092,0.9396625757217407,0.039782583713531494,4.4208765687468
DPDK,QoS score,holdout_test_testsize0.2_rs42_shuffleTrue,631,10.0,0.5598850250244141,0.9562844038009644,0.3963993787765503,70.80013950351058
DPDK,QoS score,holdout_test_testsize0.2_rs42_shuffleTrue,632,2.0,0.5799800157546997,0.9396625757217407,0.359682559967041,62.01637128806993
DPDK,QoS score,holdout_test_testsize0.2_rs42_shuffleTrue,633,5000.0,0.5600000023841858,0.8879079222679138,0.327907919883728,58.554985444226496
DPDK,QoS score,holdout_test_testsize0.2_rs42_shuffleTrue,634,400.0,0.9799399971961975,0.9741518497467041,0.005788147449493408,0.5906634555232407
DPDK,QoS score,holdout_test_testsize0.2_rs42_shuffleTrue,635,0.10000000149011612,0.91566002368927,0.8661934733390808,0.04946655035018921,5.402283497196305
DPDK,QoS score,holdout_test_testsize0.2_rs42_shuffleTrue,636,80.0,0.9797449707984924,0.9746769070625305,0.005068063735961914,0.5172839756280087
DPDK,QoS score,holdout_test_testsize0.2_rs42_shuffleTrue,637,200.0,0.9799060225486755,0.9752887487411499,0.004617273807525635,0.47119557399151285
DPDK,QoS score,holdout_test_testsize0.2_rs42_shuffleTrue,638,4.0,0.9800000190734863,0.9460346698760986,0.033965349197387695,3.4658518914621337
DPDK,QoS score,holdout_test_testsize0.2_rs42_shuffleTrue,639,5000.0,0.9795732498168945,0.8879079222679138,0.09166532754898071,9.357679741266429
DPDK,QoS score,holdout_test_testsize0.2_rs42_shuffleTrue,640,100.0,0.5799649953842163,0.9749091267585754,0.39494413137435913,68.09792565372257
DPDK,QoS score,holdout_test_testsize0.2_rs42_shuffleTrue,641,1000.0,0.9796591997146606,0.9702924489974976,0.009366750717163086,0.9561233865706852
DPDK,QoS score,holdout_test_testsize0.2_rs42_shuffleTrue,642,0.10000000149011612,0.9156799912452698,0.8661934733390808,0.049486517906188965,5.40434631960127
DPDK,QoS score,holdout_test_testsize0.2_rs42_shuffleTrue,643,8.0,0.9798700213432312,0.9541150331497192,0.025754988193511963,2.628408628953293
DPDK,QoS score,holdout_test_testsize0.2_rs42_shuffleTrue,644,20.0,0.9998549818992615,0.9652379751205444,0.03461700677871704,3.4622027599403222
DPDK,QoS score,holdout_test_testsize0.2_rs42_shuffleTrue,645,800.0,0.9794790148735046,0.9712315797805786,0.008247435092926025,0.8420226434346983
DPDK,QoS score,holdout_test_testsize0.2_rs42_shuffleTrue,646,80.0,0.9799849987030029,0.9746769070625305,0.005308091640472412,0.54165029541244
DPDK,QoS score,holdout_test_testsize0.2_rs42_shuffleTrue,647,40.0,0.9799749851226807,0.9711564183235168,0.008818566799163818,0.8998767247165849
DPDK,QoS score,holdout_test_testsize0.2_rs42_shuffleTrue,648,8.0,0.9799050092697144,0.9541150331497192,0.025789976119995117,2.6318853231718244
DPDK,QoS score,holdout_test_testsize0.2_rs42_shuffleTrue,649,200.0,0.9996700286865234,0.9752887487411499,0.024381279945373535,2.4389327723877394
DPDK,QoS score,holdout_test_testsize0.2_rs42_shuffleTrue,650,0.009999999776482582,0.799644947052002,0.8593674898147583,0.05972254276275635,7.468632545347968
DPDK,QoS score,holdout_test_testsize0.2_rs42_shuffleTrue,651,3000.0,0.9799299836158752,0.9628877639770508,0.017042219638824463,1.7391262563412773
DPDK,QoS score,holdout_test_testsize0.2_rs42_shuffleTrue,652,600.0,0.9999150037765503,0.9724431037902832,0.02747189998626709,2.7474235192500625
DPDK,QoS score,holdout_test_testsize0.2_rs42_shuffleTrue,653,10.0,0.9797549843788147,0.9562844038009644,0.023470580577850342,2.395556129038852
DPDK,QoS score,holdout_test_testsize0.2_rs42_shuffleTrue,654,100.0,0.9999099969863892,0.9749091267585754,0.02500087022781372,2.5003120584015956
DPDK,QoS score,holdout_test_testsize0.2_rs42_shuffleTrue,655,10.0,0.979640007019043,0.9562844038009644,0.023355603218078613,2.3841005931502965
DPDK,QoS score,holdout_test_testsize0.2_rs42_shuffleTrue,656,2.0,0.9599499702453613,0.9396625757217407,0.020287394523620605,2.113380400275984
DPDK,QoS score,holdout_test_testsize0.2_rs42_shuffleTrue,657,200.0,0.9996950030326843,0.9752887487411499,0.024406254291534424,2.4413700396116194
DPDK,QoS score,holdout_test_testsize0.2_rs42_shuffleTrue,658,80.0,0.9997000098228455,0.9746769070625305,0.02502310276031494,2.5030611697952496
DPDK,QoS score,holdout_test_testsize0.2_rs42_shuffleTrue,659,60.0,0.9799150228500366,0.9737672209739685,0.006147801876068115,0.6273811231291795
DPDK,QoS score,holdout_test_testsize0.2_rs42_shuffleTrue,660,600.0,0.9999250173568726,0.9724431037902832,0.027481913566589355,2.748397438763259
DPDK,QoS score,holdout_test_testsize0.2_rs42_shuffleTrue,661,1000.0,0.9997900128364563,0.9702924489974976,0.02949756383895874,2.9503759249677457
DPDK,QoS score,holdout_test_testsize0.2_rs42_shuffleTrue,662,2000.0,0.9800000190734863,0.9660636782646179,0.013936340808868408,1.4220755650641856
DPDK,QoS score,holdout_test_testsize0.2_rs42_shuffleTrue,663,600.0,0.9999099969863892,0.9724431037902832,0.027466893196105957,2.7469365521784894
DPDK,QoS score,holdout_test_testsize0.2_rs42_shuffleTrue,664,800.0,0.9794830083847046,0.9712315797805786,0.008251428604125977,0.8424269266021939
DPDK,QoS score,holdout_test_testsize0.2_rs42_shuffleTrue,665,60.0,0.9998499751091003,0.9737672209739685,0.026082754135131836,2.6086667784620157
DPDK,QoS score,holdout_test_testsize0.2_rs42_shuffleTrue,666,40.0,0.9799950122833252,0.9711564183235168,0.00883859395980835,0.901901933073618
DPDK,QoS score,holdout_test_testsize0.2_rs42_shuffleTrue,667,80.0,0.9998350143432617,0.9746769070625305,0.0251581072807312,2.5162258692506603
DPDK,QoS score,holdout_test_testsize0.2_rs42_shuffleTrue,668,0.009999999776482582,0.819599986076355,0.8593674898147583,0.03976750373840332,4.852062520008209
DPDK,QoS score,holdout_test_testsize0.2_rs42_shuffleTrue,669,80.0,0.9996349811553955,0.9746769070625305,0.02495807409286499,2.496718758683096
DPDK,QoS score,holdout_test_testsize0.2_rs42_shuffleTrue,670,6.0,0.9797966480255127,0.9507747888565063,0.029021859169006348,2.962028827868643
DPDK,QoS score,holdout_test_testsize0.2_rs42_shuffleTrue,671,1000.0,0.9997833967208862,0.9702924489974976,0.029490947723388672,2.9497336943295713
DPDK,QoS score,holdout_test_testsize0.2_rs42_shuffleTrue,672,1.0,0.5399649739265442,0.9367800951004028,0.39681512117385864,73.48904842628563
DPDK,QoS score,holdout_test_testsize0.2_rs42_shuffleTrue,673,400.0,0.9999300241470337,0.9741518497467041,0.02577817440032959,2.5779978376305928
DPDK,QoS score,holdout_test_testsize0.2_rs42_shuffleTrue,674,8.0,0.9799500107765198,0.9541150331497192,0.025834977626800537,2.6363566858199947
DPDK,QoS score,holdout_test_testsize0.2_rs42_shuffleTrue,675,6.0,0.9797833561897278,0.9507747888565063,0.029008567333221436,2.9607124013651993
DPDK,QoS score,holdout_test_testsize0.2_rs42_shuffleTrue,676,1.0,0.9593750238418579,0.9367800951004028,0.022594928741455078,2.355171666964263
DPDK,QoS score,holdout_test_testsize0.2_rs42_shuffleTrue,677,600.0,0.9999750256538391,0.9724431037902832,0.027531921863555908,2.7532609472475587
DPDK,QoS score,holdout_test_testsize0.2_rs42_shuffleTrue,678,2000.0,0.979964017868042,0.9660636782646179,0.013900339603424072,1.4184540809635968
DPDK,QoS score,holdout_test_testsize0.2_rs42_shuffleTrue,679,4000.0,0.9798250198364258,0.9356552362442017,0.04416978359222412,4.507925670197515
DPDK,QoS score,holdout_test_testsize0.2_rs42_shuffleTrue,680,100.0,0.9999390244483948,0.9749091267585754,0.025029897689819336,2.5031423994704878
DPDK,QoS score,holdout_test_testsize0.2_rs42_shuffleTrue,681,20.0,0.9797850251197815,0.9652379751205444,0.01454704999923706,1.4847185480772829
DPDK,QoS score,holdout_test_testsize0.2_rs42_shuffleTrue,682,5000.0,0.9792267084121704,0.8879079222679138,0.09131878614425659,9.32560206536148
DPDK,QoS score,holdout_test_testsize0.2_rs42_shuffleTrue,683,4.0,0.9599900245666504,0.9460346698760986,0.013955354690551758,1.4536978857516099
DPDK,QoS score,holdout_test_testsize0.2_rs42_shuffleTrue,684,600.0,0.9800000190734863,0.9724431037902832,0.007556915283203125,0.771113789400494
DPDK,QoS score,holdout_test_testsize0.2_rs42_shuffleTrue,685,4.0,0.9599499702453613,0.9460346698760986,0.013915300369262695,1.4495859993313998
DPDK,QoS score,holdout_test_testsize0.2_rs42_shuffleTrue,686,3000.0,0.9798049926757812,0.9628877639770508,0.01691722869873047,1.726591395756278
DPDK,QoS score,holdout_test_testsize0.2_rs42_shuffleTrue,687,1.0,0.9395949840545654,0.9367800951004028,0.0028148889541625977,0.29958535346961024
DPDK,QoS score,holdout_test_testsize0.2_rs42_shuffleTrue,688,2000.0,0.9797850251197815,0.9660636782646179,0.013721346855163574,1.4004446387089964
DPDK,QoS score,holdout_test_testsize0.2_rs42_shuffleTrue,689,60.0,0.9999549984931946,0.9737672209739685,0.026187777519226074,2.6188956061710513
DPDK,QoS score,holdout_test_testsize0.2_rs42_shuffleTrue,690,800.0,0.9794890284538269,0.9712315797805786,0.008257448673248291,0.8430363621615132
DPDK,QoS score,holdout_test_testsize0.2_rs42_shuffleTrue,691,6.0,0.9798949956893921,0.9507747888565063,0.029120206832885742,2.9717680936209505
DPDK,QoS score,holdout_test_testsize0.2_rs42_shuffleTrue,692,40.0,1.0,0.9711564183235168,0.028843581676483154,2.8843581676483154
DPDK,QoS score,holdout_test_testsize0.2_rs42_shuffleTrue,693,100.0,0.999904990196228,0.9749091267585754,0.024995863437652588,2.499823851538858
DPDK,QoS score,holdout_test_testsize0.2_rs42_shuffleTrue,694,2.0,0.9796500205993652,0.9396625757217407,0.03998744487762451,4.081809221333917
DPDK,QoS score,holdout_test_testsize0.2_rs42_shuffleTrue,695,4.0,0.9800000190734863,0.9460346698760986,0.033965349197387695,3.4658518914621337
DPDK,QoS score,holdout_test_testsize0.2_rs42_shuffleTrue,696,10.0,0.959879994392395,0.9562844038009644,0.003595590591430664,0.3745875122344514
DPDK,QoS score,holdout_test_testsize0.2_rs42_shuffleTrue,697,2000.0,0.9798700213432312,0.9660636782646179,0.013806343078613281,1.4089973953573138
DPDK,QoS score,holdout_test_testsize0.2_rs42_shuffleTrue,698,5000.0,0.9772142171859741,0.8879079222679138,0.0893062949180603,9.138865700831733
DPDK,QoS score,holdout_test_testsize0.2_rs42_shuffleTrue,699,200.0,0.9997130036354065,0.9752887487411499,0.024424254894256592,2.4431266578947164
DPDK,QoS score,holdout_test_testsize0.2_rs42_shuffleTrue,700,60.0,0.9998400211334229,0.9737672209739685,0.026072800159454346,2.607697192386649
DPDK,QoS score,holdout_test_testsize0.2_rs42_shuffleTrue,701,8.0,0.9799849987030029,0.9541150331497192,0.02586996555328369,2.639832812494298
DPDK,QoS score,holdout_test_testsize0.2_rs42_shuffleTrue,702,800.0,0.9999150037765503,0.9712315797805786,0.02868342399597168,2.8685862185923883
DPDK,QoS score,holdout_test_testsize0.2_rs42_shuffleTrue,703,8.0,0.9799050092697144,0.9541150331497192,0.025789976119995117,2.6318853231718244
DPDK,QoS score,holdout_test_testsize0.2_rs42_shuffleTrue,704,8.0,0.9797850251197815,0.9541150331497192,0.025669991970062256,2.619961656070833
DPDK,QoS score,holdout_test_testsize0.2_rs42_shuffleTrue,705,100.0,0.9999060034751892,0.9749091267585754,0.02499687671661377,2.4999226557033087
DPDK,QoS score,holdout_test_testsize0.2_rs42_shuffleTrue,706,600.0,0.9997599720954895,0.9724431037902832,0.0273168683052063,2.732342669005876
DPDK,QoS score,holdout_test_testsize0.2_rs42_shuffleTrue,707,2.0,0.9798449873924255,0.9396625757217407,0.040182411670684814,4.1008947525076085
DPDK,QoS score,holdout_test_testsize0.2_rs42_shuffleTrue,708,80.0,0.9996399879455566,0.9746769070625305,0.024963080883026123,2.4972071129657216
DPDK,QoS score,holdout_test_testsize0.2_rs42_shuffleTrue,709,10.0,0.9798700213432312,0.9562844038009644,0.023585617542266846,2.407014913052965
DPDK,QoS score,holdout_test_testsize0.2_rs42_shuffleTrue,710,1.0,0.9395849704742432,0.9367800951004028,0.002804875373840332,0.2985228012347418
DPDK,QoS score,holdout_test_testsize0.2_rs42_shuffleTrue,711,80.0,0.9996749758720398,0.9746769070625305,0.024998068809509277,2.5006196426696463
DPDK,QoS score,holdout_test_testsize0.2_rs42_shuffleTrue,712,4000.0,0.9797245264053345,0.9356552362442017,0.04406929016113281,4.49813074730563
DPDK,QoS score,holdout_test_testsize0.2_rs42_shuffleTrue,713,1.0,0.9597399830818176,0.9367800951004028,0.022959887981414795,2.392302955607662
DPDK,QoS score,holdout_test_testsize0.2_rs42_shuffleTrue,714,200.0,0.9999799728393555,0.9752887487411499,0.024691224098205566,2.4691718603220623
DPDK,QoS score,holdout_test_testsize0.2_rs42_shuffleTrue,715,600.0,0.9997333288192749,0.9724431037902832,0.0272902250289917,2.7297504486744026
DPDK,QoS score,holdout_test_testsize0.2_rs42_shuffleTrue,716,100.0,0.9799050092697144,0.9749091267585754,0.004995882511138916,0.5098333475060155
DPDK,QoS score,holdout_test_testsize0.2_rs42_shuffleTrue,717,600.0,0.9799950122833252,0.9724431037902832,0.007551908493041992,0.7706068294619717
DPDK,QoS score,holdout_test_testsize0.2_rs42_shuffleTrue,718,1000.0,0.9799900054931641,0.9702924489974976,0.009697556495666504,0.9895566731608009
DPDK,QoS score,holdout_test_testsize0.2_rs42_shuffleTrue,719,40.0,1.0,0.9711564183235168,0.028843581676483154,2.8843581676483154
DPDK,QoS score,holdout_test_testsize0.2_rs42_shuffleTrue,720,10.0,0.5598850250244141,0.9562844038009644,0.3963993787765503,70.80013950351058
DPDK,QoS score,holdout_test_testsize0.2_rs42_shuffleTrue,721,6.0,0.9799050092697144,0.9507747888565063,0.029130220413208008,2.972759618293782
DPDK,QoS score,holdout_test_testsize0.2_rs42_shuffleTrue,722,8.0,0.9797300100326538,0.9541150331497192,0.02561497688293457,2.6144934441766092
DPDK,QoS score,holdout_test_testsize0.2_rs42_shuffleTrue,723,600.0,0.9799950122833252,0.9724431037902832,0.007551908493041992,0.7706068294619717
DPDK,QoS score,holdout_test_testsize0.2_rs42_shuffleTrue,724,0.009999999776482582,0.7995899319648743,0.8593674898147583,0.05977755784988403,7.476026830776809
DPDK,QoS score,holdout_test_testsize0.2_rs42_shuffleTrue,725,4.0,0.9798300266265869,0.9460346698760986,0.03379535675048828,3.4491040111151534
DPDK,QoS score,holdout_test_testsize0.2_rs42_shuffleTrue,726,600.0,0.999970018863678,0.9724431037902832,0.027526915073394775,2.752774038633193
DPDK,QoS score,holdout_test_testsize0.2_rs42_shuffleTrue,727,60.0,0.9998233318328857,0.9737672209739685,0.026056110858917236,2.6060714957662494
DPDK,QoS score,holdout_test_testsize0.2_rs42_shuffleTrue,728,10.0,0.959850013256073,0.9562844038009644,0.0035656094551086426,0.37147568952081617
DPDK,QoS score,holdout_test_testsize0.2_rs42_shuffleTrue,729,10.0,0.9797350168228149,0.9562844038009644,0.023450613021850586,2.393566895046646
DPDK,QoS score,holdout_test_testsize0.2_rs42_shuffleTrue,730,2000.0,0.9799733757972717,0.9660636782646179,0.013909697532653809,1.4193954525894512
DPDK,QoS score,holdout_test_testsize0.2_rs42_shuffleTrue,731,1.0,0.9579949975013733,0.9367800951004028,0.02121490240097046,2.214510770547113
DPDK,QoS score,holdout_test_testsize0.2_rs42_shuffleTrue,732,4.0,0.9598900079727173,0.9460346698760986,0.013855338096618652,1.4434297660709121
DPDK,QoS score,holdout_test_testsize0.2_rs42_shuffleTrue,733,600.0,0.999779999256134,0.9724431037902832,0.02733689546585083,2.734291092659414
DPDK,QoS score,holdout_test_testsize0.2_rs42_shuffleTrue,734,1000.0,0.9996950030326843,0.9702924489974976,0.029402554035186768,2.941152446095149
DPDK,QoS score,holdout_test_testsize0.2_rs42_shuffleTrue,735,400.0,0.9999970197677612,0.9741518497467041,0.02584517002105713,2.5845247045895596
DPDK,QoS score,holdout_test_testsize0.2_rs42_shuffleTrue,736,0.10000000149011612,0.9157549738883972,0.8661934733390808,0.049561500549316406,5.412091876375269
DPDK,QoS score,holdout_test_testsize0.2_rs42_shuffleTrue,737,8.0,0.579925000667572,0.9541150331497192,0.3741900324821472,64.52386637089347
DPDK,QoS score,holdout_test_testsize0.2_rs42_shuffleTrue,738,800.0,0.9795259833335876,0.9712315797805786,0.008294403553009033,0.8467772875999644
DPDK,QoS score,holdout_test_testsize0.2_rs42_shuffleTrue,739,3000.0,0.9799349904060364,0.9628877639770508,0.017047226428985596,1.7396283014572296
DPDK,QoS score,holdout_test_testsize0.2_rs42_shuffleTrue,740,2000.0,0.9799787998199463,0.9660636782646179,0.01391512155532837,1.4199410801422465
DPDK,QoS score,holdout_test_testsize0.2_rs42_shuffleTrue,741,4.0,0.9800000190734863,0.9460346698760986,0.033965349197387695,3.4658518914621337
DPDK,QoS score,holdout_test_testsize0.2_rs42_shuffleTrue,742,60.0,0.9799533486366272,0.9737672209739685,0.006186127662658691,0.6312675671005382
DPDK,QoS score,holdout_test_testsize0.2_rs42_shuffleTrue,743,80.0,0.9999799728393555,0.9746769070625305,0.02530306577682495,2.5303572535537002
DPDK,QoS score,holdout_test_testsize0.2_rs42_shuffleTrue,744,1000.0,0.9997100234031677,0.9702924489974976,0.029417574405670166,2.94261072881196
DPDK,QoS score,holdout_test_testsize0.2_rs42_shuffleTrue,745,8.0,0.9796550273895264,0.9541150331497192,0.02553999423980713,2.6070395726813356
DPDK,QoS score,holdout_test_testsize0.2_rs42_shuffleTrue,746,0.009999999776482582,0.49961501359939575,0.8593674898147583,0.35975247621536255,72.00593785674772
DPDK,QoS score,holdout_test_testsize0.2_rs42_shuffleTrue,747,2.0,0.5199249982833862,0.9396625757217407,0.4197375774383545,80.73040896748257
DPDK,QoS score,holdout_test_testsize0.2_rs42_shuffleTrue,748,20.0,0.9798200130462646,0.9652379751205444,0.014582037925720215,1.4882363833725538
DPDK,QoS score,holdout_test_testsize0.2_rs42_shuffleTrue,749,8.0,0.9796299934387207,0.9541150331497192,0.025514960289001465,2.604550744658015
DPDK,QoS score,holdout_test_testsize0.2_rs42_shuffleTrue,750,600.0,0.999904990196228,0.9724431037902832,0.027461886405944824,2.7464495802301694
DPDK,QoS score,holdout_test_testsize0.2_rs42_shuffleTrue,751,3000.0,0.9798200130462646,0.9628877639770508,0.016932249069213867,1.7280978999981262
DPDK,QoS score,holdout_test_testsize0.2_rs42_shuffleTrue,752,60.0,0.9999383091926575,0.9737672209739685,0.026171088218688965,2.617270283385712
DPDK,QoS score,holdout_test_testsize0.2_rs42_shuffleTrue,753,0.10000000149011612,0.9197400212287903,0.8661934733390808,0.05354654788970947,5.82192213601516
DPDK,QoS score,holdout_test_testsize0.2_rs42_shuffleTrue,754,1000.0,0.9799849987030029,0.9702924489974976,0.009692549705505371,0.9890508240772391
DPDK,QoS score,holdout_test_testsize0.2_rs42_shuffleTrue,755,40.0,0.9998999834060669,0.9711564183235168,0.02874356508255005,2.874644020358691
DPDK,QoS score,holdout_test_testsize0.2_rs42_shuffleTrue,756,80.0,0.9799950122833252,0.9746769070625305,0.005318105220794678,0.5426665599454262
DPDK,QoS score,holdout_test_testsize0.2_rs42_shuffleTrue,757,100.0,0.9999799728393555,0.9749091267585754,0.02507084608078003,2.507134818869778
DPDK,QoS score,holdout_test_testsize0.2_rs42_shuffleTrue,758,40.0,0.9799749851226807,0.9711564183235168,0.008818566799163818,0.8998767247165849
DPDK,QoS score,holdout_test_testsize0.2_rs42_shuffleTrue,759,40.0,0.9799849987030029,0.9711564183235168,0.008828580379486084,0.9008893392419877
DPDK,QoS score,holdout_test_testsize0.2_rs42_shuffleTrue,760,400.0,0.6000000238418579,0.9741518497467041,0.3741518259048462,62.35863517289817
DPDK,QoS score,holdout_test_testsize0.2_rs42_shuffleTrue,761,0.10000000149011612,0.91566002368927,0.8661934733390808,0.04946655035018921,5.402283497196305
DPDK,QoS score,holdout_test_testsize0.2_rs42_shuffleTrue,762,80.0,0.9999750256538391,0.9746769070625305,0.025298118591308594,2.5298750411058797
DPDK,QoS score,holdout_test_testsize0.2_rs42_shuffleTrue,763,6.0,0.9792433381080627,0.9507747888565063,0.028468549251556396,2.907198664895568
DPDK,QoS score,holdout_test_testsize0.2_rs42_shuffleTrue,764,200.0,0.9999030232429504,0.9752887487411499,0.024614274501800537,2.4616661745826036
DPDK,QoS score,holdout_test_testsize0.2_rs42_shuffleTrue,765,800.0,0.9799550175666809,0.9712315797805786,0.008723437786102295,0.8901875728707833
DPDK,QoS score,holdout_test_testsize0.2_rs42_shuffleTrue,766,0.009999999776482582,0.8394749760627747,0.8593674898147583,0.019892513751983643,2.369637490003765
DPDK,QoS score,holdout_test_testsize0.2_rs42_shuffleTrue,767,3000.0,0.9799349904060364,0.9628877639770508,0.017047226428985596,1.7396283014572296
DPDK,QoS score,holdout_test_testsize0.2_rs42_shuffleTrue,768,80.0,0.9999750256538391,0.9746769070625305,0.025298118591308594,2.5298750411058797
DPDK,QoS score,holdout_test_testsize0.2_rs42_shuffleTrue,769,4000.0,0.9555349946022034,0.9356552362442017,0.01987975835800171,2.080484594525793
DPDK,QoS score,holdout_test_testsize0.2_rs42_shuffleTrue,770,1000.0,0.9998049736022949,0.9702924489974976,0.029512524604797363,2.9518281448894785
DPDK,QoS score,holdout_test_testsize0.2_rs42_shuffleTrue,771,100.0,0.9999510049819946,0.9749091267585754,0.02504187822341919,2.50431052108099
DPDK,QoS score,holdout_test_testsize0.2_rs42_shuffleTrue,772,3000.0,0.9797850251197815,0.9628877639770508,0.016897261142730713,1.7245886301094444
DPDK,QoS score,holdout_test_testsize0.2_rs42_shuffleTrue,773,60.0,0.9799933433532715,0.9737672209739685,0.0062261223793029785,0.635322925561808
DPDK,QoS score,holdout_test_testsize0.2_rs42_shuffleTrue,774,0.10000000149011612,0.9156500101089478,0.8661934733390808,0.04945653676986694,5.401248973282096
DPDK,QoS score,holdout_test_testsize0.2_rs42_shuffleTrue,775,3000.0,0.9796550273895264,0.9628877639770508,0.016767263412475586,1.7115477329968987
DPDK,QoS score,holdout_test_testsize0.2_rs42_shuffleTrue,776,10.0,0.9798200130462646,0.9562844038009644,0.023535609245300293,2.4020339380625613
DPDK,QoS score,holdout_test_testsize0.2_rs42_shuffleTrue,777,2.0,0.9798700213432312,0.9396625757217407,0.04020744562149048,4.103344805505231
DPDK,QoS score,holdout_test_testsize0.2_rs42_shuffleTrue,778,4.0,0.959725022315979,0.9460346698760986,0.013690352439880371,1.42648697507576
DPDK,QoS score,holdout_test_testsize0.2_rs42_shuffleTrue,779,80.0,0.9999899864196777,0.9746769070625305,0.025313079357147217,2.5313332834238778
DPDK,QoS score,holdout_test_testsize0.2_rs42_shuffleTrue,780,400.0,0.9800000190734863,0.9741518497467041,0.0058481693267822266,0.5967519605062064
DPDK,QoS score,holdout_test_testsize0.2_rs42_shuffleTrue,781,40.0,0.9799900054931641,0.9711564183235168,0.008833587169647217,0.9013956387444847
DPDK,QoS score,holdout_test_testsize0.2_rs42_shuffleTrue,782,400.0,0.9998900294303894,0.9741518497467041,0.025738179683685303,2.574101043726544
DPDK,QoS score,holdout_test_testsize0.2_rs42_shuffleTrue,783,400.0,0.9998810291290283,0.9741518497467041,0.02572917938232422,2.573224076942061
DPDK,QoS score,holdout_test_testsize0.2_rs42_shuffleTrue,784,3000.0,0.9797850251197815,0.9628877639770508,0.016897261142730713,1.7245886301094444
DPDK,QoS score,holdout_test_testsize0.2_rs42_shuffleTrue,785,0.009999999776482582,0.819724977016449,0.8593674898147583,0.039642512798309326,4.836074770174271
DPDK,QoS score,holdout_test_testsize0.2_rs42_shuffleTrue,786,2.0,0.9597799777984619,0.9396625757217407,0.02011740207672119,2.096043108011732
DPDK,QoS score,holdout_test_testsize0.2_rs42_shuffleTrue,787,600.0,0.9999799728393555,0.9724431037902832,0.027536869049072266,2.753742054541726
DPDK,QoS score,holdout_test_testsize0.2_rs42_shuffleTrue,788,4.0,0.9793999791145325,0.9460346698760986,0.03336530923843384,3.4067092046090446
DPDK,QoS score,holdout_test_testsize0.2_rs42_shuffleTrue,789,10.0,0.9800000190734863,0.9562844038009644,0.023715615272521973,2.4199606949950105
DPDK,QoS score,holdout_test_testsize0.2_rs42_shuffleTrue,790,4000.0,0.9797549843788147,0.9356552362442017,0.04409974813461304,4.5010996461092985
DPDK,QoS score,holdout_test_testsize0.2_rs42_shuffleTrue,791,400.0,0.9799849987030029,0.9741518497467041,0.005833148956298828,0.5952283926814107
DPDK,QoS score,holdout_test_testsize0.2_rs42_shuffleTrue,792,1000.0,0.9997959733009338,0.9702924489974976,0.02950352430343628,2.950954503850143
DPDK,QoS score,holdout_test_testsize0.2_rs42_shuffleTrue,793,2.0,0.9599800109863281,0.9396625757217407,0.020317435264587402,2.1164435750815604
DPDK,QoS score,holdout_test_testsize0.2_rs42_shuffleTrue,794,40.0,0.9799849987030029,0.9711564183235168,0.008828580379486084,0.9008893392419877
DPDK,QoS score,holdout_test_testsize0.2_rs42_shuffleTrue,795,800.0,0.9997929930686951,0.9712315797805786,0.028561413288116455,2.8567326922798326
DPDK,QoS score,holdout_test_testsize0.2_rs42_shuffleTrue,796,800.0,0.9797595143318176,0.9712315797805786,0.008527934551239014,0.8704109964224176
DPDK,QoS score,holdout_test_testsize0.2_rs42_shuffleTrue,797,4.0,0.9800000190734863,0.9460346698760986,0.033965349197387695,3.4658518914621337
DPDK,QoS score,holdout_test_testsize0.2_rs42_shuffleTrue,798,0.10000000149011612,0.8757749795913696,0.8661934733390808,0.009581506252288818,1.094060286668555
DPDK,QoS score,holdout_test_testsize0.2_rs42_shuffleTrue,799,400.0,0.9799929857254028,0.9741518497467041,0.0058411359786987305,0.5960385496407457
DPDK,QoS score,holdout_test_testsize0.2_rs42_shuffleTrue,800,4000.0,0.9797546863555908,0.9356552362442017,0.04409945011138916,4.501070597113099
DPDK,QoS score,holdout_test_testsize0.2_rs42_shuffleTrue,801,3000.0,0.9796599745750427,0.9628877639770508,0.016772210597991943,1.7120440799132781
DPDK,QoS score,holdout_test_testsize0.2_rs42_shuffleTrue,802,80.0,0.9799900054931641,0.9746769070625305,0.005313098430633545,0.5421584302749919
DPDK,QoS score,holdout_test_testsize0.2_rs42_shuffleTrue,803,200.0,0.999970018863678,0.9752887487411499,0.024681270122528076,2.46820101172381
DPDK,QoS score,holdout_test_testsize0.2_rs42_shuffleTrue,804,10.0,0.9598349928855896,0.9562844038009644,0.003550589084625244,0.36991661180751173
DPDK,QoS score,holdout_test_testsize0.2_rs42_shuffleTrue,805,4000.0,0.7442349791526794,0.9356552362442017,0.19142025709152222,25.72040584674702
DPDK,QoS score,holdout_test_testsize0.2_rs42_shuffleTrue,806,5000.0,0.978294849395752,0.8879079222679138,0.09038692712783813,9.239231626709065
DPDK,QoS score,holdout_test_testsize0.2_rs42_shuffleTrue,807,600.0,0.9799950122833252,0.9724431037902832,0.007551908493041992,0.7706068294619717
DPDK,QoS score,holdout_test_testsize0.2_rs42_shuffleTrue,808,4.0,0.9799950122833252,0.9460346698760986,0.03396034240722656,3.465358698928595
DPDK,QoS score,holdout_test_testsize0.2_rs42_shuffleTrue,809,800.0,0.9999189972877502,0.9712315797805786,0.02868741750717163,2.868974145404315
DPDK,QoS score,holdout_test_testsize0.2_rs42_shuffleTrue,810,2000.0,0.9798650145530701,0.9660636782646179,0.013801336288452148,1.4084936275377817
DPDK,QoS score,holdout_test_testsize0.2_rs42_shuffleTrue,811,600.0,0.9997050166130066,0.9724431037902832,0.02726191282272339,2.726995700700448
DPDK,QoS score,holdout_test_testsize0.2_rs42_shuffleTrue,812,400.0,0.9995449781417847,0.9741518497467041,0.025393128395080566,2.540468808345968
DPDK,QoS score,holdout_test_testsize0.2_rs42_shuffleTrue,813,800.0,0.9799699783325195,0.9712315797805786,0.008738398551940918,0.89170063830015
DPDK,QoS score,holdout_test_testsize0.2_rs42_shuffleTrue,814,4.0,0.9795050024986267,0.9460346698760986,0.033470332622528076,3.417066021832288
DPDK,QoS score,holdout_test_testsize0.2_rs42_shuffleTrue,815,20.0,1.0,0.9652379751205444,0.034762024879455566,3.4762024879455566
DPDK,QoS score,holdout_test_testsize0.2_rs42_shuffleTrue,816,20.0,0.9999099969863892,0.9652379751205444,0.03467202186584473,3.46751427331881
DPDK,QoS score,holdout_test_testsize0.2_rs42_shuffleTrue,817,80.0,0.9799900054931641,0.9746769070625305,0.005313098430633545,0.5421584302749919
DPDK,QoS score,holdout_test_testsize0.2_rs42_shuffleTrue,818,1.0,0.9594100117683411,0.9367800951004028,0.022629916667938232,2.358732595069317
DPDK,QoS score,holdout_test_testsize0.2_rs42_shuffleTrue,819,6.0,0.5798599720001221,0.9507747888565063,0.3709148168563843,63.966273715528374
DPDK,QoS score,holdout_test_testsize0.2_rs42_shuffleTrue,820,8.0,0.9800000190734863,0.9541150331497192,0.02588498592376709,2.6413250428545223
DPDK,QoS score,holdout_test_testsize0.2_rs42_shuffleTrue,821,1000.0,0.9998149871826172,0.9702924489974976,0.02952253818511963,2.952800124382143
DPDK,QoS score,holdout_test_testsize0.2_rs42_shuffleTrue,822,2.0,0.9599999785423279,0.9396625757217407,0.020337402820587158,2.118479507829536
DPDK,QoS score,holdout_test_testsize0.2_rs42_shuffleTrue,823,400.0,0.9998999834060669,0.9741518497467041,0.025748133659362793,2.5750709157584097
DPDK,QoS score,holdout_test_testsize0.2_rs42_shuffleTrue,824,0.009999999776482582,0.8394849896430969,0.8593674898147583,0.019882500171661377,2.368416400168671
DPDK,QoS score,holdout_test_testsize0.2_rs42_shuffleTrue,825,2.0,0.9798449873924255,0.9396625757217407,0.040182411670684814,4.1008947525076085
DPDK,QoS score,holdout_test_testsize0.2_rs42_shuffleTrue,826,80.0,0.999970018863678,0.9746769070625305,0.02529311180114746,2.5293870140116246
DPDK,QoS score,holdout_test_testsize0.2_rs42_shuffleTrue,827,20.0,0.9999799728393555,0.9652379751205444,0.034741997718811035,3.4742693516315306
DPDK,QoS score,holdout_test_testsize0.2_rs42_shuffleTrue,828,3000.0,0.9799299836158752,0.9628877639770508,0.017042219638824463,1.7391262563412773
DPDK,QoS score,holdout_test_testsize0.2_rs42_shuffleTrue,829,10.0,0.9798700213432312,0.9562844038009644,0.023585617542266846,2.407014913052965
DPDK,QoS score,holdout_test_testsize0.2_rs42_shuffleTrue,830,8.0,0.979960024356842,0.9541150331497192,0.025844991207122803,2.6373515821816444
DPDK,QoS score,holdout_test_testsize0.2_rs42_shuffleTrue,831,4.0,0.9800000190734863,0.9460346698760986,0.033965349197387695,3.4658518914621337
DPDK,QoS score,holdout_test_testsize0.2_rs42_shuffleTrue,832,1.0,0.9598249793052673,0.9367800951004028,0.023044884204864502,2.4009464956355546
DPDK,QoS score,holdout_test_testsize0.2_rs42_shuffleTrue,833,3000.0,0.9799349904060364,0.9628877639770508,0.017047226428985596,1.7396283014572296
DPDK,QoS score,holdout_test_testsize0.2_rs42_shuffleTrue,834,3000.0,0.9797800183296204,0.9628877639770508,0.01689225435256958,1.7240864312959114
DPDK,QoS score,holdout_test_testsize0.2_rs42_shuffleTrue,835,20.0,0.9799249768257141,0.9652379751205444,0.014687001705169678,1.4987883820193568
DPDK,QoS score,holdout_test_testsize0.2_rs42_shuffleTrue,836,40.0,0.9799849987030029,0.9711564183235168,0.008828580379486084,0.9008893392419877
DPDK,QoS score,holdout_test_testsize0.2_rs42_shuffleTrue,837,800.0,0.9797700047492981,0.9712315797805786,0.008538424968719482,0.8714723789594151
DPDK,QoS score,holdout_test_testsize0.2_rs42_shuffleTrue,838,0.10000000149011612,0.9196450114250183,0.8661934733390808,0.0534515380859375,5.812192467951595
DPDK,QoS score,holdout_test_testsize0.2_rs42_shuffleTrue,839,0.009999999776482582,0.8396399617195129,0.8593674898147583,0.01972752809524536,2.349522294632693
DPDK,QoS score,holdout_test_testsize0.2_rs42_shuffleTrue,840,400.0,0.9999989867210388,0.9741518497467041,0.025847136974334717,2.584716316472136
DPDK,QoS score,holdout_test_testsize0.2_rs42_shuffleTrue,841,1000.0,1.0,0.9702924489974976,0.02970755100250244,2.970755100250244
DPDK,QoS score,holdout_test_testsize0.2_rs42_shuffleTrue,842,2000.0,0.9799978137016296,0.9660636782646179,0.013934135437011719,1.4218537268343445
DPDK,QoS score,holdout_test_testsize0.2_rs42_shuffleTrue,843,5000.0,0.9783183336257935,0.8879079222679138,0.09041041135787964,9.241410310977734
DPDK,QoS score,holdout_test_testsize0.2_rs42_shuffleTrue,844,40.0,0.9799799919128418,0.9711564183235168,0.008823573589324951,0.9003830345660475
DPDK,QoS score,holdout_test_testsize0.2_rs42_shuffleTrue,845,10.0,0.9797149896621704,0.9562844038009644,0.023430585861206055,2.3915716415939996
DPDK,QoS score,holdout_test_testsize0.2_rs42_shuffleTrue,846,1000.0,0.9997950196266174,0.9702924489974976,0.029502570629119873,2.950861931692546
DPDK,QoS score,holdout_test_testsize0.2_rs42_shuffleTrue,847,1.0,0.9598150253295898,0.9367800951004028,0.02303493022918701,2.39993432289488
DPDK,QoS score,holdout_test_testsize0.2_rs42_shuffleTrue,848,60.0,0.9799483418464661,0.9737672209739685,0.006181120872497559,0.6307598685100881
DPDK,QoS score,holdout_test_testsize0.2_rs42_shuffleTrue,849,2.0,0.9598000049591064,0.9396625757217407,0.020137429237365723,2.0980859692977085
DPDK,QoS score,holdout_test_testsize0.2_rs42_shuffleTrue,850,10.0,0.979960024356842,0.9562844038009644,0.023675620555877686,2.415978199867514
DPDK,QoS score,holdout_test_testsize0.2_rs42_shuffleTrue,851,0.10000000149011612,0.8797749876976013,0.8661934733390808,0.013581514358520508,1.5437486344165974
DPDK,QoS score,holdout_test_testsize0.2_rs42_shuffleTrue,852,40.0,0.979960024356842,0.9711564183235168,0.008803606033325195,0.8983637918396817
DPDK,QoS score,holdout_test_testsize0.2_rs42_shuffleTrue,853,2.0,0.9598000049591064,0.9396625757217407,0.020137429237365723,2.0980859692977085
DPDK,QoS score,holdout_test_testsize0.2_rs42_shuffleTrue,854,6.0,0.9797833561897278,0.9507747888565063,0.029008567333221436,2.9607124013651993
DPDK,QoS score,holdout_test_testsize0.2_rs42_shuffleTrue,855,4000.0,0.9665465950965881,0.9356552362442017,0.030891358852386475,3.196054800575803
DPDK,QoS score,holdout_test_testsize0.2_rs42_shuffleTrue,856,4.0,0.9599649906158447,0.9460346698760986,0.013930320739746094,1.4511279969501178
DPDK,QoS score,holdout_test_testsize0.2_rs42_shuffleTrue,857,5000.0,0.9784331321716309,0.8879079222679138,0.09052520990371704,9.252058922288994
DPDK,QoS score,holdout_test_testsize0.2_rs42_shuffleTrue,858,0.009999999776482582,0.8395999670028687,0.8593674898147583,0.01976752281188965,2.3543977595013543
DPDK,QoS score,holdout_test_testsize0.2_rs42_shuffleTrue,859,4000.0,0.9797899723052979,0.9356552362442017,0.04413473606109619,4.504509875443389
DPDK,QoS score,holdout_test_testsize0.2_rs42_shuffleTrue,860,80.0,0.9998350143432617,0.9746769070625305,0.0251581072807312,2.5162258692506603
DPDK,QoS score,holdout_test_testsize0.2_rs42_shuffleTrue,861,2000.0,0.9799981713294983,0.9660636782646179,0.013934493064880371,1.4218897006691729
DPDK,QoS score,holdout_test_testsize0.2_rs42_shuffleTrue,862,20.0,0.9999750256538391,0.9652379751205444,0.03473705053329468,3.4737918090085964
DPDK,QoS score,holdout_test_testsize0.2_rs42_shuffleTrue,863,1000.0,1.0,0.9702924489974976,0.02970755100250244,2.970755100250244
DPDK,QoS score,holdout_test_testsize0.2_rs42_shuffleTrue,864,6.0,0.9797983169555664,0.9507747888565063,0.02902352809906006,2.9621941165649366
DPDK,QoS score,holdout_test_testsize0.2_rs42_shuffleTrue,865,4.0,0.979544997215271,0.9460346698760986,0.03351032733917236,3.4210094926152657
DPDK,QoS score,holdout_test_testsize0.2_rs42_shuffleTrue,866,4000.0,0.9525499939918518,0.9356552362442017,0.016894757747650146,1.773634754523411
DPDK,QoS score,holdout_test_testsize0.2_rs42_shuffleTrue,867,1.0,0.9597899913787842,0.9367800951004028,0.023009896278381348,2.3973886459606164
DPDK,QoS score,holdout_test_testsize0.2_rs42_shuffleTrue,868,1000.0,0.9997000098228455,0.9702924489974976,0.0294075608253479,2.94163854520309
DPDK,QoS score,holdout_test_testsize0.2_rs42_shuffleTrue,869,4.0,0.9398999810218811,0.9460346698760986,0.006134688854217529,0.6526959227669898
DPDK,QoS score,holdout_test_testsize0.2_rs42_shuffleTrue,870,6.0,0.9597833156585693,0.9507747888565063,0.009008526802062988,0.9386000626486881
DPDK,QoS score,holdout_test_testsize0.2_rs42_shuffleTrue,871,10.0,0.9798099994659424,0.9562844038009644,0.023525595664978027,2.4010364946061937
DPDK,QoS score,holdout_test_testsize0.2_rs42_shuffleTrue,872,6.0,0.9798700213432312,0.9507747888565063,0.029095232486724854,2.9692950955719977
DPDK,QoS score,holdout_test_testsize0.2_rs42_shuffleTrue,873,0.009999999776482582,0.7596299648284912,0.8593674898147583,0.09973752498626709,13.129751274199112
DPDK,QoS score,holdout_test_testsize0.2_rs42_shuffleTrue,874,20.0,0.9799050092697144,0.9652379751205444,0.014667034149169922,1.4967812196511476
DPDK,QoS score,holdout_test_testsize0.2_rs42_shuffleTrue,875,0.10000000149011612,0.9157299995422363,0.8661934733390808,0.04953652620315552,5.409512217347723
DPDK,QoS score,holdout_test_testsize0.2_rs42_shuffleTrue,876,80.0,0.9998400211334229,0.9746769070625305,0.025163114070892334,2.516714028146955
DPDK,QoS score,holdout_test_testsize0.2_rs42_shuffleTrue,877,60.0,0.9999383091926575,0.9737672209739685,0.026171088218688965,2.617270283385712
DPDK,QoS score,holdout_test_testsize0.2_rs42_shuffleTrue,878,2000.0,0.9797747731208801,0.9660636782646179,0.013711094856262207,1.3994129296254698
DPDK,QoS score,holdout_test_testsize0.2_rs42_shuffleTrue,879,0.10000000149011612,0.875789999961853,0.8661934733390808,0.009596526622772217,1.0957565881307407
DPDK,QoS score,holdout_test_testsize0.2_rs42_shuffleTrue,880,2.0,0.9197199940681458,0.9396625757217407,0.01994258165359497,2.168331859937509
DPDK,QoS score,holdout_test_testsize0.2_rs42_shuffleTrue,881,2.0,0.8396649956703186,0.9396625757217407,0.09999758005142212,11.90922338873879
DPDK,QoS score,holdout_test_testsize0.2_rs42_shuffleTrue,882,3000.0,0.9800000190734863,0.9628877639770508,0.017112255096435547,1.746148445243282
DPDK,QoS score,holdout_test_testsize0.2_rs42_shuffleTrue,883,3000.0,0.9796649813652039,0.9628877639770508,0.016777217388153076,1.7125464018090477
DPDK,QoS score,holdout_test_testsize0.2_rs42_shuffleTrue,884,0.009999999776482582,0.8798199892044067,0.8593674898147583,0.020452499389648438,2.3246231775369166
DPDK,QoS score,holdout_test_testsize0.2_rs42_shuffleTrue,885,400.0,0.9998900294303894,0.9741518497467041,0.025738179683685303,2.574101043726544
DPDK,QoS score,holdout_test_testsize0.2_rs42_shuffleTrue,886,60.0,0.9996566772460938,0.9737672209739685,0.025889456272125244,2.589834776420127
DPDK,QoS score,holdout_test_testsize0.2_rs42_shuffleTrue,887,10.0,0.9797049760818481,0.9562844038009644,0.02342057228088379,2.3905739842774003
DPDK,QoS score,holdout_test_testsize0.2_rs42_shuffleTrue,888,10.0,0.9800000190734863,0.9562844038009644,0.023715615272521973,2.4199606949950105
DPDK,QoS score,holdout_test_testsize0.2_rs42_shuffleTrue,889,1000.0,0.9998149871826172,0.9702924489974976,0.02952253818511963,2.952800124382143
DPDK,QoS score,holdout_test_testsize0.2_rs42_shuffleTrue,890,2000.0,0.9799888134002686,0.9660636782646179,0.013925135135650635,1.42094837667938
DPDK,QoS score,holdout_test_testsize0.2_rs42_shuffleTrue,891,4.0,0.979610025882721,0.9460346698760986,0.033575356006622314,3.4274206183596125
DPDK,QoS score,holdout_test_testsize0.2_rs42_shuffleTrue,892,3000.0,0.5796300172805786,0.9628877639770508,0.38325774669647217,66.12110057629236
DPDK,QoS score,holdout_test_testsize0.2_rs42_shuffleTrue,893,4000.0,0.9798139929771423,0.9356552362442017,0.044158756732940674,4.506850999215199
DPDK,QoS score,holdout_test_testsize0.2_rs42_shuffleTrue,894,3000.0,0.9799299836158752,0.9628877639770508,0.017042219638824463,1.7391262563412773
DPDK,QoS score,holdout_test_testsize0.2_rs42_shuffleTrue,895,100.0,0.9999759793281555,0.9749091267585754,0.025066852569580078,2.5067454706683567
DPDK,QoS score,holdout_test_testsize0.2_rs42_shuffleTrue,896,0.009999999776482582,0.899804949760437,0.8593674898147583,0.04043745994567871,4.494025061369659
DPDK,QoS score,holdout_test_testsize0.2_rs42_shuffleTrue,897,100.0,0.9999160170555115,0.9749091267585754,0.025006890296936035,2.500899062560746
DPDK,QoS score,holdout_test_testsize0.2_rs42_shuffleTrue,898,8.0,0.9799100160598755,0.9541150331497192,0.02579498291015625,2.6323828195853545
DPDK,QoS score,holdout_test_testsize0.2_rs42_shuffleTrue,899,60.0,0.9996749758720398,0.9737672209739685,0.02590775489807129,2.5916178281317235
DPDK,QoS score,holdout_test_testsize0.2_rs42_shuffleTrue,900,3000.0,0.9798300266265869,0.9628877639770508,0.016942262649536133,1.7291022104992937
DPDK,QoS score,holdout_test_testsize0.2_rs42_shuffleTrue,901,5000.0,0.5400000214576721,0.8879079222679138,0.3479079008102417,64.42738647881933
DPDK,QoS score,holdout_test_testsize0.2_rs42_shuffleTrue,902,2.0,0.8796749711036682,0.9396625757217407,0.05998760461807251,6.819291964486627
DPDK,QoS score,holdout_test_testsize0.2_rs42_shuffleTrue,903,20.0,0.9999799728393555,0.9652379751205444,0.034741997718811035,3.4742693516315306
DPDK,QoS score,holdout_test_testsize0.2_rs42_shuffleTrue,904,4.0,0.5799949765205383,0.9460346698760986,0.3660396933555603,63.110838571650696
DPDK,QoS score,holdout_test_testsize0.2_rs42_shuffleTrue,905,40.0,0.9800000190734863,0.9711564183235168,0.008843600749969482,0.9024082222294666
DPDK,QoS score,holdout_test_testsize0.2_rs42_shuffleTrue,906,600.0,0.9799950122833252,0.9724431037902832,0.007551908493041992,0.7706068294619717
DPDK,QoS score,holdout_test_testsize0.2_rs42_shuffleTrue,907,0.10000000149011612,0.5196300148963928,0.8661934733390808,0.346563458442688,66.69427256079271
DPDK,QoS score,holdout_test_testsize0.2_rs42_shuffleTrue,908,40.0,0.9799849987030029,0.9711564183235168,0.008828580379486084,0.9008893392419877
DPDK,QoS score,holdout_test_testsize0.2_rs42_shuffleTrue,909,8.0,0.9799500107765198,0.9541150331497192,0.025834977626800537,2.6363566858199947
DPDK,QoS score,holdout_test_testsize0.2_rs42_shuffleTrue,910,4.0,0.9798600077629089,0.9460346698760986,0.0338253378868103,3.45205821431941
DPDK,QoS score,holdout_test_testsize0.2_rs42_shuffleTrue,911,100.0,0.9998610019683838,0.9749091267585754,0.02495187520980835,2.495534395349619
DPDK,QoS score,holdout_test_testsize0.2_rs42_shuffleTrue,912,40.0,0.9999899864196777,0.9711564183235168,0.02883356809616089,2.8833856826302218
DPDK,QoS score,holdout_test_testsize0.2_rs42_shuffleTrue,913,1000.0,0.9999988079071045,0.9702924489974976,0.029706358909606934,2.9706394322388556
DPDK,QoS score,holdout_test_testsize0.2_rs42_shuffleTrue,914,80.0,0.9798449873924255,0.9746769070625305,0.0051680803298950195,0.5274385638945169
DPDK,QoS score,holdout_test_testsize0.2_rs42_shuffleTrue,915,100.0,0.9998599886894226,0.9749091267585754,0.024950861930847168,2.495435582291055
DPDK,QoS score,holdout_test_testsize0.2_rs42_shuffleTrue,916,200.0,0.9999740123748779,0.9752887487411499,0.024685263633728027,2.468590516177717
DPDK,QoS score,holdout_test_testsize0.2_rs42_shuffleTrue,917,20.0,0.979794979095459,0.9652379751205444,0.01455700397491455,1.48571938880045
DPDK,QoS score,holdout_test_testsize0.2_rs42_shuffleTrue,918,4.0,0.9799649715423584,0.9460346698760986,0.033930301666259766,3.462399437895944
USR,attributed power,holdout_test_testsize0.2_rs42_shuffleTrue,0,0.009999999776482582,0.0,0.06000411510467529,0.06000411510467529,6000.411510467529
USR,attributed power,holdout_test_testsize0.2_rs42_shuffleTrue,1,3000.0,1.151935338973999,3.324740409851074,2.172805070877075,188.62213853186762
USR,attributed power,holdout_test_testsize0.2_rs42_shuffleTrue,2,600.0,3.5015995502471924,3.346219539642334,0.1553800106048584,4.437400918499932
USR,attributed power,holdout_test_testsize0.2_rs42_shuffleTrue,3,20.0,0.1791575402021408,0.20741534233093262,0.02825780212879181,15.772599968111276
USR,attributed power,holdout_test_testsize0.2_rs42_shuffleTrue,4,2000.0,3.421846628189087,3.222144603729248,0.19970202445983887,5.836089286255515
USR,attributed power,holdout_test_testsize0.2_rs42_shuffleTrue,5,800.0,4.088123798370361,3.343639850616455,0.7444839477539062,18.21089537578774
USR,attributed power,holdout_test_testsize0.2_rs42_shuffleTrue,6,200.0,1.7423770427703857,1.814405918121338,0.07202887535095215,4.133943089403083
USR,attributed power,holdout_test_testsize0.2_rs42_shuffleTrue,7,2.0,0.020310144871473312,-0.021923303604125977,0.04223344847559929,207.9426254360127
USR,attributed power,holdout_test_testsize0.2_rs42_shuffleTrue,8,80.0,0.6983984708786011,0.7195252776145935,0.02112680673599243,3.025036224580279
USR,attributed power,holdout_test_testsize0.2_rs42_shuffleTrue,9,2.0,0.020258689299225807,-0.021923303604125977,0.042181992903351784,208.2167917199055
USR,attributed power,holdout_test_testsize0.2_rs42_shuffleTrue,10,60.0,0.5443609952926636,0.5539886951446533,0.009627699851989746,1.768624118047552
USR,attributed power,holdout_test_testsize0.2_rs42_shuffleTrue,11,600.0,3.4488883018493652,3.346219539642334,0.10266876220703125,2.976865390275995
USR,attributed power,holdout_test_testsize0.2_rs42_shuffleTrue,12,2.0,0.020068665966391563,-0.021923303604125977,0.04199196957051754,209.24145950129582
USR,attributed power,holdout_test_testsize0.2_rs42_shuffleTrue,13,3000.0,3.537060260772705,3.324740409851074,0.21231985092163086,6.002720770022943
USR,attributed power,holdout_test_testsize0.2_rs42_shuffleTrue,14,0.009999999776482582,0.0,0.06000411510467529,0.06000411510467529,6000.411510467529
USR,attributed power,holdout_test_testsize0.2_rs42_shuffleTrue,15,600.0,3.4954230785369873,3.346219539642334,0.14920353889465332,4.268540189335324
USR,attributed power,holdout_test_testsize0.2_rs42_shuffleTrue,16,4000.0,3.4607460498809814,3.3983287811279297,0.06241726875305176,1.8035784149836234
USR,attributed power,holdout_test_testsize0.2_rs42_shuffleTrue,17,80.0,0.7203623056411743,0.7195252776145935,0.0008370280265808105,0.11619542277906884
USR,attributed power,holdout_test_testsize0.2_rs42_shuffleTrue,18,400.0,3.185228109359741,3.1305909156799316,0.05463719367980957,1.7153306389347458
USR,attributed power,holdout_test_testsize0.2_rs42_shuffleTrue,19,1.0,0.008049332536756992,0.005835890769958496,0.0022134417667984962,27.49845104163473
USR,attributed power,holdout_test_testsize0.2_rs42_shuffleTrue,20,800.0,3.893493175506592,3.343639850616455,0.5498533248901367,14.122365189932404
USR,attributed power,holdout_test_testsize0.2_rs42_shuffleTrue,21,80.0,0.7219734787940979,0.7195252776145935,0.0024482011795043945,0.33909849203790565
USR,attributed power,holdout_test_testsize0.2_rs42_shuffleTrue,22,200.0,1.842910647392273,1.814405918121338,0.02850472927093506,1.5467233482680987
USR,attributed power,holdout_test_testsize0.2_rs42_shuffleTrue,23,0.10000000149011612,0.0,0.05272471904754639,0.05272471904754639,5272.471904754639
USR,attributed power,holdout_test_testsize0.2_rs42_shuffleTrue,24,400.0,3.417480230331421,3.1305909156799316,0.28688931465148926,8.394761500161401
USR,attributed power,holdout_test_testsize0.2_rs42_shuffleTrue,25,80.0,0.724072277545929,0.7195252776145935,0.004546999931335449,0.627975973164782
USR,attributed power,holdout_test_testsize0.2_rs42_shuffleTrue,26,2.0,0.01626061089336872,-0.021923303604125977,0.0381839144974947,234.82460005894717
USR,attributed power,holdout_test_testsize0.2_rs42_shuffleTrue,27,100.0,0.8991096615791321,0.9078510999679565,0.008741438388824463,0.9722327278156063
USR,attributed power,holdout_test_testsize0.2_rs42_shuffleTrue,28,60.0,0.541422963142395,0.5539886951446533,0.0125657320022583,2.3208716396747096
USR,attributed power,holdout_test_testsize0.2_rs42_shuffleTrue,29,0.009999999776482582,0.0,0.06000411510467529,0.06000411510467529,6000.411510467529
USR,attributed power,holdout_test_testsize0.2_rs42_shuffleTrue,30,0.009999999776482582,0.0,0.06000411510467529,0.06000411510467529,6000.411510467529
USR,attributed power,holdout_test_testsize0.2_rs42_shuffleTrue,31,40.0,0.37415754795074463,0.31736254692077637,0.05679500102996826,15.179434797195364
USR,attributed power,holdout_test_testsize0.2_rs42_shuffleTrue,32,1.0,0.008108914829790592,0.005835890769958496,0.002273024059832096,28.03117442399867
USR,attributed power,holdout_test_testsize0.2_rs42_shuffleTrue,33,600.0,2.451267957687378,3.346219539642334,0.894951581954956,36.509740975004966
USR,attributed power,holdout_test_testsize0.2_rs42_shuffleTrue,34,0.009999999776482582,0.0,0.06000411510467529,0.06000411510467529,6000.411510467529
USR,attributed power,holdout_test_testsize0.2_rs42_shuffleTrue,35,4.0,0.032488953322172165,-0.05352580547332764,0.0860147587954998,264.75078449756893
USR,attributed power,holdout_test_testsize0.2_rs42_shuffleTrue,36,60.0,0.5340442657470703,0.5539886951446533,0.019944429397583008,3.734602293628769
USR,attributed power,holdout_test_testsize0.2_rs42_shuffleTrue,37,100.0,1.0054510831832886,0.9078510999679565,0.09759998321533203,9.707084198102162
USR,attributed power,holdout_test_testsize0.2_rs42_shuffleTrue,38,3000.0,3.4307873249053955,3.324740409851074,0.10604691505432129,3.0910372754523787
USR,attributed power,holdout_test_testsize0.2_rs42_shuffleTrue,39,0.009999999776482582,0.0,0.06000411510467529,0.06000411510467529,6000.411510467529
USR,attributed power,holdout_test_testsize0.2_rs42_shuffleTrue,40,400.0,3.217040538787842,3.1305909156799316,0.08644962310791016,2.687240712872203
USR,attributed power,holdout_test_testsize0.2_rs42_shuffleTrue,41,2.0,0.01620233803987503,-0.021923303604125977,0.03812564164400101,235.30950625873422
USR,attributed power,holdout_test_testsize0.2_rs42_shuffleTrue,42,0.009999999776482582,0.0,0.06000411510467529,0.06000411510467529,6000.411510467529
USR,attributed power,holdout_test_testsize0.2_rs42_shuffleTrue,43,1.0,0.008105156011879444,0.005835890769958496,0.002269265241920948,27.997798421091037
USR,attributed power,holdout_test_testsize0.2_rs42_shuffleTrue,44,1000.0,4.291037559509277,3.2586300373077393,1.032407522201538,24.05962445874289
USR,attributed power,holdout_test_testsize0.2_rs42_shuffleTrue,45,4.0,0.03667222335934639,-0.05352580547332764,0.09019802883267403,245.957350196183
USR,attributed power,holdout_test_testsize0.2_rs42_shuffleTrue,46,20.0,0.17845173180103302,0.20741534233093262,0.028963610529899597,16.230501232788782
USR,attributed power,holdout_test_testsize0.2_rs42_shuffleTrue,47,4.0,0.036703597754240036,-0.05352580547332764,0.09022940322756767,245.83258521882718
USR,attributed power,holdout_test_testsize0.2_rs42_shuffleTrue,48,200.0,1.7801668643951416,1.814405918121338,0.03423905372619629,1.9233620404360188
USR,attributed power,holdout_test_testsize0.2_rs42_shuffleTrue,49,800.0,3.248077154159546,3.343639850616455,0.09556269645690918,2.9421313571486403
USR,attributed power,holdout_test_testsize0.2_rs42_shuffleTrue,50,10.0,0.09073768556118011,0.10254871845245361,0.011811032891273499,13.016678591950507
USR,attributed power,holdout_test_testsize0.2_rs42_shuffleTrue,51,800.0,3.5572681427001953,3.343639850616455,0.21362829208374023,6.005403121553345
USR,attributed power,holdout_test_testsize0.2_rs42_shuffleTrue,52,5000.0,3.494101047515869,3.4555587768554688,0.03854227066040039,1.103066858578747
USR,attributed power,holdout_test_testsize0.2_rs42_shuffleTrue,53,0.10000000149011612,0.004042274318635464,0.05272471904754639,0.04868244472891092,1204.3330286734345
USR,attributed power,holdout_test_testsize0.2_rs42_shuffleTrue,54,80.0,0.7292711734771729,0.7195252776145935,0.009745895862579346,1.3363884679701252
USR,attributed power,holdout_test_testsize0.2_rs42_shuffleTrue,55,4000.0,3.550539970397949,3.3983287811279297,0.15221118927001953,4.286987065039561
USR,attributed power,holdout_test_testsize0.2_rs42_shuffleTrue,56,0.009999999776482582,0.0,0.06000411510467529,0.06000411510467529,6000.411510467529
USR,attributed power,holdout_test_testsize0.2_rs42_shuffleTrue,57,5000.0,3.4876015186309814,3.4555587768554688,0.032042741775512695,0.9187615501466668
USR,attributed power,holdout_test_testsize0.2_rs42_shuffleTrue,58,1000.0,3.709087371826172,3.2586300373077393,0.4504573345184326,12.144694620570494
USR,attributed power,holdout_test_testsize0.2_rs42_shuffleTrue,59,60.0,0.5452091693878174,0.5539886951446533,0.008779525756835938,1.6103041272570562
USR,attributed power,holdout_test_testsize0.2_rs42_shuffleTrue,60,4.0,0.036390021443367004,-0.05352580547332764,0.08991582691669464,247.08923861621977
USR,attributed power,holdout_test_testsize0.2_rs42_shuffleTrue,61,4.0,0.03665217384696007,-0.05352580547332764,0.0901779793202877,246.0371919461663
USR,attributed power,holdout_test_testsize0.2_rs42_shuffleTrue,62,10.0,0.090115487575531,0.10254871845245361,0.012433230876922607,13.796996733221464
USR,attributed power,holdout_test_testsize0.2_rs42_shuffleTrue,63,100.0,0.8982144594192505,0.9078510999679565,0.009636640548706055,1.0728663347210776
USR,attributed power,holdout_test_testsize0.2_rs42_shuffleTrue,64,2000.0,3.3060407638549805,3.222144603729248,0.08389616012573242,2.5376626036487835
USR,attributed power,holdout_test_testsize0.2_rs42_shuffleTrue,65,1000.0,4.400824069976807,3.2586300373077393,1.1421940326690674,25.954094381125465
USR,attributed power,holdout_test_testsize0.2_rs42_shuffleTrue,66,2.0,0.016263585537672043,-0.021923303604125977,0.03818688914179802,234.79994035352217
USR,attributed power,holdout_test_testsize0.2_rs42_shuffleTrue,67,1.0,0.008131344802677631,0.005835890769958496,0.0022954540327191353,28.229697404582428
USR,attributed power,holdout_test_testsize0.2_rs42_shuffleTrue,68,400.0,3.2375106811523438,3.1305909156799316,0.10691976547241211,3.3025301227533124
USR,attributed power,holdout_test_testsize0.2_rs42_shuffleTrue,69,8.0,0.06990179419517517,0.0927811861038208,0.02287939190864563,32.730764885323694
USR,attributed power,holdout_test_testsize0.2_rs42_shuffleTrue,70,100.0,1.0015791654586792,0.9078510999679565,0.09372806549072266,9.358028673429855
USR,attributed power,holdout_test_testsize0.2_rs42_shuffleTrue,71,400.0,3.226682186126709,3.1305909156799316,0.09609127044677734,2.9780209175829855
USR,attributed power,holdout_test_testsize0.2_rs42_shuffleTrue,72,400.0,3.251993179321289,3.1305909156799316,0.12140226364135742,3.7331647684050435
USR,attributed power,holdout_test_testsize0.2_rs42_shuffleTrue,73,1.0,0.0,0.005835890769958496,0.005835890769958496,583.5890769958496
USR,attributed power,holdout_test_testsize0.2_rs42_shuffleTrue,74,0.009999999776482582,0.0,0.06000411510467529,0.06000411510467529,6000.411510467529
USR,attributed power,holdout_test_testsize0.2_rs42_shuffleTrue,75,80.0,0.7016944289207458,0.7195252776145935,0.017830848693847656,2.5411130484921656
USR,attributed power,holdout_test_testsize0.2_rs42_shuffleTrue,76,20.0,0.16436952352523804,0.20741534233093262,0.04304581880569458,26.18844289530664
USR,attributed power,holdout_test_testsize0.2_rs42_shuffleTrue,77,6.0,0.053180940449237823,0.04544329643249512,0.007737644016742706,14.54965623281602
USR,attributed power,holdout_test_testsize0.2_rs42_shuffleTrue,78,20.0,0.17950578033924103,0.20741534233093262,0.02790956199169159,15.548001818630237
USR,attributed power,holdout_test_testsize0.2_rs42_shuffleTrue,79,200.0,1.8169022798538208,1.814405918121338,0.00249636173248291,0.13739658759654128
USR,attributed power,holdout_test_testsize0.2_rs42_shuffleTrue,80,0.009999999776482582,0.0,0.06000411510467529,0.06000411510467529,6000.411510467529
USR,attributed power,holdout_test_testsize0.2_rs42_shuffleTrue,81,4000.0,3.5248489379882812,3.3983287811279297,0.12652015686035156,3.589378128997487
USR,attributed power,holdout_test_testsize0.2_rs42_shuffleTrue,82,800.0,3.5826752185821533,3.343639850616455,0.23903536796569824,6.671979830209021
USR,attributed power,holdout_test_testsize0.2_rs42_shuffleTrue,83,4000.0,3.5434107780456543,3.3983287811279297,0.1450819969177246,4.094416538342858
USR,attributed power,holdout_test_testsize0.2_rs42_shuffleTrue,84,100.0,0.9011507034301758,0.9078510999679565,0.006700396537780762,0.7435378469190677
USR,attributed power,holdout_test_testsize0.2_rs42_shuffleTrue,85,600.0,1.362629771232605,3.346219539642334,1.983589768409729,145.57070528522337
USR,attributed power,holdout_test_testsize0.2_rs42_shuffleTrue,86,20.0,0.03693350777029991,0.20741534233093262,0.1704818345606327,461.5912347695437
USR,attributed power,holdout_test_testsize0.2_rs42_shuffleTrue,87,40.0,0.35144734382629395,0.31736254692077637,0.03408479690551758,9.698407885069777
USR,attributed power,holdout_test_testsize0.2_rs42_shuffleTrue,88,400.0,3.259551525115967,3.1305909156799316,0.12896060943603516,3.9563911919277626
USR,attributed power,holdout_test_testsize0.2_rs42_shuffleTrue,89,2.0,0.016286639496684074,-0.021923303604125977,0.03820994310081005,234.60912921041518
USR,attributed power,holdout_test_testsize0.2_rs42_shuffleTrue,90,2000.0,3.2801144123077393,3.222144603729248,0.05796980857849121,1.76731056578317
USR,attributed power,holdout_test_testsize0.2_rs42_shuffleTrue,91,8.0,0.06941501796245575,0.0927811861038208,0.02336616814136505,33.66154591215842
USR,attributed power,holdout_test_testsize0.2_rs42_shuffleTrue,92,20.0,0.18490995466709137,0.20741534233093262,0.022505387663841248,12.170998421561215
USR,attributed power,holdout_test_testsize0.2_rs42_shuffleTrue,93,3000.0,3.569096088409424,3.324740409851074,0.2443556785583496,6.846430370756627
USR,attributed power,holdout_test_testsize0.2_rs42_shuffleTrue,94,60.0,0.5351462960243225,0.5539886951446533,0.01884239912033081,3.5209809467642135
USR,attributed power,holdout_test_testsize0.2_rs42_shuffleTrue,95,0.009999999776482582,0.004027178511023521,0.06000411510467529,0.05597693659365177,1389.9790247794365
USR,attributed power,holdout_test_testsize0.2_rs42_shuffleTrue,96,100.0,0.8878229856491089,0.9078510999679565,0.020028114318847656,2.2558679649642794
USR,attributed power,holdout_test_testsize0.2_rs42_shuffleTrue,97,20.0,0.18034154176712036,0.20741534233093262,0.027073800563812256,15.01251475313067
USR,attributed power,holdout_test_testsize0.2_rs42_shuffleTrue,98,2000.0,3.2840003967285156,3.222144603729248,0.06185579299926758,1.8835501073899876
USR,attributed power,holdout_test_testsize0.2_rs42_shuffleTrue,99,1.0,0.008127858862280846,0.005835890769958496,0.0022919680923223495,28.198915989532523
USR,attributed power,holdout_test_testsize0.2_rs42_shuffleTrue,100,6.0,0.05332908034324646,0.04544329643249512,0.007885783910751343,14.787024002655599
USR,attributed power,holdout_test_testsize0.2_rs42_shuffleTrue,101,0.009999999776482582,0.0,0.06000411510467529,0.06000411510467529,6000.411510467529
USR,attributed power,holdout_test_testsize0.2_rs42_shuffleTrue,102,4.0,0.036685872822999954,-0.05352580547332764,0.09021167829632759,245.9030448357494
USR,attributed power,holdout_test_testsize0.2_rs42_shuffleTrue,103,800.0,3.9692115783691406,3.343639850616455,0.6255717277526855,15.760604225832648
USR,attributed power,holdout_test_testsize0.2_rs42_shuffleTrue,104,6.0,0.05302108824253082,0.04544329643249512,0.007577791810035706,14.292033719438422
USR,attributed power,holdout_test_testsize0.2_rs42_shuffleTrue,105,20.0,0.18522121012210846,0.20741534233093262,0.022194132208824158,11.982500381134813
USR,attributed power,holdout_test_testsize0.2_rs42_shuffleTrue,106,1000.0,2.549070358276367,3.2586300373077393,0.7095596790313721,27.83601781439892
USR,attributed power,holdout_test_testsize0.2_rs42_shuffleTrue,107,2.0,0.020091693848371506,-0.021923303604125977,0.04201499745249748,209.11625356018914
USR,attributed power,holdout_test_testsize0.2_rs42_shuffleTrue,108,60.0,0.5317131876945496,0.5539886951446533,0.02227550745010376,4.189384044937447
USR,attributed power,holdout_test_testsize0.2_rs42_shuffleTrue,109,4.0,0.03631245344877243,-0.05352580547332764,0.08983825892210007,247.40343983872873
USR,attributed power,holdout_test_testsize0.2_rs42_shuffleTrue,110,80.0,0.7086390256881714,0.7195252776145935,0.01088625192642212,1.5362196452347927
USR,attributed power,holdout_test_testsize0.2_rs42_shuffleTrue,111,4000.0,3.4364967346191406,3.3983287811279297,0.03816795349121094,1.1106646226870636
USR,attributed power,holdout_test_testsize0.2_rs42_shuffleTrue,112,4.0,0.03647388145327568,-0.05352580547332764,0.08999968692660332,246.75105401627206
USR,attributed power,holdout_test_testsize0.2_rs42_shuffleTrue,113,4000.0,3.465963363647461,3.3983287811279297,0.06763458251953125,1.9513934633271754
USR,attributed power,holdout_test_testsize0.2_rs42_shuffleTrue,114,4.0,0.0322856567800045,-0.05352580547332764,0.08581146225333214,265.78818835266134
USR,attributed power,holdout_test_testsize0.2_rs42_shuffleTrue,115,2000.0,3.2587504386901855,3.222144603729248,0.0366058349609375,1.12330893849149
USR,attributed power,holdout_test_testsize0.2_rs42_shuffleTrue,116,100.0,0.9145877957344055,0.9078510999679565,0.006736695766448975,0.7365827313537975
USR,attributed power,holdout_test_testsize0.2_rs42_shuffleTrue,117,0.009999999776482582,0.0,0.06000411510467529,0.06000411510467529,6000.411510467529
USR,attributed power,holdout_test_testsize0.2_rs42_shuffleTrue,118,0.009999999776482582,0.0,0.06000411510467529,0.06000411510467529,6000.411510467529
USR,attributed power,holdout_test_testsize0.2_rs42_shuffleTrue,119,8.0,0.06939312070608139,0.0927811861038208,0.02338806539773941,33.70372330825259
USR,attributed power,holdout_test_testsize0.2_rs42_shuffleTrue,120,80.0,0.7309786677360535,0.7195252776145935,0.011453390121459961,1.5668569586213459
USR,attributed power,holdout_test_testsize0.2_rs42_shuffleTrue,121,100.0,0.9165835976600647,0.9078510999679565,0.008732497692108154,0.9527224482743575
USR,attributed power,holdout_test_testsize0.2_rs42_shuffleTrue,122,20.0,0.1788615584373474,0.20741534233093262,0.028553783893585205,15.96418153964994
USR,attributed power,holdout_test_testsize0.2_rs42_shuffleTrue,123,10.0,0.08974072337150574,0.10254871845245361,0.012807995080947876,14.2722217960354
USR,attributed power,holdout_test_testsize0.2_rs42_shuffleTrue,124,100.0,0.8972547054290771,0.9078510999679565,0.010596394538879395,1.1809795451350773
USR,attributed power,holdout_test_testsize0.2_rs42_shuffleTrue,125,10.0,0.09111952781677246,0.10254871845245361,0.011429190635681152,12.54307491437348
USR,attributed power,holdout_test_testsize0.2_rs42_shuffleTrue,126,60.0,0.5352011919021606,0.5539886951446533,0.018787503242492676,3.510362743348896
USR,attributed power,holdout_test_testsize0.2_rs42_shuffleTrue,127,200.0,1.8377883434295654,1.814405918121338,0.02338242530822754,1.272313288514646
USR,attributed power,holdout_test_testsize0.2_rs42_shuffleTrue,128,8.0,0.07377271354198456,0.0927811861038208,0.019008472561836243,25.7662645837453
USR,attributed power,holdout_test_testsize0.2_rs42_shuffleTrue,129,0.10000000149011612,0.00804069172590971,0.05272471904754639,0.04468402732163668,555.7236721021188
USR,attributed power,holdout_test_testsize0.2_rs42_shuffleTrue,130,0.10000000149011612,0.0,0.05272471904754639,0.05272471904754639,5272.471904754639
USR,attributed power,holdout_test_testsize0.2_rs42_shuffleTrue,131,200.0,1.8373651504516602,1.814405918121338,0.022959232330322266,1.2495737346862401
USR,attributed power,holdout_test_testsize0.2_rs42_shuffleTrue,132,3000.0,3.4233744144439697,3.324740409851074,0.09863400459289551,2.8811924333119086
USR,attributed power,holdout_test_testsize0.2_rs42_shuffleTrue,133,1000.0,2.4000089168548584,3.2586300373077393,0.8586211204528809,35.775747099226564
USR,attributed power,holdout_test_testsize0.2_rs42_shuffleTrue,134,100.0,0.8880106806755066,0.9078510999679565,0.01984041929244995,2.2342545787126586
USR,attributed power,holdout_test_testsize0.2_rs42_shuffleTrue,135,2000.0,3.2722344398498535,3.222144603729248,0.05008983612060547,1.5307532831572985
USR,attributed power,holdout_test_testsize0.2_rs42_shuffleTrue,136,400.0,3.1837921142578125,3.1305909156799316,0.05320119857788086,1.6710010160409867
USR,attributed power,holdout_test_testsize0.2_rs42_shuffleTrue,137,4000.0,3.430668830871582,3.3983287811279297,0.032340049743652344,0.9426747767850318
USR,attributed power,holdout_test_testsize0.2_rs42_shuffleTrue,138,3000.0,3.424783945083618,3.324740409851074,0.10004353523254395,2.9211634029107003
USR,attributed power,holdout_test_testsize0.2_rs42_shuffleTrue,139,1000.0,2.517583131790161,3.2586300373077393,0.7410469055175781,29.434853457674976
USR,attributed power,holdout_test_testsize0.2_rs42_shuffleTrue,140,1000.0,2.816103935241699,3.2586300373077393,0.44252610206604004,15.714125339200564
USR,attributed power,holdout_test_testsize0.2_rs42_shuffleTrue,141,4.0,0.03253171220421791,-0.05352580547332764,0.08605751767754555,264.53424012028404
USR,attributed power,holdout_test_testsize0.2_rs42_shuffleTrue,142,800.0,2.5217151641845703,3.343639850616455,0.8219246864318848,32.593874919163
USR,attributed power,holdout_test_testsize0.2_rs42_shuffleTrue,143,1.0,0.008028633892536163,0.005835890769958496,0.0021927431225776672,27.31153458891874
USR,attributed power,holdout_test_testsize0.2_rs42_shuffleTrue,144,0.10000000149011612,0.0,0.05272471904754639,0.05272471904754639,5272.471904754639
USR,attributed power,holdout_test_testsize0.2_rs42_shuffleTrue,145,6.0,0.052954211831092834,0.04544329643249512,0.007510915398597717,14.183792259159969
USR,attributed power,holdout_test_testsize0.2_rs42_shuffleTrue,146,800.0,4.002678871154785,3.343639850616455,0.6590390205383301,16.464948644461085
USR,attributed power,holdout_test_testsize0.2_rs42_shuffleTrue,147,10.0,0.0900740772485733,0.10254871845245361,0.01247464120388031,13.849313348450536
USR,attributed power,holdout_test_testsize0.2_rs42_shuffleTrue,148,1000.0,3.9318764209747314,3.2586300373077393,0.6732463836669922,17.12277578398792
USR,attributed power,holdout_test_testsize0.2_rs42_shuffleTrue,149,200.0,1.8042858839035034,1.814405918121338,0.010120034217834473,0.5608886212610701
USR,attributed power,holdout_test_testsize0.2_rs42_shuffleTrue,150,1000.0,2.639575958251953,3.2586300373077393,0.6190540790557861,23.452785176364156
USR,attributed power,holdout_test_testsize0.2_rs42_shuffleTrue,151,200.0,2.031947374343872,1.814405918121338,0.21754145622253418,10.706057596239647
USR,attributed power,holdout_test_testsize0.2_rs42_shuffleTrue,152,4000.0,3.5210094451904297,3.3983287811279297,0.1226806640625,3.484246946002298
USR,attributed power,holdout_test_testsize0.2_rs42_shuffleTrue,153,8.0,0.06969684362411499,0.0927811861038208,0.02308434247970581,33.1210730348177
USR,attributed power,holdout_test_testsize0.2_rs42_shuffleTrue,154,0.10000000149011612,0.0040174005553126335,0.05272471904754639,0.04870731849223375,1212.408815641321
USR,attributed power,holdout_test_testsize0.2_rs42_shuffleTrue,155,800.0,3.352902412414551,3.343639850616455,0.009262561798095703,0.27625503694351145
USR,attributed power,holdout_test_testsize0.2_rs42_shuffleTrue,156,400.0,3.226874589920044,3.1305909156799316,0.0962836742401123,2.983805895056431
USR,attributed power,holdout_test_testsize0.2_rs42_shuffleTrue,157,4000.0,3.5522801876068115,3.3983287811279297,0.15395140647888184,4.333875661497289
USR,attributed power,holdout_test_testsize0.2_rs42_shuffleTrue,158,200.0,2.0375070571899414,1.814405918121338,0.22310113906860352,10.949711230757494
USR,attributed power,holdout_test_testsize0.2_rs42_shuffleTrue,159,60.0,0.5385929346084595,0.5539886951446533,0.015395760536193848,2.8585151320980646
USR,attributed power,holdout_test_testsize0.2_rs42_shuffleTrue,160,1000.0,2.4361982345581055,3.2586300373077393,0.8224318027496338,33.75882106321336
USR,attributed power,holdout_test_testsize0.2_rs42_shuffleTrue,161,0.10000000149011612,0.0,0.05272471904754639,0.05272471904754639,5272.471904754639
USR,attributed power,holdout_test_testsize0.2_rs42_shuffleTrue,162,4.0,0.03628040850162506,-0.05352580547332764,0.0898062139749527,247.5336350496994
USR,attributed power,holdout_test_testsize0.2_rs42_shuffleTrue,163,8.0,0.06541848182678223,0.0927811861038208,0.027362704277038574,41.8271771416076
USR,attributed power,holdout_test_testsize0.2_rs42_shuffleTrue,164,3000.0,3.420344352722168,3.324740409851074,0.09560394287109375,2.7951554876340134
USR,attributed power,holdout_test_testsize0.2_rs42_shuffleTrue,165,400.0,3.211815118789673,3.1305909156799316,0.08122420310974121,2.528919010143691
USR,attributed power,holdout_test_testsize0.2_rs42_shuffleTrue,166,40.0,0.3549877405166626,0.31736254692077637,0.03762519359588623,10.599012107044908
USR,attributed power,holdout_test_testsize0.2_rs42_shuffleTrue,167,2.0,0.020288357511162758,-0.021923303604125977,0.042211661115288734,208.05854338905286
USR,attributed power,holdout_test_testsize0.2_rs42_shuffleTrue,168,600.0,3.5050294399261475,3.346219539642334,0.15880990028381348,4.530914875487028
USR,attributed power,holdout_test_testsize0.2_rs42_shuffleTrue,169,200.0,1.8838169574737549,1.814405918121338,0.06941103935241699,3.684595739359885
USR,attributed power,holdout_test_testsize0.2_rs42_shuffleTrue,170,200.0,1.7899394035339355,1.814405918121338,0.024466514587402344,1.3668906633988451
USR,attributed power,holdout_test_testsize0.2_rs42_shuffleTrue,171,3000.0,3.419306755065918,3.324740409851074,0.09456634521484375,2.765658421103569
USR,attributed power,holdout_test_testsize0.2_rs42_shuffleTrue,172,2.0,0.01633421890437603,-0.021923303604125977,0.03825752250850201,234.21703071612808
USR,attributed power,holdout_test_testsize0.2_rs42_shuffleTrue,173,800.0,3.4382641315460205,3.343639850616455,0.09462428092956543,2.752094583466963
USR,attributed power,holdout_test_testsize0.2_rs42_shuffleTrue,174,3000.0,3.4918251037597656,3.324740409851074,0.1670846939086914,4.785024706099561
USR,attributed power,holdout_test_testsize0.2_rs42_shuffleTrue,175,1.0,0.012141508981585503,0.005835890769958496,0.0063056182116270065,51.93438658399432
USR,attributed power,holdout_test_testsize0.2_rs42_shuffleTrue,176,1.0,0.008120954036712646,0.005835890769958496,0.0022850632667541504,28.137867255792788
USR,attributed power,holdout_test_testsize0.2_rs42_shuffleTrue,177,800.0,3.2549941539764404,3.343639850616455,0.08864569664001465,2.723374987685347
USR,attributed power,holdout_test_testsize0.2_rs42_shuffleTrue,178,8.0,0.07373490184545517,0.0927811861038208,0.01904628425836563,25.830758272772552
USR,attributed power,holdout_test_testsize0.2_rs42_shuffleTrue,179,0.10000000149011612,0.0,0.05272471904754639,0.05272471904754639,5272.471904754639
USR,attributed power,holdout_test_testsize0.2_rs42_shuffleTrue,180,100.0,0.9098486304283142,0.9078510999679565,0.001997530460357666,0.2195453610143175
USR,attributed power,holdout_test_testsize0.2_rs42_shuffleTrue,181,5000.0,3.50661301612854,3.4555587768554688,0.05105423927307129,1.4559416462053028
USR,attributed power,holdout_test_testsize0.2_rs42_shuffleTrue,182,1000.0,3.231344223022461,3.2586300373077393,0.02728581428527832,0.8444106353905044
USR,attributed power,holdout_test_testsize0.2_rs42_shuffleTrue,183,100.0,0.9056366086006165,0.9078510999679565,0.002214491367340088,0.24452317257381023
USR,attributed power,holdout_test_testsize0.2_rs42_shuffleTrue,184,40.0,0.35579484701156616,0.31736254692077637,0.038432300090789795,10.801814701251264
USR,attributed power,holdout_test_testsize0.2_rs42_shuffleTrue,185,600.0,1.695685863494873,3.346219539642334,1.650533676147461,97.3372315993511
USR,attributed power,holdout_test_testsize0.2_rs42_shuffleTrue,186,5000.0,3.5003528594970703,3.4555587768554688,0.04479408264160156,1.2797019169101016
USR,attributed power,holdout_test_testsize0.2_rs42_shuffleTrue,187,0.10000000149011612,0.00401874165982008,0.05272471904754639,0.04870597738772631,1211.9708483552258
USR,attributed power,holdout_test_testsize0.2_rs42_shuffleTrue,188,0.009999999776482582,0.0,0.06000411510467529,0.06000411510467529,6000.411510467529
USR,attributed power,holdout_test_testsize0.2_rs42_shuffleTrue,189,6.0,0.05278853327035904,0.04544329643249512,0.007345236837863922,13.914455247780676
USR,attributed power,holdout_test_testsize0.2_rs42_shuffleTrue,190,400.0,3.2061777114868164,3.1305909156799316,0.07558679580688477,2.357536063458957
USR,attributed power,holdout_test_testsize0.2_rs42_shuffleTrue,191,400.0,3.2621278762817383,3.1305909156799316,0.13153696060180664,4.032244154442408
USR,attributed power,holdout_test_testsize0.2_rs42_shuffleTrue,192,10.0,0.09005419164896011,0.10254871845245361,0.0124945268034935,13.874453342714313
USR,attributed power,holdout_test_testsize0.2_rs42_shuffleTrue,193,4000.0,3.455911159515381,3.3983287811279297,0.05758237838745117,1.666199613636072
USR,attributed power,holdout_test_testsize0.2_rs42_shuffleTrue,194,40.0,0.3585592806339264,0.31736254692077637,0.041196733713150024,11.489518174042221
USR,attributed power,holdout_test_testsize0.2_rs42_shuffleTrue,195,0.009999999776482582,0.0,0.06000411510467529,0.06000411510467529,6000.411510467529
USR,attributed power,holdout_test_testsize0.2_rs42_shuffleTrue,196,1.0,0.012150081805884838,0.005835890769958496,0.006314191035926342,51.968300599162156
USR,attributed power,holdout_test_testsize0.2_rs42_shuffleTrue,197,2000.0,3.3208303451538086,3.222144603729248,0.09868574142456055,2.9717188524423035
USR,attributed power,holdout_test_testsize0.2_rs42_shuffleTrue,198,2.0,0.01619957946240902,-0.021923303604125977,0.038122883066534996,235.3325477059377
USR,attributed power,holdout_test_testsize0.2_rs42_shuffleTrue,199,60.0,0.5380702018737793,0.5539886951446533,0.015918493270874023,2.9584417080595347
USR,attributed power,holdout_test_testsize0.2_rs42_shuffleTrue,200,800.0,3.369056224822998,3.343639850616455,0.02541637420654297,0.7544063533068013
USR,attributed power,holdout_test_testsize0.2_rs42_shuffleTrue,201,80.0,0.7124147415161133,0.7195252776145935,0.007110536098480225,0.9980894111410522
USR,attributed power,holdout_test_testsize0.2_rs42_shuffleTrue,202,600.0,2.608947992324829,3.346219539642334,0.7372715473175049,28.259342443255203
USR,attributed power,holdout_test_testsize0.2_rs42_shuffleTrue,203,4000.0,3.4892752170562744,3.3983287811279297,0.09094643592834473,2.6064563633095026
USR,attributed power,holdout_test_testsize0.2_rs42_shuffleTrue,204,200.0,1.8380144834518433,1.814405918121338,0.02360856533050537,1.28446024463136
USR,attributed power,holdout_test_testsize0.2_rs42_shuffleTrue,205,4.0,0.03649948164820671,-0.05352580547332764,0.09002528712153435,246.64812500414635
USR,attributed power,holdout_test_testsize0.2_rs42_shuffleTrue,206,3000.0,3.5480313301086426,3.324740409851074,0.22329092025756836,6.293375099670586
USR,attributed power,holdout_test_testsize0.2_rs42_shuffleTrue,207,2.0,0.0202478040009737,-0.021923303604125977,0.04217110760509968,208.27496948840326
USR,attributed power,holdout_test_testsize0.2_rs42_shuffleTrue,208,5000.0,3.479518175125122,3.4555587768554688,0.02395939826965332,0.6885837941855771
USR,attributed power,holdout_test_testsize0.2_rs42_shuffleTrue,209,0.10000000149011612,0.0,0.05272471904754639,0.05272471904754639,5272.471904754639
USR,attributed power,holdout_test_testsize0.2_rs42_shuffleTrue,210,600.0,3.410914897918701,3.346219539642334,0.06469535827636719,1.896715696889521
USR,attributed power,holdout_test_testsize0.2_rs42_shuffleTrue,211,40.0,0.3563206195831299,0.31736254692077637,0.038958072662353516,10.933432005122725
USR,attributed power,holdout_test_testsize0.2_rs42_shuffleTrue,212,600.0,3.4758424758911133,3.346219539642334,0.1296229362487793,3.729252322217146
USR,attributed power,holdout_test_testsize0.2_rs42_shuffleTrue,213,0.10000000149011612,0.004016302991658449,0.05272471904754639,0.04870841605588794,1212.7674669229775
USR,attributed power,holdout_test_testsize0.2_rs42_shuffleTrue,214,2.0,0.016206469386816025,-0.021923303604125977,0.038129772990942,235.27501321145618
USR,attributed power,holdout_test_testsize0.2_rs42_shuffleTrue,215,80.0,0.7028228044509888,0.7195252776145935,0.016702473163604736,2.376484237254069
USR,attributed power,holdout_test_testsize0.2_rs42_shuffleTrue,216,4.0,0.036316320300102234,-0.05352580547332764,0.08984212577342987,247.3877447687809
USR,attributed power,holdout_test_testsize0.2_rs42_shuffleTrue,217,4000.0,3.459423065185547,3.3983287811279297,0.06109428405761719,1.7660252275140675
USR,attributed power,holdout_test_testsize0.2_rs42_shuffleTrue,218,200.0,1.8168935775756836,1.814405918121338,0.002487659454345703,0.13691828101814502
USR,attributed power,holdout_test_testsize0.2_rs42_shuffleTrue,219,0.009999999776482582,0.0,0.06000411510467529,0.06000411510467529,6000.411510467529
USR,attributed power,holdout_test_testsize0.2_rs42_shuffleTrue,220,2000.0,3.250149726867676,3.222144603729248,0.028005123138427734,0.8616564002242939
USR,attributed power,holdout_test_testsize0.2_rs42_shuffleTrue,221,10.0,0.08968260139226913,0.10254871845245361,0.012866117060184479,14.346279947777663
USR,attributed power,holdout_test_testsize0.2_rs42_shuffleTrue,222,400.0,3.266923427581787,3.1305909156799316,0.13633251190185547,4.173116233788507
USR,attributed power,holdout_test_testsize0.2_rs42_shuffleTrue,223,2.0,0.02028152346611023,-0.021923303604125977,0.042204827070236206,208.09495470475437
USR,attributed power,holdout_test_testsize0.2_rs42_shuffleTrue,224,10.0,0.08964650332927704,0.10254871845245361,0.012902215123176575,14.392323898887563
USR,attributed power,holdout_test_testsize0.2_rs42_shuffleTrue,225,100.0,0.895912766456604,0.9078510999679565,0.011938333511352539,1.3325330275814085
USR,attributed power,holdout_test_testsize0.2_rs42_shuffleTrue,226,200.0,1.850030541419983,1.814405918121338,0.03562462329864502,1.9256235235609402
USR,attributed power,holdout_test_testsize0.2_rs42_shuffleTrue,227,3000.0,3.4626870155334473,3.324740409851074,0.13794660568237305,3.98380232067037
USR,attributed power,holdout_test_testsize0.2_rs42_shuffleTrue,228,40.0,0.3521040380001068,0.31736254692077637,0.034741491079330444,9.866825520279862
USR,attributed power,holdout_test_testsize0.2_rs42_shuffleTrue,229,6.0,0.057071905583143234,0.04544329643249512,0.011628609150648117,20.375365132512318
USR,attributed power,holdout_test_testsize0.2_rs42_shuffleTrue,230,400.0,3.263193368911743,3.1305909156799316,0.13260245323181152,4.063579391129791
USR,attributed power,holdout_test_testsize0.2_rs42_shuffleTrue,231,60.0,0.5385169386863708,0.5539886951446533,0.01547175645828247,2.8730306043897964
USR,attributed power,holdout_test_testsize0.2_rs42_shuffleTrue,232,10.0,0.09013377875089645,0.10254871845245361,0.01241493970155716,13.773903495013165
USR,attributed power,holdout_test_testsize0.2_rs42_shuffleTrue,233,800.0,3.2272567749023438,3.343639850616455,0.11638307571411133,3.6062539745580997
USR,attributed power,holdout_test_testsize0.2_rs42_shuffleTrue,234,1000.0,4.170507431030273,3.2586300373077393,0.9118773937225342,21.864902743915408
USR,attributed power,holdout_test_testsize0.2_rs42_shuffleTrue,235,6.0,0.05287366360425949,0.04544329643249512,0.007430367171764374,14.05305905673195
USR,attributed power,holdout_test_testsize0.2_rs42_shuffleTrue,236,100.0,0.8954563140869141,0.9078510999679565,0.01239478588104248,1.3841865522698662
USR,attributed power,holdout_test_testsize0.2_rs42_shuffleTrue,237,0.009999999776482582,0.0,0.06000411510467529,0.06000411510467529,6000.411510467529
USR,attributed power,holdout_test_testsize0.2_rs42_shuffleTrue,238,80.0,0.7077418565750122,0.7195252776145935,0.011783421039581299,1.664932055397291
USR,attributed power,holdout_test_testsize0.2_rs42_shuffleTrue,239,800.0,3.2169182300567627,3.343639850616455,0.12672162055969238,3.9392241734865725
USR,attributed power,holdout_test_testsize0.2_rs42_shuffleTrue,240,5000.0,3.51247501373291,3.4555587768554688,0.056916236877441406,1.6204026122581077
USR,attributed power,holdout_test_testsize0.2_rs42_shuffleTrue,241,1000.0,3.447383403778076,3.2586300373077393,0.18875336647033691,5.475264696798077
USR,attributed power,holdout_test_testsize0.2_rs42_shuffleTrue,242,80.0,0.7189647555351257,0.7195252776145935,0.0005605220794677734,0.07796238621607768
USR,attributed power,holdout_test_testsize0.2_rs42_shuffleTrue,243,800.0,3.990143060684204,3.343639850616455,0.646503210067749,16.20250703384281
USR,attributed power,holdout_test_testsize0.2_rs42_shuffleTrue,244,3000.0,3.435317039489746,3.324740409851074,0.11057662963867188,3.218818768910366
USR,attributed power,holdout_test_testsize0.2_rs42_shuffleTrue,245,5000.0,3.517475128173828,3.4555587768554688,0.061916351318359375,1.7602498685045307
USR,attributed power,holdout_test_testsize0.2_rs42_shuffleTrue,246,2.0,0.016169020906090736,-0.021923303604125977,0.03809232451021671,235.58831874518543
USR,attributed power,holdout_test_testsize0.2_rs42_shuffleTrue,247,2000.0,3.358891010284424,3.222144603729248,0.13674640655517578,4.071177246790046
USR,attributed power,holdout_test_testsize0.2_rs42_shuffleTrue,248,20.0,0.17958728969097137,0.20741534233093262,0.027828052639961243,15.495558002933812
USR,attributed power,holdout_test_testsize0.2_rs42_shuffleTrue,249,6.0,0.05306244641542435,0.04544329643249512,0.00761914998292923,14.358836611638912
USR,attributed power,holdout_test_testsize0.2_rs42_shuffleTrue,250,20.0,0.1747473180294037,0.20741534233093262,0.03266802430152893,18.694435296587546
USR,attributed power,holdout_test_testsize0.2_rs42_shuffleTrue,251,10.0,0.09060195088386536,0.10254871845245361,0.011946767568588257,13.185993736384068
USR,attributed power,holdout_test_testsize0.2_rs42_shuffleTrue,252,10.0,0.08574151992797852,0.10254871845245361,0.016807198524475098,19.60217003220012
USR,attributed power,holdout_test_testsize0.2_rs42_shuffleTrue,253,8.0,0.069473497569561,0.0927811861038208,0.023307688534259796,33.54903574693753
USR,attributed power,holdout_test_testsize0.2_rs42_shuffleTrue,254,8.0,0.06925562024116516,0.0927811861038208,0.02352556586265564,33.969179368741216
USR,attributed power,holdout_test_testsize0.2_rs42_shuffleTrue,255,1000.0,2.710392713546753,3.2586300373077393,0.5482373237609863,20.227228365131506
USR,attributed power,holdout_test_testsize0.2_rs42_shuffleTrue,256,100.0,0.89583820104599,0.9078510999679565,0.012012898921966553,1.3409674769327953
USR,attributed power,holdout_test_testsize0.2_rs42_shuffleTrue,257,0.10000000149011612,0.004040632862597704,0.05272471904754639,0.04868408618494868,1204.8628974830915
USR,attributed power,holdout_test_testsize0.2_rs42_shuffleTrue,258,3000.0,3.5538885593414307,3.324740409851074,0.22914814949035645,6.447814715181159
USR,attributed power,holdout_test_testsize0.2_rs42_shuffleTrue,259,100.0,0.8805544972419739,0.9078510999679565,0.027296602725982666,3.0999333728326457
USR,attributed power,holdout_test_testsize0.2_rs42_shuffleTrue,260,6.0,0.057110726833343506,0.04544329643249512,0.011667430400848389,20.429490303801355
USR,attributed power,holdout_test_testsize0.2_rs42_shuffleTrue,261,100.0,1.0255403518676758,0.9078510999679565,0.11768925189971924,11.475828492305345
USR,attributed power,holdout_test_testsize0.2_rs42_shuffleTrue,262,100.0,0.9016510248184204,0.9078510999679565,0.006200075149536133,0.6876357902199178
USR,attributed power,holdout_test_testsize0.2_rs42_shuffleTrue,263,100.0,0.8923051357269287,0.9078510999679565,0.015545964241027832,1.742225122167777
USR,attributed power,holdout_test_testsize0.2_rs42_shuffleTrue,264,4000.0,3.423682928085327,3.3983287811279297,0.02535414695739746,0.7405518411010276
USR,attributed power,holdout_test_testsize0.2_rs42_shuffleTrue,265,6.0,0.05267655849456787,0.04544329643249512,0.007233262062072754,13.73146285328922
USR,attributed power,holdout_test_testsize0.2_rs42_shuffleTrue,266,0.009999999776482582,0.0,0.06000411510467529,0.06000411510467529,6000.411510467529
USR,attributed power,holdout_test_testsize0.2_rs42_shuffleTrue,267,4.0,0.03646299988031387,-0.05352580547332764,0.08998880535364151,246.79484861097745
USR,attributed power,holdout_test_testsize0.2_rs42_shuffleTrue,268,40.0,0.35944393277168274,0.31736254692077637,0.04208138585090637,11.707357396858967
USR,attributed power,holdout_test_testsize0.2_rs42_shuffleTrue,269,800.0,3.168390989303589,3.343639850616455,0.1752488613128662,5.531162722798484
USR,attributed power,holdout_test_testsize0.2_rs42_shuffleTrue,270,6.0,0.053162798285484314,0.04544329643249512,0.007719501852989197,14.520495726232202
USR,attributed power,holdout_test_testsize0.2_rs42_shuffleTrue,271,1.0,0.008138023316860199,0.005835890769958496,0.002302132546901703,28.288596103333706
USR,attributed power,holdout_test_testsize0.2_rs42_shuffleTrue,272,400.0,3.2199361324310303,3.1305909156799316,0.08934521675109863,2.7747512086099544
USR,attributed power,holdout_test_testsize0.2_rs42_shuffleTrue,273,3000.0,3.4176371097564697,3.324740409851074,0.09289669990539551,2.7181557585560934
USR,attributed power,holdout_test_testsize0.2_rs42_shuffleTrue,274,60.0,0.5280852317810059,0.5539886951446533,0.02590346336364746,4.90516715952956
USR,attributed power,holdout_test_testsize0.2_rs42_shuffleTrue,275,80.0,0.7239416837692261,0.7195252776145935,0.004416406154632568,0.6100499879546106
USR,attributed power,holdout_test_testsize0.2_rs42_shuffleTrue,276,200.0,1.8071420192718506,1.814405918121338,0.007263898849487305,0.4019550634107959
USR,attributed power,holdout_test_testsize0.2_rs42_shuffleTrue,277,4.0,0.03658466041088104,-0.05352580547332764,0.09011046588420868,246.30668939435597
USR,attributed power,holdout_test_testsize0.2_rs42_shuffleTrue,278,400.0,3.203687906265259,3.1305909156799316,0.07309699058532715,2.2816514193650317
USR,attributed power,holdout_test_testsize0.2_rs42_shuffleTrue,279,400.0,3.210432767868042,3.1305909156799316,0.07984185218811035,2.486949827674824
USR,attributed power,holdout_test_testsize0.2_rs42_shuffleTrue,280,600.0,1.6557613611221313,3.346219539642334,1.6904581785202026,102.09552041814509
USR,attributed power,holdout_test_testsize0.2_rs42_shuffleTrue,281,20.0,0.16195048391819,0.20741534233093262,0.045464858412742615,28.07330815739296
USR,attributed power,holdout_test_testsize0.2_rs42_shuffleTrue,282,4.0,0.03659592941403389,-0.05352580547332764,0.09012173488736153,246.2616371010964
USR,attributed power,holdout_test_testsize0.2_rs42_shuffleTrue,283,200.0,1.8168379068374634,1.814405918121338,0.0024319887161254883,0.13385832093072114
USR,attributed power,holdout_test_testsize0.2_rs42_shuffleTrue,284,600.0,3.4647207260131836,3.346219539642334,0.11850118637084961,3.4202233236618653
USR,attributed power,holdout_test_testsize0.2_rs42_shuffleTrue,285,600.0,3.4972827434539795,3.346219539642334,0.1510632038116455,4.319444977515681
USR,attributed power,holdout_test_testsize0.2_rs42_shuffleTrue,286,5000.0,3.493659734725952,3.4555587768554688,0.0381009578704834,1.090574376541913
USR,attributed power,holdout_test_testsize0.2_rs42_shuffleTrue,287,4000.0,3.5510222911834717,3.3983287811279297,0.152693510055542,4.299987370810135
USR,attributed power,holdout_test_testsize0.2_rs42_shuffleTrue,288,5000.0,3.506824016571045,3.4555587768554688,0.05126523971557617,1.4618708972371834
USR,attributed power,holdout_test_testsize0.2_rs42_shuffleTrue,289,600.0,3.4854235649108887,3.346219539642334,0.1392040252685547,3.993891206508604
USR,attributed power,holdout_test_testsize0.2_rs42_shuffleTrue,290,2.0,0.020172180607914925,-0.021923303604125977,0.0420954842120409,208.6808810125563
USR,attributed power,holdout_test_testsize0.2_rs42_shuffleTrue,291,4000.0,3.506378650665283,3.3983287811279297,0.10804986953735352,3.081523141171666
USR,attributed power,holdout_test_testsize0.2_rs42_shuffleTrue,292,60.0,0.5232904553413391,0.5539886951446533,0.03069823980331421,5.866386342416648
USR,attributed power,holdout_test_testsize0.2_rs42_shuffleTrue,293,4000.0,3.428765058517456,3.3983287811279297,0.030436277389526367,0.8876746254141581
USR,attributed power,holdout_test_testsize0.2_rs42_shuffleTrue,294,600.0,3.4506947994232178,3.346219539642334,0.10447525978088379,3.0276586558262637
USR,attributed power,holdout_test_testsize0.2_rs42_shuffleTrue,295,60.0,0.533626914024353,0.5539886951446533,0.020361781120300293,3.815733536890354
USR,attributed power,holdout_test_testsize0.2_rs42_shuffleTrue,296,600.0,3.5135984420776367,3.346219539642334,0.16737890243530273,4.763745920160683
USR,attributed power,holdout_test_testsize0.2_rs42_shuffleTrue,297,2.0,0.016152162104845047,-0.021923303604125977,0.038075465708971024,235.72983890218512
USR,attributed power,holdout_test_testsize0.2_rs42_shuffleTrue,298,80.0,0.7229766845703125,0.7195252776145935,0.003451406955718994,0.4773884178257107
USR,attributed power,holdout_test_testsize0.2_rs42_shuffleTrue,299,5000.0,3.539595127105713,3.4555587768554688,0.08403635025024414,2.374179736171117
USR,attributed power,holdout_test_testsize0.2_rs42_shuffleTrue,300,600.0,3.4823803901672363,3.346219539642334,0.13616085052490234,3.9099936040692964
USR,attributed power,holdout_test_testsize0.2_rs42_shuffleTrue,301,0.10000000149011612,0.0,0.05272471904754639,0.05272471904754639,5272.471904754639
USR,attributed power,holdout_test_testsize0.2_rs42_shuffleTrue,302,5000.0,3.5005335807800293,3.4555587768554688,0.04497480392456055,1.2847985281872012
USR,attributed power,holdout_test_testsize0.2_rs42_shuffleTrue,303,6.0,0.0486232154071331,0.04544329643249512,0.0031799189746379852,6.539919147698912
USR,attributed power,holdout_test_testsize0.2_rs42_shuffleTrue,304,60.0,0.5205859541893005,0.5539886951446533,0.03340274095535278,6.416373835396749
USR,attributed power,holdout_test_testsize0.2_rs42_shuffleTrue,305,800.0,3.582662343978882,3.343639850616455,0.23902249336242676,6.671644447993665
USR,attributed power,holdout_test_testsize0.2_rs42_shuffleTrue,306,80.0,0.7176049947738647,0.7195252776145935,0.0019202828407287598,0.2675960806730294
USR,attributed power,holdout_test_testsize0.2_rs42_shuffleTrue,307,4000.0,3.4504454135894775,3.3983287811279297,0.05211663246154785,1.5104320229581965
USR,attributed power,holdout_test_testsize0.2_rs42_shuffleTrue,308,8.0,0.07371111214160919,0.0927811861038208,0.01907007396221161,25.871369198141213
USR,attributed power,holdout_test_testsize0.2_rs42_shuffleTrue,309,800.0,4.073276519775391,3.343639850616455,0.7296366691589355,17.91277036107456
USR,attributed power,holdout_test_testsize0.2_rs42_shuffleTrue,310,100.0,1.0106147527694702,0.9078510999679565,0.10276365280151367,10.168429910596698
USR,attributed power,holdout_test_testsize0.2_rs42_shuffleTrue,311,1.0,0.004038549493998289,0.005835890769958496,0.001797341275960207,44.50462421300633
USR,attributed power,holdout_test_testsize0.2_rs42_shuffleTrue,312,1.0,0.008083109743893147,0.005835890769958496,0.0022472189739346504,27.80141610266324
USR,attributed power,holdout_test_testsize0.2_rs42_shuffleTrue,313,20.0,0.17358818650245667,0.20741534233093262,0.03382715582847595,19.487014934623573
USR,attributed power,holdout_test_testsize0.2_rs42_shuffleTrue,314,2.0,0.020264895632863045,-0.021923303604125977,0.04218819923698902,208.1836492094908
USR,attributed power,holdout_test_testsize0.2_rs42_shuffleTrue,315,80.0,0.6920708417892456,0.7195252776145935,0.0274544358253479,3.9669979094002232
USR,attributed power,holdout_test_testsize0.2_rs42_shuffleTrue,316,0.009999999776482582,0.0,0.06000411510467529,0.06000411510467529,6000.411510467529
USR,attributed power,holdout_test_testsize0.2_rs42_shuffleTrue,317,0.10000000149011612,0.0,0.05272471904754639,0.05272471904754639,5272.471904754639
USR,attributed power,holdout_test_testsize0.2_rs42_shuffleTrue,318,1000.0,3.2543587684631348,3.2586300373077393,0.004271268844604492,0.13124763274399495
USR,attributed power,holdout_test_testsize0.2_rs42_shuffleTrue,319,400.0,3.2236623764038086,3.1305909156799316,0.09307146072387695,2.887134254664219
USR,attributed power,holdout_test_testsize0.2_rs42_shuffleTrue,320,80.0,0.7323285937309265,0.7195252776145935,0.012803316116333008,1.7483020908831568
USR,attributed power,holdout_test_testsize0.2_rs42_shuffleTrue,321,60.0,0.5292678475379944,0.5539886951446533,0.024720847606658936,4.670763153600467
USR,attributed power,holdout_test_testsize0.2_rs42_shuffleTrue,322,1.0,0.012141788378357887,0.005835890769958496,0.006305897608399391,51.935492630058754
USR,attributed power,holdout_test_testsize0.2_rs42_shuffleTrue,323,4.0,0.03643808141350746,-0.05352580547332764,0.0899638868868351,246.89523541567647
USR,attributed power,holdout_test_testsize0.2_rs42_shuffleTrue,324,80.0,0.8300487399101257,0.7195252776145935,0.11052346229553223,13.315297883290475
USR,attributed power,holdout_test_testsize0.2_rs42_shuffleTrue,325,1.0,0.012137816287577152,0.005835890769958496,0.006301925517618656,51.91976355803448
USR,attributed power,holdout_test_testsize0.2_rs42_shuffleTrue,326,4.0,0.02860107645392418,-0.05352580547332764,0.08212688192725182,287.1461221382935
USR,attributed power,holdout_test_testsize0.2_rs42_shuffleTrue,327,200.0,1.7951574325561523,1.814405918121338,0.019248485565185547,1.0722449862114507
USR,attributed power,holdout_test_testsize0.2_rs42_shuffleTrue,328,4000.0,3.50801157951355,3.3983287811279297,0.10968279838562012,3.126637295787651
USR,attributed power,holdout_test_testsize0.2_rs42_shuffleTrue,329,1000.0,2.5875771045684814,3.2586300373077393,0.6710529327392578,25.933640066395867
USR,attributed power,holdout_test_testsize0.2_rs42_shuffleTrue,330,0.10000000149011612,0.0040838695131242275,0.05272471904754639,0.04864084953442216,1191.0480826604842
USR,attributed power,holdout_test_testsize0.2_rs42_shuffleTrue,331,100.0,0.8990809917449951,0.9078510999679565,0.008770108222961426,0.9754525235751929
USR,attributed power,holdout_test_testsize0.2_rs42_shuffleTrue,332,2.0,0.012091562151908875,-0.021923303604125977,0.03401486575603485,281.3107630651758
USR,attributed power,holdout_test_testsize0.2_rs42_shuffleTrue,333,200.0,1.778103232383728,1.814405918121338,0.03630268573760986,2.041652311094583
USR,attributed power,holdout_test_testsize0.2_rs42_shuffleTrue,334,200.0,1.8893539905548096,1.814405918121338,0.07494807243347168,3.966862367145034
USR,attributed power,holdout_test_testsize0.2_rs42_shuffleTrue,335,600.0,3.4833011627197266,3.346219539642334,0.13708162307739258,3.9353939459647704
USR,attributed power,holdout_test_testsize0.2_rs42_shuffleTrue,336,10.0,0.08602455258369446,0.10254871845245361,0.016524165868759155,19.208662378897664
USR,attributed power,holdout_test_testsize0.2_rs42_shuffleTrue,337,40.0,0.3561168611049652,0.31736254692077637,0.03875431418418884,10.88247101357159
USR,attributed power,holdout_test_testsize0.2_rs42_shuffleTrue,338,20.0,0.1744573712348938,0.20741534233093262,0.03295797109603882,18.891704525149226
USR,attributed power,holdout_test_testsize0.2_rs42_shuffleTrue,339,0.009999999776482582,0.0,0.06000411510467529,0.06000411510467529,6000.411510467529
USR,attributed power,holdout_test_testsize0.2_rs42_shuffleTrue,340,6.0,0.052862897515296936,0.04544329643249512,0.007419601082801819,14.03555505192429
USR,attributed power,holdout_test_testsize0.2_rs42_shuffleTrue,341,1000.0,2.5524730682373047,3.2586300373077393,0.7061569690704346,27.665599212691976
USR,attributed power,holdout_test_testsize0.2_rs42_shuffleTrue,342,100.0,1.0182253122329712,0.9078510999679565,0.11037421226501465,10.839861368498457
USR,attributed power,holdout_test_testsize0.2_rs42_shuffleTrue,343,6.0,0.049268100410699844,0.04544329643249512,0.003824803978204727,7.7632462918624565
USR,attributed power,holdout_test_testsize0.2_rs42_shuffleTrue,344,0.009999999776482582,0.0,0.06000411510467529,0.06000411510467529,6000.411510467529
USR,attributed power,holdout_test_testsize0.2_rs42_shuffleTrue,345,200.0,1.84306800365448,1.814405918121338,0.02866208553314209,1.5551290281373347
USR,attributed power,holdout_test_testsize0.2_rs42_shuffleTrue,346,5000.0,3.47853422164917,3.4555587768554688,0.022975444793701172,0.6604921305850638
USR,attributed power,holdout_test_testsize0.2_rs42_shuffleTrue,347,8.0,0.06948678195476532,0.0927811861038208,0.02329440414905548,33.523504030190566
USR,attributed power,holdout_test_testsize0.2_rs42_shuffleTrue,348,40.0,0.3532055914402008,0.31736254692077637,0.03584304451942444,10.147926699935276
USR,attributed power,holdout_test_testsize0.2_rs42_shuffleTrue,349,400.0,3.3002068996429443,3.1305909156799316,0.1696159839630127,5.139556067874525
USR,attributed power,holdout_test_testsize0.2_rs42_shuffleTrue,350,400.0,3.250864267349243,3.1305909156799316,0.12027335166931152,3.699734648330381
USR,attributed power,holdout_test_testsize0.2_rs42_shuffleTrue,351,200.0,1.750108003616333,1.814405918121338,0.06429791450500488,3.6739398009804534
USR,attributed power,holdout_test_testsize0.2_rs42_shuffleTrue,352,400.0,3.227874279022217,3.1305909156799316,0.09728336334228516,3.013852304425998
USR,attributed power,holdout_test_testsize0.2_rs42_shuffleTrue,353,60.0,0.5418681502342224,0.5539886951446533,0.012120544910430908,2.236807036027455
USR,attributed power,holdout_test_testsize0.2_rs42_shuffleTrue,354,100.0,0.8873302936553955,0.9078510999679565,0.020520806312561035,2.312645748633768
USR,attributed power,holdout_test_testsize0.2_rs42_shuffleTrue,355,20.0,0.17410767078399658,0.20741534233093262,0.033307671546936035,19.13050206056606
USR,attributed power,holdout_test_testsize0.2_rs42_shuffleTrue,356,1000.0,2.6319334506988525,3.2586300373077393,0.6266965866088867,23.811262645812
USR,attributed power,holdout_test_testsize0.2_rs42_shuffleTrue,357,2000.0,3.2934930324554443,3.222144603729248,0.07134842872619629,2.1663452153412597
USR,attributed power,holdout_test_testsize0.2_rs42_shuffleTrue,358,2000.0,3.201465606689453,3.222144603729248,0.020678997039794922,0.6459228234901607
USR,attributed power,holdout_test_testsize0.2_rs42_shuffleTrue,359,1.0,0.008089579641819,0.005835890769958496,0.002253688871860504,27.85915921032636
USR,attributed power,holdout_test_testsize0.2_rs42_shuffleTrue,360,600.0,3.573652982711792,3.346219539642334,0.227433443069458,6.364172575504935
USR,attributed power,holdout_test_testsize0.2_rs42_shuffleTrue,361,0.10000000149011612,0.0,0.05272471904754639,0.05272471904754639,5272.471904754639
USR,attributed power,holdout_test_testsize0.2_rs42_shuffleTrue,362,1000.0,2.690892457962036,3.2586300373077393,0.5677375793457031,21.098486402376803
USR,attributed power,holdout_test_testsize0.2_rs42_shuffleTrue,363,1000.0,3.1575348377227783,3.2586300373077393,0.10109519958496094,3.2017128798449312
USR,attributed power,holdout_test_testsize0.2_rs42_shuffleTrue,364,0.10000000149011612,0.0,0.05272471904754639,0.05272471904754639,5272.471904754639
USR,attributed power,holdout_test_testsize0.2_rs42_shuffleTrue,365,2.0,0.016204198822379112,-0.021923303604125977,0.03812750242650509,235.2939682142655
USR,attributed power,holdout_test_testsize0.2_rs42_shuffleTrue,366,600.0,3.478339433670044,3.346219539642334,0.13211989402770996,3.798361159028935
USR,attributed power,holdout_test_testsize0.2_rs42_shuffleTrue,367,600.0,3.49782657623291,3.346219539642334,0.15160703659057617,4.334321135893877
USR,attributed power,holdout_test_testsize0.2_rs42_shuffleTrue,368,400.0,3.2195968627929688,3.1305909156799316,0.08900594711303711,2.7645059585449254
USR,attributed power,holdout_test_testsize0.2_rs42_shuffleTrue,369,4.0,0.032237328588962555,-0.05352580547332764,0.08576313406229019,266.0367276575573
USR,attributed power,holdout_test_testsize0.2_rs42_shuffleTrue,370,2.0,0.020203707739710808,-0.021923303604125977,0.042127011343836784,208.51128855440365
USR,attributed power,holdout_test_testsize0.2_rs42_shuffleTrue,371,800.0,3.2679543495178223,3.343639850616455,0.07568550109863281,2.3159901578735336
USR,attributed power,holdout_test_testsize0.2_rs42_shuffleTrue,372,20.0,0.17748421430587769,0.20741534233093262,0.02993112802505493,16.864107121927695
USR,attributed power,holdout_test_testsize0.2_rs42_shuffleTrue,373,4.0,0.024328688159585,-0.05352580547332764,0.07785449363291264,320.01106316223456
USR,attributed power,holdout_test_testsize0.2_rs42_shuffleTrue,374,800.0,3.392963171005249,3.343639850616455,0.049323320388793945,1.4536945408157995
USR,attributed power,holdout_test_testsize0.2_rs42_shuffleTrue,375,20.0,0.17589901387691498,0.20741534233093262,0.03151632845401764,17.91728546930407
USR,attributed power,holdout_test_testsize0.2_rs42_shuffleTrue,376,800.0,3.2633209228515625,3.343639850616455,0.08031892776489258,2.461263530732004
USR,attributed power,holdout_test_testsize0.2_rs42_shuffleTrue,377,400.0,3.2797274589538574,3.1305909156799316,0.14913654327392578,4.54722366844153
USR,attributed power,holdout_test_testsize0.2_rs42_shuffleTrue,378,600.0,2.371269941329956,3.346219539642334,0.9749495983123779,41.11508273771503
USR,attributed power,holdout_test_testsize0.2_rs42_shuffleTrue,379,600.0,3.4950215816497803,3.346219539642334,0.1488020420074463,4.2575428657927255
USR,attributed power,holdout_test_testsize0.2_rs42_shuffleTrue,380,0.10000000149011612,0.004035226069390774,0.05272471904754639,0.04868949297815561,1206.6112812734332
USR,attributed power,holdout_test_testsize0.2_rs42_shuffleTrue,381,1000.0,4.333804130554199,3.2586300373077393,1.07517409324646,24.80901445605869
USR,attributed power,holdout_test_testsize0.2_rs42_shuffleTrue,382,1.0,0.012195320799946785,0.005835890769958496,0.006359430029988289,52.146475966553
USR,attributed power,holdout_test_testsize0.2_rs42_shuffleTrue,383,0.009999999776482582,0.0,0.06000411510467529,0.06000411510467529,6000.411510467529
USR,attributed power,holdout_test_testsize0.2_rs42_shuffleTrue,384,800.0,4.033882141113281,3.343639850616455,0.6902422904968262,17.111116942705998
USR,attributed power,holdout_test_testsize0.2_rs42_shuffleTrue,385,2000.0,3.2485296726226807,3.222144603729248,0.026385068893432617,0.8122157268808565
USR,attributed power,holdout_test_testsize0.2_rs42_shuffleTrue,386,4.0,0.0366913340985775,-0.05352580547332764,0.09021713957190514,245.88132808014413
USR,attributed power,holdout_test_testsize0.2_rs42_shuffleTrue,387,0.009999999776482582,0.0,0.06000411510467529,0.06000411510467529,6000.411510467529
USR,attributed power,holdout_test_testsize0.2_rs42_shuffleTrue,388,1000.0,4.105532169342041,3.2586300373077393,0.8469021320343018,20.628315577661827
USR,attributed power,holdout_test_testsize0.2_rs42_shuffleTrue,389,2.0,0.01606735773384571,-0.021923303604125977,0.03799066133797169,236.44622823044998
USR,attributed power,holdout_test_testsize0.2_rs42_shuffleTrue,390,4000.0,3.5098717212677,3.3983287811279297,0.11154294013977051,3.1779776868735046
USR,attributed power,holdout_test_testsize0.2_rs42_shuffleTrue,391,1.0,0.008045371621847153,0.005835890769958496,0.0022094808518886566,27.46275692087145
USR,attributed power,holdout_test_testsize0.2_rs42_shuffleTrue,392,80.0,0.7097868323326111,0.7195252776145935,0.009738445281982422,1.3720239427348122
USR,attributed power,holdout_test_testsize0.2_rs42_shuffleTrue,393,4000.0,3.5467278957366943,3.3983287811279297,0.14839911460876465,4.18411332843284
USR,attributed power,holdout_test_testsize0.2_rs42_shuffleTrue,394,4000.0,3.577954053878784,3.3983287811279297,0.1796252727508545,5.020334807154009
USR,attributed power,holdout_test_testsize0.2_rs42_shuffleTrue,395,3000.0,3.4071083068847656,3.324740409851074,0.0823678970336914,2.417530926952045
USR,attributed power,holdout_test_testsize0.2_rs42_shuffleTrue,396,600.0,3.448050022125244,3.346219539642334,0.10183048248291016,2.953277412725753
USR,attributed power,holdout_test_testsize0.2_rs42_shuffleTrue,397,800.0,3.1547493934631348,3.343639850616455,0.1888904571533203,5.987494840151639
USR,attributed power,holdout_test_testsize0.2_rs42_shuffleTrue,398,800.0,3.0452187061309814,3.343639850616455,0.29842114448547363,9.799662135420952
USR,attributed power,holdout_test_testsize0.2_rs42_shuffleTrue,399,8.0,0.05311492085456848,0.0927811861038208,0.03966626524925232,74.68007974230197
USR,attributed power,holdout_test_testsize0.2_rs42_shuffleTrue,400,80.0,0.7239692807197571,0.7195252776145935,0.004444003105163574,0.613838628725438
USR,attributed power,holdout_test_testsize0.2_rs42_shuffleTrue,401,40.0,0.37601545453071594,0.31736254692077637,0.058652907609939575,15.598536417377051
USR,attributed power,holdout_test_testsize0.2_rs42_shuffleTrue,402,4000.0,3.632894277572632,3.3983287811279297,0.23456549644470215,6.456711330488546
USR,attributed power,holdout_test_testsize0.2_rs42_shuffleTrue,403,5000.0,0.9469718337059021,3.4555587768554688,2.5085869431495667,264.90618346402164
USR,attributed power,holdout_test_testsize0.2_rs42_shuffleTrue,404,40.0,0.280803382396698,0.31736254692077637,0.03655916452407837,13.019488658591127
USR,attributed power,holdout_test_testsize0.2_rs42_shuffleTrue,405,40.0,0.3598913550376892,0.31736254692077637,0.04252880811691284,11.817124118599365
USR,attributed power,holdout_test_testsize0.2_rs42_shuffleTrue,406,1.0,0.012097932398319244,0.005835890769958496,0.006262041628360748,51.76125491683793
USR,attributed power,holdout_test_testsize0.2_rs42_shuffleTrue,407,4.0,0.036346957087516785,-0.05352580547332764,0.08987276256084442,247.26351189302406
USR,attributed power,holdout_test_testsize0.2_rs42_shuffleTrue,408,2000.0,3.3368802070617676,3.222144603729248,0.11473560333251953,3.43840941876508
USR,attributed power,holdout_test_testsize0.2_rs42_shuffleTrue,409,0.009999999776482582,0.0,0.06000411510467529,0.06000411510467529,6000.411510467529
USR,attributed power,holdout_test_testsize0.2_rs42_shuffleTrue,410,10.0,0.08654361963272095,0.10254871845245361,0.016005098819732666,18.493678549217233
USR,attributed power,holdout_test_testsize0.2_rs42_shuffleTrue,411,2.0,0.01611902192234993,-0.021923303604125977,0.038042325526475906,236.008895016937
USR,attributed power,holdout_test_testsize0.2_rs42_shuffleTrue,412,0.10000000149011612,0.0,0.05272471904754639,0.05272471904754639,5272.471904754639
USR,attributed power,holdout_test_testsize0.2_rs42_shuffleTrue,413,80.0,0.7107194662094116,0.7195252776145935,0.008805811405181885,1.238999608684881
USR,attributed power,holdout_test_testsize0.2_rs42_shuffleTrue,414,1000.0,2.8679680824279785,3.2586300373077393,0.39066195487976074,13.621558666337465
USR,attributed power,holdout_test_testsize0.2_rs42_shuffleTrue,415,40.0,0.3482084274291992,0.31736254692077637,0.03084588050842285,8.858453178791805
USR,attributed power,holdout_test_testsize0.2_rs42_shuffleTrue,416,3000.0,3.4617388248443604,3.324740409851074,0.13699841499328613,3.9575029176109373
USR,attributed power,holdout_test_testsize0.2_rs42_shuffleTrue,417,40.0,0.3541555404663086,0.31736254692077637,0.03679299354553223,10.388936312301574
USR,attributed power,holdout_test_testsize0.2_rs42_shuffleTrue,418,40.0,0.3637385368347168,0.31736254692077637,0.04637598991394043,12.749814830594575
USR,attributed power,holdout_test_testsize0.2_rs42_shuffleTrue,419,0.10000000149011612,0.0,0.05272471904754639,0.05272471904754639,5272.471904754639
USR,attributed power,holdout_test_testsize0.2_rs42_shuffleTrue,420,5000.0,3.5237553119659424,3.4555587768554688,0.06819653511047363,1.9353368515371183
USR,attributed power,holdout_test_testsize0.2_rs42_shuffleTrue,421,800.0,3.1855623722076416,3.343639850616455,0.15807747840881348,4.962309945269207
USR,attributed power,holdout_test_testsize0.2_rs42_shuffleTrue,422,80.0,0.7090343236923218,0.7195252776145935,0.010490953922271729,1.4796115747457341
USR,attributed power,holdout_test_testsize0.2_rs42_shuffleTrue,423,1.0,0.008101475425064564,0.005835890769958496,0.0022655846551060677,27.9650870518812
USR,attributed power,holdout_test_testsize0.2_rs42_shuffleTrue,424,80.0,0.697221577167511,0.7195252776145935,0.02230370044708252,3.198940075505429
USR,attributed power,holdout_test_testsize0.2_rs42_shuffleTrue,425,20.0,0.17399024963378906,0.20741534233093262,0.033425092697143555,19.210899902434747
USR,attributed power,holdout_test_testsize0.2_rs42_shuffleTrue,426,60.0,0.5398120284080505,0.5539886951446533,0.014176666736602783,2.6262228313827913
USR,attributed power,holdout_test_testsize0.2_rs42_shuffleTrue,427,600.0,3.4767727851867676,3.346219539642334,0.1305532455444336,3.75501229475427
USR,attributed power,holdout_test_testsize0.2_rs42_shuffleTrue,428,0.009999999776482582,0.0,0.06000411510467529,0.06000411510467529,6000.411510467529
USR,attributed power,holdout_test_testsize0.2_rs42_shuffleTrue,429,2000.0,3.273564100265503,3.222144603729248,0.05141949653625488,1.5707496466033608
USR,attributed power,holdout_test_testsize0.2_rs42_shuffleTrue,430,2000.0,3.3428828716278076,3.222144603729248,0.12073826789855957,3.611800728147152
USR,attributed power,holdout_test_testsize0.2_rs42_shuffleTrue,431,80.0,0.7107176184654236,0.7195252776145935,0.008807659149169922,1.2392628127310754
USR,attributed power,holdout_test_testsize0.2_rs42_shuffleTrue,432,400.0,3.1239356994628906,3.1305909156799316,0.006655216217041016,0.21303947511420515
USR,attributed power,holdout_test_testsize0.2_rs42_shuffleTrue,433,40.0,0.35355040431022644,0.31736254692077637,0.03618785738945007,10.235558197155013
USR,attributed power,holdout_test_testsize0.2_rs42_shuffleTrue,434,20.0,0.17406776547431946,0.20741534233093262,0.03334757685661316,19.157812915989314
USR,attributed power,holdout_test_testsize0.2_rs42_shuffleTrue,435,3000.0,3.441117763519287,3.324740409851074,0.11637735366821289,3.3819637009223387
USR,attributed power,holdout_test_testsize0.2_rs42_shuffleTrue,436,2.0,0.0202320646494627,-0.021923303604125977,0.042155368253588676,208.35920102058486
USR,attributed power,holdout_test_testsize0.2_rs42_shuffleTrue,437,8.0,0.06908167153596878,0.0927811861038208,0.02369951456785202,34.30651581079995
USR,attributed power,holdout_test_testsize0.2_rs42_shuffleTrue,438,6.0,0.0533815398812294,0.04544329643249512,0.007938243448734283,14.870765186610166
USR,attributed power,holdout_test_testsize0.2_rs42_shuffleTrue,439,4.0,0.036738261580467224,-0.05352580547332764,0.09026406705379486,245.6949871078982
USR,attributed power,holdout_test_testsize0.2_rs42_shuffleTrue,440,4.0,0.036515653133392334,-0.05352580547332764,0.09004145860671997,246.58317976073687
USR,attributed power,holdout_test_testsize0.2_rs42_shuffleTrue,441,1000.0,3.126094102859497,3.2586300373077393,0.1325359344482422,4.239665540682511
USR,attributed power,holdout_test_testsize0.2_rs42_shuffleTrue,442,200.0,1.814317226409912,1.814405918121338,8.869171142578125e-05,0.004888434620735005
USR,attributed power,holdout_test_testsize0.2_rs42_shuffleTrue,443,2.0,0.020182743668556213,-0.021923303604125977,0.04210604727268219,208.6240006024626
USR,attributed power,holdout_test_testsize0.2_rs42_shuffleTrue,444,3000.0,3.5305087566375732,3.324740409851074,0.20576834678649902,5.828291642093846
USR,attributed power,holdout_test_testsize0.2_rs42_shuffleTrue,445,4.0,0.036586079746484756,-0.05352580547332764,0.0901118852198124,246.30101351175915
USR,attributed power,holdout_test_testsize0.2_rs42_shuffleTrue,446,600.0,3.242249011993408,3.346219539642334,0.10397052764892578,3.206740977152842
USR,attributed power,holdout_test_testsize0.2_rs42_shuffleTrue,447,1.0,0.00810962449759245,0.005835890769958496,0.002273733727633953,28.037472367665966
USR,attributed power,holdout_test_testsize0.2_rs42_shuffleTrue,448,200.0,1.8391432762145996,1.814405918121338,0.02473735809326172,1.3450479042707955
USR,attributed power,holdout_test_testsize0.2_rs42_shuffleTrue,449,4000.0,2.3933920860290527,3.3983287811279297,1.004936695098877,41.98796766167122
USR,attributed power,holdout_test_testsize0.2_rs42_shuffleTrue,450,200.0,1.6474179029464722,1.814405918121338,0.16698801517486572,10.13634821354078
USR,attributed power,holdout_test_testsize0.2_rs42_shuffleTrue,451,40.0,0.3621559143066406,0.31736254692077637,0.04479336738586426,12.368531236504209
USR,attributed power,holdout_test_testsize0.2_rs42_shuffleTrue,452,2000.0,3.3069283962249756,3.222144603729248,0.08478379249572754,2.563823050795792
USR,attributed power,holdout_test_testsize0.2_rs42_shuffleTrue,453,20.0,0.17347091436386108,0.20741534233093262,0.03394442796707153,19.567792152102196
USR,attributed power,holdout_test_testsize0.2_rs42_shuffleTrue,454,4.0,0.03662165626883507,-0.05352580547332764,0.0901474617421627,246.1588877368115
USR,attributed power,holdout_test_testsize0.2_rs42_shuffleTrue,455,4.0,0.03645362704992294,-0.05352580547332764,0.08997943252325058,246.83259199427394
USR,attributed power,holdout_test_testsize0.2_rs42_shuffleTrue,456,0.10000000149011612,0.004028588533401489,0.05272471904754639,0.0486961305141449,1208.7640648926963
USR,attributed power,holdout_test_testsize0.2_rs42_shuffleTrue,457,80.0,0.7219337224960327,0.7195252776145935,0.002408444881439209,0.3336102479202922
USR,attributed power,holdout_test_testsize0.2_rs42_shuffleTrue,458,60.0,0.5261297225952148,0.5539886951446533,0.027858972549438477,5.295076737352883
USR,attributed power,holdout_test_testsize0.2_rs42_shuffleTrue,459,100.0,0.8705466985702515,0.9078510999679565,0.03730440139770508,4.285169475568884
USR,attributed power,holdout_test_testsize0.2_rs42_shuffleTrue,460,100.0,0.9008233547210693,0.9078510999679565,0.007027745246887207,0.7801468745293882
USR,attributed power,holdout_test_testsize0.2_rs42_shuffleTrue,461,4.0,0.032759152352809906,-0.05352580547332764,0.08628495782613754,263.3919122719196
USR,attributed power,holdout_test_testsize0.2_rs42_shuffleTrue,462,0.009999999776482582,0.0,0.06000411510467529,0.06000411510467529,6000.411510467529
USR,attributed power,holdout_test_testsize0.2_rs42_shuffleTrue,463,4.0,0.036446236073970795,-0.05352580547332764,0.08997204154729843,246.86236835181657
USR,attributed power,holdout_test_testsize0.2_rs42_shuffleTrue,464,0.10000000149011612,0.0,0.05272471904754639,0.05272471904754639,5272.471904754639
USR,attributed power,holdout_test_testsize0.2_rs42_shuffleTrue,465,40.0,0.3501230478286743,0.31736254692077637,0.03276050090789795,9.356853572212888
USR,attributed power,holdout_test_testsize0.2_rs42_shuffleTrue,466,4000.0,3.563778877258301,3.3983287811279297,0.1654500961303711,4.642546628977603
USR,attributed power,holdout_test_testsize0.2_rs42_shuffleTrue,467,0.10000000149011612,0.0,0.05272471904754639,0.05272471904754639,5272.471904754639
USR,attributed power,holdout_test_testsize0.2_rs42_shuffleTrue,468,10.0,0.08619476109743118,0.10254871845245361,0.01635395735502243,18.9732614219286
USR,attributed power,holdout_test_testsize0.2_rs42_shuffleTrue,469,20.0,0.16186325252056122,0.20741534233093262,0.0455520898103714,28.14232946702031
USR,attributed power,holdout_test_testsize0.2_rs42_shuffleTrue,470,4000.0,3.5336434841156006,3.3983287811279297,0.1353147029876709,3.829325272793824
USR,attributed power,holdout_test_testsize0.2_rs42_shuffleTrue,471,1.0,0.012152634561061859,0.005835890769958496,0.006316743791103363,51.978390030280195
USR,attributed power,holdout_test_testsize0.2_rs42_shuffleTrue,472,10.0,0.08639902621507645,0.10254871845245361,0.016149692237377167,18.69198409386596
USR,attributed power,holdout_test_testsize0.2_rs42_shuffleTrue,473,0.009999999776482582,0.0,0.06000411510467529,0.06000411510467529,6000.411510467529
USR,attributed power,holdout_test_testsize0.2_rs42_shuffleTrue,474,800.0,4.062931537628174,3.343639850616455,0.7192916870117188,17.703760950685897
USR,attributed power,holdout_test_testsize0.2_rs42_shuffleTrue,475,3000.0,3.4289631843566895,3.324740409851074,0.10422277450561523,3.039483625286241
USR,attributed power,holdout_test_testsize0.2_rs42_shuffleTrue,476,60.0,0.5392383337020874,0.5539886951446533,0.014750361442565918,2.7354066876697676
USR,attributed power,holdout_test_testsize0.2_rs42_shuffleTrue,477,0.009999999776482582,0.0,0.06000411510467529,0.06000411510467529,6000.411510467529
USR,attributed power,holdout_test_testsize0.2_rs42_shuffleTrue,478,10.0,0.09014885127544403,0.10254871845245361,0.012399867177009583,13.754880956965923
USR,attributed power,holdout_test_testsize0.2_rs42_shuffleTrue,479,400.0,3.1476354598999023,3.1305909156799316,0.017044544219970703,0.5415031199487356
USR,attributed power,holdout_test_testsize0.2_rs42_shuffleTrue,480,5000.0,3.5170271396636963,3.4555587768554688,0.06146836280822754,1.7477363798251848
USR,attributed power,holdout_test_testsize0.2_rs42_shuffleTrue,481,4.0,0.03638695925474167,-0.05352580547332764,0.0899127647280693,247.10161708923937
USR,attributed power,holdout_test_testsize0.2_rs42_shuffleTrue,482,1.0,0.008064549416303635,0.005835890769958496,0.0022286586463451385,27.635253146810506
USR,attributed power,holdout_test_testsize0.2_rs42_shuffleTrue,483,4000.0,3.576043128967285,3.3983287811279297,0.17771434783935547,4.969580663046339
USR,attributed power,holdout_test_testsize0.2_rs42_shuffleTrue,484,10.0,0.0857120007276535,0.10254871845245361,0.01683671772480011,19.64336100180197
USR,attributed power,holdout_test_testsize0.2_rs42_shuffleTrue,485,400.0,3.2310919761657715,3.1305909156799316,0.10050106048583984,3.110436385815952
USR,attributed power,holdout_test_testsize0.2_rs42_shuffleTrue,486,10.0,0.08588839322328568,0.10254871845245361,0.016660325229167938,19.39764455233873
USR,attributed power,holdout_test_testsize0.2_rs42_shuffleTrue,487,100.0,0.8813542127609253,0.9078510999679565,0.02649688720703125,3.0063834521227566
USR,attributed power,holdout_test_testsize0.2_rs42_shuffleTrue,488,6.0,0.05286005511879921,0.04544329643249512,0.007416758686304092,14.030932562660889
USR,attributed power,holdout_test_testsize0.2_rs42_shuffleTrue,489,6.0,0.040835652500391006,0.04544329643249512,0.004607643932104111,11.283385105845907
USR,attributed power,holdout_test_testsize0.2_rs42_shuffleTrue,490,4.0,0.036639902740716934,-0.05352580547332764,0.09016570821404457,246.0861014072667
USR,attributed power,holdout_test_testsize0.2_rs42_shuffleTrue,491,10.0,0.08965273946523666,0.10254871845245361,0.01289597898721695,14.384366907402127
USR,attributed power,holdout_test_testsize0.2_rs42_shuffleTrue,492,600.0,3.478769063949585,3.346219539642334,0.13254952430725098,3.8102421250337963
USR,attributed power,holdout_test_testsize0.2_rs42_shuffleTrue,493,4000.0,0.6305067539215088,3.3983287811279297,2.767822027206421,438.98372380496096
USR,attributed power,holdout_test_testsize0.2_rs42_shuffleTrue,494,5000.0,3.4825737476348877,3.4555587768554688,0.027014970779418945,0.7757185557883896
USR,attributed power,holdout_test_testsize0.2_rs42_shuffleTrue,495,4.0,0.03645367920398712,-0.05352580547332764,0.08997948467731476,246.83238192174917
USR,attributed power,holdout_test_testsize0.2_rs42_shuffleTrue,496,5000.0,3.488571882247925,3.4555587768554688,0.033013105392456055,0.9463214893305698
USR,attributed power,holdout_test_testsize0.2_rs42_shuffleTrue,497,200.0,1.8377021551132202,1.814405918121338,0.023296236991882324,1.2676829554268576
USR,attributed power,holdout_test_testsize0.2_rs42_shuffleTrue,498,40.0,0.35638201236724854,0.31736254692077637,0.03901946544647217,10.948775216596216
USR,attributed power,holdout_test_testsize0.2_rs42_shuffleTrue,499,80.0,0.7017877101898193,0.7195252776145935,0.01773756742477417,2.5274833353773776
USR,attributed power,holdout_test_testsize0.2_rs42_shuffleTrue,500,400.0,3.181919813156128,3.1305909156799316,0.05132889747619629,1.6131423948513475
USR,attributed power,holdout_test_testsize0.2_rs42_shuffleTrue,501,10.0,0.09027136862277985,0.10254871845245361,0.012277349829673767,13.600491514621387
USR,attributed power,holdout_test_testsize0.2_rs42_shuffleTrue,502,400.0,3.2839856147766113,3.1305909156799316,0.1533946990966797,4.670991809661571
USR,attributed power,holdout_test_testsize0.2_rs42_shuffleTrue,503,3000.0,3.4733896255493164,3.324740409851074,0.1486492156982422,4.279658538875647
USR,attributed power,holdout_test_testsize0.2_rs42_shuffleTrue,504,1.0,0.008080382831394672,0.005835890769958496,0.0022444920614361763,27.77705101688576
USR,attributed power,holdout_test_testsize0.2_rs42_shuffleTrue,505,5000.0,3.5380265712738037,3.4555587768554688,0.08246779441833496,2.3308981082254534
USR,attributed power,holdout_test_testsize0.2_rs42_shuffleTrue,506,200.0,1.1904168128967285,1.814405918121338,0.6239891052246094,52.417699285194985
USR,attributed power,holdout_test_testsize0.2_rs42_shuffleTrue,507,60.0,0.536621630191803,0.5539886951446533,0.017367064952850342,3.2363706521935924
USR,attributed power,holdout_test_testsize0.2_rs42_shuffleTrue,508,4.0,0.0362929031252861,-0.05352580547332764,0.08981870859861374,247.48284337726338
USR,attributed power,holdout_test_testsize0.2_rs42_shuffleTrue,509,4.0,0.03250179439783096,-0.05352580547332764,0.0860275998711586,264.68569340559156
USR,attributed power,holdout_test_testsize0.2_rs42_shuffleTrue,510,100.0,0.9092309474945068,0.9078510999679565,0.001379847526550293,0.15175985049261967
USR,attributed power,holdout_test_testsize0.2_rs42_shuffleTrue,511,60.0,0.5362797379493713,0.5539886951446533,0.017708957195281982,3.302186516126372
USR,attributed power,holdout_test_testsize0.2_rs42_shuffleTrue,512,8.0,0.06957205384969711,0.0927811861038208,0.023209132254123688,33.35984920649964
USR,attributed power,holdout_test_testsize0.2_rs42_shuffleTrue,513,20.0,0.17971107363700867,0.20741534233093262,0.02770426869392395,15.416005331915558
USR,attributed power,holdout_test_testsize0.2_rs42_shuffleTrue,514,4.0,0.03251262009143829,-0.05352580547332764,0.08603842556476593,264.63085817996824
USR,attributed power,holdout_test_testsize0.2_rs42_shuffleTrue,515,2000.0,3.2974321842193604,3.222144603729248,0.0752875804901123,2.283218464671352
USR,attributed power,holdout_test_testsize0.2_rs42_shuffleTrue,516,4.0,0.03236117213964462,-0.05352580547332764,0.08588697761297226,265.4013187234183
USR,attributed power,holdout_test_testsize0.2_rs42_shuffleTrue,517,400.0,1.56550133228302,3.1305909156799316,1.5650895833969116,99.9736985924178
USR,attributed power,holdout_test_testsize0.2_rs42_shuffleTrue,518,400.0,3.2119193077087402,3.1305909156799316,0.0813283920288086,2.532080797721694
USR,attributed power,holdout_test_testsize0.2_rs42_shuffleTrue,519,600.0,3.2211668491363525,3.346219539642334,0.12505269050598145,3.8822171083596655
USR,attributed power,holdout_test_testsize0.2_rs42_shuffleTrue,520,4.0,0.03231751546263695,-0.05352580547332764,0.08584332093596458,265.62475396727234
USR,attributed power,holdout_test_testsize0.2_rs42_shuffleTrue,521,4000.0,3.6178393363952637,3.3983287811279297,0.21951055526733398,6.067448962121395
USR,attributed power,holdout_test_testsize0.2_rs42_shuffleTrue,522,2.0,0.020361879840493202,-0.021923303604125977,0.04228518344461918,207.66836743888257
USR,attributed power,holdout_test_testsize0.2_rs42_shuffleTrue,523,80.0,0.7073426246643066,0.7195252776145935,0.012182652950286865,1.722312854547477
USR,attributed power,holdout_test_testsize0.2_rs42_shuffleTrue,524,3000.0,3.442552089691162,3.324740409851074,0.11781167984008789,3.4222192365041892
USR,attributed power,holdout_test_testsize0.2_rs42_shuffleTrue,525,200.0,1.8349261283874512,1.814405918121338,0.02052021026611328,1.118312609355376
USR,attributed power,holdout_test_testsize0.2_rs42_shuffleTrue,526,600.0,3.3120901584625244,3.346219539642334,0.03412938117980957,1.0304484342797138
USR,attributed power,holdout_test_testsize0.2_rs42_shuffleTrue,527,0.009999999776482582,0.0,0.06000411510467529,0.06000411510467529,6000.411510467529
USR,attributed power,holdout_test_testsize0.2_rs42_shuffleTrue,528,4.0,0.04079148918390274,-0.05352580547332764,0.09431729465723038,231.21807157373934
USR,attributed power,holdout_test_testsize0.2_rs42_shuffleTrue,529,2000.0,3.321835517883301,3.222144603729248,0.09969091415405273,3.0010791809937825
USR,attributed power,holdout_test_testsize0.2_rs42_shuffleTrue,530,0.009999999776482582,0.0,0.06000411510467529,0.06000411510467529,6000.411510467529
USR,attributed power,holdout_test_testsize0.2_rs42_shuffleTrue,531,2000.0,3.3103506565093994,3.222144603729248,0.08820605278015137,2.6645531526004644
USR,attributed power,holdout_test_testsize0.2_rs42_shuffleTrue,532,10.0,0.09071657061576843,0.10254871845245361,0.01183214783668518,13.042984050621184
USR,attributed power,holdout_test_testsize0.2_rs42_shuffleTrue,533,60.0,0.04476271942257881,0.5539886951446533,0.5092259757220745,1137.6117945712103
USR,attributed power,holdout_test_testsize0.2_rs42_shuffleTrue,534,5000.0,3.491924524307251,3.4555587768554688,0.03636574745178223,1.0414242117388457
USR,attributed power,holdout_test_testsize0.2_rs42_shuffleTrue,535,1.0,0.008067409507930279,0.005835890769958496,0.0022315187379717827,27.660908198328045
USR,attributed power,holdout_test_testsize0.2_rs42_shuffleTrue,536,2.0,0.020309578627347946,-0.021923303604125977,0.04223288223147392,207.94563494589232
USR,attributed power,holdout_test_testsize0.2_rs42_shuffleTrue,537,4.0,0.03256845474243164,-0.05352580547332764,0.08609426021575928,264.3486186146616
USR,attributed power,holdout_test_testsize0.2_rs42_shuffleTrue,538,40.0,0.3511413633823395,0.31736254692077637,0.03377881646156311,9.619720142392659
USR,attributed power,holdout_test_testsize0.2_rs42_shuffleTrue,539,10.0,0.04864801466464996,0.10254871845245361,0.05390070378780365,110.79733501842274
USR,attributed power,holdout_test_testsize0.2_rs42_shuffleTrue,540,2000.0,3.259908676147461,3.222144603729248,0.03776407241821289,1.15843958128429
USR,attributed power,holdout_test_testsize0.2_rs42_shuffleTrue,541,10.0,0.09006880968809128,0.10254871845245361,0.012479908764362335,13.8559716816291
USR,attributed power,holdout_test_testsize0.2_rs42_shuffleTrue,542,100.0,0.6229534149169922,0.9078510999679565,0.28489768505096436,45.73338523056763
USR,attributed power,holdout_test_testsize0.2_rs42_shuffleTrue,543,10.0,0.09047964215278625,0.10254871845245361,0.012069076299667358,13.338996499662548
USR,attributed power,holdout_test_testsize0.2_rs42_shuffleTrue,544,40.0,0.35802119970321655,0.31736254692077637,0.040658652782440186,11.35649308369012
USR,attributed power,holdout_test_testsize0.2_rs42_shuffleTrue,545,0.10000000149011612,0.004018784500658512,0.05272471904754639,0.048705934546887875,1211.9568625515249
USR,attributed power,holdout_test_testsize0.2_rs42_shuffleTrue,546,0.009999999776482582,0.0,0.06000411510467529,0.06000411510467529,6000.411510467529
USR,attributed power,holdout_test_testsize0.2_rs42_shuffleTrue,547,2000.0,3.3341803550720215,3.222144603729248,0.11203575134277344,3.360218686800863
USR,attributed power,holdout_test_testsize0.2_rs42_shuffleTrue,548,80.0,0.7334681749343872,0.7195252776145935,0.013942897319793701,1.9009546421071328
USR,attributed power,holdout_test_testsize0.2_rs42_shuffleTrue,549,0.10000000149011612,0.0,0.05272471904754639,0.05272471904754639,5272.471904754639
USR,attributed power,holdout_test_testsize0.2_rs42_shuffleTrue,550,0.009999999776482582,0.0,0.06000411510467529,0.06000411510467529,6000.411510467529
USR,attributed power,holdout_test_testsize0.2_rs42_shuffleTrue,551,4000.0,3.5603439807891846,3.3983287811279297,0.16201519966125488,4.550549063108859
USR,attributed power,holdout_test_testsize0.2_rs42_shuffleTrue,552,8.0,0.06974145025014877,0.0927811861038208,0.023039735853672028,33.03592880709113
USR,attributed power,holdout_test_testsize0.2_rs42_shuffleTrue,553,40.0,0.37311527132987976,0.31736254692077637,0.055752724409103394,14.942493297148143
USR,attributed power,holdout_test_testsize0.2_rs42_shuffleTrue,554,10.0,0.08599116653203964,0.10254871845245361,0.01655755192041397,19.25494511607161
USR,attributed power,holdout_test_testsize0.2_rs42_shuffleTrue,555,800.0,4.003650665283203,3.343639850616455,0.660010814666748,16.48522485715075
USR,attributed power,holdout_test_testsize0.2_rs42_shuffleTrue,556,100.0,0.8960937857627869,0.9078510999679565,0.011757314205169678,1.3120629103751047
USR,attributed power,holdout_test_testsize0.2_rs42_shuffleTrue,557,6.0,0.05284743756055832,0.04544329643249512,0.007404141128063202,14.010407069555143
USR,attributed power,holdout_test_testsize0.2_rs42_shuffleTrue,558,60.0,0.5322487354278564,0.5539886951446533,0.021739959716796875,4.084548871557369
USR,attributed power,holdout_test_testsize0.2_rs42_shuffleTrue,559,20.0,0.17314299941062927,0.20741534233093262,0.034272342920303345,19.79424119771796
USR,attributed power,holdout_test_testsize0.2_rs42_shuffleTrue,560,4.0,0.03656180202960968,-0.05352580547332764,0.09008760750293732,246.39816010704178
USR,attributed power,holdout_test_testsize0.2_rs42_shuffleTrue,561,8.0,0.07007008790969849,0.0927811861038208,0.022711098194122314,32.4119733136211
USR,attributed power,holdout_test_testsize0.2_rs42_shuffleTrue,562,10.0,0.09000955522060394,0.10254871845245361,0.01253916323184967,13.930924556973427
USR,attributed power,holdout_test_testsize0.2_rs42_shuffleTrue,563,2000.0,3.2692878246307373,3.222144603729248,0.04714322090148926,1.4420027672789575
USR,attributed power,holdout_test_testsize0.2_rs42_shuffleTrue,564,10.0,0.08652196079492569,0.10254871845245361,0.016026757657527924,18.523340791495162
USR,attributed power,holdout_test_testsize0.2_rs42_shuffleTrue,565,0.10000000149011612,0.0,0.05272471904754639,0.05272471904754639,5272.471904754639
USR,attributed power,holdout_test_testsize0.2_rs42_shuffleTrue,566,200.0,1.8747572898864746,1.814405918121338,0.06035137176513672,3.219156532459264
USR,attributed power,holdout_test_testsize0.2_rs42_shuffleTrue,567,400.0,3.269010543823242,3.1305909156799316,0.13841962814331055,4.234297390225701
USR,attributed power,holdout_test_testsize0.2_rs42_shuffleTrue,568,0.009999999776482582,0.0,0.06000411510467529,0.06000411510467529,6000.411510467529
USR,attributed power,holdout_test_testsize0.2_rs42_shuffleTrue,569,800.0,3.2227885723114014,3.343639850616455,0.12085127830505371,3.7498978165476897
USR,attributed power,holdout_test_testsize0.2_rs42_shuffleTrue,570,4.0,0.03654184192419052,-0.05352580547332764,0.09006764739751816,246.4781265935416
USR,attributed power,holdout_test_testsize0.2_rs42_shuffleTrue,571,4.0,0.020474152639508247,-0.05352580547332764,0.07399995811283588,361.4311147121214
USR,attributed power,holdout_test_testsize0.2_rs42_shuffleTrue,572,600.0,3.4493649005889893,3.346219539642334,0.10314536094665527,2.99027107654058
USR,attributed power,holdout_test_testsize0.2_rs42_shuffleTrue,573,6.0,0.052895162254571915,0.04544329643249512,0.0074518658220767975,14.087991234836805
USR,attributed power,holdout_test_testsize0.2_rs42_shuffleTrue,574,100.0,0.8918584585189819,0.9078510999679565,0.01599264144897461,1.7931815633090427
USR,attributed power,holdout_test_testsize0.2_rs42_shuffleTrue,575,0.10000000149011612,0.004051655530929565,0.05272471904754639,0.04867306351661682,1201.312973056469
USR,attributed power,holdout_test_testsize0.2_rs42_shuffleTrue,576,600.0,3.506467342376709,3.346219539642334,0.160247802734375,4.570064029906461
USR,attributed power,holdout_test_testsize0.2_rs42_shuffleTrue,577,800.0,3.218130350112915,3.343639850616455,0.12550950050354004,3.9000751010330044
USR,attributed power,holdout_test_testsize0.2_rs42_shuffleTrue,578,8.0,0.06964345276355743,0.0927811861038208,0.023137733340263367,33.22312783488346
USR,attributed power,holdout_test_testsize0.2_rs42_shuffleTrue,579,200.0,1.8064303398132324,1.814405918121338,0.007975578308105469,0.44151042707409727
USR,attributed power,holdout_test_testsize0.2_rs42_shuffleTrue,580,200.0,1.816508173942566,1.814405918121338,0.0021022558212280273,0.11573060068677105
USR,attributed power,holdout_test_testsize0.2_rs42_shuffleTrue,581,2000.0,3.3553826808929443,3.222144603729248,0.1332380771636963,3.9708757490587803
USR,attributed power,holdout_test_testsize0.2_rs42_shuffleTrue,582,100.0,1.0090763568878174,0.9078510999679565,0.10122525691986084,10.031476431779524
USR,attributed power,holdout_test_testsize0.2_rs42_shuffleTrue,583,4.0,0.03641121834516525,-0.05352580547332764,0.08993702381849289,247.0036101674002
USR,attributed power,holdout_test_testsize0.2_rs42_shuffleTrue,584,0.10000000149011612,0.0,0.05272471904754639,0.05272471904754639,5272.471904754639
USR,attributed power,holdout_test_testsize0.2_rs42_shuffleTrue,585,800.0,3.1208648681640625,3.343639850616455,0.22277498245239258,7.138245065491936
USR,attributed power,holdout_test_testsize0.2_rs42_shuffleTrue,586,20.0,0.18389543890953064,0.20741534233093262,0.023519903421401978,12.789824239726169
USR,attributed power,holdout_test_testsize0.2_rs42_shuffleTrue,587,200.0,1.8206580877304077,1.814405918121338,0.006252169609069824,0.34340163324480333
USR,attributed power,holdout_test_testsize0.2_rs42_shuffleTrue,588,200.0,1.8454400300979614,1.814405918121338,0.031034111976623535,1.681664614968613
USR,attributed power,holdout_test_testsize0.2_rs42_shuffleTrue,589,0.10000000149011612,0.0,0.05272471904754639,0.05272471904754639,5272.471904754639
USR,attributed power,holdout_test_testsize0.2_rs42_shuffleTrue,590,4000.0,3.577977180480957,3.3983287811279297,0.17964839935302734,5.020948717422472
USR,attributed power,holdout_test_testsize0.2_rs42_shuffleTrue,591,4.0,0.03247694671154022,-0.05352580547332764,0.08600275218486786,264.81169227126884
USR,attributed power,holdout_test_testsize0.2_rs42_shuffleTrue,592,2000.0,3.33708119392395,3.222144603729248,0.11493659019470215,3.4442251631148495
USR,attributed power,holdout_test_testsize0.2_rs42_shuffleTrue,593,400.0,3.306650161743164,3.1305909156799316,0.17605924606323242,5.324398937032377
USR,attributed power,holdout_test_testsize0.2_rs42_shuffleTrue,594,400.0,3.215620517730713,3.1305909156799316,0.08502960205078125,2.6442673064789144
USR,attributed power,holdout_test_testsize0.2_rs42_shuffleTrue,595,0.10000000149011612,0.0,0.05272471904754639,0.05272471904754639,5272.471904754639
USR,attributed power,holdout_test_testsize0.2_rs42_shuffleTrue,596,80.0,0.522392988204956,0.7195252776145935,0.19713228940963745,37.73639651769109
USR,attributed power,holdout_test_testsize0.2_rs42_shuffleTrue,597,800.0,0.5985406637191772,3.343639850616455,2.745099186897278,458.6320284138992
USR,attributed power,holdout_test_testsize0.2_rs42_shuffleTrue,598,400.0,3.373887300491333,3.1305909156799316,0.24329638481140137,7.211159210207482
USR,attributed power,holdout_test_testsize0.2_rs42_shuffleTrue,599,1000.0,3.758134603500366,3.2586300373077393,0.49950456619262695,13.291289932174944
USR,attributed power,holdout_test_testsize0.2_rs42_shuffleTrue,600,10.0,0.08856271952390671,0.10254871845245361,0.013985998928546906,15.792196766012262
USR,attributed power,holdout_test_testsize0.2_rs42_shuffleTrue,601,3000.0,3.345787286758423,3.324740409851074,0.021046876907348633,0.629056036845067
USR,attributed power,holdout_test_testsize0.2_rs42_shuffleTrue,602,1000.0,2.8785293102264404,3.2586300373077393,0.38010072708129883,13.20468496641426
USR,attributed power,holdout_test_testsize0.2_rs42_shuffleTrue,603,3000.0,3.4754726886749268,3.324740409851074,0.15073227882385254,4.3370295878032445
USR,attributed power,holdout_test_testsize0.2_rs42_shuffleTrue,604,1000.0,4.344175338745117,3.2586300373077393,1.085545301437378,24.988524099281744
USR,attributed power,holdout_test_testsize0.2_rs42_shuffleTrue,605,8.0,0.0737207904458046,0.0927811861038208,0.019060395658016205,25.854844397020326
USR,attributed power,holdout_test_testsize0.2_rs42_shuffleTrue,606,2000.0,3.3667285442352295,3.222144603729248,0.14458394050598145,4.294493559736176
USR,attributed power,holdout_test_testsize0.2_rs42_shuffleTrue,607,200.0,1.8310248851776123,1.814405918121338,0.016618967056274414,0.9076319601556014
USR,attributed power,holdout_test_testsize0.2_rs42_shuffleTrue,608,10.0,0.09011096507310867,0.10254871845245361,0.01243775337934494,13.802707993698618
USR,attributed power,holdout_test_testsize0.2_rs42_shuffleTrue,609,3000.0,3.557776927947998,3.324740409851074,0.23303651809692383,6.550059849630066
USR,attributed power,holdout_test_testsize0.2_rs42_shuffleTrue,610,600.0,3.4706404209136963,3.346219539642334,0.1244208812713623,3.5849545381197028
USR,attributed power,holdout_test_testsize0.2_rs42_shuffleTrue,611,10.0,0.08609113842248917,0.10254871845245361,0.016457580029964447,19.116462311369915
USR,attributed power,holdout_test_testsize0.2_rs42_shuffleTrue,612,4.0,0.03262942656874657,-0.05352580547332764,0.0861552320420742,264.04151436910706
USR,attributed power,holdout_test_testsize0.2_rs42_shuffleTrue,613,4000.0,3.5563459396362305,3.3983287811279297,0.15801715850830078,4.443244869605232
USR,attributed power,holdout_test_testsize0.2_rs42_shuffleTrue,614,0.009999999776482582,0.0,0.06000411510467529,0.06000411510467529,6000.411510467529
USR,attributed power,holdout_test_testsize0.2_rs42_shuffleTrue,615,200.0,1.854887843132019,1.814405918121338,0.04048192501068115,2.182445971629558
USR,attributed power,holdout_test_testsize0.2_rs42_shuffleTrue,616,200.0,1.8074153661727905,1.814405918121338,0.006990551948547363,0.3867706383037943
USR,attributed power,holdout_test_testsize0.2_rs42_shuffleTrue,617,5000.0,3.4381344318389893,3.4555587768554688,0.017424345016479492,0.5067965014724441
USR,attributed power,holdout_test_testsize0.2_rs42_shuffleTrue,618,600.0,3.4910354614257812,3.346219539642334,0.14481592178344727,4.148222594230043
USR,attributed power,holdout_test_testsize0.2_rs42_shuffleTrue,619,1000.0,2.7031757831573486,3.2586300373077393,0.5554542541503906,20.548210649535044
USR,attributed power,holdout_test_testsize0.2_rs42_shuffleTrue,620,5000.0,3.504345178604126,3.4555587768554688,0.04878640174865723,1.3921688435980542
USR,attributed power,holdout_test_testsize0.2_rs42_shuffleTrue,621,600.0,3.426807165145874,3.346219539642334,0.08058762550354004,2.3516825318681023
USR,attributed power,holdout_test_testsize0.2_rs42_shuffleTrue,622,10.0,0.0855008214712143,0.10254871845245361,0.01704789698123932,19.938869227097268
USR,attributed power,holdout_test_testsize0.2_rs42_shuffleTrue,623,10.0,0.08626408874988556,0.10254871845245361,0.016284629702568054,18.87764646744693
USR,attributed power,holdout_test_testsize0.2_rs42_shuffleTrue,624,20.0,0.1735127866268158,0.20741534233093262,0.03390255570411682,19.538937944114203
USR,attributed power,holdout_test_testsize0.2_rs42_shuffleTrue,625,4000.0,3.4315545558929443,3.3983287811279297,0.03322577476501465,0.9682426499079447
USR,attributed power,holdout_test_testsize0.2_rs42_shuffleTrue,626,60.0,0.5313326120376587,0.5539886951446533,0.02265608310699463,4.2640113920560285
USR,attributed power,holdout_test_testsize0.2_rs42_shuffleTrue,627,60.0,0.5337145328521729,0.5539886951446533,0.02027416229248047,3.798690319361411
USR,attributed power,holdout_test_testsize0.2_rs42_shuffleTrue,628,6.0,0.053002502769231796,0.04544329643249512,0.007559206336736679,14.261979985452374
USR,attributed power,holdout_test_testsize0.2_rs42_shuffleTrue,629,1000.0,2.5835235118865967,3.2586300373077393,0.6751065254211426,26.13123210665699
USR,attributed power,holdout_test_testsize0.2_rs42_shuffleTrue,630,6.0,0.05315471440553665,0.04544329643249512,0.007711417973041534,14.507495824750974
USR,attributed power,holdout_test_testsize0.2_rs42_shuffleTrue,631,400.0,3.222804069519043,3.1305909156799316,0.09221315383911133,2.861270863818687
USR,attributed power,holdout_test_testsize0.2_rs42_shuffleTrue,632,0.009999999776482582,0.0,0.06000411510467529,0.06000411510467529,6000.411510467529
USR,attributed power,holdout_test_testsize0.2_rs42_shuffleTrue,633,0.009999999776482582,0.0,0.06000411510467529,0.06000411510467529,6000.411510467529
USR,attributed power,holdout_test_testsize0.2_rs42_shuffleTrue,634,1.0,0.01218409277498722,0.005835890769958496,0.006348202005028725,52.10237743807218
USR,attributed power,holdout_test_testsize0.2_rs42_shuffleTrue,635,80.0,0.5541752576828003,0.7195252776145935,0.1653500199317932,29.837135028939983
USR,attributed power,holdout_test_testsize0.2_rs42_shuffleTrue,636,10.0,0.09054576605558395,0.10254871845245361,0.01200295239686966,13.256227121101746
USR,attributed power,holdout_test_testsize0.2_rs42_shuffleTrue,637,4000.0,3.533409833908081,3.3983287811279297,0.13508105278015137,3.8229658921491922
USR,attributed power,holdout_test_testsize0.2_rs42_shuffleTrue,638,800.0,3.545982599258423,3.343639850616455,0.20234274864196777,5.706253287432489
USR,attributed power,holdout_test_testsize0.2_rs42_shuffleTrue,639,5000.0,3.5177416801452637,3.4555587768554688,0.06218290328979492,1.7676938486065046
USR,attributed power,holdout_test_testsize0.2_rs42_shuffleTrue,640,0.10000000149011612,0.0,0.05272471904754639,0.05272471904754639,5272.471904754639
USR,attributed power,holdout_test_testsize0.2_rs42_shuffleTrue,641,400.0,3.321927547454834,3.1305909156799316,0.19133663177490234,5.759807492535441
USR,attributed power,holdout_test_testsize0.2_rs42_shuffleTrue,642,40.0,0.357854425907135,0.31736254692077637,0.04049187898635864,11.315181832309232
USR,attributed power,holdout_test_testsize0.2_rs42_shuffleTrue,643,800.0,2.8952832221984863,3.343639850616455,0.44835662841796875,15.485760597801427
USR,attributed power,holdout_test_testsize0.2_rs42_shuffleTrue,644,2.0,0.020115409046411514,-0.021923303604125977,0.04203871265053749,208.98761021236592
USR,attributed power,holdout_test_testsize0.2_rs42_shuffleTrue,645,2000.0,3.2591969966888428,3.222144603729248,0.03705239295959473,1.1368565016854715
USR,attributed power,holdout_test_testsize0.2_rs42_shuffleTrue,646,60.0,0.5298437476158142,0.5539886951446533,0.02414494752883911,4.556993951044306
USR,attributed power,holdout_test_testsize0.2_rs42_shuffleTrue,647,600.0,3.43308687210083,3.346219539642334,0.0868673324584961,2.5302981163811573
USR,attributed power,holdout_test_testsize0.2_rs42_shuffleTrue,648,6.0,0.05304427817463875,0.04544329643249512,0.007600981742143631,14.329503584003472
USR,attributed power,holdout_test_testsize0.2_rs42_shuffleTrue,649,0.009999999776482582,0.0,0.06000411510467529,0.06000411510467529,6000.411510467529
USR,attributed power,holdout_test_testsize0.2_rs42_shuffleTrue,650,800.0,3.673656940460205,3.343639850616455,0.33001708984375,8.983339903328268
USR,attributed power,holdout_test_testsize0.2_rs42_shuffleTrue,651,6.0,0.05310345068573952,0.04544329643249512,0.0076601542532444,14.42496514694754
USR,attributed power,holdout_test_testsize0.2_rs42_shuffleTrue,652,2000.0,3.2756943702697754,3.222144603729248,0.053549766540527344,1.6347607709237284
USR,attributed power,holdout_test_testsize0.2_rs42_shuffleTrue,653,5000.0,3.4990408420562744,3.4555587768554688,0.043482065200805664,1.2426852718658934
USR,attributed power,holdout_test_testsize0.2_rs42_shuffleTrue,654,200.0,1.8043198585510254,1.814405918121338,0.0100860595703125,0.5589950984861518
USR,attributed power,holdout_test_testsize0.2_rs42_shuffleTrue,655,60.0,0.5355926752090454,0.5539886951446533,0.01839601993560791,3.43470342054768
USR,attributed power,holdout_test_testsize0.2_rs42_shuffleTrue,656,8.0,0.06909432262182236,0.0927811861038208,0.023686863481998444,34.28192445223758
USR,attributed power,holdout_test_testsize0.2_rs42_shuffleTrue,657,800.0,3.327022075653076,3.343639850616455,0.016617774963378906,0.49947895101107576
USR,attributed power,holdout_test_testsize0.2_rs42_shuffleTrue,658,4.0,0.03665008768439293,-0.05352580547332764,0.09017589315772057,246.04550454082835
USR,attributed power,holdout_test_testsize0.2_rs42_shuffleTrue,659,400.0,3.343626022338867,3.1305909156799316,0.21303510665893555,6.371379611106072
USR,attributed power,holdout_test_testsize0.2_rs42_shuffleTrue,660,200.0,1.8070995807647705,1.814405918121338,0.007306337356567383,0.40431293517733635
USR,attributed power,holdout_test_testsize0.2_rs42_shuffleTrue,661,1.0,0.012102608568966389,0.005835890769958496,0.006266717799007893,51.77989326265631
USR,attributed power,holdout_test_testsize0.2_rs42_shuffleTrue,662,400.0,3.197535276412964,3.1305909156799316,0.06694436073303223,2.093623836673704
USR,attributed power,holdout_test_testsize0.2_rs42_shuffleTrue,663,80.0,0.7119080424308777,0.7195252776145935,0.00761723518371582,1.0699745935874032
USR,attributed power,holdout_test_testsize0.2_rs42_shuffleTrue,664,10.0,0.08579724282026291,0.10254871845245361,0.016751475632190704,19.524491791983873
USR,attributed power,holdout_test_testsize0.2_rs42_shuffleTrue,665,1.0,0.0040467591024935246,0.005835890769958496,0.0017891316674649715,44.21146952786361
USR,attributed power,holdout_test_testsize0.2_rs42_shuffleTrue,666,0.009999999776482582,0.0,0.06000411510467529,0.06000411510467529,6000.411510467529
USR,attributed power,holdout_test_testsize0.2_rs42_shuffleTrue,667,20.0,0.17466309666633606,0.20741534233093262,0.03275224566459656,18.751668949946602
USR,attributed power,holdout_test_testsize0.2_rs42_shuffleTrue,668,3000.0,3.434335708618164,3.324740409851074,0.10959529876708984,3.191164407488472
USR,attributed power,holdout_test_testsize0.2_rs42_shuffleTrue,669,4000.0,3.478971481323242,3.3983287811279297,0.0806427001953125,2.3180040603448604
USR,attributed power,holdout_test_testsize0.2_rs42_shuffleTrue,670,0.009999999776482582,0.004016652703285217,0.06000411510467529,0.055987462401390076,1393.8835776266635
USR,attributed power,holdout_test_testsize0.2_rs42_shuffleTrue,671,2.0,0.02023627795279026,-0.021923303604125977,0.04215958155691624,208.33664004453496
USR,attributed power,holdout_test_testsize0.2_rs42_shuffleTrue,672,400.0,3.311091184616089,3.1305909156799316,0.18050026893615723,5.451383210912257
USR,attributed power,holdout_test_testsize0.2_rs42_shuffleTrue,673,60.0,0.5518655776977539,0.5539886951446533,0.002123117446899414,0.38471641151392927
USR,attributed power,holdout_test_testsize0.2_rs42_shuffleTrue,674,10.0,0.08642705529928207,0.10254871845245361,0.01612166315317154,18.653491198265385
USR,attributed power,holdout_test_testsize0.2_rs42_shuffleTrue,675,1.0,0.008089282549917698,0.005835890769958496,0.002253391779959202,27.856509722016426
USR,attributed power,holdout_test_testsize0.2_rs42_shuffleTrue,676,6.0,0.048688072711229324,0.04544329643249512,0.003244776278734207,6.664417172515925
USR,attributed power,holdout_test_testsize0.2_rs42_shuffleTrue,677,1.0,0.008115769363939762,0.005835890769958496,0.002279878593981266,28.09195889808418
USR,attributed power,holdout_test_testsize0.2_rs42_shuffleTrue,678,1.0,0.008030515164136887,0.005835890769958496,0.0021946243941783905,27.32856297911327
USR,attributed power,holdout_test_testsize0.2_rs42_shuffleTrue,679,600.0,3.437587261199951,3.346219539642334,0.09136772155761719,2.6579026106154364
USR,attributed power,holdout_test_testsize0.2_rs42_shuffleTrue,680,1000.0,4.304799556732178,3.2586300373077393,1.0461695194244385,24.30239795458903
USR,attributed power,holdout_test_testsize0.2_rs42_shuffleTrue,681,0.009999999776482582,0.0,0.06000411510467529,0.06000411510467529,6000.411510467529
USR,attributed power,holdout_test_testsize0.2_rs42_shuffleTrue,682,8.0,0.0737702026963234,0.0927811861038208,0.019010983407497406,25.77054516951312
USR,attributed power,holdout_test_testsize0.2_rs42_shuffleTrue,683,5000.0,3.4925873279571533,3.4555587768554688,0.03702855110168457,1.0602040156671735
USR,attributed power,holdout_test_testsize0.2_rs42_shuffleTrue,684,800.0,3.2128183841705322,3.343639850616455,0.13082146644592285,4.071859993408797
USR,attributed power,holdout_test_testsize0.2_rs42_shuffleTrue,685,20.0,0.18387247622013092,0.20741534233093262,0.023542866110801697,12.80390985903531
USR,attributed power,holdout_test_testsize0.2_rs42_shuffleTrue,686,2.0,0.008090109564363956,-0.021923303604125977,0.030013413168489933,370.988957933224
USR,attributed power,holdout_test_testsize0.2_rs42_shuffleTrue,687,3000.0,3.3975830078125,3.324740409851074,0.07284259796142578,2.1439534455502463
USR,attributed power,holdout_test_testsize0.2_rs42_shuffleTrue,688,6.0,0.05292443186044693,0.04544329643249512,0.007481135427951813,14.135504463568626
USR,attributed power,holdout_test_testsize0.2_rs42_shuffleTrue,689,0.009999999776482582,0.0,0.06000411510467529,0.06000411510467529,6000.411510467529
USR,attributed power,holdout_test_testsize0.2_rs42_shuffleTrue,690,40.0,0.35585927963256836,0.31736254692077637,0.03849673271179199,10.817965110124602
USR,attributed power,holdout_test_testsize0.2_rs42_shuffleTrue,691,1.0,0.008169456385076046,0.005835890769958496,0.00233356561511755,28.564515251963464
USR,attributed power,holdout_test_testsize0.2_rs42_shuffleTrue,692,3000.0,3.570701837539673,3.324740409851074,0.24596142768859863,6.8883216487791055
USR,attributed power,holdout_test_testsize0.2_rs42_shuffleTrue,693,600.0,3.45082688331604,3.346219539642334,0.10460734367370605,3.031370370372929
USR,attributed power,holdout_test_testsize0.2_rs42_shuffleTrue,694,4.0,0.03226952627301216,-0.05352580547332764,0.0857953317463398,265.87106058043577
USR,attributed power,holdout_test_testsize0.2_rs42_shuffleTrue,695,200.0,1.8028417825698853,1.814405918121338,0.011564135551452637,0.6414392911932839
USR,attributed power,holdout_test_testsize0.2_rs42_shuffleTrue,696,80.0,0.7057992219924927,0.7195252776145935,0.01372605562210083,1.9447535778449512
USR,attributed power,holdout_test_testsize0.2_rs42_shuffleTrue,697,2000.0,3.233548164367676,3.222144603729248,0.011403560638427734,0.3526640105160677
USR,attributed power,holdout_test_testsize0.2_rs42_shuffleTrue,698,60.0,0.5434474349021912,0.5539886951446533,0.010541260242462158,1.9397019040782404
USR,attributed power,holdout_test_testsize0.2_rs42_shuffleTrue,699,8.0,0.06961434334516525,0.0927811861038208,0.023166842758655548,33.27883543164168
USR,attributed power,holdout_test_testsize0.2_rs42_shuffleTrue,700,60.0,0.5327072143554688,0.5539886951446533,0.02128148078918457,3.994967632442032
USR,attributed power,holdout_test_testsize0.2_rs42_shuffleTrue,701,60.0,0.5371088981628418,0.5539886951446533,0.016879796981811523,3.142714082665201
USR,attributed power,holdout_test_testsize0.2_rs42_shuffleTrue,702,600.0,3.4528582096099854,3.346219539642334,0.10663866996765137,3.0884172906624117
USR,attributed power,holdout_test_testsize0.2_rs42_shuffleTrue,703,60.0,0.49891728162765503,0.5539886951446533,0.05507141351699829,11.038185195216071
USR,attributed power,holdout_test_testsize0.2_rs42_shuffleTrue,704,60.0,0.5273826122283936,0.5539886951446533,0.026606082916259766,5.044929866731645
USR,attributed power,holdout_test_testsize0.2_rs42_shuffleTrue,705,5000.0,3.483175039291382,3.4555587768554688,0.027616262435913086,0.7928473913711596
USR,attributed power,holdout_test_testsize0.2_rs42_shuffleTrue,706,6.0,0.056869957596063614,0.04544329643249512,0.011426661163568497,20.092614179053687
USR,attributed power,holdout_test_testsize0.2_rs42_shuffleTrue,707,40.0,0.37184303998947144,0.31736254692077637,0.05448049306869507,14.651475813622236
USR,attributed power,holdout_test_testsize0.2_rs42_shuffleTrue,708,2000.0,3.285543918609619,3.222144603729248,0.0633993148803711,1.9296444196430191
USR,attributed power,holdout_test_testsize0.2_rs42_shuffleTrue,709,5000.0,3.4964489936828613,3.4555587768554688,0.04089021682739258,1.1694784308671498
USR,attributed power,holdout_test_testsize0.2_rs42_shuffleTrue,710,10.0,0.08977248519659042,0.10254871845245361,0.01277623325586319,14.231791876859429
USR,attributed power,holdout_test_testsize0.2_rs42_shuffleTrue,711,40.0,0.35420072078704834,0.31736254692077637,0.03683817386627197,10.400366714222393
USR,attributed power,holdout_test_testsize0.2_rs42_shuffleTrue,712,20.0,0.10222042351961136,0.20741534233093262,0.10519491881132126,102.90988355290781
USR,attributed power,holdout_test_testsize0.2_rs42_shuffleTrue,713,80.0,0.715802013874054,0.7195252776145935,0.0037232637405395508,0.520152733349904
USR,attributed power,holdout_test_testsize0.2_rs42_shuffleTrue,714,800.0,4.001946449279785,3.343639850616455,0.6583065986633301,16.449660359193537
USR,attributed power,holdout_test_testsize0.2_rs42_shuffleTrue,715,1.0,0.012064805254340172,0.005835890769958496,0.006228914484381676,51.628802563065804
USR,attributed power,holdout_test_testsize0.2_rs42_shuffleTrue,716,80.0,0.71506667137146,0.7195252776145935,0.004458606243133545,0.6235231512863234
USR,attributed power,holdout_test_testsize0.2_rs42_shuffleTrue,717,0.009999999776482582,0.0,0.06000411510467529,0.06000411510467529,6000.411510467529
USR,attributed power,holdout_test_testsize0.2_rs42_shuffleTrue,718,3000.0,3.55501389503479,3.324740409851074,0.23027348518371582,6.477428555352027
USR,attributed power,holdout_test_testsize0.2_rs42_shuffleTrue,719,8.0,0.06971617788076401,0.0927811861038208,0.023065008223056793,33.08415481770245
USR,attributed power,holdout_test_testsize0.2_rs42_shuffleTrue,720,4000.0,3.562683582305908,3.3983287811279297,0.16435480117797852,4.613230374828899
USR,attributed power,holdout_test_testsize0.2_rs42_shuffleTrue,721,1000.0,2.5063209533691406,3.2586300373077393,0.7523090839385986,30.016470273980733
USR,attributed power,holdout_test_testsize0.2_rs42_shuffleTrue,722,100.0,0.8970232009887695,0.9078510999679565,0.010827898979187012,1.2070924104584642
USR,attributed power,holdout_test_testsize0.2_rs42_shuffleTrue,723,3000.0,3.5056889057159424,3.324740409851074,0.18094849586486816,5.161567404621556
USR,attributed power,holdout_test_testsize0.2_rs42_shuffleTrue,724,2000.0,3.2174994945526123,3.222144603729248,0.004645109176635742,0.14437016025954766
USR,attributed power,holdout_test_testsize0.2_rs42_shuffleTrue,725,5000.0,3.4298763275146484,3.4555587768554688,0.025682449340820312,0.7487864543334799
USR,attributed power,holdout_test_testsize0.2_rs42_shuffleTrue,726,4000.0,3.5620603561401367,3.3983287811279297,0.16373157501220703,4.596541289087735
USR,attributed power,holdout_test_testsize0.2_rs42_shuffleTrue,727,5000.0,3.52109432220459,3.4555587768554688,0.0655355453491211,1.861226634454049
USR,attributed power,holdout_test_testsize0.2_rs42_shuffleTrue,728,8.0,0.073458731174469,0.0927811861038208,0.019322454929351807,26.3038234127129
USR,attributed power,holdout_test_testsize0.2_rs42_shuffleTrue,729,4.0,0.03251119703054428,-0.05352580547332764,0.08603700250387192,264.63806430455367
USR,attributed power,holdout_test_testsize0.2_rs42_shuffleTrue,730,80.0,0.8294234871864319,0.7195252776145935,0.10989820957183838,13.249951474684519
USR,attributed power,holdout_test_testsize0.2_rs42_shuffleTrue,731,2.0,0.02015097439289093,-0.021923303604125977,0.04207427799701691,208.79525315589854
USR,attributed power,holdout_test_testsize0.2_rs42_shuffleTrue,732,5000.0,3.4979307651519775,3.4555587768554688,0.04237198829650879,1.2113443959108157
USR,attributed power,holdout_test_testsize0.2_rs42_shuffleTrue,733,800.0,3.413433313369751,3.343639850616455,0.0697934627532959,2.0446704636041533
USR,attributed power,holdout_test_testsize0.2_rs42_shuffleTrue,734,4.0,0.03662716969847679,-0.05352580547332764,0.09015297517180443,246.13688667173648
USR,attributed power,holdout_test_testsize0.2_rs42_shuffleTrue,735,6.0,0.05276978015899658,0.04544329643249512,0.007326483726501465,13.8838625145426
USR,attributed power,holdout_test_testsize0.2_rs42_shuffleTrue,736,60.0,0.5315994620323181,0.5539886951446533,0.022389233112335205,4.2116733953681225
USR,attributed power,holdout_test_testsize0.2_rs42_shuffleTrue,737,2000.0,3.3093879222869873,3.222144603729248,0.08724331855773926,2.6362372924068946
USR,attributed power,holdout_test_testsize0.2_rs42_shuffleTrue,738,40.0,0.3550465703010559,0.31736254692077637,0.03768402338027954,10.61382549008317
USR,attributed power,holdout_test_testsize0.2_rs42_shuffleTrue,739,4.0,0.032768309116363525,-0.05352580547332764,0.08629411458969116,263.3462540995087
USR,attributed power,holdout_test_testsize0.2_rs42_shuffleTrue,740,40.0,0.35356178879737854,0.31736254692077637,0.03619924187660217,10.23844856078253
USR,attributed power,holdout_test_testsize0.2_rs42_shuffleTrue,741,10.0,0.08949931710958481,0.10254871845245361,0.013049401342868805,14.580447945642813
USR,attributed power,holdout_test_testsize0.2_rs42_shuffleTrue,742,200.0,1.8166967630386353,1.814405918121338,0.0022908449172973633,0.1260994660146617
USR,attributed power,holdout_test_testsize0.2_rs42_shuffleTrue,743,1000.0,2.6210007667541504,3.2586300373077393,0.6376292705535889,24.327702557036236
USR,attributed power,holdout_test_testsize0.2_rs42_shuffleTrue,744,2.0,0.012099860236048698,-0.021923303604125977,0.034023163840174675,281.18642014401644
USR,attributed power,holdout_test_testsize0.2_rs42_shuffleTrue,745,8.0,0.06915987282991409,0.0927811861038208,0.023621313273906708,34.15465111105533
USR,attributed power,holdout_test_testsize0.2_rs42_shuffleTrue,746,100.0,0.9054920673370361,0.9078510999679565,0.00235903263092041,0.260524936221484
USR,attributed power,holdout_test_testsize0.2_rs42_shuffleTrue,747,1000.0,0.6374063491821289,3.2586300373077393,2.6212236881256104,411.2327546609732
USR,attributed power,holdout_test_testsize0.2_rs42_shuffleTrue,748,100.0,0.8865390419960022,0.9078510999679565,0.021312057971954346,2.4039615812036006
USR,attributed power,holdout_test_testsize0.2_rs42_shuffleTrue,749,80.0,0.713140070438385,0.7195252776145935,0.006385207176208496,0.8953650819653634
USR,attributed power,holdout_test_testsize0.2_rs42_shuffleTrue,750,3000.0,3.4875876903533936,3.324740409851074,0.16284728050231934,4.669338665024885
USR,attributed power,holdout_test_testsize0.2_rs42_shuffleTrue,751,5000.0,3.5163075923919678,3.4555587768554688,0.06074881553649902,1.7276308724509124
USR,attributed power,holdout_test_testsize0.2_rs42_shuffleTrue,752,1000.0,3.827528238296509,3.2586300373077393,0.5688982009887695,14.863331256361025
USR,attributed power,holdout_test_testsize0.2_rs42_shuffleTrue,753,0.10000000149011612,0.004060079343616962,0.05272471904754639,0.048664639703929424,1198.6130216996212
USR,attributed power,holdout_test_testsize0.2_rs42_shuffleTrue,754,200.0,1.7449980974197388,1.814405918121338,0.06940782070159912,3.977529878355156
USR,attributed power,holdout_test_testsize0.2_rs42_shuffleTrue,755,1.0,0.00810399278998375,0.005835890769958496,0.0022681020200252533,27.987463449233914
USR,attributed power,holdout_test_testsize0.2_rs42_shuffleTrue,756,2000.0,3.1503543853759766,3.222144603729248,0.07179021835327148,2.2787981785961433
USR,attributed power,holdout_test_testsize0.2_rs42_shuffleTrue,757,0.009999999776482582,0.0,0.06000411510467529,0.06000411510467529,6000.411510467529
USR,attributed power,holdout_test_testsize0.2_rs42_shuffleTrue,758,20.0,0.17905293405056,0.20741534233093262,0.02836240828037262,15.84023653718168
USR,attributed power,holdout_test_testsize0.2_rs42_shuffleTrue,759,1000.0,4.372241020202637,3.2586300373077393,1.1136109828948975,25.47002733264887
USR,attributed power,holdout_test_testsize0.2_rs42_shuffleTrue,760,800.0,1.4237945079803467,3.343639850616455,1.9198453426361084,134.84005815975578
USR,attributed power,holdout_test_testsize0.2_rs42_shuffleTrue,761,100.0,0.904711902141571,0.9078510999679565,0.003139197826385498,0.3469831466740525
USR,attributed power,holdout_test_testsize0.2_rs42_shuffleTrue,762,600.0,3.478749990463257,3.346219539642334,0.13253045082092285,3.8097147304130954
USR,attributed power,holdout_test_testsize0.2_rs42_shuffleTrue,763,400.0,3.2341630458831787,3.1305909156799316,0.10357213020324707,3.2024399739241907
USR,attributed power,holdout_test_testsize0.2_rs42_shuffleTrue,764,8.0,0.07375354319810867,0.0927811861038208,0.019027642905712128,25.798954301899997
USR,attributed power,holdout_test_testsize0.2_rs42_shuffleTrue,765,6.0,0.04918662831187248,0.04544329643249512,0.003743331879377365,7.610466518750612
USR,attributed power,holdout_test_testsize0.2_rs42_shuffleTrue,766,1.0,0.008066173642873764,0.005835890769958496,0.002230282872915268,27.649824708220354
USR,attributed power,holdout_test_testsize0.2_rs42_shuffleTrue,767,5000.0,3.4872958660125732,3.4555587768554688,0.03173708915710449,0.9100773314480242
USR,attributed power,holdout_test_testsize0.2_rs42_shuffleTrue,768,2.0,0.02038540318608284,-0.021923303604125977,0.042308706790208817,207.5441255883183
USR,attributed power,holdout_test_testsize0.2_rs42_shuffleTrue,769,6.0,0.048918090760707855,0.04544329643249512,0.003474794328212738,7.103290979221481
USR,attributed power,holdout_test_testsize0.2_rs42_shuffleTrue,770,1.0,0.008103812113404274,0.005835890769958496,0.002267921343445778,27.985857911173394
USR,attributed power,holdout_test_testsize0.2_rs42_shuffleTrue,771,40.0,0.3562181293964386,0.31736254692077637,0.03885558247566223,10.907805995584093
USR,attributed power,holdout_test_testsize0.2_rs42_shuffleTrue,772,3000.0,3.446953296661377,3.324740409851074,0.12221288681030273,3.5455335855195584
USR,attributed power,holdout_test_testsize0.2_rs42_shuffleTrue,773,3000.0,3.5642409324645996,3.324740409851074,0.2395005226135254,6.719537964789482
USR,attributed power,holdout_test_testsize0.2_rs42_shuffleTrue,774,40.0,0.3551105260848999,0.31736254692077637,0.037747979164123535,10.629924035284366
USR,attributed power,holdout_test_testsize0.2_rs42_shuffleTrue,775,10.0,0.09005339443683624,0.10254871845245361,0.01249532401561737,13.875461434584382
USR,attributed power,holdout_test_testsize0.2_rs42_shuffleTrue,776,20.0,0.1786511391401291,0.20741534233093262,0.028764203190803528,16.100766739719287
USR,attributed power,holdout_test_testsize0.2_rs42_shuffleTrue,777,80.0,0.7156408429145813,0.7195252776145935,0.003884434700012207,0.5427910855663463
USR,attributed power,holdout_test_testsize0.2_rs42_shuffleTrue,778,4.0,0.0363575741648674,-0.05352580547332764,0.08988337963819504,247.22050825120786
USR,attributed power,holdout_test_testsize0.2_rs42_shuffleTrue,779,3000.0,3.5721964836120605,3.324740409851074,0.24745607376098633,6.927280593221143
USR,attributed power,holdout_test_testsize0.2_rs42_shuffleTrue,780,600.0,3.5154306888580322,3.346219539642334,0.16921114921569824,4.813383172423335
USR,attributed power,holdout_test_testsize0.2_rs42_shuffleTrue,781,6.0,0.052767470479011536,0.04544329643249512,0.0073241740465164185,13.880093133192043
USR,attributed power,holdout_test_testsize0.2_rs42_shuffleTrue,782,5000.0,3.491318464279175,3.4555587768554688,0.035759687423706055,1.0242459342960304
USR,attributed power,holdout_test_testsize0.2_rs42_shuffleTrue,783,800.0,4.170128345489502,3.343639850616455,0.8264884948730469,19.819257979601375
USR,attributed power,holdout_test_testsize0.2_rs42_shuffleTrue,784,3000.0,3.497324228286743,3.324740409851074,0.17258381843566895,4.934738879506568
USR,attributed power,holdout_test_testsize0.2_rs42_shuffleTrue,785,800.0,3.3829944133758545,3.343639850616455,0.039354562759399414,1.1633055793351994
USR,attributed power,holdout_test_testsize0.2_rs42_shuffleTrue,786,40.0,0.356666624546051,0.31736254692077637,0.03930407762527466,11.019836149597426
USR,attributed power,holdout_test_testsize0.2_rs42_shuffleTrue,787,800.0,3.317938804626465,3.343639850616455,0.025701045989990234,0.7746088009264436
USR,attributed power,holdout_test_testsize0.2_rs42_shuffleTrue,788,10.0,0.08670375496149063,0.10254871845245361,0.015844963490962982,18.274829617241494
USR,attributed power,holdout_test_testsize0.2_rs42_shuffleTrue,789,2000.0,3.321030855178833,3.222144603729248,0.09888625144958496,2.9775770163466326
USR,attributed power,holdout_test_testsize0.2_rs42_shuffleTrue,790,0.009999999776482582,0.0,0.06000411510467529,0.06000411510467529,6000.411510467529
USR,attributed power,holdout_test_testsize0.2_rs42_shuffleTrue,791,800.0,3.290597438812256,3.343639850616455,0.05304241180419922,1.6119386461123888
USR,attributed power,holdout_test_testsize0.2_rs42_shuffleTrue,792,10.0,0.08640056848526001,0.10254871845245361,0.016148149967193604,18.689865414425473
USR,attributed power,holdout_test_testsize0.2_rs42_shuffleTrue,793,0.009999999776482582,0.0,0.06000411510467529,0.06000411510467529,6000.411510467529
USR,attributed power,holdout_test_testsize0.2_rs42_shuffleTrue,794,600.0,3.4214892387390137,3.346219539642334,0.07526969909667969,2.199910443804881
USR,attributed power,holdout_test_testsize0.2_rs42_shuffleTrue,795,60.0,0.5298830270767212,0.5539886951446533,0.02410566806793213,4.5492432926035
USR,attributed power,holdout_test_testsize0.2_rs42_shuffleTrue,796,6.0,0.052674006670713425,0.04544329643249512,0.0072307102382183075,13.727283522251135
USR,attributed power,holdout_test_testsize0.2_rs42_shuffleTrue,797,1000.0,2.615962028503418,3.2586300373077393,0.6426680088043213,24.567176503398606
USR,attributed power,holdout_test_testsize0.2_rs42_shuffleTrue,798,6.0,0.0530758835375309,0.04544329643249512,0.007632587105035782,14.380518224701138
USR,attributed power,holdout_test_testsize0.2_rs42_shuffleTrue,799,2.0,0.020198989659547806,-0.021923303604125977,0.04212229326367378,208.5366346220347
USR,attributed power,holdout_test_testsize0.2_rs42_shuffleTrue,800,1.0,0.012151364237070084,0.005835890769958496,0.0063154734671115875,51.97336977065519
USR,attributed power,holdout_test_testsize0.2_rs42_shuffleTrue,801,10.0,0.02890704572200775,0.10254871845245361,0.07364167273044586,254.75336856848148
USR,attributed power,holdout_test_testsize0.2_rs42_shuffleTrue,802,1.0,0.008078706450760365,0.005835890769958496,0.0022428156808018684,27.762064316506706
USR,attributed power,holdout_test_testsize0.2_rs42_shuffleTrue,803,2.0,0.016216866672039032,-0.021923303604125977,0.03814017027616501,235.18828296175073
USR,attributed power,holdout_test_testsize0.2_rs42_shuffleTrue,804,60.0,0.5385929346084595,0.5539886951446533,0.015395760536193848,2.8585151320980646
USR,attributed power,holdout_test_testsize0.2_rs42_shuffleTrue,805,60.0,0.5388256311416626,0.5539886951446533,0.015163064002990723,2.81409478811601
USR,attributed power,holdout_test_testsize0.2_rs42_shuffleTrue,806,2.0,0.020230567082762718,-0.021923303604125977,0.042153870686888695,208.3672223049325
USR,attributed power,holdout_test_testsize0.2_rs42_shuffleTrue,807,5000.0,3.516995668411255,3.4555587768554688,0.06143689155578613,1.7468571857394195
USR,attributed power,holdout_test_testsize0.2_rs42_shuffleTrue,808,0.10000000149011612,0.004034103360027075,0.05272471904754639,0.04869061568751931,1206.9749171521605
USR,attributed power,holdout_test_testsize0.2_rs42_shuffleTrue,809,20.0,0.18283133208751678,0.20741534233093262,0.024584010243415833,13.446278579673688
USR,attributed power,holdout_test_testsize0.2_rs42_shuffleTrue,810,2000.0,3.2835636138916016,3.222144603729248,0.061419010162353516,1.8704985614565621
USR,attributed power,holdout_test_testsize0.2_rs42_shuffleTrue,811,60.0,0.5330629348754883,0.5539886951446533,0.02092576026916504,3.9255703032612526
USR,attributed power,holdout_test_testsize0.2_rs42_shuffleTrue,812,20.0,0.1805780827999115,0.20741534233093262,0.026837259531021118,14.86185871225468
USR,attributed power,holdout_test_testsize0.2_rs42_shuffleTrue,813,5000.0,3.47698974609375,3.4555587768554688,0.02143096923828125,0.6163656151807186
USR,attributed power,holdout_test_testsize0.2_rs42_shuffleTrue,814,6.0,0.052934154868125916,0.04544329643249512,0.007490858435630798,14.15127615486195
USR,attributed power,holdout_test_testsize0.2_rs42_shuffleTrue,815,4000.0,3.55192232131958,3.3983287811279297,0.1535935401916504,4.3242370270808355
USR,attributed power,holdout_test_testsize0.2_rs42_shuffleTrue,816,1000.0,2.3501200675964355,3.2586300373077393,0.9085099697113037,38.65802357240727
USR,attributed power,holdout_test_testsize0.2_rs42_shuffleTrue,817,600.0,3.4540693759918213,3.346219539642334,0.1078498363494873,3.122399251709259
USR,attributed power,holdout_test_testsize0.2_rs42_shuffleTrue,818,6.0,0.052591338753700256,0.04544329643249512,0.007148042321205139,13.591672109130732
USR,attributed power,holdout_test_testsize0.2_rs42_shuffleTrue,819,5000.0,3.4597604274749756,3.4555587768554688,0.004201650619506836,0.12144339781853947
USR,attributed power,holdout_test_testsize0.2_rs42_shuffleTrue,820,3000.0,3.4172275066375732,3.324740409851074,0.09248709678649902,2.70649515160619
USR,attributed power,holdout_test_testsize0.2_rs42_shuffleTrue,821,20.0,0.1740366369485855,0.20741534233093262,0.03337870538234711,19.179125710299697
USR,attributed power,holdout_test_testsize0.2_rs42_shuffleTrue,822,6.0,0.05707308650016785,0.04544329643249512,0.01162979006767273,20.377012670654366
USR,attributed power,holdout_test_testsize0.2_rs42_shuffleTrue,823,4.0,0.03646352142095566,-0.05352580547332764,0.0899893268942833,246.7927489926035
USR,attributed power,holdout_test_testsize0.2_rs42_shuffleTrue,824,80.0,0.7202220559120178,0.7195252776145935,0.0006967782974243164,0.09674492633275239
USR,attributed power,holdout_test_testsize0.2_rs42_shuffleTrue,825,60.0,0.5228374004364014,0.5539886951446533,0.031151294708251953,5.958122866162715
USR,attributed power,holdout_test_testsize0.2_rs42_shuffleTrue,826,2000.0,3.2585747241973877,3.222144603729248,0.03643012046813965,1.117977138827549
USR,attributed power,holdout_test_testsize0.2_rs42_shuffleTrue,827,1000.0,3.4224696159362793,3.2586300373077393,0.16383957862854004,4.7871740881392375
USR,attributed power,holdout_test_testsize0.2_rs42_shuffleTrue,828,10.0,0.0862053781747818,0.10254871845245361,0.016343340277671814,18.95860864334429
USR,attributed power,holdout_test_testsize0.2_rs42_shuffleTrue,829,1.0,0.004060376435518265,0.005835890769958496,0.0017755143344402313,43.72782579735382
USR,attributed power,holdout_test_testsize0.2_rs42_shuffleTrue,830,200.0,1.8158687353134155,1.814405918121338,0.0014628171920776367,0.08055743037093246
USR,attributed power,holdout_test_testsize0.2_rs42_shuffleTrue,831,800.0,3.335541248321533,3.343639850616455,0.008098602294921875,0.24279724614399972
USR,attributed power,holdout_test_testsize0.2_rs42_shuffleTrue,832,4.0,0.03638150170445442,-0.05352580547332764,0.08990730717778206,247.12368364600553
USR,attributed power,holdout_test_testsize0.2_rs42_shuffleTrue,833,400.0,3.300550699234009,3.1305909156799316,0.16995978355407715,5.149437140702653
USR,attributed power,holdout_test_testsize0.2_rs42_shuffleTrue,834,400.0,3.043935537338257,3.1305909156799316,0.0866553783416748,2.8468204164878554
USR,attributed power,holdout_test_testsize0.2_rs42_shuffleTrue,835,600.0,3.559298515319824,3.346219539642334,0.21307897567749023,5.986544111441122
USR,attributed power,holdout_test_testsize0.2_rs42_shuffleTrue,836,600.0,3.3888356685638428,3.346219539642334,0.04261612892150879,1.257544864651673
USR,attributed power,holdout_test_testsize0.2_rs42_shuffleTrue,837,200.0,1.8018317222595215,1.814405918121338,0.012574195861816406,0.6978562818312575
USR,attributed power,holdout_test_testsize0.2_rs42_shuffleTrue,838,3000.0,3.4543097019195557,3.324740409851074,0.12956929206848145,3.750946013800672
USR,attributed power,holdout_test_testsize0.2_rs42_shuffleTrue,839,4.0,0.036573950201272964,-0.05352580547332764,0.0900997556746006,246.34953342137118
USR,attributed power,holdout_test_testsize0.2_rs42_shuffleTrue,840,0.10000000149011612,0.004040530417114496,0.05272471904754639,0.04868418863043189,1204.8959815825174
USR,attributed power,holdout_test_testsize0.2_rs42_shuffleTrue,841,4000.0,3.361532688140869,3.3983287811279297,0.03679609298706055,1.094622495175289
USR,attributed power,holdout_test_testsize0.2_rs42_shuffleTrue,842,3000.0,3.5522398948669434,3.324740409851074,0.22749948501586914,6.404395304061823
USR,attributed power,holdout_test_testsize0.2_rs42_shuffleTrue,843,100.0,0.9058537483215332,0.9078510999679565,0.00199735164642334,0.22049383248943394
USR,attributed power,holdout_test_testsize0.2_rs42_shuffleTrue,844,5000.0,3.449962854385376,3.4555587768554688,0.0055959224700927734,0.16220239771508232
USR,attributed power,holdout_test_testsize0.2_rs42_shuffleTrue,845,100.0,0.5381416082382202,0.9078510999679565,0.36970949172973633,68.70115338973683
USR,attributed power,holdout_test_testsize0.2_rs42_shuffleTrue,846,20.0,0.17489203810691833,0.20741534233093262,0.03252330422401428,18.596217744418713
USR,attributed power,holdout_test_testsize0.2_rs42_shuffleTrue,847,8.0,0.0696907564997673,0.0927811861038208,0.023090429604053497,33.13270046671196
USR,attributed power,holdout_test_testsize0.2_rs42_shuffleTrue,848,2.0,0.020270144566893578,-0.021923303604125977,0.042193448171019554,208.1556351597632
USR,attributed power,holdout_test_testsize0.2_rs42_shuffleTrue,849,8.0,0.06935551017522812,0.0927811861038208,0.023425675928592682,33.776228982249904
USR,attributed power,holdout_test_testsize0.2_rs42_shuffleTrue,850,60.0,0.530208170413971,0.5539886951446533,0.023780524730682373,4.485129814600035
USR,attributed power,holdout_test_testsize0.2_rs42_shuffleTrue,851,10.0,0.08643539994955063,0.10254871845245361,0.016113318502902985,18.64203614758279
USR,attributed power,holdout_test_testsize0.2_rs42_shuffleTrue,852,0.009999999776482582,0.0,0.06000411510467529,0.06000411510467529,6000.411510467529
USR,attributed power,holdout_test_testsize0.2_rs42_shuffleTrue,853,80.0,0.7078679800033569,0.7195252776145935,0.011657297611236572,1.6468180424238557
USR,attributed power,holdout_test_testsize0.2_rs42_shuffleTrue,854,5000.0,3.4788284301757812,3.4555587768554688,0.0232696533203125,0.668893387166458
USR,attributed power,holdout_test_testsize0.2_rs42_shuffleTrue,855,2.0,0.01608518324792385,-0.021923303604125977,0.03800848685204983,236.29501924981594
USR,attributed power,holdout_test_testsize0.2_rs42_shuffleTrue,856,5000.0,3.5092835426330566,3.4555587768554688,0.05372476577758789,1.530932599914043
USR,attributed power,holdout_test_testsize0.2_rs42_shuffleTrue,857,1000.0,3.2133145332336426,3.2586300373077393,0.04531550407409668,1.4102417801127765
USR,attributed power,holdout_test_testsize0.2_rs42_shuffleTrue,858,3000.0,3.5195164680480957,3.324740409851074,0.19477605819702148,5.534170956871335
USR,attributed power,holdout_test_testsize0.2_rs42_shuffleTrue,859,100.0,0.8988220691680908,0.9078510999679565,0.009029030799865723,1.0045403989938282
USR,attributed power,holdout_test_testsize0.2_rs42_shuffleTrue,860,2.0,0.020220531150698662,-0.021923303604125977,0.04214383475482464,208.421007542962
USR,attributed power,holdout_test_testsize0.2_rs42_shuffleTrue,861,2.0,0.0040163323283195496,-0.021923303604125977,0.025939635932445526,645.8538241355834
USR,attributed power,holdout_test_testsize0.2_rs42_shuffleTrue,862,4.0,0.03246467933058739,-0.05352580547332764,0.08599048480391502,264.8739694246633
USR,attributed power,holdout_test_testsize0.2_rs42_shuffleTrue,863,100.0,1.0114277601242065,0.9078510999679565,0.10357666015625,10.240638455833015
USR,attributed power,holdout_test_testsize0.2_rs42_shuffleTrue,864,2.0,0.020252810791134834,-0.021923303604125977,0.04217611439526081,208.2482023370423
USR,attributed power,holdout_test_testsize0.2_rs42_shuffleTrue,865,10.0,0.09046890586614609,0.10254871845245361,0.012079812586307526,13.352446866308185
USR,attributed power,holdout_test_testsize0.2_rs42_shuffleTrue,866,4000.0,3.4512228965759277,3.3983287811279297,0.05289411544799805,1.5326195100431226
USR,attributed power,holdout_test_testsize0.2_rs42_shuffleTrue,867,2.0,0.020264558494091034,-0.021923303604125977,0.04218786209821701,208.1854490465145
USR,attributed power,holdout_test_testsize0.2_rs42_shuffleTrue,868,8.0,0.07369284331798553,0.0927811861038208,0.019088342785835266,25.902573338728196
USR,attributed power,holdout_test_testsize0.2_rs42_shuffleTrue,869,1000.0,3.5991051197052,3.2586300373077393,0.34047508239746094,9.459992722450657
USR,attributed power,holdout_test_testsize0.2_rs42_shuffleTrue,870,100.0,0.9492321610450745,0.9078510999679565,0.04138106107711792,4.359424677684612
USR,attributed power,holdout_test_testsize0.2_rs42_shuffleTrue,871,8.0,0.0652661919593811,0.0927811861038208,0.027514994144439697,42.15811175495555
USR,attributed power,holdout_test_testsize0.2_rs42_shuffleTrue,872,800.0,3.2419676780700684,3.343639850616455,0.10167217254638672,3.1361254226603457
USR,attributed power,holdout_test_testsize0.2_rs42_shuffleTrue,873,5000.0,3.491530418395996,3.4555587768554688,0.035971641540527344,1.0302542790691958
USR,attributed power,holdout_test_testsize0.2_rs42_shuffleTrue,874,80.0,0.7068055272102356,0.7195252776145935,0.01271975040435791,1.7996110549054163
USR,attributed power,holdout_test_testsize0.2_rs42_shuffleTrue,875,80.0,0.707992434501648,0.7195252776145935,0.011532843112945557,1.6289500495952987
USR,attributed power,holdout_test_testsize0.2_rs42_shuffleTrue,876,200.0,1.7981120347976685,1.814405918121338,0.016293883323669434,0.9061661903343466
USR,attributed power,holdout_test_testsize0.2_rs42_shuffleTrue,877,400.0,3.2871968746185303,3.1305909156799316,0.15660595893859863,4.764118637000478
USR,attributed power,holdout_test_testsize0.2_rs42_shuffleTrue,878,4.0,0.03661398962140083,-0.05352580547332764,0.09013979509472847,246.18949212254617
USR,attributed power,holdout_test_testsize0.2_rs42_shuffleTrue,879,800.0,4.228484153747559,3.343639850616455,0.8848443031311035,20.925803927795183
USR,attributed power,holdout_test_testsize0.2_rs42_shuffleTrue,880,800.0,3.3303463459014893,3.343639850616455,0.01329350471496582,0.3991628297556965
USR,attributed power,holdout_test_testsize0.2_rs42_shuffleTrue,881,40.0,0.361416757106781,0.31736254692077637,0.04405421018600464,12.189310351481232
USR,attributed power,holdout_test_testsize0.2_rs42_shuffleTrue,882,600.0,3.4713680744171143,3.346219539642334,0.12514853477478027,3.605164652434452
USR,attributed power,holdout_test_testsize0.2_rs42_shuffleTrue,883,20.0,0.1795327514410019,0.20741534233093262,0.027882590889930725,15.53064310892239
USR,attributed power,holdout_test_testsize0.2_rs42_shuffleTrue,884,4.0,0.03642386570572853,-0.05352580547332764,0.08994967117905617,246.95256650067597
USR,attributed power,holdout_test_testsize0.2_rs42_shuffleTrue,885,10.0,0.036602288484573364,0.10254871845245361,0.06594642996788025,180.17023715791555
USR,attributed power,holdout_test_testsize0.2_rs42_shuffleTrue,886,4000.0,3.5373363494873047,3.3983287811279297,0.139007568359375,3.929724363913613
USR,attributed power,holdout_test_testsize0.2_rs42_shuffleTrue,887,600.0,3.4766316413879395,3.346219539642334,0.13041210174560547,3.7511049543788424
USR,attributed power,holdout_test_testsize0.2_rs42_shuffleTrue,888,60.0,0.5292290449142456,0.5539886951446533,0.024759650230407715,4.678437524988766
USR,attributed power,holdout_test_testsize0.2_rs42_shuffleTrue,889,1.0,0.008044125512242317,0.005835890769958496,0.002208234742283821,27.451520229552845
USR,attributed power,holdout_test_testsize0.2_rs42_shuffleTrue,890,0.009999999776482582,0.0,0.06000411510467529,0.06000411510467529,6000.411510467529
USR,attributed power,holdout_test_testsize0.2_rs42_shuffleTrue,891,20.0,0.17906454205513,0.20741534233093262,0.028350800275802612,15.832727099636527
USR,attributed power,holdout_test_testsize0.2_rs42_shuffleTrue,892,600.0,3.4286134243011475,3.346219539642334,0.08239388465881348,2.4031255339206923
USR,attributed power,holdout_test_testsize0.2_rs42_shuffleTrue,893,20.0,0.17988824844360352,0.20741534233093262,0.0275270938873291,15.30233026642598
USR,attributed power,holdout_test_testsize0.2_rs42_shuffleTrue,894,400.0,3.216898202896118,3.1305909156799316,0.08630728721618652,2.682934981855676
USR,attributed power,holdout_test_testsize0.2_rs42_shuffleTrue,895,400.0,3.3599355220794678,3.1305909156799316,0.22934460639953613,6.825863320662609
USR,attributed power,holdout_test_testsize0.2_rs42_shuffleTrue,896,10.0,0.08995161205530167,0.10254871845245361,0.012597106397151947,14.004314218857274
USR,attributed power,holdout_test_testsize0.2_rs42_shuffleTrue,897,60.0,0.542217493057251,0.5539886951446533,0.011771202087402344,2.1709373522848443
USR,attributed power,holdout_test_testsize0.2_rs42_shuffleTrue,898,400.0,3.2431607246398926,3.1305909156799316,0.11256980895996094,3.470990756169207
USR,attributed power,holdout_test_testsize0.2_rs42_shuffleTrue,899,400.0,3.215343952178955,3.1305909156799316,0.08475303649902344,2.635893321508839
USR,attributed power,holdout_test_testsize0.2_rs42_shuffleTrue,900,800.0,3.9284396171569824,3.343639850616455,0.5847997665405273,14.886311704690215
USR,attributed power,holdout_test_testsize0.2_rs42_shuffleTrue,901,2.0,0.016203798353672028,-0.021923303604125977,0.038127101957798004,235.29731193648072
USR,attributed power,holdout_test_testsize0.2_rs42_shuffleTrue,902,600.0,3.4951789379119873,3.346219539642334,0.14895939826965332,4.261853281784805
USR,attributed power,holdout_test_testsize0.2_rs42_shuffleTrue,903,6.0,0.028482764959335327,0.04544329643249512,0.01696053147315979,59.546646884086705
USR,attributed power,holdout_test_testsize0.2_rs42_shuffleTrue,904,4000.0,3.492452383041382,3.3983287811279297,0.09412360191345215,2.6950575581358436
USR,attributed power,holdout_test_testsize0.2_rs42_shuffleTrue,905,800.0,3.9622035026550293,3.343639850616455,0.6185636520385742,15.611607319616002
USR,attributed power,holdout_test_testsize0.2_rs42_shuffleTrue,906,4000.0,3.254201650619507,3.3983287811279297,0.14412713050842285,4.428955116564002
USR,attributed power,holdout_test_testsize0.2_rs42_shuffleTrue,907,1.0,0.012183232232928276,0.005835890769958496,0.00634734146296978,52.0989942702929
USR,attributed power,holdout_test_testsize0.2_rs42_shuffleTrue,908,10.0,0.09367012977600098,0.10254871845245361,0.008878588676452637,9.4785698468493
USR,attributed power,holdout_test_testsize0.2_rs42_shuffleTrue,909,20.0,0.17981159687042236,0.20741534233093262,0.027603745460510254,15.351482296440725
USR,attributed power,holdout_test_testsize0.2_rs42_shuffleTrue,910,600.0,3.4566988945007324,3.346219539642334,0.11047935485839844,3.1960942572741935
USR,attributed power,holdout_test_testsize0.2_rs42_shuffleTrue,911,600.0,3.4905123710632324,3.346219539642334,0.14429283142089844,4.133858187041632
USR,attributed power,holdout_test_testsize0.2_rs42_shuffleTrue,912,1.0,0.008050438016653061,0.005835890769958496,0.002214547246694565,27.508406898029314
USR,QoS score,holdout_test_testsize0.2_rs42_shuffleTrue,0,0.009999999776482582,0.7991599440574646,0.7836974859237671,0.01546245813369751,1.9348389829440278
USR,QoS score,holdout_test_testsize0.2_rs42_shuffleTrue,1,3000.0,0.4880213439464569,0.29342347383499146,0.19459787011146545,39.87486869689365
USR,QoS score,holdout_test_testsize0.2_rs42_shuffleTrue,2,600.0,0.5723873376846313,0.5749532580375671,0.002565920352935791,0.44828391265872797
USR,QoS score,holdout_test_testsize0.2_rs42_shuffleTrue,3,20.0,0.9396349787712097,0.9208495616912842,0.018785417079925537,1.9992249654745526
USR,QoS score,holdout_test_testsize0.2_rs42_shuffleTrue,4,2000.0,0.4454371929168701,0.3693827688694,0.07605442404747009,17.07410724942849
USR,QoS score,holdout_test_testsize0.2_rs42_shuffleTrue,5,800.0,0.5470100045204163,0.49604418873786926,0.050965815782547,9.31716337203569
USR,QoS score,holdout_test_testsize0.2_rs42_shuffleTrue,6,200.0,0.7995700240135193,0.9125451445579529,0.1129751205444336,14.129484241710816
USR,QoS score,holdout_test_testsize0.2_rs42_shuffleTrue,7,2.0,0.9195150136947632,0.8750752806663513,0.044439733028411865,4.8329534990239775
USR,QoS score,holdout_test_testsize0.2_rs42_shuffleTrue,8,80.0,0.9597600102424622,0.9312755465507507,0.028484463691711426,2.9678735712811637
USR,QoS score,holdout_test_testsize0.2_rs42_shuffleTrue,9,2.0,0.7994400262832642,0.8750752806663513,0.07563525438308716,9.461029207497731
USR,QoS score,holdout_test_testsize0.2_rs42_shuffleTrue,10,60.0,0.9396633505821228,0.9357021450996399,0.00396120548248291,0.42155581358248545
USR,QoS score,holdout_test_testsize0.2_rs42_shuffleTrue,11,600.0,0.5645623207092285,0.5749532580375671,0.010390937328338623,1.8405297249177135
USR,QoS score,holdout_test_testsize0.2_rs42_shuffleTrue,12,2.0,0.8998000025749207,0.8750752806663513,0.024724721908569336,2.7478019379657272
USR,QoS score,holdout_test_testsize0.2_rs42_shuffleTrue,13,3000.0,0.29102692008018494,0.29342347383499146,0.0023965537548065186,0.8234818119733426
USR,QoS score,holdout_test_testsize0.2_rs42_shuffleTrue,14,0.009999999776482582,0.7592299580574036,0.7836974859237671,0.024467527866363525,3.2226768196775493
USR,QoS score,holdout_test_testsize0.2_rs42_shuffleTrue,15,600.0,0.572965681552887,0.5749532580375671,0.0019875764846801758,0.346892763157005
USR,QoS score,holdout_test_testsize0.2_rs42_shuffleTrue,16,4000.0,0.4172913134098053,0.2507481276988983,0.16654318571090698,39.91053260851167
USR,QoS score,holdout_test_testsize0.2_rs42_shuffleTrue,17,80.0,0.9597049951553345,0.9312755465507507,0.02842944860458374,2.962311204807499
USR,QoS score,holdout_test_testsize0.2_rs42_shuffleTrue,18,400.0,0.919543981552124,0.9122192859649658,0.007324695587158203,0.7965573951987206
USR,QoS score,holdout_test_testsize0.2_rs42_shuffleTrue,19,1.0,0.8993949890136719,0.8510873913764954,0.048307597637176514,5.371121501372094
USR,QoS score,holdout_test_testsize0.2_rs42_shuffleTrue,20,800.0,0.6179779767990112,0.49604418873786926,0.12193378806114197,19.731089559652585
USR,QoS score,holdout_test_testsize0.2_rs42_shuffleTrue,21,80.0,0.959725022315979,0.9312755465507507,0.02844947576522827,2.96433614876216
USR,QoS score,holdout_test_testsize0.2_rs42_shuffleTrue,22,200.0,0.9396399855613708,0.9125451445579529,0.02709484100341797,2.8835342705462503
USR,QoS score,holdout_test_testsize0.2_rs42_shuffleTrue,23,0.10000000149011612,0.799340009689331,0.7836357355117798,0.01570427417755127,1.9646550888469654
USR,QoS score,holdout_test_testsize0.2_rs42_shuffleTrue,24,400.0,0.9396550059318542,0.9122192859649658,0.027435719966888428,2.919765211028751
USR,QoS score,holdout_test_testsize0.2_rs42_shuffleTrue,25,80.0,0.9597600102424622,0.9312755465507507,0.028484463691711426,2.9678735712811637
USR,QoS score,holdout_test_testsize0.2_rs42_shuffleTrue,26,2.0,0.9197250008583069,0.8750752806663513,0.044649720191955566,4.8546815787640325
USR,QoS score,holdout_test_testsize0.2_rs42_shuffleTrue,27,100.0,0.9396100044250488,0.9268013834953308,0.012808620929718018,1.3631848181050035
USR,QoS score,holdout_test_testsize0.2_rs42_shuffleTrue,28,60.0,0.9394633173942566,0.9357021450996399,0.0037611722946166992,0.40035328947689824
USR,QoS score,holdout_test_testsize0.2_rs42_shuffleTrue,29,0.009999999776482582,0.759149968624115,0.7836974859237671,0.0245475172996521,3.233553094145821
USR,QoS score,holdout_test_testsize0.2_rs42_shuffleTrue,30,0.009999999776482582,0.759244978427887,0.7836974859237671,0.024452507495880127,3.2206347345901642
USR,QoS score,holdout_test_testsize0.2_rs42_shuffleTrue,31,40.0,0.91975998878479,0.9332154393196106,0.013455450534820557,1.462930623085511
USR,QoS score,holdout_test_testsize0.2_rs42_shuffleTrue,32,1.0,0.8987450003623962,0.8510873913764954,0.04765760898590088,5.302684183687715
USR,QoS score,holdout_test_testsize0.2_rs42_shuffleTrue,33,600.0,0.19247999787330627,0.5749532580375671,0.38247326016426086,198.70805506555104
USR,QoS score,holdout_test_testsize0.2_rs42_shuffleTrue,34,0.009999999776482582,0.7992449402809143,0.7836974859237671,0.015547454357147217,1.9452677863287668
USR,QoS score,holdout_test_testsize0.2_rs42_shuffleTrue,35,4.0,0.9398049712181091,0.8956462144851685,0.044158756732940674,4.698714955264091
USR,QoS score,holdout_test_testsize0.2_rs42_shuffleTrue,36,60.0,0.9595983624458313,0.9357021450996399,0.023896217346191406,2.4902311510082775
USR,QoS score,holdout_test_testsize0.2_rs42_shuffleTrue,37,100.0,0.9598749876022339,0.9268013834953308,0.033073604106903076,3.4456157868558366
USR,QoS score,holdout_test_testsize0.2_rs42_shuffleTrue,38,3000.0,0.4935648739337921,0.29342347383499146,0.20014140009880066,40.55017094381965
USR,QoS score,holdout_test_testsize0.2_rs42_shuffleTrue,39,0.009999999776482582,0.7992499470710754,0.7836974859237671,0.01555246114730835,1.9458820365646274
USR,QoS score,holdout_test_testsize0.2_rs42_shuffleTrue,40,400.0,0.9394050240516663,0.9122192859649658,0.02718573808670044,2.893931519489644
USR,QoS score,holdout_test_testsize0.2_rs42_shuffleTrue,41,2.0,0.9198499917984009,0.8750752806663513,0.04477471113204956,4.867610102872363
USR,QoS score,holdout_test_testsize0.2_rs42_shuffleTrue,42,0.009999999776482582,0.7591549754142761,0.7836974859237671,0.024542510509490967,3.2328722466842756
USR,QoS score,holdout_test_testsize0.2_rs42_shuffleTrue,43,1.0,0.7990099787712097,0.8510873913764954,0.052077412605285645,6.517742454903383
USR,QoS score,holdout_test_testsize0.2_rs42_shuffleTrue,44,1000.0,0.5541269779205322,0.4629844129085541,0.09114256501197815,16.447956631530214
USR,QoS score,holdout_test_testsize0.2_rs42_shuffleTrue,45,4.0,0.8996350169181824,0.8956462144851685,0.003988802433013916,0.4433800772537824
USR,QoS score,holdout_test_testsize0.2_rs42_shuffleTrue,46,20.0,0.9399150013923645,0.9208495616912842,0.019065439701080322,2.028421684177537
USR,QoS score,holdout_test_testsize0.2_rs42_shuffleTrue,47,4.0,0.9196599721908569,0.8956462144851685,0.024013757705688477,2.611156126375902
USR,QoS score,holdout_test_testsize0.2_rs42_shuffleTrue,48,200.0,0.9599900245666504,0.9125451445579529,0.04744488000869751,4.94222635595767
USR,QoS score,holdout_test_testsize0.2_rs42_shuffleTrue,49,800.0,0.5145595073699951,0.49604418873786926,0.018515318632125854,3.598285206459585
USR,QoS score,holdout_test_testsize0.2_rs42_shuffleTrue,50,10.0,0.9398149847984314,0.9152559041976929,0.024559080600738525,2.61318248782827
USR,QoS score,holdout_test_testsize0.2_rs42_shuffleTrue,51,800.0,0.5174400210380554,0.49604418873786926,0.021395832300186157,4.134939593049489
USR,QoS score,holdout_test_testsize0.2_rs42_shuffleTrue,52,5000.0,0.18255464732646942,0.21123969554901123,0.02868504822254181,15.713129543748753
USR,QoS score,holdout_test_testsize0.2_rs42_shuffleTrue,53,0.10000000149011612,0.7994849681854248,0.7836357355117798,0.01584923267364502,1.982430352582827
USR,QoS score,holdout_test_testsize0.2_rs42_shuffleTrue,54,80.0,0.9597399830818176,0.9312755465507507,0.028464436531066895,2.96584877496349
USR,QoS score,holdout_test_testsize0.2_rs42_shuffleTrue,55,4000.0,0.2184094935655594,0.2507481276988983,0.03233863413333893,14.806423294796902
USR,QoS score,holdout_test_testsize0.2_rs42_shuffleTrue,56,0.009999999776482582,0.759179949760437,0.7836974859237671,0.024517536163330078,3.229476248821733
USR,QoS score,holdout_test_testsize0.2_rs42_shuffleTrue,57,5000.0,0.17439672350883484,0.21123969554901123,0.03684297204017639,21.12595426043652
USR,QoS score,holdout_test_testsize0.2_rs42_shuffleTrue,58,1000.0,0.5747321844100952,0.4629844129085541,0.11174777150154114,19.443451146944028
USR,QoS score,holdout_test_testsize0.2_rs42_shuffleTrue,59,60.0,0.9396633505821228,0.9357021450996399,0.00396120548248291,0.42155581358248545
USR,QoS score,holdout_test_testsize0.2_rs42_shuffleTrue,60,4.0,0.9195650219917297,0.8956462144851685,0.02391880750656128,2.601100186994324
USR,QoS score,holdout_test_testsize0.2_rs42_shuffleTrue,61,4.0,0.8996149897575378,0.8956462144851685,0.003968775272369385,0.44116375533482827
USR,QoS score,holdout_test_testsize0.2_rs42_shuffleTrue,62,10.0,0.9197499752044678,0.9152559041976929,0.004494071006774902,0.48861876900576534
USR,QoS score,holdout_test_testsize0.2_rs42_shuffleTrue,63,100.0,0.9596049785614014,0.9268013834953308,0.03280359506607056,3.4184477778813003
USR,QoS score,holdout_test_testsize0.2_rs42_shuffleTrue,64,2000.0,0.3771932125091553,0.3693827688694,0.007810443639755249,2.070674492735119
USR,QoS score,holdout_test_testsize0.2_rs42_shuffleTrue,65,1000.0,0.5746979713439941,0.4629844129085541,0.11171355843544006,19.43865543394658
USR,QoS score,holdout_test_testsize0.2_rs42_shuffleTrue,66,2.0,0.7996500134468079,0.8750752806663513,0.07542526721954346,9.43228486853026
USR,QoS score,holdout_test_testsize0.2_rs42_shuffleTrue,67,1.0,0.8392450213432312,0.8510873913764954,0.01184237003326416,1.411074207423974
USR,QoS score,holdout_test_testsize0.2_rs42_shuffleTrue,68,400.0,0.9195299744606018,0.9122192859649658,0.007310688495635986,0.7950462408715334
USR,QoS score,holdout_test_testsize0.2_rs42_shuffleTrue,69,8.0,0.8998849987983704,0.9106091260910034,0.010724127292633057,1.1917219763584392
USR,QoS score,holdout_test_testsize0.2_rs42_shuffleTrue,70,100.0,0.9598450064659119,0.9268013834953308,0.033043622970581055,3.4425998726862757
USR,QoS score,holdout_test_testsize0.2_rs42_shuffleTrue,71,400.0,0.9395449757575989,0.9122192859649658,0.027325689792633057,2.9083961383114287
USR,QoS score,holdout_test_testsize0.2_rs42_shuffleTrue,72,400.0,0.9378880262374878,0.9122192859649658,0.025668740272521973,2.736866188120228
USR,QoS score,holdout_test_testsize0.2_rs42_shuffleTrue,73,1.0,0.8398000001907349,0.8510873913764954,0.011287391185760498,1.344057059204205
USR,QoS score,holdout_test_testsize0.2_rs42_shuffleTrue,74,0.009999999776482582,0.799174964427948,0.7836974859237671,0.015477478504180908,1.9366821025555696
USR,QoS score,holdout_test_testsize0.2_rs42_shuffleTrue,75,80.0,0.9597600102424622,0.9312755465507507,0.028484463691711426,2.9678735712811637
USR,QoS score,holdout_test_testsize0.2_rs42_shuffleTrue,76,20.0,0.9397199749946594,0.9208495616912842,0.018870413303375244,2.0080889845384515
USR,QoS score,holdout_test_testsize0.2_rs42_shuffleTrue,77,6.0,0.9395883083343506,0.9046122431755066,0.034976065158843994,3.7224883333049985
USR,QoS score,holdout_test_testsize0.2_rs42_shuffleTrue,78,20.0,0.8995500206947327,0.9208495616912842,0.021299540996551514,2.367799511593767
USR,QoS score,holdout_test_testsize0.2_rs42_shuffleTrue,79,200.0,0.9595720171928406,0.9125451445579529,0.047026872634887695,4.900817426133522
USR,QoS score,holdout_test_testsize0.2_rs42_shuffleTrue,80,0.009999999776482582,0.7992449402809143,0.7836974859237671,0.015547454357147217,1.9452677863287668
USR,QoS score,holdout_test_testsize0.2_rs42_shuffleTrue,81,4000.0,0.2297828048467636,0.2507481276988983,0.020965322852134705,9.123973774328306
USR,QoS score,holdout_test_testsize0.2_rs42_shuffleTrue,82,800.0,0.5191094875335693,0.49604418873786926,0.023065298795700073,4.443243544880984
USR,QoS score,holdout_test_testsize0.2_rs42_shuffleTrue,83,4000.0,0.21939629316329956,0.2507481276988983,0.031351834535598755,14.290047513365767
USR,QoS score,holdout_test_testsize0.2_rs42_shuffleTrue,84,100.0,0.9596859812736511,0.9268013834953308,0.03288459777832031,3.4265997857629835
USR,QoS score,holdout_test_testsize0.2_rs42_shuffleTrue,85,600.0,0.3815250098705292,0.5749532580375671,0.19342824816703796,50.698707335772816
USR,QoS score,holdout_test_testsize0.2_rs42_shuffleTrue,86,20.0,0.4795849919319153,0.9208495616912842,0.4412645697593689,92.00967027383822
USR,QoS score,holdout_test_testsize0.2_rs42_shuffleTrue,87,40.0,0.9397349953651428,0.9332154393196106,0.0065195560455322266,0.693765378291461
USR,QoS score,holdout_test_testsize0.2_rs42_shuffleTrue,88,400.0,0.9164549708366394,0.9122192859649658,0.004235684871673584,0.4621814498760143
USR,QoS score,holdout_test_testsize0.2_rs42_shuffleTrue,89,2.0,0.9197250008583069,0.8750752806663513,0.044649720191955566,4.8546815787640325
USR,QoS score,holdout_test_testsize0.2_rs42_shuffleTrue,90,2000.0,0.43378621339797974,0.3693827688694,0.06440344452857971,14.846816828060966
USR,QoS score,holdout_test_testsize0.2_rs42_shuffleTrue,91,8.0,0.91975998878479,0.9106091260910034,0.009150862693786621,0.9949185445517119
USR,QoS score,holdout_test_testsize0.2_rs42_shuffleTrue,92,20.0,0.9396650195121765,0.9208495616912842,0.018815457820892334,2.002358013780305
USR,QoS score,holdout_test_testsize0.2_rs42_shuffleTrue,93,3000.0,0.28951120376586914,0.29342347383499146,0.0039122700691223145,1.3513363276559789
USR,QoS score,holdout_test_testsize0.2_rs42_shuffleTrue,94,60.0,0.9396700263023376,0.9357021450996399,0.003967881202697754,0.42226325110226437
USR,QoS score,holdout_test_testsize0.2_rs42_shuffleTrue,95,0.009999999776482582,0.7993849515914917,0.7836974859237671,0.01568746566772461,1.962441954466682
USR,QoS score,holdout_test_testsize0.2_rs42_shuffleTrue,96,100.0,0.9596959948539734,0.9268013834953308,0.03289461135864258,3.4276074439226765
USR,QoS score,holdout_test_testsize0.2_rs42_shuffleTrue,97,20.0,0.9395750164985657,0.9208495616912842,0.018725454807281494,1.9929707025484835
USR,QoS score,holdout_test_testsize0.2_rs42_shuffleTrue,98,2000.0,0.37638458609580994,0.3693827688694,0.007001817226409912,1.8602826696594787
USR,QoS score,holdout_test_testsize0.2_rs42_shuffleTrue,99,1.0,0.8996850252151489,0.8510873913764954,0.048597633838653564,5.401627511476255
USR,QoS score,holdout_test_testsize0.2_rs42_shuffleTrue,100,6.0,0.9196133613586426,0.9046122431755066,0.015001118183135986,1.6312418689712425
USR,QoS score,holdout_test_testsize0.2_rs42_shuffleTrue,101,0.009999999776482582,0.759244978427887,0.7836974859237671,0.024452507495880127,3.2206347345901642
USR,QoS score,holdout_test_testsize0.2_rs42_shuffleTrue,102,4.0,0.9196500182151794,0.8956462144851685,0.024003803730010986,2.6101020230061676
USR,QoS score,holdout_test_testsize0.2_rs42_shuffleTrue,103,800.0,0.6547750234603882,0.49604418873786926,0.15873083472251892,24.24204177545597
USR,QoS score,holdout_test_testsize0.2_rs42_shuffleTrue,104,6.0,0.9191683530807495,0.9046122431755066,0.01455610990524292,1.5836173924456423
USR,QoS score,holdout_test_testsize0.2_rs42_shuffleTrue,105,20.0,0.9197750091552734,0.9208495616912842,0.0010745525360107422,0.11682775954063127
USR,QoS score,holdout_test_testsize0.2_rs42_shuffleTrue,106,1000.0,0.40390661358833313,0.4629844129085541,0.05907779932022095,14.6265986573901
USR,QoS score,holdout_test_testsize0.2_rs42_shuffleTrue,107,2.0,0.9195050001144409,0.8750752806663513,0.0444297194480896,4.831917112202752
USR,QoS score,holdout_test_testsize0.2_rs42_shuffleTrue,108,60.0,0.9194633364677429,0.9357021450996399,0.016238808631896973,1.7661181243268278
USR,QoS score,holdout_test_testsize0.2_rs42_shuffleTrue,109,4.0,0.8996599912643433,0.8956462144851685,0.004013776779174805,0.4461437452091224
USR,QoS score,holdout_test_testsize0.2_rs42_shuffleTrue,110,80.0,0.93961501121521,0.9312755465507507,0.008339464664459229,0.8875405953416758
USR,QoS score,holdout_test_testsize0.2_rs42_shuffleTrue,111,4000.0,0.21034130454063416,0.2507481276988983,0.04040682315826416,19.21012292212835
USR,QoS score,holdout_test_testsize0.2_rs42_shuffleTrue,112,4.0,0.8996099829673767,0.8956462144851685,0.003963768482208252,0.4406096594363819
USR,QoS score,holdout_test_testsize0.2_rs42_shuffleTrue,113,4000.0,0.22947140038013458,0.2507481276988983,0.021276727318763733,9.272060606906754
USR,QoS score,holdout_test_testsize0.2_rs42_shuffleTrue,114,4.0,0.8998749852180481,0.8956462144851685,0.004228770732879639,0.4699286903563574
USR,QoS score,holdout_test_testsize0.2_rs42_shuffleTrue,115,2000.0,0.0,0.3693827688694,0.3693827688694,36938.27688694
USR,QoS score,holdout_test_testsize0.2_rs42_shuffleTrue,116,100.0,0.959900975227356,0.9268013834953308,0.033099591732025146,3.4482298264344813
USR,QoS score,holdout_test_testsize0.2_rs42_shuffleTrue,117,0.009999999776482582,0.7593799829483032,0.7836974859237671,0.024317502975463867,3.2022839054896903
USR,QoS score,holdout_test_testsize0.2_rs42_shuffleTrue,118,0.009999999776482582,0.7593849897384644,0.7836974859237671,0.024312496185302734,3.2016034704183536
USR,QoS score,holdout_test_testsize0.2_rs42_shuffleTrue,119,8.0,0.9197499752044678,0.9106091260910034,0.009140849113464355,0.9938406479904793
USR,QoS score,holdout_test_testsize0.2_rs42_shuffleTrue,120,80.0,0.9597749710083008,0.9312755465507507,0.02849942445755005,2.9693860872001805
USR,QoS score,holdout_test_testsize0.2_rs42_shuffleTrue,121,100.0,0.9399549961090088,0.9268013834953308,0.013153612613677979,1.3993874885636037
USR,QoS score,holdout_test_testsize0.2_rs42_shuffleTrue,122,20.0,0.9395750164985657,0.9208495616912842,0.018725454807281494,1.9929707025484835
USR,QoS score,holdout_test_testsize0.2_rs42_shuffleTrue,123,10.0,0.9197900295257568,0.9152559041976929,0.004534125328063965,0.49295221545310264
USR,QoS score,holdout_test_testsize0.2_rs42_shuffleTrue,124,100.0,0.9596819877624512,0.9268013834953308,0.03288060426712036,3.4261979162267293
USR,QoS score,holdout_test_testsize0.2_rs42_shuffleTrue,125,10.0,0.9597150087356567,0.9152559041976929,0.04445910453796387,4.6325319634768425
USR,QoS score,holdout_test_testsize0.2_rs42_shuffleTrue,126,60.0,0.9597033262252808,0.9357021450996399,0.02400118112564087,2.500895898740152
USR,QoS score,holdout_test_testsize0.2_rs42_shuffleTrue,127,200.0,0.919605016708374,0.9125451445579529,0.007059872150421143,0.7677070070464803
USR,QoS score,holdout_test_testsize0.2_rs42_shuffleTrue,128,8.0,0.9197750091552734,0.9106091260910034,0.00916588306427002,0.996535345387131
USR,QoS score,holdout_test_testsize0.2_rs42_shuffleTrue,129,0.10000000149011612,0.7954800128936768,0.7836357355117798,0.011844277381896973,1.488947200422001
USR,QoS score,holdout_test_testsize0.2_rs42_shuffleTrue,130,0.10000000149011612,0.7994800209999084,0.7836357355117798,0.015844285488128662,1.9818238194760938
USR,QoS score,holdout_test_testsize0.2_rs42_shuffleTrue,131,200.0,0.919605016708374,0.9125451445579529,0.007059872150421143,0.7677070070464803
USR,QoS score,holdout_test_testsize0.2_rs42_shuffleTrue,132,3000.0,0.43927839398384094,0.29342347383499146,0.1458549201488495,33.203299353305965
USR,QoS score,holdout_test_testsize0.2_rs42_shuffleTrue,133,1000.0,0.38724619150161743,0.4629844129085541,0.07573822140693665,19.558157851274906
USR,QoS score,holdout_test_testsize0.2_rs42_shuffleTrue,134,100.0,0.9399449825286865,0.9268013834953308,0.013143599033355713,1.3983370598985647
USR,QoS score,holdout_test_testsize0.2_rs42_shuffleTrue,135,2000.0,0.36930638551712036,0.3693827688694,7.638335227966309e-05,0.02068292216846115
USR,QoS score,holdout_test_testsize0.2_rs42_shuffleTrue,136,400.0,0.9595199823379517,0.9122192859649658,0.04730069637298584,4.92962077326766
USR,QoS score,holdout_test_testsize0.2_rs42_shuffleTrue,137,4000.0,0.3973087668418884,0.2507481276988983,0.1465606391429901,36.88834764658361
USR,QoS score,holdout_test_testsize0.2_rs42_shuffleTrue,138,3000.0,0.4930642545223236,0.29342347383499146,0.19964078068733215,40.48981017306607
USR,QoS score,holdout_test_testsize0.2_rs42_shuffleTrue,139,1000.0,0.3807772099971771,0.4629844129085541,0.08220720291137695,21.58931804558009
USR,QoS score,holdout_test_testsize0.2_rs42_shuffleTrue,140,1000.0,0.4045236110687256,0.4629844129085541,0.05846080183982849,14.451765049110183
USR,QoS score,holdout_test_testsize0.2_rs42_shuffleTrue,141,4.0,0.9397950172424316,0.8956462144851685,0.044148802757263184,4.697705557835966
USR,QoS score,holdout_test_testsize0.2_rs42_shuffleTrue,142,800.0,0.6876285076141357,0.49604418873786926,0.19158431887626648,27.861602123071727
USR,QoS score,holdout_test_testsize0.2_rs42_shuffleTrue,143,1.0,0.4997200071811676,0.8510873913764954,0.35136738419532776,70.31285102578325
USR,QoS score,holdout_test_testsize0.2_rs42_shuffleTrue,144,0.10000000149011612,0.7995049953460693,0.7836357355117798,0.01586925983428955,1.9848856388221152
USR,QoS score,holdout_test_testsize0.2_rs42_shuffleTrue,145,6.0,0.9392033219337463,0.9046122431755066,0.034591078758239746,3.6830234679131477
USR,QoS score,holdout_test_testsize0.2_rs42_shuffleTrue,146,800.0,0.654432475566864,0.49604418873786926,0.15838828682899475,24.202387983848162
USR,QoS score,holdout_test_testsize0.2_rs42_shuffleTrue,147,10.0,0.959755003452301,0.9152559041976929,0.044499099254608154,4.636506097341718
USR,QoS score,holdout_test_testsize0.2_rs42_shuffleTrue,148,1000.0,0.5757369995117188,0.4629844129085541,0.11275258660316467,19.584043877463127
USR,QoS score,holdout_test_testsize0.2_rs42_shuffleTrue,149,200.0,0.9397000074386597,0.9125451445579529,0.027154862880706787,2.889737433835166
USR,QoS score,holdout_test_testsize0.2_rs42_shuffleTrue,150,1000.0,0.4022060036659241,0.4629844129085541,0.060778409242630005,15.111263553667165
USR,QoS score,holdout_test_testsize0.2_rs42_shuffleTrue,151,200.0,0.879377007484436,0.9125451445579529,0.033168137073516846,3.7717767000070084
USR,QoS score,holdout_test_testsize0.2_rs42_shuffleTrue,152,4000.0,0.22543400526046753,0.2507481276988983,0.025314122438430786,11.229061209812924
USR,QoS score,holdout_test_testsize0.2_rs42_shuffleTrue,153,8.0,0.9199450016021729,0.9106091260910034,0.009335875511169434,1.0148297447032277
USR,QoS score,holdout_test_testsize0.2_rs42_shuffleTrue,154,0.10000000149011612,0.7994849681854248,0.7836357355117798,0.01584923267364502,1.982430352582827
USR,QoS score,holdout_test_testsize0.2_rs42_shuffleTrue,155,800.0,0.49450600147247314,0.49604418873786926,0.0015381872653961182,0.3110553281084379
USR,QoS score,holdout_test_testsize0.2_rs42_shuffleTrue,156,400.0,0.9592649936676025,0.9122192859649658,0.04704570770263672,4.904349477276834
USR,QoS score,holdout_test_testsize0.2_rs42_shuffleTrue,157,4000.0,0.21862399578094482,0.2507481276988983,0.03212413191795349,14.693781349665286
USR,QoS score,holdout_test_testsize0.2_rs42_shuffleTrue,158,200.0,0.8994050025939941,0.9125451445579529,0.01314014196395874,1.4609816407581637
USR,QoS score,holdout_test_testsize0.2_rs42_shuffleTrue,159,60.0,0.9394699931144714,0.9357021450996399,0.003767848014831543,0.40106102828687606
USR,QoS score,holdout_test_testsize0.2_rs42_shuffleTrue,160,1000.0,0.3398149907588959,0.4629844129085541,0.1231694221496582,36.24602371855009
USR,QoS score,holdout_test_testsize0.2_rs42_shuffleTrue,161,0.10000000149011612,0.8195499777793884,0.7836357355117798,0.03591424226760864,4.3821906218483555
USR,QoS score,holdout_test_testsize0.2_rs42_shuffleTrue,162,4.0,0.8996549844741821,0.8956462144851685,0.004008769989013672,0.44558970474183085
USR,QoS score,holdout_test_testsize0.2_rs42_shuffleTrue,163,8.0,0.9597700238227844,0.9106091260910034,0.049160897731781006,5.1221539026580665
USR,QoS score,holdout_test_testsize0.2_rs42_shuffleTrue,164,3000.0,0.2928881347179413,0.29342347383499146,0.0005353391170501709,0.18277938010896755
USR,QoS score,holdout_test_testsize0.2_rs42_shuffleTrue,165,400.0,0.9396399855613708,0.9122192859649658,0.02742069959640503,2.9182133601969937
USR,QoS score,holdout_test_testsize0.2_rs42_shuffleTrue,166,40.0,0.939740002155304,0.9332154393196106,0.006524562835693359,0.6942944666321752
USR,QoS score,holdout_test_testsize0.2_rs42_shuffleTrue,167,2.0,0.8997250199317932,0.8750752806663513,0.024649739265441895,2.7396969873429278
USR,QoS score,holdout_test_testsize0.2_rs42_shuffleTrue,168,600.0,0.5638936758041382,0.5749532580375671,0.011059582233428955,1.9612885740662875
USR,QoS score,holdout_test_testsize0.2_rs42_shuffleTrue,169,200.0,0.8795009851455688,0.9125451445579529,0.03304415941238403,3.757148652529911
USR,QoS score,holdout_test_testsize0.2_rs42_shuffleTrue,170,200.0,0.7995210289955139,0.9125451445579529,0.11302411556243896,14.13647814922866
USR,QoS score,holdout_test_testsize0.2_rs42_shuffleTrue,171,3000.0,0.2959078550338745,0.29342347383499146,0.0024843811988830566,0.8395793341135379
USR,QoS score,holdout_test_testsize0.2_rs42_shuffleTrue,172,2.0,0.9197199940681458,0.8750752806663513,0.044644713401794434,4.854163624770185
USR,QoS score,holdout_test_testsize0.2_rs42_shuffleTrue,173,800.0,0.5172190070152283,0.49604418873786926,0.02117481827735901,4.093975277427414
USR,QoS score,holdout_test_testsize0.2_rs42_shuffleTrue,174,3000.0,0.2831543982028961,0.29342347383499146,0.010269075632095337,3.626670006636084
USR,QoS score,holdout_test_testsize0.2_rs42_shuffleTrue,175,1.0,0.8792999982833862,0.8510873913764954,0.02821260690689087,3.208530303874553
USR,QoS score,holdout_test_testsize0.2_rs42_shuffleTrue,176,1.0,0.839294970035553,0.8510873913764954,0.011792421340942383,1.4050389626954216
USR,QoS score,holdout_test_testsize0.2_rs42_shuffleTrue,177,800.0,0.4903064966201782,0.49604418873786926,0.00573769211769104,1.1702255950599432
USR,QoS score,holdout_test_testsize0.2_rs42_shuffleTrue,178,8.0,0.8998900055885315,0.9106091260910034,0.010719120502471924,1.1911589678631422
USR,QoS score,holdout_test_testsize0.2_rs42_shuffleTrue,179,0.10000000149011612,0.7994250059127808,0.7836357355117798,0.015789270401000977,1.9750783731080368
USR,QoS score,holdout_test_testsize0.2_rs42_shuffleTrue,180,100.0,0.9396100044250488,0.9268013834953308,0.012808620929718018,1.3631848181050035
USR,QoS score,holdout_test_testsize0.2_rs42_shuffleTrue,181,5000.0,0.18271392583847046,0.21123969554901123,0.02852576971054077,15.612258113133192
USR,QoS score,holdout_test_testsize0.2_rs42_shuffleTrue,182,1000.0,0.5153350234031677,0.4629844129085541,0.05235061049461365,10.158558630248118
USR,QoS score,holdout_test_testsize0.2_rs42_shuffleTrue,183,100.0,0.9396160244941711,0.9268013834953308,0.012814640998840332,1.3638167788527138
USR,QoS score,holdout_test_testsize0.2_rs42_shuffleTrue,184,40.0,0.9397299885749817,0.9332154393196106,0.006514549255371094,0.6932362843128841
USR,QoS score,holdout_test_testsize0.2_rs42_shuffleTrue,185,600.0,0.3924799859523773,0.5749532580375671,0.18247327208518982,46.492376329052036
USR,QoS score,holdout_test_testsize0.2_rs42_shuffleTrue,186,5000.0,0.17642800509929657,0.21123969554901123,0.03481169044971466,19.731385859133912
USR,QoS score,holdout_test_testsize0.2_rs42_shuffleTrue,187,0.10000000149011612,0.7994999885559082,0.7836357355117798,0.015864253044128418,1.9842718287942849
USR,QoS score,holdout_test_testsize0.2_rs42_shuffleTrue,188,0.009999999776482582,0.7991649508476257,0.7836974859237671,0.015467464923858643,1.935453363846005
USR,QoS score,holdout_test_testsize0.2_rs42_shuffleTrue,189,6.0,0.9197700023651123,0.9046122431755066,0.015157759189605713,1.6479945150014452
USR,QoS score,holdout_test_testsize0.2_rs42_shuffleTrue,190,400.0,0.9396830201148987,0.9122192859649658,0.02746373414993286,2.92265940344168
USR,QoS score,holdout_test_testsize0.2_rs42_shuffleTrue,191,400.0,0.9385250210762024,0.9122192859649658,0.026305735111236572,2.8028805328036865
USR,QoS score,holdout_test_testsize0.2_rs42_shuffleTrue,192,10.0,0.9398450255393982,0.9152559041976929,0.024589121341705322,2.616295311835382
USR,QoS score,holdout_test_testsize0.2_rs42_shuffleTrue,193,4000.0,0.22767150402069092,0.2507481276988983,0.023076623678207397,10.135929736779962
USR,QoS score,holdout_test_testsize0.2_rs42_shuffleTrue,194,40.0,0.9596949815750122,0.9332154393196106,0.02647954225540161,2.7591623134200898
USR,QoS score,holdout_test_testsize0.2_rs42_shuffleTrue,195,0.009999999776482582,0.7991599440574646,0.7836974859237671,0.01546245813369751,1.9348389829440278
USR,QoS score,holdout_test_testsize0.2_rs42_shuffleTrue,196,1.0,0.8996899724006653,0.8510873913764954,0.04860258102416992,5.402147685883665
USR,QoS score,holdout_test_testsize0.2_rs42_shuffleTrue,197,2000.0,0.37499719858169556,0.3693827688694,0.005614429712295532,1.4971924413116362
USR,QoS score,holdout_test_testsize0.2_rs42_shuffleTrue,198,2.0,0.9394850134849548,0.8750752806663513,0.06440973281860352,6.855855271142651
USR,QoS score,holdout_test_testsize0.2_rs42_shuffleTrue,199,60.0,0.9597100019454956,0.9357021450996399,0.024007856845855713,2.501574100216492
USR,QoS score,holdout_test_testsize0.2_rs42_shuffleTrue,200,800.0,0.519759476184845,0.49604418873786926,0.023715287446975708,4.562742678796626
USR,QoS score,holdout_test_testsize0.2_rs42_shuffleTrue,201,80.0,0.9597300291061401,0.9312755465507507,0.028454482555389404,2.9648423715459797
USR,QoS score,holdout_test_testsize0.2_rs42_shuffleTrue,202,600.0,0.7943076491355896,0.5749532580375671,0.21935439109802246,27.615797397486514
USR,QoS score,holdout_test_testsize0.2_rs42_shuffleTrue,203,4000.0,0.42649921774864197,0.2507481276988983,0.17575109004974365,41.2078340911103
USR,QoS score,holdout_test_testsize0.2_rs42_shuffleTrue,204,200.0,0.8395059704780579,0.9125451445579529,0.07303917407989502,8.700256656698077
USR,QoS score,holdout_test_testsize0.2_rs42_shuffleTrue,205,4.0,0.9397299885749817,0.8956462144851685,0.04408377408981323,4.6911107047528
USR,QoS score,holdout_test_testsize0.2_rs42_shuffleTrue,206,3000.0,0.5013443827629089,0.29342347383499146,0.20792090892791748,41.47267149620094
USR,QoS score,holdout_test_testsize0.2_rs42_shuffleTrue,207,2.0,0.9197250008583069,0.8750752806663513,0.044649720191955566,4.8546815787640325
USR,QoS score,holdout_test_testsize0.2_rs42_shuffleTrue,208,5000.0,0.3817853331565857,0.21123969554901123,0.17054563760757446,44.670557718262785
USR,QoS score,holdout_test_testsize0.2_rs42_shuffleTrue,209,0.10000000149011612,0.799589991569519,0.7836357355117798,0.015954256057739258,1.995304621862834
USR,QoS score,holdout_test_testsize0.2_rs42_shuffleTrue,210,600.0,0.5673840045928955,0.5749532580375671,0.007569253444671631,1.3340618317399795
USR,QoS score,holdout_test_testsize0.2_rs42_shuffleTrue,211,40.0,0.939740002155304,0.9332154393196106,0.006524562835693359,0.6942944666321752
USR,QoS score,holdout_test_testsize0.2_rs42_shuffleTrue,212,600.0,0.5624449849128723,0.5749532580375671,0.012508273124694824,2.223910508622006
USR,QoS score,holdout_test_testsize0.2_rs42_shuffleTrue,213,0.10000000149011612,0.7954249978065491,0.7836357355117798,0.011789262294769287,1.48213374325413
USR,QoS score,holdout_test_testsize0.2_rs42_shuffleTrue,214,2.0,0.8194649815559387,0.8750752806663513,0.0556102991104126,6.786171509711608
USR,QoS score,holdout_test_testsize0.2_rs42_shuffleTrue,215,80.0,0.9597600102424622,0.9312755465507507,0.028484463691711426,2.9678735712811637
USR,QoS score,holdout_test_testsize0.2_rs42_shuffleTrue,216,4.0,0.9398000240325928,0.8956462144851685,0.044153809547424316,4.698213281370702
USR,QoS score,holdout_test_testsize0.2_rs42_shuffleTrue,217,4000.0,0.21549579501152039,0.2507481276988983,0.03525233268737793,16.35871024095544
USR,QoS score,holdout_test_testsize0.2_rs42_shuffleTrue,218,200.0,0.9599900245666504,0.9125451445579529,0.04744488000869751,4.94222635595767
USR,QoS score,holdout_test_testsize0.2_rs42_shuffleTrue,219,0.009999999776482582,0.7592349648475647,0.7836974859237671,0.024462521076202393,3.221996115670707
USR,QoS score,holdout_test_testsize0.2_rs42_shuffleTrue,220,2000.0,0.36859598755836487,0.3693827688694,0.0007867813110351562,0.21345357453479452
USR,QoS score,holdout_test_testsize0.2_rs42_shuffleTrue,221,10.0,0.879734992980957,0.9152559041976929,0.03552091121673584,4.03768310913429
USR,QoS score,holdout_test_testsize0.2_rs42_shuffleTrue,222,400.0,0.9388970136642456,0.9122192859649658,0.026677727699279785,2.841390196264899
USR,QoS score,holdout_test_testsize0.2_rs42_shuffleTrue,223,2.0,0.8596850037574768,0.8750752806663513,0.015390276908874512,1.790222795745803
USR,QoS score,holdout_test_testsize0.2_rs42_shuffleTrue,224,10.0,0.9196850061416626,0.9152559041976929,0.0044291019439697266,0.4815890130199094
USR,QoS score,holdout_test_testsize0.2_rs42_shuffleTrue,225,100.0,0.9599050283432007,0.9268013834953308,0.03310364484786987,3.448637507921682
USR,QoS score,holdout_test_testsize0.2_rs42_shuffleTrue,226,200.0,0.9194930195808411,0.9125451445579529,0.006947875022888184,0.7556202031914754
USR,QoS score,holdout_test_testsize0.2_rs42_shuffleTrue,227,3000.0,0.0,0.29342347383499146,0.29342347383499146,29342.347383499146
USR,QoS score,holdout_test_testsize0.2_rs42_shuffleTrue,228,40.0,0.9397450089454651,0.9332154393196106,0.006529569625854492,0.6948235493351168
USR,QoS score,holdout_test_testsize0.2_rs42_shuffleTrue,229,6.0,0.9396399855613708,0.9046122431755066,0.03502774238586426,3.7277832919102063
USR,QoS score,holdout_test_testsize0.2_rs42_shuffleTrue,230,400.0,0.8891408443450928,0.9122192859649658,0.023078441619873047,2.595588962834313
USR,QoS score,holdout_test_testsize0.2_rs42_shuffleTrue,231,60.0,0.9596499800682068,0.9357021450996399,0.023947834968566895,2.495476003330382
USR,QoS score,holdout_test_testsize0.2_rs42_shuffleTrue,232,10.0,0.9597100019454956,0.9152559041976929,0.044454097747802734,4.632034433077357
USR,QoS score,holdout_test_testsize0.2_rs42_shuffleTrue,233,800.0,0.5168700218200684,0.49604418873786926,0.020825833082199097,4.029220539598046
USR,QoS score,holdout_test_testsize0.2_rs42_shuffleTrue,234,1000.0,0.5647861957550049,0.4629844129085541,0.1018017828464508,18.02483552388571
USR,QoS score,holdout_test_testsize0.2_rs42_shuffleTrue,235,6.0,0.9593583345413208,0.9046122431755066,0.05474609136581421,5.706532105335686
USR,QoS score,holdout_test_testsize0.2_rs42_shuffleTrue,236,100.0,0.9596049785614014,0.9268013834953308,0.03280359506607056,3.4184477778813003
USR,QoS score,holdout_test_testsize0.2_rs42_shuffleTrue,237,0.009999999776482582,0.7592399716377258,0.7836974859237671,0.02445751428604126,3.2213154206416377
USR,QoS score,holdout_test_testsize0.2_rs42_shuffleTrue,238,80.0,0.93961501121521,0.9312755465507507,0.008339464664459229,0.8875405953416758
USR,QoS score,holdout_test_testsize0.2_rs42_shuffleTrue,239,800.0,0.4920324981212616,0.49604418873786926,0.004011690616607666,0.8153304165732125
USR,QoS score,holdout_test_testsize0.2_rs42_shuffleTrue,240,5000.0,0.37333422899246216,0.21123969554901123,0.16209453344345093,43.41807443718848
USR,QoS score,holdout_test_testsize0.2_rs42_shuffleTrue,241,1000.0,0.5241906046867371,0.4629844129085541,0.06120619177818298,11.676323694271586
USR,QoS score,holdout_test_testsize0.2_rs42_shuffleTrue,242,80.0,0.9597300291061401,0.9312755465507507,0.028454482555389404,2.9648423715459797
USR,QoS score,holdout_test_testsize0.2_rs42_shuffleTrue,243,800.0,0.6335300207138062,0.49604418873786926,0.1374858319759369,21.701549647328456
USR,QoS score,holdout_test_testsize0.2_rs42_shuffleTrue,244,3000.0,0.24131159484386444,0.29342347383499146,0.052111878991127014,21.59526525231616
USR,QoS score,holdout_test_testsize0.2_rs42_shuffleTrue,245,5000.0,0.3722829818725586,0.21123969554901123,0.16104328632354736,43.258299241483016
USR,QoS score,holdout_test_testsize0.2_rs42_shuffleTrue,246,2.0,0.8394700288772583,0.8750752806663513,0.03560525178909302,4.241396424445664
USR,QoS score,holdout_test_testsize0.2_rs42_shuffleTrue,247,2000.0,0.4203073978424072,0.3693827688694,0.0509246289730072,12.116043932232003
USR,QoS score,holdout_test_testsize0.2_rs42_shuffleTrue,248,20.0,0.9396399855613708,0.9208495616912842,0.01879042387008667,1.9997471541039913
USR,QoS score,holdout_test_testsize0.2_rs42_shuffleTrue,249,6.0,0.8995433449745178,0.9046122431755066,0.0050688982009887695,0.5634968263961044
USR,QoS score,holdout_test_testsize0.2_rs42_shuffleTrue,250,20.0,0.959879994392395,0.9208495616912842,0.03903043270111084,4.0661783690801
USR,QoS score,holdout_test_testsize0.2_rs42_shuffleTrue,251,10.0,0.9198650121688843,0.9152559041976929,0.004609107971191406,0.5010635158656506
USR,QoS score,holdout_test_testsize0.2_rs42_shuffleTrue,252,10.0,0.9398000240325928,0.9152559041976929,0.024544119834899902,2.6116321778311318
USR,QoS score,holdout_test_testsize0.2_rs42_shuffleTrue,253,8.0,0.9197450280189514,0.9106091260910034,0.009135901927947998,0.9933081070985417
USR,QoS score,holdout_test_testsize0.2_rs42_shuffleTrue,254,8.0,0.9197549819946289,0.9106091260910034,0.009145855903625488,0.9943795992049214
USR,QoS score,holdout_test_testsize0.2_rs42_shuffleTrue,255,1000.0,0.38692981004714966,0.4629844129085541,0.07605460286140442,19.655917142216754
USR,QoS score,holdout_test_testsize0.2_rs42_shuffleTrue,256,100.0,0.9596049785614014,0.9268013834953308,0.03280359506607056,3.4184477778813003
USR,QoS score,holdout_test_testsize0.2_rs42_shuffleTrue,257,0.10000000149011612,0.8195499777793884,0.7836357355117798,0.03591424226760864,4.3821906218483555
USR,QoS score,holdout_test_testsize0.2_rs42_shuffleTrue,258,3000.0,0.2914198637008667,0.29342347383499146,0.002003610134124756,0.6875338244552192
USR,QoS score,holdout_test_testsize0.2_rs42_shuffleTrue,259,100.0,0.9399369955062866,0.9268013834953308,0.01313561201095581,1.3974992019417705
USR,QoS score,holdout_test_testsize0.2_rs42_shuffleTrue,260,6.0,0.8796600103378296,0.9046122431755066,0.024952232837677002,2.8365769211327687
USR,QoS score,holdout_test_testsize0.2_rs42_shuffleTrue,261,100.0,0.9598649740219116,0.9268013834953308,0.03306359052658081,3.4446085044693007
USR,QoS score,holdout_test_testsize0.2_rs42_shuffleTrue,262,100.0,0.9596959948539734,0.9268013834953308,0.03289461135864258,3.4276074439226765
USR,QoS score,holdout_test_testsize0.2_rs42_shuffleTrue,263,100.0,0.9596869945526123,0.9268013834953308,0.032885611057281494,3.4267017521282694
USR,QoS score,holdout_test_testsize0.2_rs42_shuffleTrue,264,4000.0,0.22566579282283783,0.2507481276988983,0.025082334876060486,11.114814772016302
USR,QoS score,holdout_test_testsize0.2_rs42_shuffleTrue,265,6.0,0.9197850227355957,0.9046122431755066,0.015172779560089111,1.6496006333048028
USR,QoS score,holdout_test_testsize0.2_rs42_shuffleTrue,266,0.009999999776482582,0.7592149376869202,0.7836974859237671,0.024482548236846924,3.2247189855664917
USR,QoS score,holdout_test_testsize0.2_rs42_shuffleTrue,267,4.0,0.7997050285339355,0.8956462144851685,0.09594118595123291,11.99707173620225
USR,QoS score,holdout_test_testsize0.2_rs42_shuffleTrue,268,40.0,0.939740002155304,0.9332154393196106,0.006524562835693359,0.6942944666321752
USR,QoS score,holdout_test_testsize0.2_rs42_shuffleTrue,269,800.0,0.5208625197410583,0.49604418873786926,0.024818331003189087,4.764852540268644
USR,QoS score,holdout_test_testsize0.2_rs42_shuffleTrue,270,6.0,0.9395783543586731,0.9046122431755066,0.034966111183166504,3.7214683608833536
USR,QoS score,holdout_test_testsize0.2_rs42_shuffleTrue,271,1.0,0.7986199855804443,0.8510873913764954,0.052467405796051025,6.569758676639833
USR,QoS score,holdout_test_testsize0.2_rs42_shuffleTrue,272,400.0,0.9195380210876465,0.9122192859649658,0.007318735122680664,0.7959143564312795
USR,QoS score,holdout_test_testsize0.2_rs42_shuffleTrue,273,3000.0,0.2953006625175476,0.29342347383499146,0.0018771886825561523,0.6356872573709869
USR,QoS score,holdout_test_testsize0.2_rs42_shuffleTrue,274,60.0,0.9599499702453613,0.9357021450996399,0.024247825145721436,2.5259467573631715
USR,QoS score,holdout_test_testsize0.2_rs42_shuffleTrue,275,80.0,0.9597349762916565,0.9312755465507507,0.02845942974090576,2.9653425626802568
USR,QoS score,holdout_test_testsize0.2_rs42_shuffleTrue,276,200.0,0.8596749901771545,0.9125451445579529,0.05287015438079834,6.150016574275739
USR,QoS score,holdout_test_testsize0.2_rs42_shuffleTrue,277,4.0,0.9396950006484985,0.8956462144851685,0.04404878616333008,4.687562042251082
USR,QoS score,holdout_test_testsize0.2_rs42_shuffleTrue,278,400.0,0.9375550150871277,0.9122192859649658,0.025335729122161865,2.7023191934829978
USR,QoS score,holdout_test_testsize0.2_rs42_shuffleTrue,279,400.0,0.9594849944114685,0.9122192859649658,0.047265708446502686,4.9261540015531615
USR,QoS score,holdout_test_testsize0.2_rs42_shuffleTrue,280,600.0,0.7941250205039978,0.5749532580375671,0.21917176246643066,27.599150865103272
USR,QoS score,holdout_test_testsize0.2_rs42_shuffleTrue,281,20.0,0.9396799802780151,0.9208495616912842,0.018830418586730957,2.0039182468439694
USR,QoS score,holdout_test_testsize0.2_rs42_shuffleTrue,282,4.0,0.9397349953651428,0.8956462144851685,0.044088780879974365,4.691618498558017
USR,QoS score,holdout_test_testsize0.2_rs42_shuffleTrue,283,200.0,0.9398000240325928,0.9125451445579529,0.027254879474639893,2.9000722257583895
USR,QoS score,holdout_test_testsize0.2_rs42_shuffleTrue,284,600.0,0.5747173428535461,0.5749532580375671,0.0002359151840209961,0.04104890638059513
USR,QoS score,holdout_test_testsize0.2_rs42_shuffleTrue,285,600.0,0.563839316368103,0.5749532580375671,0.011113941669464111,1.971118605395081
USR,QoS score,holdout_test_testsize0.2_rs42_shuffleTrue,286,5000.0,0.1833115965127945,0.21123969554901123,0.027928099036216736,15.235314932335694
USR,QoS score,holdout_test_testsize0.2_rs42_shuffleTrue,287,4000.0,0.21920239925384521,0.2507481276988983,0.0315457284450531,14.3911419548478
USR,QoS score,holdout_test_testsize0.2_rs42_shuffleTrue,288,5000.0,0.3807220757007599,0.21123969554901123,0.16948238015174866,44.516037017238396
USR,QoS score,holdout_test_testsize0.2_rs42_shuffleTrue,289,600.0,0.5643656849861145,0.5749532580375671,0.010587573051452637,1.876012899634947
USR,QoS score,holdout_test_testsize0.2_rs42_shuffleTrue,290,2.0,0.8996000289916992,0.8750752806663513,0.0245247483253479,2.7261835854803196
USR,QoS score,holdout_test_testsize0.2_rs42_shuffleTrue,291,4000.0,0.2276293933391571,0.2507481276988983,0.02311873435974121,10.156304517885959
USR,QoS score,holdout_test_testsize0.2_rs42_shuffleTrue,292,60.0,0.9599249958992004,0.9357021450996399,0.024222850799560547,2.523410777200361
USR,QoS score,holdout_test_testsize0.2_rs42_shuffleTrue,293,4000.0,0.40828919410705566,0.2507481276988983,0.15754106640815735,38.5856566085972
USR,QoS score,holdout_test_testsize0.2_rs42_shuffleTrue,294,600.0,0.5657309889793396,0.5749532580375671,0.009222269058227539,1.6301509441556037
USR,QoS score,holdout_test_testsize0.2_rs42_shuffleTrue,295,60.0,0.9596133232116699,0.9357021450996399,0.02391117811203003,2.491751368353578
USR,QoS score,holdout_test_testsize0.2_rs42_shuffleTrue,296,600.0,0.5649966597557068,0.5749532580375671,0.009956598281860352,1.7622402026527706
USR,QoS score,holdout_test_testsize0.2_rs42_shuffleTrue,297,2.0,0.9200000166893005,0.8750752806663513,0.04492473602294922,4.883123392172835
USR,QoS score,holdout_test_testsize0.2_rs42_shuffleTrue,298,80.0,0.959659993648529,0.9312755465507507,0.02838444709777832,2.957760799203847
USR,QoS score,holdout_test_testsize0.2_rs42_shuffleTrue,299,5000.0,0.18161047995090485,0.21123969554901123,0.029629215598106384,16.314705850739514
USR,QoS score,holdout_test_testsize0.2_rs42_shuffleTrue,300,600.0,0.5630583167076111,0.5749532580375671,0.011894941329956055,2.1125593880771936
USR,QoS score,holdout_test_testsize0.2_rs42_shuffleTrue,301,0.10000000149011612,0.3995850086212158,0.7836357355117798,0.38405072689056396,96.1123962622488
USR,QoS score,holdout_test_testsize0.2_rs42_shuffleTrue,302,5000.0,0.17324183881282806,0.21123969554901123,0.037997856736183167,21.93341804530046
USR,QoS score,holdout_test_testsize0.2_rs42_shuffleTrue,303,6.0,0.8995833396911621,0.9046122431755066,0.005028903484344482,0.5590258581346078
USR,QoS score,holdout_test_testsize0.2_rs42_shuffleTrue,304,60.0,0.9597049951553345,0.9357021450996399,0.02400285005569458,2.501065449993783
USR,QoS score,holdout_test_testsize0.2_rs42_shuffleTrue,305,800.0,0.5061295032501221,0.49604418873786926,0.010085314512252808,1.9926351748889823
USR,QoS score,holdout_test_testsize0.2_rs42_shuffleTrue,306,80.0,0.9596049785614014,0.9312755465507507,0.028329432010650635,2.9521972732072426
USR,QoS score,holdout_test_testsize0.2_rs42_shuffleTrue,307,4000.0,0.22896920144557953,0.2507481276988983,0.021778926253318787,9.511727392076839
USR,QoS score,holdout_test_testsize0.2_rs42_shuffleTrue,308,8.0,0.9398300051689148,0.9106091260910034,0.029220879077911377,3.1091664361853963
USR,QoS score,holdout_test_testsize0.2_rs42_shuffleTrue,309,800.0,0.6560674905776978,0.49604418873786926,0.1600233018398285,24.391286588353978
USR,QoS score,holdout_test_testsize0.2_rs42_shuffleTrue,310,100.0,0.959755003452301,0.9268013834953308,0.032953619956970215,3.4335450024677034
USR,QoS score,holdout_test_testsize0.2_rs42_shuffleTrue,311,1.0,0.8998050093650818,0.8510873913764954,0.048717617988586426,5.414241694760339
USR,QoS score,holdout_test_testsize0.2_rs42_shuffleTrue,312,1.0,0.8992850184440613,0.8510873913764954,0.04819762706756592,5.359549651005777
USR,QoS score,holdout_test_testsize0.2_rs42_shuffleTrue,313,20.0,0.9397100210189819,0.9208495616912842,0.018860459327697754,2.007050995076786
USR,QoS score,holdout_test_testsize0.2_rs42_shuffleTrue,314,2.0,0.8997099995613098,0.8750752806663513,0.024634718894958496,2.738073257713058
USR,QoS score,holdout_test_testsize0.2_rs42_shuffleTrue,315,80.0,0.93961501121521,0.9312755465507507,0.008339464664459229,0.8875405953416758
USR,QoS score,holdout_test_testsize0.2_rs42_shuffleTrue,316,0.009999999776482582,0.7591749429702759,0.7836974859237671,0.02452254295349121,3.2301570514889013
USR,QoS score,holdout_test_testsize0.2_rs42_shuffleTrue,317,0.10000000149011612,0.7995499968528748,0.7836357355117798,0.01591426134109497,1.9904022767475986
USR,QoS score,holdout_test_testsize0.2_rs42_shuffleTrue,318,1000.0,0.5106775760650635,0.4629844129085541,0.0476931631565094,9.339192749366578
USR,QoS score,holdout_test_testsize0.2_rs42_shuffleTrue,319,400.0,0.9592099785804749,0.9122192859649658,0.04699069261550903,4.8988953060152785
USR,QoS score,holdout_test_testsize0.2_rs42_shuffleTrue,320,80.0,0.9597349762916565,0.9312755465507507,0.02845942974090576,2.9653425626802568
USR,QoS score,holdout_test_testsize0.2_rs42_shuffleTrue,321,60.0,0.9597033262252808,0.9357021450996399,0.02400118112564087,2.500895898740152
USR,QoS score,holdout_test_testsize0.2_rs42_shuffleTrue,322,1.0,0.8991349935531616,0.8510873913764954,0.04804760217666626,5.343758447971632
USR,QoS score,holdout_test_testsize0.2_rs42_shuffleTrue,323,4.0,0.919605016708374,0.8956462144851685,0.023958802223205566,2.6053361810664635
USR,QoS score,holdout_test_testsize0.2_rs42_shuffleTrue,324,80.0,0.9396650195121765,0.9312755465507507,0.008389472961425781,0.8928152891954139
USR,QoS score,holdout_test_testsize0.2_rs42_shuffleTrue,325,1.0,0.899649977684021,0.8510873913764954,0.048562586307525635,5.3979422566697375
USR,QoS score,holdout_test_testsize0.2_rs42_shuffleTrue,326,4.0,0.9199000000953674,0.8956462144851685,0.024253785610198975,2.6365676277513366
USR,QoS score,holdout_test_testsize0.2_rs42_shuffleTrue,327,200.0,0.9595100283622742,0.9125451445579529,0.04696488380432129,4.8946735746454495
USR,QoS score,holdout_test_testsize0.2_rs42_shuffleTrue,328,4000.0,0.2163446992635727,0.2507481276988983,0.03440342843532562,15.90213605992349
USR,QoS score,holdout_test_testsize0.2_rs42_shuffleTrue,329,1000.0,0.3808479905128479,0.4629844129085541,0.08213642239570618,21.56672069743671
USR,QoS score,holdout_test_testsize0.2_rs42_shuffleTrue,330,0.10000000149011612,0.7995299696922302,0.7836357355117798,0.01589423418045044,1.987947266888412
USR,QoS score,holdout_test_testsize0.2_rs42_shuffleTrue,331,100.0,0.9396100044250488,0.9268013834953308,0.012808620929718018,1.3631848181050035
USR,QoS score,holdout_test_testsize0.2_rs42_shuffleTrue,332,2.0,0.8998000025749207,0.8750752806663513,0.024724721908569336,2.7478019379657272
USR,QoS score,holdout_test_testsize0.2_rs42_shuffleTrue,333,200.0,0.9596499800682068,0.9125451445579529,0.047104835510253906,4.908543374002462
USR,QoS score,holdout_test_testsize0.2_rs42_shuffleTrue,334,200.0,0.7995690107345581,0.9125451445579529,0.11297613382339478,14.129628875887079
USR,QoS score,holdout_test_testsize0.2_rs42_shuffleTrue,335,600.0,0.5646353363990784,0.5749532580375671,0.01031792163848877,1.8273602400251072
USR,QoS score,holdout_test_testsize0.2_rs42_shuffleTrue,336,10.0,0.9398900270462036,0.9152559041976929,0.024634122848510742,2.6209579993021634
USR,QoS score,holdout_test_testsize0.2_rs42_shuffleTrue,337,40.0,0.939644992351532,0.9332154393196106,0.006429553031921387,0.6842534238203035
USR,QoS score,holdout_test_testsize0.2_rs42_shuffleTrue,338,20.0,0.9395750164985657,0.9208495616912842,0.018725454807281494,1.9929707025484835
USR,QoS score,holdout_test_testsize0.2_rs42_shuffleTrue,339,0.009999999776482582,0.7593899369239807,0.7836974859237671,0.024307548999786377,3.2009311445774005
USR,QoS score,holdout_test_testsize0.2_rs42_shuffleTrue,340,6.0,0.8994483351707458,0.9046122431755066,0.005163908004760742,0.5741194688831635
USR,QoS score,holdout_test_testsize0.2_rs42_shuffleTrue,341,1000.0,0.4136764109134674,0.4629844129085541,0.04930800199508667,11.919461853337557
USR,QoS score,holdout_test_testsize0.2_rs42_shuffleTrue,342,100.0,0.959775984287262,0.9268013834953308,0.03297460079193115,3.4356559584493436
USR,QoS score,holdout_test_testsize0.2_rs42_shuffleTrue,343,6.0,0.9592783451080322,0.9046122431755066,0.054666101932525635,5.698669443681567
USR,QoS score,holdout_test_testsize0.2_rs42_shuffleTrue,344,0.009999999776482582,0.7592349648475647,0.7836974859237671,0.024462521076202393,3.221996115670707
USR,QoS score,holdout_test_testsize0.2_rs42_shuffleTrue,345,200.0,0.919605016708374,0.9125451445579529,0.007059872150421143,0.7677070070464803
USR,QoS score,holdout_test_testsize0.2_rs42_shuffleTrue,346,5000.0,0.3817856013774872,0.21123969554901123,0.17054590582847595,44.67059658958961
USR,QoS score,holdout_test_testsize0.2_rs42_shuffleTrue,347,8.0,0.5397800207138062,0.9106091260910034,0.37082910537719727,68.70004282240978
USR,QoS score,holdout_test_testsize0.2_rs42_shuffleTrue,348,40.0,0.939674973487854,0.9332154393196106,0.006459534168243408,0.6874221779331982
USR,QoS score,holdout_test_testsize0.2_rs42_shuffleTrue,349,400.0,0.9395599961280823,0.9122192859649658,0.027340710163116455,2.9099483030128206
USR,QoS score,holdout_test_testsize0.2_rs42_shuffleTrue,350,400.0,0.9378610253334045,0.9122192859649658,0.02564173936843872,2.7340659944071373
USR,QoS score,holdout_test_testsize0.2_rs42_shuffleTrue,351,200.0,0.9397850036621094,0.9125451445579529,0.027239859104156494,2.8985202996440154
USR,QoS score,holdout_test_testsize0.2_rs42_shuffleTrue,352,400.0,0.9590349793434143,0.9122192859649658,0.046815693378448486,4.881541798454524
USR,QoS score,holdout_test_testsize0.2_rs42_shuffleTrue,353,60.0,0.9396700263023376,0.9357021450996399,0.003967881202697754,0.42226325110226437
USR,QoS score,holdout_test_testsize0.2_rs42_shuffleTrue,354,100.0,0.9396100044250488,0.9268013834953308,0.012808620929718018,1.3631848181050035
USR,QoS score,holdout_test_testsize0.2_rs42_shuffleTrue,355,20.0,0.8995699882507324,0.9208495616912842,0.021279573440551758,2.365527276196837
USR,QoS score,holdout_test_testsize0.2_rs42_shuffleTrue,356,1000.0,0.4044936001300812,0.4629844129085541,0.0584908127784729,14.460256666523977
USR,QoS score,holdout_test_testsize0.2_rs42_shuffleTrue,357,2000.0,0.37410038709640503,0.3693827688694,0.004717618227005005,1.261056761694631
USR,QoS score,holdout_test_testsize0.2_rs42_shuffleTrue,358,2000.0,0.4185693860054016,0.3693827688694,0.04918661713600159,11.751126284082046
USR,QoS score,holdout_test_testsize0.2_rs42_shuffleTrue,359,1.0,0.8796650171279907,0.8510873913764954,0.02857762575149536,3.2486941273165733
USR,QoS score,holdout_test_testsize0.2_rs42_shuffleTrue,360,600.0,0.5851773619651794,0.5749532580375671,0.010224103927612305,1.7471803579819076
USR,QoS score,holdout_test_testsize0.2_rs42_shuffleTrue,361,0.10000000149011612,0.7954000234603882,0.7836357355117798,0.011764287948608398,1.4790404326904416
USR,QoS score,holdout_test_testsize0.2_rs42_shuffleTrue,362,1000.0,0.4294435977935791,0.4629844129085541,0.033540815114974976,7.810295761143715
USR,QoS score,holdout_test_testsize0.2_rs42_shuffleTrue,363,1000.0,0.3885520100593567,0.4629844129085541,0.07443240284919739,19.156355113907868
USR,QoS score,holdout_test_testsize0.2_rs42_shuffleTrue,364,0.10000000149011612,0.799560010433197,0.7836357355117798,0.015924274921417236,1.9916297355578796
USR,QoS score,holdout_test_testsize0.2_rs42_shuffleTrue,365,2.0,0.8998050093650818,0.8750752806663513,0.02472972869873047,2.7483430789277556
USR,QoS score,holdout_test_testsize0.2_rs42_shuffleTrue,366,600.0,0.563511312007904,0.5749532580375671,0.011441946029663086,2.0304731752221854
USR,QoS score,holdout_test_testsize0.2_rs42_shuffleTrue,367,600.0,0.5751356482505798,0.5749532580375671,0.0001823902130126953,0.031712555736630337
USR,QoS score,holdout_test_testsize0.2_rs42_shuffleTrue,368,400.0,0.959073007106781,0.9122192859649658,0.046853721141815186,4.8853132967591275
USR,QoS score,holdout_test_testsize0.2_rs42_shuffleTrue,369,4.0,0.9397500157356262,0.8956462144851685,0.044103801250457764,4.693141847508646
USR,QoS score,holdout_test_testsize0.2_rs42_shuffleTrue,370,2.0,0.7996500134468079,0.8750752806663513,0.07542526721954346,9.43228486853026
USR,QoS score,holdout_test_testsize0.2_rs42_shuffleTrue,371,800.0,0.5186434984207153,0.49604418873786926,0.02259930968284607,4.357388023114457
USR,QoS score,holdout_test_testsize0.2_rs42_shuffleTrue,372,20.0,0.93989497423172,0.9208495616912842,0.01904541254043579,2.0263341184480437
USR,QoS score,holdout_test_testsize0.2_rs42_shuffleTrue,373,4.0,0.7995949983596802,0.8956462144851685,0.09605121612548828,12.012483360017438
USR,QoS score,holdout_test_testsize0.2_rs42_shuffleTrue,374,800.0,0.5159754753112793,0.49604418873786926,0.019931286573410034,3.8628360313803336
USR,QoS score,holdout_test_testsize0.2_rs42_shuffleTrue,375,20.0,0.93989497423172,0.9208495616912842,0.01904541254043579,2.0263341184480437
USR,QoS score,holdout_test_testsize0.2_rs42_shuffleTrue,376,800.0,0.5086399912834167,0.49604418873786926,0.012595802545547485,2.476368897727714
USR,QoS score,holdout_test_testsize0.2_rs42_shuffleTrue,377,400.0,0.9395740032196045,0.9122192859649658,0.027354717254638672,2.911395713472621
USR,QoS score,holdout_test_testsize0.2_rs42_shuffleTrue,378,600.0,0.3815250098705292,0.5749532580375671,0.19342824816703796,50.698707335772816
USR,QoS score,holdout_test_testsize0.2_rs42_shuffleTrue,379,600.0,0.5630996823310852,0.5749532580375671,0.011853575706481934,2.1050581412888096
USR,QoS score,holdout_test_testsize0.2_rs42_shuffleTrue,380,0.10000000149011612,0.7955700159072876,0.7836357355117798,0.011934280395507812,1.5000917778302223
USR,QoS score,holdout_test_testsize0.2_rs42_shuffleTrue,381,1000.0,0.5753207802772522,0.4629844129085541,0.11233636736869812,19.52586647653544
USR,QoS score,holdout_test_testsize0.2_rs42_shuffleTrue,382,1.0,0.8392099738121033,0.8510873913764954,0.01187741756439209,1.4153093903828424
USR,QoS score,holdout_test_testsize0.2_rs42_shuffleTrue,383,0.009999999776482582,0.7592249512672424,0.7836974859237671,0.024472534656524658,3.2233575326623423
USR,QoS score,holdout_test_testsize0.2_rs42_shuffleTrue,384,800.0,0.5293955206871033,0.49604418873786926,0.03335133194923401,6.2998893352832415
USR,QoS score,holdout_test_testsize0.2_rs42_shuffleTrue,385,2000.0,0.3687571883201599,0.3693827688694,0.0006255805492401123,0.16964565547586694
USR,QoS score,holdout_test_testsize0.2_rs42_shuffleTrue,386,4.0,0.9195849895477295,0.8956462144851685,0.023938775062561035,2.6032150736099564
USR,QoS score,holdout_test_testsize0.2_rs42_shuffleTrue,387,0.009999999776482582,0.7591449618339539,0.7836974859237671,0.024552524089813232,3.2342339505881554
USR,QoS score,holdout_test_testsize0.2_rs42_shuffleTrue,388,1000.0,0.550338625907898,0.4629844129085541,0.08735421299934387,15.872811554020025
USR,QoS score,holdout_test_testsize0.2_rs42_shuffleTrue,389,2.0,0.919700026512146,0.8750752806663513,0.04462474584579468,4.852097918821289
USR,QoS score,holdout_test_testsize0.2_rs42_shuffleTrue,390,4000.0,0.17661190032958984,0.2507481276988983,0.07413622736930847,41.976915049867436
USR,QoS score,holdout_test_testsize0.2_rs42_shuffleTrue,391,1.0,0.8990100026130676,0.8510873913764954,0.047922611236572266,5.330598224411311
USR,QoS score,holdout_test_testsize0.2_rs42_shuffleTrue,392,80.0,0.959725022315979,0.9312755465507507,0.02844947576522827,2.96433614876216
USR,QoS score,holdout_test_testsize0.2_rs42_shuffleTrue,393,4000.0,0.2196802943944931,0.2507481276988983,0.031067833304405212,14.142294096080752
USR,QoS score,holdout_test_testsize0.2_rs42_shuffleTrue,394,4000.0,0.21718959510326385,0.2507481276988983,0.03355853259563446,15.451261640631952
USR,QoS score,holdout_test_testsize0.2_rs42_shuffleTrue,395,3000.0,0.2879256010055542,0.29342347383499146,0.005497872829437256,1.909476896196945
USR,QoS score,holdout_test_testsize0.2_rs42_shuffleTrue,396,600.0,0.5658383369445801,0.5749532580375671,0.00911492109298706,1.6108701899213669
USR,QoS score,holdout_test_testsize0.2_rs42_shuffleTrue,397,800.0,0.5146765112876892,0.49604418873786926,0.018632322549819946,3.6202006777428046
USR,QoS score,holdout_test_testsize0.2_rs42_shuffleTrue,398,800.0,0.48203301429748535,0.49604418873786926,0.014011174440383911,2.9066835724527684
USR,QoS score,holdout_test_testsize0.2_rs42_shuffleTrue,399,8.0,0.9597949981689453,0.9106091260910034,0.049185872077941895,5.124622671693073
USR,QoS score,holdout_test_testsize0.2_rs42_shuffleTrue,400,80.0,0.959725022315979,0.9312755465507507,0.02844947576522827,2.96433614876216
USR,QoS score,holdout_test_testsize0.2_rs42_shuffleTrue,401,40.0,0.9197549819946289,0.9332154393196106,0.01346045732498169,1.4634829480119407
USR,QoS score,holdout_test_testsize0.2_rs42_shuffleTrue,402,4000.0,0.0,0.2507481276988983,0.2507481276988983,25074.81276988983
USR,QoS score,holdout_test_testsize0.2_rs42_shuffleTrue,403,5000.0,0.3820827305316925,0.21123969554901123,0.17084303498268127,44.71362386490023
USR,QoS score,holdout_test_testsize0.2_rs42_shuffleTrue,404,40.0,0.5397449731826782,0.9332154393196106,0.3934704661369324,72.89932944012082
USR,QoS score,holdout_test_testsize0.2_rs42_shuffleTrue,405,40.0,0.9396799802780151,0.9332154393196106,0.006464540958404541,0.6879513338670823
USR,QoS score,holdout_test_testsize0.2_rs42_shuffleTrue,406,1.0,0.8997200131416321,0.8510873913764954,0.04863262176513672,5.405306212465129
USR,QoS score,holdout_test_testsize0.2_rs42_shuffleTrue,407,4.0,0.9397900104522705,0.8956462144851685,0.04414379596710205,4.6971978288913725
USR,QoS score,holdout_test_testsize0.2_rs42_shuffleTrue,408,2000.0,0.374578595161438,0.3693827688694,0.005195826292037964,1.3871124402606714
USR,QoS score,holdout_test_testsize0.2_rs42_shuffleTrue,409,0.009999999776482582,0.7993999719619751,0.7836974859237671,0.015702486038208008,1.964284036646792
USR,QoS score,holdout_test_testsize0.2_rs42_shuffleTrue,410,10.0,0.9398000240325928,0.9152559041976929,0.024544119834899902,2.6116321778311318
USR,QoS score,holdout_test_testsize0.2_rs42_shuffleTrue,411,2.0,0.4596500098705292,0.8750752806663513,0.41542527079582214,90.37860586859033
USR,QoS score,holdout_test_testsize0.2_rs42_shuffleTrue,412,0.10000000149011612,0.7995799779891968,0.7836357355117798,0.015944242477416992,1.9940772551001043
USR,QoS score,holdout_test_testsize0.2_rs42_shuffleTrue,413,80.0,0.9577199816703796,0.9312755465507507,0.026444435119628906,2.761186529021417
USR,QoS score,holdout_test_testsize0.2_rs42_shuffleTrue,414,1000.0,0.39521339535713196,0.4629844129085541,0.06777101755142212,17.147955597552883
USR,QoS score,holdout_test_testsize0.2_rs42_shuffleTrue,415,40.0,0.9397299885749817,0.9332154393196106,0.006514549255371094,0.6932362843128841
USR,QoS score,holdout_test_testsize0.2_rs42_shuffleTrue,416,3000.0,0.30421319603919983,0.29342347383499146,0.010789722204208374,3.546763370126143
USR,QoS score,holdout_test_testsize0.2_rs42_shuffleTrue,417,40.0,0.9397500157356262,0.9332154393196106,0.006534576416015625,0.6953526264003761
USR,QoS score,holdout_test_testsize0.2_rs42_shuffleTrue,418,40.0,0.9397299885749817,0.9332154393196106,0.006514549255371094,0.6932362843128841
USR,QoS score,holdout_test_testsize0.2_rs42_shuffleTrue,419,0.10000000149011612,0.7954850196838379,0.7836357355117798,0.011849284172058105,1.4895672299105711
USR,QoS score,holdout_test_testsize0.2_rs42_shuffleTrue,420,5000.0,0.1754675954580307,0.21123969554901123,0.03577210009098053,20.386727245907178
USR,QoS score,holdout_test_testsize0.2_rs42_shuffleTrue,421,800.0,0.5185015201568604,0.49604418873786926,0.02245733141899109,4.331198761422562
USR,QoS score,holdout_test_testsize0.2_rs42_shuffleTrue,422,80.0,0.9597200155258179,0.9312755465507507,0.02844446897506714,2.963829920696485
USR,QoS score,holdout_test_testsize0.2_rs42_shuffleTrue,423,1.0,0.8998000025749207,0.8510873913764954,0.04871261119842529,5.41371538775577
USR,QoS score,holdout_test_testsize0.2_rs42_shuffleTrue,424,80.0,0.9597600102424622,0.9312755465507507,0.028484463691711426,2.9678735712811637
USR,QoS score,holdout_test_testsize0.2_rs42_shuffleTrue,425,20.0,0.8995450139045715,0.9208495616912842,0.021304547786712646,2.3683692819593287
USR,QoS score,holdout_test_testsize0.2_rs42_shuffleTrue,426,60.0,0.9396683573722839,0.9357021450996399,0.003966212272644043,0.4220863926646711
USR,QoS score,holdout_test_testsize0.2_rs42_shuffleTrue,427,600.0,0.563772976398468,0.5749532580375671,0.011180281639099121,1.9831176922529596
USR,QoS score,holdout_test_testsize0.2_rs42_shuffleTrue,428,0.009999999776482582,0.759369969367981,0.7836974859237671,0.024327516555786133,3.2036448025504325
USR,QoS score,holdout_test_testsize0.2_rs42_shuffleTrue,429,2000.0,0.3768880069255829,0.3693827688694,0.007505238056182861,1.9913708895663487
USR,QoS score,holdout_test_testsize0.2_rs42_shuffleTrue,430,2000.0,0.3758437931537628,0.3693827688694,0.006461024284362793,1.7190717000132818
USR,QoS score,holdout_test_testsize0.2_rs42_shuffleTrue,431,80.0,0.959725022315979,0.9312755465507507,0.02844947576522827,2.96433614876216
USR,QoS score,holdout_test_testsize0.2_rs42_shuffleTrue,432,400.0,0.8996800184249878,0.9122192859649658,0.012539267539978027,1.39374747501114
USR,QoS score,holdout_test_testsize0.2_rs42_shuffleTrue,433,40.0,0.9396700263023376,0.9332154393196106,0.006454586982727051,0.6868993159360705
USR,QoS score,holdout_test_testsize0.2_rs42_shuffleTrue,434,20.0,0.8995500206947327,0.9208495616912842,0.021299540996551514,2.367799511593767
USR,QoS score,holdout_test_testsize0.2_rs42_shuffleTrue,435,3000.0,0.24242079257965088,0.29342347383499146,0.051002681255340576,21.038905414263468
USR,QoS score,holdout_test_testsize0.2_rs42_shuffleTrue,436,2.0,0.9198399782180786,0.8750752806663513,0.044764697551727295,4.866574470751513
USR,QoS score,holdout_test_testsize0.2_rs42_shuffleTrue,437,8.0,0.9198399782180786,0.9106091260910034,0.009230852127075195,1.0035280424490003
USR,QoS score,holdout_test_testsize0.2_rs42_shuffleTrue,438,6.0,0.9593733549118042,0.9046122431755066,0.05476111173629761,5.70800840527115
USR,QoS score,holdout_test_testsize0.2_rs42_shuffleTrue,439,4.0,0.7997000217437744,0.8956462144851685,0.09594619274139404,11.997772931427455
USR,QoS score,holdout_test_testsize0.2_rs42_shuffleTrue,440,4.0,0.8998299837112427,0.8956462144851685,0.004183769226074219,0.46495107984941286
USR,QoS score,holdout_test_testsize0.2_rs42_shuffleTrue,441,1000.0,0.5114790201187134,0.4629844129085541,0.0484946072101593,9.481250511292485
USR,QoS score,holdout_test_testsize0.2_rs42_shuffleTrue,442,200.0,0.9396430253982544,0.9125451445579529,0.027097880840301514,2.8838484517901315
USR,QoS score,holdout_test_testsize0.2_rs42_shuffleTrue,443,2.0,0.9200000166893005,0.8750752806663513,0.04492473602294922,4.883123392172835
USR,QoS score,holdout_test_testsize0.2_rs42_shuffleTrue,444,3000.0,0.269733190536499,0.29342347383499146,0.02369028329849243,8.78285807222036
USR,QoS score,holdout_test_testsize0.2_rs42_shuffleTrue,445,4.0,0.8995199799537659,0.8956462144851685,0.003873765468597412,0.43064807396457366
USR,QoS score,holdout_test_testsize0.2_rs42_shuffleTrue,446,600.0,0.562122642993927,0.5749532580375671,0.012830615043640137,2.2825294806312852
USR,QoS score,holdout_test_testsize0.2_rs42_shuffleTrue,447,1.0,0.899649977684021,0.8510873913764954,0.048562586307525635,5.3979422566697375
USR,QoS score,holdout_test_testsize0.2_rs42_shuffleTrue,448,200.0,0.9396129846572876,0.9125451445579529,0.027067840099334717,2.8807435126290195
USR,QoS score,holdout_test_testsize0.2_rs42_shuffleTrue,449,4000.0,0.4264054000377655,0.2507481276988983,0.1756572723388672,41.194898639489494
USR,QoS score,holdout_test_testsize0.2_rs42_shuffleTrue,450,200.0,0.9599930047988892,0.9125451445579529,0.04744786024093628,4.94252145627626
USR,QoS score,holdout_test_testsize0.2_rs42_shuffleTrue,451,40.0,0.9597449898719788,0.9332154393196106,0.026529550552368164,2.764229126729483
USR,QoS score,holdout_test_testsize0.2_rs42_shuffleTrue,452,2000.0,0.3777764141559601,0.3693827688694,0.008393645286560059,2.2218553017168645
USR,QoS score,holdout_test_testsize0.2_rs42_shuffleTrue,453,20.0,0.8995699882507324,0.9208495616912842,0.021279573440551758,2.365527276196837
USR,QoS score,holdout_test_testsize0.2_rs42_shuffleTrue,454,4.0,0.8997399806976318,0.8956462144851685,0.004093766212463379,0.4549943650708056
USR,QoS score,holdout_test_testsize0.2_rs42_shuffleTrue,455,4.0,0.8799200057983398,0.8956462144851685,0.015726208686828613,1.787231632784668
USR,QoS score,holdout_test_testsize0.2_rs42_shuffleTrue,456,0.10000000149011612,0.7994099855422974,0.7836357355117798,0.015774250030517578,1.9732365514319623
USR,QoS score,holdout_test_testsize0.2_rs42_shuffleTrue,457,80.0,0.9596800208091736,0.9312755465507507,0.02840447425842285,2.959785933073093
USR,QoS score,holdout_test_testsize0.2_rs42_shuffleTrue,458,60.0,0.9597600102424622,0.9357021450996399,0.024057865142822266,2.5066542558638774
USR,QoS score,holdout_test_testsize0.2_rs42_shuffleTrue,459,100.0,0.9196599721908569,0.9268013834953308,0.007141411304473877,0.7765273601569582
USR,QoS score,holdout_test_testsize0.2_rs42_shuffleTrue,460,100.0,0.9596099853515625,0.9268013834953308,0.03280860185623169,3.4189516946524825
USR,QoS score,holdout_test_testsize0.2_rs42_shuffleTrue,461,4.0,0.9197350144386292,0.8956462144851685,0.024088799953460693,2.6191021952299565
USR,QoS score,holdout_test_testsize0.2_rs42_shuffleTrue,462,0.009999999776482582,0.7592299580574036,0.7836974859237671,0.024467527866363525,3.2226768196775493
USR,QoS score,holdout_test_testsize0.2_rs42_shuffleTrue,463,4.0,0.9397249817848206,0.8956462144851685,0.0440787672996521,4.690602905536602
USR,QoS score,holdout_test_testsize0.2_rs42_shuffleTrue,464,0.10000000149011612,0.8155499696731567,0.7836357355117798,0.03191423416137695,3.9132162771297803
USR,QoS score,holdout_test_testsize0.2_rs42_shuffleTrue,465,40.0,0.9397050142288208,0.9332154393196106,0.006489574909210205,0.6905970289555117
USR,QoS score,holdout_test_testsize0.2_rs42_shuffleTrue,466,4000.0,0.22480690479278564,0.2507481276988983,0.02594122290611267,11.539335471045176
USR,QoS score,holdout_test_testsize0.2_rs42_shuffleTrue,467,0.10000000149011612,0.7953450083732605,0.7836357355117798,0.011709272861480713,1.4722256050151101
USR,QoS score,holdout_test_testsize0.2_rs42_shuffleTrue,468,10.0,0.9399300217628479,0.9152559041976929,0.02467411756515503,2.6251015494619994
USR,QoS score,holdout_test_testsize0.2_rs42_shuffleTrue,469,20.0,0.9397199749946594,0.9208495616912842,0.018870413303375244,2.0080889845384515
USR,QoS score,holdout_test_testsize0.2_rs42_shuffleTrue,470,4000.0,0.21887969970703125,0.2507481276988983,0.031868427991867065,14.559791535954547
USR,QoS score,holdout_test_testsize0.2_rs42_shuffleTrue,471,1.0,0.8992499709129333,0.8510873913764954,0.04816257953643799,5.355861116964235
USR,QoS score,holdout_test_testsize0.2_rs42_shuffleTrue,472,10.0,0.9399049878120422,0.9152559041976929,0.024649083614349365,2.6225080124033315
USR,QoS score,holdout_test_testsize0.2_rs42_shuffleTrue,473,0.009999999776482582,0.759149968624115,0.7836974859237671,0.0245475172996521,3.233553094145821
USR,QoS score,holdout_test_testsize0.2_rs42_shuffleTrue,474,800.0,0.6340324878692627,0.49604418873786926,0.13798829913139343,21.763600725748073
USR,QoS score,holdout_test_testsize0.2_rs42_shuffleTrue,475,3000.0,0.28763052821159363,0.29342347383499146,0.005792945623397827,2.014023219098733
USR,QoS score,holdout_test_testsize0.2_rs42_shuffleTrue,476,60.0,0.9194549918174744,0.9357021450996399,0.016247153282165527,1.767041717838738
USR,QoS score,holdout_test_testsize0.2_rs42_shuffleTrue,477,0.009999999776482582,0.759149968624115,0.7836974859237671,0.0245475172996521,3.233553094145821
USR,QoS score,holdout_test_testsize0.2_rs42_shuffleTrue,478,10.0,0.9399250149726868,0.9152559041976929,0.024669110774993896,2.624582853102463
USR,QoS score,holdout_test_testsize0.2_rs42_shuffleTrue,479,400.0,0.9395400285720825,0.9122192859649658,0.0273207426071167,2.9078848985964862
USR,QoS score,holdout_test_testsize0.2_rs42_shuffleTrue,480,5000.0,0.182369202375412,0.21123969554901123,0.028870493173599243,15.830794233649465
USR,QoS score,holdout_test_testsize0.2_rs42_shuffleTrue,481,4.0,0.9197149872779846,0.8956462144851685,0.024068772792816162,2.6169816873432503
USR,QoS score,holdout_test_testsize0.2_rs42_shuffleTrue,482,1.0,0.8193399906158447,0.8510873913764954,0.031747400760650635,3.8747529870705044
USR,QoS score,holdout_test_testsize0.2_rs42_shuffleTrue,483,4000.0,0.22722910344600677,0.2507481276988983,0.02351902425289154,10.350357368936251
USR,QoS score,holdout_test_testsize0.2_rs42_shuffleTrue,484,10.0,0.9397500157356262,0.9152559041976929,0.02449411153793335,2.606449707666099
USR,QoS score,holdout_test_testsize0.2_rs42_shuffleTrue,485,400.0,0.9395319819450378,0.9122192859649658,0.02731269598007202,2.9070533526201774
USR,QoS score,holdout_test_testsize0.2_rs42_shuffleTrue,486,10.0,0.9398699998855591,0.9152559041976929,0.02461409568786621,2.6188830041243243
USR,QoS score,holdout_test_testsize0.2_rs42_shuffleTrue,487,100.0,0.9395740032196045,0.9268013834953308,0.012772619724273682,1.359405398670696
USR,QoS score,holdout_test_testsize0.2_rs42_shuffleTrue,488,6.0,0.8995199799537659,0.9046122431755066,0.005092263221740723,0.5661089620268867
USR,QoS score,holdout_test_testsize0.2_rs42_shuffleTrue,489,6.0,0.49968498945236206,0.9046122431755066,0.40492725372314453,81.03650545255145
USR,QoS score,holdout_test_testsize0.2_rs42_shuffleTrue,490,4.0,0.879830002784729,0.8956462144851685,0.015816211700439453,1.797644050598404
USR,QoS score,holdout_test_testsize0.2_rs42_shuffleTrue,491,10.0,0.9197900295257568,0.9152559041976929,0.004534125328063965,0.49295221545310264
USR,QoS score,holdout_test_testsize0.2_rs42_shuffleTrue,492,600.0,0.5751096606254578,0.5749532580375671,0.000156402587890625,0.027195263546873846
USR,QoS score,holdout_test_testsize0.2_rs42_shuffleTrue,493,4000.0,0.40819329023361206,0.2507481276988983,0.15744516253471375,38.57122748014959
USR,QoS score,holdout_test_testsize0.2_rs42_shuffleTrue,494,5000.0,0.18189992010593414,0.21123969554901123,0.029339775443077087,16.129625249967294
USR,QoS score,holdout_test_testsize0.2_rs42_shuffleTrue,495,4.0,0.8397899866104126,0.8956462144851685,0.05585622787475586,6.651213846952923
USR,QoS score,holdout_test_testsize0.2_rs42_shuffleTrue,496,5000.0,0.18266648054122925,0.21123969554901123,0.028573215007781982,15.642286928133368
USR,QoS score,holdout_test_testsize0.2_rs42_shuffleTrue,497,200.0,0.9396479725837708,0.9125451445579529,0.02710282802581787,2.884359762017325
USR,QoS score,holdout_test_testsize0.2_rs42_shuffleTrue,498,40.0,0.959659993648529,0.9332154393196106,0.026444554328918457,2.755617041862813
USR,QoS score,holdout_test_testsize0.2_rs42_shuffleTrue,499,80.0,0.9597449898719788,0.9312755465507507,0.028469443321228027,2.9663549819651145
USR,QoS score,holdout_test_testsize0.2_rs42_shuffleTrue,500,400.0,0.8344210982322693,0.9122192859649658,0.07779818773269653,9.323612250159169
USR,QoS score,holdout_test_testsize0.2_rs42_shuffleTrue,501,10.0,0.9398599863052368,0.9152559041976929,0.024604082107543945,2.617845473373873
USR,QoS score,holdout_test_testsize0.2_rs42_shuffleTrue,502,400.0,0.9396420121192932,0.9122192859649658,0.027422726154327393,2.9184227397918763
USR,QoS score,holdout_test_testsize0.2_rs42_shuffleTrue,503,3000.0,0.24317319691181183,0.29342347383499146,0.050250276923179626,20.664397870051108
USR,QoS score,holdout_test_testsize0.2_rs42_shuffleTrue,504,1.0,0.8392350077629089,0.8510873913764954,0.011852383613586426,1.4122842236026962
USR,QoS score,holdout_test_testsize0.2_rs42_shuffleTrue,505,5000.0,0.1832876056432724,0.21123969554901123,0.02795208990573883,15.250398305786813
USR,QoS score,holdout_test_testsize0.2_rs42_shuffleTrue,506,200.0,0.9394850134849548,0.9125451445579529,0.026939868927001953,2.867514493612875
USR,QoS score,holdout_test_testsize0.2_rs42_shuffleTrue,507,60.0,0.9598450064659119,0.9357021450996399,0.024142861366271973,2.515287489504628
USR,QoS score,holdout_test_testsize0.2_rs42_shuffleTrue,508,4.0,0.939740002155304,0.8956462144851685,0.0440937876701355,4.692126286952339
USR,QoS score,holdout_test_testsize0.2_rs42_shuffleTrue,509,4.0,0.9199000000953674,0.8956462144851685,0.024253785610198975,2.6365676277513366
USR,QoS score,holdout_test_testsize0.2_rs42_shuffleTrue,510,100.0,0.93961101770401,0.9268013834953308,0.0128096342086792,1.363291188302605
USR,QoS score,holdout_test_testsize0.2_rs42_shuffleTrue,511,60.0,0.9595649838447571,0.9357021450996399,0.023862838745117188,2.4868392601722773
USR,QoS score,holdout_test_testsize0.2_rs42_shuffleTrue,512,8.0,0.919700026512146,0.9106091260910034,0.009090900421142578,0.988463646741291
USR,QoS score,holdout_test_testsize0.2_rs42_shuffleTrue,513,20.0,0.939674973487854,0.9208495616912842,0.018825411796569824,2.0033961026645515
USR,QoS score,holdout_test_testsize0.2_rs42_shuffleTrue,514,4.0,0.9397199749946594,0.8956462144851685,0.04407376050949097,4.690095100909337
USR,QoS score,holdout_test_testsize0.2_rs42_shuffleTrue,515,2000.0,0.37866780161857605,0.3693827688694,0.009285032749176025,2.452025947146317
USR,QoS score,holdout_test_testsize0.2_rs42_shuffleTrue,516,4.0,0.8198699951171875,0.8956462144851685,0.07577621936798096,9.242467686251885
USR,QoS score,holdout_test_testsize0.2_rs42_shuffleTrue,517,400.0,0.5395500063896179,0.9122192859649658,0.3726692795753479,69.07038738986454
USR,QoS score,holdout_test_testsize0.2_rs42_shuffleTrue,518,400.0,0.9594500064849854,0.9122192859649658,0.04723072052001953,4.92268697699557
USR,QoS score,holdout_test_testsize0.2_rs42_shuffleTrue,519,600.0,0.5795426368713379,0.5749532580375671,0.004589378833770752,0.791896668474044
USR,QoS score,holdout_test_testsize0.2_rs42_shuffleTrue,520,4.0,0.9196749925613403,0.8956462144851685,0.024028778076171875,2.6127467062304848
USR,QoS score,holdout_test_testsize0.2_rs42_shuffleTrue,521,4000.0,0.0,0.2507481276988983,0.2507481276988983,25074.81276988983
USR,QoS score,holdout_test_testsize0.2_rs42_shuffleTrue,522,2.0,0.8396700024604797,0.8750752806663513,0.03540527820587158,4.216570569643278
USR,QoS score,holdout_test_testsize0.2_rs42_shuffleTrue,523,80.0,0.9597200155258179,0.9312755465507507,0.02844446897506714,2.963829920696485
USR,QoS score,holdout_test_testsize0.2_rs42_shuffleTrue,524,3000.0,0.28432413935661316,0.29342347383499146,0.009099334478378296,3.2003383528985094
USR,QoS score,holdout_test_testsize0.2_rs42_shuffleTrue,525,200.0,0.9396499991416931,0.9125451445579529,0.027104854583740234,2.884569212845069
USR,QoS score,holdout_test_testsize0.2_rs42_shuffleTrue,526,600.0,0.5742643475532532,0.5749532580375671,0.0006889104843139648,0.11996400042056943
USR,QoS score,holdout_test_testsize0.2_rs42_shuffleTrue,527,0.009999999776482582,0.759369969367981,0.7836974859237671,0.024327516555786133,3.2036448025504325
USR,QoS score,holdout_test_testsize0.2_rs42_shuffleTrue,528,4.0,0.9398999810218811,0.8956462144851685,0.044253766536712646,4.708348487101673
USR,QoS score,holdout_test_testsize0.2_rs42_shuffleTrue,529,2000.0,0.3750123977661133,0.3693827688694,0.005629628896713257,1.5011847422239968
USR,QoS score,holdout_test_testsize0.2_rs42_shuffleTrue,530,0.009999999776482582,0.7591649889945984,0.7836974859237671,0.0245324969291687,3.2315105787028404
USR,QoS score,holdout_test_testsize0.2_rs42_shuffleTrue,531,2000.0,0.3756028115749359,0.3693827688694,0.006220042705535889,1.6560160131535484
USR,QoS score,holdout_test_testsize0.2_rs42_shuffleTrue,532,10.0,0.9598900079727173,0.9152559041976929,0.044634103775024414,4.649918574451192
USR,QoS score,holdout_test_testsize0.2_rs42_shuffleTrue,533,60.0,0.5599600076675415,0.9357021450996399,0.3757421374320984,67.1016023085676
USR,QoS score,holdout_test_testsize0.2_rs42_shuffleTrue,534,5000.0,0.17023888230323792,0.21123969554901123,0.041000813245773315,24.084282445382037
USR,QoS score,holdout_test_testsize0.2_rs42_shuffleTrue,535,1.0,0.8198000192642212,0.8510873913764954,0.03128737211227417,3.8164639396269964
USR,QoS score,holdout_test_testsize0.2_rs42_shuffleTrue,536,2.0,0.8594849705696106,0.8750752806663513,0.015590310096740723,1.8139130561420382
USR,QoS score,holdout_test_testsize0.2_rs42_shuffleTrue,537,4.0,0.7995100021362305,0.8956462144851685,0.09613621234893799,12.024391451272564
USR,QoS score,holdout_test_testsize0.2_rs42_shuffleTrue,538,40.0,0.9596700072288513,0.9332154393196106,0.026454567909240723,2.7566317286117012
USR,QoS score,holdout_test_testsize0.2_rs42_shuffleTrue,539,10.0,0.919700026512146,0.9152559041976929,0.004444122314453125,0.48321432927505015
USR,QoS score,holdout_test_testsize0.2_rs42_shuffleTrue,540,2000.0,0.37901338934898376,0.3693827688694,0.00963062047958374,2.5409710448820486
USR,QoS score,holdout_test_testsize0.2_rs42_shuffleTrue,541,10.0,0.9198899865150452,0.9152559041976929,0.004634082317352295,0.5037648398487597
USR,QoS score,holdout_test_testsize0.2_rs42_shuffleTrue,542,100.0,0.5396149754524231,0.9268013834953308,0.3871864080429077,71.7523467020691
USR,QoS score,holdout_test_testsize0.2_rs42_shuffleTrue,543,10.0,0.939769983291626,0.9152559041976929,0.024514079093933105,2.6085190557023767
USR,QoS score,holdout_test_testsize0.2_rs42_shuffleTrue,544,40.0,0.9597349762916565,0.9332154393196106,0.0265195369720459,2.763214598525458
USR,QoS score,holdout_test_testsize0.2_rs42_shuffleTrue,545,0.10000000149011612,0.7993199825286865,0.7836357355117798,0.01568424701690674,1.962198788936676
USR,QoS score,holdout_test_testsize0.2_rs42_shuffleTrue,546,0.009999999776482582,0.7992349863052368,0.7836974859237671,0.015537500381469727,1.94404657550061
USR,QoS score,holdout_test_testsize0.2_rs42_shuffleTrue,547,2000.0,0.3708105981349945,0.3693827688694,0.0014278292655944824,0.38505621812747587
USR,QoS score,holdout_test_testsize0.2_rs42_shuffleTrue,548,80.0,0.9596800208091736,0.9312755465507507,0.02840447425842285,2.959785933073093
USR,QoS score,holdout_test_testsize0.2_rs42_shuffleTrue,549,0.10000000149011612,0.815559983253479,0.7836357355117798,0.03192424774169922,3.914396046547694
USR,QoS score,holdout_test_testsize0.2_rs42_shuffleTrue,550,0.009999999776482582,0.7991599440574646,0.7836974859237671,0.01546245813369751,1.9348389829440278
USR,QoS score,holdout_test_testsize0.2_rs42_shuffleTrue,551,4000.0,0.22708310186862946,0.2507481276988983,0.02366502583026886,10.42130640084324
USR,QoS score,holdout_test_testsize0.2_rs42_shuffleTrue,552,8.0,0.9197750091552734,0.9106091260910034,0.00916588306427002,0.996535345387131
USR,QoS score,holdout_test_testsize0.2_rs42_shuffleTrue,553,40.0,0.9197999835014343,0.9332154393196106,0.01341545581817627,1.4585188148305017
USR,QoS score,holdout_test_testsize0.2_rs42_shuffleTrue,554,10.0,0.9197499752044678,0.9152559041976929,0.004494071006774902,0.48861876900576534
USR,QoS score,holdout_test_testsize0.2_rs42_shuffleTrue,555,800.0,0.718607485294342,0.49604418873786926,0.22256329655647278,30.97146928066171
USR,QoS score,holdout_test_testsize0.2_rs42_shuffleTrue,556,100.0,0.9396100044250488,0.9268013834953308,0.012808620929718018,1.3631848181050035
USR,QoS score,holdout_test_testsize0.2_rs42_shuffleTrue,557,6.0,0.919510006904602,0.9046122431755066,0.014897763729095459,1.6201850569573062
USR,QoS score,holdout_test_testsize0.2_rs42_shuffleTrue,558,60.0,0.9396683573722839,0.9357021450996399,0.003966212272644043,0.4220863926646711
USR,QoS score,holdout_test_testsize0.2_rs42_shuffleTrue,559,20.0,0.8995699882507324,0.9208495616912842,0.021279573440551758,2.365527276196837
USR,QoS score,holdout_test_testsize0.2_rs42_shuffleTrue,560,4.0,0.919634997844696,0.8956462144851685,0.023988783359527588,2.6085113567609906
USR,QoS score,holdout_test_testsize0.2_rs42_shuffleTrue,561,8.0,0.9197750091552734,0.9106091260910034,0.00916588306427002,0.996535345387131
USR,QoS score,holdout_test_testsize0.2_rs42_shuffleTrue,562,10.0,0.9398000240325928,0.9152559041976929,0.024544119834899902,2.6116321778311318
USR,QoS score,holdout_test_testsize0.2_rs42_shuffleTrue,563,2000.0,0.4210107922554016,0.3693827688694,0.05162802338600159,12.26287409627305
USR,QoS score,holdout_test_testsize0.2_rs42_shuffleTrue,564,10.0,0.9199100136756897,0.9152559041976929,0.004654109477996826,0.5059309507242317
USR,QoS score,holdout_test_testsize0.2_rs42_shuffleTrue,565,0.10000000149011612,0.7994049787521362,0.7836357355117798,0.015769243240356445,1.9726225954924732
USR,QoS score,holdout_test_testsize0.2_rs42_shuffleTrue,566,200.0,0.8989840149879456,0.9125451445579529,0.013561129570007324,1.5084950726503368
USR,QoS score,holdout_test_testsize0.2_rs42_shuffleTrue,567,400.0,0.9595479965209961,0.9122192859649658,0.04732871055603027,4.932396370752535
USR,QoS score,holdout_test_testsize0.2_rs42_shuffleTrue,568,0.009999999776482582,0.7991649508476257,0.7836974859237671,0.015467464923858643,1.935453363846005
USR,QoS score,holdout_test_testsize0.2_rs42_shuffleTrue,569,800.0,0.5076289772987366,0.49604418873786926,0.01158478856086731,2.2821369699014897
USR,QoS score,holdout_test_testsize0.2_rs42_shuffleTrue,570,4.0,0.9599699974060059,0.8956462144851685,0.0643237829208374,6.700603466217764
USR,QoS score,holdout_test_testsize0.2_rs42_shuffleTrue,571,4.0,0.5198900103569031,0.8956462144851685,0.3757562041282654,72.27609622087368
USR,QoS score,holdout_test_testsize0.2_rs42_shuffleTrue,572,600.0,0.5645353198051453,0.5749532580375671,0.010417938232421875,1.845400609481392
USR,QoS score,holdout_test_testsize0.2_rs42_shuffleTrue,573,6.0,0.939644992351532,0.9046122431755066,0.03503274917602539,3.7282962673331888
USR,QoS score,holdout_test_testsize0.2_rs42_shuffleTrue,574,100.0,0.9399549961090088,0.9268013834953308,0.013153612613677979,1.3993874885636037
USR,QoS score,holdout_test_testsize0.2_rs42_shuffleTrue,575,0.10000000149011612,0.7954149842262268,0.7836357355117798,0.011779248714447021,1.4808934893156152
USR,QoS score,holdout_test_testsize0.2_rs42_shuffleTrue,576,600.0,0.57566899061203,0.5749532580375671,0.0007157325744628906,0.12433057644844657
USR,QoS score,holdout_test_testsize0.2_rs42_shuffleTrue,577,800.0,0.5175074934959412,0.49604418873786926,0.0214633047580719,4.147438448297606
USR,QoS score,holdout_test_testsize0.2_rs42_shuffleTrue,578,8.0,0.9597449898719788,0.9106091260910034,0.04913586378097534,5.119679112628618
USR,QoS score,holdout_test_testsize0.2_rs42_shuffleTrue,579,200.0,0.9593039751052856,0.9125451445579529,0.046758830547332764,4.874245469711608
USR,QoS score,holdout_test_testsize0.2_rs42_shuffleTrue,580,200.0,0.9392290115356445,0.9125451445579529,0.02668386697769165,2.841039474926715
USR,QoS score,holdout_test_testsize0.2_rs42_shuffleTrue,581,2000.0,0.3690463900566101,0.3693827688694,0.000336378812789917,0.09114811087525282
USR,QoS score,holdout_test_testsize0.2_rs42_shuffleTrue,582,100.0,0.9598069787025452,0.9268013834953308,0.033005595207214355,3.4387742472794787
USR,QoS score,holdout_test_testsize0.2_rs42_shuffleTrue,583,4.0,0.8198599815368652,0.8956462144851685,0.07578623294830322,9.243801948503261
USR,QoS score,holdout_test_testsize0.2_rs42_shuffleTrue,584,0.10000000149011612,0.7953400015830994,0.7836357355117798,0.01170426607131958,1.4716053572085654
USR,QoS score,holdout_test_testsize0.2_rs42_shuffleTrue,585,800.0,0.5080295205116272,0.49604418873786926,0.011985331773757935,2.3591801834050368
USR,QoS score,holdout_test_testsize0.2_rs42_shuffleTrue,586,20.0,0.8995699882507324,0.9208495616912842,0.021279573440551758,2.365527276196837
USR,QoS score,holdout_test_testsize0.2_rs42_shuffleTrue,587,200.0,0.9596549868583679,0.9125451445579529,0.04710984230041504,4.9090394928951495
USR,QoS score,holdout_test_testsize0.2_rs42_shuffleTrue,588,200.0,0.9396060109138489,0.9125451445579529,0.027060866355895996,2.880022694786397
USR,QoS score,holdout_test_testsize0.2_rs42_shuffleTrue,589,0.10000000149011612,0.7994149923324585,0.7836357355117798,0.01577925682067871,1.9738504996809563
USR,QoS score,holdout_test_testsize0.2_rs42_shuffleTrue,590,4000.0,0.2272185981273651,0.2507481276988983,0.023529529571533203,10.355459352998896
USR,QoS score,holdout_test_testsize0.2_rs42_shuffleTrue,591,4.0,0.9398999810218811,0.8956462144851685,0.044253766536712646,4.708348487101673
USR,QoS score,holdout_test_testsize0.2_rs42_shuffleTrue,592,2000.0,0.3758082091808319,0.3693827688694,0.006425440311431885,1.7097658205598383
USR,QoS score,holdout_test_testsize0.2_rs42_shuffleTrue,593,400.0,0.9378349781036377,0.9122192859649658,0.025615692138671875,2.731364550986192
USR,QoS score,holdout_test_testsize0.2_rs42_shuffleTrue,594,400.0,0.9196550250053406,0.9122192859649658,0.007435739040374756,0.8085356832940238
USR,QoS score,holdout_test_testsize0.2_rs42_shuffleTrue,595,0.10000000149011612,0.7954999804496765,0.7836357355117798,0.011864244937896729,1.4914198905687168
USR,QoS score,holdout_test_testsize0.2_rs42_shuffleTrue,596,80.0,0.9596250057220459,0.9312755465507507,0.028349459171295166,2.954222639286512
USR,QoS score,holdout_test_testsize0.2_rs42_shuffleTrue,597,800.0,0.678491473197937,0.49604418873786926,0.18244728446006775,26.890136673367188
USR,QoS score,holdout_test_testsize0.2_rs42_shuffleTrue,598,400.0,0.9395599961280823,0.9122192859649658,0.027340710163116455,2.9099483030128206
USR,QoS score,holdout_test_testsize0.2_rs42_shuffleTrue,599,1000.0,0.5160601735115051,0.4629844129085541,0.05307576060295105,10.284800751392952
USR,QoS score,holdout_test_testsize0.2_rs42_shuffleTrue,600,10.0,0.9399300217628479,0.9152559041976929,0.02467411756515503,2.6251015494619994
USR,QoS score,holdout_test_testsize0.2_rs42_shuffleTrue,601,3000.0,0.2934111952781677,0.29342347383499146,1.2278556823730469e-05,0.004184760848027566
USR,QoS score,holdout_test_testsize0.2_rs42_shuffleTrue,602,1000.0,0.40232840180397034,0.4629844129085541,0.06065601110458374,15.07624389245521
USR,QoS score,holdout_test_testsize0.2_rs42_shuffleTrue,603,3000.0,0.2854366600513458,0.29342347383499146,0.00798681378364563,2.7981037131701725
USR,QoS score,holdout_test_testsize0.2_rs42_shuffleTrue,604,1000.0,0.5738434195518494,0.4629844129085541,0.11085900664329529,19.31868570173238
USR,QoS score,holdout_test_testsize0.2_rs42_shuffleTrue,605,8.0,0.9198949933052063,0.9106091260910034,0.00928586721420288,1.0094486090024821
USR,QoS score,holdout_test_testsize0.2_rs42_shuffleTrue,606,2000.0,0.3756471872329712,0.3693827688694,0.006264418363571167,1.667633507311759
USR,QoS score,holdout_test_testsize0.2_rs42_shuffleTrue,607,200.0,0.9596499800682068,0.9125451445579529,0.047104835510253906,4.908543374002462
USR,QoS score,holdout_test_testsize0.2_rs42_shuffleTrue,608,10.0,0.9397450089454651,0.9152559041976929,0.024489104747772217,2.605930812577836
USR,QoS score,holdout_test_testsize0.2_rs42_shuffleTrue,609,3000.0,0.2915746569633484,0.29342347383499146,0.0018488168716430664,0.6340800983521235
USR,QoS score,holdout_test_testsize0.2_rs42_shuffleTrue,610,600.0,0.5649093389511108,0.5749532580375671,0.010043919086456299,1.7779700907592066
USR,QoS score,holdout_test_testsize0.2_rs42_shuffleTrue,611,10.0,0.9597399830818176,0.9152559041976929,0.044484078884124756,4.635013614967055
USR,QoS score,holdout_test_testsize0.2_rs42_shuffleTrue,612,4.0,0.8998249769210815,0.8956462144851685,0.004178762435913086,0.4643972486973521
USR,QoS score,holdout_test_testsize0.2_rs42_shuffleTrue,613,4000.0,0.22518600523471832,0.2507481276988983,0.025562122464179993,11.351559097793757
USR,QoS score,holdout_test_testsize0.2_rs42_shuffleTrue,614,0.009999999776482582,0.7592399716377258,0.7836974859237671,0.02445751428604126,3.2213154206416377
USR,QoS score,holdout_test_testsize0.2_rs42_shuffleTrue,615,200.0,0.9396460056304932,0.9125451445579529,0.027100861072540283,2.884156470644056
USR,QoS score,holdout_test_testsize0.2_rs42_shuffleTrue,616,200.0,0.959987998008728,0.9125451445579529,0.047442853450775146,4.942025686694451
USR,QoS score,holdout_test_testsize0.2_rs42_shuffleTrue,617,5000.0,0.3789103925228119,0.21123969554901123,0.16767069697380066,44.250751703440336
USR,QoS score,holdout_test_testsize0.2_rs42_shuffleTrue,618,600.0,0.5646096467971802,0.5749532580375671,0.010343611240386963,1.8319933602024707
USR,QoS score,holdout_test_testsize0.2_rs42_shuffleTrue,619,1000.0,0.38075119256973267,0.4629844129085541,0.08223322033882141,21.59762646672756
USR,QoS score,holdout_test_testsize0.2_rs42_shuffleTrue,620,5000.0,0.17243680357933044,0.21123969554901123,0.038802891969680786,22.502674118422355
USR,QoS score,holdout_test_testsize0.2_rs42_shuffleTrue,621,600.0,0.5650253295898438,0.5749532580375671,0.009927928447723389,1.757076705734617
USR,QoS score,holdout_test_testsize0.2_rs42_shuffleTrue,622,10.0,0.919700026512146,0.9152559041976929,0.004444122314453125,0.48321432927505015
USR,QoS score,holdout_test_testsize0.2_rs42_shuffleTrue,623,10.0,0.9399449825286865,0.9152559041976929,0.024689078330993652,2.6266514306586193
USR,QoS score,holdout_test_testsize0.2_rs42_shuffleTrue,624,20.0,0.8995500206947327,0.9208495616912842,0.021299540996551514,2.367799511593767
USR,QoS score,holdout_test_testsize0.2_rs42_shuffleTrue,625,4000.0,0.2109972983598709,0.2507481276988983,0.039750829339027405,18.839496831485274
USR,QoS score,holdout_test_testsize0.2_rs42_shuffleTrue,626,60.0,0.9396633505821228,0.9357021450996399,0.00396120548248291,0.42155581358248545
USR,QoS score,holdout_test_testsize0.2_rs42_shuffleTrue,627,60.0,0.9599483609199524,0.9357021450996399,0.0242462158203125,2.5257833449578992
USR,QoS score,holdout_test_testsize0.2_rs42_shuffleTrue,628,6.0,0.899524986743927,0.9046122431755066,0.00508725643157959,0.5655492072537401
USR,QoS score,holdout_test_testsize0.2_rs42_shuffleTrue,629,1000.0,0.38082560896873474,0.4629844129085541,0.08215880393981934,21.573865308665326
USR,QoS score,holdout_test_testsize0.2_rs42_shuffleTrue,630,6.0,0.9192299842834473,0.9046122431755066,0.014617741107940674,1.5902158717478532
USR,QoS score,holdout_test_testsize0.2_rs42_shuffleTrue,631,400.0,0.9197120070457458,0.9122192859649658,0.007492721080780029,0.8146812288389909
USR,QoS score,holdout_test_testsize0.2_rs42_shuffleTrue,632,0.009999999776482582,0.7993799448013306,0.7836974859237671,0.015682458877563477,1.9618279116898574
USR,QoS score,holdout_test_testsize0.2_rs42_shuffleTrue,633,0.009999999776482582,0.759119987487793,0.7836974859237671,0.02457749843597412,3.237630261496618
USR,QoS score,holdout_test_testsize0.2_rs42_shuffleTrue,634,1.0,0.8987799882888794,0.8510873913764954,0.04769259691238403,5.30637058388254
USR,QoS score,holdout_test_testsize0.2_rs42_shuffleTrue,635,80.0,0.959725022315979,0.9312755465507507,0.02844947576522827,2.96433614876216
USR,QoS score,holdout_test_testsize0.2_rs42_shuffleTrue,636,10.0,0.9399449825286865,0.9152559041976929,0.024689078330993652,2.6266514306586193
USR,QoS score,holdout_test_testsize0.2_rs42_shuffleTrue,637,4000.0,0.22118909657001495,0.2507481276988983,0.029559031128883362,13.363692689764562
USR,QoS score,holdout_test_testsize0.2_rs42_shuffleTrue,638,800.0,0.5693849921226501,0.49604418873786926,0.07334080338478088,12.880705392561994
USR,QoS score,holdout_test_testsize0.2_rs42_shuffleTrue,639,5000.0,0.37343135476112366,0.21123969554901123,0.16219165921211243,43.43279083135991
USR,QoS score,holdout_test_testsize0.2_rs42_shuffleTrue,640,0.10000000149011612,0.7955300211906433,0.7836357355117798,0.011894285678863525,1.495139763683807
USR,QoS score,holdout_test_testsize0.2_rs42_shuffleTrue,641,400.0,0.9372550249099731,0.9122192859649658,0.025035738945007324,2.6711768173675146
USR,QoS score,holdout_test_testsize0.2_rs42_shuffleTrue,642,40.0,0.9397299885749817,0.9332154393196106,0.006514549255371094,0.6932362843128841
USR,QoS score,holdout_test_testsize0.2_rs42_shuffleTrue,643,800.0,0.456155002117157,0.49604418873786926,0.03988918662071228,8.744656188263678
USR,QoS score,holdout_test_testsize0.2_rs42_shuffleTrue,644,2.0,0.8399900197982788,0.8750752806663513,0.03508526086807251,4.176866396162437
USR,QoS score,holdout_test_testsize0.2_rs42_shuffleTrue,645,2000.0,0.3683035969734192,0.3693827688694,0.001079171895980835,0.29301150052539937
USR,QoS score,holdout_test_testsize0.2_rs42_shuffleTrue,646,60.0,0.959850013256073,0.9357021450996399,0.024147868156433105,2.5157959913462884
USR,QoS score,holdout_test_testsize0.2_rs42_shuffleTrue,647,600.0,0.5730903148651123,0.5749532580375671,0.001862943172454834,0.3250697358047855
USR,QoS score,holdout_test_testsize0.2_rs42_shuffleTrue,648,6.0,0.9196799993515015,0.9046122431755066,0.015067756175994873,1.6383694531380129
USR,QoS score,holdout_test_testsize0.2_rs42_shuffleTrue,649,0.009999999776482582,0.7593899369239807,0.7836974859237671,0.024307548999786377,3.2009311445774005
USR,QoS score,holdout_test_testsize0.2_rs42_shuffleTrue,650,800.0,0.6136454939842224,0.49604418873786926,0.11760130524635315,19.16437200292989
USR,QoS score,holdout_test_testsize0.2_rs42_shuffleTrue,651,6.0,0.9196850061416626,0.9046122431755066,0.015072762966156006,1.6389049365271797
USR,QoS score,holdout_test_testsize0.2_rs42_shuffleTrue,652,2000.0,0.3764212131500244,0.3693827688694,0.00703844428062439,1.86983199531297
USR,QoS score,holdout_test_testsize0.2_rs42_shuffleTrue,653,5000.0,0.3792803883552551,0.21123969554901123,0.1680406928062439,44.305136243650864
USR,QoS score,holdout_test_testsize0.2_rs42_shuffleTrue,654,200.0,0.939631998538971,0.9125451445579529,0.027086853981018066,2.882708765041557
USR,QoS score,holdout_test_testsize0.2_rs42_shuffleTrue,655,60.0,0.9595983624458313,0.9357021450996399,0.023896217346191406,2.4902311510082775
USR,QoS score,holdout_test_testsize0.2_rs42_shuffleTrue,656,8.0,0.9199450016021729,0.9106091260910034,0.009335875511169434,1.0148297447032277
USR,QoS score,holdout_test_testsize0.2_rs42_shuffleTrue,657,800.0,0.5174620151519775,0.49604418873786926,0.021417826414108276,4.139014224612778
USR,QoS score,holdout_test_testsize0.2_rs42_shuffleTrue,658,4.0,0.899815022945404,0.8956462144851685,0.004168808460235596,0.4632961613143168
USR,QoS score,holdout_test_testsize0.2_rs42_shuffleTrue,659,400.0,0.9395350217819214,0.9122192859649658,0.027315735816955566,2.90736749388528
USR,QoS score,holdout_test_testsize0.2_rs42_shuffleTrue,660,200.0,0.9195569753646851,0.9125451445579529,0.007011830806732178,0.7625227141527986
USR,QoS score,holdout_test_testsize0.2_rs42_shuffleTrue,661,1.0,0.7993549704551697,0.8510873913764954,0.051732420921325684,6.4717707193173695
USR,QoS score,holdout_test_testsize0.2_rs42_shuffleTrue,662,400.0,0.9395130276679993,0.9122192859649658,0.027293741703033447,2.905094543582889
USR,QoS score,holdout_test_testsize0.2_rs42_shuffleTrue,663,80.0,0.9597349762916565,0.9312755465507507,0.02845942974090576,2.9653425626802568
USR,QoS score,holdout_test_testsize0.2_rs42_shuffleTrue,664,10.0,0.9398099780082703,0.9152559041976929,0.024554073810577393,2.61266366447977
USR,QoS score,holdout_test_testsize0.2_rs42_shuffleTrue,665,1.0,0.8592600226402283,0.8510873913764954,0.00817263126373291,0.9511243451802933
USR,QoS score,holdout_test_testsize0.2_rs42_shuffleTrue,666,0.009999999776482582,0.7591749429702759,0.7836974859237671,0.02452254295349121,3.2301570514889013
USR,QoS score,holdout_test_testsize0.2_rs42_shuffleTrue,667,20.0,0.9396349787712097,0.9208495616912842,0.018785417079925537,1.9992249654745526
USR,QoS score,holdout_test_testsize0.2_rs42_shuffleTrue,668,3000.0,0.2960481345653534,0.29342347383499146,0.0026246607303619385,0.8865655357752432
USR,QoS score,holdout_test_testsize0.2_rs42_shuffleTrue,669,4000.0,0.4277573227882385,0.2507481276988983,0.1770091950893402,41.380751575577044
USR,QoS score,holdout_test_testsize0.2_rs42_shuffleTrue,670,0.009999999776482582,0.7992449402809143,0.7836974859237671,0.015547454357147217,1.9452677863287668
USR,QoS score,holdout_test_testsize0.2_rs42_shuffleTrue,671,2.0,0.8996000289916992,0.8750752806663513,0.0245247483253479,2.7261835854803196
USR,QoS score,holdout_test_testsize0.2_rs42_shuffleTrue,672,400.0,0.9595149755477905,0.9122192859649658,0.04729568958282471,4.929124691964649
USR,QoS score,holdout_test_testsize0.2_rs42_shuffleTrue,673,60.0,0.8788833618164062,0.9357021450996399,0.05681878328323364,6.46488325433822
USR,QoS score,holdout_test_testsize0.2_rs42_shuffleTrue,674,10.0,0.9597749710083008,0.9152559041976929,0.04451906681060791,4.638490078964861
USR,QoS score,holdout_test_testsize0.2_rs42_shuffleTrue,675,1.0,0.7986500263214111,0.8510873913764954,0.05243736505508423,6.565750119186895
USR,QoS score,holdout_test_testsize0.2_rs42_shuffleTrue,676,6.0,0.8995883464813232,0.9046122431755066,0.00502389669418335,0.5584661822081143
USR,QoS score,holdout_test_testsize0.2_rs42_shuffleTrue,677,1.0,0.899649977684021,0.8510873913764954,0.048562586307525635,5.3979422566697375
USR,QoS score,holdout_test_testsize0.2_rs42_shuffleTrue,678,1.0,0.8994050025939941,0.8510873913764954,0.04831761121749878,5.37217505774872
USR,QoS score,holdout_test_testsize0.2_rs42_shuffleTrue,679,600.0,0.5729863047599792,0.5749532580375671,0.0019669532775878906,0.34328102805386185
USR,QoS score,holdout_test_testsize0.2_rs42_shuffleTrue,680,1000.0,0.5516347885131836,0.4629844129085541,0.08865037560462952,16.070483125904385
USR,QoS score,holdout_test_testsize0.2_rs42_shuffleTrue,681,0.009999999776482582,0.7992399334907532,0.7836974859237671,0.015542447566986084,1.9446535283970396
USR,QoS score,holdout_test_testsize0.2_rs42_shuffleTrue,682,8.0,0.9197750091552734,0.9106091260910034,0.00916588306427002,0.996535345387131
USR,QoS score,holdout_test_testsize0.2_rs42_shuffleTrue,683,5000.0,0.18211087584495544,0.21123969554901123,0.029128819704055786,15.995101648325122
USR,QoS score,holdout_test_testsize0.2_rs42_shuffleTrue,684,800.0,0.5222495198249817,0.49604418873786926,0.026205331087112427,5.017779833650103
USR,QoS score,holdout_test_testsize0.2_rs42_shuffleTrue,685,20.0,0.9398850202560425,0.9208495616912842,0.0190354585647583,2.025296515479381
USR,QoS score,holdout_test_testsize0.2_rs42_shuffleTrue,686,2.0,0.8997349739074707,0.8750752806663513,0.024659693241119385,2.7407730005230855
USR,QoS score,holdout_test_testsize0.2_rs42_shuffleTrue,687,3000.0,0.2841002643108368,0.29342347383499146,0.009323209524154663,3.2816616861552976
USR,QoS score,holdout_test_testsize0.2_rs42_shuffleTrue,688,6.0,0.8794800043106079,0.9046122431755066,0.02513223886489868,2.8576248171325878
USR,QoS score,holdout_test_testsize0.2_rs42_shuffleTrue,689,0.009999999776482582,0.7591549754142761,0.7836974859237671,0.024542510509490967,3.2328722466842756
USR,QoS score,holdout_test_testsize0.2_rs42_shuffleTrue,690,40.0,0.9397050142288208,0.9332154393196106,0.006489574909210205,0.6905970289555117
USR,QoS score,holdout_test_testsize0.2_rs42_shuffleTrue,691,1.0,0.8392450213432312,0.8510873913764954,0.01184237003326416,1.411074207423974
USR,QoS score,holdout_test_testsize0.2_rs42_shuffleTrue,692,3000.0,0.291673868894577,0.29342347383499146,0.0017496049404144287,0.5998497386979867
USR,QoS score,holdout_test_testsize0.2_rs42_shuffleTrue,693,600.0,0.5671943426132202,0.5749532580375671,0.007758915424346924,1.3679465469629808
USR,QoS score,holdout_test_testsize0.2_rs42_shuffleTrue,694,4.0,0.9397349953651428,0.8956462144851685,0.044088780879974365,4.691618498558017
USR,QoS score,holdout_test_testsize0.2_rs42_shuffleTrue,695,200.0,0.9397550225257874,0.9125451445579529,0.027209877967834473,2.895422457514753
USR,QoS score,holdout_test_testsize0.2_rs42_shuffleTrue,696,80.0,0.9396100044250488,0.9312755465507507,0.008334457874298096,0.8870124663474591
USR,QoS score,holdout_test_testsize0.2_rs42_shuffleTrue,697,2000.0,0.3798756003379822,0.3693827688694,0.010492831468582153,2.7621756857367235
USR,QoS score,holdout_test_testsize0.2_rs42_shuffleTrue,698,60.0,0.9394699931144714,0.9357021450996399,0.003767848014831543,0.40106102828687606
USR,QoS score,holdout_test_testsize0.2_rs42_shuffleTrue,699,8.0,0.9399449825286865,0.9106091260910034,0.029335856437683105,3.121018462034058
USR,QoS score,holdout_test_testsize0.2_rs42_shuffleTrue,700,60.0,0.9396633505821228,0.9357021450996399,0.00396120548248291,0.42155581358248545
USR,QoS score,holdout_test_testsize0.2_rs42_shuffleTrue,701,60.0,0.9194700121879578,0.9357021450996399,0.01623213291168213,1.7653792615874853
USR,QoS score,holdout_test_testsize0.2_rs42_shuffleTrue,702,600.0,0.5649376511573792,0.5749532580375671,0.010015606880187988,1.7728694236734208
USR,QoS score,holdout_test_testsize0.2_rs42_shuffleTrue,703,60.0,0.9599483609199524,0.9357021450996399,0.0242462158203125,2.5257833449578992
USR,QoS score,holdout_test_testsize0.2_rs42_shuffleTrue,704,60.0,0.9597349762916565,0.9357021450996399,0.0240328311920166,2.5041112167108515
USR,QoS score,holdout_test_testsize0.2_rs42_shuffleTrue,705,5000.0,0.18065759539604187,0.21123969554901123,0.03058210015296936,16.928211673539966
USR,QoS score,holdout_test_testsize0.2_rs42_shuffleTrue,706,6.0,0.7995650172233582,0.9046122431755066,0.10504722595214844,13.138046774100365
USR,QoS score,holdout_test_testsize0.2_rs42_shuffleTrue,707,40.0,0.9196799993515015,0.9332154393196106,0.01353543996810913,1.471755390750418
USR,QoS score,holdout_test_testsize0.2_rs42_shuffleTrue,708,2000.0,0.41582420468330383,0.3693827688694,0.04644143581390381,11.168526336573914
USR,QoS score,holdout_test_testsize0.2_rs42_shuffleTrue,709,5000.0,0.1828286349773407,0.21123969554901123,0.028411060571670532,15.539721431050296
USR,QoS score,holdout_test_testsize0.2_rs42_shuffleTrue,710,10.0,0.959755003452301,0.9152559041976929,0.044499099254608154,4.636506097341718
USR,QoS score,holdout_test_testsize0.2_rs42_shuffleTrue,711,40.0,0.9597449898719788,0.9332154393196106,0.026529550552368164,2.764229126729483
USR,QoS score,holdout_test_testsize0.2_rs42_shuffleTrue,712,20.0,0.5397049784660339,0.9208495616912842,0.38114458322525024,70.6209129863043
USR,QoS score,holdout_test_testsize0.2_rs42_shuffleTrue,713,80.0,0.9396049976348877,0.9312755465507507,0.008329451084136963,0.8864843317248539
USR,QoS score,holdout_test_testsize0.2_rs42_shuffleTrue,714,800.0,0.8547350168228149,0.49604418873786926,0.3586908280849457,41.965149552226855
USR,QoS score,holdout_test_testsize0.2_rs42_shuffleTrue,715,1.0,0.899399995803833,0.8510873913764954,0.048312604427337646,5.371648282492882
USR,QoS score,holdout_test_testsize0.2_rs42_shuffleTrue,716,80.0,0.9597150087356567,0.9312755465507507,0.028439462184906006,2.963323687348871
USR,QoS score,holdout_test_testsize0.2_rs42_shuffleTrue,717,0.009999999776482582,0.7593949437141418,0.7836974859237671,0.024302542209625244,3.200250727343982
USR,QoS score,holdout_test_testsize0.2_rs42_shuffleTrue,718,3000.0,0.29065385460853577,0.29342347383499146,0.0027696192264556885,0.9528926530790114
USR,QoS score,holdout_test_testsize0.2_rs42_shuffleTrue,719,8.0,0.9198899865150452,0.9106091260910034,0.009280860424041748,1.0089098218366088
USR,QoS score,holdout_test_testsize0.2_rs42_shuffleTrue,720,4000.0,0.2168262004852295,0.2507481276988983,0.03392192721366882,15.644754710342134
USR,QoS score,holdout_test_testsize0.2_rs42_shuffleTrue,721,1000.0,0.3807835876941681,0.4629844129085541,0.08220082521438599,21.58728156120184
USR,QoS score,holdout_test_testsize0.2_rs42_shuffleTrue,722,100.0,0.9597160220146179,0.9268013834953308,0.03291463851928711,3.4296226971592403
USR,QoS score,holdout_test_testsize0.2_rs42_shuffleTrue,723,3000.0,0.3000999987125397,0.29342347383499146,0.006676524877548218,2.224766713159349
USR,QoS score,holdout_test_testsize0.2_rs42_shuffleTrue,724,2000.0,0.35238999128341675,0.3693827688694,0.016992777585983276,4.822151027642692
USR,QoS score,holdout_test_testsize0.2_rs42_shuffleTrue,725,5000.0,0.18269704282283783,0.21123969554901123,0.0285426527261734,15.622941830454993
USR,QoS score,holdout_test_testsize0.2_rs42_shuffleTrue,726,4000.0,0.22840289771556854,0.2507481276988983,0.022345229983329773,9.783251529127455
USR,QoS score,holdout_test_testsize0.2_rs42_shuffleTrue,727,5000.0,0.1801528036594391,0.21123969554901123,0.031086891889572144,17.25584684673507
USR,QoS score,holdout_test_testsize0.2_rs42_shuffleTrue,728,8.0,0.9197549819946289,0.9106091260910034,0.009145855903625488,0.9943795992049214
USR,QoS score,holdout_test_testsize0.2_rs42_shuffleTrue,729,4.0,0.939674973487854,0.8956462144851685,0.04402875900268555,4.685530661656453
USR,QoS score,holdout_test_testsize0.2_rs42_shuffleTrue,730,80.0,0.9396600127220154,0.9312755465507507,0.008384466171264648,0.8922872164131422
USR,QoS score,holdout_test_testsize0.2_rs42_shuffleTrue,731,2.0,0.919700026512146,0.8750752806663513,0.04462474584579468,4.852097918821289
USR,QoS score,holdout_test_testsize0.2_rs42_shuffleTrue,732,5000.0,0.1828729659318924,0.21123969554901123,0.028366729617118835,15.511712992987434
USR,QoS score,holdout_test_testsize0.2_rs42_shuffleTrue,733,800.0,0.48695001006126404,0.49604418873786926,0.009094178676605225,1.86757952329872
USR,QoS score,holdout_test_testsize0.2_rs42_shuffleTrue,734,4.0,0.9399250149726868,0.8956462144851685,0.04427880048751831,4.710886483727109
USR,QoS score,holdout_test_testsize0.2_rs42_shuffleTrue,735,6.0,0.7994933128356934,0.9046122431755066,0.10511893033981323,13.148193818778894
USR,QoS score,holdout_test_testsize0.2_rs42_shuffleTrue,736,60.0,0.9396616816520691,0.9357021450996399,0.003959536552429199,0.42137895263194386
USR,QoS score,holdout_test_testsize0.2_rs42_shuffleTrue,737,2000.0,0.41443580389022827,0.3693827688694,0.04505303502082825,10.870932143874677
USR,QoS score,holdout_test_testsize0.2_rs42_shuffleTrue,738,40.0,0.9397199749946594,0.9332154393196106,0.006504535675048828,0.692178079441782
USR,QoS score,holdout_test_testsize0.2_rs42_shuffleTrue,739,4.0,0.9399999976158142,0.8956462144851685,0.04435378313064575,4.718487579057793
USR,QoS score,holdout_test_testsize0.2_rs42_shuffleTrue,740,40.0,0.9397349953651428,0.9332154393196106,0.0065195560455322266,0.693765378291461
USR,QoS score,holdout_test_testsize0.2_rs42_shuffleTrue,741,10.0,0.9192900061607361,0.9152559041976929,0.004034101963043213,0.4388280016108277
USR,QoS score,holdout_test_testsize0.2_rs42_shuffleTrue,742,200.0,0.959987998008728,0.9125451445579529,0.047442853450775146,4.942025686694451
USR,QoS score,holdout_test_testsize0.2_rs42_shuffleTrue,743,1000.0,0.38070881366729736,0.4629844129085541,0.08227559924125671,21.61116220260601
USR,QoS score,holdout_test_testsize0.2_rs42_shuffleTrue,744,2.0,0.9200000166893005,0.8750752806663513,0.04492473602294922,4.883123392172835
USR,QoS score,holdout_test_testsize0.2_rs42_shuffleTrue,745,8.0,0.9198700189590454,0.9106091260910034,0.009260892868041992,1.0067610289681923
USR,QoS score,holdout_test_testsize0.2_rs42_shuffleTrue,746,100.0,0.9599570035934448,0.9268013834953308,0.033155620098114014,3.4538651183335585
USR,QoS score,holdout_test_testsize0.2_rs42_shuffleTrue,747,1000.0,0.599998414516449,0.4629844129085541,0.1370140016078949,22.83572727743244
USR,QoS score,holdout_test_testsize0.2_rs42_shuffleTrue,748,100.0,0.9395830035209656,0.9268013834953308,0.012781620025634766,1.360350280681675
USR,QoS score,holdout_test_testsize0.2_rs42_shuffleTrue,749,80.0,0.9597300291061401,0.9312755465507507,0.028454482555389404,2.9648423715459797
USR,QoS score,holdout_test_testsize0.2_rs42_shuffleTrue,750,3000.0,0.4852127134799957,0.29342347383499146,0.19178923964500427,39.52683726472706
USR,QoS score,holdout_test_testsize0.2_rs42_shuffleTrue,751,5000.0,0.18234999477863312,0.21123969554901123,0.028889700770378113,15.842995117959427
USR,QoS score,holdout_test_testsize0.2_rs42_shuffleTrue,752,1000.0,0.5272073745727539,0.4629844129085541,0.06422296166419983,12.181726728736635
USR,QoS score,holdout_test_testsize0.2_rs42_shuffleTrue,753,0.10000000149011612,0.795644998550415,0.7836357355117798,0.012009263038635254,1.509374540217675
USR,QoS score,holdout_test_testsize0.2_rs42_shuffleTrue,754,200.0,0.919642984867096,0.9125451445579529,0.007097840309143066,0.7718038875889239
USR,QoS score,holdout_test_testsize0.2_rs42_shuffleTrue,755,1.0,0.8991199731826782,0.8510873913764954,0.04803258180618286,5.342177155308713
USR,QoS score,holdout_test_testsize0.2_rs42_shuffleTrue,756,2000.0,0.0529399998486042,0.3693827688694,0.3164427690207958,597.738515160081
USR,QoS score,holdout_test_testsize0.2_rs42_shuffleTrue,757,0.009999999776482582,0.799144983291626,0.7836974859237671,0.015447497367858887,1.9330031084261652
USR,QoS score,holdout_test_testsize0.2_rs42_shuffleTrue,758,20.0,0.9396250247955322,0.9208495616912842,0.018775463104248047,1.9981867882173205
USR,QoS score,holdout_test_testsize0.2_rs42_shuffleTrue,759,1000.0,0.5762428045272827,0.4629844129085541,0.11325839161872864,19.65463008455949
USR,QoS score,holdout_test_testsize0.2_rs42_shuffleTrue,760,800.0,0.33687999844551086,0.49604418873786926,0.1591641902923584,47.24655397375948
USR,QoS score,holdout_test_testsize0.2_rs42_shuffleTrue,761,100.0,0.9196469783782959,0.9268013834953308,0.007154405117034912,0.7779512449060594
USR,QoS score,holdout_test_testsize0.2_rs42_shuffleTrue,762,600.0,0.5657690167427063,0.5749532580375671,0.00918424129486084,1.6233199456090999
USR,QoS score,holdout_test_testsize0.2_rs42_shuffleTrue,763,400.0,0.9590550065040588,0.9122192859649658,0.04683572053909302,4.88352807935577
USR,QoS score,holdout_test_testsize0.2_rs42_shuffleTrue,764,8.0,0.9597700238227844,0.9106091260910034,0.049160897731781006,5.1221539026580665
USR,QoS score,holdout_test_testsize0.2_rs42_shuffleTrue,765,6.0,0.9385383129119873,0.9046122431755066,0.03392606973648071,3.6147772839681798
USR,QoS score,holdout_test_testsize0.2_rs42_shuffleTrue,766,1.0,0.8197799921035767,0.8510873913764954,0.0313073992729187,3.8190001676648757
USR,QoS score,holdout_test_testsize0.2_rs42_shuffleTrue,767,5000.0,0.18277272582054138,0.21123969554901123,0.02846696972846985,15.575064387024923
USR,QoS score,holdout_test_testsize0.2_rs42_shuffleTrue,768,2.0,0.8394799828529358,0.8750752806663513,0.03559529781341553,4.240160401734235
USR,QoS score,holdout_test_testsize0.2_rs42_shuffleTrue,769,6.0,0.9194733500480652,0.9046122431755066,0.014861106872558594,1.6162629261393748
USR,QoS score,holdout_test_testsize0.2_rs42_shuffleTrue,770,1.0,0.8396499752998352,0.8510873913764954,0.011437416076660156,1.3621647606880363
USR,QoS score,holdout_test_testsize0.2_rs42_shuffleTrue,771,40.0,0.9597349762916565,0.9332154393196106,0.0265195369720459,2.763214598525458
USR,QoS score,holdout_test_testsize0.2_rs42_shuffleTrue,772,3000.0,0.2701348066329956,0.29342347383499146,0.02328866720199585,8.621127907310282
USR,QoS score,holdout_test_testsize0.2_rs42_shuffleTrue,773,3000.0,0.24319253861904144,0.29342347383499146,0.05023093521595001,20.65480113048873
USR,QoS score,holdout_test_testsize0.2_rs42_shuffleTrue,774,40.0,0.9596949815750122,0.9332154393196106,0.02647954225540161,2.7591623134200898
USR,QoS score,holdout_test_testsize0.2_rs42_shuffleTrue,775,10.0,0.9197499752044678,0.9152559041976929,0.004494071006774902,0.48861876900576534
USR,QoS score,holdout_test_testsize0.2_rs42_shuffleTrue,776,20.0,0.9398549795150757,0.9208495616912842,0.019005417823791504,2.02216493374302
USR,QoS score,holdout_test_testsize0.2_rs42_shuffleTrue,777,80.0,0.93961501121521,0.9312755465507507,0.008339464664459229,0.8875405953416758
USR,QoS score,holdout_test_testsize0.2_rs42_shuffleTrue,778,4.0,0.9196799993515015,0.8956462144851685,0.024033784866333008,2.613276887969736
USR,QoS score,holdout_test_testsize0.2_rs42_shuffleTrue,779,3000.0,0.28556227684020996,0.29342347383499146,0.007861196994781494,2.752883567734098
USR,QoS score,holdout_test_testsize0.2_rs42_shuffleTrue,780,600.0,0.5752019882202148,0.5749532580375671,0.0002487301826477051,0.043242232770669645
USR,QoS score,holdout_test_testsize0.2_rs42_shuffleTrue,781,6.0,0.9195733070373535,0.9046122431755066,0.014961063861846924,1.626957171043591
USR,QoS score,holdout_test_testsize0.2_rs42_shuffleTrue,782,5000.0,0.18312951922416687,0.21123969554901123,0.02811017632484436,15.349888125046077
USR,QoS score,holdout_test_testsize0.2_rs42_shuffleTrue,783,800.0,0.7447900176048279,0.49604418873786926,0.24874582886695862,33.39811530596247
USR,QoS score,holdout_test_testsize0.2_rs42_shuffleTrue,784,3000.0,0.2924741208553314,0.29342347383499146,0.0009493529796600342,0.3245938399211804
USR,QoS score,holdout_test_testsize0.2_rs42_shuffleTrue,785,800.0,0.5022624731063843,0.49604418873786926,0.006218284368515015,1.2380547425843458
USR,QoS score,holdout_test_testsize0.2_rs42_shuffleTrue,786,40.0,0.9597499966621399,0.9332154393196106,0.026534557342529297,2.7647363828926625
USR,QoS score,holdout_test_testsize0.2_rs42_shuffleTrue,787,800.0,0.5258275270462036,0.49604418873786926,0.02978333830833435,5.664088845945362
USR,QoS score,holdout_test_testsize0.2_rs42_shuffleTrue,788,10.0,0.9398900270462036,0.9152559041976929,0.024634122848510742,2.6209579993021634
USR,QoS score,holdout_test_testsize0.2_rs42_shuffleTrue,789,2000.0,0.40788018703460693,0.3693827688694,0.03849741816520691,9.438413384355089
USR,QoS score,holdout_test_testsize0.2_rs42_shuffleTrue,790,0.009999999776482582,0.79920494556427,0.7836974859237671,0.01550745964050293,1.9403608206595937
USR,QoS score,holdout_test_testsize0.2_rs42_shuffleTrue,791,800.0,0.5337355136871338,0.49604418873786926,0.037691324949264526,7.061798209545132
USR,QoS score,holdout_test_testsize0.2_rs42_shuffleTrue,792,10.0,0.9198949933052063,0.9152559041976929,0.004639089107513428,0.5043063764098836
USR,QoS score,holdout_test_testsize0.2_rs42_shuffleTrue,793,0.009999999776482582,0.7593799829483032,0.7836974859237671,0.024317502975463867,3.2022839054896903
USR,QoS score,holdout_test_testsize0.2_rs42_shuffleTrue,794,600.0,0.5720493197441101,0.5749532580375671,0.0029039382934570312,0.5076377496185163
USR,QoS score,holdout_test_testsize0.2_rs42_shuffleTrue,795,60.0,0.9596400260925293,0.9357021450996399,0.023937880992889404,2.4944646265287496
USR,QoS score,holdout_test_testsize0.2_rs42_shuffleTrue,796,6.0,0.9195733070373535,0.9046122431755066,0.014961063861846924,1.626957171043591
USR,QoS score,holdout_test_testsize0.2_rs42_shuffleTrue,797,1000.0,0.38076838850975037,0.4629844129085541,0.08221602439880371,21.592134977533302
USR,QoS score,holdout_test_testsize0.2_rs42_shuffleTrue,798,6.0,0.8996033072471619,0.9046122431755066,0.0050089359283447266,0.5567938543570232
USR,QoS score,holdout_test_testsize0.2_rs42_shuffleTrue,799,2.0,0.9196249842643738,0.8750752806663513,0.04454970359802246,4.844333762164873
USR,QoS score,holdout_test_testsize0.2_rs42_shuffleTrue,800,1.0,0.8392500281333923,0.8510873913764954,0.011837363243103027,1.410469210162668
USR,QoS score,holdout_test_testsize0.2_rs42_shuffleTrue,801,10.0,0.519819974899292,0.9152559041976929,0.3954359292984009,76.0717072049821
USR,QoS score,holdout_test_testsize0.2_rs42_shuffleTrue,802,1.0,0.8392599821090698,0.8510873913764954,0.011827409267425537,1.4092664394295467
USR,QoS score,holdout_test_testsize0.2_rs42_shuffleTrue,803,2.0,0.8596600294113159,0.8750752806663513,0.0154152512550354,1.7931799464483145
USR,QoS score,holdout_test_testsize0.2_rs42_shuffleTrue,804,60.0,0.5394700169563293,0.9357021450996399,0.39623212814331055,73.44840597051865
USR,QoS score,holdout_test_testsize0.2_rs42_shuffleTrue,805,60.0,0.9396633505821228,0.9357021450996399,0.00396120548248291,0.42155581358248545
USR,QoS score,holdout_test_testsize0.2_rs42_shuffleTrue,806,2.0,0.9197149872779846,0.8750752806663513,0.0446397066116333,4.85364566513701
USR,QoS score,holdout_test_testsize0.2_rs42_shuffleTrue,807,5000.0,0.17467111349105835,0.21123969554901123,0.03656858205795288,20.935678102163628
USR,QoS score,holdout_test_testsize0.2_rs42_shuffleTrue,808,0.10000000149011612,0.7994899749755859,0.7836357355117798,0.015854239463806152,1.9830441856747854
USR,QoS score,holdout_test_testsize0.2_rs42_shuffleTrue,809,20.0,0.9396049976348877,0.9208495616912842,0.018755435943603516,1.9960979337927613
USR,QoS score,holdout_test_testsize0.2_rs42_shuffleTrue,810,2000.0,0.37599900364875793,0.3693827688694,0.00661623477935791,1.7596415722256837
USR,QoS score,holdout_test_testsize0.2_rs42_shuffleTrue,811,60.0,0.8994683623313904,0.9357021450996399,0.03623378276824951,4.028355447025709
USR,QoS score,holdout_test_testsize0.2_rs42_shuffleTrue,812,20.0,0.9399049878120422,0.9208495616912842,0.019055426120758057,2.0273779124330673
USR,QoS score,holdout_test_testsize0.2_rs42_shuffleTrue,813,5000.0,0.3825035095214844,0.21123969554901123,0.17126381397247314,44.774442510795744
USR,QoS score,holdout_test_testsize0.2_rs42_shuffleTrue,814,6.0,0.8996483087539673,0.9046122431755066,0.004963934421539307,0.5517638807562997
USR,QoS score,holdout_test_testsize0.2_rs42_shuffleTrue,815,4000.0,0.2178473025560379,0.2507481276988983,0.03290082514286041,15.102700266117445
USR,QoS score,holdout_test_testsize0.2_rs42_shuffleTrue,816,1000.0,0.3968783915042877,0.4629844129085541,0.06610602140426636,16.656492976023408
USR,QoS score,holdout_test_testsize0.2_rs42_shuffleTrue,817,600.0,0.5649549961090088,0.5749532580375671,0.00999826192855835,1.769744846477855
USR,QoS score,holdout_test_testsize0.2_rs42_shuffleTrue,818,6.0,0.8997083306312561,0.9046122431755066,0.004903912544250488,0.5450558116773011
USR,QoS score,holdout_test_testsize0.2_rs42_shuffleTrue,819,5000.0,0.16874808073043823,0.21123969554901123,0.042491614818573,25.180502577952286
USR,QoS score,holdout_test_testsize0.2_rs42_shuffleTrue,820,3000.0,0.29678240418434143,0.29342347383499146,0.0033589303493499756,1.1317821750859705
USR,QoS score,holdout_test_testsize0.2_rs42_shuffleTrue,821,20.0,0.9395750164985657,0.9208495616912842,0.018725454807281494,1.9929707025484835
USR,QoS score,holdout_test_testsize0.2_rs42_shuffleTrue,822,6.0,0.8997933268547058,0.9046122431755066,0.004818916320800781,0.535558130626025
USR,QoS score,holdout_test_testsize0.2_rs42_shuffleTrue,823,4.0,0.9196149706840515,0.8956462144851685,0.023968756198883057,2.606390387604717
USR,QoS score,holdout_test_testsize0.2_rs42_shuffleTrue,824,80.0,0.9597399830818176,0.9312755465507507,0.028464436531066895,2.96584877496349
USR,QoS score,holdout_test_testsize0.2_rs42_shuffleTrue,825,60.0,0.9597416520118713,0.9357021450996399,0.024039506912231445,2.5047893734567324
USR,QoS score,holdout_test_testsize0.2_rs42_shuffleTrue,826,2000.0,0.3691588044166565,0.3693827688694,0.00022396445274353027,0.060668863931726665
USR,QoS score,holdout_test_testsize0.2_rs42_shuffleTrue,827,1000.0,0.5215321779251099,0.4629844129085541,0.058547765016555786,11.2261078979796
USR,QoS score,holdout_test_testsize0.2_rs42_shuffleTrue,828,10.0,0.9399549961090088,0.9152559041976929,0.024699091911315918,2.627688773777368
USR,QoS score,holdout_test_testsize0.2_rs42_shuffleTrue,829,1.0,0.4396499991416931,0.8510873913764954,0.41143739223480225,93.58293939225089
USR,QoS score,holdout_test_testsize0.2_rs42_shuffleTrue,830,200.0,0.9196000099182129,0.9125451445579529,0.00705486536026001,0.7671667338158742
USR,QoS score,holdout_test_testsize0.2_rs42_shuffleTrue,831,800.0,0.5022900104522705,0.49604418873786926,0.006245821714401245,1.2434692278226678
USR,QoS score,holdout_test_testsize0.2_rs42_shuffleTrue,832,4.0,0.8998900055885315,0.8956462144851685,0.004243791103363037,0.4715899806652016
USR,QoS score,holdout_test_testsize0.2_rs42_shuffleTrue,833,400.0,0.9383509755134583,0.9122192859649658,0.02613168954849243,2.7848523879024456
USR,QoS score,holdout_test_testsize0.2_rs42_shuffleTrue,834,400.0,0.9388030171394348,0.9122192859649658,0.026583731174468994,2.831662307122802
USR,QoS score,holdout_test_testsize0.2_rs42_shuffleTrue,835,600.0,0.5773483514785767,0.5749532580375671,0.0023950934410095215,0.41484373080406983
USR,QoS score,holdout_test_testsize0.2_rs42_shuffleTrue,836,600.0,0.5699359774589539,0.5749532580375671,0.005017280578613281,0.8803235410725795
USR,QoS score,holdout_test_testsize0.2_rs42_shuffleTrue,837,200.0,0.9196010231971741,0.9125451445579529,0.007055878639221191,0.7672760753016606
USR,QoS score,holdout_test_testsize0.2_rs42_shuffleTrue,838,3000.0,0.24049599468708038,0.29342347383499146,0.05292747914791107,22.00763435448365
USR,QoS score,holdout_test_testsize0.2_rs42_shuffleTrue,839,4.0,0.8995400071144104,0.8956462144851685,0.0038937926292419434,0.43286486409122
USR,QoS score,holdout_test_testsize0.2_rs42_shuffleTrue,840,0.10000000149011612,0.7996000051498413,0.7836357355117798,0.015964269638061523,1.9965319578843541
USR,QoS score,holdout_test_testsize0.2_rs42_shuffleTrue,841,4000.0,0.43272221088409424,0.2507481276988983,0.18197408318519592,42.05332626984986
USR,QoS score,holdout_test_testsize0.2_rs42_shuffleTrue,842,3000.0,0.2930525243282318,0.29342347383499146,0.00037094950675964355,0.12658123577333996
USR,QoS score,holdout_test_testsize0.2_rs42_shuffleTrue,843,100.0,0.9596899747848511,0.9268013834953308,0.032888591289520264,3.4270016519546767
USR,QoS score,holdout_test_testsize0.2_rs42_shuffleTrue,844,5000.0,0.0,0.21123969554901123,0.21123969554901123,21123.969554901123
USR,QoS score,holdout_test_testsize0.2_rs42_shuffleTrue,845,100.0,0.9599000215530396,0.9268013834953308,0.03309863805770874,3.4481339008783287
USR,QoS score,holdout_test_testsize0.2_rs42_shuffleTrue,846,20.0,0.9396299719810486,0.9208495616912842,0.018780410289764404,1.9987027712801808
USR,QoS score,holdout_test_testsize0.2_rs42_shuffleTrue,847,8.0,0.9198949933052063,0.9106091260910034,0.00928586721420288,1.0094486090024821
USR,QoS score,holdout_test_testsize0.2_rs42_shuffleTrue,848,2.0,0.9200000166893005,0.8750752806663513,0.04492473602294922,4.883123392172835
USR,QoS score,holdout_test_testsize0.2_rs42_shuffleTrue,849,8.0,0.9198049902915955,0.9106091260910034,0.009195864200592041,0.999762373291406
USR,QoS score,holdout_test_testsize0.2_rs42_shuffleTrue,850,60.0,0.9596199989318848,0.9357021450996399,0.023917853832244873,2.4924296970537188
USR,QoS score,holdout_test_testsize0.2_rs42_shuffleTrue,851,10.0,0.9397799968719482,0.9152559041976929,0.02452409267425537,2.609556785192668
USR,QoS score,holdout_test_testsize0.2_rs42_shuffleTrue,852,0.009999999776482582,0.7593899369239807,0.7836974859237671,0.024307548999786377,3.2009311445774005
USR,QoS score,holdout_test_testsize0.2_rs42_shuffleTrue,853,80.0,0.9597100019454956,0.9312755465507507,0.028434455394744873,2.962817448719237
USR,QoS score,holdout_test_testsize0.2_rs42_shuffleTrue,854,5000.0,0.37804940342903137,0.21123969554901123,0.16680970788002014,44.12378550713258
USR,QoS score,holdout_test_testsize0.2_rs42_shuffleTrue,855,2.0,0.9194999933242798,0.8750752806663513,0.04442471265792847,4.831398910327259
USR,QoS score,holdout_test_testsize0.2_rs42_shuffleTrue,856,5000.0,0.38114508986473083,0.21123969554901123,0.1699053943157196,44.577615935186095
USR,QoS score,holdout_test_testsize0.2_rs42_shuffleTrue,857,1000.0,0.5102728009223938,0.4629844129085541,0.04728838801383972,9.267275843109596
USR,QoS score,holdout_test_testsize0.2_rs42_shuffleTrue,858,3000.0,0.2423294633626938,0.29342347383499146,0.05109401047229767,21.084522601292363
USR,QoS score,holdout_test_testsize0.2_rs42_shuffleTrue,859,100.0,0.9396100044250488,0.9268013834953308,0.012808620929718018,1.3631848181050035
USR,QoS score,holdout_test_testsize0.2_rs42_shuffleTrue,860,2.0,0.9196149706840515,0.8750752806663513,0.044539690017700195,4.843297623196537
USR,QoS score,holdout_test_testsize0.2_rs42_shuffleTrue,861,2.0,0.919510006904602,0.8750752806663513,0.04443472623825073,4.8324353084349605
USR,QoS score,holdout_test_testsize0.2_rs42_shuffleTrue,862,4.0,0.9396299719810486,0.8956462144851685,0.04398375749588013,4.680965785196052
USR,QoS score,holdout_test_testsize0.2_rs42_shuffleTrue,863,100.0,0.959846019744873,0.9268013834953308,0.033044636249542236,3.4427018052672134
USR,QoS score,holdout_test_testsize0.2_rs42_shuffleTrue,864,2.0,0.8397849798202515,0.8750752806663513,0.035290300846099854,4.202301981354016
USR,QoS score,holdout_test_testsize0.2_rs42_shuffleTrue,865,10.0,0.9398499727249146,0.9152559041976929,0.02459406852722168,2.6168079205147925
USR,QoS score,holdout_test_testsize0.2_rs42_shuffleTrue,866,4000.0,0.2251186966896057,0.2507481276988983,0.025629431009292603,11.384852251801428
USR,QoS score,holdout_test_testsize0.2_rs42_shuffleTrue,867,2.0,0.8996649980545044,0.8750752806663513,0.024589717388153076,2.733208187639568
USR,QoS score,holdout_test_testsize0.2_rs42_shuffleTrue,868,8.0,0.8797850012779236,0.9106091260910034,0.030824124813079834,3.5035974435011434
USR,QoS score,holdout_test_testsize0.2_rs42_shuffleTrue,869,1000.0,0.5134338140487671,0.4629844129085541,0.05044940114021301,9.82588208251925
USR,QoS score,holdout_test_testsize0.2_rs42_shuffleTrue,870,100.0,0.9196959733963013,0.9268013834953308,0.007105410099029541,0.7725824951467725
USR,QoS score,holdout_test_testsize0.2_rs42_shuffleTrue,871,8.0,0.9397799968719482,0.9106091260910034,0.029170870780944824,3.104010606529175
USR,QoS score,holdout_test_testsize0.2_rs42_shuffleTrue,872,800.0,0.5172075033187866,0.49604418873786926,0.02116331458091736,4.0918421417164
USR,QoS score,holdout_test_testsize0.2_rs42_shuffleTrue,873,5000.0,0.18219031393527985,0.21123969554901123,0.029049381613731384,15.944525801767215
USR,QoS score,holdout_test_testsize0.2_rs42_shuffleTrue,874,80.0,0.9597049951553345,0.9312755465507507,0.02842944860458374,2.962311204807499
USR,QoS score,holdout_test_testsize0.2_rs42_shuffleTrue,875,80.0,0.9597150087356567,0.9312755465507507,0.028439462184906006,2.963323687348871
USR,QoS score,holdout_test_testsize0.2_rs42_shuffleTrue,876,200.0,0.919251024723053,0.9125451445579529,0.006705880165100098,0.7294939015292813
USR,QoS score,holdout_test_testsize0.2_rs42_shuffleTrue,877,400.0,0.939740002155304,0.9122192859649658,0.027520716190338135,2.9285457815160654
USR,QoS score,holdout_test_testsize0.2_rs42_shuffleTrue,878,4.0,0.8396900296211243,0.8956462144851685,0.05595618486404419,6.6639096440494985
USR,QoS score,holdout_test_testsize0.2_rs42_shuffleTrue,879,800.0,0.547885000705719,0.49604418873786926,0.05184081196784973,9.461987807856518
USR,QoS score,holdout_test_testsize0.2_rs42_shuffleTrue,880,800.0,0.5464649796485901,0.49604418873786926,0.050420790910720825,9.226719513324428
USR,QoS score,holdout_test_testsize0.2_rs42_shuffleTrue,881,40.0,0.939644992351532,0.9332154393196106,0.006429553031921387,0.6842534238203035
USR,QoS score,holdout_test_testsize0.2_rs42_shuffleTrue,882,600.0,0.5728256702423096,0.5749532580375671,0.0021275877952575684,0.3714197714563984
USR,QoS score,holdout_test_testsize0.2_rs42_shuffleTrue,883,20.0,0.9196850061416626,0.9208495616912842,0.001164555549621582,0.12662547957666725
USR,QoS score,holdout_test_testsize0.2_rs42_shuffleTrue,884,4.0,0.9195200204849243,0.8956462144851685,0.02387380599975586,2.5963334639702143
USR,QoS score,holdout_test_testsize0.2_rs42_shuffleTrue,885,10.0,0.9199600219726562,0.9152559041976929,0.004704117774963379,0.5113393693865534
USR,QoS score,holdout_test_testsize0.2_rs42_shuffleTrue,886,4000.0,0.2251407951116562,0.2507481276988983,0.025607332587242126,11.373919406539558
USR,QoS score,holdout_test_testsize0.2_rs42_shuffleTrue,887,600.0,0.5615869760513306,0.5749532580375671,0.013366281986236572,2.3800911624088052
USR,QoS score,holdout_test_testsize0.2_rs42_shuffleTrue,888,60.0,0.9597200155258179,0.9357021450996399,0.02401787042617798,2.5025913847403616
USR,QoS score,holdout_test_testsize0.2_rs42_shuffleTrue,889,1.0,0.8998000025749207,0.8510873913764954,0.04871261119842529,5.41371538775577
USR,QoS score,holdout_test_testsize0.2_rs42_shuffleTrue,890,0.009999999776482582,0.7592499852180481,0.7836974859237671,0.024447500705718994,3.2199540575161083
USR,QoS score,holdout_test_testsize0.2_rs42_shuffleTrue,891,20.0,0.9396299719810486,0.9208495616912842,0.018780410289764404,1.9987027712801808
USR,QoS score,holdout_test_testsize0.2_rs42_shuffleTrue,892,600.0,0.5637069940567017,0.5749532580375671,0.011246263980865479,1.9950548954399259
USR,QoS score,holdout_test_testsize0.2_rs42_shuffleTrue,893,20.0,0.93961501121521,0.9208495616912842,0.01876544952392578,1.9971423721356165
USR,QoS score,holdout_test_testsize0.2_rs42_shuffleTrue,894,400.0,0.9195219874382019,0.9122192859649658,0.007302701473236084,0.7941845407722645
USR,QoS score,holdout_test_testsize0.2_rs42_shuffleTrue,895,400.0,0.9386039972305298,0.9122192859649658,0.026384711265563965,2.8110589069954317
USR,QoS score,holdout_test_testsize0.2_rs42_shuffleTrue,896,10.0,0.9398199915885925,0.9152559041976929,0.024564087390899658,2.613701305648818
USR,QoS score,holdout_test_testsize0.2_rs42_shuffleTrue,897,60.0,0.959868311882019,0.9357021450996399,0.02416616678237915,2.5176543993828084
USR,QoS score,holdout_test_testsize0.2_rs42_shuffleTrue,898,400.0,0.9593449831008911,0.9122192859649658,0.04712569713592529,4.912278478134204
USR,QoS score,holdout_test_testsize0.2_rs42_shuffleTrue,899,400.0,0.9592480063438416,0.9122192859649658,0.04702872037887573,4.902665428320768
USR,QoS score,holdout_test_testsize0.2_rs42_shuffleTrue,900,800.0,0.5242570042610168,0.49604418873786926,0.028212815523147583,5.381485663299026
USR,QoS score,holdout_test_testsize0.2_rs42_shuffleTrue,901,2.0,0.919634997844696,0.8750752806663513,0.04455971717834473,4.845369878568908
USR,QoS score,holdout_test_testsize0.2_rs42_shuffleTrue,902,600.0,0.5722586512565613,0.5749532580375671,0.0026946067810058594,0.470872179055583
USR,QoS score,holdout_test_testsize0.2_rs42_shuffleTrue,903,6.0,0.5391950011253357,0.9046122431755066,0.3654172420501709,67.77088832194677
USR,QoS score,holdout_test_testsize0.2_rs42_shuffleTrue,904,4000.0,0.42436152696609497,0.2507481276988983,0.17361339926719666,40.91167276836285
USR,QoS score,holdout_test_testsize0.2_rs42_shuffleTrue,905,800.0,0.6155095100402832,0.49604418873786926,0.11946532130241394,19.40917554541039
USR,QoS score,holdout_test_testsize0.2_rs42_shuffleTrue,906,4000.0,0.0,0.2507481276988983,0.2507481276988983,25074.81276988983
USR,QoS score,holdout_test_testsize0.2_rs42_shuffleTrue,907,1.0,0.8190249800682068,0.8510873913764954,0.032062411308288574,3.914704934349924
USR,QoS score,holdout_test_testsize0.2_rs42_shuffleTrue,908,10.0,0.8796899914741516,0.9152559041976929,0.03556591272354126,4.043005270975203
USR,QoS score,holdout_test_testsize0.2_rs42_shuffleTrue,909,20.0,0.939644992351532,0.9208495616912842,0.018795430660247803,2.0002693371685867
USR,QoS score,holdout_test_testsize0.2_rs42_shuffleTrue,910,600.0,0.5734543204307556,0.5749532580375671,0.0014989376068115234,0.26138744681277876
USR,QoS score,holdout_test_testsize0.2_rs42_shuffleTrue,911,600.0,0.5625193119049072,0.5749532580375671,0.012433946132659912,2.210403424293786
USR,QoS score,holdout_test_testsize0.2_rs42_shuffleTrue,912,1.0,0.8793050050735474,0.8510873913764954,0.028217613697052002,3.209081437525971
