model_name,target,split_name,sample_idx,time_index,timestamp,y_true,y_pred,abs_error,ape_safe_pct
traffic_predictor.keras,Traffic_Mbps_scaled (MinMax inverse only; load-scaling preserved),holdout_test_seq96_testsize0.2_rs42_shuffleFalse,0,2707,2019-04-29 04:45:00,23.100521,32.53371,9.433189,40.835396
traffic_predictor.keras,Traffic_Mbps_scaled (MinMax inverse only; load-scaling preserved),holdout_test_seq96_testsize0.2_rs42_shuffleFalse,1,2708,2019-04-29 05:00:00,32.196175,32.73537,0.539196,1.6747209
traffic_predictor.keras,Traffic_Mbps_scaled (MinMax inverse only; load-scaling preserved),holdout_test_seq96_testsize0.2_rs42_shuffleFalse,2,2709,2019-04-29 05:15:00,42.098076,34.10306,7.995014,18.9914
traffic_predictor.keras,Traffic_Mbps_scaled (MinMax inverse only; load-scaling preserved),holdout_test_seq96_testsize0.2_rs42_shuffleFalse,3,2710,2019-04-29 05:30:00,39.22251,37.134865,2.0876465,5.322572
traffic_predictor.keras,Traffic_Mbps_scaled (MinMax inverse only; load-scaling preserved),holdout_test_seq96_testsize0.2_rs42_shuffleFalse,4,2711,2019-04-29 05:45:00,27.164865,40.821358,13.656492,50.272633
traffic_predictor.keras,Traffic_Mbps_scaled (MinMax inverse only; load-scaling preserved),holdout_test_seq96_testsize0.2_rs42_shuffleFalse,5,2712,2019-04-29 06:00:00,34.475304,43.79078,9.315475,27.02072
traffic_predictor.keras,Traffic_Mbps_scaled (MinMax inverse only; load-scaling preserved),holdout_test_seq96_testsize0.2_rs42_shuffleFalse,6,2713,2019-04-29 06:15:00,25.935062,46.81943,20.884369,80.52562
traffic_predictor.keras,Traffic_Mbps_scaled (MinMax inverse only; load-scaling preserved),holdout_test_seq96_testsize0.2_rs42_shuffleFalse,7,2714,2019-04-29 06:30:00,29.58071,49.89114,20.31043,68.661064
traffic_predictor.keras,Traffic_Mbps_scaled (MinMax inverse only; load-scaling preserved),holdout_test_seq96_testsize0.2_rs42_shuffleFalse,8,2715,2019-04-29 06:45:00,47.99836,53.12534,5.12698,10.681573
traffic_predictor.keras,Traffic_Mbps_scaled (MinMax inverse only; load-scaling preserved),holdout_test_seq96_testsize0.2_rs42_shuffleFalse,9,2716,2019-04-29 07:00:00,70.49388,57.159122,13.334759,18.916193
traffic_predictor.keras,Traffic_Mbps_scaled (MinMax inverse only; load-scaling preserved),holdout_test_seq96_testsize0.2_rs42_shuffleFalse,10,2717,2019-04-29 07:15:00,90.06549,62.740284,27.325207,30.339264
traffic_predictor.keras,Traffic_Mbps_scaled (MinMax inverse only; load-scaling preserved),holdout_test_seq96_testsize0.2_rs42_shuffleFalse,11,2718,2019-04-29 07:30:00,83.12714,69.42563,13.701508,16.482594
traffic_predictor.keras,Traffic_Mbps_scaled (MinMax inverse only; load-scaling preserved),holdout_test_seq96_testsize0.2_rs42_shuffleFalse,12,2719,2019-04-29 07:45:00,97.02323,75.50841,21.514824,22.174921
traffic_predictor.keras,Traffic_Mbps_scaled (MinMax inverse only; load-scaling preserved),holdout_test_seq96_testsize0.2_rs42_shuffleFalse,13,2720,2019-04-29 08:00:00,80.496445,82.04031,1.543869,1.9179344
traffic_predictor.keras,Traffic_Mbps_scaled (MinMax inverse only; load-scaling preserved),holdout_test_seq96_testsize0.2_rs42_shuffleFalse,14,2721,2019-04-29 08:15:00,97.226845,87.42571,9.801132,10.080686
traffic_predictor.keras,Traffic_Mbps_scaled (MinMax inverse only; load-scaling preserved),holdout_test_seq96_testsize0.2_rs42_shuffleFalse,15,2722,2019-04-29 08:30:00,92.727,92.35303,0.37397003,0.40330222
traffic_predictor.keras,Traffic_Mbps_scaled (MinMax inverse only; load-scaling preserved),holdout_test_seq96_testsize0.2_rs42_shuffleFalse,16,2723,2019-04-29 08:45:00,101.9575,96.12667,5.830826,5.718879
traffic_predictor.keras,Traffic_Mbps_scaled (MinMax inverse only; load-scaling preserved),holdout_test_seq96_testsize0.2_rs42_shuffleFalse,17,2724,2019-04-29 09:00:00,119.30823,99.478745,19.829483,16.62038
traffic_predictor.keras,Traffic_Mbps_scaled (MinMax inverse only; load-scaling preserved),holdout_test_seq96_testsize0.2_rs42_shuffleFalse,18,2725,2019-04-29 09:15:00,88.71131,103.42039,14.709076,16.580835
traffic_predictor.keras,Traffic_Mbps_scaled (MinMax inverse only; load-scaling preserved),holdout_test_seq96_testsize0.2_rs42_shuffleFalse,19,2726,2019-04-29 09:30:00,69.21647,105.04396,35.82749,51.761513
traffic_predictor.keras,Traffic_Mbps_scaled (MinMax inverse only; load-scaling preserved),holdout_test_seq96_testsize0.2_rs42_shuffleFalse,20,2727,2019-04-29 09:45:00,83.45688,103.74762,20.290741,24.312845
traffic_predictor.keras,Traffic_Mbps_scaled (MinMax inverse only; load-scaling preserved),holdout_test_seq96_testsize0.2_rs42_shuffleFalse,21,2728,2019-04-29 10:00:00,78.56983,101.900665,23.330833,29.69439
traffic_predictor.keras,Traffic_Mbps_scaled (MinMax inverse only; load-scaling preserved),holdout_test_seq96_testsize0.2_rs42_shuffleFalse,22,2729,2019-04-29 10:15:00,88.632385,99.52343,10.891045,12.287884
traffic_predictor.keras,Traffic_Mbps_scaled (MinMax inverse only; load-scaling preserved),holdout_test_seq96_testsize0.2_rs42_shuffleFalse,23,2730,2019-04-29 10:30:00,75.12909,97.79575,22.666664,30.170288
traffic_predictor.keras,Traffic_Mbps_scaled (MinMax inverse only; load-scaling preserved),holdout_test_seq96_testsize0.2_rs42_shuffleFalse,24,2731,2019-04-29 10:45:00,75.80483,95.652885,19.848053,26.183098
traffic_predictor.keras,Traffic_Mbps_scaled (MinMax inverse only; load-scaling preserved),holdout_test_seq96_testsize0.2_rs42_shuffleFalse,25,2732,2019-04-29 11:00:00,81.228355,93.57291,12.344551,15.197343
traffic_predictor.keras,Traffic_Mbps_scaled (MinMax inverse only; load-scaling preserved),holdout_test_seq96_testsize0.2_rs42_shuffleFalse,26,2733,2019-04-29 11:15:00,95.57491,92.12005,3.4548645,3.6148236
traffic_predictor.keras,Traffic_Mbps_scaled (MinMax inverse only; load-scaling preserved),holdout_test_seq96_testsize0.2_rs42_shuffleFalse,27,2734,2019-04-29 11:30:00,99.05851,92.18047,6.8780365,6.9434075
traffic_predictor.keras,Traffic_Mbps_scaled (MinMax inverse only; load-scaling preserved),holdout_test_seq96_testsize0.2_rs42_shuffleFalse,28,2735,2019-04-29 11:45:00,92.43672,93.34268,0.9059601,0.9800868
traffic_predictor.keras,Traffic_Mbps_scaled (MinMax inverse only; load-scaling preserved),holdout_test_seq96_testsize0.2_rs42_shuffleFalse,29,2736,2019-04-29 12:00:00,144.76991,94.54843,50.22148,34.69055
traffic_predictor.keras,Traffic_Mbps_scaled (MinMax inverse only; load-scaling preserved),holdout_test_seq96_testsize0.2_rs42_shuffleFalse,30,2737,2019-04-29 12:15:00,173.03966,99.35691,73.68275,42.58142
traffic_predictor.keras,Traffic_Mbps_scaled (MinMax inverse only; load-scaling preserved),holdout_test_seq96_testsize0.2_rs42_shuffleFalse,31,2738,2019-04-29 12:30:00,183.64317,107.73163,75.911545,41.336437
traffic_predictor.keras,Traffic_Mbps_scaled (MinMax inverse only; load-scaling preserved),holdout_test_seq96_testsize0.2_rs42_shuffleFalse,32,2739,2019-04-29 12:45:00,204.849,118.00802,86.84098,42.39268
traffic_predictor.keras,Traffic_Mbps_scaled (MinMax inverse only; load-scaling preserved),holdout_test_seq96_testsize0.2_rs42_shuffleFalse,33,2740,2019-04-29 13:00:00,243.32658,129.77039,113.5562,46.668224
traffic_predictor.keras,Traffic_Mbps_scaled (MinMax inverse only; load-scaling preserved),holdout_test_seq96_testsize0.2_rs42_shuffleFalse,34,2741,2019-04-29 13:15:00,205.10437,144.01102,61.093353,29.78647
traffic_predictor.keras,Traffic_Mbps_scaled (MinMax inverse only; load-scaling preserved),holdout_test_seq96_testsize0.2_rs42_shuffleFalse,35,2742,2019-04-29 13:30:00,181.0352,154.85373,26.181473,14.46209
traffic_predictor.keras,Traffic_Mbps_scaled (MinMax inverse only; load-scaling preserved),holdout_test_seq96_testsize0.2_rs42_shuffleFalse,36,2743,2019-04-29 13:45:00,148.8819,160.53767,11.655777,7.828875
traffic_predictor.keras,Traffic_Mbps_scaled (MinMax inverse only; load-scaling preserved),holdout_test_seq96_testsize0.2_rs42_shuffleFalse,37,2744,2019-04-29 14:00:00,144.54718,159.96182,15.414642,10.66409
traffic_predictor.keras,Traffic_Mbps_scaled (MinMax inverse only; load-scaling preserved),holdout_test_seq96_testsize0.2_rs42_shuffleFalse,38,2745,2019-04-29 14:15:00,156.44606,155.52339,0.92266846,0.5897678
traffic_predictor.keras,Traffic_Mbps_scaled (MinMax inverse only; load-scaling preserved),holdout_test_seq96_testsize0.2_rs42_shuffleFalse,39,2746,2019-04-29 14:30:00,136.00374,150.182,14.178268,10.424911
traffic_predictor.keras,Traffic_Mbps_scaled (MinMax inverse only; load-scaling preserved),holdout_test_seq96_testsize0.2_rs42_shuffleFalse,40,2747,2019-04-29 14:45:00,130.83182,143.2411,12.4092865,9.484915
traffic_predictor.keras,Traffic_Mbps_scaled (MinMax inverse only; load-scaling preserved),holdout_test_seq96_testsize0.2_rs42_shuffleFalse,41,2748,2019-04-29 15:00:00,107.83933,135.777,27.93766,25.906744
traffic_predictor.keras,Traffic_Mbps_scaled (MinMax inverse only; load-scaling preserved),holdout_test_seq96_testsize0.2_rs42_shuffleFalse,42,2749,2019-04-29 15:15:00,101.24243,127.08319,25.84076,25.523645
traffic_predictor.keras,Traffic_Mbps_scaled (MinMax inverse only; load-scaling preserved),holdout_test_seq96_testsize0.2_rs42_shuffleFalse,43,2750,2019-04-29 15:30:00,109.539825,118.205444,8.665619,7.9109297
traffic_predictor.keras,Traffic_Mbps_scaled (MinMax inverse only; load-scaling preserved),holdout_test_seq96_testsize0.2_rs42_shuffleFalse,44,2751,2019-04-29 15:45:00,105.47917,110.81437,5.3351974,5.058058
traffic_predictor.keras,Traffic_Mbps_scaled (MinMax inverse only; load-scaling preserved),holdout_test_seq96_testsize0.2_rs42_shuffleFalse,45,2752,2019-04-29 16:00:00,114.62477,104.76828,9.856491,8.598919
traffic_predictor.keras,Traffic_Mbps_scaled (MinMax inverse only; load-scaling preserved),holdout_test_seq96_testsize0.2_rs42_shuffleFalse,46,2753,2019-04-29 16:15:00,111.96395,100.86544,11.098511,9.912575
traffic_predictor.keras,Traffic_Mbps_scaled (MinMax inverse only; load-scaling preserved),holdout_test_seq96_testsize0.2_rs42_shuffleFalse,47,2754,2019-04-29 16:30:00,126.29993,98.453926,27.846,22.04752
traffic_predictor.keras,Traffic_Mbps_scaled (MinMax inverse only; load-scaling preserved),holdout_test_seq96_testsize0.2_rs42_shuffleFalse,48,2755,2019-04-29 16:45:00,119.59821,98.254036,21.344177,17.846567
traffic_predictor.keras,Traffic_Mbps_scaled (MinMax inverse only; load-scaling preserved),holdout_test_seq96_testsize0.2_rs42_shuffleFalse,49,2756,2019-04-29 17:00:00,153.53519,98.88454,54.65065,35.594868
traffic_predictor.keras,Traffic_Mbps_scaled (MinMax inverse only; load-scaling preserved),holdout_test_seq96_testsize0.2_rs42_shuffleFalse,50,2757,2019-04-29 17:15:00,168.09651,102.46366,65.63285,39.044743
traffic_predictor.keras,Traffic_Mbps_scaled (MinMax inverse only; load-scaling preserved),holdout_test_seq96_testsize0.2_rs42_shuffleFalse,51,2758,2019-04-29 17:30:00,139.95586,108.4196,31.536255,22.533
traffic_predictor.keras,Traffic_Mbps_scaled (MinMax inverse only; load-scaling preserved),holdout_test_seq96_testsize0.2_rs42_shuffleFalse,52,2759,2019-04-29 17:45:00,176.5917,113.003235,63.58847,36.00875
traffic_predictor.keras,Traffic_Mbps_scaled (MinMax inverse only; load-scaling preserved),holdout_test_seq96_testsize0.2_rs42_shuffleFalse,53,2760,2019-04-29 18:00:00,160.74718,119.08099,41.666183,25.920319
traffic_predictor.keras,Traffic_Mbps_scaled (MinMax inverse only; load-scaling preserved),holdout_test_seq96_testsize0.2_rs42_shuffleFalse,54,2761,2019-04-29 18:15:00,214.69365,124.03036,90.66329,42.229145
traffic_predictor.keras,Traffic_Mbps_scaled (MinMax inverse only; load-scaling preserved),holdout_test_seq96_testsize0.2_rs42_shuffleFalse,55,2762,2019-04-29 18:30:00,215.17981,131.9417,83.23811,38.683052
traffic_predictor.keras,Traffic_Mbps_scaled (MinMax inverse only; load-scaling preserved),holdout_test_seq96_testsize0.2_rs42_shuffleFalse,56,2763,2019-04-29 18:45:00,164.78413,140.5329,24.251236,14.716972
traffic_predictor.keras,Traffic_Mbps_scaled (MinMax inverse only; load-scaling preserved),holdout_test_seq96_testsize0.2_rs42_shuffleFalse,57,2764,2019-04-29 19:00:00,175.81477,144.55275,31.262024,17.781227
traffic_predictor.keras,Traffic_Mbps_scaled (MinMax inverse only; load-scaling preserved),holdout_test_seq96_testsize0.2_rs42_shuffleFalse,58,2765,2019-04-29 19:15:00,189.42035,146.43163,42.988724,22.694881
traffic_predictor.keras,Traffic_Mbps_scaled (MinMax inverse only; load-scaling preserved),holdout_test_seq96_testsize0.2_rs42_shuffleFalse,59,2766,2019-04-29 19:30:00,169.71008,147.78526,21.92482,12.918985
traffic_predictor.keras,Traffic_Mbps_scaled (MinMax inverse only; load-scaling preserved),holdout_test_seq96_testsize0.2_rs42_shuffleFalse,60,2767,2019-04-29 19:45:00,187.61433,147.01274,40.601593,21.640985
traffic_predictor.keras,Traffic_Mbps_scaled (MinMax inverse only; load-scaling preserved),holdout_test_seq96_testsize0.2_rs42_shuffleFalse,61,2768,2019-04-29 20:00:00,187.9461,146.53867,41.40744,22.03155
traffic_predictor.keras,Traffic_Mbps_scaled (MinMax inverse only; load-scaling preserved),holdout_test_seq96_testsize0.2_rs42_shuffleFalse,62,2769,2019-04-29 20:15:00,165.27438,146.16405,19.110336,11.562794
traffic_predictor.keras,Traffic_Mbps_scaled (MinMax inverse only; load-scaling preserved),holdout_test_seq96_testsize0.2_rs42_shuffleFalse,63,2770,2019-04-29 20:30:00,216.03633,144.06464,71.971695,33.314625
traffic_predictor.keras,Traffic_Mbps_scaled (MinMax inverse only; load-scaling preserved),holdout_test_seq96_testsize0.2_rs42_shuffleFalse,64,2771,2019-04-29 20:45:00,231.21889,145.26698,85.951904,37.173393
traffic_predictor.keras,Traffic_Mbps_scaled (MinMax inverse only; load-scaling preserved),holdout_test_seq96_testsize0.2_rs42_shuffleFalse,65,2772,2019-04-29 21:00:00,224.02861,149.19711,74.8315,33.402653
traffic_predictor.keras,Traffic_Mbps_scaled (MinMax inverse only; load-scaling preserved),holdout_test_seq96_testsize0.2_rs42_shuffleFalse,66,2773,2019-04-29 21:15:00,276.95377,153.60623,123.347534,44.537228
traffic_predictor.keras,Traffic_Mbps_scaled (MinMax inverse only; load-scaling preserved),holdout_test_seq96_testsize0.2_rs42_shuffleFalse,67,2774,2019-04-29 21:30:00,299.09906,162.07256,137.0265,45.813084
traffic_predictor.keras,Traffic_Mbps_scaled (MinMax inverse only; load-scaling preserved),holdout_test_seq96_testsize0.2_rs42_shuffleFalse,68,2775,2019-04-29 21:45:00,290.775,173.50465,117.27034,40.33027
traffic_predictor.keras,Traffic_Mbps_scaled (MinMax inverse only; load-scaling preserved),holdout_test_seq96_testsize0.2_rs42_shuffleFalse,69,2776,2019-04-29 22:00:00,319.28912,184.44478,134.84435,42.232677
traffic_predictor.keras,Traffic_Mbps_scaled (MinMax inverse only; load-scaling preserved),holdout_test_seq96_testsize0.2_rs42_shuffleFalse,70,2777,2019-04-29 22:15:00,306.79672,196.21399,110.58273,36.0443
traffic_predictor.keras,Traffic_Mbps_scaled (MinMax inverse only; load-scaling preserved),holdout_test_seq96_testsize0.2_rs42_shuffleFalse,71,2778,2019-04-29 22:30:00,328.66425,205.62617,123.03807,37.435795
traffic_predictor.keras,Traffic_Mbps_scaled (MinMax inverse only; load-scaling preserved),holdout_test_seq96_testsize0.2_rs42_shuffleFalse,72,2779,2019-04-29 22:45:00,265.40518,214.42374,50.981445,19.208912
traffic_predictor.keras,Traffic_Mbps_scaled (MinMax inverse only; load-scaling preserved),holdout_test_seq96_testsize0.2_rs42_shuffleFalse,73,2780,2019-04-29 23:00:00,239.59126,215.90271,23.688553,9.887069
traffic_predictor.keras,Traffic_Mbps_scaled (MinMax inverse only; load-scaling preserved),holdout_test_seq96_testsize0.2_rs42_shuffleFalse,74,2781,2019-04-29 23:15:00,241.27301,211.07204,30.200974,12.517345
traffic_predictor.keras,Traffic_Mbps_scaled (MinMax inverse only; load-scaling preserved),holdout_test_seq96_testsize0.2_rs42_shuffleFalse,75,2782,2019-04-29 23:30:00,194.81544,203.41342,8.597977,4.413396
traffic_predictor.keras,Traffic_Mbps_scaled (MinMax inverse only; load-scaling preserved),holdout_test_seq96_testsize0.2_rs42_shuffleFalse,76,2783,2019-04-29 23:45:00,155.04216,190.95915,35.916992,23.16595
traffic_predictor.keras,Traffic_Mbps_scaled (MinMax inverse only; load-scaling preserved),holdout_test_seq96_testsize0.2_rs42_shuffleFalse,77,2784,2019-04-30 00:00:00,162.71187,174.20079,11.488922,7.0608997
traffic_predictor.keras,Traffic_Mbps_scaled (MinMax inverse only; load-scaling preserved),holdout_test_seq96_testsize0.2_rs42_shuffleFalse,78,2785,2019-04-30 00:15:00,150.38388,157.79584,7.411957,4.928691
traffic_predictor.keras,Traffic_Mbps_scaled (MinMax inverse only; load-scaling preserved),holdout_test_seq96_testsize0.2_rs42_shuffleFalse,79,2786,2019-04-30 00:30:00,140.64842,142.26639,1.6179657,1.1503618
traffic_predictor.keras,Traffic_Mbps_scaled (MinMax inverse only; load-scaling preserved),holdout_test_seq96_testsize0.2_rs42_shuffleFalse,80,2787,2019-04-30 00:45:00,135.4528,128.11267,7.3401337,5.4189606
traffic_predictor.keras,Traffic_Mbps_scaled (MinMax inverse only; load-scaling preserved),holdout_test_seq96_testsize0.2_rs42_shuffleFalse,81,2788,2019-04-30 01:00:00,119.32405,115.7791,3.5449524,2.9708617
traffic_predictor.keras,Traffic_Mbps_scaled (MinMax inverse only; load-scaling preserved),holdout_test_seq96_testsize0.2_rs42_shuffleFalse,82,2789,2019-04-30 01:15:00,83.31167,104.85489,21.54322,25.858587
traffic_predictor.keras,Traffic_Mbps_scaled (MinMax inverse only; load-scaling preserved),holdout_test_seq96_testsize0.2_rs42_shuffleFalse,83,2790,2019-04-30 01:30:00,80.40553,93.073265,12.667732,15.754801
traffic_predictor.keras,Traffic_Mbps_scaled (MinMax inverse only; load-scaling preserved),holdout_test_seq96_testsize0.2_rs42_shuffleFalse,84,2791,2019-04-30 01:45:00,74.489586,82.169014,7.679428,10.309399
traffic_predictor.keras,Traffic_Mbps_scaled (MinMax inverse only; load-scaling preserved),holdout_test_seq96_testsize0.2_rs42_shuffleFalse,85,2792,2019-04-30 02:00:00,54.76217,72.73556,17.973389,32.820812
traffic_predictor.keras,Traffic_Mbps_scaled (MinMax inverse only; load-scaling preserved),holdout_test_seq96_testsize0.2_rs42_shuffleFalse,86,2793,2019-04-30 02:15:00,59.223022,63.751873,4.5288506,7.6471114
traffic_predictor.keras,Traffic_Mbps_scaled (MinMax inverse only; load-scaling preserved),holdout_test_seq96_testsize0.2_rs42_shuffleFalse,87,2794,2019-04-30 02:30:00,53.61891,56.53873,2.9198189,5.445502
traffic_predictor.keras,Traffic_Mbps_scaled (MinMax inverse only; load-scaling preserved),holdout_test_seq96_testsize0.2_rs42_shuffleFalse,88,2795,2019-04-30 02:45:00,55.06543,51.12442,3.9410095,7.1569576
traffic_predictor.keras,Traffic_Mbps_scaled (MinMax inverse only; load-scaling preserved),holdout_test_seq96_testsize0.2_rs42_shuffleFalse,89,2796,2019-04-30 03:00:00,50.95166,47.593014,3.3586464,6.591829
traffic_predictor.keras,Traffic_Mbps_scaled (MinMax inverse only; load-scaling preserved),holdout_test_seq96_testsize0.2_rs42_shuffleFalse,90,2797,2019-04-30 03:15:00,49.90972,45.392776,4.516945,9.050231
traffic_predictor.keras,Traffic_Mbps_scaled (MinMax inverse only; load-scaling preserved),holdout_test_seq96_testsize0.2_rs42_shuffleFalse,91,2798,2019-04-30 03:30:00,33.689598,44.333397,10.643799,31.593725
traffic_predictor.keras,Traffic_Mbps_scaled (MinMax inverse only; load-scaling preserved),holdout_test_seq96_testsize0.2_rs42_shuffleFalse,92,2799,2019-04-30 03:45:00,36.130592,43.154583,7.0239906,19.440563
traffic_predictor.keras,Traffic_Mbps_scaled (MinMax inverse only; load-scaling preserved),holdout_test_seq96_testsize0.2_rs42_shuffleFalse,93,2800,2019-04-30 04:00:00,94.31413,42.456753,51.85738,54.98368
traffic_predictor.keras,Traffic_Mbps_scaled (MinMax inverse only; load-scaling preserved),holdout_test_seq96_testsize0.2_rs42_shuffleFalse,94,2801,2019-04-30 04:15:00,69.679634,46.49278,23.186855,33.276375
traffic_predictor.keras,Traffic_Mbps_scaled (MinMax inverse only; load-scaling preserved),holdout_test_seq96_testsize0.2_rs42_shuffleFalse,95,2802,2019-04-30 04:30:00,40.35557,51.566177,11.210606,27.779573
traffic_predictor.keras,Traffic_Mbps_scaled (MinMax inverse only; load-scaling preserved),holdout_test_seq96_testsize0.2_rs42_shuffleFalse,96,2803,2019-04-30 04:45:00,47.79619,54.488663,6.6924744,14.002109
traffic_predictor.keras,Traffic_Mbps_scaled (MinMax inverse only; load-scaling preserved),holdout_test_seq96_testsize0.2_rs42_shuffleFalse,97,2804,2019-04-30 05:00:00,29.732046,56.623367,26.891321,90.44558
traffic_predictor.keras,Traffic_Mbps_scaled (MinMax inverse only; load-scaling preserved),holdout_test_seq96_testsize0.2_rs42_shuffleFalse,98,2805,2019-04-30 05:15:00,27.387205,56.875854,29.48865,107.67309
traffic_predictor.keras,Traffic_Mbps_scaled (MinMax inverse only; load-scaling preserved),holdout_test_seq96_testsize0.2_rs42_shuffleFalse,99,2806,2019-04-30 05:30:00,23.441996,55.973175,32.53118,138.77309
traffic_predictor.keras,Traffic_Mbps_scaled (MinMax inverse only; load-scaling preserved),holdout_test_seq96_testsize0.2_rs42_shuffleFalse,100,2807,2019-04-30 05:45:00,22.697931,54.391273,31.693342,139.63097
traffic_predictor.keras,Traffic_Mbps_scaled (MinMax inverse only; load-scaling preserved),holdout_test_seq96_testsize0.2_rs42_shuffleFalse,101,2808,2019-04-30 06:00:00,38.346462,52.734238,14.387775,37.520477
traffic_predictor.keras,Traffic_Mbps_scaled (MinMax inverse only; load-scaling preserved),holdout_test_seq96_testsize0.2_rs42_shuffleFalse,102,2809,2019-04-30 06:15:00,26.634792,52.758568,26.123775,98.08139
traffic_predictor.keras,Traffic_Mbps_scaled (MinMax inverse only; load-scaling preserved),holdout_test_seq96_testsize0.2_rs42_shuffleFalse,103,2810,2019-04-30 06:30:00,28.000238,53.12628,25.126043,89.7351
traffic_predictor.keras,Traffic_Mbps_scaled (MinMax inverse only; load-scaling preserved),holdout_test_seq96_testsize0.2_rs42_shuffleFalse,104,2811,2019-04-30 06:45:00,46.256893,54.51235,8.255455,17.846973
traffic_predictor.keras,Traffic_Mbps_scaled (MinMax inverse only; load-scaling preserved),holdout_test_seq96_testsize0.2_rs42_shuffleFalse,105,2812,2019-04-30 07:00:00,47.451702,57.417,9.965298,21.000927
traffic_predictor.keras,Traffic_Mbps_scaled (MinMax inverse only; load-scaling preserved),holdout_test_seq96_testsize0.2_rs42_shuffleFalse,106,2813,2019-04-30 07:15:00,85.047905,61.126698,23.921207,28.126747
traffic_predictor.keras,Traffic_Mbps_scaled (MinMax inverse only; load-scaling preserved),holdout_test_seq96_testsize0.2_rs42_shuffleFalse,107,2814,2019-04-30 07:30:00,85.524704,66.8087,18.716003,21.88374
traffic_predictor.keras,Traffic_Mbps_scaled (MinMax inverse only; load-scaling preserved),holdout_test_seq96_testsize0.2_rs42_shuffleFalse,108,2815,2019-04-30 07:45:00,68.78471,73.03286,4.248146,6.176003
traffic_predictor.keras,Traffic_Mbps_scaled (MinMax inverse only; load-scaling preserved),holdout_test_seq96_testsize0.2_rs42_shuffleFalse,109,2816,2019-04-30 08:00:00,87.43983,77.77415,9.66568,11.054093
traffic_predictor.keras,Traffic_Mbps_scaled (MinMax inverse only; load-scaling preserved),holdout_test_seq96_testsize0.2_rs42_shuffleFalse,110,2817,2019-04-30 08:15:00,85.92962,82.60815,3.3214722,3.8653402
traffic_predictor.keras,Traffic_Mbps_scaled (MinMax inverse only; load-scaling preserved),holdout_test_seq96_testsize0.2_rs42_shuffleFalse,111,2818,2019-04-30 08:30:00,89.05439,87.32147,1.7329178,1.9459095
traffic_predictor.keras,Traffic_Mbps_scaled (MinMax inverse only; load-scaling preserved),holdout_test_seq96_testsize0.2_rs42_shuffleFalse,112,2819,2019-04-30 08:45:00,105.43518,91.480095,13.955086,13.235702
traffic_predictor.keras,Traffic_Mbps_scaled (MinMax inverse only; load-scaling preserved),holdout_test_seq96_testsize0.2_rs42_shuffleFalse,113,2820,2019-04-30 09:00:00,79.13189,95.85271,16.720818,21.130314
traffic_predictor.keras,Traffic_Mbps_scaled (MinMax inverse only; load-scaling preserved),holdout_test_seq96_testsize0.2_rs42_shuffleFalse,114,2821,2019-04-30 09:15:00,54.21966,98.00797,43.78831,80.76094
traffic_predictor.keras,Traffic_Mbps_scaled (MinMax inverse only; load-scaling preserved),holdout_test_seq96_testsize0.2_rs42_shuffleFalse,115,2822,2019-04-30 09:30:00,61.173775,97.005775,35.832,58.574123
traffic_predictor.keras,Traffic_Mbps_scaled (MinMax inverse only; load-scaling preserved),holdout_test_seq96_testsize0.2_rs42_shuffleFalse,116,2823,2019-04-30 09:45:00,70.55815,94.69399,24.135841,34.20702
traffic_predictor.keras,Traffic_Mbps_scaled (MinMax inverse only; load-scaling preserved),holdout_test_seq96_testsize0.2_rs42_shuffleFalse,117,2824,2019-04-30 10:00:00,66.061646,92.493324,26.431679,40.010628
traffic_predictor.keras,Traffic_Mbps_scaled (MinMax inverse only; load-scaling preserved),holdout_test_seq96_testsize0.2_rs42_shuffleFalse,118,2825,2019-04-30 10:15:00,60.384045,90.27749,29.893444,49.505535
traffic_predictor.keras,Traffic_Mbps_scaled (MinMax inverse only; load-scaling preserved),holdout_test_seq96_testsize0.2_rs42_shuffleFalse,119,2826,2019-04-30 10:30:00,75.49118,87.909485,12.418304,16.450006
traffic_predictor.keras,Traffic_Mbps_scaled (MinMax inverse only; load-scaling preserved),holdout_test_seq96_testsize0.2_rs42_shuffleFalse,120,2827,2019-04-30 10:45:00,69.344284,86.78372,17.439438,25.149063
traffic_predictor.keras,Traffic_Mbps_scaled (MinMax inverse only; load-scaling preserved),holdout_test_seq96_testsize0.2_rs42_shuffleFalse,121,2828,2019-04-30 11:00:00,60.484985,86.09643,25.611443,42.34347
traffic_predictor.keras,Traffic_Mbps_scaled (MinMax inverse only; load-scaling preserved),holdout_test_seq96_testsize0.2_rs42_shuffleFalse,122,2829,2019-04-30 11:15:00,85.60705,85.17309,0.43395996,0.5069208
traffic_predictor.keras,Traffic_Mbps_scaled (MinMax inverse only; load-scaling preserved),holdout_test_seq96_testsize0.2_rs42_shuffleFalse,123,2830,2019-04-30 11:30:00,99.12348,85.74786,13.375618,13.493894
traffic_predictor.keras,Traffic_Mbps_scaled (MinMax inverse only; load-scaling preserved),holdout_test_seq96_testsize0.2_rs42_shuffleFalse,124,2831,2019-04-30 11:45:00,96.50794,88.10166,8.4062805,8.710454
traffic_predictor.keras,Traffic_Mbps_scaled (MinMax inverse only; load-scaling preserved),holdout_test_seq96_testsize0.2_rs42_shuffleFalse,125,2832,2019-04-30 12:00:00,136.62521,91.16922,45.455994,33.270573
traffic_predictor.keras,Traffic_Mbps_scaled (MinMax inverse only; load-scaling preserved),holdout_test_seq96_testsize0.2_rs42_shuffleFalse,126,2833,2019-04-30 12:15:00,165.25746,97.05714,68.200325,41.269135
traffic_predictor.keras,Traffic_Mbps_scaled (MinMax inverse only; load-scaling preserved),holdout_test_seq96_testsize0.2_rs42_shuffleFalse,127,2834,2019-04-30 12:30:00,201.20117,105.990746,95.21043,47.32101
traffic_predictor.keras,Traffic_Mbps_scaled (MinMax inverse only; load-scaling preserved),holdout_test_seq96_testsize0.2_rs42_shuffleFalse,128,2835,2019-04-30 12:45:00,186.84157,118.34162,68.49995,36.66205
traffic_predictor.keras,Traffic_Mbps_scaled (MinMax inverse only; load-scaling preserved),holdout_test_seq96_testsize0.2_rs42_shuffleFalse,129,2836,2019-04-30 13:00:00,184.8816,130.09735,54.784256,29.632074
traffic_predictor.keras,Traffic_Mbps_scaled (MinMax inverse only; load-scaling preserved),holdout_test_seq96_testsize0.2_rs42_shuffleFalse,130,2837,2019-04-30 13:15:00,196.51485,139.9163,56.59854,28.801151
traffic_predictor.keras,Traffic_Mbps_scaled (MinMax inverse only; load-scaling preserved),holdout_test_seq96_testsize0.2_rs42_shuffleFalse,131,2838,2019-04-30 13:30:00,166.40164,148.24754,18.154099,10.909807
traffic_predictor.keras,Traffic_Mbps_scaled (MinMax inverse only; load-scaling preserved),holdout_test_seq96_testsize0.2_rs42_shuffleFalse,132,2839,2019-04-30 13:45:00,159.74878,152.42705,7.3217316,4.5832787
traffic_predictor.keras,Traffic_Mbps_scaled (MinMax inverse only; load-scaling preserved),holdout_test_seq96_testsize0.2_rs42_shuffleFalse,133,2840,2019-04-30 14:00:00,142.14774,153.07143,10.923691,7.684745
traffic_predictor.keras,Traffic_Mbps_scaled (MinMax inverse only; load-scaling preserved),holdout_test_seq96_testsize0.2_rs42_shuffleFalse,134,2841,2019-04-30 14:15:00,154.7196,150.11897,4.6006317,2.9735286
traffic_predictor.keras,Traffic_Mbps_scaled (MinMax inverse only; load-scaling preserved),holdout_test_seq96_testsize0.2_rs42_shuffleFalse,135,2842,2019-04-30 14:30:00,121.45088,146.34238,24.891495,20.495111
traffic_predictor.keras,Traffic_Mbps_scaled (MinMax inverse only; load-scaling preserved),holdout_test_seq96_testsize0.2_rs42_shuffleFalse,136,2843,2019-04-30 14:45:00,97.36367,139.83319,42.46952,43.619476
traffic_predictor.keras,Traffic_Mbps_scaled (MinMax inverse only; load-scaling preserved),holdout_test_seq96_testsize0.2_rs42_shuffleFalse,137,2844,2019-04-30 15:00:00,93.29706,130.77536,37.478302,40.170937
traffic_predictor.keras,Traffic_Mbps_scaled (MinMax inverse only; load-scaling preserved),holdout_test_seq96_testsize0.2_rs42_shuffleFalse,138,2845,2019-04-30 15:15:00,114.29835,121.00414,6.7057953,5.8669224
traffic_predictor.keras,Traffic_Mbps_scaled (MinMax inverse only; load-scaling preserved),holdout_test_seq96_testsize0.2_rs42_shuffleFalse,139,2846,2019-04-30 15:30:00,100.234825,113.390076,13.155251,13.124432
traffic_predictor.keras,Traffic_Mbps_scaled (MinMax inverse only; load-scaling preserved),holdout_test_seq96_testsize0.2_rs42_shuffleFalse,140,2847,2019-04-30 15:45:00,122.00444,106.74867,15.255768,12.504272
traffic_predictor.keras,Traffic_Mbps_scaled (MinMax inverse only; load-scaling preserved),holdout_test_seq96_testsize0.2_rs42_shuffleFalse,141,2848,2019-04-30 16:00:00,131.61809,103.036674,28.581413,21.715414
traffic_predictor.keras,Traffic_Mbps_scaled (MinMax inverse only; load-scaling preserved),holdout_test_seq96_testsize0.2_rs42_shuffleFalse,142,2849,2019-04-30 16:15:00,116.9332,102.09331,14.83989,12.690912
traffic_predictor.keras,Traffic_Mbps_scaled (MinMax inverse only; load-scaling preserved),holdout_test_seq96_testsize0.2_rs42_shuffleFalse,143,2850,2019-04-30 16:30:00,118.62009,101.81096,16.809128,14.170557
traffic_predictor.keras,Traffic_Mbps_scaled (MinMax inverse only; load-scaling preserved),holdout_test_seq96_testsize0.2_rs42_shuffleFalse,144,2851,2019-04-30 16:45:00,135.99228,102.1146,33.877678,24.911472
traffic_predictor.keras,Traffic_Mbps_scaled (MinMax inverse only; load-scaling preserved),holdout_test_seq96_testsize0.2_rs42_shuffleFalse,145,2852,2019-04-30 17:00:00,147.06065,103.99478,43.065872,29.28443
traffic_predictor.keras,Traffic_Mbps_scaled (MinMax inverse only; load-scaling preserved),holdout_test_seq96_testsize0.2_rs42_shuffleFalse,146,2853,2019-04-30 17:15:00,138.88687,107.37499,31.511879,22.688883
traffic_predictor.keras,Traffic_Mbps_scaled (MinMax inverse only; load-scaling preserved),holdout_test_seq96_testsize0.2_rs42_shuffleFalse,147,2854,2019-04-30 17:30:00,133.87578,110.64134,23.234436,17.35522
traffic_predictor.keras,Traffic_Mbps_scaled (MinMax inverse only; load-scaling preserved),holdout_test_seq96_testsize0.2_rs42_shuffleFalse,148,2855,2019-04-30 17:45:00,152.99687,113.11541,39.881462,26.066849
traffic_predictor.keras,Traffic_Mbps_scaled (MinMax inverse only; load-scaling preserved),holdout_test_seq96_testsize0.2_rs42_shuffleFalse,149,2856,2019-04-30 18:00:00,156.42882,116.266174,40.162643,25.67471
traffic_predictor.keras,Traffic_Mbps_scaled (MinMax inverse only; load-scaling preserved),holdout_test_seq96_testsize0.2_rs42_shuffleFalse,150,2857,2019-04-30 18:15:00,169.48357,119.66715,49.816414,29.393064
traffic_predictor.keras,Traffic_Mbps_scaled (MinMax inverse only; load-scaling preserved),holdout_test_seq96_testsize0.2_rs42_shuffleFalse,151,2858,2019-04-30 18:30:00,163.75153,123.784134,39.967392,24.407341
traffic_predictor.keras,Traffic_Mbps_scaled (MinMax inverse only; load-scaling preserved),holdout_test_seq96_testsize0.2_rs42_shuffleFalse,152,2859,2019-04-30 18:45:00,158.65945,127.36148,31.297974,19.726511
traffic_predictor.keras,Traffic_Mbps_scaled (MinMax inverse only; load-scaling preserved),holdout_test_seq96_testsize0.2_rs42_shuffleFalse,153,2860,2019-04-30 19:00:00,137.43298,129.82559,7.6073914,5.535346
traffic_predictor.keras,Traffic_Mbps_scaled (MinMax inverse only; load-scaling preserved),holdout_test_seq96_testsize0.2_rs42_shuffleFalse,154,2861,2019-04-30 19:15:00,152.37007,129.70532,22.66475,14.874804
traffic_predictor.keras,Traffic_Mbps_scaled (MinMax inverse only; load-scaling preserved),holdout_test_seq96_testsize0.2_rs42_shuffleFalse,155,2862,2019-04-30 19:30:00,127.01264,129.26836,2.2557144,1.7759763
traffic_predictor.keras,Traffic_Mbps_scaled (MinMax inverse only; load-scaling preserved),holdout_test_seq96_testsize0.2_rs42_shuffleFalse,156,2863,2019-04-30 19:45:00,152.82056,126.67456,26.145996,17.108953
traffic_predictor.keras,Traffic_Mbps_scaled (MinMax inverse only; load-scaling preserved),holdout_test_seq96_testsize0.2_rs42_shuffleFalse,157,2864,2019-04-30 20:00:00,176.77701,125.13153,51.645477,29.21504
traffic_predictor.keras,Traffic_Mbps_scaled (MinMax inverse only; load-scaling preserved),holdout_test_seq96_testsize0.2_rs42_shuffleFalse,158,2865,2019-04-30 20:15:00,192.8659,126.07659,66.789314,34.629925
traffic_predictor.keras,Traffic_Mbps_scaled (MinMax inverse only; load-scaling preserved),holdout_test_seq96_testsize0.2_rs42_shuffleFalse,159,2866,2019-04-30 20:30:00,183.42355,129.53204,53.89151,29.38091
traffic_predictor.keras,Traffic_Mbps_scaled (MinMax inverse only; load-scaling preserved),holdout_test_seq96_testsize0.2_rs42_shuffleFalse,160,2867,2019-04-30 20:45:00,184.99048,133.26189,51.728592,27.96284
traffic_predictor.keras,Traffic_Mbps_scaled (MinMax inverse only; load-scaling preserved),holdout_test_seq96_testsize0.2_rs42_shuffleFalse,161,2868,2019-04-30 21:00:00,187.21275,136.864,50.348755,26.89387
traffic_predictor.keras,Traffic_Mbps_scaled (MinMax inverse only; load-scaling preserved),holdout_test_seq96_testsize0.2_rs42_shuffleFalse,162,2869,2019-04-30 21:15:00,159.48889,140.0955,19.393387,12.15971
traffic_predictor.keras,Traffic_Mbps_scaled (MinMax inverse only; load-scaling preserved),holdout_test_seq96_testsize0.2_rs42_shuffleFalse,163,2870,2019-04-30 21:30:00,171.99127,140.5126,31.478668,18.302479
traffic_predictor.keras,Traffic_Mbps_scaled (MinMax inverse only; load-scaling preserved),holdout_test_seq96_testsize0.2_rs42_shuffleFalse,164,2871,2019-04-30 21:45:00,194.13834,140.28532,53.853012,27.739504
traffic_predictor.keras,Traffic_Mbps_scaled (MinMax inverse only; load-scaling preserved),holdout_test_seq96_testsize0.2_rs42_shuffleFalse,165,2872,2019-04-30 22:00:00,228.26318,141.33424,86.92894,38.08277
traffic_predictor.keras,Traffic_Mbps_scaled (MinMax inverse only; load-scaling preserved),holdout_test_seq96_testsize0.2_rs42_shuffleFalse,166,2873,2019-04-30 22:15:00,241.51047,145.55644,95.954025,39.730793
traffic_predictor.keras,Traffic_Mbps_scaled (MinMax inverse only; load-scaling preserved),holdout_test_seq96_testsize0.2_rs42_shuffleFalse,167,2874,2019-04-30 22:30:00,244.65935,152.08981,92.569534,37.836094
traffic_predictor.keras,Traffic_Mbps_scaled (MinMax inverse only; load-scaling preserved),holdout_test_seq96_testsize0.2_rs42_shuffleFalse,168,2875,2019-04-30 22:45:00,249.5854,159.36642,90.21898,36.147537
traffic_predictor.keras,Traffic_Mbps_scaled (MinMax inverse only; load-scaling preserved),holdout_test_seq96_testsize0.2_rs42_shuffleFalse,169,2876,2019-04-30 23:00:00,247.23961,166.57527,80.66434,32.625977
traffic_predictor.keras,Traffic_Mbps_scaled (MinMax inverse only; load-scaling preserved),holdout_test_seq96_testsize0.2_rs42_shuffleFalse,170,2877,2019-04-30 23:15:00,265.02014,172.58627,92.43387,34.878056
traffic_predictor.keras,Traffic_Mbps_scaled (MinMax inverse only; load-scaling preserved),holdout_test_seq96_testsize0.2_rs42_shuffleFalse,171,2878,2019-04-30 23:30:00,240.32338,178.59604,61.72734,25.685116
traffic_predictor.keras,Traffic_Mbps_scaled (MinMax inverse only; load-scaling preserved),holdout_test_seq96_testsize0.2_rs42_shuffleFalse,172,2879,2019-04-30 23:45:00,158.54979,181.60669,23.0569,14.542373
traffic_predictor.keras,Traffic_Mbps_scaled (MinMax inverse only; load-scaling preserved),holdout_test_seq96_testsize0.2_rs42_shuffleFalse,173,2880,2019-05-01 00:00:00,155.03574,175.80115,20.765411,13.393952
traffic_predictor.keras,Traffic_Mbps_scaled (MinMax inverse only; load-scaling preserved),holdout_test_seq96_testsize0.2_rs42_shuffleFalse,174,2881,2019-05-01 00:15:00,144.84698,165.74326,20.89627,14.426444
traffic_predictor.keras,Traffic_Mbps_scaled (MinMax inverse only; load-scaling preserved),holdout_test_seq96_testsize0.2_rs42_shuffleFalse,175,2882,2019-05-01 00:30:00,138.5144,153.57063,15.056229,10.869793
traffic_predictor.keras,Traffic_Mbps_scaled (MinMax inverse only; load-scaling preserved),holdout_test_seq96_testsize0.2_rs42_shuffleFalse,176,2883,2019-05-01 00:45:00,132.98547,141.0882,8.102722,6.0929375
traffic_predictor.keras,Traffic_Mbps_scaled (MinMax inverse only; load-scaling preserved),holdout_test_seq96_testsize0.2_rs42_shuffleFalse,177,2884,2019-05-01 01:00:00,156.10445,129.43745,26.666992,17.082788
traffic_predictor.keras,Traffic_Mbps_scaled (MinMax inverse only; load-scaling preserved),holdout_test_seq96_testsize0.2_rs42_shuffleFalse,178,2885,2019-05-01 01:15:00,143.25058,121.33203,21.918549,15.300844
traffic_predictor.keras,Traffic_Mbps_scaled (MinMax inverse only; load-scaling preserved),holdout_test_seq96_testsize0.2_rs42_shuffleFalse,179,2886,2019-05-01 01:30:00,110.40299,114.91356,4.5105667,4.0855474
traffic_predictor.keras,Traffic_Mbps_scaled (MinMax inverse only; load-scaling preserved),holdout_test_seq96_testsize0.2_rs42_shuffleFalse,180,2887,2019-05-01 01:45:00,97.31256,107.76005,10.447487,10.736011
traffic_predictor.keras,Traffic_Mbps_scaled (MinMax inverse only; load-scaling preserved),holdout_test_seq96_testsize0.2_rs42_shuffleFalse,181,2888,2019-05-01 02:00:00,86.71901,100.155235,13.436226,15.49398
traffic_predictor.keras,Traffic_Mbps_scaled (MinMax inverse only; load-scaling preserved),holdout_test_seq96_testsize0.2_rs42_shuffleFalse,182,2889,2019-05-01 02:15:00,83.89701,92.42352,8.526512,10.163071
traffic_predictor.keras,Traffic_Mbps_scaled (MinMax inverse only; load-scaling preserved),holdout_test_seq96_testsize0.2_rs42_shuffleFalse,183,2890,2019-05-01 02:30:00,73.629074,85.389435,11.760361,15.972442
traffic_predictor.keras,Traffic_Mbps_scaled (MinMax inverse only; load-scaling preserved),holdout_test_seq96_testsize0.2_rs42_shuffleFalse,184,2891,2019-05-01 02:45:00,70.73996,78.83321,8.093254,11.440852
traffic_predictor.keras,Traffic_Mbps_scaled (MinMax inverse only; load-scaling preserved),holdout_test_seq96_testsize0.2_rs42_shuffleFalse,185,2892,2019-05-01 03:00:00,68.29298,73.12508,4.8321,7.0755444
traffic_predictor.keras,Traffic_Mbps_scaled (MinMax inverse only; load-scaling preserved),holdout_test_seq96_testsize0.2_rs42_shuffleFalse,186,2893,2019-05-01 03:15:00,68.851295,68.54116,0.3101349,0.4504416
traffic_predictor.keras,Traffic_Mbps_scaled (MinMax inverse only; load-scaling preserved),holdout_test_seq96_testsize0.2_rs42_shuffleFalse,187,2894,2019-05-01 03:30:00,62.696312,65.33277,2.6364594,4.205127
traffic_predictor.keras,Traffic_Mbps_scaled (MinMax inverse only; load-scaling preserved),holdout_test_seq96_testsize0.2_rs42_shuffleFalse,188,2895,2019-05-01 03:45:00,50.407566,62.96991,12.562344,24.921543
traffic_predictor.keras,Traffic_Mbps_scaled (MinMax inverse only; load-scaling preserved),holdout_test_seq96_testsize0.2_rs42_shuffleFalse,189,2896,2019-05-01 04:00:00,43.289658,60.5092,17.219543,39.7775
traffic_predictor.keras,Traffic_Mbps_scaled (MinMax inverse only; load-scaling preserved),holdout_test_seq96_testsize0.2_rs42_shuffleFalse,190,2897,2019-05-01 04:15:00,53.277107,57.935646,4.658539,8.7439785
traffic_predictor.keras,Traffic_Mbps_scaled (MinMax inverse only; load-scaling preserved),holdout_test_seq96_testsize0.2_rs42_shuffleFalse,191,2898,2019-05-01 04:30:00,35.42388,56.51898,21.095097,59.550495
traffic_predictor.keras,Traffic_Mbps_scaled (MinMax inverse only; load-scaling preserved),holdout_test_seq96_testsize0.2_rs42_shuffleFalse,192,2899,2019-05-01 04:45:00,47.45612,54.710327,7.2542076,15.286138
traffic_predictor.keras,Traffic_Mbps_scaled (MinMax inverse only; load-scaling preserved),holdout_test_seq96_testsize0.2_rs42_shuffleFalse,193,2900,2019-05-01 05:00:00,37.72016,53.981388,16.261227,43.110172
traffic_predictor.keras,Traffic_Mbps_scaled (MinMax inverse only; load-scaling preserved),holdout_test_seq96_testsize0.2_rs42_shuffleFalse,194,2901,2019-05-01 05:15:00,21.84361,53.339687,31.496077,144.18896
traffic_predictor.keras,Traffic_Mbps_scaled (MinMax inverse only; load-scaling preserved),holdout_test_seq96_testsize0.2_rs42_shuffleFalse,195,2902,2019-05-01 05:30:00,25.453272,51.849167,26.395895,103.70335
traffic_predictor.keras,Traffic_Mbps_scaled (MinMax inverse only; load-scaling preserved),holdout_test_seq96_testsize0.2_rs42_shuffleFalse,196,2903,2019-05-01 05:45:00,17.19933,50.444008,33.24468,193.29056
traffic_predictor.keras,Traffic_Mbps_scaled (MinMax inverse only; load-scaling preserved),holdout_test_seq96_testsize0.2_rs42_shuffleFalse,197,2904,2019-05-01 06:00:00,16.19572,48.881237,32.685516,201.81575
traffic_predictor.keras,Traffic_Mbps_scaled (MinMax inverse only; load-scaling preserved),holdout_test_seq96_testsize0.2_rs42_shuffleFalse,198,2905,2019-05-01 06:15:00,21.965464,47.955906,25.990442,118.32413
traffic_predictor.keras,Traffic_Mbps_scaled (MinMax inverse only; load-scaling preserved),holdout_test_seq96_testsize0.2_rs42_shuffleFalse,199,2906,2019-05-01 06:30:00,12.941641,48.28572,35.344078,273.10352
traffic_predictor.keras,Traffic_Mbps_scaled (MinMax inverse only; load-scaling preserved),holdout_test_seq96_testsize0.2_rs42_shuffleFalse,200,2907,2019-05-01 06:45:00,10.3884,49.447178,39.058777,375.98453
traffic_predictor.keras,Traffic_Mbps_scaled (MinMax inverse only; load-scaling preserved),holdout_test_seq96_testsize0.2_rs42_shuffleFalse,201,2908,2019-05-01 07:00:00,22.716663,50.97636,28.259697,124.400734
traffic_predictor.keras,Traffic_Mbps_scaled (MinMax inverse only; load-scaling preserved),holdout_test_seq96_testsize0.2_rs42_shuffleFalse,202,2909,2019-05-01 07:15:00,17.236969,53.46492,36.22795,210.17587
traffic_predictor.keras,Traffic_Mbps_scaled (MinMax inverse only; load-scaling preserved),holdout_test_seq96_testsize0.2_rs42_shuffleFalse,203,2910,2019-05-01 07:30:00,22.082718,56.33961,34.256893,155.12987
traffic_predictor.keras,Traffic_Mbps_scaled (MinMax inverse only; load-scaling preserved),holdout_test_seq96_testsize0.2_rs42_shuffleFalse,204,2911,2019-05-01 07:45:00,30.27879,59.66705,29.38826,97.0589
traffic_predictor.keras,Traffic_Mbps_scaled (MinMax inverse only; load-scaling preserved),holdout_test_seq96_testsize0.2_rs42_shuffleFalse,205,2912,2019-05-01 08:00:00,40.8504,63.25889,22.40849,54.855007
traffic_predictor.keras,Traffic_Mbps_scaled (MinMax inverse only; load-scaling preserved),holdout_test_seq96_testsize0.2_rs42_shuffleFalse,206,2913,2019-05-01 08:15:00,46.865154,67.34055,20.475399,43.69003
traffic_predictor.keras,Traffic_Mbps_scaled (MinMax inverse only; load-scaling preserved),holdout_test_seq96_testsize0.2_rs42_shuffleFalse,207,2914,2019-05-01 08:30:00,45.933895,71.68073,25.746838,56.051933
traffic_predictor.keras,Traffic_Mbps_scaled (MinMax inverse only; load-scaling preserved),holdout_test_seq96_testsize0.2_rs42_shuffleFalse,208,2915,2019-05-01 08:45:00,62.40672,75.53286,13.126141,21.033216
traffic_predictor.keras,Traffic_Mbps_scaled (MinMax inverse only; load-scaling preserved),holdout_test_seq96_testsize0.2_rs42_shuffleFalse,209,2916,2019-05-01 09:00:00,67.527664,79.41051,11.882843,17.597
traffic_predictor.keras,Traffic_Mbps_scaled (MinMax inverse only; load-scaling preserved),holdout_test_seq96_testsize0.2_rs42_shuffleFalse,210,2917,2019-05-01 09:15:00,61.40251,83.43766,22.035149,35.886395
traffic_predictor.keras,Traffic_Mbps_scaled (MinMax inverse only; load-scaling preserved),holdout_test_seq96_testsize0.2_rs42_shuffleFalse,211,2918,2019-05-01 09:30:00,59.77945,86.69012,26.910667,45.016586
traffic_predictor.keras,Traffic_Mbps_scaled (MinMax inverse only; load-scaling preserved),holdout_test_seq96_testsize0.2_rs42_shuffleFalse,212,2919,2019-05-01 09:45:00,77.649216,89.04557,11.396355,14.676716
traffic_predictor.keras,Traffic_Mbps_scaled (MinMax inverse only; load-scaling preserved),holdout_test_seq96_testsize0.2_rs42_shuffleFalse,213,2920,2019-05-01 10:00:00,88.1261,91.37253,3.2464294,3.6838458
traffic_predictor.keras,Traffic_Mbps_scaled (MinMax inverse only; load-scaling preserved),holdout_test_seq96_testsize0.2_rs42_shuffleFalse,214,2921,2019-05-01 10:15:00,98.43567,93.87908,4.556587,4.629
traffic_predictor.keras,Traffic_Mbps_scaled (MinMax inverse only; load-scaling preserved),holdout_test_seq96_testsize0.2_rs42_shuffleFalse,215,2922,2019-05-01 10:30:00,92.40783,96.62978,4.2219543,4.5688276
traffic_predictor.keras,Traffic_Mbps_scaled (MinMax inverse only; load-scaling preserved),holdout_test_seq96_testsize0.2_rs42_shuffleFalse,216,2923,2019-05-01 10:45:00,113.16378,99.0436,14.120178,12.477648
traffic_predictor.keras,Traffic_Mbps_scaled (MinMax inverse only; load-scaling preserved),holdout_test_seq96_testsize0.2_rs42_shuffleFalse,217,2924,2019-05-01 11:00:00,107.78299,102.669106,5.113884,4.7446113
traffic_predictor.keras,Traffic_Mbps_scaled (MinMax inverse only; load-scaling preserved),holdout_test_seq96_testsize0.2_rs42_shuffleFalse,218,2925,2019-05-01 11:15:00,117.49064,106.30153,11.18911,9.523405
traffic_predictor.keras,Traffic_Mbps_scaled (MinMax inverse only; load-scaling preserved),holdout_test_seq96_testsize0.2_rs42_shuffleFalse,219,2926,2019-05-01 11:30:00,113.30455,109.74856,3.5559921,3.138437
traffic_predictor.keras,Traffic_Mbps_scaled (MinMax inverse only; load-scaling preserved),holdout_test_seq96_testsize0.2_rs42_shuffleFalse,220,2927,2019-05-01 11:45:00,132.88963,112.322685,20.566948,15.476714
traffic_predictor.keras,Traffic_Mbps_scaled (MinMax inverse only; load-scaling preserved),holdout_test_seq96_testsize0.2_rs42_shuffleFalse,221,2928,2019-05-01 12:00:00,126.8769,115.634346,11.242554,8.860993
traffic_predictor.keras,Traffic_Mbps_scaled (MinMax inverse only; load-scaling preserved),holdout_test_seq96_testsize0.2_rs42_shuffleFalse,222,2929,2019-05-01 12:15:00,135.38724,118.345,17.042236,12.587772
traffic_predictor.keras,Traffic_Mbps_scaled (MinMax inverse only; load-scaling preserved),holdout_test_seq96_testsize0.2_rs42_shuffleFalse,223,2930,2019-05-01 12:30:00,125.74337,120.92731,4.816063,3.830073
traffic_predictor.keras,Traffic_Mbps_scaled (MinMax inverse only; load-scaling preserved),holdout_test_seq96_testsize0.2_rs42_shuffleFalse,224,2931,2019-05-01 12:45:00,119.95102,122.3274,2.376381,1.9811262
traffic_predictor.keras,Traffic_Mbps_scaled (MinMax inverse only; load-scaling preserved),holdout_test_seq96_testsize0.2_rs42_shuffleFalse,225,2932,2019-05-01 13:00:00,132.6462,122.3607,10.285492,7.75408
traffic_predictor.keras,Traffic_Mbps_scaled (MinMax inverse only; load-scaling preserved),holdout_test_seq96_testsize0.2_rs42_shuffleFalse,226,2933,2019-05-01 13:15:00,141.31793,122.47727,18.84066,13.332109
traffic_predictor.keras,Traffic_Mbps_scaled (MinMax inverse only; load-scaling preserved),holdout_test_seq96_testsize0.2_rs42_shuffleFalse,227,2934,2019-05-01 13:30:00,166.45233,123.144196,43.308136,26.018343
traffic_predictor.keras,Traffic_Mbps_scaled (MinMax inverse only; load-scaling preserved),holdout_test_seq96_testsize0.2_rs42_shuffleFalse,228,2935,2019-05-01 13:45:00,169.05531,125.9218,43.133514,25.514439
traffic_predictor.keras,Traffic_Mbps_scaled (MinMax inverse only; load-scaling preserved),holdout_test_seq96_testsize0.2_rs42_shuffleFalse,229,2936,2019-05-01 14:00:00,135.51059,129.61786,5.8927307,4.348539
traffic_predictor.keras,Traffic_Mbps_scaled (MinMax inverse only; load-scaling preserved),holdout_test_seq96_testsize0.2_rs42_shuffleFalse,230,2937,2019-05-01 14:15:00,146.21497,130.83562,15.379349,10.518314
traffic_predictor.keras,Traffic_Mbps_scaled (MinMax inverse only; load-scaling preserved),holdout_test_seq96_testsize0.2_rs42_shuffleFalse,231,2938,2019-05-01 14:30:00,133.94232,131.2951,2.6472168,1.9763857
traffic_predictor.keras,Traffic_Mbps_scaled (MinMax inverse only; load-scaling preserved),holdout_test_seq96_testsize0.2_rs42_shuffleFalse,232,2939,2019-05-01 14:45:00,151.43454,130.19733,21.237213,14.024022
traffic_predictor.keras,Traffic_Mbps_scaled (MinMax inverse only; load-scaling preserved),holdout_test_seq96_testsize0.2_rs42_shuffleFalse,233,2940,2019-05-01 15:00:00,163.99442,129.59898,34.39543,20.973537
traffic_predictor.keras,Traffic_Mbps_scaled (MinMax inverse only; load-scaling preserved),holdout_test_seq96_testsize0.2_rs42_shuffleFalse,234,2941,2019-05-01 15:15:00,168.73743,130.1821,38.55533,22.849304
traffic_predictor.keras,Traffic_Mbps_scaled (MinMax inverse only; load-scaling preserved),holdout_test_seq96_testsize0.2_rs42_shuffleFalse,235,2942,2019-05-01 15:30:00,155.98973,131.64798,24.341751,15.604713
traffic_predictor.keras,Traffic_Mbps_scaled (MinMax inverse only; load-scaling preserved),holdout_test_seq96_testsize0.2_rs42_shuffleFalse,236,2943,2019-05-01 15:45:00,168.21689,132.4211,35.79579,21.279547
traffic_predictor.keras,Traffic_Mbps_scaled (MinMax inverse only; load-scaling preserved),holdout_test_seq96_testsize0.2_rs42_shuffleFalse,237,2944,2019-05-01 16:00:00,144.56384,133.6103,10.953537,7.5769553
traffic_predictor.keras,Traffic_Mbps_scaled (MinMax inverse only; load-scaling preserved),holdout_test_seq96_testsize0.2_rs42_shuffleFalse,238,2945,2019-05-01 16:15:00,158.93347,133.017,25.916473,16.306492
traffic_predictor.keras,Traffic_Mbps_scaled (MinMax inverse only; load-scaling preserved),holdout_test_seq96_testsize0.2_rs42_shuffleFalse,239,2946,2019-05-01 16:30:00,181.49792,132.55666,48.94127,26.965195
traffic_predictor.keras,Traffic_Mbps_scaled (MinMax inverse only; load-scaling preserved),holdout_test_seq96_testsize0.2_rs42_shuffleFalse,240,2947,2019-05-01 16:45:00,171.81958,133.83588,37.983704,22.106737
traffic_predictor.keras,Traffic_Mbps_scaled (MinMax inverse only; load-scaling preserved),holdout_test_seq96_testsize0.2_rs42_shuffleFalse,241,2948,2019-05-01 17:00:00,139.85316,135.11754,4.735626,3.3861418
traffic_predictor.keras,Traffic_Mbps_scaled (MinMax inverse only; load-scaling preserved),holdout_test_seq96_testsize0.2_rs42_shuffleFalse,242,2949,2019-05-01 17:15:00,151.79568,133.77475,18.020935,11.871837
traffic_predictor.keras,Traffic_Mbps_scaled (MinMax inverse only; load-scaling preserved),holdout_test_seq96_testsize0.2_rs42_shuffleFalse,243,2950,2019-05-01 17:30:00,169.12068,132.05754,37.06314,21.915203
traffic_predictor.keras,Traffic_Mbps_scaled (MinMax inverse only; load-scaling preserved),holdout_test_seq96_testsize0.2_rs42_shuffleFalse,244,2951,2019-05-01 17:45:00,163.76625,131.53891,32.22734,19.678865
traffic_predictor.keras,Traffic_Mbps_scaled (MinMax inverse only; load-scaling preserved),holdout_test_seq96_testsize0.2_rs42_shuffleFalse,245,2952,2019-05-01 18:00:00,177.69397,131.25067,46.4433,26.136675
traffic_predictor.keras,Traffic_Mbps_scaled (MinMax inverse only; load-scaling preserved),holdout_test_seq96_testsize0.2_rs42_shuffleFalse,246,2953,2019-05-01 18:15:00,156.90071,132.20917,24.691544,15.737051
traffic_predictor.keras,Traffic_Mbps_scaled (MinMax inverse only; load-scaling preserved),holdout_test_seq96_testsize0.2_rs42_shuffleFalse,247,2954,2019-05-01 18:30:00,153.45547,132.08838,21.367096,13.923971
traffic_predictor.keras,Traffic_Mbps_scaled (MinMax inverse only; load-scaling preserved),holdout_test_seq96_testsize0.2_rs42_shuffleFalse,248,2955,2019-05-01 18:45:00,162.88783,131.14307,31.744766,19.488728
traffic_predictor.keras,Traffic_Mbps_scaled (MinMax inverse only; load-scaling preserved),holdout_test_seq96_testsize0.2_rs42_shuffleFalse,249,2956,2019-05-01 19:00:00,161.65701,130.49974,31.157272,19.273691
traffic_predictor.keras,Traffic_Mbps_scaled (MinMax inverse only; load-scaling preserved),holdout_test_seq96_testsize0.2_rs42_shuffleFalse,250,2957,2019-05-01 19:15:00,152.30635,129.9638,22.342545,14.6694765
traffic_predictor.keras,Traffic_Mbps_scaled (MinMax inverse only; load-scaling preserved),holdout_test_seq96_testsize0.2_rs42_shuffleFalse,251,2958,2019-05-01 19:30:00,135.81993,128.8127,7.0072327,5.159208
traffic_predictor.keras,Traffic_Mbps_scaled (MinMax inverse only; load-scaling preserved),holdout_test_seq96_testsize0.2_rs42_shuffleFalse,252,2959,2019-05-01 19:45:00,134.02245,126.175766,7.8466797,5.8547506
traffic_predictor.keras,Traffic_Mbps_scaled (MinMax inverse only; load-scaling preserved),holdout_test_seq96_testsize0.2_rs42_shuffleFalse,253,2960,2019-05-01 20:00:00,150.13704,122.89403,27.243011,18.14543
traffic_predictor.keras,Traffic_Mbps_scaled (MinMax inverse only; load-scaling preserved),holdout_test_seq96_testsize0.2_rs42_shuffleFalse,254,2961,2019-05-01 20:15:00,149.37303,120.80428,28.568748,19.125774
traffic_predictor.keras,Traffic_Mbps_scaled (MinMax inverse only; load-scaling preserved),holdout_test_seq96_testsize0.2_rs42_shuffleFalse,255,2962,2019-05-01 20:30:00,198.96866,119.53474,79.43392,39.92283
traffic_predictor.keras,Traffic_Mbps_scaled (MinMax inverse only; load-scaling preserved),holdout_test_seq96_testsize0.2_rs42_shuffleFalse,256,2963,2019-05-01 20:45:00,193.40034,122.69099,70.70936,36.561134
traffic_predictor.keras,Traffic_Mbps_scaled (MinMax inverse only; load-scaling preserved),holdout_test_seq96_testsize0.2_rs42_shuffleFalse,257,2964,2019-05-01 21:00:00,204.50195,127.520386,76.98157,37.64344
traffic_predictor.keras,Traffic_Mbps_scaled (MinMax inverse only; load-scaling preserved),holdout_test_seq96_testsize0.2_rs42_shuffleFalse,258,2965,2019-05-01 21:15:00,221.46811,133.68501,87.7831,39.6369
traffic_predictor.keras,Traffic_Mbps_scaled (MinMax inverse only; load-scaling preserved),holdout_test_seq96_testsize0.2_rs42_shuffleFalse,259,2966,2019-05-01 21:30:00,231.17017,141.2065,89.96367,38.916645
traffic_predictor.keras,Traffic_Mbps_scaled (MinMax inverse only; load-scaling preserved),holdout_test_seq96_testsize0.2_rs42_shuffleFalse,260,2967,2019-05-01 21:45:00,242.74153,149.35966,93.38187,38.46967
traffic_predictor.keras,Traffic_Mbps_scaled (MinMax inverse only; load-scaling preserved),holdout_test_seq96_testsize0.2_rs42_shuffleFalse,261,2968,2019-05-01 22:00:00,220.74861,157.78653,62.962082,28.522074
traffic_predictor.keras,Traffic_Mbps_scaled (MinMax inverse only; load-scaling preserved),holdout_test_seq96_testsize0.2_rs42_shuffleFalse,262,2969,2019-05-01 22:15:00,247.89198,163.47844,84.41354,34.05255
traffic_predictor.keras,Traffic_Mbps_scaled (MinMax inverse only; load-scaling preserved),holdout_test_seq96_testsize0.2_rs42_shuffleFalse,263,2970,2019-05-01 22:30:00,243.67816,169.15746,74.520706,30.581612
traffic_predictor.keras,Traffic_Mbps_scaled (MinMax inverse only; load-scaling preserved),holdout_test_seq96_testsize0.2_rs42_shuffleFalse,264,2971,2019-05-01 22:45:00,212.8631,173.61028,39.252823,18.440407
traffic_predictor.keras,Traffic_Mbps_scaled (MinMax inverse only; load-scaling preserved),holdout_test_seq96_testsize0.2_rs42_shuffleFalse,265,2972,2019-05-01 23:00:00,219.16844,174.188,44.98044,20.523228
traffic_predictor.keras,Traffic_Mbps_scaled (MinMax inverse only; load-scaling preserved),holdout_test_seq96_testsize0.2_rs42_shuffleFalse,266,2973,2019-05-01 23:15:00,208.1547,173.08542,35.069275,16.847698
traffic_predictor.keras,Traffic_Mbps_scaled (MinMax inverse only; load-scaling preserved),holdout_test_seq96_testsize0.2_rs42_shuffleFalse,267,2974,2019-05-01 23:30:00,188.92175,170.08844,18.833313,9.968843
traffic_predictor.keras,Traffic_Mbps_scaled (MinMax inverse only; load-scaling preserved),holdout_test_seq96_testsize0.2_rs42_shuffleFalse,268,2975,2019-05-01 23:45:00,124.26794,164.76352,40.495583,32.587315
traffic_predictor.keras,Traffic_Mbps_scaled (MinMax inverse only; load-scaling preserved),holdout_test_seq96_testsize0.2_rs42_shuffleFalse,269,2976,2019-05-02 00:00:00,146.38623,153.55125,7.165024,4.8946023
traffic_predictor.keras,Traffic_Mbps_scaled (MinMax inverse only; load-scaling preserved),holdout_test_seq96_testsize0.2_rs42_shuffleFalse,270,2977,2019-05-02 00:15:00,141.64499,142.3761,0.7311096,0.5161563
traffic_predictor.keras,Traffic_Mbps_scaled (MinMax inverse only; load-scaling preserved),holdout_test_seq96_testsize0.2_rs42_shuffleFalse,271,2978,2019-05-02 00:30:00,131.68462,131.94614,0.2615204,0.198596
traffic_predictor.keras,Traffic_Mbps_scaled (MinMax inverse only; load-scaling preserved),holdout_test_seq96_testsize0.2_rs42_shuffleFalse,272,2979,2019-05-02 00:45:00,118.341385,122.33002,3.9886322,3.3704455
traffic_predictor.keras,Traffic_Mbps_scaled (MinMax inverse only; load-scaling preserved),holdout_test_seq96_testsize0.2_rs42_shuffleFalse,273,2980,2019-05-02 01:00:00,91.267746,112.96826,21.700516,23.776764
traffic_predictor.keras,Traffic_Mbps_scaled (MinMax inverse only; load-scaling preserved),holdout_test_seq96_testsize0.2_rs42_shuffleFalse,274,2981,2019-05-02 01:15:00,80.49822,102.80727,22.309044,27.71371
traffic_predictor.keras,Traffic_Mbps_scaled (MinMax inverse only; load-scaling preserved),holdout_test_seq96_testsize0.2_rs42_shuffleFalse,275,2982,2019-05-02 01:30:00,79.81402,92.74028,12.926262,16.195478
traffic_predictor.keras,Traffic_Mbps_scaled (MinMax inverse only; load-scaling preserved),holdout_test_seq96_testsize0.2_rs42_shuffleFalse,276,2983,2019-05-02 01:45:00,61.397694,83.9053,22.507603,36.65871
traffic_predictor.keras,Traffic_Mbps_scaled (MinMax inverse only; load-scaling preserved),holdout_test_seq96_testsize0.2_rs42_shuffleFalse,277,2984,2019-05-02 02:00:00,59.933495,75.242065,15.308571,25.542597
traffic_predictor.keras,Traffic_Mbps_scaled (MinMax inverse only; load-scaling preserved),holdout_test_seq96_testsize0.2_rs42_shuffleFalse,278,2985,2019-05-02 02:15:00,58.852547,67.835434,8.982887,15.263378
traffic_predictor.keras,Traffic_Mbps_scaled (MinMax inverse only; load-scaling preserved),holdout_test_seq96_testsize0.2_rs42_shuffleFalse,279,2986,2019-05-02 02:30:00,52.12977,62.051167,9.921398,19.032116
traffic_predictor.keras,Traffic_Mbps_scaled (MinMax inverse only; load-scaling preserved),holdout_test_seq96_testsize0.2_rs42_shuffleFalse,280,2987,2019-05-02 02:45:00,59.642136,57.347206,2.2949295,3.8478327
traffic_predictor.keras,Traffic_Mbps_scaled (MinMax inverse only; load-scaling preserved),holdout_test_seq96_testsize0.2_rs42_shuffleFalse,281,2988,2019-05-02 03:00:00,47.419647,54.682243,7.262596,15.315585
traffic_predictor.keras,Traffic_Mbps_scaled (MinMax inverse only; load-scaling preserved),holdout_test_seq96_testsize0.2_rs42_shuffleFalse,282,2989,2019-05-02 03:15:00,37.066837,52.736645,15.669807,42.274467
traffic_predictor.keras,Traffic_Mbps_scaled (MinMax inverse only; load-scaling preserved),holdout_test_seq96_testsize0.2_rs42_shuffleFalse,283,2990,2019-05-02 03:30:00,33.074577,50.809525,17.734947,53.621082
traffic_predictor.keras,Traffic_Mbps_scaled (MinMax inverse only; load-scaling preserved),holdout_test_seq96_testsize0.2_rs42_shuffleFalse,284,2991,2019-05-02 03:45:00,32.80785,48.989628,16.181778,49.322884
traffic_predictor.keras,Traffic_Mbps_scaled (MinMax inverse only; load-scaling preserved),holdout_test_seq96_testsize0.2_rs42_shuffleFalse,285,2992,2019-05-02 04:00:00,31.524874,47.63147,16.106596,51.091705
traffic_predictor.keras,Traffic_Mbps_scaled (MinMax inverse only; load-scaling preserved),holdout_test_seq96_testsize0.2_rs42_shuffleFalse,286,2993,2019-05-02 04:15:00,22.87086,46.76069,23.88983,104.45533
traffic_predictor.keras,Traffic_Mbps_scaled (MinMax inverse only; load-scaling preserved),holdout_test_seq96_testsize0.2_rs42_shuffleFalse,287,2994,2019-05-02 04:30:00,24.836267,45.81569,20.979422,84.47091
traffic_predictor.keras,Traffic_Mbps_scaled (MinMax inverse only; load-scaling preserved),holdout_test_seq96_testsize0.2_rs42_shuffleFalse,288,2995,2019-05-02 04:45:00,24.108303,45.275875,21.167572,87.802
traffic_predictor.keras,Traffic_Mbps_scaled (MinMax inverse only; load-scaling preserved),holdout_test_seq96_testsize0.2_rs42_shuffleFalse,289,2996,2019-05-02 05:00:00,26.85831,45.264843,18.406532,68.531975
traffic_predictor.keras,Traffic_Mbps_scaled (MinMax inverse only; load-scaling preserved),holdout_test_seq96_testsize0.2_rs42_shuffleFalse,290,2997,2019-05-02 05:15:00,23.904787,46.142796,22.238008,93.02743
traffic_predictor.keras,Traffic_Mbps_scaled (MinMax inverse only; load-scaling preserved),holdout_test_seq96_testsize0.2_rs42_shuffleFalse,291,2998,2019-05-02 05:30:00,18.716005,47.623775,28.90777,154.4548
traffic_predictor.keras,Traffic_Mbps_scaled (MinMax inverse only; load-scaling preserved),holdout_test_seq96_testsize0.2_rs42_shuffleFalse,292,2999,2019-05-02 05:45:00,28.546646,49.76633,21.219685,74.33337
traffic_predictor.keras,Traffic_Mbps_scaled (MinMax inverse only; load-scaling preserved),holdout_test_seq96_testsize0.2_rs42_shuffleFalse,293,3000,2019-05-02 06:00:00,30.640915,52.65661,22.015694,71.85064
traffic_predictor.keras,Traffic_Mbps_scaled (MinMax inverse only; load-scaling preserved),holdout_test_seq96_testsize0.2_rs42_shuffleFalse,294,3001,2019-05-02 06:15:00,30.129128,56.052647,25.92352,86.04138
traffic_predictor.keras,Traffic_Mbps_scaled (MinMax inverse only; load-scaling preserved),holdout_test_seq96_testsize0.2_rs42_shuffleFalse,295,3002,2019-05-02 06:30:00,44.94272,59.55647,14.61375,32.51639
traffic_predictor.keras,Traffic_Mbps_scaled (MinMax inverse only; load-scaling preserved),holdout_test_seq96_testsize0.2_rs42_shuffleFalse,296,3003,2019-05-02 06:45:00,46.39164,63.458206,17.066566,36.78802
traffic_predictor.keras,Traffic_Mbps_scaled (MinMax inverse only; load-scaling preserved),holdout_test_seq96_testsize0.2_rs42_shuffleFalse,297,3004,2019-05-02 07:00:00,38.67284,67.505455,28.832615,74.55521
traffic_predictor.keras,Traffic_Mbps_scaled (MinMax inverse only; load-scaling preserved),holdout_test_seq96_testsize0.2_rs42_shuffleFalse,298,3005,2019-05-02 07:15:00,53.601307,71.01988,17.418575,32.49655
traffic_predictor.keras,Traffic_Mbps_scaled (MinMax inverse only; load-scaling preserved),holdout_test_seq96_testsize0.2_rs42_shuffleFalse,299,3006,2019-05-02 07:30:00,55.521793,74.45821,18.93642,34.106285
traffic_predictor.keras,Traffic_Mbps_scaled (MinMax inverse only; load-scaling preserved),holdout_test_seq96_testsize0.2_rs42_shuffleFalse,300,3007,2019-05-02 07:45:00,57.598766,77.63712,20.038357,34.78956
traffic_predictor.keras,Traffic_Mbps_scaled (MinMax inverse only; load-scaling preserved),holdout_test_seq96_testsize0.2_rs42_shuffleFalse,301,3008,2019-05-02 08:00:00,59.78245,80.51807,20.735615,34.68512
traffic_predictor.keras,Traffic_Mbps_scaled (MinMax inverse only; load-scaling preserved),holdout_test_seq96_testsize0.2_rs42_shuffleFalse,302,3009,2019-05-02 08:15:00,73.25185,83.03864,9.786797,13.360478
traffic_predictor.keras,Traffic_Mbps_scaled (MinMax inverse only; load-scaling preserved),holdout_test_seq96_testsize0.2_rs42_shuffleFalse,303,3010,2019-05-02 08:30:00,77.799576,85.71916,7.919586,10.179472
traffic_predictor.keras,Traffic_Mbps_scaled (MinMax inverse only; load-scaling preserved),holdout_test_seq96_testsize0.2_rs42_shuffleFalse,304,3011,2019-05-02 08:45:00,119.01012,88.386925,30.623192,25.731586
traffic_predictor.keras,Traffic_Mbps_scaled (MinMax inverse only; load-scaling preserved),holdout_test_seq96_testsize0.2_rs42_shuffleFalse,305,3012,2019-05-02 09:00:00,146.04866,92.639496,53.409164,36.56943
traffic_predictor.keras,Traffic_Mbps_scaled (MinMax inverse only; load-scaling preserved),holdout_test_seq96_testsize0.2_rs42_shuffleFalse,306,3013,2019-05-02 09:15:00,53.18158,99.71487,46.533287,87.49888
traffic_predictor.keras,Traffic_Mbps_scaled (MinMax inverse only; load-scaling preserved),holdout_test_seq96_testsize0.2_rs42_shuffleFalse,307,3014,2019-05-02 09:30:00,68.69591,102.40346,33.70755,49.067772
traffic_predictor.keras,Traffic_Mbps_scaled (MinMax inverse only; load-scaling preserved),holdout_test_seq96_testsize0.2_rs42_shuffleFalse,308,3015,2019-05-02 09:45:00,72.03373,102.460014,30.426285,42.23894
traffic_predictor.keras,Traffic_Mbps_scaled (MinMax inverse only; load-scaling preserved),holdout_test_seq96_testsize0.2_rs42_shuffleFalse,309,3016,2019-05-02 10:00:00,87.44181,101.10804,13.666229,15.628942
traffic_predictor.keras,Traffic_Mbps_scaled (MinMax inverse only; load-scaling preserved),holdout_test_seq96_testsize0.2_rs42_shuffleFalse,310,3017,2019-05-02 10:15:00,73.647385,100.07694,26.429558,35.88662
traffic_predictor.keras,Traffic_Mbps_scaled (MinMax inverse only; load-scaling preserved),holdout_test_seq96_testsize0.2_rs42_shuffleFalse,311,3018,2019-05-02 10:30:00,62.24346,98.40278,36.159317,58.093357
traffic_predictor.keras,Traffic_Mbps_scaled (MinMax inverse only; load-scaling preserved),holdout_test_seq96_testsize0.2_rs42_shuffleFalse,312,3019,2019-05-02 10:45:00,54.839146,95.72248,40.883335,74.55138
traffic_predictor.keras,Traffic_Mbps_scaled (MinMax inverse only; load-scaling preserved),holdout_test_seq96_testsize0.2_rs42_shuffleFalse,313,3020,2019-05-02 11:00:00,82.00209,92.23203,10.229942,12.475222
traffic_predictor.keras,Traffic_Mbps_scaled (MinMax inverse only; load-scaling preserved),holdout_test_seq96_testsize0.2_rs42_shuffleFalse,314,3021,2019-05-02 11:15:00,70.265594,90.49696,20.231369,28.79271
traffic_predictor.keras,Traffic_Mbps_scaled (MinMax inverse only; load-scaling preserved),holdout_test_seq96_testsize0.2_rs42_shuffleFalse,315,3022,2019-05-02 11:30:00,61.308334,89.17694,27.868607,45.45647
traffic_predictor.keras,Traffic_Mbps_scaled (MinMax inverse only; load-scaling preserved),holdout_test_seq96_testsize0.2_rs42_shuffleFalse,316,3023,2019-05-02 11:45:00,68.975784,87.6542,18.678413,27.079668
traffic_predictor.keras,Traffic_Mbps_scaled (MinMax inverse only; load-scaling preserved),holdout_test_seq96_testsize0.2_rs42_shuffleFalse,317,3024,2019-05-02 12:00:00,96.43427,86.6438,9.790474,10.152484
traffic_predictor.keras,Traffic_Mbps_scaled (MinMax inverse only; load-scaling preserved),holdout_test_seq96_testsize0.2_rs42_shuffleFalse,318,3025,2019-05-02 12:15:00,127.11754,87.70721,39.41033,31.003063
traffic_predictor.keras,Traffic_Mbps_scaled (MinMax inverse only; load-scaling preserved),holdout_test_seq96_testsize0.2_rs42_shuffleFalse,319,3026,2019-05-02 12:30:00,135.84245,92.18164,43.660812,32.14077
traffic_predictor.keras,Traffic_Mbps_scaled (MinMax inverse only; load-scaling preserved),holdout_test_seq96_testsize0.2_rs42_shuffleFalse,320,3027,2019-05-02 12:45:00,147.35078,98.76776,48.583023,32.970997
traffic_predictor.keras,Traffic_Mbps_scaled (MinMax inverse only; load-scaling preserved),holdout_test_seq96_testsize0.2_rs42_shuffleFalse,321,3028,2019-05-02 13:00:00,157.97714,106.68415,51.29299,32.468616
traffic_predictor.keras,Traffic_Mbps_scaled (MinMax inverse only; load-scaling preserved),holdout_test_seq96_testsize0.2_rs42_shuffleFalse,322,3029,2019-05-02 13:15:00,140.27396,115.19857,25.075386,17.876009
traffic_predictor.keras,Traffic_Mbps_scaled (MinMax inverse only; load-scaling preserved),holdout_test_seq96_testsize0.2_rs42_shuffleFalse,323,3030,2019-05-02 13:30:00,138.32114,121.69437,16.62677,12.0204115
traffic_predictor.keras,Traffic_Mbps_scaled (MinMax inverse only; load-scaling preserved),holdout_test_seq96_testsize0.2_rs42_shuffleFalse,324,3031,2019-05-02 13:45:00,110.246254,126.05446,15.808205,14.338996
traffic_predictor.keras,Traffic_Mbps_scaled (MinMax inverse only; load-scaling preserved),holdout_test_seq96_testsize0.2_rs42_shuffleFalse,325,3032,2019-05-02 14:00:00,127.01949,126.48424,0.53525543,0.42139626
traffic_predictor.keras,Traffic_Mbps_scaled (MinMax inverse only; load-scaling preserved),holdout_test_seq96_testsize0.2_rs42_shuffleFalse,326,3033,2019-05-02 14:15:00,105.736,125.87294,20.13694,19.044546
traffic_predictor.keras,Traffic_Mbps_scaled (MinMax inverse only; load-scaling preserved),holdout_test_seq96_testsize0.2_rs42_shuffleFalse,327,3034,2019-05-02 14:30:00,105.78033,123.07405,17.293724,16.348715
traffic_predictor.keras,Traffic_Mbps_scaled (MinMax inverse only; load-scaling preserved),holdout_test_seq96_testsize0.2_rs42_shuffleFalse,328,3035,2019-05-02 14:45:00,91.91358,119.258255,27.344673,29.750416
traffic_predictor.keras,Traffic_Mbps_scaled (MinMax inverse only; load-scaling preserved),holdout_test_seq96_testsize0.2_rs42_shuffleFalse,329,3036,2019-05-02 15:00:00,106.34637,114.21544,7.869072,7.399474
traffic_predictor.keras,Traffic_Mbps_scaled (MinMax inverse only; load-scaling preserved),holdout_test_seq96_testsize0.2_rs42_shuffleFalse,330,3037,2019-05-02 15:15:00,88.06931,110.062584,21.99327,24.972683
traffic_predictor.keras,Traffic_Mbps_scaled (MinMax inverse only; load-scaling preserved),holdout_test_seq96_testsize0.2_rs42_shuffleFalse,331,3038,2019-05-02 15:30:00,89.97066,105.4926,15.521942,17.252228
traffic_predictor.keras,Traffic_Mbps_scaled (MinMax inverse only; load-scaling preserved),holdout_test_seq96_testsize0.2_rs42_shuffleFalse,332,3039,2019-05-02 15:45:00,102.31087,101.36467,0.9461975,0.924826
traffic_predictor.keras,Traffic_Mbps_scaled (MinMax inverse only; load-scaling preserved),holdout_test_seq96_testsize0.2_rs42_shuffleFalse,333,3040,2019-05-02 16:00:00,85.77134,98.7906,13.019264,15.179038
traffic_predictor.keras,Traffic_Mbps_scaled (MinMax inverse only; load-scaling preserved),holdout_test_seq96_testsize0.2_rs42_shuffleFalse,334,3041,2019-05-02 16:15:00,89.385086,96.20621,6.821121,7.6311626
traffic_predictor.keras,Traffic_Mbps_scaled (MinMax inverse only; load-scaling preserved),holdout_test_seq96_testsize0.2_rs42_shuffleFalse,335,3042,2019-05-02 16:30:00,103.14524,94.203514,8.941727,8.669064
traffic_predictor.keras,Traffic_Mbps_scaled (MinMax inverse only; load-scaling preserved),holdout_test_seq96_testsize0.2_rs42_shuffleFalse,336,3043,2019-05-02 16:45:00,104.00908,93.72562,10.283463,9.887081
traffic_predictor.keras,Traffic_Mbps_scaled (MinMax inverse only; load-scaling preserved),holdout_test_seq96_testsize0.2_rs42_shuffleFalse,337,3044,2019-05-02 17:00:00,88.331825,94.23502,5.9031982,6.68298
traffic_predictor.keras,Traffic_Mbps_scaled (MinMax inverse only; load-scaling preserved),holdout_test_seq96_testsize0.2_rs42_shuffleFalse,338,3045,2019-05-02 17:15:00,88.48473,94.16971,5.6849747,6.4248085
traffic_predictor.keras,Traffic_Mbps_scaled (MinMax inverse only; load-scaling preserved),holdout_test_seq96_testsize0.2_rs42_shuffleFalse,339,3046,2019-05-02 17:30:00,92.345215,93.82081,1.4755936,1.5979102
traffic_predictor.keras,Traffic_Mbps_scaled (MinMax inverse only; load-scaling preserved),holdout_test_seq96_testsize0.2_rs42_shuffleFalse,340,3047,2019-05-02 17:45:00,79.33458,93.61966,14.28508,18.00612
traffic_predictor.keras,Traffic_Mbps_scaled (MinMax inverse only; load-scaling preserved),holdout_test_seq96_testsize0.2_rs42_shuffleFalse,341,3048,2019-05-02 18:00:00,88.38123,92.597145,4.215912,4.7701435
traffic_predictor.keras,Traffic_Mbps_scaled (MinMax inverse only; load-scaling preserved),holdout_test_seq96_testsize0.2_rs42_shuffleFalse,342,3049,2019-05-02 18:15:00,113.81923,91.87962,21.939606,19.275833
traffic_predictor.keras,Traffic_Mbps_scaled (MinMax inverse only; load-scaling preserved),holdout_test_seq96_testsize0.2_rs42_shuffleFalse,343,3050,2019-05-02 18:30:00,96.383064,93.22396,3.1591034,3.2776542
traffic_predictor.keras,Traffic_Mbps_scaled (MinMax inverse only; load-scaling preserved),holdout_test_seq96_testsize0.2_rs42_shuffleFalse,344,3051,2019-05-02 18:45:00,87.46976,94.367836,6.898079,7.8862443
traffic_predictor.keras,Traffic_Mbps_scaled (MinMax inverse only; load-scaling preserved),holdout_test_seq96_testsize0.2_rs42_shuffleFalse,345,3052,2019-05-02 19:00:00,96.38274,94.692055,1.6906815,1.754133
traffic_predictor.keras,Traffic_Mbps_scaled (MinMax inverse only; load-scaling preserved),holdout_test_seq96_testsize0.2_rs42_shuffleFalse,346,3053,2019-05-02 19:15:00,99.599594,95.12719,4.4724045,4.490384
traffic_predictor.keras,Traffic_Mbps_scaled (MinMax inverse only; load-scaling preserved),holdout_test_seq96_testsize0.2_rs42_shuffleFalse,347,3054,2019-05-02 19:30:00,119.86627,95.808174,24.058098,20.070782
traffic_predictor.keras,Traffic_Mbps_scaled (MinMax inverse only; load-scaling preserved),holdout_test_seq96_testsize0.2_rs42_shuffleFalse,348,3055,2019-05-02 19:45:00,120.96102,98.003,22.958023,18.979687
traffic_predictor.keras,Traffic_Mbps_scaled (MinMax inverse only; load-scaling preserved),holdout_test_seq96_testsize0.2_rs42_shuffleFalse,349,3056,2019-05-02 20:00:00,110.38349,100.90544,9.47805,8.586474
traffic_predictor.keras,Traffic_Mbps_scaled (MinMax inverse only; load-scaling preserved),holdout_test_seq96_testsize0.2_rs42_shuffleFalse,350,3057,2019-05-02 20:15:00,134.36072,103.13183,31.22889,23.242573
traffic_predictor.keras,Traffic_Mbps_scaled (MinMax inverse only; load-scaling preserved),holdout_test_seq96_testsize0.2_rs42_shuffleFalse,351,3058,2019-05-02 20:30:00,145.39499,106.462204,38.932785,26.777252
traffic_predictor.keras,Traffic_Mbps_scaled (MinMax inverse only; load-scaling preserved),holdout_test_seq96_testsize0.2_rs42_shuffleFalse,352,3059,2019-05-02 20:45:00,164.71834,110.81697,53.901367,32.723354
traffic_predictor.keras,Traffic_Mbps_scaled (MinMax inverse only; load-scaling preserved),holdout_test_seq96_testsize0.2_rs42_shuffleFalse,353,3060,2019-05-02 21:00:00,178.10353,116.6747,61.428833,34.49052
traffic_predictor.keras,Traffic_Mbps_scaled (MinMax inverse only; load-scaling preserved),holdout_test_seq96_testsize0.2_rs42_shuffleFalse,354,3061,2019-05-02 21:15:00,177.61996,123.71662,53.903343,30.34757
traffic_predictor.keras,Traffic_Mbps_scaled (MinMax inverse only; load-scaling preserved),holdout_test_seq96_testsize0.2_rs42_shuffleFalse,355,3062,2019-05-02 21:30:00,169.52115,130.52884,38.99231,23.001442
traffic_predictor.keras,Traffic_Mbps_scaled (MinMax inverse only; load-scaling preserved),holdout_test_seq96_testsize0.2_rs42_shuffleFalse,356,3063,2019-05-02 21:45:00,208.01244,135.75626,72.25618,34.736473
traffic_predictor.keras,Traffic_Mbps_scaled (MinMax inverse only; load-scaling preserved),holdout_test_seq96_testsize0.2_rs42_shuffleFalse,357,3064,2019-05-02 22:00:00,185.49477,142.37662,43.11815,23.244942
traffic_predictor.keras,Traffic_Mbps_scaled (MinMax inverse only; load-scaling preserved),holdout_test_seq96_testsize0.2_rs42_shuffleFalse,358,3065,2019-05-02 22:15:00,168.95605,147.0961,21.859955,12.93825
traffic_predictor.keras,Traffic_Mbps_scaled (MinMax inverse only; load-scaling preserved),holdout_test_seq96_testsize0.2_rs42_shuffleFalse,359,3066,2019-05-02 22:30:00,181.21442,148.85522,32.35919,17.856853
traffic_predictor.keras,Traffic_Mbps_scaled (MinMax inverse only; load-scaling preserved),holdout_test_seq96_testsize0.2_rs42_shuffleFalse,360,3067,2019-05-02 22:45:00,151.65474,149.62122,2.0335236,1.3408902
traffic_predictor.keras,Traffic_Mbps_scaled (MinMax inverse only; load-scaling preserved),holdout_test_seq96_testsize0.2_rs42_shuffleFalse,361,3068,2019-05-02 23:00:00,164.9421,147.31833,17.623764,10.684819
traffic_predictor.keras,Traffic_Mbps_scaled (MinMax inverse only; load-scaling preserved),holdout_test_seq96_testsize0.2_rs42_shuffleFalse,362,3069,2019-05-02 23:15:00,151.17046,144.54523,6.625229,4.3826213
traffic_predictor.keras,Traffic_Mbps_scaled (MinMax inverse only; load-scaling preserved),holdout_test_seq96_testsize0.2_rs42_shuffleFalse,363,3070,2019-05-02 23:30:00,109.237625,140.60788,31.370255,28.717443
traffic_predictor.keras,Traffic_Mbps_scaled (MinMax inverse only; load-scaling preserved),holdout_test_seq96_testsize0.2_rs42_shuffleFalse,364,3071,2019-05-02 23:45:00,74.97339,133.26122,58.287827,77.74469
traffic_predictor.keras,Traffic_Mbps_scaled (MinMax inverse only; load-scaling preserved),holdout_test_seq96_testsize0.2_rs42_shuffleFalse,365,3072,2019-05-03 00:00:00,153.57036,122.34634,31.224022,20.332062
traffic_predictor.keras,Traffic_Mbps_scaled (MinMax inverse only; load-scaling preserved),holdout_test_seq96_testsize0.2_rs42_shuffleFalse,366,3073,2019-05-03 00:15:00,157.60274,116.51229,41.090446,26.072165
traffic_predictor.keras,Traffic_Mbps_scaled (MinMax inverse only; load-scaling preserved),holdout_test_seq96_testsize0.2_rs42_shuffleFalse,367,3074,2019-05-03 00:30:00,159.03976,114.298744,44.74102,28.131971
traffic_predictor.keras,Traffic_Mbps_scaled (MinMax inverse only; load-scaling preserved),holdout_test_seq96_testsize0.2_rs42_shuffleFalse,368,3075,2019-05-03 00:45:00,142.65604,114.590614,28.065422,19.67349
traffic_predictor.keras,Traffic_Mbps_scaled (MinMax inverse only; load-scaling preserved),holdout_test_seq96_testsize0.2_rs42_shuffleFalse,369,3076,2019-05-03 01:00:00,69.46322,115.11023,45.64701,65.71393
traffic_predictor.keras,Traffic_Mbps_scaled (MinMax inverse only; load-scaling preserved),holdout_test_seq96_testsize0.2_rs42_shuffleFalse,370,3077,2019-05-03 01:15:00,55.30534,110.27977,54.97443,99.401665
traffic_predictor.keras,Traffic_Mbps_scaled (MinMax inverse only; load-scaling preserved),holdout_test_seq96_testsize0.2_rs42_shuffleFalse,371,3078,2019-05-03 01:30:00,67.37357,102.116135,34.74256,51.567047
traffic_predictor.keras,Traffic_Mbps_scaled (MinMax inverse only; load-scaling preserved),holdout_test_seq96_testsize0.2_rs42_shuffleFalse,372,3079,2019-05-03 01:45:00,60.812626,93.83052,33.017895,54.29447
traffic_predictor.keras,Traffic_Mbps_scaled (MinMax inverse only; load-scaling preserved),holdout_test_seq96_testsize0.2_rs42_shuffleFalse,373,3080,2019-05-03 02:00:00,35.830948,85.32877,49.497826,138.14265
traffic_predictor.keras,Traffic_Mbps_scaled (MinMax inverse only; load-scaling preserved),holdout_test_seq96_testsize0.2_rs42_shuffleFalse,374,3081,2019-05-03 02:15:00,40.99383,76.054955,35.061123,85.5278
traffic_predictor.keras,Traffic_Mbps_scaled (MinMax inverse only; load-scaling preserved),holdout_test_seq96_testsize0.2_rs42_shuffleFalse,375,3082,2019-05-03 02:30:00,28.905476,68.10612,39.20064,135.61665
traffic_predictor.keras,Traffic_Mbps_scaled (MinMax inverse only; load-scaling preserved),holdout_test_seq96_testsize0.2_rs42_shuffleFalse,376,3083,2019-05-03 02:45:00,30.256275,60.783916,30.527641,100.8969
traffic_predictor.keras,Traffic_Mbps_scaled (MinMax inverse only; load-scaling preserved),holdout_test_seq96_testsize0.2_rs42_shuffleFalse,377,3084,2019-05-03 03:00:00,36.76713,54.876854,18.109722,49.255196
traffic_predictor.keras,Traffic_Mbps_scaled (MinMax inverse only; load-scaling preserved),holdout_test_seq96_testsize0.2_rs42_shuffleFalse,378,3085,2019-05-03 03:15:00,24.669191,51.11395,26.444757,107.1975
traffic_predictor.keras,Traffic_Mbps_scaled (MinMax inverse only; load-scaling preserved),holdout_test_seq96_testsize0.2_rs42_shuffleFalse,379,3086,2019-05-03 03:30:00,19.263079,48.257534,28.994455,150.51828
traffic_predictor.keras,Traffic_Mbps_scaled (MinMax inverse only; load-scaling preserved),holdout_test_seq96_testsize0.2_rs42_shuffleFalse,380,3087,2019-05-03 03:45:00,14.285482,46.207027,31.921545,223.45445
traffic_predictor.keras,Traffic_Mbps_scaled (MinMax inverse only; load-scaling preserved),holdout_test_seq96_testsize0.2_rs42_shuffleFalse,381,3088,2019-05-03 04:00:00,10.74827,44.99783,34.249557,318.65182
traffic_predictor.keras,Traffic_Mbps_scaled (MinMax inverse only; load-scaling preserved),holdout_test_seq96_testsize0.2_rs42_shuffleFalse,382,3089,2019-05-03 04:15:00,9.635912,44.32017,34.684258,359.94785
traffic_predictor.keras,Traffic_Mbps_scaled (MinMax inverse only; load-scaling preserved),holdout_test_seq96_testsize0.2_rs42_shuffleFalse,383,3090,2019-05-03 04:30:00,12.296306,45.00084,32.704533,265.9704
traffic_predictor.keras,Traffic_Mbps_scaled (MinMax inverse only; load-scaling preserved),holdout_test_seq96_testsize0.2_rs42_shuffleFalse,384,3091,2019-05-03 04:45:00,9.353482,46.516567,37.163086,397.3182
traffic_predictor.keras,Traffic_Mbps_scaled (MinMax inverse only; load-scaling preserved),holdout_test_seq96_testsize0.2_rs42_shuffleFalse,385,3092,2019-05-03 05:00:00,26.238724,48.567856,22.329132,85.099915
traffic_predictor.keras,Traffic_Mbps_scaled (MinMax inverse only; load-scaling preserved),holdout_test_seq96_testsize0.2_rs42_shuffleFalse,386,3093,2019-05-03 05:15:00,6.932722,51.999,45.066277,650.0517
traffic_predictor.keras,Traffic_Mbps_scaled (MinMax inverse only; load-scaling preserved),holdout_test_seq96_testsize0.2_rs42_shuffleFalse,387,3094,2019-05-03 05:30:00,4.2110705,55.21316,51.00209,1211.1431
traffic_predictor.keras,Traffic_Mbps_scaled (MinMax inverse only; load-scaling preserved),holdout_test_seq96_testsize0.2_rs42_shuffleFalse,388,3095,2019-05-03 05:45:00,7.262102,58.185425,50.923325,701.22015
traffic_predictor.keras,Traffic_Mbps_scaled (MinMax inverse only; load-scaling preserved),holdout_test_seq96_testsize0.2_rs42_shuffleFalse,389,3096,2019-05-03 06:00:00,19.120996,60.9925,41.871506,218.98181
traffic_predictor.keras,Traffic_Mbps_scaled (MinMax inverse only; load-scaling preserved),holdout_test_seq96_testsize0.2_rs42_shuffleFalse,390,3097,2019-05-03 06:15:00,19.019718,64.139465,45.119747,237.22615
traffic_predictor.keras,Traffic_Mbps_scaled (MinMax inverse only; load-scaling preserved),holdout_test_seq96_testsize0.2_rs42_shuffleFalse,391,3098,2019-05-03 06:30:00,13.363261,67.44476,54.0815,404.70285
traffic_predictor.keras,Traffic_Mbps_scaled (MinMax inverse only; load-scaling preserved),holdout_test_seq96_testsize0.2_rs42_shuffleFalse,392,3099,2019-05-03 06:45:00,26.612963,70.42597,43.81301,164.63034
traffic_predictor.keras,Traffic_Mbps_scaled (MinMax inverse only; load-scaling preserved),holdout_test_seq96_testsize0.2_rs42_shuffleFalse,393,3100,2019-05-03 07:00:00,49.037807,73.621796,24.583988,50.13272
traffic_predictor.keras,Traffic_Mbps_scaled (MinMax inverse only; load-scaling preserved),holdout_test_seq96_testsize0.2_rs42_shuffleFalse,394,3101,2019-05-03 07:15:00,44.618042,77.48117,32.86313,73.65435
traffic_predictor.keras,Traffic_Mbps_scaled (MinMax inverse only; load-scaling preserved),holdout_test_seq96_testsize0.2_rs42_shuffleFalse,395,3102,2019-05-03 07:30:00,53.24999,81.05841,27.808422,52.2224
traffic_predictor.keras,Traffic_Mbps_scaled (MinMax inverse only; load-scaling preserved),holdout_test_seq96_testsize0.2_rs42_shuffleFalse,396,3103,2019-05-03 07:45:00,37.063435,84.566925,47.50349,128.16808
traffic_predictor.keras,Traffic_Mbps_scaled (MinMax inverse only; load-scaling preserved),holdout_test_seq96_testsize0.2_rs42_shuffleFalse,397,3104,2019-05-03 08:00:00,65.05332,87.035965,21.982643,33.79173
traffic_predictor.keras,Traffic_Mbps_scaled (MinMax inverse only; load-scaling preserved),holdout_test_seq96_testsize0.2_rs42_shuffleFalse,398,3105,2019-05-03 08:15:00,45.76074,89.685455,43.924717,95.98778
traffic_predictor.keras,Traffic_Mbps_scaled (MinMax inverse only; load-scaling preserved),holdout_test_seq96_testsize0.2_rs42_shuffleFalse,399,3106,2019-05-03 08:30:00,48.33248,91.50166,43.16918,89.31712
traffic_predictor.keras,Traffic_Mbps_scaled (MinMax inverse only; load-scaling preserved),holdout_test_seq96_testsize0.2_rs42_shuffleFalse,400,3107,2019-05-03 08:45:00,47.59852,92.65984,45.061325,94.6696
traffic_predictor.keras,Traffic_Mbps_scaled (MinMax inverse only; load-scaling preserved),holdout_test_seq96_testsize0.2_rs42_shuffleFalse,401,3108,2019-05-03 09:00:00,45.601402,93.180275,47.578873,104.336426
traffic_predictor.keras,Traffic_Mbps_scaled (MinMax inverse only; load-scaling preserved),holdout_test_seq96_testsize0.2_rs42_shuffleFalse,402,3109,2019-05-03 09:15:00,40.847015,93.15158,52.304565,128.04991
traffic_predictor.keras,Traffic_Mbps_scaled (MinMax inverse only; load-scaling preserved),holdout_test_seq96_testsize0.2_rs42_shuffleFalse,403,3110,2019-05-03 09:30:00,49.49134,92.57704,43.0857,87.057045
traffic_predictor.keras,Traffic_Mbps_scaled (MinMax inverse only; load-scaling preserved),holdout_test_seq96_testsize0.2_rs42_shuffleFalse,404,3111,2019-05-03 09:45:00,39.35213,92.101036,52.748905,134.04332
traffic_predictor.keras,Traffic_Mbps_scaled (MinMax inverse only; load-scaling preserved),holdout_test_seq96_testsize0.2_rs42_shuffleFalse,405,3112,2019-05-03 10:00:00,51.577362,91.26077,39.68341,76.93959
traffic_predictor.keras,Traffic_Mbps_scaled (MinMax inverse only; load-scaling preserved),holdout_test_seq96_testsize0.2_rs42_shuffleFalse,406,3113,2019-05-03 10:15:00,45.10816,90.82692,45.71876,101.353645
traffic_predictor.keras,Traffic_Mbps_scaled (MinMax inverse only; load-scaling preserved),holdout_test_seq96_testsize0.2_rs42_shuffleFalse,407,3114,2019-05-03 10:30:00,46.441254,90.357056,43.915802,94.56206
traffic_predictor.keras,Traffic_Mbps_scaled (MinMax inverse only; load-scaling preserved),holdout_test_seq96_testsize0.2_rs42_shuffleFalse,408,3115,2019-05-03 10:45:00,47.86325,89.96927,42.106018,87.9715
traffic_predictor.keras,Traffic_Mbps_scaled (MinMax inverse only; load-scaling preserved),holdout_test_seq96_testsize0.2_rs42_shuffleFalse,409,3116,2019-05-03 11:00:00,46.81507,89.69612,42.88105,91.59668
traffic_predictor.keras,Traffic_Mbps_scaled (MinMax inverse only; load-scaling preserved),holdout_test_seq96_testsize0.2_rs42_shuffleFalse,410,3117,2019-05-03 11:15:00,54.941513,89.46232,34.520805,62.831913
traffic_predictor.keras,Traffic_Mbps_scaled (MinMax inverse only; load-scaling preserved),holdout_test_seq96_testsize0.2_rs42_shuffleFalse,411,3118,2019-05-03 11:30:00,57.91355,89.60149,31.687935,54.715927
traffic_predictor.keras,Traffic_Mbps_scaled (MinMax inverse only; load-scaling preserved),holdout_test_seq96_testsize0.2_rs42_shuffleFalse,412,3119,2019-05-03 11:45:00,64.45061,90.03552,25.584915,39.696934
traffic_predictor.keras,Traffic_Mbps_scaled (MinMax inverse only; load-scaling preserved),holdout_test_seq96_testsize0.2_rs42_shuffleFalse,413,3120,2019-05-03 12:00:00,84.734375,90.82655,6.0921783,7.1897364
traffic_predictor.keras,Traffic_Mbps_scaled (MinMax inverse only; load-scaling preserved),holdout_test_seq96_testsize0.2_rs42_shuffleFalse,414,3121,2019-05-03 12:15:00,89.43616,92.57084,3.1346817,3.504938
traffic_predictor.keras,Traffic_Mbps_scaled (MinMax inverse only; load-scaling preserved),holdout_test_seq96_testsize0.2_rs42_shuffleFalse,415,3122,2019-05-03 12:30:00,95.09265,94.833046,0.2596054,0.2730026
traffic_predictor.keras,Traffic_Mbps_scaled (MinMax inverse only; load-scaling preserved),holdout_test_seq96_testsize0.2_rs42_shuffleFalse,416,3123,2019-05-03 12:45:00,116.45648,97.34036,19.11612,16.414818
traffic_predictor.keras,Traffic_Mbps_scaled (MinMax inverse only; load-scaling preserved),holdout_test_seq96_testsize0.2_rs42_shuffleFalse,417,3124,2019-05-03 13:00:00,110.5908,100.78141,9.809387,8.869985
traffic_predictor.keras,Traffic_Mbps_scaled (MinMax inverse only; load-scaling preserved),holdout_test_seq96_testsize0.2_rs42_shuffleFalse,418,3125,2019-05-03 13:15:00,90.29175,104.89874,14.606995,16.177551
traffic_predictor.keras,Traffic_Mbps_scaled (MinMax inverse only; load-scaling preserved),holdout_test_seq96_testsize0.2_rs42_shuffleFalse,419,3126,2019-05-03 13:30:00,106.25155,107.50481,1.2532578,1.1795195
traffic_predictor.keras,Traffic_Mbps_scaled (MinMax inverse only; load-scaling preserved),holdout_test_seq96_testsize0.2_rs42_shuffleFalse,420,3127,2019-05-03 13:45:00,111.97953,109.5032,2.4763336,2.2114162
traffic_predictor.keras,Traffic_Mbps_scaled (MinMax inverse only; load-scaling preserved),holdout_test_seq96_testsize0.2_rs42_shuffleFalse,421,3128,2019-05-03 14:00:00,157.32037,111.212296,46.108078,29.308397
traffic_predictor.keras,Traffic_Mbps_scaled (MinMax inverse only; load-scaling preserved),holdout_test_seq96_testsize0.2_rs42_shuffleFalse,422,3129,2019-05-03 14:15:00,90.0452,115.85596,25.81076,28.664228
traffic_predictor.keras,Traffic_Mbps_scaled (MinMax inverse only; load-scaling preserved),holdout_test_seq96_testsize0.2_rs42_shuffleFalse,423,3130,2019-05-03 14:30:00,111.48443,116.684494,5.2000656,4.6643877
traffic_predictor.keras,Traffic_Mbps_scaled (MinMax inverse only; load-scaling preserved),holdout_test_seq96_testsize0.2_rs42_shuffleFalse,424,3131,2019-05-03 14:45:00,84.331215,116.73514,32.403923,38.42459
traffic_predictor.keras,Traffic_Mbps_scaled (MinMax inverse only; load-scaling preserved),holdout_test_seq96_testsize0.2_rs42_shuffleFalse,425,3132,2019-05-03 15:00:00,115.93184,114.21941,1.7124252,1.4770966
traffic_predictor.keras,Traffic_Mbps_scaled (MinMax inverse only; load-scaling preserved),holdout_test_seq96_testsize0.2_rs42_shuffleFalse,426,3133,2019-05-03 15:15:00,90.684715,112.74966,22.064941,24.33149
traffic_predictor.keras,Traffic_Mbps_scaled (MinMax inverse only; load-scaling preserved),holdout_test_seq96_testsize0.2_rs42_shuffleFalse,427,3134,2019-05-03 15:30:00,97.2563,110.09043,12.834129,13.196193
traffic_predictor.keras,Traffic_Mbps_scaled (MinMax inverse only; load-scaling preserved),holdout_test_seq96_testsize0.2_rs42_shuffleFalse,428,3135,2019-05-03 15:45:00,116.110115,107.51463,8.595482,7.4028707
traffic_predictor.keras,Traffic_Mbps_scaled (MinMax inverse only; load-scaling preserved),holdout_test_seq96_testsize0.2_rs42_shuffleFalse,429,3136,2019-05-03 16:00:00,104.69551,106.55729,1.8617783,1.7782791
traffic_predictor.keras,Traffic_Mbps_scaled (MinMax inverse only; load-scaling preserved),holdout_test_seq96_testsize0.2_rs42_shuffleFalse,430,3137,2019-05-03 16:15:00,98.62007,105.780655,7.1605835,7.260777
traffic_predictor.keras,Traffic_Mbps_scaled (MinMax inverse only; load-scaling preserved),holdout_test_seq96_testsize0.2_rs42_shuffleFalse,431,3138,2019-05-03 16:30:00,88.28511,104.75841,16.473297,18.659203
traffic_predictor.keras,Traffic_Mbps_scaled (MinMax inverse only; load-scaling preserved),holdout_test_seq96_testsize0.2_rs42_shuffleFalse,432,3139,2019-05-03 16:45:00,93.04925,102.92327,9.874023,10.61161
traffic_predictor.keras,Traffic_Mbps_scaled (MinMax inverse only; load-scaling preserved),holdout_test_seq96_testsize0.2_rs42_shuffleFalse,433,3140,2019-05-03 17:00:00,103.402275,101.1482,2.254074,2.1799076
traffic_predictor.keras,Traffic_Mbps_scaled (MinMax inverse only; load-scaling preserved),holdout_test_seq96_testsize0.2_rs42_shuffleFalse,434,3141,2019-05-03 17:15:00,115.61651,100.28981,15.326698,13.256496
traffic_predictor.keras,Traffic_Mbps_scaled (MinMax inverse only; load-scaling preserved),holdout_test_seq96_testsize0.2_rs42_shuffleFalse,435,3142,2019-05-03 17:30:00,105.983185,100.91039,5.072792,4.7864122
traffic_predictor.keras,Traffic_Mbps_scaled (MinMax inverse only; load-scaling preserved),holdout_test_seq96_testsize0.2_rs42_shuffleFalse,436,3143,2019-05-03 17:45:00,101.52836,101.60408,0.07572174,0.07458186
traffic_predictor.keras,Traffic_Mbps_scaled (MinMax inverse only; load-scaling preserved),holdout_test_seq96_testsize0.2_rs42_shuffleFalse,437,3144,2019-05-03 18:00:00,93.87445,101.95252,8.078072,8.605186
traffic_predictor.keras,Traffic_Mbps_scaled (MinMax inverse only; load-scaling preserved),holdout_test_seq96_testsize0.2_rs42_shuffleFalse,438,3145,2019-05-03 18:15:00,121.52259,101.4824,20.040192,16.49092
traffic_predictor.keras,Traffic_Mbps_scaled (MinMax inverse only; load-scaling preserved),holdout_test_seq96_testsize0.2_rs42_shuffleFalse,439,3146,2019-05-03 18:30:00,147.67044,102.5731,45.097343,30.539183
traffic_predictor.keras,Traffic_Mbps_scaled (MinMax inverse only; load-scaling preserved),holdout_test_seq96_testsize0.2_rs42_shuffleFalse,440,3147,2019-05-03 18:45:00,86.001045,106.28287,20.281822,23.583227
traffic_predictor.keras,Traffic_Mbps_scaled (MinMax inverse only; load-scaling preserved),holdout_test_seq96_testsize0.2_rs42_shuffleFalse,441,3148,2019-05-03 19:00:00,71.6562,106.57965,34.923454,48.737522
traffic_predictor.keras,Traffic_Mbps_scaled (MinMax inverse only; load-scaling preserved),holdout_test_seq96_testsize0.2_rs42_shuffleFalse,442,3149,2019-05-03 19:15:00,90.38323,103.94249,13.5592575,15.001962
traffic_predictor.keras,Traffic_Mbps_scaled (MinMax inverse only; load-scaling preserved),holdout_test_seq96_testsize0.2_rs42_shuffleFalse,443,3150,2019-05-03 19:30:00,88.44154,101.21106,12.769516,14.438369
traffic_predictor.keras,Traffic_Mbps_scaled (MinMax inverse only; load-scaling preserved),holdout_test_seq96_testsize0.2_rs42_shuffleFalse,444,3151,2019-05-03 19:45:00,63.888718,98.53856,34.64984,54.234676
traffic_predictor.keras,Traffic_Mbps_scaled (MinMax inverse only; load-scaling preserved),holdout_test_seq96_testsize0.2_rs42_shuffleFalse,445,3152,2019-05-03 20:00:00,63.444954,94.44928,31.004326,48.868073
traffic_predictor.keras,Traffic_Mbps_scaled (MinMax inverse only; load-scaling preserved),holdout_test_seq96_testsize0.2_rs42_shuffleFalse,446,3153,2019-05-03 20:15:00,70.55473,90.03765,19.482918,27.613905
traffic_predictor.keras,Traffic_Mbps_scaled (MinMax inverse only; load-scaling preserved),holdout_test_seq96_testsize0.2_rs42_shuffleFalse,447,3154,2019-05-03 20:30:00,109.4745,86.399345,23.075157,21.078112
traffic_predictor.keras,Traffic_Mbps_scaled (MinMax inverse only; load-scaling preserved),holdout_test_seq96_testsize0.2_rs42_shuffleFalse,448,3155,2019-05-03 20:45:00,113.2492,86.34869,26.900513,23.75338
traffic_predictor.keras,Traffic_Mbps_scaled (MinMax inverse only; load-scaling preserved),holdout_test_seq96_testsize0.2_rs42_shuffleFalse,449,3156,2019-05-03 21:00:00,127.2281,88.66474,38.563362,30.310413
traffic_predictor.keras,Traffic_Mbps_scaled (MinMax inverse only; load-scaling preserved),holdout_test_seq96_testsize0.2_rs42_shuffleFalse,450,3157,2019-05-03 21:15:00,119.59764,93.16988,26.427757,22.097223
traffic_predictor.keras,Traffic_Mbps_scaled (MinMax inverse only; load-scaling preserved),holdout_test_seq96_testsize0.2_rs42_shuffleFalse,451,3158,2019-05-03 21:30:00,124.417435,97.910866,26.506569,21.304544
traffic_predictor.keras,Traffic_Mbps_scaled (MinMax inverse only; load-scaling preserved),holdout_test_seq96_testsize0.2_rs42_shuffleFalse,452,3159,2019-05-03 21:45:00,129.22223,102.63232,26.589912,20.576887
traffic_predictor.keras,Traffic_Mbps_scaled (MinMax inverse only; load-scaling preserved),holdout_test_seq96_testsize0.2_rs42_shuffleFalse,453,3160,2019-05-03 22:00:00,136.25363,107.12984,29.123795,21.374693
traffic_predictor.keras,Traffic_Mbps_scaled (MinMax inverse only; load-scaling preserved),holdout_test_seq96_testsize0.2_rs42_shuffleFalse,454,3161,2019-05-03 22:15:00,123.091034,111.47971,11.6113205,9.433116
traffic_predictor.keras,Traffic_Mbps_scaled (MinMax inverse only; load-scaling preserved),holdout_test_seq96_testsize0.2_rs42_shuffleFalse,455,3162,2019-05-03 22:30:00,122.58746,114.238304,8.349159,6.8107777
traffic_predictor.keras,Traffic_Mbps_scaled (MinMax inverse only; load-scaling preserved),holdout_test_seq96_testsize0.2_rs42_shuffleFalse,456,3163,2019-05-03 22:45:00,172.04932,115.71453,56.334785,32.743393
traffic_predictor.keras,Traffic_Mbps_scaled (MinMax inverse only; load-scaling preserved),holdout_test_seq96_testsize0.2_rs42_shuffleFalse,457,3164,2019-05-03 23:00:00,144.73619,119.90165,24.834541,17.158487
traffic_predictor.keras,Traffic_Mbps_scaled (MinMax inverse only; load-scaling preserved),holdout_test_seq96_testsize0.2_rs42_shuffleFalse,458,3165,2019-05-03 23:15:00,123.531456,123.00451,0.526947,0.4265691
traffic_predictor.keras,Traffic_Mbps_scaled (MinMax inverse only; load-scaling preserved),holdout_test_seq96_testsize0.2_rs42_shuffleFalse,459,3166,2019-05-03 23:30:00,105.49957,123.58169,18.082115,17.139515
traffic_predictor.keras,Traffic_Mbps_scaled (MinMax inverse only; load-scaling preserved),holdout_test_seq96_testsize0.2_rs42_shuffleFalse,460,3167,2019-05-03 23:45:00,90.68089,121.281044,30.600151,33.744873
traffic_predictor.keras,Traffic_Mbps_scaled (MinMax inverse only; load-scaling preserved),holdout_test_seq96_testsize0.2_rs42_shuffleFalse,461,3168,2019-05-04 00:00:00,116.90153,116.49101,0.41051483,0.35116294
traffic_predictor.keras,Traffic_Mbps_scaled (MinMax inverse only; load-scaling preserved),holdout_test_seq96_testsize0.2_rs42_shuffleFalse,462,3169,2019-05-04 00:15:00,121.28235,112.70941,8.572937,7.0685773
traffic_predictor.keras,Traffic_Mbps_scaled (MinMax inverse only; load-scaling preserved),holdout_test_seq96_testsize0.2_rs42_shuffleFalse,463,3170,2019-05-04 00:30:00,114.49498,110.17103,4.3239517,3.7765424
traffic_predictor.keras,Traffic_Mbps_scaled (MinMax inverse only; load-scaling preserved),holdout_test_seq96_testsize0.2_rs42_shuffleFalse,464,3171,2019-05-04 00:45:00,107.936104,108.112045,0.17594147,0.1630052
traffic_predictor.keras,Traffic_Mbps_scaled (MinMax inverse only; load-scaling preserved),holdout_test_seq96_testsize0.2_rs42_shuffleFalse,465,3172,2019-05-04 01:00:00,81.53328,106.10747,24.574188,30.140072
traffic_predictor.keras,Traffic_Mbps_scaled (MinMax inverse only; load-scaling preserved),holdout_test_seq96_testsize0.2_rs42_shuffleFalse,466,3173,2019-05-04 01:15:00,53.969044,102.45796,48.48892,89.8458
traffic_predictor.keras,Traffic_Mbps_scaled (MinMax inverse only; load-scaling preserved),holdout_test_seq96_testsize0.2_rs42_shuffleFalse,467,3174,2019-05-04 01:30:00,40.68331,96.35149,55.668175,136.83295
traffic_predictor.keras,Traffic_Mbps_scaled (MinMax inverse only; load-scaling preserved),holdout_test_seq96_testsize0.2_rs42_shuffleFalse,468,3175,2019-05-04 01:45:00,36.38574,88.644,52.25826,143.62292
traffic_predictor.keras,Traffic_Mbps_scaled (MinMax inverse only; load-scaling preserved),holdout_test_seq96_testsize0.2_rs42_shuffleFalse,469,3176,2019-05-04 02:00:00,41.040794,80.58197,39.541176,96.34602
traffic_predictor.keras,Traffic_Mbps_scaled (MinMax inverse only; load-scaling preserved),holdout_test_seq96_testsize0.2_rs42_shuffleFalse,470,3177,2019-05-04 02:15:00,28.115791,73.24389,45.128098,160.50801
traffic_predictor.keras,Traffic_Mbps_scaled (MinMax inverse only; load-scaling preserved),holdout_test_seq96_testsize0.2_rs42_shuffleFalse,471,3178,2019-05-04 02:30:00,32.80276,66.138115,33.335354,101.62362
traffic_predictor.keras,Traffic_Mbps_scaled (MinMax inverse only; load-scaling preserved),holdout_test_seq96_testsize0.2_rs42_shuffleFalse,472,3179,2019-05-04 02:45:00,42.37999,60.584816,18.204826,42.956184
traffic_predictor.keras,Traffic_Mbps_scaled (MinMax inverse only; load-scaling preserved),holdout_test_seq96_testsize0.2_rs42_shuffleFalse,473,3180,2019-05-04 03:00:00,30.06864,57.582554,27.513914,91.503685
traffic_predictor.keras,Traffic_Mbps_scaled (MinMax inverse only; load-scaling preserved),holdout_test_seq96_testsize0.2_rs42_shuffleFalse,474,3181,2019-05-04 03:15:00,34.8933,55.815357,20.922058,59.960102
traffic_predictor.keras,Traffic_Mbps_scaled (MinMax inverse only; load-scaling preserved),holdout_test_seq96_testsize0.2_rs42_shuffleFalse,475,3182,2019-05-04 03:30:00,30.378153,55.232853,24.8547,81.81768
traffic_predictor.keras,Traffic_Mbps_scaled (MinMax inverse only; load-scaling preserved),holdout_test_seq96_testsize0.2_rs42_shuffleFalse,476,3183,2019-05-04 03:45:00,26.947882,55.285618,28.337736,105.15756
traffic_predictor.keras,Traffic_Mbps_scaled (MinMax inverse only; load-scaling preserved),holdout_test_seq96_testsize0.2_rs42_shuffleFalse,477,3184,2019-05-04 04:00:00,19.314795,56.13136,36.816566,190.6133
traffic_predictor.keras,Traffic_Mbps_scaled (MinMax inverse only; load-scaling preserved),holdout_test_seq96_testsize0.2_rs42_shuffleFalse,478,3185,2019-05-04 04:15:00,17.49266,57.10314,39.61048,226.44057
traffic_predictor.keras,Traffic_Mbps_scaled (MinMax inverse only; load-scaling preserved),holdout_test_seq96_testsize0.2_rs42_shuffleFalse,479,3186,2019-05-04 04:30:00,13.14434,58.315434,45.171093,343.65436
traffic_predictor.keras,Traffic_Mbps_scaled (MinMax inverse only; load-scaling preserved),holdout_test_seq96_testsize0.2_rs42_shuffleFalse,480,3187,2019-05-04 04:45:00,9.837476,59.53681,49.699337,505.20416
traffic_predictor.keras,Traffic_Mbps_scaled (MinMax inverse only; load-scaling preserved),holdout_test_seq96_testsize0.2_rs42_shuffleFalse,481,3188,2019-05-04 05:00:00,11.811033,60.630676,48.81964,413.3393
traffic_predictor.keras,Traffic_Mbps_scaled (MinMax inverse only; load-scaling preserved),holdout_test_seq96_testsize0.2_rs42_shuffleFalse,482,3189,2019-05-04 05:15:00,14.140248,62.043007,47.90276,338.76886
traffic_predictor.keras,Traffic_Mbps_scaled (MinMax inverse only; load-scaling preserved),holdout_test_seq96_testsize0.2_rs42_shuffleFalse,483,3190,2019-05-04 05:30:00,20.584944,63.78768,43.202736,209.87541
traffic_predictor.keras,Traffic_Mbps_scaled (MinMax inverse only; load-scaling preserved),holdout_test_seq96_testsize0.2_rs42_shuffleFalse,484,3191,2019-05-04 05:45:00,25.25708,66.08062,40.82354,161.63206
traffic_predictor.keras,Traffic_Mbps_scaled (MinMax inverse only; load-scaling preserved),holdout_test_seq96_testsize0.2_rs42_shuffleFalse,485,3192,2019-05-04 06:00:00,19.582651,68.80004,49.217392,251.33162
traffic_predictor.keras,Traffic_Mbps_scaled (MinMax inverse only; load-scaling preserved),holdout_test_seq96_testsize0.2_rs42_shuffleFalse,486,3193,2019-05-04 06:15:00,10.032614,71.413795,61.38118,611.81647
traffic_predictor.keras,Traffic_Mbps_scaled (MinMax inverse only; load-scaling preserved),holdout_test_seq96_testsize0.2_rs42_shuffleFalse,487,3194,2019-05-04 06:30:00,8.222973,73.42283,65.19986,792.89886
traffic_predictor.keras,Traffic_Mbps_scaled (MinMax inverse only; load-scaling preserved),holdout_test_seq96_testsize0.2_rs42_shuffleFalse,488,3195,2019-05-04 06:45:00,17.399887,74.95831,57.558426,330.7977
traffic_predictor.keras,Traffic_Mbps_scaled (MinMax inverse only; load-scaling preserved),holdout_test_seq96_testsize0.2_rs42_shuffleFalse,489,3196,2019-05-04 07:00:00,12.973848,76.60151,63.627663,490.43018
traffic_predictor.keras,Traffic_Mbps_scaled (MinMax inverse only; load-scaling preserved),holdout_test_seq96_testsize0.2_rs42_shuffleFalse,490,3197,2019-05-04 07:15:00,9.375704,78.05368,68.67798,732.5101
traffic_predictor.keras,Traffic_Mbps_scaled (MinMax inverse only; load-scaling preserved),holdout_test_seq96_testsize0.2_rs42_shuffleFalse,491,3198,2019-05-04 07:30:00,35.44527,79.28643,43.84116,123.68691
traffic_predictor.keras,Traffic_Mbps_scaled (MinMax inverse only; load-scaling preserved),holdout_test_seq96_testsize0.2_rs42_shuffleFalse,492,3199,2019-05-04 07:45:00,25.297451,81.27956,55.982105,221.29543
traffic_predictor.keras,Traffic_Mbps_scaled (MinMax inverse only; load-scaling preserved),holdout_test_seq96_testsize0.2_rs42_shuffleFalse,493,3200,2019-05-04 08:00:00,21.583462,83.20485,61.621387,285.50278
traffic_predictor.keras,Traffic_Mbps_scaled (MinMax inverse only; load-scaling preserved),holdout_test_seq96_testsize0.2_rs42_shuffleFalse,494,3201,2019-05-04 08:15:00,35.37829,84.84286,49.46457,139.81618
traffic_predictor.keras,Traffic_Mbps_scaled (MinMax inverse only; load-scaling preserved),holdout_test_seq96_testsize0.2_rs42_shuffleFalse,495,3202,2019-05-04 08:30:00,51.72565,86.6762,34.95055,67.56909
traffic_predictor.keras,Traffic_Mbps_scaled (MinMax inverse only; load-scaling preserved),holdout_test_seq96_testsize0.2_rs42_shuffleFalse,496,3203,2019-05-04 08:45:00,26.135418,89.03664,62.90122,240.67424
traffic_predictor.keras,Traffic_Mbps_scaled (MinMax inverse only; load-scaling preserved),holdout_test_seq96_testsize0.2_rs42_shuffleFalse,497,3204,2019-05-04 09:00:00,27.398415,90.47121,63.072792,230.206
traffic_predictor.keras,Traffic_Mbps_scaled (MinMax inverse only; load-scaling preserved),holdout_test_seq96_testsize0.2_rs42_shuffleFalse,498,3205,2019-05-04 09:15:00,40.390644,91.27431,50.883663,125.978836
traffic_predictor.keras,Traffic_Mbps_scaled (MinMax inverse only; load-scaling preserved),holdout_test_seq96_testsize0.2_rs42_shuffleFalse,499,3206,2019-05-04 09:30:00,36.455772,92.08795,55.63218,152.60184
traffic_predictor.keras,Traffic_Mbps_scaled (MinMax inverse only; load-scaling preserved),holdout_test_seq96_testsize0.2_rs42_shuffleFalse,500,3207,2019-05-04 09:45:00,35.991096,92.648026,56.65693,157.41928
traffic_predictor.keras,Traffic_Mbps_scaled (MinMax inverse only; load-scaling preserved),holdout_test_seq96_testsize0.2_rs42_shuffleFalse,501,3208,2019-05-04 10:00:00,59.462097,92.96533,33.503235,56.34385
traffic_predictor.keras,Traffic_Mbps_scaled (MinMax inverse only; load-scaling preserved),holdout_test_seq96_testsize0.2_rs42_shuffleFalse,502,3209,2019-05-04 10:15:00,70.74177,93.93887,23.197105,32.791245
traffic_predictor.keras,Traffic_Mbps_scaled (MinMax inverse only; load-scaling preserved),holdout_test_seq96_testsize0.2_rs42_shuffleFalse,503,3210,2019-05-04 10:30:00,48.235813,95.573845,47.33803,98.13877
traffic_predictor.keras,Traffic_Mbps_scaled (MinMax inverse only; load-scaling preserved),holdout_test_seq96_testsize0.2_rs42_shuffleFalse,504,3211,2019-05-04 10:45:00,61.5672,96.545685,34.978485,56.813507
traffic_predictor.keras,Traffic_Mbps_scaled (MinMax inverse only; load-scaling preserved),holdout_test_seq96_testsize0.2_rs42_shuffleFalse,505,3212,2019-05-04 11:00:00,56.7688,97.47731,40.70851,71.709305
traffic_predictor.keras,Traffic_Mbps_scaled (MinMax inverse only; load-scaling preserved),holdout_test_seq96_testsize0.2_rs42_shuffleFalse,506,3213,2019-05-04 11:15:00,53.105675,97.914474,44.8088,84.37667
traffic_predictor.keras,Traffic_Mbps_scaled (MinMax inverse only; load-scaling preserved),holdout_test_seq96_testsize0.2_rs42_shuffleFalse,507,3214,2019-05-04 11:30:00,54.9095,97.75556,42.84606,78.03033
traffic_predictor.keras,Traffic_Mbps_scaled (MinMax inverse only; load-scaling preserved),holdout_test_seq96_testsize0.2_rs42_shuffleFalse,508,3215,2019-05-04 11:45:00,57.932507,97.26237,39.32986,67.88911
traffic_predictor.keras,Traffic_Mbps_scaled (MinMax inverse only; load-scaling preserved),holdout_test_seq96_testsize0.2_rs42_shuffleFalse,509,3216,2019-05-04 12:00:00,63.595745,96.687164,33.09142,52.034016
traffic_predictor.keras,Traffic_Mbps_scaled (MinMax inverse only; load-scaling preserved),holdout_test_seq96_testsize0.2_rs42_shuffleFalse,510,3217,2019-05-04 12:15:00,73.307526,96.27083,22.963303,31.32462
traffic_predictor.keras,Traffic_Mbps_scaled (MinMax inverse only; load-scaling preserved),holdout_test_seq96_testsize0.2_rs42_shuffleFalse,511,3218,2019-05-04 12:30:00,74.53403,96.33956,21.805534,29.25581
traffic_predictor.keras,Traffic_Mbps_scaled (MinMax inverse only; load-scaling preserved),holdout_test_seq96_testsize0.2_rs42_shuffleFalse,512,3219,2019-05-04 12:45:00,95.47765,96.60716,1.129509,1.1830087
traffic_predictor.keras,Traffic_Mbps_scaled (MinMax inverse only; load-scaling preserved),holdout_test_seq96_testsize0.2_rs42_shuffleFalse,513,3220,2019-05-04 13:00:00,80.325615,97.93369,17.608078,21.920876
traffic_predictor.keras,Traffic_Mbps_scaled (MinMax inverse only; load-scaling preserved),holdout_test_seq96_testsize0.2_rs42_shuffleFalse,514,3221,2019-05-04 13:15:00,71.02965,98.805336,27.775688,39.10436
traffic_predictor.keras,Traffic_Mbps_scaled (MinMax inverse only; load-scaling preserved),holdout_test_seq96_testsize0.2_rs42_shuffleFalse,515,3222,2019-05-04 13:30:00,84.25396,98.73196,14.477997,17.183758
traffic_predictor.keras,Traffic_Mbps_scaled (MinMax inverse only; load-scaling preserved),holdout_test_seq96_testsize0.2_rs42_shuffleFalse,516,3223,2019-05-04 13:45:00,82.63589,99.0158,16.379913,19.82179
traffic_predictor.keras,Traffic_Mbps_scaled (MinMax inverse only; load-scaling preserved),holdout_test_seq96_testsize0.2_rs42_shuffleFalse,517,3224,2019-05-04 14:00:00,68.0883,99.2313,31.142998,45.739132
traffic_predictor.keras,Traffic_Mbps_scaled (MinMax inverse only; load-scaling preserved),holdout_test_seq96_testsize0.2_rs42_shuffleFalse,518,3225,2019-05-04 14:15:00,63.58347,98.4187,34.83523,54.786617
traffic_predictor.keras,Traffic_Mbps_scaled (MinMax inverse only; load-scaling preserved),holdout_test_seq96_testsize0.2_rs42_shuffleFalse,519,3226,2019-05-04 14:30:00,65.72674,96.70913,30.982391,47.138184
traffic_predictor.keras,Traffic_Mbps_scaled (MinMax inverse only; load-scaling preserved),holdout_test_seq96_testsize0.2_rs42_shuffleFalse,520,3227,2019-05-04 14:45:00,68.68428,94.742836,26.058556,37.93962
traffic_predictor.keras,Traffic_Mbps_scaled (MinMax inverse only; load-scaling preserved),holdout_test_seq96_testsize0.2_rs42_shuffleFalse,521,3228,2019-05-04 15:00:00,74.858574,92.97707,18.1185,24.20364
traffic_predictor.keras,Traffic_Mbps_scaled (MinMax inverse only; load-scaling preserved),holdout_test_seq96_testsize0.2_rs42_shuffleFalse,522,3229,2019-05-04 15:15:00,73.02527,91.85123,18.825958,25.780062
traffic_predictor.keras,Traffic_Mbps_scaled (MinMax inverse only; load-scaling preserved),holdout_test_seq96_testsize0.2_rs42_shuffleFalse,523,3230,2019-05-04 15:30:00,67.18517,91.06493,23.87976,35.5432
traffic_predictor.keras,Traffic_Mbps_scaled (MinMax inverse only; load-scaling preserved),holdout_test_seq96_testsize0.2_rs42_shuffleFalse,524,3231,2019-05-04 15:45:00,76.14307,90.19958,14.056511,18.460659
traffic_predictor.keras,Traffic_Mbps_scaled (MinMax inverse only; load-scaling preserved),holdout_test_seq96_testsize0.2_rs42_shuffleFalse,525,3232,2019-05-04 16:00:00,67.216385,89.897835,22.68145,33.74393
traffic_predictor.keras,Traffic_Mbps_scaled (MinMax inverse only; load-scaling preserved),holdout_test_seq96_testsize0.2_rs42_shuffleFalse,526,3233,2019-05-04 16:15:00,78.086845,89.370514,11.2836685,14.450152
traffic_predictor.keras,Traffic_Mbps_scaled (MinMax inverse only; load-scaling preserved),holdout_test_seq96_testsize0.2_rs42_shuffleFalse,527,3234,2019-05-04 16:30:00,91.41595,89.41383,2.0021133,2.1901138
traffic_predictor.keras,Traffic_Mbps_scaled (MinMax inverse only; load-scaling preserved),holdout_test_seq96_testsize0.2_rs42_shuffleFalse,528,3235,2019-05-04 16:45:00,75.60118,90.563705,14.962524,19.79139
traffic_predictor.keras,Traffic_Mbps_scaled (MinMax inverse only; load-scaling preserved),holdout_test_seq96_testsize0.2_rs42_shuffleFalse,529,3236,2019-05-04 17:00:00,114.28625,91.3698,22.91645,20.051802
traffic_predictor.keras,Traffic_Mbps_scaled (MinMax inverse only; load-scaling preserved),holdout_test_seq96_testsize0.2_rs42_shuffleFalse,530,3237,2019-05-04 17:15:00,95.760216,94.434326,1.3258896,1.3845934
traffic_predictor.keras,Traffic_Mbps_scaled (MinMax inverse only; load-scaling preserved),holdout_test_seq96_testsize0.2_rs42_shuffleFalse,531,3238,2019-05-04 17:30:00,86.2879,97.15955,10.871651,12.599276
traffic_predictor.keras,Traffic_Mbps_scaled (MinMax inverse only; load-scaling preserved),holdout_test_seq96_testsize0.2_rs42_shuffleFalse,532,3239,2019-05-04 17:45:00,105.0764,98.691246,6.3851547,6.0766783
traffic_predictor.keras,Traffic_Mbps_scaled (MinMax inverse only; load-scaling preserved),holdout_test_seq96_testsize0.2_rs42_shuffleFalse,533,3240,2019-05-04 18:00:00,102.55402,100.63971,1.9143143,1.8666397
traffic_predictor.keras,Traffic_Mbps_scaled (MinMax inverse only; load-scaling preserved),holdout_test_seq96_testsize0.2_rs42_shuffleFalse,534,3241,2019-05-04 18:15:00,93.13059,102.395096,9.2645035,9.947863
traffic_predictor.keras,Traffic_Mbps_scaled (MinMax inverse only; load-scaling preserved),holdout_test_seq96_testsize0.2_rs42_shuffleFalse,535,3242,2019-05-04 18:30:00,100.245056,103.11814,2.873085,2.8660617
traffic_predictor.keras,Traffic_Mbps_scaled (MinMax inverse only; load-scaling preserved),holdout_test_seq96_testsize0.2_rs42_shuffleFalse,536,3243,2019-05-04 18:45:00,85.17624,103.639015,18.462776,21.67597
traffic_predictor.keras,Traffic_Mbps_scaled (MinMax inverse only; load-scaling preserved),holdout_test_seq96_testsize0.2_rs42_shuffleFalse,537,3244,2019-05-04 19:00:00,100.05582,102.84548,2.7896652,2.788109
traffic_predictor.keras,Traffic_Mbps_scaled (MinMax inverse only; load-scaling preserved),holdout_test_seq96_testsize0.2_rs42_shuffleFalse,538,3245,2019-05-04 19:15:00,85.38433,102.42931,17.044983,19.96266
traffic_predictor.keras,Traffic_Mbps_scaled (MinMax inverse only; load-scaling preserved),holdout_test_seq96_testsize0.2_rs42_shuffleFalse,539,3246,2019-05-04 19:30:00,66.051285,101.1631,35.111816,53.158413
traffic_predictor.keras,Traffic_Mbps_scaled (MinMax inverse only; load-scaling preserved),holdout_test_seq96_testsize0.2_rs42_shuffleFalse,540,3247,2019-05-04 19:45:00,79.3076,98.18232,18.874718,23.799381
traffic_predictor.keras,Traffic_Mbps_scaled (MinMax inverse only; load-scaling preserved),holdout_test_seq96_testsize0.2_rs42_shuffleFalse,541,3248,2019-05-04 20:00:00,94.194496,95.480125,1.2856293,1.3648666
traffic_predictor.keras,Traffic_Mbps_scaled (MinMax inverse only; load-scaling preserved),holdout_test_seq96_testsize0.2_rs42_shuffleFalse,542,3249,2019-05-04 20:15:00,105.304794,94.22778,11.077011,10.519
traffic_predictor.keras,Traffic_Mbps_scaled (MinMax inverse only; load-scaling preserved),holdout_test_seq96_testsize0.2_rs42_shuffleFalse,543,3250,2019-05-04 20:30:00,103.84105,94.72783,9.11322,8.776125
traffic_predictor.keras,Traffic_Mbps_scaled (MinMax inverse only; load-scaling preserved),holdout_test_seq96_testsize0.2_rs42_shuffleFalse,544,3251,2019-05-04 20:45:00,121.959984,96.07402,25.885963,21.224966
traffic_predictor.keras,Traffic_Mbps_scaled (MinMax inverse only; load-scaling preserved),holdout_test_seq96_testsize0.2_rs42_shuffleFalse,545,3252,2019-05-04 21:00:00,106.13031,99.051506,7.078804,6.6699176
traffic_predictor.keras,Traffic_Mbps_scaled (MinMax inverse only; load-scaling preserved),holdout_test_seq96_testsize0.2_rs42_shuffleFalse,546,3253,2019-05-04 21:15:00,117.31018,101.48897,15.821213,13.4866495
traffic_predictor.keras,Traffic_Mbps_scaled (MinMax inverse only; load-scaling preserved),holdout_test_seq96_testsize0.2_rs42_shuffleFalse,547,3254,2019-05-04 21:30:00,123.70512,104.15476,19.550354,15.803997
traffic_predictor.keras,Traffic_Mbps_scaled (MinMax inverse only; load-scaling preserved),holdout_test_seq96_testsize0.2_rs42_shuffleFalse,548,3255,2019-05-04 21:45:00,129.87015,107.054535,22.815613,17.56802
traffic_predictor.keras,Traffic_Mbps_scaled (MinMax inverse only; load-scaling preserved),holdout_test_seq96_testsize0.2_rs42_shuffleFalse,549,3256,2019-05-04 22:00:00,152.97195,110.18383,42.788124,27.97122
traffic_predictor.keras,Traffic_Mbps_scaled (MinMax inverse only; load-scaling preserved),holdout_test_seq96_testsize0.2_rs42_shuffleFalse,550,3257,2019-05-04 22:15:00,142.0512,114.738754,27.312439,19.22718
traffic_predictor.keras,Traffic_Mbps_scaled (MinMax inverse only; load-scaling preserved),holdout_test_seq96_testsize0.2_rs42_shuffleFalse,551,3258,2019-05-04 22:30:00,141.90454,118.72289,23.181648,16.336086
traffic_predictor.keras,Traffic_Mbps_scaled (MinMax inverse only; load-scaling preserved),holdout_test_seq96_testsize0.2_rs42_shuffleFalse,552,3259,2019-05-04 22:45:00,127.135445,121.90315,5.232292,4.115526
traffic_predictor.keras,Traffic_Mbps_scaled (MinMax inverse only; load-scaling preserved),holdout_test_seq96_testsize0.2_rs42_shuffleFalse,553,3260,2019-05-04 23:00:00,133.55258,123.09045,10.462135,7.83372
traffic_predictor.keras,Traffic_Mbps_scaled (MinMax inverse only; load-scaling preserved),holdout_test_seq96_testsize0.2_rs42_shuffleFalse,554,3261,2019-05-04 23:15:00,149.67422,123.4381,26.236122,17.528816
traffic_predictor.keras,Traffic_Mbps_scaled (MinMax inverse only; load-scaling preserved),holdout_test_seq96_testsize0.2_rs42_shuffleFalse,555,3262,2019-05-04 23:30:00,127.821915,124.36153,3.4603882,2.7071948
traffic_predictor.keras,Traffic_Mbps_scaled (MinMax inverse only; load-scaling preserved),holdout_test_seq96_testsize0.2_rs42_shuffleFalse,556,3263,2019-05-04 23:45:00,84.92028,123.807785,38.887505,45.792953
traffic_predictor.keras,Traffic_Mbps_scaled (MinMax inverse only; load-scaling preserved),holdout_test_seq96_testsize0.2_rs42_shuffleFalse,557,3264,2019-05-05 00:00:00,119.11226,119.28174,0.16947937,0.1422854
traffic_predictor.keras,Traffic_Mbps_scaled (MinMax inverse only; load-scaling preserved),holdout_test_seq96_testsize0.2_rs42_shuffleFalse,558,3265,2019-05-05 00:15:00,124.19444,115.56888,8.625565,6.94521
traffic_predictor.keras,Traffic_Mbps_scaled (MinMax inverse only; load-scaling preserved),holdout_test_seq96_testsize0.2_rs42_shuffleFalse,559,3266,2019-05-05 00:30:00,123.92303,112.961075,10.961952,8.845775
traffic_predictor.keras,Traffic_Mbps_scaled (MinMax inverse only; load-scaling preserved),holdout_test_seq96_testsize0.2_rs42_shuffleFalse,560,3267,2019-05-05 00:45:00,114.48822,111.25134,3.2368774,2.827258
traffic_predictor.keras,Traffic_Mbps_scaled (MinMax inverse only; load-scaling preserved),holdout_test_seq96_testsize0.2_rs42_shuffleFalse,561,3268,2019-05-05 01:00:00,72.96354,109.55104,36.5875,50.144913
traffic_predictor.keras,Traffic_Mbps_scaled (MinMax inverse only; load-scaling preserved),holdout_test_seq96_testsize0.2_rs42_shuffleFalse,562,3269,2019-05-05 01:15:00,80.21902,105.03456,24.815544,30.934738
traffic_predictor.keras,Traffic_Mbps_scaled (MinMax inverse only; load-scaling preserved),holdout_test_seq96_testsize0.2_rs42_shuffleFalse,563,3270,2019-05-05 01:30:00,83.92515,100.02256,16.097412,19.180677
traffic_predictor.keras,Traffic_Mbps_scaled (MinMax inverse only; load-scaling preserved),holdout_test_seq96_testsize0.2_rs42_shuffleFalse,564,3271,2019-05-05 01:45:00,67.22142,95.48527,28.263847,42.045895
traffic_predictor.keras,Traffic_Mbps_scaled (MinMax inverse only; load-scaling preserved),holdout_test_seq96_testsize0.2_rs42_shuffleFalse,565,3272,2019-05-05 02:00:00,57.047813,90.56737,33.519554,58.756947
traffic_predictor.keras,Traffic_Mbps_scaled (MinMax inverse only; load-scaling preserved),holdout_test_seq96_testsize0.2_rs42_shuffleFalse,566,3273,2019-05-05 02:15:00,81.25918,85.31672,4.057541,4.9933324
traffic_predictor.keras,Traffic_Mbps_scaled (MinMax inverse only; load-scaling preserved),holdout_test_seq96_testsize0.2_rs42_shuffleFalse,567,3274,2019-05-05 02:30:00,74.919106,82.16764,7.248535,9.675149
traffic_predictor.keras,Traffic_Mbps_scaled (MinMax inverse only; load-scaling preserved),holdout_test_seq96_testsize0.2_rs42_shuffleFalse,568,3275,2019-05-05 02:45:00,61.996796,80.15731,18.160515,29.292667
traffic_predictor.keras,Traffic_Mbps_scaled (MinMax inverse only; load-scaling preserved),holdout_test_seq96_testsize0.2_rs42_shuffleFalse,569,3276,2019-05-05 03:00:00,61.182533,78.169205,16.986671,27.763924
traffic_predictor.keras,Traffic_Mbps_scaled (MinMax inverse only; load-scaling preserved),holdout_test_seq96_testsize0.2_rs42_shuffleFalse,570,3277,2019-05-05 03:15:00,78.48594,76.4309,2.0550385,2.6183524
traffic_predictor.keras,Traffic_Mbps_scaled (MinMax inverse only; load-scaling preserved),holdout_test_seq96_testsize0.2_rs42_shuffleFalse,571,3278,2019-05-05 03:30:00,64.7769,76.33447,11.557571,17.84212
traffic_predictor.keras,Traffic_Mbps_scaled (MinMax inverse only; load-scaling preserved),holdout_test_seq96_testsize0.2_rs42_shuffleFalse,572,3279,2019-05-05 03:45:00,64.61161,76.27377,11.662163,18.049639
traffic_predictor.keras,Traffic_Mbps_scaled (MinMax inverse only; load-scaling preserved),holdout_test_seq96_testsize0.2_rs42_shuffleFalse,573,3280,2019-05-05 04:00:00,58.906517,76.31685,17.410332,29.555866
traffic_predictor.keras,Traffic_Mbps_scaled (MinMax inverse only; load-scaling preserved),holdout_test_seq96_testsize0.2_rs42_shuffleFalse,574,3281,2019-05-05 04:15:00,50.532467,76.0303,25.49783,50.458313
traffic_predictor.keras,Traffic_Mbps_scaled (MinMax inverse only; load-scaling preserved),holdout_test_seq96_testsize0.2_rs42_shuffleFalse,575,3282,2019-05-05 04:30:00,36.061085,75.07671,39.01563,108.19316
traffic_predictor.keras,Traffic_Mbps_scaled (MinMax inverse only; load-scaling preserved),holdout_test_seq96_testsize0.2_rs42_shuffleFalse,576,3283,2019-05-05 04:45:00,28.281937,72.882645,44.600708,157.70033
traffic_predictor.keras,Traffic_Mbps_scaled (MinMax inverse only; load-scaling preserved),holdout_test_seq96_testsize0.2_rs42_shuffleFalse,577,3284,2019-05-05 05:00:00,37.26256,69.74005,32.47749,87.1585
traffic_predictor.keras,Traffic_Mbps_scaled (MinMax inverse only; load-scaling preserved),holdout_test_seq96_testsize0.2_rs42_shuffleFalse,578,3285,2019-05-05 05:15:00,25.034924,67.33971,42.304783,168.98306
traffic_predictor.keras,Traffic_Mbps_scaled (MinMax inverse only; load-scaling preserved),holdout_test_seq96_testsize0.2_rs42_shuffleFalse,579,3286,2019-05-05 05:30:00,16.853811,64.87638,48.022568,284.93594
traffic_predictor.keras,Traffic_Mbps_scaled (MinMax inverse only; load-scaling preserved),holdout_test_seq96_testsize0.2_rs42_shuffleFalse,580,3287,2019-05-05 05:45:00,13.872421,62.549675,48.677254,350.89227
traffic_predictor.keras,Traffic_Mbps_scaled (MinMax inverse only; load-scaling preserved),holdout_test_seq96_testsize0.2_rs42_shuffleFalse,581,3288,2019-05-05 06:00:00,25.748432,61.03142,35.28299,137.02966
traffic_predictor.keras,Traffic_Mbps_scaled (MinMax inverse only; load-scaling preserved),holdout_test_seq96_testsize0.2_rs42_shuffleFalse,582,3289,2019-05-05 06:15:00,26.43919,61.024643,34.585453,130.81133
traffic_predictor.keras,Traffic_Mbps_scaled (MinMax inverse only; load-scaling preserved),holdout_test_seq96_testsize0.2_rs42_shuffleFalse,583,3290,2019-05-05 06:30:00,18.541235,62.025368,43.48413,234.52661
traffic_predictor.keras,Traffic_Mbps_scaled (MinMax inverse only; load-scaling preserved),holdout_test_seq96_testsize0.2_rs42_shuffleFalse,584,3291,2019-05-05 06:45:00,18.111235,63.219868,45.108635,249.06438
traffic_predictor.keras,Traffic_Mbps_scaled (MinMax inverse only; load-scaling preserved),holdout_test_seq96_testsize0.2_rs42_shuffleFalse,585,3292,2019-05-05 07:00:00,19.301754,64.71288,45.41113,235.26945
traffic_predictor.keras,Traffic_Mbps_scaled (MinMax inverse only; load-scaling preserved),holdout_test_seq96_testsize0.2_rs42_shuffleFalse,586,3293,2019-05-05 07:15:00,17.090982,66.42753,49.336548,288.67007
traffic_predictor.keras,Traffic_Mbps_scaled (MinMax inverse only; load-scaling preserved),holdout_test_seq96_testsize0.2_rs42_shuffleFalse,587,3294,2019-05-05 07:30:00,17.438549,68.25988,50.82133,291.43094
traffic_predictor.keras,Traffic_Mbps_scaled (MinMax inverse only; load-scaling preserved),holdout_test_seq96_testsize0.2_rs42_shuffleFalse,588,3295,2019-05-05 07:45:00,17.819344,70.1405,52.32116,293.62003
traffic_predictor.keras,Traffic_Mbps_scaled (MinMax inverse only; load-scaling preserved),holdout_test_seq96_testsize0.2_rs42_shuffleFalse,589,3296,2019-05-05 08:00:00,14.653749,72.00587,57.35212,391.3819
traffic_predictor.keras,Traffic_Mbps_scaled (MinMax inverse only; load-scaling preserved),holdout_test_seq96_testsize0.2_rs42_shuffleFalse,590,3297,2019-05-05 08:15:00,18.598833,73.674194,55.075363,296.12268
traffic_predictor.keras,Traffic_Mbps_scaled (MinMax inverse only; load-scaling preserved),holdout_test_seq96_testsize0.2_rs42_shuffleFalse,591,3298,2019-05-05 08:30:00,34.029118,75.39017,41.36105,121.54605
traffic_predictor.keras,Traffic_Mbps_scaled (MinMax inverse only; load-scaling preserved),holdout_test_seq96_testsize0.2_rs42_shuffleFalse,592,3299,2019-05-05 08:45:00,36.145676,77.59815,41.452477,114.68171
traffic_predictor.keras,Traffic_Mbps_scaled (MinMax inverse only; load-scaling preserved),holdout_test_seq96_testsize0.2_rs42_shuffleFalse,593,3300,2019-05-05 09:00:00,29.066772,80.02899,50.96222,175.3281
traffic_predictor.keras,Traffic_Mbps_scaled (MinMax inverse only; load-scaling preserved),holdout_test_seq96_testsize0.2_rs42_shuffleFalse,594,3301,2019-05-05 09:15:00,48.525642,82.13694,33.611298,69.26502
traffic_predictor.keras,Traffic_Mbps_scaled (MinMax inverse only; load-scaling preserved),holdout_test_seq96_testsize0.2_rs42_shuffleFalse,595,3302,2019-05-05 09:30:00,47.365314,84.60102,37.235706,78.61387
traffic_predictor.keras,Traffic_Mbps_scaled (MinMax inverse only; load-scaling preserved),holdout_test_seq96_testsize0.2_rs42_shuffleFalse,596,3303,2019-05-05 09:45:00,66.56969,86.96542,20.395737,30.638174
traffic_predictor.keras,Traffic_Mbps_scaled (MinMax inverse only; load-scaling preserved),holdout_test_seq96_testsize0.2_rs42_shuffleFalse,597,3304,2019-05-05 10:00:00,57.763443,89.70027,31.936829,55.289
traffic_predictor.keras,Traffic_Mbps_scaled (MinMax inverse only; load-scaling preserved),holdout_test_seq96_testsize0.2_rs42_shuffleFalse,598,3305,2019-05-05 10:15:00,53.194023,92.101746,38.907722,73.143036
traffic_predictor.keras,Traffic_Mbps_scaled (MinMax inverse only; load-scaling preserved),holdout_test_seq96_testsize0.2_rs42_shuffleFalse,599,3306,2019-05-05 10:30:00,76.666046,93.84932,17.183273,22.413147
traffic_predictor.keras,Traffic_Mbps_scaled (MinMax inverse only; load-scaling preserved),holdout_test_seq96_testsize0.2_rs42_shuffleFalse,600,3307,2019-05-05 10:45:00,77.43792,95.88139,18.443474,23.817108
traffic_predictor.keras,Traffic_Mbps_scaled (MinMax inverse only; load-scaling preserved),holdout_test_seq96_testsize0.2_rs42_shuffleFalse,601,3308,2019-05-05 11:00:00,85.89107,97.74984,11.858772,13.806759
traffic_predictor.keras,Traffic_Mbps_scaled (MinMax inverse only; load-scaling preserved),holdout_test_seq96_testsize0.2_rs42_shuffleFalse,602,3309,2019-05-05 11:15:00,59.75532,99.57332,39.817997,66.63506
traffic_predictor.keras,Traffic_Mbps_scaled (MinMax inverse only; load-scaling preserved),holdout_test_seq96_testsize0.2_rs42_shuffleFalse,603,3310,2019-05-05 11:30:00,59.01051,99.824814,40.814304,69.16447
traffic_predictor.keras,Traffic_Mbps_scaled (MinMax inverse only; load-scaling preserved),holdout_test_seq96_testsize0.2_rs42_shuffleFalse,604,3311,2019-05-05 11:45:00,115.24989,99.07743,16.172462,14.032518
traffic_predictor.keras,Traffic_Mbps_scaled (MinMax inverse only; load-scaling preserved),holdout_test_seq96_testsize0.2_rs42_shuffleFalse,605,3312,2019-05-05 12:00:00,72.15629,100.37036,28.214073,39.101334
traffic_predictor.keras,Traffic_Mbps_scaled (MinMax inverse only; load-scaling preserved),holdout_test_seq96_testsize0.2_rs42_shuffleFalse,606,3313,2019-05-05 12:15:00,62.84116,100.41127,37.57011,59.78583
traffic_predictor.keras,Traffic_Mbps_scaled (MinMax inverse only; load-scaling preserved),holdout_test_seq96_testsize0.2_rs42_shuffleFalse,607,3314,2019-05-05 12:30:00,120.230095,99.48975,20.740341,17.250542
traffic_predictor.keras,Traffic_Mbps_scaled (MinMax inverse only; load-scaling preserved),holdout_test_seq96_testsize0.2_rs42_shuffleFalse,608,3315,2019-05-05 12:45:00,96.88182,101.1474,4.265579,4.4028683
traffic_predictor.keras,Traffic_Mbps_scaled (MinMax inverse only; load-scaling preserved),holdout_test_seq96_testsize0.2_rs42_shuffleFalse,609,3316,2019-05-05 13:00:00,113.70018,102.83912,10.861061,9.552369
traffic_predictor.keras,Traffic_Mbps_scaled (MinMax inverse only; load-scaling preserved),holdout_test_seq96_testsize0.2_rs42_shuffleFalse,610,3317,2019-05-05 13:15:00,91.28367,105.50105,14.217384,15.574948
traffic_predictor.keras,Traffic_Mbps_scaled (MinMax inverse only; load-scaling preserved),holdout_test_seq96_testsize0.2_rs42_shuffleFalse,611,3318,2019-05-05 13:30:00,106.44926,106.61296,0.16370392,0.15378587
traffic_predictor.keras,Traffic_Mbps_scaled (MinMax inverse only; load-scaling preserved),holdout_test_seq96_testsize0.2_rs42_shuffleFalse,612,3319,2019-05-05 13:45:00,101.337814,107.80982,6.4720078,6.3865676
traffic_predictor.keras,Traffic_Mbps_scaled (MinMax inverse only; load-scaling preserved),holdout_test_seq96_testsize0.2_rs42_shuffleFalse,613,3320,2019-05-05 14:00:00,107.43668,108.42997,0.99328613,0.92453164
traffic_predictor.keras,Traffic_Mbps_scaled (MinMax inverse only; load-scaling preserved),holdout_test_seq96_testsize0.2_rs42_shuffleFalse,614,3321,2019-05-05 14:15:00,110.77095,109.06391,1.7070389,1.5410528
traffic_predictor.keras,Traffic_Mbps_scaled (MinMax inverse only; load-scaling preserved),holdout_test_seq96_testsize0.2_rs42_shuffleFalse,615,3322,2019-05-05 14:30:00,122.43891,109.737854,12.701057,10.373383
traffic_predictor.keras,Traffic_Mbps_scaled (MinMax inverse only; load-scaling preserved),holdout_test_seq96_testsize0.2_rs42_shuffleFalse,616,3323,2019-05-05 14:45:00,102.66822,111.12537,8.457146,8.237355
traffic_predictor.keras,Traffic_Mbps_scaled (MinMax inverse only; load-scaling preserved),holdout_test_seq96_testsize0.2_rs42_shuffleFalse,617,3324,2019-05-05 15:00:00,124.14739,111.26742,12.879974,10.374744
traffic_predictor.keras,Traffic_Mbps_scaled (MinMax inverse only; load-scaling preserved),holdout_test_seq96_testsize0.2_rs42_shuffleFalse,618,3325,2019-05-05 15:15:00,97.26558,112.19352,14.92794,15.347609
traffic_predictor.keras,Traffic_Mbps_scaled (MinMax inverse only; load-scaling preserved),holdout_test_seq96_testsize0.2_rs42_shuffleFalse,619,3326,2019-05-05 15:30:00,175.80557,111.40986,64.39571,36.628937
traffic_predictor.keras,Traffic_Mbps_scaled (MinMax inverse only; load-scaling preserved),holdout_test_seq96_testsize0.2_rs42_shuffleFalse,620,3327,2019-05-05 15:45:00,117.589775,115.42259,2.167183,1.8430028
traffic_predictor.keras,Traffic_Mbps_scaled (MinMax inverse only; load-scaling preserved),holdout_test_seq96_testsize0.2_rs42_shuffleFalse,621,3328,2019-05-05 16:00:00,135.26399,117.30785,17.956139,13.274884
traffic_predictor.keras,Traffic_Mbps_scaled (MinMax inverse only; load-scaling preserved),holdout_test_seq96_testsize0.2_rs42_shuffleFalse,622,3329,2019-05-05 16:15:00,150.5974,119.197105,31.400291,20.850487
traffic_predictor.keras,Traffic_Mbps_scaled (MinMax inverse only; load-scaling preserved),holdout_test_seq96_testsize0.2_rs42_shuffleFalse,623,3330,2019-05-05 16:30:00,120.69855,121.83172,1.1331711,0.938844
traffic_predictor.keras,Traffic_Mbps_scaled (MinMax inverse only; load-scaling preserved),holdout_test_seq96_testsize0.2_rs42_shuffleFalse,624,3331,2019-05-05 16:45:00,109.38629,122.30157,12.915276,11.807033
traffic_predictor.keras,Traffic_Mbps_scaled (MinMax inverse only; load-scaling preserved),holdout_test_seq96_testsize0.2_rs42_shuffleFalse,625,3332,2019-05-05 17:00:00,138.29971,120.63294,17.66677,12.774265
traffic_predictor.keras,Traffic_Mbps_scaled (MinMax inverse only; load-scaling preserved),holdout_test_seq96_testsize0.2_rs42_shuffleFalse,626,3333,2019-05-05 17:15:00,114.35638,119.99613,5.6397552,4.931737
traffic_predictor.keras,Traffic_Mbps_scaled (MinMax inverse only; load-scaling preserved),holdout_test_seq96_testsize0.2_rs42_shuffleFalse,627,3334,2019-05-05 17:30:00,141.84627,118.131836,23.714432,16.718405
traffic_predictor.keras,Traffic_Mbps_scaled (MinMax inverse only; load-scaling preserved),holdout_test_seq96_testsize0.2_rs42_shuffleFalse,628,3335,2019-05-05 17:45:00,116.866234,117.81511,0.9488754,0.81193286
traffic_predictor.keras,Traffic_Mbps_scaled (MinMax inverse only; load-scaling preserved),holdout_test_seq96_testsize0.2_rs42_shuffleFalse,629,3336,2019-05-05 18:00:00,140.93631,116.466064,24.470245,17.362627
traffic_predictor.keras,Traffic_Mbps_scaled (MinMax inverse only; load-scaling preserved),holdout_test_seq96_testsize0.2_rs42_shuffleFalse,630,3337,2019-05-05 18:15:00,110.49284,116.48734,5.994499,5.4252377
traffic_predictor.keras,Traffic_Mbps_scaled (MinMax inverse only; load-scaling preserved),holdout_test_seq96_testsize0.2_rs42_shuffleFalse,631,3338,2019-05-05 18:30:00,145.02937,114.94523,30.084145,20.743483
traffic_predictor.keras,Traffic_Mbps_scaled (MinMax inverse only; load-scaling preserved),holdout_test_seq96_testsize0.2_rs42_shuffleFalse,632,3339,2019-05-05 18:45:00,131.78839,115.25727,16.53112,12.543684
traffic_predictor.keras,Traffic_Mbps_scaled (MinMax inverse only; load-scaling preserved),holdout_test_seq96_testsize0.2_rs42_shuffleFalse,633,3340,2019-05-05 19:00:00,127.6101,115.52602,12.084084,9.469535
traffic_predictor.keras,Traffic_Mbps_scaled (MinMax inverse only; load-scaling preserved),holdout_test_seq96_testsize0.2_rs42_shuffleFalse,634,3341,2019-05-05 19:15:00,147.5856,115.44065,32.14495,21.780546
traffic_predictor.keras,Traffic_Mbps_scaled (MinMax inverse only; load-scaling preserved),holdout_test_seq96_testsize0.2_rs42_shuffleFalse,635,3342,2019-05-05 19:30:00,140.5484,116.61207,23.936333,17.030668
traffic_predictor.keras,Traffic_Mbps_scaled (MinMax inverse only; load-scaling preserved),holdout_test_seq96_testsize0.2_rs42_shuffleFalse,636,3343,2019-05-05 19:45:00,139.73943,117.79682,21.942604,15.702515
traffic_predictor.keras,Traffic_Mbps_scaled (MinMax inverse only; load-scaling preserved),holdout_test_seq96_testsize0.2_rs42_shuffleFalse,637,3344,2019-05-05 20:00:00,174.7188,118.774796,55.944,32.01945
traffic_predictor.keras,Traffic_Mbps_scaled (MinMax inverse only; load-scaling preserved),holdout_test_seq96_testsize0.2_rs42_shuffleFalse,638,3345,2019-05-05 20:15:00,147.28651,122.133705,25.15281,17.077469
traffic_predictor.keras,Traffic_Mbps_scaled (MinMax inverse only; load-scaling preserved),holdout_test_seq96_testsize0.2_rs42_shuffleFalse,639,3346,2019-05-05 20:30:00,132.77483,124.295845,8.478981,6.385986
traffic_predictor.keras,Traffic_Mbps_scaled (MinMax inverse only; load-scaling preserved),holdout_test_seq96_testsize0.2_rs42_shuffleFalse,640,3347,2019-05-05 20:45:00,162.74535,124.49889,38.246452,23.500795
traffic_predictor.keras,Traffic_Mbps_scaled (MinMax inverse only; load-scaling preserved),holdout_test_seq96_testsize0.2_rs42_shuffleFalse,641,3348,2019-05-05 21:00:00,176.20695,125.76558,50.441376,28.626213
traffic_predictor.keras,Traffic_Mbps_scaled (MinMax inverse only; load-scaling preserved),holdout_test_seq96_testsize0.2_rs42_shuffleFalse,642,3349,2019-05-05 21:15:00,205.06757,128.42258,76.64499,37.37548
traffic_predictor.keras,Traffic_Mbps_scaled (MinMax inverse only; load-scaling preserved),holdout_test_seq96_testsize0.2_rs42_shuffleFalse,643,3350,2019-05-05 21:30:00,208.9659,133.74042,75.22548,35.998924
traffic_predictor.keras,Traffic_Mbps_scaled (MinMax inverse only; load-scaling preserved),holdout_test_seq96_testsize0.2_rs42_shuffleFalse,644,3351,2019-05-05 21:45:00,224.34192,140.1891,84.15282,37.510963
traffic_predictor.keras,Traffic_Mbps_scaled (MinMax inverse only; load-scaling preserved),holdout_test_seq96_testsize0.2_rs42_shuffleFalse,645,3352,2019-05-05 22:00:00,243.28745,147.73961,95.54784,39.27364
traffic_predictor.keras,Traffic_Mbps_scaled (MinMax inverse only; load-scaling preserved),holdout_test_seq96_testsize0.2_rs42_shuffleFalse,646,3353,2019-05-05 22:15:00,219.95464,156.46031,63.494324,28.86701
traffic_predictor.keras,Traffic_Mbps_scaled (MinMax inverse only; load-scaling preserved),holdout_test_seq96_testsize0.2_rs42_shuffleFalse,647,3354,2019-05-05 22:30:00,172.2784,162.80031,9.478088,5.5016117
traffic_predictor.keras,Traffic_Mbps_scaled (MinMax inverse only; load-scaling preserved),holdout_test_seq96_testsize0.2_rs42_shuffleFalse,648,3355,2019-05-05 22:45:00,202.85799,163.20737,39.65062,19.546
traffic_predictor.keras,Traffic_Mbps_scaled (MinMax inverse only; load-scaling preserved),holdout_test_seq96_testsize0.2_rs42_shuffleFalse,649,3356,2019-05-05 23:00:00,215.56174,162.67485,52.886887,24.53445
traffic_predictor.keras,Traffic_Mbps_scaled (MinMax inverse only; load-scaling preserved),holdout_test_seq96_testsize0.2_rs42_shuffleFalse,650,3357,2019-05-05 23:15:00,204.27579,162.44391,41.83188,20.478138
traffic_predictor.keras,Traffic_Mbps_scaled (MinMax inverse only; load-scaling preserved),holdout_test_seq96_testsize0.2_rs42_shuffleFalse,651,3358,2019-05-05 23:30:00,167.80154,161.36464,6.436905,3.8360224
traffic_predictor.keras,Traffic_Mbps_scaled (MinMax inverse only; load-scaling preserved),holdout_test_seq96_testsize0.2_rs42_shuffleFalse,652,3359,2019-05-05 23:45:00,87.68987,156.95831,69.26844,78.99252
