Actual_Traffic,Predicted_Traffic,UPF_Config,Energy_Wh_Expected,Energy_Wh_Actual,Power_W_Expected,Power_W_Actual,QoS_Score_Expected,QoS_Score_Actual
167.81863,132.57086,"('DPDK', 1)",0.20510129630565643,0.20519179105758667,0.8204051852226257,0.8207671642303467,0.9751251339912415,0.9752588868141174
160.09944,138.10303,"('DPDK', 1)",0.20511914789676666,0.2051747888326645,0.8204765915870667,0.820699155330658,0.9751706719398499,0.9752485752105713
158.9883,141.49438,"('DPDK', 1)",0.2051287144422531,0.20517228543758392,0.8205148577690125,0.8206891417503357,0.9752033352851868,0.9752481579780579
176.37837,143.1701,"('DPDK', 1)",0.2051331251859665,0.20520876348018646,0.820532500743866,0.8208350539207458,0.9752140045166016,0.9752596020698547
155.88342,144.84843,"('DPDK', 1)",0.2051374763250351,0.20516516268253326,0.8205499053001404,0.8206606507301331,0.9752312302589417,0.9752465486526489
151.22221,144.57474,"('DPDK', 1)",0.20513670146465302,0.2051542103290558,0.8205468058586121,0.8206168413162231,0.9752272367477417,0.975242555141449
193.24802,142.78683,"('DPDK', 1)",0.20513150095939636,0.2052396535873413,0.8205260038375854,0.8209586143493652,0.9752106070518494,0.9752804636955261
171.16562,143.47183,"('DPDK', 1)",0.2051331251859665,0.20519861578941345,0.820532500743866,0.8207944631576538,0.9752140045166016,0.9752567410469055
263.77927,143.55887,"('DPDK', 1)",0.2051331251859665,0.2053450047969818,0.820532500743866,0.8213800191879272,0.9752140045166016,0.9752077460289001
205.65248,150.52281,"('DPDK', 1)",0.2051527202129364,0.20526070892810822,0.8206108808517456,0.8210428357124329,0.975241482257843,0.9752936959266663
211.1239,155.69266,"('DPDK', 1)",0.20516516268253326,0.20526959002017975,0.8206606507301331,0.821078360080719,0.9752465486526489,0.9752954840660095
228.69154,159.81682,"('DPDK', 1)",0.20517399907112122,0.20529665052890778,0.8206959962844849,0.8211866021156311,0.9752519130706787,0.9753121137619019
277.7315,164.11769,"('DPDK', 1)",0.2051834613084793,0.20536144077777863,0.8207338452339172,0.8214457631111145,0.9752517342567444,0.9751262664794922
230.90446,171.79828,"('DPDK', 1)",0.20519991219043732,0.20529991388320923,0.8207996487617493,0.8211996555328369,0.9752567410469055,0.975314736366272
217.47331,176.38463,"('DPDK', 1)",0.20520876348018646,0.2052796334028244,0.8208350539207458,0.8211185336112976,0.9752596020698547,0.9753014445304871
198.65396,177.6268,"('DPDK', 1)",0.20521113276481628,0.20524899661540985,0.8208445310592651,0.8209959864616394,0.9752645492553711,0.9752857685089111
226.23712,175.18945,"('DPDK', 1)",0.20520555973052979,0.20529299974441528,0.8208222389221191,0.8211719989776611,0.9752606153488159,0.9753099083900452
233.50075,173.15959,"('DPDK', 1)",0.20520229637622833,0.20530369877815247,0.8208091855049133,0.8212147951126099,0.9752606749534607,0.975318431854248
198.14981,171.92079,"('DPDK', 1)",0.20520024001598358,0.2052481323480606,0.8208009600639343,0.8209925293922424,0.9752599000930786,0.9752839207649231
190.36385,168.25017,"('DPDK', 1)",0.20519264042377472,0.2052345722913742,0.8207705616950989,0.8209382891654968,0.9752549529075623,0.975278913974762
202.63823,163.08983,"('DPDK', 1)",0.20518101751804352,0.20525571703910828,0.8207240700721741,0.8210228681564331,0.9752503633499146,0.9752909541130066
204.8867,158.63371,"('DPDK', 1)",0.20517154037952423,0.20525944232940674,0.8206861615180969,0.821037769317627,0.9752479195594788,0.9752917885780334
224.00758,155.14442,"('DPDK', 1)",0.20516321063041687,0.20528964698314667,0.8206528425216675,0.8211585879325867,0.9752432703971863,0.975307047367096
206.33327,154.11372,"('DPDK', 1)",0.20516134798526764,0.20526182651519775,0.8206453919410706,0.821047306060791,0.9752436876296997,0.9752947092056274
220.22345,153.0389,"('DPDK', 1)",0.20515842735767365,0.20528388023376465,0.8206337094306946,0.8211355209350586,0.9752420783042908,0.9753078818321228
216.26312,153.28917,"('DPDK', 1)",0.2051595002412796,0.20527774095535278,0.8206380009651184,0.8211109638214111,0.975242555141449,0.9753021001815796
230.04115,153.81046,"('DPDK', 1)",0.2051597684621811,0.20529864728450775,0.8206390738487244,0.821194589138031,0.9752435088157654,0.9753154516220093
233.72758,155.57584,"('DPDK', 1)",0.20516516268253326,0.20530402660369873,0.8206606507301331,0.8212161064147949,0.9752465486526489,0.975317656993866
220.42496,158.05424,"('DPDK', 1)",0.20516997575759888,0.20528419315814972,0.8206799030303955,0.8211367726325989,0.975245475769043,0.975308358669281
218.26634,159.48703,"('DPDK', 1)",0.20517341792583466,0.2052808552980423,0.8206936717033386,0.8211234211921692,0.9752499461174011,0.9753040671348572
209.71397,160.0349,"('DPDK', 1)",0.2051747888326645,0.20526732504367828,0.820699155330658,0.8210693001747131,0.9752485752105713,0.975295901298523
242.821,159.2354,"('DPDK', 1)",0.20517240464687347,0.205316960811615,0.8206896185874939,0.82126784324646,0.9752485156059265,0.9753177165985107
234.8087,160.52933,"('DPDK', 1)",0.20517577230930328,0.20530559122562408,0.8207030892372131,0.8212223649024963,0.9752492308616638,0.9753196835517883
250.99388,161.98045,"('DPDK', 1)",0.20517858862876892,0.20532816648483276,0.8207143545150757,0.821312665939331,0.9752517938613892,0.9752705693244934
251.5332,164.74489,"('DPDK', 1)",0.20518505573272705,0.20532889664173126,0.8207402229309082,0.821315586566925,0.9752550721168518,0.9752720594406128
270.57608,167.86038,"('DPDK', 1)",0.20519192516803741,0.2053534984588623,0.8207677006721497,0.8214139938354492,0.9752576947212219,0.975172221660614
323.4708,172.39241,"('DPDK', 1)",0.20520080626010895,0.20540781319141388,0.8208032250404358,0.8216312527656555,0.9752607345581055,0.9748014211654663
364.17914,181.62831,"('DPDK', 1)",0.20521843433380127,0.20544390380382538,0.8208737373352051,0.8217756152153015,0.9752699732780457,0.974484384059906
332.8105,195.69612,"('DPDK', 1)",0.20524533092975616,0.2054164856672287,0.8209813237190247,0.8216659426689148,0.975283682346344,0.9747412800788879
365.72552,207.85478,"('DPDK', 1)",0.20526456832885742,0.20544518530368805,0.8210582733154297,0.8217807412147522,0.9752945303916931,0.9744670987129211
302.6668,220.48029,"('DPDK', 1)",0.20528419315814972,0.20538759231567383,0.8211367726325989,0.8215503692626953,0.975308358669281,0.9749462008476257
331.95566,225.73328,"('DPDK', 1)",0.20529299974441528,0.20541569590568542,0.8211719989776611,0.8216627836227417,0.9753099083900452,0.9747480154037476
336.08884,229.12688,"('DPDK', 1)",0.20529665052890778,0.20541946589946747,0.8211866021156311,0.8216778635978699,0.9753121137619019,0.9747199416160583
309.27673,231.0214,"('DPDK', 1)",0.20529991388320923,0.20539416372776031,0.8211996555328369,0.8215766549110413,0.975314736366272,0.9748959541320801
295.21872,229.198,"('DPDK', 1)",0.20529665052890778,0.20538000762462616,0.8211866021156311,0.8215200304985046,0.9753121137619019,0.974999189376831
275.668,224.33305,"('DPDK', 1)",0.20529015362262726,0.20535917580127716,0.821160614490509,0.8214367032051086,0.9753069877624512,0.9751445651054382
244.0287,216.57713,"('DPDK', 1)",0.20527774095535278,0.2053186297416687,0.8211109638214111,0.8212745189666748,0.9753021001815796,0.9753122329711914
160.53145,205.35156,"('DPDK', 1)",0.2052597999572754,0.20517577230930328,0.8210391998291016,0.8207030892372131,0.9752923846244812,0.9752492308616638
160.71133,186.3285,"('DPDK', 1)",0.20522776246070862,0.20517617464065552,0.8209110498428345,0.8207046985626221,0.9752733707427979,0.975250780582428
157.0701,165.34459,"('DPDK', 1)",0.20518627762794495,0.20516790449619293,0.8207451105117798,0.8206716179847717,0.9752517342567444,0.9752487540245056
154.244,145.65286,"('DPDK', 1)",0.2051389515399933,0.20516134798526764,0.8205558061599731,0.8206453919410706,0.9752350449562073,0.9752436876296997
136.81113,128.06458,"('DPDK', 1)",0.2050846815109253,0.20511452853679657,0.8203387260437012,0.8204581141471863,0.9750784635543823,0.975161075592041
126.43498,112.45508,"('DPDK', 1)",0.2050148993730545,0.2050788551568985,0.820059597492218,0.820315420627594,0.9749955534934998,0.9750683903694153
98.2447,99.26164,"('DPDK', 1)",0.20495282113552094,0.204946830868721,0.8198112845420837,0.819787323474884,0.9749031662940979,0.9748924970626831
83.880226,86.891174,"('OAI', 1)",0.19619646668434143,0.1891704648733139,0.7847858667373657,0.7566818594932556,0.9295238256454468,0.9302535653114319
85.43559,75.52336,"('OAI', 1)",0.1697964072227478,0.19307947158813477,0.6791856288909912,0.7723178863525391,0.9325105547904968,0.929842472076416
65.63837,66.09406,"('OAI', 1)",0.15200915932655334,0.1511140763759613,0.6080366373062134,0.6044563055038452,0.9350466728210449,0.9351592063903809
62.175,57.695076,"('OAI', 1)",0.13359767198562622,0.14350101351737976,0.5343906879425049,0.574004054069519,0.9355466365814209,0.9358612298965454
61.911446,51.153027,"('OAI', 1)",0.11617148667573929,0.14285209774971008,0.46468594670295715,0.5714083909988403,0.9348692893981934,0.9358461499214172
65.129135,46.536804,"('OAI', 1)",0.10191141813993454,0.15002799034118652,0.40764567255973816,0.6001119613647461,0.9342073798179626,0.9353035092353821
38.70569,43.814198,"('OAI', 1)",0.0927235409617424,0.07744943350553513,0.3708941638469696,0.3097977340221405,0.9337943196296692,0.9328182339668274
40.42183,41.00074,"('OAI', 1)",0.08289285749197006,0.08087226003408432,0.33157142996788025,0.3234890401363373,0.9333584308624268,0.9332758188247681
30.927319,38.78989,"('OAI', 1)",0.07744943350553513,0.0577789731323719,0.3097977340221405,0.2311158925294876,0.9328182339668274,0.9278846979141235
30.075228,36.71226,"('OAI', 1)",0.07712378352880478,0.05702527239918709,0.3084951341152191,0.22810108959674835,0.9316577911376953,0.9272772073745728
24.1078,35.06571,"('OAI', 1)",0.07227655500173569,0.05900733545422554,0.28910622000694275,0.23602934181690216,0.9305105805397034,0.9225593209266663
24.730207,33.719078,"('OAI', 1)",0.06702392548322678,0.061958689242601395,0.2680957019329071,0.24783475697040558,0.9297435283660889,0.9231364130973816
21.124332,32.924942,"('OAI', 1)",0.06426375359296799,0.04997851327061653,0.25705501437187195,0.19991405308246613,0.9291728138923645,0.9207010865211487
23.100521,32.533653,"('OAI', 1)",0.06423633545637131,0.05541231110692024,0.25694534182548523,0.22164924442768097,0.929157555103302,0.9215840101242065
32.196175,32.73537,"('OAI', 1)",0.06423633545637131,0.062151748687028885,0.25694534182548523,0.24860699474811554,0.929157555103302,0.9287486672401428
42.098076,34.102688,"('OAI', 1)",0.06852816790342331,0.08652319759130478,0.27411267161369324,0.3460927903652191,0.92995685338974,0.9335293769836426
39.22251,37.13358,"('OAI', 1)",0.07717251032590866,0.07753639668226242,0.30869004130363464,0.3101455867290497,0.9318170547485352,0.9330810904502869
27.164865,40.821266,"('OAI', 1)",0.08239644020795822,0.05768640711903572,0.3295857608318329,0.23074562847614288,0.9333441257476807,0.9251723885536194
34.475304,43.79078,"('OAI', 1)",0.0927235409617424,0.07048975676298141,0.3708941638469696,0.28195902705192566,0.9337943196296692,0.930245578289032
25.93506,46.81943,"('OAI', 1)",0.10316368192434311,0.06103586032986641,0.41265472769737244,0.24414344131946564,0.9342672824859619,0.9242063164710999
29.580711,49.89114,"('OAI', 1)",0.1131659522652626,0.05684124305844307,0.4526638090610504,0.22736497223377228,0.9347221851348877,0.9269354343414307
47.99836,53.12534,"('OAI', 1)",0.12201764434576035,0.10709816962480545,0.4880705773830414,0.4283926784992218,0.935097336769104,0.9344441890716553
70.49388,57.159122,"('OAI', 1)",0.13197651505470276,0.16063188016414642,0.527906060218811,0.6425275206565857,0.9354774355888367,0.9338476061820984
90.06549,62.740284,"('OAI', 1)",0.1446887105703354,0.20396114885807037,0.5787548422813416,0.8158445954322815,0.9359058141708374,0.9287272691726685
83.12714,69.42563,"('OAI', 1)",0.15869279205799103,0.18723157048225403,0.6347711682319641,0.7489262819290161,0.9341263175010681,0.9304466843605042
97.02323,75.508286,"('OAI', 1)",0.1697964072227478,0.21983027458190918,0.6791856288909912,0.8793210983276367,0.9325105547904968,0.927355170249939
80.496445,82.04031,"('OAI', 1)",0.1844591200351715,0.1810111105442047,0.737836480140686,0.7240444421768188,0.9307246804237366,0.9311312437057495
97.226845,87.42571,"('OAI', 1)",0.19791480898857117,0.2202908843755722,0.7916592359542847,0.8811635375022888,0.9293650388717651,0.9273259043693542
92.727,92.35304,"('DPDK', 1)",0.20491783320903778,0.20491938292980194,0.8196713328361511,0.8196775317192078,0.9748269319534302,0.9748325347900391
101.9575,96.12636,"('DPDK', 1)",0.2049368917942047,0.20496612787246704,0.8197475671768188,0.8198645114898682,0.9748697280883789,0.9749300479888916
119.30823,99.48097,"('DPDK', 1)",0.20495282113552094,0.20504790544509888,0.8198112845420837,0.8201916217803955,0.9749031662940979,0.9749975204467773
88.71131,103.42039,"('DPDK', 1)",0.20497344434261322,0.20490732789039612,0.8198937773704529,0.8196293115615845,0.9749464392662048,0.974785566329956
69.21647,105.04396,"('DPDK', 1)",0.20498178899288177,0.20485123991966248,0.8199271559715271,0.8194049596786499,0.974962592124939,0.9742226004600525
83.45688,103.74762,"('DPDK', 1)",0.2049756497144699,0.20489339530467987,0.8199025988578796,0.8195735812187195,0.9749454259872437,0.9747198820114136
78.56983,101.90057,"('DPDK', 1)",0.20496612787246704,0.2048797905445099,0.8198645114898682,0.8195191621780396,0.9749300479888916,0.9746472835540771
88.632385,99.52343,"('DPDK', 1)",0.20495395362377167,0.2049071192741394,0.8198158144950867,0.8196284770965576,0.9749045968055725,0.9747849106788635
75.12909,97.794785,"('DPDK', 1)",0.20494215190410614,0.20486968755722046,0.8197686076164246,0.8194787502288818,0.9748814105987549,0.9744967222213745
75.80483,95.653244,"('DPDK', 1)",0.20493300259113312,0.20487171411514282,0.8197320103645325,0.8194868564605713,0.9748644232749939,0.9745274782180786
81.228355,93.57291,"('DPDK', 1)",0.2049216777086258,0.2048873007297516,0.8196867108345032,0.8195492029190063,0.9748383164405823,0.9746935963630676
95.57491,92.12005,"('DPDK', 1)",0.2049160599708557,0.20493251085281372,0.8196642398834229,0.8197300434112549,0.9748221635818481,0.9748634099960327
99.05851,92.181656,"('DPDK', 1)",0.20491783320903778,0.20495112240314484,0.8196713328361511,0.8198044896125793,0.9748269319534302,0.9748979806900024
92.43672,93.34268,"('DPDK', 1)",0.2049216777086258,0.20491819083690643,0.8196867108345032,0.8196727633476257,0.9748383164405823,0.9748263955116272
144.76991,94.54843,"('DPDK', 1)",0.20492634177207947,0.20513726770877838,0.8197053670883179,0.8205490708351135,0.9748479723930359,0.975228488445282
173.03966,99.35691,"('DPDK', 1)",0.20495282113552094,0.20520229637622833,0.8198112845420837,0.8208091855049133,0.9749031662940979,0.9752606749534607
183.64317,107.73045,"('DPDK', 1)",0.2049950212240219,0.20522241294384003,0.8199800848960876,0.8208896517753601,0.9749882221221924,0.975269615650177
204.849,118.00802,"('DPDK', 1)",0.20504367351531982,0.20525938272476196,0.8201746940612793,0.8210375308990479,0.9749969244003296,0.975293755531311
243.3266,129.77039,"('DPDK', 1)",0.20509225130081177,0.2053176611661911,0.8203690052032471,0.8212706446647644,0.9751031994819641,0.9753127098083496
205.10437,144.01102,"('DPDK', 1)",0.20513597130775452,0.2052597999572754,0.8205438852310181,0.8210391998291016,0.9752259254455566,0.9752923846244812
181.0352,154.85373,"('DPDK', 1)",0.20516246557235718,0.20521757006645203,0.8206498622894287,0.8208702802658081,0.9752476215362549,0.9752671718597412
148.8819,160.53767,"('DPDK', 1)",0.20517577230930328,0.20514823496341705,0.8207030892372131,0.8205929398536682,0.9752492308616638,0.9752389788627625
144.54718,159.96182,"('DPDK', 1)",0.2051747888326645,0.20513665676116943,0.820699155330658,0.8205466270446777,0.9752485752105713,0.9752275943756104
156.44606,155.52339,"('DPDK', 1)",0.20516516268253326,0.20516645908355713,0.8206606507301331,0.8206658363342285,0.9752465486526489,0.9752453565597534
136.00374,150.182,"('DPDK', 1)",0.20515164732933044,0.20511199533939362,0.8206065893173218,0.8204479813575745,0.9752378463745117,0.9751578569412231
130.83182,143.2411,"('DPDK', 1)",0.2051331251859665,0.20509541034698486,0.820532500743866,0.8203816413879395,0.9752140045166016,0.9751105904579163
107.83934,135.777,"('DPDK', 1)",0.20511141419410706,0.2049953043460846,0.8204456567764282,0.8199812173843384,0.9751539826393127,0.9749886989593506
101.24243,127.08393,"('DPDK', 1)",0.2050817310810089,0.20496246218681335,0.8203269243240356,0.8198498487472534,0.9750787019729614,0.9749253392219543
109.53982,118.20716,"('DPDK', 1)",0.20504367351531982,0.20500344038009644,0.8201746940612793,0.8200137615203857,0.9749969244003296,0.9749959707260132
105.47917,110.81401,"('DPDK', 1)",0.20500925183296204,0.20498378574848175,0.8200370073318481,0.819935142993927,0.9749975204467773,0.9749642014503479
114.62478,104.76828,"('DPDK', 1)",0.20497991144657135,0.20502705872058868,0.8199196457862854,0.8201082348823547,0.9749577641487122,0.9749968647956848
111.96395,100.86544,"('DPDK', 1)",0.20495955646038055,0.20501482486724854,0.8198382258415222,0.8200592994689941,0.9749181866645813,0.9749964475631714
126.29993,98.45238,"('DPDK', 1)",0.2049478441476822,0.20507827401161194,0.8197913765907288,0.8203130960464478,0.9748921394348145,0.9750660061836243
119.598206,98.25397,"('DPDK', 1)",0.204946830868721,0.20504917204380035,0.819787323474884,0.8201966881752014,0.9748924970626831,0.9749963879585266
153.53519,98.882484,"('DPDK', 1)",0.20495112240314484,0.20515969395637512,0.8198044896125793,0.8206387758255005,0.9748979806900024,0.975243866443634
168.09651,102.4637,"('DPDK', 1)",0.2049691528081894,0.20519238710403442,0.8198766112327576,0.8207695484161377,0.9749346971511841,0.9752545356750488
139.95586,108.4196,"('DPDK', 1)",0.2049957662820816,0.20512402057647705,0.8199830651283264,0.8204960823059082,0.9749882817268372,0.9751889109611511
176.5917,113.00333,"('DPDK', 1)",0.20502038300037384,0.2052091658115387,0.8200815320014954,0.8208366632461548,0.9749972820281982,0.9752615690231323
160.74718,119.08099,"('DPDK', 1)",0.20504705607891083,0.2051762491464615,0.8201882243156433,0.820704996585846,0.9749970436096191,0.9752500057220459
214.69365,124.03036,"('DPDK', 1)",0.20506811141967773,0.2052752673625946,0.8202724456787109,0.8211010694503784,0.9750490188598633,0.975300669670105
215.17982,131.9407,"('DPDK', 1)",0.20509852468967438,0.20527604222297668,0.8203940987586975,0.8211041688919067,0.9751179218292236,0.9753010869026184
164.78413,140.5329,"('DPDK', 1)",0.20512567460536957,0.205185204744339,0.8205026984214783,0.820740818977356,0.975195586681366,0.9752548933029175
175.81477,144.54947,"('DPDK', 1)",0.20513665676116943,0.2052076756954193,0.8205466270446777,0.8208307027816772,0.9752275943756104,0.9752582311630249
189.42035,146.4316,"('DPDK', 1)",0.2051417976617813,0.2052328884601593,0.8205671906471252,0.8209315538406372,0.9752383828163147,0.975275993347168
169.71008,147.7864,"('DPDK', 1)",0.20514503121376038,0.20519572496414185,0.8205801248550415,0.8207828998565674,0.9752365946769714,0.9752573370933533
187.61433,147.0128,"('DPDK', 1)",0.20514340698719025,0.20522965490818024,0.820573627948761,0.820918619632721,0.9752400517463684,0.9752779006958008
187.9461,146.5374,"('DPDK', 1)",0.2051417976617813,0.205230250954628,0.8205671906471252,0.820921003818512,0.9752383828163147,0.9752758741378784
165.27438,146.16405,"('DPDK', 1)",0.20514115691184998,0.20518627762794495,0.8205646276473999,0.8207451105117798,0.9752362370491028,0.9752517342567444
216.03633,144.06464,"('DPDK', 1)",0.20513597130775452,0.20527738332748413,0.8205438852310181,0.8211095333099365,0.9752259254455566,0.9753032922744751
231.21889,145.26698,"('DPDK', 1)",0.20513829588890076,0.20530037581920624,0.820553183555603,0.821201503276825,0.975232720375061,0.9753167629241943
224.02861,149.19711,"('DPDK', 1)",0.20514915883541107,0.20528967678546906,0.8205966353416443,0.8211587071418762,0.9752394556999207,0.9753096103668213
276.95377,153.59848,"('DPDK', 1)",0.2051597684621811,0.20536059141159058,0.8206390738487244,0.8214423656463623,0.9752435088157654,0.9751346111297607
299.09906,162.07382,"('DPDK', 1)",0.20517858862876892,0.20538398623466492,0.8207143545150757,0.8215359449386597,0.9752517938613892,0.9749726057052612
290.775,173.5078,"('DPDK', 1)",0.20520290732383728,0.20537540316581726,0.8208116292953491,0.821501612663269,0.9752629995346069,0.9750306010246277
319.28912,184.44478,"('DPDK', 1)",0.20522409677505493,0.2054038643836975,0.8208963871002197,0.82161545753479,0.9752721786499023,0.9748297929763794
306.79672,196.21399,"('DPDK', 1)",0.20524533092975616,0.20539171993732452,0.8209813237190247,0.8215668797492981,0.975283682346344,0.9749155640602112
328.66425,205.61783,"('DPDK', 1)",0.20526070892810822,0.20541267096996307,0.8210428357124329,0.8216506838798523,0.9752936959266663,0.9747689366340637
265.40518,214.42374,"('DPDK', 1)",0.2052752673625946,0.20534707605838776,0.8211010694503784,0.821388304233551,0.975300669670105,0.9752013683319092
239.59126,215.90271,"('DPDK', 1)",0.20527738332748413,0.20531241595745087,0.8211095333099365,0.8212496638298035,0.9753032922744751,0.9753218293190002
241.27301,211.07204,"('DPDK', 1)",0.20526959002017975,0.2053147852420807,0.821078360080719,0.8212591409683228,0.9752954840660095,0.9753230810165405
194.81544,203.41605,"('DPDK', 1)",0.20525607466697693,0.20524239540100098,0.8210242986679077,0.8209695816040039,0.9752912521362305,0.9752799868583679
155.04216,190.95915,"('DPDK', 1)",0.2052345722913742,0.20516321063041687,0.8209382891654968,0.8206528425216675,0.975278913974762,0.9752432703971863
162.71187,174.20079,"('DPDK', 1)",0.2052050530910492,0.20518063008785248,0.8208202123641968,0.8207225203514099,0.9752602577209473,0.9752508997917175
150.38388,157.79584,"('DPDK', 1)",0.20516997575759888,0.20515216886997223,0.8206799030303955,0.8206086754798889,0.975245475769043,0.9752388000488281
140.64842,142.267,"('DPDK', 1)",0.20513010025024414,0.20512595772743225,0.8205204010009766,0.820503830909729,0.9752056002616882,0.9751944541931152
135.4528,128.11267,"('DPDK', 1)",0.2050846815109253,0.20511025190353394,0.8203387260437012,0.8204410076141357,0.9750784635543823,0.9751518368721008
119.32405,115.7791,"('DPDK', 1)",0.20503295958042145,0.20504797995090485,0.8201318383216858,0.8201919198036194,0.9749997854232788,0.9749968647956848
83.31167,104.85489,"('DPDK', 1)",0.20497991144657135,0.20489300787448883,0.8199196457862854,0.8195720314979553,0.9749577641487122,0.9747201800346375
80.40553,93.072266,"('DPDK', 1)",0.2049206793308258,0.20488499104976654,0.8196827173233032,0.8195399641990662,0.9748337864875793,0.9746814966201782
74.489586,82.169014,"('OAI', 1)",0.1844591200351715,0.16792264580726624,0.737836480140686,0.6716905832290649,0.9307246804237366,0.9328052997589111
54.762165,72.73556,"('OAI', 1)",0.16517937183380127,0.12635086476802826,0.6607174873352051,0.505403459072113,0.9332137107849121,0.9352706670761108
59.223022,63.751873,"('OAI', 1)",0.14733578264713287,0.13682736456394196,0.5893431305885315,0.5473094582557678,0.9356659650802612,0.9356563091278076
53.618916,56.537556,"('OAI', 1)",0.13134759664535522,0.12337256222963333,0.5253903865814209,0.4934902489185333,0.9354677796363831,0.9351572394371033
55.065426,51.12442,"('OAI', 1)",0.11617148667573929,0.1271255910396576,0.46468594670295715,0.5085023641586304,0.9348692893981934,0.9352985620498657
50.95166,47.593014,"('OAI', 1)",0.10578649491071701,0.11617148667573929,0.42314597964286804,0.46468594670295715,0.934377908706665,0.9348692893981934
49.909725,45.392776,"('OAI', 1)",0.09902556985616684,0.1131659522652626,0.39610227942466736,0.4526638090610504,0.934074342250824,0.9347221851348877
33.689598,44.333397,"('OAI', 1)",0.09559714049100876,0.06702392548322678,0.38238856196403503,0.2680957019329071,0.9339202642440796,0.9297435283660889
36.130592,43.154583,"('OAI', 1)",0.09083982557058334,0.0755818709731102,0.3633593022823334,0.3023274838924408,0.9337062835693359,0.9312630295753479
94.31413,42.456753,"('OAI', 1)",0.08749856799840927,0.21356908977031708,0.3499942719936371,0.8542763590812683,0.9335669875144958,0.9278721213340759
69.679634,46.492237,"('OAI', 1)",0.10191141813993454,0.159111887216568,0.40764567255973816,0.636447548866272,0.9342073798179626,0.9340530633926392
40.35557,51.566177,"('OAI', 1)",0.11790161579847336,0.08063607662916183,0.47160646319389343,0.32254430651664734,0.9349498152732849,0.9332592487335205
47.79619,54.488663,"('OAI', 1)",0.12494360655546188,0.1064305379986763,0.49977442622184753,0.4257221519947052,0.9352262616157532,0.9344168901443481
29.732046,56.623924,"('OAI', 1)",0.13134759664535522,0.0569036491215229,0.5253903865814209,0.2276145964860916,0.9354677796363831,0.9270460605621338
27.387207,56.875854,"('OAI', 1)",0.13134759664535522,0.05708076432347298,0.5253903865814209,0.2283230572938919,0.9354677796363831,0.9253440499305725
23.441996,55.973217,"('OAI', 1)",0.1301424354314804,0.05630623176693916,0.5205697417259216,0.22522492706775665,0.9354127645492554,0.9219245910644531
22.697931,54.391273,"('OAI', 1)",0.12494360655546188,0.054338473826646805,0.49977442622184753,0.21735389530658722,0.9352262616157532,0.921190083026886
38.346462,52.734238,"('OAI', 1)",0.12201764434576035,0.07738583534955978,0.4880705773830414,0.30954334139823914,0.935097336769104,0.9325937032699585
26.634794,52.758568,"('OAI', 1)",0.12201764434576035,0.059107113629579544,0.4880705773830414,0.23642845451831818,0.935097336769104,0.9247862696647644
28.000238,53.12628,"('OAI', 1)",0.12201764434576035,0.0563042052090168,0.4880705773830414,0.2252168208360672,0.935097336769104,0.9258036017417908
46.256893,54.51236,"('OAI', 1)",0.12635086476802826,0.10127299278974533,0.505403459072113,0.4050919711589813,0.9352706670761108,0.9341759085655212
47.451702,57.415955,"('OAI', 1)",0.13319692015647888,0.10530779510736465,0.5327876806259155,0.4212311804294586,0.9355331063270569,0.9343658089637756
85.047905,61.12632,"('OAI', 1)",0.14105577766895294,0.19212418794631958,0.5642231106758118,0.7684967517852783,0.9357892870903015,0.9299519658088684
85.524704,66.8087,"('OAI', 1)",0.15302984416484833,0.19331224262714386,0.6121193766593933,0.7732489705085754,0.9348911643028259,0.9298391938209534
68.78471,73.03218,"('OAI', 1)",0.16529276967048645,0.15739236772060394,0.6611710786819458,0.6295694708824158,0.9331789016723633,0.934295654296875
87.43983,77.77415,"('OAI', 1)",0.1747271567583084,0.19791480898857117,0.6989086270332336,0.7916592359542847,0.9318748116493225,0.9293650388717651
85.92962,82.60968,"('OAI', 1)",0.18600405752658844,0.1942802518606186,0.7440162301063538,0.7771210074424744,0.930568277835846,0.9297340512275696
89.05439,87.32147,"('OAI', 1)",0.19791480898857117,0.20168942213058472,0.7916592359542847,0.8067576885223389,0.9293650388717651,0.9289721250534058
105.43518,91.480095,"('DPDK', 1)",0.20491419732570648,0.20498356223106384,0.8196567893028259,0.8199342489242554,0.974816620349884,0.9749634265899658
79.13189,95.85271,"('DPDK', 1)",0.2049335241317749,0.20488139986991882,0.8197340965270996,0.8195255994796753,0.9748663902282715,0.9746665954589844
54.21966,98.01002,"('DPDK', 1)",0.204946830868721,0.20479637384414673,0.819787323474884,0.8191854953765869,0.9748924970626831,0.9730941653251648
61.17377,97.0054,"('DPDK', 1)",0.2049403339624405,0.20482344925403595,0.819761335849762,0.8192937970161438,0.9748762845993042,0.9738619327545166
70.55815,94.69399,"('DPDK', 1)",0.20492634177207947,0.2048555612564087,0.8197053670883179,0.8194222450256348,0.9748479723930359,0.9742864966392517
66.061646,92.493324,"('DPDK', 1)",0.20491819083690643,0.2048407346010208,0.8196727633476257,0.8193629384040833,0.9748263955116272,0.974091649055481
60.384045,90.27749,"('OAI', 1)",0.20450136065483093,0.13931895792484283,0.8180054426193237,0.5572758316993713,0.9286741018295288,0.9357365965843201
75.49118,87.90848,"('OAI', 1)",0.19940197467803955,0.1697964072227478,0.7976078987121582,0.6791856288909912,0.9292089343070984,0.9325105547904968
69.344284,86.78372,"('OAI', 1)",0.19619646668434143,0.15846684575080872,0.7847858667373657,0.6338673830032349,0.9295238256454468,0.9341484308242798
60.484985,86.095955,"('OAI', 1)",0.19445471465587616,0.1395336091518402,0.7778188586235046,0.5581344366073608,0.9297006130218506,0.9357433319091797
85.60705,85.17309,"('OAI', 1)",0.1924525797367096,0.19352303445339203,0.7698103189468384,0.7740921378135681,0.9299062490463257,0.9298012852668762
99.12348,85.74786,"('OAI', 1)",0.19390253722667694,0.2248793989419937,0.7756101489067078,0.8995175957679749,0.9297550916671753,0.9269601702690125
96.50794,88.10146,"('OAI', 1)",0.1995464712381363,0.21859890222549438,0.7981858849525452,0.8743956089019775,0.9291860461235046,0.9274559617042542
136.62521,91.16901,"('DPDK', 1)",0.20491382479667664,0.20511394739151,0.8196552991867065,0.82045578956604,0.9748169183731079,0.9751579165458679
165.25746,97.056694,"('DPDK', 1)",0.2049403339624405,0.20518623292446136,0.819761335849762,0.8207449316978455,0.9748762845993042,0.9752565622329712
201.20117,105.990746,"('DPDK', 1)",0.20498625934123993,0.20525330305099487,0.8199450373649597,0.8210132122039795,0.974969208240509,0.9752883911132812
186.84157,118.34305,"('DPDK', 1)",0.20504367351531982,0.20522825419902802,0.8201746940612793,0.8209130167961121,0.9749969244003296,0.9752739071846008
184.8816,130.09695,"('DPDK', 1)",0.20509225130081177,0.2052246779203415,0.8203690052032471,0.820898711681366,0.9751031994819641,0.9752689003944397
196.51485,139.9163,"('DPDK', 1)",0.20512402057647705,0.20524533092975616,0.8204960823059082,0.8209813237190247,0.9751889109611511,0.975283682346344
166.40164,148.24754,"('DPDK', 1)",0.20514503121376038,0.20518872141838074,0.8205801248550415,0.820754885673523,0.9752365946769714,0.9752550721168518
159.74878,152.42705,"('DPDK', 1)",0.20515693724155426,0.20517399907112122,0.820627748966217,0.8206959962844849,0.9752402305603027,0.9752519130706787
142.14774,153.07278,"('DPDK', 1)",0.20515842735767365,0.20513010025024414,0.8206337094306946,0.8205204010009766,0.9752420783042908,0.9752056002616882
154.7196,150.11491,"('DPDK', 1)",0.2051515281200409,0.20516246557235718,0.8206061124801636,0.8206498622894287,0.9752387404441833,0.9752476215362549
121.45088,146.34511,"('DPDK', 1)",0.20514161884784698,0.20505733788013458,0.8205664753913879,0.8202293515205383,0.9752377271652222,0.975016713142395
97.36367,139.8341,"('DPDK', 1)",0.20512373745441437,0.20494215190410614,0.8204949498176575,0.8197686076164246,0.9751864075660706,0.9748814105987549
93.29706,130.77536,"('DPDK', 1)",0.20509541034698486,0.2049216777086258,0.8203816413879395,0.8196867108345032,0.9751105904579163,0.9748383164405823
114.29835,121.00414,"('DPDK', 1)",0.20505517721176147,0.2050255686044693,0.8202207088470459,0.8201022744178772,0.9750111103057861,0.9749948978424072
100.23482,113.3904,"('DPDK', 1)",0.20502102375030518,0.2049572616815567,0.8200840950012207,0.8198290467262268,0.9749985933303833,0.9749137759208679
122.00444,106.74867,"('DPDK', 1)",0.20498855412006378,0.20505976676940918,0.8199542164802551,0.8202390670776367,0.9749742150306702,0.9750266671180725
131.61809,103.036674,"('DPDK', 1)",0.20497214794158936,0.2050979733467102,0.8198885917663574,0.8203918933868408,0.974942147731781,0.975119948387146
116.9332,102.09331,"('DPDK', 1)",0.20496612787246704,0.2050374448299408,0.8198645114898682,0.8201497793197632,0.9749300479888916,0.9749961495399475
118.62009,101.81096,"('DPDK', 1)",0.20496529340744019,0.20504489541053772,0.8198611736297607,0.8201795816421509,0.9749287366867065,0.9749952554702759
135.99228,102.1146,"('DPDK', 1)",0.20496612787246704,0.20511195063591003,0.8198645114898682,0.8204478025436401,0.9749300479888916,0.9751574993133545
147.06065,103.99478,"('DPDK', 1)",0.20497648417949677,0.20514340698719025,0.8199059367179871,0.820573627948761,0.9749522805213928,0.9752400517463684
138.88687,107.37354,"('DPDK', 1)",0.2049933522939682,0.2051209658384323,0.8199734091758728,0.8204838633537292,0.9749830961227417,0.9751774072647095
133.87578,110.64009,"('DPDK', 1)",0.205008402466774,0.2051052451133728,0.820033609867096,0.8204209804534912,0.9749981164932251,0.9751380085945129
152.99687,113.11541,"('DPDK', 1)",0.20502038300037384,0.20515842735767365,0.8200815320014954,0.8206337094306946,0.9749972820281982,0.9752420783042908
156.42882,116.266174,"('DPDK', 1)",0.20503376424312592,0.20516642928123474,0.8201350569725037,0.820665717124939,0.9749969840049744,0.975246012210846
169.48357,119.66715,"('DPDK', 1)",0.20504917204380035,0.20519527792930603,0.8201966881752014,0.8207811117172241,0.9749963879585266,0.9752573370933533
163.75153,123.784134,"('DPDK', 1)",0.20506717264652252,0.20518292486667633,0.8202686905860901,0.8207316994667053,0.9750439524650574,0.9752523303031921
158.65945,127.36136,"('DPDK', 1)",0.20508219301700592,0.20517154037952423,0.8203287720680237,0.8206861615180969,0.9750785231590271,0.9752479195594788
137.43298,129.82559,"('DPDK', 1)",0.20509225130081177,0.20511646568775177,0.8203690052032471,0.8204658627510071,0.9751031994819641,0.9751678109169006
152.37007,129.70532,"('DPDK', 1)",0.20509225130081177,0.20515693724155426,0.8203690052032471,0.820627748966217,0.9751031994819641,0.9752402305603027
127.012634,129.26483,"('DPDK', 1)",0.20509012043476105,0.2050812840461731,0.8203604817390442,0.8203251361846924,0.9750952124595642,0.975074827671051
152.82056,126.67458,"('DPDK', 1)",0.20508071780204773,0.20515801012516022,0.8203228712081909,0.8206320405006409,0.9750750660896301,0.975242018699646
176.77701,125.13153,"('DPDK', 1)",0.2050759196281433,0.20520952343940735,0.8203036785125732,0.8208380937576294,0.9750646352767944,0.975260853767395
192.8659,126.07603,"('DPDK', 1)",0.20507827401161194,0.20523898303508759,0.8203130960464478,0.8209559321403503,0.9750660061836243,0.975280225276947
183.42355,129.53204,"('DPDK', 1)",0.20509012043476105,0.2052220106124878,0.8203604817390442,0.8208880424499512,0.9750952124595642,0.9752693176269531
184.99048,133.26189,"('DPDK', 1)",0.20510239899158478,0.2052248865365982,0.8204095959663391,0.8208995461463928,0.9751279354095459,0.9752712249755859
187.21275,136.864,"('DPDK', 1)",0.20511452853679657,0.20522892475128174,0.8204581141471863,0.820915699005127,0.975161075592041,0.9752758145332336
159.48889,140.0955,"('DPDK', 1)",0.20512402057647705,0.20517341792583466,0.8204960823059082,0.8206936717033386,0.9751889109611511,0.9752499461174011
171.99127,140.51567,"('DPDK', 1)",0.20512567460536957,0.20520024001598358,0.8205026984214783,0.8208009600639343,0.975195586681366,0.9752599000930786
194.13834,140.29028,"('DPDK', 1)",0.20512491464614868,0.20524121820926666,0.8204996585845947,0.8209648728370667,0.975191056728363,0.9752779603004456
228.26318,141.33424,"('DPDK', 1)",0.20512782037258148,0.20529602468013763,0.8205112814903259,0.8211840987205505,0.97519850730896,0.9753111004829407
241.51047,145.5657,"('DPDK', 1)",0.2051389515399933,0.20531512796878815,0.8205558061599731,0.8212605118751526,0.9752350449562073,0.9753258228302002
244.65935,152.08981,"('DPDK', 1)",0.20515678822994232,0.20531950891017914,0.8206271529197693,0.8212780356407166,0.9752442240715027,0.9753086566925049
249.58542,159.36436,"('DPDK', 1)",0.20517341792583466,0.20532625913619995,0.8206936717033386,0.8213050365447998,0.9752499461174011,0.9752788543701172
247.2396,166.57484,"('DPDK', 1)",0.20518885552883148,0.20532307028770447,0.8207554221153259,0.8212922811508179,0.9752562046051025,0.9752950072288513
265.02014,172.58627,"('DPDK', 1)",0.20520195364952087,0.20534658432006836,0.8208078145980835,0.8213863372802734,0.9752605557441711,0.9751996994018555
240.32338,178.59604,"('DPDK', 1)",0.20521299540996552,0.20531345903873444,0.8208519816398621,0.8212538361549377,0.9752644300460815,0.9753231406211853
158.54979,181.61082,"('DPDK', 1)",0.20521843433380127,0.20517128705978394,0.8208737373352051,0.8206851482391357,0.9752699732780457,0.9752473831176758
155.03574,175.80115,"('DPDK', 1)",0.20520766079425812,0.20516319572925568,0.8208306431770325,0.8206527829170227,0.9752616286277771,0.9752472043037415
144.84698,165.74326,"('DPDK', 1)",0.20518627762794495,0.2051374763250351,0.8207451105117798,0.8205499053001404,0.9752517342567444,0.9752312302589417
138.5144,153.57063,"('DPDK', 1)",0.2051597684621811,0.20511981844902039,0.8206390738487244,0.8204792737960815,0.9752435088157654,0.9751744866371155
132.98547,141.0882,"('DPDK', 1)",0.20512674748897552,0.20510239899158478,0.8205069899559021,0.8204095959663391,0.9751951694488525,0.9751279354095459
156.10445,129.43745,"('DPDK', 1)",0.20509012043476105,0.20516568422317505,0.8203604817390442,0.8206627368927002,0.9750952124595642,0.9752453565597534
143.25058,121.33203,"('DPDK', 1)",0.2050565928220749,0.2051331251859665,0.8202263712882996,0.820532500743866,0.9750186204910278,0.9752140045166016
110.40299,114.91501,"('DPDK', 1)",0.20502705872058868,0.20500752329826355,0.8201082348823547,0.8200300931930542,0.9749968647956848,0.9749963283538818
97.31256,107.75834,"('DPDK', 1)",0.2049950212240219,0.20494188368320465,0.8199800848960876,0.8197675347328186,0.9749882221221924,0.9748807549476624
86.71901,100.15497,"('DPDK', 1)",0.20495671033859253,0.20490214228630066,0.8198268413543701,0.8196085691452026,0.9749132394790649,0.9747635722160339
83.89701,92.42352,"('DPDK', 1)",0.20491819083690643,0.20489458739757538,0.8196727633476257,0.8195783495903015,0.9748263955116272,0.9747264981269836
73.629074,85.389435,"('OAI', 1)",0.19296595454216003,0.16638340055942535,0.7718638181686401,0.6655336022377014,0.9298596382141113,0.9330320358276367
70.73996,78.83321,"('OAI', 1)",0.17654849588871002,0.16108517348766327,0.7061939835548401,0.6443406939506531,0.9316543936729431,0.9337726831436157
68.29298,73.12324,"('OAI', 1)",0.16529276967048645,0.1564578264951706,0.6611710786819458,0.6258313059806824,0.9331789016723633,0.9344395995140076
68.851295,68.54022,"('OAI', 1)",0.15721574425697327,0.15752539038658142,0.6288629770278931,0.6301015615463257,0.9343136548995972,0.9342710375785828
62.69631,65.33277,"('OAI', 1)",0.15002799034118652,0.1446887105703354,0.6001119613647461,0.5787548422813416,0.9353035092353821,0.9359058141708374
50.407566,62.96991,"('OAI', 1)",0.14502093195915222,0.11466947942972183,0.5800837278366089,0.45867791771888733,0.9359104037284851,0.9347937107086182
43.289658,60.5092,"('OAI', 1)",0.1395336091518402,0.09083982557058334,0.5581344366073608,0.3633593022823334,0.9357433319091797,0.9337062835693359
53.277107,57.935516,"('OAI', 1)",0.1339636743068695,0.12247096747159958,0.535854697227478,0.4898838698863983,0.9355571269989014,0.9351184368133545
35.42388,56.518105,"('OAI', 1)",0.13134759664535522,0.0736919566988945,0.5253903865814209,0.294767826795578,0.9354677796363831,0.9308375716209412
47.45612,54.70937,"('OAI', 1)",0.12635086476802826,0.10531309992074966,0.505403459072113,0.42125239968299866,0.9352706670761108,0.9343644380569458
37.72016,53.982197,"('OAI', 1)",0.12429340928792953,0.07728620618581772,0.49717363715171814,0.3091448247432709,0.9351967573165894,0.9322159886360168
21.84361,53.3402,"('OAI', 1)",0.12253818660974503,0.05200605466961861,0.4901527464389801,0.20802421867847443,0.9351240396499634,0.920611560344696
25.453272,51.849167,"('OAI', 1)",0.1182912066578865,0.06204019859433174,0.473164826631546,0.24816079437732697,0.9349711537361145,0.9237834215164185
17.19933,50.444008,"('OAI', 1)",0.11466947942972183,0.046348828822374344,0.45867791771888733,0.18539531528949738,0.9347937107086182,0.9212493300437927
16.19572,48.881237,"('OAI', 1)",0.11042865365743637,0.04388706758618355,0.4417146146297455,0.1755482703447342,0.9345951080322266,0.9208359122276306
21.965464,47.955906,"('OAI', 1)",0.10709816962480545,0.05234803631901741,0.4283926784992218,0.20939214527606964,0.9344441890716553,0.9205697774887085
12.941642,48.28591,"('OAI', 1)",0.10817430168390274,0.03480939939618111,0.43269720673561096,0.13923759758472443,0.9344839453697205,0.9181896448135376
10.3884,49.447178,"('OAI', 1)",0.11186163872480392,0.026939740404486656,0.4474465548992157,0.10775896161794662,0.9346585273742676,0.9156204462051392
22.716663,50.97636,"('OAI', 1)",0.11617148667573929,0.05440216138958931,0.46468594670295715,0.21760864555835724,0.9348692893981934,0.9212117195129395
17.236969,53.464943,"('OAI', 1)",0.12332024425268173,0.04644458368420601,0.49328097701072693,0.18577833473682404,0.9351601600646973,0.9212648868560791
22.082718,56.33962,"('OAI', 1)",0.1301424354314804,0.052679020911455154,0.5205697417259216,0.21071608364582062,0.9354127645492554,0.9205663800239563
30.278791,59.66705,"('OAI', 1)",0.13772742450237274,0.05713461712002754,0.550909698009491,0.22853846848011017,0.9356807470321655,0.927423894405365
40.8504,63.258694,"('OAI', 1)",0.14635755121707916,0.08240928500890732,0.5854302048683167,0.3296371400356293,0.9357894659042358,0.9333477020263672
46.865154,67.34016,"('OAI', 1)",0.15465784072875977,0.10333060473203659,0.6186313629150391,0.41332241892814636,0.9346787333488464,0.93427973985672
45.933895,71.68073,"('OAI', 1)",0.16278333961963654,0.10017254203557968,0.6511333584785461,0.4006901681423187,0.9335352182388306,0.9341214299201965
62.40672,75.533035,"('OAI', 1)",0.1697964072227478,0.14404000341892242,0.6791856288909912,0.5761600136756897,0.9325105547904968,0.9358788728713989
67.527664,79.41051,"('OAI', 1)",0.17834362387657166,0.15496015548706055,0.7133744955062866,0.6198406219482422,0.9314419627189636,0.934639573097229
61.40251,83.43766,"('OAI', 1)",0.18807731568813324,0.14160704612731934,0.752309262752533,0.5664281845092773,0.9303463101387024,0.9358037114143372
59.779446,86.69107,"('OAI', 1)",0.19619646668434143,0.13802412152290344,0.7847858667373657,0.5520964860916138,0.9295238256454468,0.9356993436813354
77.649216,89.04557,"('OAI', 1)",0.20168942213058472,0.17437221109867096,0.8067576885223389,0.6974888443946838,0.9289721250534058,0.9319086074829102
88.1261,91.37253,"('DPDK', 1)",0.20491419732570648,0.20490582287311554,0.8196567893028259,0.8196232914924622,0.974816620349884,0.9747782349586487
98.43567,93.88165,"('DPDK', 1)",0.2049243003129959,0.2049478441476822,0.8196972012519836,0.8197913765907288,0.9748446941375732,0.9748921394348145
92.40783,96.63087,"('DPDK', 1)",0.20493756234645844,0.20491808652877808,0.8197502493858337,0.8196723461151123,0.9748712778091431,0.9748288989067078
113.16378,99.0436,"('DPDK', 1)",0.20495112240314484,0.20502038300037384,0.8198044896125793,0.8200815320014954,0.9748979806900024,0.9749972820281982
107.78299,102.669106,"('DPDK', 1)",0.20496973395347595,0.2049950212240219,0.8198789358139038,0.8199800848960876,0.9749350547790527,0.9749882221221924
117.49064,106.30153,"('DPDK', 1)",0.2049880474805832,0.20503991842269897,0.8199521899223328,0.8201596736907959,0.9749723672866821,0.9749974608421326
113.30455,109.74867,"('DPDK', 1)",0.20500460267066956,0.20502102375030518,0.8200184106826782,0.8200840950012207,0.9749975204467773,0.9749985933303833
132.88963,112.32339,"('DPDK', 1)",0.2050148993730545,0.2051020860671997,0.820059597492218,0.8204083442687988,0.9749955534934998,0.9751277565956116
126.8769,115.634346,"('DPDK', 1)",0.20503154397010803,0.20508071780204773,0.8201261758804321,0.8203228712081909,0.9749963879585266,0.9750750660896301
135.38724,118.345,"('DPDK', 1)",0.20504367351531982,0.20511004328727722,0.8201746940612793,0.8204401731491089,0.9749969244003296,0.9751485586166382
125.74337,120.927,"('DPDK', 1)",0.20505517721176147,0.2050759196281433,0.8202207088470459,0.8203036785125732,0.9750111103057861,0.9750646352767944
119.95102,122.3274,"('DPDK', 1)",0.205061674118042,0.20505070686340332,0.820246696472168,0.8202028274536133,0.9750284552574158,0.9750006794929504
132.6462,122.3607,"('DPDK', 1)",0.205061674118042,0.20510129630565643,0.820246696472168,0.8204051852226257,0.9750284552574158,0.9751251339912415
141.31793,122.47727,"('DPDK', 1)",0.205061674118042,0.20512782037258148,0.820246696472168,0.8205112814903259,0.9750284552574158,0.97519850730896
166.45233,123.144196,"('DPDK', 1)",0.20506452023983002,0.2051888406276703,0.8202580809593201,0.8207553625106812,0.9750374555587769,0.9752559065818787
169.05531,125.91549,"('DPDK', 1)",0.2050759196281433,0.20519442856311798,0.8203036785125732,0.8207777142524719,0.9750646352767944,0.9752567410469055
135.51059,129.61786,"('DPDK', 1)",0.20509225130081177,0.20511044561862946,0.8203690052032471,0.8204417824745178,0.9751031994819641,0.9751508831977844
146.21497,130.83562,"('DPDK', 1)",0.20509541034698486,0.20514115691184998,0.8203816413879395,0.8205646276473999,0.9751105904579163,0.9752362370491028
133.94232,131.29614,"('DPDK', 1)",0.2050979733467102,0.20510545372962952,0.8203918933868408,0.8204218149185181,0.975119948387146,0.9751383066177368
151.43454,130.1979,"('DPDK', 1)",0.20509225130081177,0.20515471696853638,0.8203690052032471,0.8206188678741455,0.9751031994819641,0.9752417206764221
163.99442,129.59898,"('DPDK', 1)",0.20509225130081177,0.2051834613084793,0.8203690052032471,0.8207338452339172,0.9751031994819641,0.9752517342567444
168.73743,130.1821,"('DPDK', 1)",0.20509225130081177,0.20519375801086426,0.8203690052032471,0.820775032043457,0.9751031994819641,0.9752546548843384
155.98973,131.64798,"('DPDK', 1)",0.2050979733467102,0.20516541600227356,0.8203918933868408,0.8206616640090942,0.975119948387146,0.9752457141876221
168.21689,132.41992,"('DPDK', 1)",0.20510129630565643,0.20519264042377472,0.8204051852226257,0.8207705616950989,0.9751251339912415,0.9752549529075623
144.56384,133.61014,"('DPDK', 1)",0.20510421693325043,0.20513670146465302,0.8204168677330017,0.8205468058586121,0.9751351475715637,0.9752272367477417
158.93347,133.01715,"('DPDK', 1)",0.20510239899158478,0.20517215132713318,0.8204095959663391,0.8206886053085327,0.9751279354095459,0.975247323513031
181.49792,132.55666,"('DPDK', 1)",0.20510129630565643,0.20521843433380127,0.8204051852226257,0.8208737373352051,0.9751251339912415,0.9752699732780457
171.81958,133.83588,"('DPDK', 1)",0.2051052451133728,0.20519991219043732,0.8204209804534912,0.8207996487617493,0.9751380085945129,0.9752567410469055
139.85316,135.11754,"('DPDK', 1)",0.20510965585708618,0.20512373745441437,0.8204386234283447,0.8204949498176575,0.9751482605934143,0.9751864075660706
151.79568,133.77475,"('DPDK', 1)",0.2051052451133728,0.20515558123588562,0.8204209804534912,0.8206223249435425,0.9751380085945129,0.9752427935600281
169.12068,132.05754,"('DPDK', 1)",0.20509852468967438,0.20519454777240753,0.8203940987586975,0.8207781910896301,0.9751179218292236,0.9752563834190369
163.76625,131.53891,"('DPDK', 1)",0.2050979733467102,0.2051829695701599,0.8203918933868408,0.8207318782806396,0.975119948387146,0.975252091884613
177.69397,131.2524,"('DPDK', 1)",0.2050979733467102,0.20521126687526703,0.8203918933868408,0.8208450675010681,0.975119948387146,0.9752631187438965
156.90071,132.20917,"('DPDK', 1)",0.20509852468967438,0.2051675170660019,0.8203940987586975,0.8206700682640076,0.9751179218292236,0.9752488136291504
153.45547,132.0933,"('DPDK', 1)",0.20509852468967438,0.2051595002412796,0.8203940987586975,0.8206380009651184,0.9751179218292236,0.975242555141449
162.88783,131.14307,"('DPDK', 1)",0.20509541034698486,0.20518101751804352,0.8203816413879395,0.8207240700721741,0.9751105904579163,0.9752503633499146
161.65701,130.50005,"('DPDK', 1)",0.20509541034698486,0.20517829060554504,0.8203816413879395,0.8207131624221802,0.9751105904579163,0.9752519130706787
152.30635,129.9638,"('DPDK', 1)",0.20509225130081177,0.20515678822994232,0.8203690052032471,0.8206271529197693,0.9751031994819641,0.9752442240715027
135.81993,128.81319,"('DPDK', 1)",0.20508980751037598,0.20511141419410706,0.8203592300415039,0.8204456567764282,0.9750958681106567,0.9751539826393127
134.02245,126.175766,"('DPDK', 1)",0.20507827401161194,0.205105721950531,0.8203130960464478,0.820422887802124,0.9750660061836243,0.9751400351524353
150.13704,122.89403,"('DPDK', 1)",0.20506452023983002,0.2051515281200409,0.8202580809593201,0.8206061124801636,0.9750374555587769,0.9752387404441833
149.37303,120.80428,"('DPDK', 1)",0.20505401492118835,0.20514951646327972,0.8202160596847534,0.8205980658531189,0.9750107526779175,0.9752400517463684
198.96866,119.53396,"('DPDK', 1)",0.20504917204380035,0.20524953305721283,0.8201966881752014,0.8209981322288513,0.9749963879585266,0.9752856492996216
193.40034,122.69099,"('DPDK', 1)",0.20506232976913452,0.2052399218082428,0.8202493190765381,0.8209596872329712,0.9750311970710754,0.9752834439277649
204.50197,127.52151,"('DPDK', 1)",0.20508380234241486,0.2052588164806366,0.8203352093696594,0.8210352659225464,0.9750775098800659,0.975289523601532
221.4681,133.68524,"('DPDK', 1)",0.20510421693325043,0.20528578758239746,0.8204168677330017,0.8211431503295898,0.9751351475715637,0.9753057360649109
231.17018,141.2065,"('DPDK', 1)",0.20512782037258148,0.20530030131340027,0.8205112814903259,0.8212012052536011,0.97519850730896,0.9753163456916809
242.74153,149.3594,"('DPDK', 1)",0.20514951646327972,0.20531684160232544,0.8205980658531189,0.8212673664093018,0.9752400517463684,0.975317656993866
220.74861,157.78664,"('DPDK', 1)",0.20516912639141083,0.20528468489646912,0.8206765055656433,0.8211387395858765,0.9752452969551086,0.9753039479255676
247.892,163.47844,"('DPDK', 1)",0.20518213510513306,0.2053239643573761,0.8207285404205322,0.8212958574295044,0.9752503633499146,0.9752901196479797
243.67816,169.15746,"('DPDK', 1)",0.20519454777240753,0.2053181529045105,0.8207781910896301,0.821272611618042,0.9752563834190369,0.9753116965293884
212.8631,173.61028,"('DPDK', 1)",0.20520362257957458,0.205272376537323,0.8208144903182983,0.821089506149292,0.9752575159072876,0.9752985835075378
219.16844,174.188,"('DPDK', 1)",0.2052050530910492,0.20528225600719452,0.8208202123641968,0.8211290240287781,0.9752602577209473,0.9753056168556213
208.1547,173.08542,"('DPDK', 1)",0.20520229637622833,0.20526480674743652,0.8208091855049133,0.8210592269897461,0.9752606749534607,0.9752926826477051
188.92175,170.08844,"('DPDK', 1)",0.20519572496414185,0.20523199439048767,0.8207828998565674,0.8209279775619507,0.9752573370933533,0.9752755165100098
124.26794,164.76352,"('DPDK', 1)",0.205185204744339,0.20506960153579712,0.820740818977356,0.8202784061431885,0.9752548933029175,0.9750468134880066
146.38623,153.54858,"('DPDK', 1)",0.20515969395637512,0.20514161884784698,0.8206387758255005,0.8205664753913879,0.975243866443634,0.9752377271652222
141.64499,142.3761,"('DPDK', 1)",0.20513010025024414,0.2051287144422531,0.8205204010009766,0.8205148577690125,0.9752056002616882,0.9752033352851868
131.68462,131.94614,"('DPDK', 1)",0.20509852468967438,0.2050981968641281,0.8203940987586975,0.8203927874565125,0.9751179218292236,0.9751184582710266
118.341385,122.33324,"('DPDK', 1)",0.205061674118042,0.20504367351531982,0.820246696472168,0.8201746940612793,0.9750284552574158,0.9749969244003296
91.267746,112.96826,"('DPDK', 1)",0.20502038300037384,0.20491382479667664,0.8200815320014954,0.8196552991867065,0.9749972820281982,0.9748169183731079
80.49822,102.80727,"('DPDK', 1)",0.20496973395347595,0.20488525927066803,0.8198789358139038,0.8195410370826721,0.9749350547790527,0.9746828079223633
79.81402,92.74087,"('DPDK', 1)",0.20491938292980194,0.20488333702087402,0.8196775317192078,0.8195333480834961,0.9748325347900391,0.9746763110160828
61.39769,83.90635,"('OAI', 1)",0.1892206370830536,0.14160597324371338,0.7568825483322144,0.5664238929748535,0.930243968963623,0.9358057379722595
59.933495,75.24126,"('OAI', 1)",0.16906411945819855,0.13835304975509644,0.6762564778327942,0.5534121990203857,0.9326167702674866,0.9357067942619324
58.852547,67.835434,"('OAI', 1)",0.15604163706302643,0.13599839806556702,0.6241665482521057,0.5439935922622681,0.9344848394393921,0.9356167912483215
52.12977,62.051167,"('OAI', 1)",0.14306892454624176,0.11940770596265793,0.572275698184967,0.4776308238506317,0.9358509182929993,0.9350061416625977
59.64214,57.346786,"('OAI', 1)",0.13319692015647888,0.13772742450237274,0.5327876806259155,0.550909698009491,0.9355331063270569,0.9356807470321655
47.419647,54.682243,"('OAI', 1)",0.12635086476802826,0.10519405454397202,0.505403459072113,0.42077621817588806,0.9352706670761108,0.9343497157096863
37.066837,52.736645,"('OAI', 1)",0.12201764434576035,0.07717251032590866,0.4880705773830414,0.30869004130363464,0.935097336769104,0.9318170547485352
33.074577,50.809525,"('OAI', 1)",0.11617148667573929,0.0648784264922142,0.46468594670295715,0.2595137059688568,0.9348692893981934,0.9293407201766968
32.80785,48.989525,"('OAI', 1)",0.11042865365743637,0.06426375359296799,0.4417146146297455,0.25705501437187195,0.9345951080322266,0.9291728138923645
31.524874,47.63147,"('OAI', 1)",0.10578649491071701,0.05919964984059334,0.42314597964286804,0.23679859936237335,0.934377908706665,0.9282963871955872
22.87086,46.76069,"('OAI', 1)",0.10316368192434311,0.05480377748608589,0.41265472769737244,0.21921510994434357,0.9342672824859619,0.9213598966598511
24.836267,45.81569,"('OAI', 1)",0.09957268089056015,0.06204800680279732,0.3982907235622406,0.24819202721118927,0.9340940117835999,0.9232262372970581
24.108303,45.275887,"('OAI', 1)",0.09731587022542953,0.05900995805859566,0.38926348090171814,0.23603983223438263,0.9339908361434937,0.922562837600708
26.85831,45.264843,"('OAI', 1)",0.09731587022542953,0.05849360302090645,0.38926348090171814,0.2339744120836258,0.9339908361434937,0.924950361251831
23.904787,46.142796,"('OAI', 1)",0.10127299278974533,0.057979095727205276,0.4050919711589813,0.2319163829088211,0.9341759085655212,0.9223613142967224
18.716005,47.623775,"('OAI', 1)",0.10578649491071701,0.04981328919529915,0.42314597964286804,0.1992531567811966,0.934377908706665,0.9210193157196045
28.546646,49.76633,"('OAI', 1)",0.1131659522652626,0.05649502947926521,0.4526638090610504,0.22598011791706085,0.9347221851348877,0.9262060523033142
30.640917,52.65661,"('OAI', 1)",0.12201764434576035,0.05740075185894966,0.4880705773830414,0.22960300743579865,0.935097336769104,0.9276890754699707
30.129128,56.050724,"('OAI', 1)",0.1301424354314804,0.05704300478100777,0.5205697417259216,0.22817201912403107,0.9354127645492554,0.9273326396942139
44.94272,59.55647,"('OAI', 1)",0.13772742450237274,0.09673681110143661,0.550909698009491,0.38694724440574646,0.9356807470321655,0.9339658617973328
46.39164,63.458206,"('OAI', 1)",0.14635755121707916,0.10173612087965012,0.5854302048683167,0.40694448351860046,0.9357894659042358,0.934190571308136
38.67284,67.50572,"('OAI', 1)",0.15496015548706055,0.07744293659925461,0.6198406219482422,0.30977174639701843,0.934639573097229,0.9328012466430664
53.60131,71.01988,"('OAI', 1)",0.16162964701652527,0.12332024425268173,0.6465185880661011,0.49328097701072693,0.9336923360824585,0.9351601600646973
55.521793,74.45821,"('OAI', 1)",0.16792264580726624,0.1282932162284851,0.6716905832290649,0.5131728649139404,0.9328052997589111,0.935349702835083
57.598766,77.63805,"('OAI', 1)",0.17437221109867096,0.13322611153125763,0.6974888443946838,0.5329044461250305,0.9319086074829102,0.9355255365371704
59.782448,80.51807,"('OAI', 1)",0.18101105093955994,0.13803263008594513,0.7240442037582397,0.5521305203437805,0.9311304688453674,0.9356978535652161
73.25185,83.03864,"('OAI', 1)",0.18723157048225403,0.16570419073104858,0.7489262819290161,0.6628167629241943,0.9304466843605042,0.9331335425376892
77.799576,85.71849,"('OAI', 1)",0.19390253722667694,0.1747271567583084,0.7756101489067078,0.6989086270332336,0.9297550916671753,0.9318748116493225
119.01012,88.386925,"('OAI', 1)",0.20013856887817383,0.2721032202243805,0.8005542755126953,1.088412880897522,0.9291214942932129,0.9224953055381775
146.04866,92.639496,"('DPDK', 1)",0.20491938292980194,0.20514070987701416,0.8196775317192078,0.8205628395080566,0.9748325347900391,0.9752361178398132
53.18158,99.71489,"('DPDK', 1)",0.20495395362377167,0.20479203760623932,0.8198158144950867,0.8191681504249573,0.9749045968055725,0.972948431968689
68.69591,102.40274,"('DPDK', 1)",0.2049679160118103,0.20484954118728638,0.8198716640472412,0.8193981647491455,0.9749334454536438,0.9741981029510498
72.03373,102.46103,"('DPDK', 1)",0.2049691528081894,0.20486021041870117,0.8198766112327576,0.8194408416748047,0.9749346971511841,0.9743562340736389
87.44181,101.10752,"('DPDK', 1)",0.20496246218681335,0.20490403473377228,0.8198498487472534,0.8196161389350891,0.9749253392219543,0.9747691750526428
73.647385,100.07694,"('DPDK', 1)",0.20495633780956268,0.2048652023077011,0.8198253512382507,0.8194608092308044,0.9749079346656799,0.9744290113449097
62.24346,98.40278,"('DPDK', 1)",0.2049478441476822,0.20482735335826874,0.8197913765907288,0.819309413433075,0.9748921394348145,0.9739119410514832
54.839146,95.72207,"('DPDK', 1)",0.2049335241317749,0.20479892194271088,0.8197340965270996,0.8191956877708435,0.9748663902282715,0.9731818437576294
82.00209,92.23203,"('DPDK', 1)",0.20491783320903778,0.2048894315958023,0.8196713328361511,0.8195577263832092,0.9748269319534302,0.974704921245575
70.265594,90.49696,"('OAI', 1)",0.20469729602336884,0.1601952165365219,0.8187891840934753,0.6407808661460876,0.9286550283432007,0.933904767036438
61.30834,89.17694,"('OAI', 1)",0.20168942213058472,0.1413886696100235,0.8067576885223389,0.565554678440094,0.9289721250534058,0.9358060359954834
68.975784,87.6542,"('OAI', 1)",0.19851656258106232,0.15776577591896057,0.7940662503242493,0.6310631036758423,0.9292973279953003,0.9342445731163025
96.43427,86.64328,"('OAI', 1)",0.19619646668434143,0.21844996511936188,0.7847858667373657,0.8737998604774475,0.9295238256454468,0.9274662137031555
127.11754,87.70721,"('OAI', 1)",0.19851656258106232,0.29060444235801697,0.7940662503242493,1.1624177694320679,0.9292973279953003,0.9212148189544678
135.84245,92.18212,"('DPDK', 1)",0.20491783320903778,0.20511148869991302,0.8196713328361511,0.8204459547996521,0.9748269319534302,0.975153923034668
147.35078,98.76851,"('DPDK', 1)",0.2049488127231598,0.20514418184757233,0.8197952508926392,0.8205767273902893,0.9748928546905518,0.9752396941184998
157.97714,106.68558,"('DPDK', 1)",0.20498855412006378,0.20516997575759888,0.8199542164802551,0.8206799030303955,0.9749742150306702,0.975245475769043
140.27396,115.19857,"('DPDK', 1)",0.20502988994121552,0.20512491464614868,0.8201195597648621,0.8204996585845947,0.9749952554702759,0.975191056728363
138.32114,121.693275,"('DPDK', 1)",0.20505765080451965,0.20511922240257263,0.8202306032180786,0.8204768896102905,0.9750185608863831,0.9751753807067871
110.246254,126.05446,"('DPDK', 1)",0.20507827401161194,0.20500677824020386,0.8203130960464478,0.8200271129608154,0.9750660061836243,0.9749959707260132
127.01949,126.487434,"('DPDK', 1)",0.2050788551568985,0.20508131384849548,0.820315420627594,0.8203252553939819,0.9750683903694153,0.9750749468803406
105.736,125.87294,"('DPDK', 1)",0.2050759196281433,0.20498505234718323,0.8203036785125732,0.8199402093887329,0.9750646352767944,0.9749683141708374
105.78033,123.07405,"('DPDK', 1)",0.20506452023983002,0.20498526096343994,0.8202580809593201,0.8199410438537598,0.9750374555587769,0.9749682545661926
91.91358,119.258255,"('DPDK', 1)",0.20504790544509888,0.2049160599708557,0.8201916217803955,0.8196642398834229,0.9749975204467773,0.9748221635818481
106.34636,114.21544,"('DPDK', 1)",0.20502552390098572,0.2049880474805832,0.8201020956039429,0.8199521899223328,0.9749994277954102,0.9749723672866821
88.06931,110.062584,"('DPDK', 1)",0.20500677824020386,0.2049056738615036,0.8200271129608154,0.8196226954460144,0.9749959707260132,0.9747790098190308
89.97066,105.4926,"('DPDK', 1)",0.2049838900566101,0.204910546541214,0.8199355602264404,0.819642186164856,0.9749648571014404,0.9748003482818604
102.31086,101.36467,"('DPDK', 1)",0.20496295392513275,0.2049679160118103,0.819851815700531,0.8198716640472412,0.9749242663383484,0.9749334454536438
85.77134,98.790085,"('DPDK', 1)",0.2049488127231598,0.2048996239900589,0.8197952508926392,0.8195984959602356,0.9748928546905518,0.974751353263855
89.385086,96.2066,"('DPDK', 1)",0.2049368917942047,0.2049090564250946,0.8197475671768188,0.8196362257003784,0.9748697280883789,0.974793553352356
103.14523,94.203514,"('DPDK', 1)",0.2049257904291153,0.20497214794158936,0.8197031617164612,0.8198885917663574,0.9748479723930359,0.974942147731781
104.00907,93.72434,"('DPDK', 1)",0.2049243003129959,0.20497648417949677,0.8196972012519836,0.8199059367179871,0.9748446941375732,0.9749522805213928
88.331825,94.23502,"('DPDK', 1)",0.2049257904291153,0.20490634441375732,0.8197031617164612,0.8196253776550293,0.9748479723930359,0.974778950214386
88.48473,94.171394,"('DPDK', 1)",0.2049257904291153,0.20490674674510956,0.8197031617164612,0.8196269869804382,0.9748479723930359,0.9747838973999023
92.345215,93.821785,"('DPDK', 1)",0.2049243003129959,0.20491783320903778,0.8196972012519836,0.8196713328361511,0.9748446941375732,0.9748269319534302
79.33458,93.61966,"('DPDK', 1)",0.2049243003129959,0.2048819661140442,0.8196972012519836,0.8195278644561768,0.9748446941375732,0.9746716618537903
88.38123,92.597145,"('DPDK', 1)",0.20491938292980194,0.20490647852420807,0.8196775317192078,0.8196259140968323,0.9748325347900391,0.9747835397720337
113.81923,91.87962,"('DPDK', 1)",0.20491592586040497,0.205023393034935,0.8196637034416199,0.82009357213974,0.974822998046875,0.9749979972839355
96.383064,93.22396,"('DPDK', 1)",0.2049216777086258,0.2049368917942047,0.8196867108345032,0.8197475671768188,0.9748383164405823,0.9748697280883789
87.46976,94.37046,"('DPDK', 1)",0.20492634177207947,0.20490410923957825,0.8197053670883179,0.819616436958313,0.9748479723930359,0.974773645401001
96.38274,94.692055,"('DPDK', 1)",0.20492634177207947,0.2049368917942047,0.8197053670883179,0.8197475671768188,0.9748479723930359,0.9748697280883789
99.599594,95.12719,"('DPDK', 1)",0.20493005216121674,0.20495395362377167,0.8197202086448669,0.8198158144950867,0.9748561382293701,0.9749045968055725
119.86627,95.808174,"('DPDK', 1)",0.2049335241317749,0.20505033433437347,0.8197340965270996,0.8202013373374939,0.9748663902282715,0.9750005602836609
120.96101,98.003,"('DPDK', 1)",0.204946830868721,0.20505517721176147,0.819787323474884,0.8202207088470459,0.9748924970626831,0.9750111103057861
110.38349,100.90466,"('DPDK', 1)",0.20495955646038055,0.2050074338912964,0.8198382258415222,0.8200297355651855,0.9749181866645813,0.974997878074646
134.36072,103.13183,"('DPDK', 1)",0.20497214794158936,0.20510679483413696,0.8198885917663574,0.8204271793365479,0.974942147731781,0.9751388430595398
145.39499,106.462204,"('DPDK', 1)",0.20498855412006378,0.2051389515399933,0.8199542164802551,0.8205558061599731,0.9749742150306702,0.9752350449562073
164.71834,110.81697,"('DPDK', 1)",0.20500925183296204,0.20518505573272705,0.8200370073318481,0.8207402229309082,0.9749975204467773,0.9752550721168518
178.10353,116.6747,"('DPDK', 1)",0.20503714680671692,0.2052120566368103,0.8201485872268677,0.8208482265472412,0.9749966859817505,0.9752660393714905
177.61996,123.713974,"('DPDK', 1)",0.20506717264652252,0.20521113276481628,0.8202686905860901,0.8208445310592651,0.9750439524650574,0.9752645492553711
169.52115,130.52884,"('DPDK', 1)",0.20509541034698486,0.205195352435112,0.8203816413879395,0.820781409740448,0.9751105904579163,0.9752575755119324
208.01245,135.75578,"('DPDK', 1)",0.20511141419410706,0.20526456832885742,0.8204456567764282,0.8210582733154297,0.9751539826393127,0.9752945303916931
185.49477,142.37497,"('DPDK', 1)",0.20513010025024414,0.20522581040859222,0.8205204010009766,0.8209032416343689,0.9752056002616882,0.9752715229988098
168.95605,147.0961,"('DPDK', 1)",0.20514340698719025,0.20519421994686127,0.820573627948761,0.8207768797874451,0.9752400517463684,0.9752560257911682
181.21442,148.85724,"('DPDK', 1)",0.20514823496341705,0.20521791279315948,0.8205929398536682,0.8208716511726379,0.9752389788627625,0.9752700924873352
151.65474,149.62122,"('DPDK', 1)",0.205150306224823,0.20515525341033936,0.820601224899292,0.8206210136413574,0.9752429127693176,0.975242555141449
164.9421,147.31833,"('DPDK', 1)",0.2051440179347992,0.20518554747104645,0.8205760717391968,0.8207421898841858,0.9752398133277893,0.9752534627914429
151.17046,144.54523,"('DPDK', 1)",0.20513665676116943,0.20515409111976624,0.8205466270446777,0.8206163644790649,0.9752275943756104,0.9752418994903564
109.237625,140.60814,"('DPDK', 1)",0.20512595772743225,0.20500199496746063,0.820503830909729,0.8200079798698425,0.9751944541931152,0.9749975800514221
74.97339,133.26596,"('DPDK', 1)",0.20510239899158478,0.20486922562122345,0.8204095959663391,0.8194769024848938,0.9751279354095459,0.9744911193847656
153.57036,122.34634,"('DPDK', 1)",0.205061674118042,0.2051597684621811,0.820246696472168,0.8206390738487244,0.9750284552574158,0.9752435088157654
157.60274,116.512276,"('DPDK', 1)",0.20503531396389008,0.20516912639141083,0.8201412558555603,0.8206765055656433,0.9749959707260132,0.9752452969551086
159.03976,114.298676,"('DPDK', 1)",0.2050255686044693,0.20517240464687347,0.8201022744178772,0.8206896185874939,0.9749948978424072,0.9752485156059265
142.65604,114.588936,"('DPDK', 1)",0.20502705872058868,0.20513150095939636,0.8201082348823547,0.8205260038375854,0.9749968647956848,0.9752106070518494
69.46322,115.11023,"('DPDK', 1)",0.20502988994121552,0.20485202968120575,0.8201195597648621,0.819408118724823,0.9749952554702759,0.9742358922958374
55.305344,110.27977,"('DPDK', 1)",0.20500677824020386,0.2048008143901825,0.8200271129608154,0.81920325756073,0.9749959707260132,0.9732420444488525
67.37357,102.116135,"('DPDK', 1)",0.20496612787246704,0.20484516024589539,0.8198645114898682,0.8193806409835815,0.9749300479888916,0.9741501808166504
60.81263,93.83052,"('DPDK', 1)",0.2049243003129959,0.2048221230506897,0.8196972012519836,0.8192884922027588,0.9748446941375732,0.973838746547699
35.830948,85.32877,"('OAI', 1)",0.19296595454216003,0.07478361576795578,0.7718638181686401,0.2991344630718231,0.9298596382141113,0.9310795664787292
40.99383,76.0543,"('OAI', 1)",0.1710779219865799,0.08289285749197006,0.6843116879463196,0.33157142996788025,0.9323285818099976,0.9333584308624268
28.905474,68.10612,"('OAI', 1)",0.15604163706302643,0.05662687495350838,0.6241665482521057,0.2265074998140335,0.9344848394393921,0.9264535307884216
30.256275,60.783916,"('OAI', 1)",0.14022938907146454,0.05712427571415901,0.5609175562858582,0.22849710285663605,0.9357785582542419,0.9274011254310608
36.76713,54.87652,"('OAI', 1)",0.12673109769821167,0.07712378352880478,0.5069243907928467,0.3084951341152191,0.9352909326553345,0.9316577911376953
24.669191,51.11395,"('OAI', 1)",0.11617148667573929,0.061828989535570145,0.46468594670295715,0.24731595814228058,0.9348692893981934,0.9230750203132629
19.263079,48.257267,"('OAI', 1)",0.1078689768910408,0.05099411681294441,0.4314759075641632,0.20397646725177765,0.9344674944877625,0.9209598898887634
14.285483,46.207165,"('OAI', 1)",0.10127299278974533,0.038796860724687576,0.4050919711589813,0.1551874428987503,0.9341759085655212,0.9197282791137695
10.74827,44.99783,"('OAI', 1)",0.09673681110143661,0.02811344526708126,0.38694724440574646,0.11245378106832504,0.9339658617973328,0.9159497022628784
9.635912,44.32017,"('OAI', 1)",0.09559714049100876,0.02436106465756893,0.38238856196403503,0.09744425863027573,0.9339202642440796,0.9144802689552307
12.296306,45.00084,"('OAI', 1)",0.09673681110143661,0.032770056277513504,0.38694724440574646,0.13108022511005402,0.9339658617973328,0.9174029231071472
9.353482,46.516495,"('OAI', 1)",0.10191141813993454,0.023339560255408287,0.40764567255973816,0.09335824102163315,0.9342073798179626,0.9138138890266418
26.238722,48.567856,"('OAI', 1)",0.10881791263818741,0.060191620141267776,0.43527165055274963,0.2407664805650711,0.9345248937606812,0.9244621396064758
6.932722,51.99887,"('OAI', 1)",0.11940770596265793,0.02184714935719967,0.4776308238506317,0.08738859742879868,0.9350061416625977,0.9076939821243286
4.2110705,55.21316,"('OAI', 1)",0.12775014340877533,-0.011972406879067421,0.5110005736351013,-0.047889627516269684,0.9353281855583191,0.8971626162528992
7.262102,58.185425,"('OAI', 1)",0.1339636743068695,0.02525707148015499,0.535854697227478,0.10102828592061996,0.9355571269989014,0.9085866212844849
19.120996,60.99216,"('OAI', 1)",0.14022938907146454,0.05069204047322273,0.5609175562858582,0.20276816189289093,0.9357785582542419,0.9209736585617065
19.019718,64.13971,"('OAI', 1)",0.14832273125648499,0.05046926811337471,0.5932909250259399,0.20187707245349884,0.9355369210243225,0.920975923538208
13.363261,67.44476,"('OAI', 1)",0.15465784072875977,0.03609992936253548,0.6186313629150391,0.1443997174501419,0.9346787333488464,0.9186756014823914
26.612963,70.42613,"('OAI', 1)",0.16063188016414642,0.05916302278637886,0.6425275206565857,0.23665209114551544,0.9338476061820984,0.9247705936431885
49.037807,73.621796,"('OAI', 1)",0.16638340055942535,0.11042865365743637,0.6655336022377014,0.4417146146297455,0.9330320358276367,0.9345951080322266
44.618042,77.48117,"('OAI', 1)",0.17388129234313965,0.09559714049100876,0.6955251693725586,0.38238856196403503,0.9319486618041992,0.9339202642440796
53.24999,81.05859,"('OAI', 1)",0.18271273374557495,0.12239570170640945,0.7308509349822998,0.4895828068256378,0.9309245347976685,0.9351287484169006
37.063435,84.566124,"('OAI', 1)",0.19134490191936493,0.07717912644147873,0.7653796076774597,0.3087165057659149,0.930026113986969,0.9318197965621948
65.05332,87.035965,"('OAI', 1)",0.19619646668434143,0.14986713230609894,0.7847858667373657,0.5994685292243958,0.9295238256454468,0.9353266954421997
45.76074,89.68448,"('OAI', 1)",0.2025539129972458,0.09957268089056015,0.8102156519889832,0.3982907235622406,0.9288899302482605,0.9340940117835999
48.33248,91.50166,"('DPDK', 1)",0.20491419732570648,0.20477062463760376,0.8196567893028259,0.819082498550415,0.974816620349884,0.9722753763198853
47.59852,92.65984,"('DPDK', 1)",0.20491938292980194,0.20476719737052917,0.8196775317192078,0.8190687894821167,0.9748325347900391,0.9721880555152893
45.601402,93.180275,"('DPDK', 1)",0.20492100715637207,0.20475761592388153,0.8196840286254883,0.8190304636955261,0.9748343229293823,0.9719395041465759
40.847015,93.15158,"('DPDK', 1)",0.20492100715637207,0.20474328100681305,0.8196840286254883,0.8189731240272522,0.9748343229293823,0.971306324005127
49.49134,92.57704,"('DPDK', 1)",0.20491819083690643,0.20477592945098877,0.8196727633476257,0.8191037178039551,0.9748263955116272,0.972415030002594
39.35213,92.101036,"('DPDK', 1)",0.2049160599708557,0.20474211871623993,0.8196642398834229,0.8189684748649597,0.9748221635818481,0.9710218906402588
51.57736,91.26077,"('DPDK', 1)",0.20491382479667664,0.20478516817092896,0.8196552991867065,0.8191406726837158,0.9748169183731079,0.9727175831794739
45.10816,90.82692,"('DPDK', 1)",0.20491234958171844,0.20475518703460693,0.8196493983268738,0.8190207481384277,0.9748064875602722,0.9718761444091797
46.441254,90.357056,"('OAI', 1)",0.20469729602336884,0.10191141813993454,0.8187891840934753,0.40764567255973816,0.9286550283432007,0.9342073798179626
47.86325,89.969315,"('OAI', 1)",0.20378045737743378,0.10666381567716599,0.8151218295097351,0.42665526270866394,0.928746223449707,0.9344291687011719
46.81507,89.69612,"('OAI', 1)",0.2025539129972458,0.10316368192434311,0.8102156519889832,0.41265472769737244,0.9288899302482605,0.9342672824859619
54.941513,89.46232,"('OAI', 1)",0.2025539129972458,0.12681248784065247,0.8102156519889832,0.5072499513626099,0.9288899302482605,0.9352957606315613
57.913555,89.60237,"('OAI', 1)",0.2025539129972458,0.13392670452594757,0.8102156519889832,0.5357068181037903,0.9288899302482605,0.9355525374412537
64.45061,90.03371,"('OAI', 1)",0.20394839346408844,0.14857526123523712,0.8157935738563538,0.5943010449409485,0.9287335872650146,0.935501217842102
84.734375,90.82518,"('DPDK', 1)",0.20491234958171844,0.20489685237407684,0.8196493983268738,0.8195874094963074,0.9748064875602722,0.9747364521026611
89.43616,92.57027,"('DPDK', 1)",0.20491819083690643,0.20490919053554535,0.8196727633476257,0.8196367621421814,0.9748263955116272,0.9747939705848694
95.09265,94.83313,"('DPDK', 1)",0.20492993295192719,0.20492993295192719,0.8197197318077087,0.8197197318077087,0.9748586416244507,0.9748586416244507
116.45649,97.340515,"('DPDK', 1)",0.20494215190410614,0.20503531396389008,0.8197686076164246,0.8201412558555603,0.9748814105987549,0.9749959707260132
110.5908,100.78046,"('DPDK', 1)",0.20495955646038055,0.205008402466774,0.8198382258415222,0.820033609867096,0.9749181866645813,0.9749981164932251
90.29175,104.89874,"('DPDK', 1)",0.20498178899288177,0.20491136610507965,0.8199271559715271,0.8196454644203186,0.974962592124939,0.9748053550720215
106.25156,107.50481,"('DPDK', 1)",0.2049933522939682,0.20498758554458618,0.8199734091758728,0.8199503421783447,0.9749830961227417,0.9749729633331299
111.97953,109.5032,"('DPDK', 1)",0.20500312745571136,0.2050148993730545,0.8200125098228455,0.820059597492218,0.9749937057495117,0.9749955534934998
157.32037,111.212395,"('DPDK', 1)",0.20501260459423065,0.2051684707403183,0.8200504183769226,0.8206738829612732,0.9749972820281982,0.9752488732337952
90.0452,115.853195,"('DPDK', 1)",0.20503295958042145,0.2049107402563095,0.8201318383216858,0.819642961025238,0.9749997854232788,0.9748013019561768
111.48443,116.684494,"('DPDK', 1)",0.20503714680671692,0.20501260459423065,0.8201485872268677,0.8200504183769226,0.9749966859817505,0.9749972820281982
84.331215,116.73533,"('DPDK', 1)",0.20503714680671692,0.2048957645893097,0.8201485872268677,0.8195830583572388,0.9749966859817505,0.9747311472892761
115.93183,114.217926,"('DPDK', 1)",0.20502552390098572,0.20503295958042145,0.8201020956039429,0.8201318383216858,0.9749994277954102,0.9749997854232788
90.684715,112.75119,"('DPDK', 1)",0.20502038300037384,0.20491234958171844,0.8200815320014954,0.8196493983268738,0.9749972820281982,0.9748064875602722
97.2563,110.09043,"('DPDK', 1)",0.20500677824020386,0.20494157075881958,0.8200271129608154,0.8197662830352783,0.9749959707260132,0.9748815894126892
116.110115,107.51463,"('DPDK', 1)",0.2049933522939682,0.20503376424312592,0.8199734091758728,0.8201350569725037,0.9749830961227417,0.9749969840049744
104.69551,106.55769,"('DPDK', 1)",0.20498855412006378,0.20497991144657135,0.8199542164802551,0.8199196457862854,0.9749742150306702,0.9749577641487122
98.62007,105.780655,"('DPDK', 1)",0.20498526096343994,0.2049488127231598,0.8199410438537598,0.8197952508926392,0.9749682545661926,0.9748928546905518
88.28511,104.75937,"('DPDK', 1)",0.20497991144657135,0.20490622520446777,0.8199196457862854,0.8196249008178711,0.9749577641487122,0.974780261516571
93.04925,102.92327,"('DPDK', 1)",0.20497214794158936,0.2049206793308258,0.8198885917663574,0.8196827173233032,0.974942147731781,0.9748337864875793
103.402275,101.14799,"('DPDK', 1)",0.20496246218681335,0.20497344434261322,0.8198498487472534,0.8198937773704529,0.9749253392219543,0.9749464392662048
115.61651,100.28931,"('DPDK', 1)",0.20495732128620148,0.20503154397010803,0.8198292851448059,0.8201261758804321,0.9749143719673157,0.9749963879585266
105.98318,100.9088,"('DPDK', 1)",0.20495955646038055,0.20498625934123993,0.8198382258415222,0.8199450373649597,0.9749181866645813,0.974969208240509
101.52836,101.60408,"('DPDK', 1)",0.20496392250061035,0.20496392250061035,0.8198556900024414,0.8198556900024414,0.9749253988265991,0.9749253988265991
93.87445,101.95252,"('DPDK', 1)",0.20496612787246704,0.2049243003129959,0.8198645114898682,0.8196972012519836,0.9749300479888916,0.9748446941375732
121.52259,101.4824,"('DPDK', 1)",0.20496392250061035,0.20505765080451965,0.8198556900024414,0.8202306032180786,0.9749253988265991,0.9750185608863831
147.67044,102.5731,"('DPDK', 1)",0.2049691528081894,0.20514503121376038,0.8198766112327576,0.8205801248550415,0.9749346971511841,0.9752365946769714
86.001045,106.28287,"('DPDK', 1)",0.20498758554458618,0.20490023493766785,0.8199503421783447,0.8196009397506714,0.9749729633331299,0.9747535586357117
71.6562,106.57965,"('DPDK', 1)",0.20498855412006378,0.20485903322696686,0.8199542164802551,0.8194361329078674,0.9749742150306702,0.974338173866272
90.38323,103.94363,"('DPDK', 1)",0.20497648417949677,0.20491158962249756,0.8199059367179871,0.8196463584899902,0.9749522805213928,0.9748045802116394
88.44154,101.21106,"('DPDK', 1)",0.20496246218681335,0.20490662753582,0.8198498487472534,0.81962651014328,0.9749253392219543,0.9747840166091919
63.888714,98.53856,"('DPDK', 1)",0.2049488127231598,0.20483320951461792,0.8197952508926392,0.8193328380584717,0.9748928546905518,0.9739929437637329
63.444954,94.44928,"('DPDK', 1)",0.20492634177207947,0.20483164489269257,0.8197053670883179,0.8193265795707703,0.9748479723930359,0.973969042301178
70.55473,90.03765,"('OAI', 1)",0.20394839346408844,0.1607532501220703,0.8157935738563538,0.6430130004882812,0.9287335872650146,0.9338381290435791
109.474495,86.399345,"('OAI', 1)",0.19515696167945862,0.25012168288230896,0.7806278467178345,1.0004867315292358,0.9296344518661499,0.9251570105552673
113.2492,86.34869,"('OAI', 1)",0.19515696167945862,0.25894734263420105,0.7806278467178345,1.0357893705368042,0.9296344518661499,0.9241405129432678
127.2281,88.66474,"('OAI', 1)",0.20072904229164124,0.29085296392440796,0.8029161691665649,1.1634118556976318,0.9290658235549927,0.921218991279602
119.59765,93.16995,"('DPDK', 1)",0.20492100715637207,0.20504917204380035,0.8196840286254883,0.8201966881752014,0.9748343229293823,0.9749963879585266
124.417435,97.910866,"('DPDK', 1)",0.204946830868721,0.20507024228572845,0.819787323474884,0.8202809691429138,0.9748924970626831,0.9750502109527588
129.22223,102.63118,"('DPDK', 1)",0.20496973395347595,0.20509012043476105,0.8198789358139038,0.8203604817390442,0.9749350547790527,0.9750952124595642
136.25363,107.13048,"('DPDK', 1)",0.2049933522939682,0.2051127851009369,0.8199734091758728,0.8204511404037476,0.9749830961227417,0.9751558303833008
123.09104,111.47971,"('DPDK', 1)",0.20501260459423065,0.20506452023983002,0.8200504183769226,0.8202580809593201,0.9749972820281982,0.9750374555587769
122.58746,114.238304,"('DPDK', 1)",0.20502552390098572,0.20506232976913452,0.8201020956039429,0.8202493190765381,0.9749994277954102,0.9750311970710754
172.04932,115.71453,"('DPDK', 1)",0.20503154397010803,0.20520035922527313,0.8201261758804321,0.8208014369010925,0.9749963879585266,0.9752586483955383
144.73619,119.902,"('DPDK', 1)",0.20505033433437347,0.20513717830181122,0.8202013373374939,0.8205487132072449,0.9750005602836609,0.9752275943756104
123.531456,123.00495,"('DPDK', 1)",0.20506452023983002,0.20506642758846283,0.8202580809593201,0.8202657103538513,0.9750374555587769,0.9750409126281738
105.49957,123.58169,"('DPDK', 1)",0.20506642758846283,0.2049838900566101,0.8202657103538513,0.8199355602264404,0.9750409126281738,0.9749648571014404
90.68089,121.28353,"('DPDK', 1)",0.2050565928220749,0.20491234958171844,0.8202263712882996,0.8196493983268738,0.9750186204910278,0.9748076796531677
116.90153,116.49112,"('DPDK', 1)",0.20503531396389008,0.20503729581832886,0.8201412558555603,0.8201491832733154,0.9749959707260132,0.9749962687492371
121.28235,112.70935,"('DPDK', 1)",0.20502038300037384,0.2050565928220749,0.8200815320014954,0.8202263712882996,0.9749972820281982,0.9750186204910278
114.49497,110.17103,"('DPDK', 1)",0.20500677824020386,0.20502646267414093,0.8200271129608154,0.8201058506965637,0.9749959707260132,0.9749955534934998
107.936104,108.112045,"('DPDK', 1)",0.2049957662820816,0.2049957662820816,0.8199830651283264,0.8199830651283264,0.9749882817268372,0.9749882817268372
81.53328,106.10747,"('DPDK', 1)",0.20498698949813843,0.20488813519477844,0.8199479579925537,0.8195525407791138,0.9749692678451538,0.9746973514556885
53.969044,102.45796,"('DPDK', 1)",0.2049691528081894,0.20479533076286316,0.8198766112327576,0.8191813230514526,0.9749346971511841,0.9730594754219055
40.68331,96.351746,"('DPDK', 1)",0.2049368917942047,0.2047431468963623,0.8197475671768188,0.8189725875854492,0.9748697280883789,0.9712820649147034
36.38574,88.644,"('OAI', 1)",0.20072904229164124,0.07626133412122726,0.8029161691665649,0.30504533648490906,0.9290658235549927,0.9314273595809937
41.040794,80.58253,"('OAI', 1)",0.18101105093955994,0.08305751532316208,0.7240442037582397,0.3322300612926483,0.9311304688453674,0.9333788752555847
28.115791,73.24389,"('OAI', 1)",0.16570419073104858,0.05634893849492073,0.6628167629241943,0.22539575397968292,0.9331335425376892,0.9258833527565002
32.80276,66.138115,"('OAI', 1)",0.15200915932655334,0.06423633545637131,0.6080366373062134,0.25694534182548523,0.9350466728210449,0.929157555103302
42.37999,60.584816,"('OAI', 1)",0.1395336091518402,0.08749856799840927,0.5581344366073608,0.3499942719936371,0.9357433319091797,0.9335669875144958
30.06864,57.58212,"('OAI', 1)",0.13319692015647888,0.05701099708676338,0.5327876806259155,0.22804398834705353,0.9355331063270569,0.9272817373275757
34.8933,55.815422,"('OAI', 1)",0.1282932162284851,0.07227655500173569,0.5131728649139404,0.28910622000694275,0.935349702835083,0.9305105805397034
30.378153,55.232853,"('OAI', 1)",0.12775014340877533,0.057212818413972855,0.5110005736351013,0.22885127365589142,0.9353281855583191,0.9274987578392029
26.947882,55.285618,"('OAI', 1)",0.12775014340877533,0.05825744941830635,0.5110005736351013,0.2330297976732254,0.9353281855583191,0.9250084161758423
19.314795,56.13136,"('OAI', 1)",0.1301424354314804,0.051106590777635574,0.5205697417259216,0.2044263631105423,0.9354127645492554,0.920922040939331
17.49266,57.10314,"('OAI', 1)",0.13197651505470276,0.0470421202480793,0.527906060218811,0.1881684809923172,0.9354774355888367,0.9212052226066589
13.14434,58.315105,"('OAI', 1)",0.1339636743068695,0.03543092682957649,0.535854697227478,0.14172370731830597,0.9355571269989014,0.9184078574180603
9.837476,59.53681,"('OAI', 1)",0.1373414844274521,0.025052567943930626,0.5493659377098083,0.1002102717757225,0.9356643557548523,0.914879560470581
11.811033,60.630676,"('OAI', 1)",0.1395336091518402,0.031356800347566605,0.5581344366073608,0.12542720139026642,0.9357433319091797,0.9167730212211609
14.140249,62.042194,"('OAI', 1)",0.14306892454624176,0.03837202861905098,0.572275698184967,0.15348811447620392,0.9358509182929993,0.9195544123649597
20.584944,63.78768,"('OAI', 1)",0.14733578264713287,0.05022795870900154,0.5893431305885315,0.20091183483600616,0.9356659650802612,0.920760452747345
25.257082,66.0831,"('OAI', 1)",0.15200915932655334,0.06233539059758186,0.6080366373062134,0.24934156239032745,0.9350466728210449,0.9236025810241699
19.582651,68.80004,"('OAI', 1)",0.15739236772060394,0.05166866257786751,0.6295694708824158,0.20667465031147003,0.934295654296875,0.920910656452179
10.032614,71.41499,"('OAI', 1)",0.16278333961963654,0.025743922218680382,0.6511333584785461,0.10297568887472153,0.9335352182388306,0.9152761101722717
8.222973,73.42283,"('OAI', 1)",0.16581885516643524,0.02164422534406185,0.663275420665741,0.0865769013762474,0.9331266283988953,0.9111522436141968
17.399887,74.95831,"('OAI', 1)",0.16878193616867065,0.04681726172566414,0.6751277446746826,0.18726904690265656,0.9326560497283936,0.9212161302566528
12.973848,76.60124,"('OAI', 1)",0.17197711765766144,0.03490697219967842,0.6879084706306458,0.13962788879871368,0.93220055103302,0.9182142615318298
9.375704,78.054115,"('OAI', 1)",0.17541207373142242,0.023423543199896812,0.7016482949256897,0.09369417279958725,0.931782603263855,0.9138625860214233
35.44527,79.28589,"('OAI', 1)",0.17826537787914276,0.07376705855131149,0.713061511516571,0.29506823420524597,0.9314479827880859,0.9308497309684753
25.297451,81.27956,"('OAI', 1)",0.18277369439601898,0.06227501109242439,0.7310947775840759,0.24910004436969757,0.9309322834014893,0.9236423373222351
21.583462,83.20485,"('OAI', 1)",0.18723157048225403,0.05128436163067818,0.7489262819290161,0.2051374465227127,0.9304466843605042,0.9206380844116211
35.37829,84.84286,"('OAI', 1)",0.19184352457523346,0.07358025759458542,0.7673740983009338,0.2943210303783417,0.9299623966217041,0.930809736251831
51.725655,86.67607,"('OAI', 1)",0.19619646668434143,0.1182912066578865,0.7847858667373657,0.473164826631546,0.9295238256454468,0.9349711537361145
26.135418,89.03664,"('OAI', 1)",0.20168942213058472,0.060476262122392654,0.8067576885223389,0.24190504848957062,0.9289721250534058,0.9243671894073486
27.398415,90.47121,"('OAI', 1)",0.20469729602336884,0.05705009773373604,0.8187891840934753,0.22820039093494415,0.9286550283432007,0.9253499507904053
40.390644,91.27431,"('DPDK', 1)",0.20491382479667664,0.2047429233789444,0.8196552991867065,0.8189716935157776,0.9748169183731079,0.9712343215942383
36.455772,92.08795,"('DPDK', 1)",0.2049160599708557,0.20473971962928772,0.8196642398834229,0.8189588785171509,0.9748221635818481,0.9703890085220337
35.991096,92.648026,"('DPDK', 1)",0.20491938292980194,0.20473931729793549,0.8196775317192078,0.8189572691917419,0.9748325347900391,0.9702809453010559
59.462097,92.96533,"('DPDK', 1)",0.2049206793308258,0.20481708645820618,0.8196827173233032,0.8192683458328247,0.9748337864875793,0.9737212061882019
70.74177,93.93887,"('DPDK', 1)",0.2049243003129959,0.20485614240169525,0.8196972012519836,0.819424569606781,0.9748446941375732,0.974296510219574
48.235813,95.57446,"('DPDK', 1)",0.20493251085281372,0.20477017760276794,0.8197300434112549,0.8190807104110718,0.9748634099960327,0.9722654819488525
61.5672,96.545685,"('DPDK', 1)",0.20493756234645844,0.20482489466667175,0.8197502493858337,0.819299578666687,0.9748712778091431,0.9738810658454895
56.768803,97.47645,"('DPDK', 1)",0.20494215190410614,0.20480667054653168,0.8197686076164246,0.8192266821861267,0.9748814105987549,0.9734192490577698
53.10568,97.914474,"('DPDK', 1)",0.204946830868721,0.20479170978069305,0.819787323474884,0.8191668391227722,0.9748924970626831,0.9729375839233398
54.909496,97.75556,"('DPDK', 1)",0.20494215190410614,0.20479920506477356,0.8197686076164246,0.8191968202590942,0.9748814105987549,0.9731887578964233
57.932507,97.26209,"('DPDK', 1)",0.20494163036346436,0.204811230301857,0.8197665214538574,0.819244921207428,0.9748825430870056,0.9735586047172546
63.59575,96.68628,"('DPDK', 1)",0.20493756234645844,0.20483218133449554,0.8197502493858337,0.8193287253379822,0.9748712778091431,0.9739766120910645
73.307526,96.27083,"('DPDK', 1)",0.2049368917942047,0.20486415922641754,0.8197475671768188,0.8194566369056702,0.9748697280883789,0.9744149446487427
74.53403,96.33956,"('DPDK', 1)",0.2049368917942047,0.2048678994178772,0.8197475671768188,0.8194715976715088,0.9748697280883789,0.9744659662246704
95.47765,96.60716,"('DPDK', 1)",0.20493756234645844,0.20493198931217194,0.8197502493858337,0.8197279572486877,0.9748712778091431,0.9748604893684387
80.325615,97.93238,"('DPDK', 1)",0.204946830868721,0.20488476753234863,0.819787323474884,0.8195390701293945,0.9748924970626831,0.9746825098991394
71.02965,98.805336,"('DPDK', 1)",0.2049488127231598,0.20485705137252808,0.8197952508926392,0.8194282054901123,0.9748928546905518,0.9743087887763977
84.25396,98.73196,"('DPDK', 1)",0.2049488127231598,0.20489555597305298,0.8197952508926392,0.8195822238922119,0.9748928546905518,0.9747304916381836
82.63589,99.0158,"('DPDK', 1)",0.20495112240314484,0.204891175031662,0.8198044896125793,0.819564700126648,0.9748979806900024,0.9747107028961182
68.0883,99.2313,"('DPDK', 1)",0.2049514651298523,0.2048475295305252,0.8198058605194092,0.8193901181221008,0.9748979210853577,0.9741796851158142
63.583466,98.4187,"('DPDK', 1)",0.2049478441476822,0.20483213663101196,0.8197913765907288,0.8193285465240479,0.9748921394348145,0.9739752411842346
65.72674,96.70936,"('DPDK', 1)",0.2049395740032196,0.2048395872116089,0.8197582960128784,0.8193583488464355,0.9748761653900146,0.974074125289917
68.68428,94.742836,"('DPDK', 1)",0.20492993295192719,0.2048494964838028,0.8197197318077087,0.8193979859352112,0.9748586416244507,0.974197268486023
74.858574,92.97561,"('DPDK', 1)",0.2049206793308258,0.204868882894516,0.8196827173233032,0.819475531578064,0.9748337864875793,0.9744859337806702
73.02527,91.85123,"('DPDK', 1)",0.20491592586040497,0.2048632949590683,0.8196637034416199,0.8194531798362732,0.974822998046875,0.9744025468826294
67.18517,91.06493,"('DPDK', 1)",0.20491382479667664,0.20484453439712524,0.8196552991867065,0.819378137588501,0.9748169183731079,0.9741401076316833
76.14307,90.19958,"('OAI', 1)",0.20450136065483093,0.1710779219865799,0.8180054426193237,0.6843116879463196,0.9286741018295288,0.9323285818099976
67.216385,89.897835,"('OAI', 1)",0.20378045737743378,0.15434576570987701,0.8151218295097351,0.6173830628395081,0.928746223449707,0.9347192049026489
78.086845,89.36938,"('OAI', 1)",0.2024233192205429,0.17541207373142242,0.8096932768821716,0.7016482949256897,0.9288969039916992,0.931782603263855
91.41595,89.413826,"('OAI', 1)",0.2025539129972458,0.20701640844345093,0.8102156519889832,0.8280656337738037,0.9288899302482605,0.9284539222717285
75.60118,90.563705,"('DPDK', 1)",0.20491234958171844,0.20487110316753387,0.8196493983268738,0.8194844126701355,0.9748076796531677,0.9745170474052429
114.28625,91.370895,"('DPDK', 1)",0.20491419732570648,0.20502552390098572,0.8196567893028259,0.8201020956039429,0.974816620349884,0.9749994277954102
95.760216,94.434326,"('DPDK', 1)",0.20492634177207947,0.2049335241317749,0.8197053670883179,0.8197340965270996,0.9748479723930359,0.9748663902282715
86.2879,97.15955,"('DPDK', 1)",0.20494142174720764,0.20490099489688873,0.8197656869888306,0.8196039795875549,0.9748806357383728,0.9747582077980042
105.07639,98.690674,"('DPDK', 1)",0.2049488127231598,0.20498178899288177,0.8197952508926392,0.8199271559715271,0.9748928546905518,0.974962592124939
102.55403,100.63971,"('DPDK', 1)",0.20495955646038055,0.2049691528081894,0.8198382258415222,0.8198766112327576,0.9749181866645813,0.9749346971511841
93.13059,102.39449,"('DPDK', 1)",0.2049679160118103,0.20492100715637207,0.8198716640472412,0.8196840286254883,0.9749334454536438,0.9748343229293823
100.24506,103.11806,"('DPDK', 1)",0.20497214794158936,0.20495732128620148,0.8198885917663574,0.8198292851448059,0.974942147731781,0.9749143719673157
85.17624,103.639015,"('DPDK', 1)",0.2049756497144699,0.20489804446697235,0.8199025988578796,0.8195921778678894,0.9749454259872437,0.9747424721717834
100.05582,102.84548,"('DPDK', 1)",0.20496973395347595,0.20495633780956268,0.8198789358139038,0.8198253512382507,0.9749350547790527,0.9749079346656799
85.38433,102.42931,"('DPDK', 1)",0.2049679160118103,0.20489859580993652,0.8198716640472412,0.8195943832397461,0.9749334454536438,0.9747459888458252
66.051285,101.1631,"('DPDK', 1)",0.20496246218681335,0.20484070479869843,0.8198498487472534,0.8193628191947937,0.9749253392219543,0.974088728427887
79.3076,98.18232,"('DPDK', 1)",0.204946830868721,0.20488189160823822,0.819787323474884,0.8195275664329529,0.9748924970626831,0.9746699333190918
94.194496,95.480125,"('DPDK', 1)",0.20493198931217194,0.2049257904291153,0.8197279572486877,0.8197031617164612,0.9748604893684387,0.9748479723930359
105.304794,94.22819,"('DPDK', 1)",0.2049257904291153,0.2049829214811325,0.8197031617164612,0.81993168592453,0.9748479723930359,0.9749611616134644
103.84105,94.72783,"('DPDK', 1)",0.20492993295192719,0.2049756497144699,0.8197197318077087,0.8199025988578796,0.9748586416244507,0.9749454259872437
121.959984,96.07402,"('DPDK', 1)",0.2049368917942047,0.20505957305431366,0.8197475671768188,0.8202382922172546,0.9748697280883789,0.9750260710716248
106.13031,99.051506,"('DPDK', 1)",0.20495112240314484,0.20498698949813843,0.8198044896125793,0.8199479579925537,0.9748979806900024,0.9749692678451538
117.31018,101.49017,"('DPDK', 1)",0.20496392250061035,0.2050391137599945,0.8198556900024414,0.820156455039978,0.9749253988265991,0.9749965667724609
123.70512,104.15476,"('DPDK', 1)",0.20497648417949677,0.20506717264652252,0.8199059367179871,0.8202686905860901,0.9749522805213928,0.9750439524650574
129.87015,107.054535,"('DPDK', 1)",0.2049933522939682,0.20509225130081177,0.8199734091758728,0.8203690052032471,0.9749830961227417,0.9751031994819641
152.97195,110.18383,"('DPDK', 1)",0.20500677824020386,0.20515836775302887,0.8200271129608154,0.8206334710121155,0.9749959707260132,0.9752421975135803
142.0512,114.738754,"('DPDK', 1)",0.20502705872058868,0.20512984693050385,0.8201082348823547,0.8205193877220154,0.9749968647956848,0.9752059578895569
141.90454,118.72289,"('DPDK', 1)",0.20504489541053772,0.20512942969799042,0.8201795816421509,0.8205177187919617,0.9749952554702759,0.9752048254013062
127.135445,121.90315,"('DPDK', 1)",0.20505957305431366,0.20508180558681488,0.8202382922172546,0.8203272223472595,0.9750260710716248,0.9750770926475525
133.55258,123.08934,"('DPDK', 1)",0.20506452023983002,0.20510421693325043,0.8202580809593201,0.8204168677330017,0.9750374555587769,0.9751351475715637
149.67422,123.4381,"('DPDK', 1)",0.20506642758846283,0.205150306224823,0.8202657103538513,0.820601224899292,0.9750409126281738,0.9752429127693176
127.821915,124.361984,"('DPDK', 1)",0.20507024228572845,0.2050846815109253,0.8202809691429138,0.8203387260437012,0.9750502109527588,0.9750784635543823
84.92028,123.807785,"('DPDK', 1)",0.20506717264652252,0.20489734411239624,0.8202686905860901,0.819589376449585,0.9750439524650574,0.9747409224510193
119.11226,119.28174,"('DPDK', 1)",0.20504790544509888,0.20504705607891083,0.8201916217803955,0.8201882243156433,0.9749975204467773,0.9749970436096191
124.194435,115.569,"('DPDK', 1)",0.20503154397010803,0.20506928861141205,0.8201261758804321,0.8202771544456482,0.9749963879585266,0.9750470519065857
123.92303,112.961075,"('DPDK', 1)",0.20502038300037384,0.20506811141967773,0.8200815320014954,0.8202724456787109,0.9749972820281982,0.9750490188598633
114.48821,111.250824,"('DPDK', 1)",0.20501260459423065,0.20502643287181854,0.8200504183769226,0.8201057314872742,0.9749972820281982,0.9749956130981445
72.96354,109.55104,"('DPDK', 1)",0.20500344038009644,0.20486310124397278,0.8200137615203857,0.8194524049758911,0.9749959707260132,0.9744022488594055
80.21902,105.03456,"('DPDK', 1)",0.20498178899288177,0.20488446950912476,0.8199271559715271,0.819537878036499,0.974962592124939,0.974681556224823
83.92515,100.02256,"('DPDK', 1)",0.20495633780956268,0.20489466190338135,0.8198253512382507,0.8195786476135254,0.9749079346656799,0.974726140499115
67.22142,95.48663,"('DPDK', 1)",0.20493198931217194,0.2048446536064148,0.8197279572486877,0.8193786144256592,0.9748604893684387,0.9741426110267639
57.047813,90.56737,"('DPDK', 1)",0.20491234958171844,0.20480777323246002,0.8196493983268738,0.8192310929298401,0.9748076796531677,0.9734554290771484
81.25918,85.3174,"('OAI', 1)",0.19296595454216003,0.18277369439601898,0.7718638181686401,0.7310947775840759,0.9298596382141113,0.9309322834014893
74.919106,82.167786,"('OAI', 1)",0.1844591200351715,0.1686837524175644,0.737836480140686,0.6747350096702576,0.9307246804237366,0.9326767325401306
61.99679,80.15731,"('OAI', 1)",0.18036743998527527,0.14306892454624176,0.7214697599411011,0.572275698184967,0.9312036633491516,0.9358509182929993
61.182533,78.16877,"('OAI', 1)",0.17541207373142242,0.1410820186138153,0.7016482949256897,0.5643280744552612,0.931782603263855,0.9357925057411194
78.48594,76.4309,"('OAI', 1)",0.17197711765766144,0.17634789645671844,0.6879084706306458,0.7053915858268738,0.93220055103302,0.9316896796226501
64.7769,76.33447,"('OAI', 1)",0.1710779219865799,0.14925995469093323,0.6843116879463196,0.5970398187637329,0.9323285818099976,0.9354041814804077
64.61161,76.27537,"('OAI', 1)",0.1710779219865799,0.14891460537910461,0.6843116879463196,0.5956584215164185,0.9323285818099976,0.935459315776825
58.906513,76.31685,"('OAI', 1)",0.1710779219865799,0.13612371683120728,0.6843116879463196,0.5444948673248291,0.9323285818099976,0.9356326460838318
50.532467,76.0303,"('OAI', 1)",0.1710779219865799,0.1150156781077385,0.6843116879463196,0.460062712430954,0.9323285818099976,0.9348005056381226
36.061085,75.07671,"('OAI', 1)",0.16906411945819855,0.07540007680654526,0.6762564778327942,0.30160030722618103,0.9326167702674866,0.931227445602417
28.281935,72.882645,"('OAI', 1)",0.16517937183380127,0.05640404298901558,0.6607174873352051,0.22561617195606232,0.9332137107849121,0.926003634929657
37.26256,69.74005,"('OAI', 1)",0.159111887216568,0.07720934599637985,0.636447548866272,0.3088373839855194,0.9340530633926392,0.9319364428520203
25.034924,67.33971,"('OAI', 1)",0.15465784072875977,0.06223170831799507,0.6186313629150391,0.24892683327198029,0.9346787333488464,0.9234001040458679
16.853811,64.87638,"('OAI', 1)",0.14925995469093323,0.04551251605153084,0.5970398187637329,0.18205006420612335,0.9354041814804077,0.9211602807044983
13.872422,62.549675,"('OAI', 1)",0.14404000341892242,0.03760289028286934,0.5761600136756897,0.15041156113147736,0.9358788728713989,0.9192536473274231
25.74843,61.03142,"('OAI', 1)",0.14105577766895294,0.06155787780880928,0.5642231106758118,0.24623151123523712,0.9357892870903015,0.924053430557251
26.439188,61.02464,"('OAI', 1)",0.14105577766895294,0.05964537337422371,0.5642231106758118,0.23858149349689484,0.9357892870903015,0.9246122241020203
18.541235,62.026783,"('OAI', 1)",0.14306892454624176,0.04941936209797859,0.572275698184967,0.19767744839191437,0.9358509182929993,0.921054482460022
18.111235,63.221367,"('OAI', 1)",0.14635755121707916,0.048459310084581375,0.5854302048683167,0.1938372403383255,0.9357894659042358,0.9211194515228271
19.301754,64.7137,"('OAI', 1)",0.14925995469093323,0.051078248769044876,0.5970398187637329,0.2043129950761795,0.9354041814804077,0.9209508895874023
17.090982,66.42753,"('OAI', 1)",0.15302984416484833,0.046085257083177567,0.6121193766593933,0.18434102833271027,0.9348911643028259,0.9212659001350403
17.438549,68.25988,"('OAI', 1)",0.1564578264951706,0.04691000655293465,0.6258313059806824,0.1876400262117386,0.9344395995140076,0.9212141633033752
17.819344,70.1405,"('OAI', 1)",0.1601952165365219,0.047796059399843216,0.6407808661460876,0.19118423759937286,0.933904767036438,0.9211581945419312
14.653749,72.00587,"('OAI', 1)",0.16347774863243103,0.03982030227780342,0.6539109945297241,0.15928120911121368,0.9334390759468079,0.920051097869873
18.598833,73.676834,"('OAI', 1)",0.1664232611656189,0.04955397918820381,0.6656930446624756,0.19821591675281525,0.9330329298973083,0.9210550785064697
34.029118,75.39017,"('OAI', 1)",0.1697964072227478,0.06852816790342331,0.6791856288909912,0.27411267161369324,0.9325105547904968,0.92995685338974
36.145676,77.598434,"('OAI', 1)",0.17437221109867096,0.07561426609754562,0.6974888443946838,0.3024570643901825,0.9319086074829102,0.9312679171562195
29.06677,80.02875,"('OAI', 1)",0.18036743998527527,0.05668439343571663,0.7214697599411011,0.22673757374286652,0.9312036633491516,0.9265863299369812
48.525642,82.13694,"('OAI', 1)",0.1844591200351715,0.10881791263818741,0.737836480140686,0.43527165055274963,0.9307246804237366,0.9345248937606812
47.365314,84.6012,"('OAI', 1)",0.19134490191936493,0.10500774532556534,0.7653796076774597,0.42003098130226135,0.930026113986969,0.9343537092208862
66.56969,86.96542,"('OAI', 1)",0.19619646668434143,0.15302984416484833,0.7847858667373657,0.6121193766593933,0.9295238256454468,0.9348911643028259
57.763447,89.70027,"('OAI', 1)",0.2025539129972458,0.13359767198562622,0.8102156519889832,0.5343906879425049,0.9288899302482605,0.9355466365814209
53.194027,92.101746,"('DPDK', 1)",0.2049160599708557,0.2047920823097229,0.8196642398834229,0.8191683292388916,0.9748221635818481,0.9729523062705994
76.666046,93.84932,"('DPDK', 1)",0.2049243003129959,0.20487426221370697,0.8196972012519836,0.8194970488548279,0.9748446941375732,0.974565327167511
77.43792,95.88139,"('DPDK', 1)",0.2049335241317749,0.20487651228904724,0.8197340965270996,0.819506049156189,0.9748663902282715,0.9745976328849792
85.89107,97.74984,"('DPDK', 1)",0.20494215190410614,0.20489995181560516,0.8197686076164246,0.8195998072624207,0.9748814105987549,0.974751353263855
59.755318,99.57336,"('DPDK', 1)",0.20495395362377167,0.20481818914413452,0.8198158144950867,0.8192727565765381,0.9749045968055725,0.9737450480461121
59.01051,99.824814,"('DPDK', 1)",0.20495395362377167,0.20481537282466888,0.8198158144950867,0.8192614912986755,0.9749045968055725,0.973679780960083
115.2499,99.07743,"('DPDK', 1)",0.20495112240314484,0.20502988994121552,0.8198044896125793,0.8201195597648621,0.9748979806900024,0.9749952554702759
72.15629,100.37007,"('DPDK', 1)",0.20495732128620148,0.2048605978488922,0.8198292851448059,0.8194423913955688,0.9749143719673157,0.9743619561195374
62.841156,100.412186,"('DPDK', 1)",0.20495732128620148,0.20482949912548065,0.8198292851448059,0.8193179965019226,0.9749143719673157,0.973940372467041
120.230095,99.48952,"('DPDK', 1)",0.20495282113552094,0.2050519436597824,0.8198112845420837,0.8202077746391296,0.9749031662940979,0.9750065803527832
96.88182,101.1474,"('DPDK', 1)",0.20496246218681335,0.2049395740032196,0.8198498487472534,0.8197582960128784,0.9749253392219543,0.9748761653900146
113.70017,102.83912,"('DPDK', 1)",0.20496973395347595,0.20502284169197083,0.8198789358139038,0.8200913667678833,0.9749350547790527,0.9749959707260132
91.28367,105.50186,"('DPDK', 1)",0.2049838900566101,0.20491385459899902,0.8199355602264404,0.8196554183959961,0.9749648571014404,0.9748125672340393
106.44926,106.61418,"('DPDK', 1)",0.20498855412006378,0.20498855412006378,0.8199542164802551,0.8199542164802551,0.9749742150306702,0.9749742150306702
101.337814,107.80982,"('DPDK', 1)",0.2049950212240219,0.20496295392513275,0.8199800848960876,0.819851815700531,0.9749882221221924,0.9749242663383484
107.43669,108.430084,"('DPDK', 1)",0.2049957662820816,0.2049933522939682,0.8199830651283264,0.8199734091758728,0.9749882817268372,0.9749830961227417
110.77095,109.06389,"('DPDK', 1)",0.20500199496746063,0.20500925183296204,0.8200079798698425,0.8200370073318481,0.9749975800514221,0.9749975204467773
122.43892,109.737854,"('DPDK', 1)",0.20500460267066956,0.205061674118042,0.8200184106826782,0.820246696472168,0.9749975204467773,0.9750284552574158
102.66821,111.12537,"('DPDK', 1)",0.20500925183296204,0.20496973395347595,0.8200370073318481,0.8198789358139038,0.9749975204467773,0.9749350547790527
124.147385,111.2674,"('DPDK', 1)",0.20501260459423065,0.20506907999515533,0.8200504183769226,0.8202763199806213,0.9749972820281982,0.9750478267669678
97.26558,112.19352,"('DPDK', 1)",0.2050148993730545,0.20494163036346436,0.820059597492218,0.8197665214538574,0.9749955534934998,0.9748825430870056
175.80557,111.40986,"('DPDK', 1)",0.20501260459423065,0.20520766079425812,0.8200504183769226,0.8208306431770325,0.9749972820281982,0.9752616286277771
117.589775,115.42172,"('DPDK', 1)",0.20502988994121552,0.2050403505563736,0.8201195597648621,0.8201614022254944,0.9749952554702759,0.9749971628189087
135.26399,117.30785,"('DPDK', 1)",0.2050391137599945,0.20510965585708618,0.820156455039978,0.8204386234283447,0.9749965667724609,0.9751482605934143
150.5974,119.19723,"('DPDK', 1)",0.20504705607891083,0.2051527202129364,0.8201882243156433,0.8206108808517456,0.9749970436096191,0.975241482257843
120.69855,121.83172,"('DPDK', 1)",0.20505957305431366,0.20505401492118835,0.8202382922172546,0.8202160596847534,0.9750260710716248,0.9750107526779175
109.38629,122.30157,"('DPDK', 1)",0.205061674118042,0.20500271022319794,0.820246696472168,0.8200108408927917,0.9750284552574158,0.974995493888855
138.29971,120.63294,"('DPDK', 1)",0.20505401492118835,0.20511914789676666,0.8202160596847534,0.8204765915870667,0.9750107526779175,0.9751706719398499
114.356384,119.997665,"('DPDK', 1)",0.20505070686340332,0.2050258368253708,0.8202028274536133,0.8201033473014832,0.9750006794929504,0.9749957919120789
141.84627,118.13233,"('DPDK', 1)",0.20504367351531982,0.20512928068637848,0.8201746940612793,0.8205171227455139,0.9749969244003296,0.9752026200294495
116.866234,117.81539,"('DPDK', 1)",0.2050403505563736,0.20503714680671692,0.8201614022254944,0.8201485872268677,0.9749971628189087,0.9749966859817505
140.93631,116.46596,"('DPDK', 1)",0.20503531396389008,0.20512674748897552,0.8201412558555603,0.8205069899559021,0.9749959707260132,0.9751951694488525
110.49284,116.48704,"('DPDK', 1)",0.20503531396389008,0.20500795543193817,0.8201412558555603,0.8200318217277527,0.9749959707260132,0.974996030330658
145.02937,114.94523,"('DPDK', 1)",0.20502988994121552,0.2051379680633545,0.8201195597648621,0.820551872253418,0.9749952554702759,0.9752300381660461
131.78839,115.25727,"('DPDK', 1)",0.20502988994121552,0.20509852468967438,0.8201195597648621,0.8203940987586975,0.9749952554702759,0.9751179218292236
127.6101,115.52604,"('DPDK', 1)",0.20503154397010803,0.20508380234241486,0.8201261758804321,0.8203352093696594,0.9749963879585266,0.9750775098800659
147.5856,115.44065,"('DPDK', 1)",0.20503154397010803,0.20514480769634247,0.8201261758804321,0.8205792307853699,0.9749963879585266,0.9752406477928162
140.5484,116.61218,"('DPDK', 1)",0.20503531396389008,0.20512567460536957,0.8201412558555603,0.8205026984214783,0.9749959707260132,0.975195586681366
139.73943,117.79682,"('DPDK', 1)",0.2050403505563736,0.2051234096288681,0.8201614022254944,0.8204936385154724,0.9749971628189087,0.9751855731010437
174.7188,118.77415,"('DPDK', 1)",0.20504489541053772,0.20520555973052979,0.8201795816421509,0.8208222389221191,0.9749952554702759,0.9752606153488159
147.28651,122.13287,"('DPDK', 1)",0.20505976676940918,0.2051440179347992,0.8202390670776367,0.8205760717391968,0.9750266671180725,0.9752398133277893
132.77483,124.29542,"('DPDK', 1)",0.20506960153579712,0.20510171353816986,0.8202784061431885,0.8204068541526794,0.9750468134880066,0.9751250147819519
162.74535,124.49889,"('DPDK', 1)",0.20507024228572845,0.20518070459365845,0.8202809691429138,0.8207228183746338,0.9750502109527588,0.9752504825592041
176.20695,125.76558,"('DPDK', 1)",0.2050759196281433,0.2052084356546402,0.8203036785125732,0.8208337426185608,0.9750646352767944,0.9752598404884338
205.06758,128.42233,"('DPDK', 1)",0.2050846815109253,0.20525974035263062,0.8203387260437012,0.8210389614105225,0.9750784635543823,0.9752902984619141
208.96588,133.74031,"('DPDK', 1)",0.2051052451133728,0.20526611804962158,0.8204209804534912,0.8210644721984863,0.9751380085945129,0.9752945303916931
224.34192,140.1891,"('DPDK', 1)",0.20512491464614868,0.20529015362262726,0.8204996585845947,0.821160614490509,0.975191056728363,0.9753069877624512
243.28746,147.74016,"('DPDK', 1)",0.20514503121376038,0.20531760156154633,0.8205801248550415,0.8212704062461853,0.9752365946769714,0.9753129482269287
219.95462,156.46031,"('DPDK', 1)",0.20516645908355713,0.20528346300125122,0.8206658363342285,0.8211338520050049,0.9752453565597534,0.9753075242042542
172.2784,162.80031,"('DPDK', 1)",0.20518070459365845,0.20520080626010895,0.8207228183746338,0.8208032250404358,0.9752504825592041,0.9752607345581055
202.85797,163.20895,"('DPDK', 1)",0.20518213510513306,0.20525607466697693,0.8207285404205322,0.8210242986679077,0.9752503633499146,0.9752912521362305
215.56174,162.67485,"('DPDK', 1)",0.20518063008785248,0.20527663826942444,0.8207225203514099,0.8211065530776978,0.9752508997917175,0.9753028154373169
204.27579,162.44432,"('DPDK', 1)",0.20518063008785248,0.20525842905044556,0.8207225203514099,0.8210337162017822,0.9752508997917175,0.9752905368804932
167.80154,161.36464,"('DPDK', 1)",0.20517829060554504,0.2051917463541031,0.8207131624221802,0.8207669854164124,0.9752519130706787,0.9752587080001831
87.68987,156.95831,"('DPDK', 1)",0.2051675170660019,0.2049046754837036,0.8206700682640076,0.8196187019348145,0.9752488136291504,0.9747744798660278
