model_name,time_index,timestamp,y_true,y_pred,abs_error,ape_safe_pct
baseline_abs_nocal_mse,2688,2019-04-29 00:00:00,160.71133,153.80492,6.906418,4.2974052
baseline_abs_nocal_mse,2689,2019-04-29 00:15:00,157.0701,128.9817,28.088394,17.882711
baseline_abs_nocal_mse,2690,2019-04-29 00:30:00,154.244,113.55211,40.691895,26.381508
baseline_abs_nocal_mse,2691,2019-04-29 00:45:00,136.81113,103.99031,32.820816,23.989872
baseline_abs_nocal_mse,2692,2019-04-29 01:00:00,126.43498,97.010895,29.424088,23.27211
baseline_abs_nocal_mse,2693,2019-04-29 01:15:00,98.2447,91.713585,6.5311127,6.6478014
baseline_abs_nocal_mse,2694,2019-04-29 01:30:00,83.880226,82.30076,1.5794678,1.8830037
baseline_abs_nocal_mse,2695,2019-04-29 01:45:00,85.43559,70.51374,14.921852,17.465614
baseline_abs_nocal_mse,2696,2019-04-29 02:00:00,65.63837,60.92762,4.710747,7.176819
baseline_abs_nocal_mse,2697,2019-04-29 02:15:00,62.175,50.388393,11.786606,18.957148
baseline_abs_nocal_mse,2698,2019-04-29 02:30:00,61.91144,42.163303,19.748138,31.897396
baseline_abs_nocal_mse,2699,2019-04-29 02:45:00,65.129135,36.797073,28.332062,43.50136
baseline_abs_nocal_mse,2700,2019-04-29 03:00:00,38.70569,34.606445,4.099243,10.590803
baseline_abs_nocal_mse,2701,2019-04-29 03:15:00,40.42183,30.422861,9.998968,24.736555
baseline_abs_nocal_mse,2702,2019-04-29 03:30:00,30.927319,27.611189,3.3161297,10.722332
baseline_abs_nocal_mse,2703,2019-04-29 03:45:00,30.075228,25.404528,4.6707,15.530057
baseline_abs_nocal_mse,2704,2019-04-29 04:00:00,24.1078,24.44662,0.3388214,1.4054432
baseline_abs_nocal_mse,2705,2019-04-29 04:15:00,24.730207,23.762062,0.9681454,3.914829
baseline_abs_nocal_mse,2706,2019-04-29 04:30:00,21.124332,23.845938,2.7216053,12.883745
baseline_abs_nocal_mse,2707,2019-04-29 04:45:00,23.100521,24.52691,1.4263897,6.174708
baseline_abs_nocal_mse,2708,2019-04-29 05:00:00,32.196175,26.304474,5.8917007,18.299381
baseline_abs_nocal_mse,2709,2019-04-29 05:15:00,42.098076,29.032627,13.065449,31.03574
baseline_abs_nocal_mse,2710,2019-04-29 05:30:00,39.22251,32.74896,6.4735527,16.504686
baseline_abs_nocal_mse,2711,2019-04-29 05:45:00,27.164865,36.87544,9.710573,35.74681
baseline_abs_nocal_mse,2712,2019-04-29 06:00:00,34.475307,40.21803,5.7427216,16.657492
baseline_abs_nocal_mse,2713,2019-04-29 06:15:00,25.93506,43.501717,17.566656,67.73324
baseline_abs_nocal_mse,2714,2019-04-29 06:30:00,29.58071,46.01279,16.432081,55.54999
baseline_abs_nocal_mse,2715,2019-04-29 06:45:00,47.99836,48.72827,0.7299118,1.5207016
baseline_abs_nocal_mse,2716,2019-04-29 07:00:00,70.49388,53.0644,17.429482,24.724813
baseline_abs_nocal_mse,2717,2019-04-29 07:15:00,90.06549,59.637146,30.428345,33.784687
baseline_abs_nocal_mse,2718,2019-04-29 07:30:00,83.12714,69.84092,13.286217,15.983007
baseline_abs_nocal_mse,2719,2019-04-29 07:45:00,97.02323,79.28419,17.739044,18.283295
baseline_abs_nocal_mse,2720,2019-04-29 08:00:00,80.496445,87.518974,7.0225296,8.724025
baseline_abs_nocal_mse,2721,2019-04-29 08:15:00,97.226845,90.55411,6.672737,6.8630605
baseline_abs_nocal_mse,2722,2019-04-29 08:30:00,92.727,93.212845,0.48584747,0.52395475
baseline_abs_nocal_mse,2723,2019-04-29 08:45:00,101.95749,94.53298,7.424507,7.2819633
baseline_abs_nocal_mse,2724,2019-04-29 09:00:00,119.30822,96.41435,22.893867,19.188843
baseline_abs_nocal_mse,2725,2019-04-29 09:15:00,88.71131,100.19059,11.479279,12.940039
baseline_abs_nocal_mse,2726,2019-04-29 09:30:00,69.21647,100.42872,31.21225,45.093678
baseline_abs_nocal_mse,2727,2019-04-29 09:45:00,83.45688,97.66172,14.204842,17.020576
baseline_abs_nocal_mse,2728,2019-04-29 10:00:00,78.56983,96.71224,18.14241,23.090809
baseline_abs_nocal_mse,2729,2019-04-29 10:15:00,88.632385,96.66111,8.028725,9.0584545
baseline_abs_nocal_mse,2730,2019-04-29 10:30:00,75.12909,98.52298,23.39389,31.13826
baseline_abs_nocal_mse,2731,2019-04-29 10:45:00,75.80483,99.84675,24.041916,31.715546
baseline_abs_nocal_mse,2732,2019-04-29 11:00:00,81.228355,101.14459,19.916237,24.518824
baseline_abs_nocal_mse,2733,2019-04-29 11:15:00,95.57491,102.988174,7.4132614,7.756493
baseline_abs_nocal_mse,2734,2019-04-29 11:30:00,99.05851,106.21028,7.1517715,7.2197447
baseline_abs_nocal_mse,2735,2019-04-29 11:45:00,92.43672,109.5488,17.112076,18.512205
baseline_abs_nocal_mse,2736,2019-04-29 12:00:00,144.76991,111.29213,33.477783,23.12482
baseline_abs_nocal_mse,2737,2019-04-29 12:15:00,173.03966,117.64068,55.39898,32.015194
baseline_abs_nocal_mse,2738,2019-04-29 12:30:00,183.64317,128.1795,55.46367,30.201868
baseline_abs_nocal_mse,2739,2019-04-29 12:45:00,204.84901,141.17546,63.673553,31.083164
baseline_abs_nocal_mse,2740,2019-04-29 13:00:00,243.3266,154.58195,88.744644,36.471413
baseline_abs_nocal_mse,2741,2019-04-29 13:15:00,205.10435,171.10457,33.999786,16.576824
baseline_abs_nocal_mse,2742,2019-04-29 13:30:00,181.0352,175.30176,5.733444,3.1670327
baseline_abs_nocal_mse,2743,2019-04-29 13:45:00,148.8819,167.23439,18.352493,12.32688
baseline_abs_nocal_mse,2744,2019-04-29 14:00:00,144.54718,149.80457,5.2573853,3.6371415
baseline_abs_nocal_mse,2745,2019-04-29 14:15:00,156.44606,132.9198,23.52626,15.037937
baseline_abs_nocal_mse,2746,2019-04-29 14:30:00,136.00374,123.301254,12.702484,9.339805
baseline_abs_nocal_mse,2747,2019-04-29 14:45:00,130.83182,115.854195,14.977623,11.447997
baseline_abs_nocal_mse,2748,2019-04-29 15:00:00,107.83934,111.27867,3.439331,3.18931
baseline_abs_nocal_mse,2749,2019-04-29 15:15:00,101.24244,105.68583,4.44339,4.388861
baseline_abs_nocal_mse,2750,2019-04-29 15:30:00,109.53982,100.531555,9.008263,8.223733
baseline_abs_nocal_mse,2751,2019-04-29 15:45:00,105.47917,97.93715,7.5420227,7.1502485
baseline_abs_nocal_mse,2752,2019-04-29 16:00:00,114.62477,96.75579,17.86898,15.589109
baseline_abs_nocal_mse,2753,2019-04-29 16:15:00,111.96394,98.42612,13.537827,12.091238
baseline_abs_nocal_mse,2754,2019-04-29 16:30:00,126.29993,100.37797,25.921959,20.524128
baseline_abs_nocal_mse,2755,2019-04-29 16:45:00,119.598206,105.01771,14.580498,12.191235
baseline_abs_nocal_mse,2756,2019-04-29 17:00:00,153.53519,107.97102,45.564163,29.676691
baseline_abs_nocal_mse,2757,2019-04-29 17:15:00,168.09651,116.212006,51.884506,30.865902
baseline_abs_nocal_mse,2758,2019-04-29 17:30:00,139.95586,127.149376,12.80648,9.150371
baseline_abs_nocal_mse,2759,2019-04-29 17:45:00,176.5917,129.76668,46.825027,26.515984
baseline_abs_nocal_mse,2760,2019-04-29 18:00:00,160.74718,135.31232,25.43486,15.822896
baseline_abs_nocal_mse,2761,2019-04-29 18:15:00,214.69365,136.50554,78.18811,36.418457
baseline_abs_nocal_mse,2762,2019-04-29 18:30:00,215.17982,146.49347,68.686356,31.920444
baseline_abs_nocal_mse,2763,2019-04-29 18:45:00,164.78413,156.8504,7.933731,4.8146205
baseline_abs_nocal_mse,2764,2019-04-29 19:00:00,175.81477,152.81651,22.99826,13.08096
baseline_abs_nocal_mse,2765,2019-04-29 19:15:00,189.42035,146.34221,43.07814,22.742086
baseline_abs_nocal_mse,2766,2019-04-29 19:30:00,169.71008,143.13109,26.578995,15.661411
baseline_abs_nocal_mse,2767,2019-04-29 19:45:00,187.61433,137.72568,49.888657,26.591068
baseline_abs_nocal_mse,2768,2019-04-29 20:00:00,187.9461,136.89053,51.055573,27.165009
baseline_abs_nocal_mse,2769,2019-04-29 20:15:00,165.27438,138.27971,26.994675,16.333248
baseline_abs_nocal_mse,2770,2019-04-29 20:30:00,216.03633,135.5682,80.468124,37.247498
baseline_abs_nocal_mse,2771,2019-04-29 20:45:00,231.21889,143.0572,88.16168,38.1291
baseline_abs_nocal_mse,2772,2019-04-29 21:00:00,224.0286,156.0289,67.999695,30.353132
baseline_abs_nocal_mse,2773,2019-04-29 21:15:00,276.95377,165.89703,111.05673,40.099377
baseline_abs_nocal_mse,2774,2019-04-29 21:30:00,299.09906,183.90611,115.19295,38.51331
baseline_abs_nocal_mse,2775,2019-04-29 21:45:00,290.775,204.6292,86.1458,29.626274
baseline_abs_nocal_mse,2776,2019-04-29 22:00:00,319.28912,216.81303,102.47609,32.095078
baseline_abs_nocal_mse,2777,2019-04-29 22:15:00,306.79672,228.05705,78.73967,25.665096
baseline_abs_nocal_mse,2778,2019-04-29 22:30:00,328.66425,230.1635,98.50075,29.970022
baseline_abs_nocal_mse,2779,2019-04-29 22:45:00,265.40518,232.87997,32.525208,12.254926
baseline_abs_nocal_mse,2780,2019-04-29 23:00:00,239.59126,216.67148,22.919785,9.566202
baseline_abs_nocal_mse,2781,2019-04-29 23:15:00,241.27301,192.95158,48.321426,20.027697
baseline_abs_nocal_mse,2782,2019-04-29 23:30:00,194.81544,175.00633,19.809113,10.168142
baseline_abs_nocal_mse,2783,2019-04-29 23:45:00,155.04216,154.51068,0.5314789,0.3427964
baseline_abs_nocal_mse,2784,2019-04-30 00:00:00,162.71187,131.99498,30.716888,18.878088
baseline_abs_nocal_mse,2785,2019-04-30 00:15:00,150.38388,118.2281,32.155777,21.382463
baseline_abs_nocal_mse,2786,2019-04-30 00:30:00,140.64842,109.79331,30.85511,21.937757
baseline_abs_nocal_mse,2787,2019-04-30 00:45:00,135.4528,103.926704,31.5261,23.274603
baseline_abs_nocal_mse,2788,2019-04-30 01:00:00,119.32404,100.11623,19.207817,16.097189
baseline_abs_nocal_mse,2789,2019-04-30 01:15:00,83.31167,95.42901,12.11734,14.54459
baseline_abs_nocal_mse,2790,2019-04-30 01:30:00,80.40553,83.66699,3.2614594,4.056262
baseline_abs_nocal_mse,2791,2019-04-30 01:45:00,74.489586,71.39054,3.0990448,4.160373
baseline_abs_nocal_mse,2792,2019-04-30 02:00:00,54.762165,60.51404,5.751877,10.503377
baseline_abs_nocal_mse,2793,2019-04-30 02:15:00,59.22302,48.85833,10.364689,17.501116
baseline_abs_nocal_mse,2794,2019-04-30 02:30:00,53.618916,41.026276,12.59264,23.485443
baseline_abs_nocal_mse,2795,2019-04-30 02:45:00,55.065426,35.866737,19.198689,34.865234
baseline_abs_nocal_mse,2796,2019-04-30 03:00:00,50.951664,33.4063,17.545364,34.43531
baseline_abs_nocal_mse,2797,2019-04-30 03:15:00,49.909725,32.22579,17.683937,35.431847
baseline_abs_nocal_mse,2798,2019-04-30 03:30:00,33.689598,32.021927,1.6676712,4.950107
baseline_abs_nocal_mse,2799,2019-04-30 03:45:00,36.130592,30.45729,5.6733017,15.70221
baseline_abs_nocal_mse,2800,2019-04-30 04:00:00,94.31413,29.6172,64.69693,68.59728
baseline_abs_nocal_mse,2801,2019-04-30 04:15:00,69.679634,36.60888,33.070755,47.461147
baseline_abs_nocal_mse,2802,2019-04-30 04:30:00,40.35557,44.158,3.8024292,9.422315
baseline_abs_nocal_mse,2803,2019-04-30 04:45:00,47.796192,45.44777,2.348423,4.91341
baseline_abs_nocal_mse,2804,2019-04-30 05:00:00,29.732048,44.9474,15.215351,51.174915
baseline_abs_nocal_mse,2805,2019-04-30 05:15:00,27.387207,41.877804,14.490597,52.910095
baseline_abs_nocal_mse,2806,2019-04-30 05:30:00,23.441996,39.099476,15.65748,66.792435
baseline_abs_nocal_mse,2807,2019-04-30 05:45:00,22.697931,38.228226,15.530294,68.42163
baseline_abs_nocal_mse,2808,2019-04-30 06:00:00,38.346462,39.05806,0.71159744,1.8557057
baseline_abs_nocal_mse,2809,2019-04-30 06:15:00,26.634792,41.650448,15.0156555,56.376095
baseline_abs_nocal_mse,2810,2019-04-30 06:30:00,28.00024,44.43935,16.43911,58.710606
baseline_abs_nocal_mse,2811,2019-04-30 06:45:00,46.256893,47.782223,1.5253296,3.2975185
baseline_abs_nocal_mse,2812,2019-04-30 07:00:00,47.451702,52.810818,5.3591156,11.293832
baseline_abs_nocal_mse,2813,2019-04-30 07:15:00,85.047905,58.66859,26.379314,31.017006
baseline_abs_nocal_mse,2814,2019-04-30 07:30:00,85.524704,69.052315,16.47239,19.260387
baseline_abs_nocal_mse,2815,2019-04-30 07:45:00,68.78471,79.567795,10.783081,15.676565
baseline_abs_nocal_mse,2816,2019-04-30 08:00:00,87.43983,85.43893,2.0009003,2.2883167
baseline_abs_nocal_mse,2817,2019-04-30 08:15:00,85.92962,90.00458,4.074959,4.742205
baseline_abs_nocal_mse,2818,2019-04-30 08:30:00,89.05439,92.61209,3.557701,3.9949756
baseline_abs_nocal_mse,2819,2019-04-30 08:45:00,105.43517,94.412186,11.022987,10.454754
baseline_abs_nocal_mse,2820,2019-04-30 09:00:00,79.13189,97.32111,18.189224,22.985958
baseline_abs_nocal_mse,2821,2019-04-30 09:15:00,54.219666,97.21177,42.992104,79.29245
baseline_abs_nocal_mse,2822,2019-04-30 09:30:00,61.17377,93.99223,32.818462,53.64793
baseline_abs_nocal_mse,2823,2019-04-30 09:45:00,70.55815,91.84401,21.285858,30.167824
baseline_abs_nocal_mse,2824,2019-04-30 10:00:00,66.061646,92.11335,26.051704,39.435448
baseline_abs_nocal_mse,2825,2019-04-30 10:15:00,60.384045,93.49557,33.111523,54.834885
baseline_abs_nocal_mse,2826,2019-04-30 10:30:00,75.49118,95.103745,19.612564,25.979942
baseline_abs_nocal_mse,2827,2019-04-30 10:45:00,69.344284,98.31979,28.97551,41.785004
baseline_abs_nocal_mse,2828,2019-04-30 11:00:00,60.48498,101.22342,40.738438,67.35298
baseline_abs_nocal_mse,2829,2019-04-30 11:15:00,85.60705,102.79121,17.184158,20.0733
baseline_abs_nocal_mse,2830,2019-04-30 11:30:00,99.12348,106.038574,6.9150925,6.97624
baseline_abs_nocal_mse,2831,2019-04-30 11:45:00,96.50794,110.458206,13.950264,14.455043
baseline_abs_nocal_mse,2832,2019-04-30 12:00:00,136.62521,113.784035,22.841179,16.718128
baseline_abs_nocal_mse,2833,2019-04-30 12:15:00,165.25746,119.78857,45.468895,27.513975
baseline_abs_nocal_mse,2834,2019-04-30 12:30:00,201.20117,128.733,72.46817,36.017765
baseline_abs_nocal_mse,2835,2019-04-30 12:45:00,186.84157,143.81581,43.025757,23.027935
baseline_abs_nocal_mse,2836,2019-04-30 13:00:00,184.8816,154.20737,30.67424,16.591288
baseline_abs_nocal_mse,2837,2019-04-30 13:15:00,196.51485,157.84058,38.67427,19.680075
baseline_abs_nocal_mse,2838,2019-04-30 13:30:00,166.40164,159.24025,7.161392,4.303679
baseline_abs_nocal_mse,2839,2019-04-30 13:45:00,159.74878,152.4803,7.2684784,4.549943
baseline_abs_nocal_mse,2840,2019-04-30 14:00:00,142.14774,142.75945,0.6117096,0.4303337
baseline_abs_nocal_mse,2841,2019-04-30 14:15:00,154.7196,131.14435,23.575256,15.237408
baseline_abs_nocal_mse,2842,2019-04-30 14:30:00,121.45088,124.58106,3.1301804,2.577322
baseline_abs_nocal_mse,2843,2019-04-30 14:45:00,97.36367,116.19023,18.826561,19.33633
baseline_abs_nocal_mse,2844,2019-04-30 15:00:00,93.29706,106.16595,12.868889,13.793457
baseline_abs_nocal_mse,2845,2019-04-30 15:15:00,114.29835,97.83017,16.468178,14.408062
baseline_abs_nocal_mse,2846,2019-04-30 15:30:00,100.23482,96.1428,4.092018,4.082432
baseline_abs_nocal_mse,2847,2019-04-30 15:45:00,122.00444,95.2768,26.727638,21.907103
baseline_abs_nocal_mse,2848,2019-04-30 16:00:00,131.61809,99.3519,32.26619,24.515013
baseline_abs_nocal_mse,2849,2019-04-30 16:15:00,116.9332,106.62386,10.309334,8.81643
baseline_abs_nocal_mse,2850,2019-04-30 16:30:00,118.620094,110.61319,8.006905,6.7500405
baseline_abs_nocal_mse,2851,2019-04-30 16:45:00,135.99228,112.47604,23.516235,17.292332
baseline_abs_nocal_mse,2852,2019-04-30 17:00:00,147.06065,115.89015,31.170502,21.195677
baseline_abs_nocal_mse,2853,2019-04-30 17:15:00,138.88687,120.81198,18.07489,13.01411
baseline_abs_nocal_mse,2854,2019-04-30 17:30:00,133.87578,122.99922,10.876556,8.124365
baseline_abs_nocal_mse,2855,2019-04-30 17:45:00,152.99687,121.99173,31.005142,20.265213
baseline_abs_nocal_mse,2856,2019-04-30 18:00:00,156.42882,123.43047,32.998344,21.094799
baseline_abs_nocal_mse,2857,2019-04-30 18:15:00,169.48357,125.66965,43.81392,25.851425
baseline_abs_nocal_mse,2858,2019-04-30 18:30:00,163.75153,130.01414,33.73738,20.602789
baseline_abs_nocal_mse,2859,2019-04-30 18:45:00,158.65945,132.58986,26.069595,16.431164
baseline_abs_nocal_mse,2860,2019-04-30 19:00:00,137.43298,132.42575,5.0072327,3.6433995
baseline_abs_nocal_mse,2861,2019-04-30 19:15:00,152.37007,126.63932,25.730751,16.88701
baseline_abs_nocal_mse,2862,2019-04-30 19:30:00,127.012634,123.01222,4.000412,3.1496174
baseline_abs_nocal_mse,2863,2019-04-30 19:45:00,152.82056,115.934494,36.886063,24.136847
baseline_abs_nocal_mse,2864,2019-04-30 20:00:00,176.77701,114.518715,62.258293,35.218544
baseline_abs_nocal_mse,2865,2019-04-30 20:15:00,192.8659,121.040245,71.82566,37.241245
baseline_abs_nocal_mse,2866,2019-04-30 20:30:00,183.42355,132.49026,50.93329,27.76813
baseline_abs_nocal_mse,2867,2019-04-30 20:45:00,184.99048,140.8451,44.145386,23.863598
baseline_abs_nocal_mse,2868,2019-04-30 21:00:00,187.21275,145.77487,41.43788,22.134111
baseline_abs_nocal_mse,2869,2019-04-30 21:15:00,159.48889,147.97731,11.511581,7.2177954
baseline_abs_nocal_mse,2870,2019-04-30 21:30:00,171.99127,142.06412,29.927155,17.40039
baseline_abs_nocal_mse,2871,2019-04-30 21:45:00,194.13834,137.01697,57.12137,29.423023
baseline_abs_nocal_mse,2872,2019-04-30 22:00:00,228.26318,138.12157,90.14162,39.490215
baseline_abs_nocal_mse,2873,2019-04-30 22:15:00,241.51045,148.77986,92.73059,38.3961
baseline_abs_nocal_mse,2874,2019-04-30 22:30:00,244.65936,163.39388,81.26549,33.215767
baseline_abs_nocal_mse,2875,2019-04-30 22:45:00,249.58542,175.95796,73.62746,29.499903
baseline_abs_nocal_mse,2876,2019-04-30 23:00:00,247.2396,184.64598,62.593613,25.316986
baseline_abs_nocal_mse,2877,2019-04-30 23:15:00,265.02014,187.83774,77.1824,29.123222
baseline_abs_nocal_mse,2878,2019-04-30 23:30:00,240.32338,191.50496,48.81842,20.313637
baseline_abs_nocal_mse,2879,2019-04-30 23:45:00,158.54979,187.41226,28.862473,18.204044
baseline_abs_nocal_mse,2880,2019-05-01 00:00:00,155.03574,162.42285,7.3871155,4.7647824
baseline_abs_nocal_mse,2881,2019-05-01 00:15:00,144.84698,137.5143,7.3326874,5.062368
baseline_abs_nocal_mse,2882,2019-05-01 00:30:00,138.5144,117.973335,20.541069,14.8295555
baseline_abs_nocal_mse,2883,2019-05-01 00:45:00,132.98547,105.09564,27.889832,20.97209
baseline_abs_nocal_mse,2884,2019-05-01 01:00:00,156.10445,96.742424,59.362022,38.02712
baseline_abs_nocal_mse,2885,2019-05-01 01:15:00,143.25058,99.10796,44.142616,30.814966
baseline_abs_nocal_mse,2886,2019-05-01 01:30:00,110.402985,103.440796,6.9621887,6.3061604
baseline_abs_nocal_mse,2887,2019-05-01 01:45:00,97.31256,100.5295,3.2169418,3.3057828
baseline_abs_nocal_mse,2888,2019-05-01 02:00:00,86.71901,92.51183,5.792824,6.679993
baseline_abs_nocal_mse,2889,2019-05-01 02:15:00,83.89701,82.09442,1.8025894,2.148574
baseline_abs_nocal_mse,2890,2019-05-01 02:30:00,73.629074,72.61708,1.0119934,1.3744481
baseline_abs_nocal_mse,2891,2019-05-01 02:45:00,70.73996,63.722935,7.017025,9.919464
baseline_abs_nocal_mse,2892,2019-05-01 03:00:00,68.29298,56.643124,11.649853,17.05864
baseline_abs_nocal_mse,2893,2019-05-01 03:15:00,68.851295,51.71436,17.136936,24.88978
baseline_abs_nocal_mse,2894,2019-05-01 03:30:00,62.69631,49.22717,13.469139,21.483145
baseline_abs_nocal_mse,2895,2019-05-01 03:45:00,50.407566,47.446243,2.9613228,5.8747587
baseline_abs_nocal_mse,2896,2019-05-01 04:00:00,43.28966,44.37723,1.0875702,2.5123093
baseline_abs_nocal_mse,2897,2019-05-01 04:15:00,53.277107,40.892056,12.385052,23.246479
baseline_abs_nocal_mse,2898,2019-05-01 04:30:00,35.423885,39.646786,4.2229004,11.921053
baseline_abs_nocal_mse,2899,2019-05-01 04:45:00,47.45612,37.2804,10.17572,21.442377
baseline_abs_nocal_mse,2900,2019-05-01 05:00:00,37.72016,37.241993,0.4781685,1.2676735
baseline_abs_nocal_mse,2901,2019-05-01 05:15:00,21.84361,37.405727,15.562117,71.24333
baseline_abs_nocal_mse,2902,2019-05-01 05:30:00,25.453274,36.78559,11.332317,44.52204
baseline_abs_nocal_mse,2903,2019-05-01 05:45:00,17.19933,37.25363,20.054302,116.59932
baseline_abs_nocal_mse,2904,2019-05-01 06:00:00,16.19572,37.930786,21.735065,134.20251
baseline_abs_nocal_mse,2905,2019-05-01 06:15:00,21.965464,39.345604,17.38014,79.12485
baseline_abs_nocal_mse,2906,2019-05-01 06:30:00,12.941642,41.52985,28.588207,220.90094
baseline_abs_nocal_mse,2907,2019-05-01 06:45:00,10.3884,44.424213,34.035812,327.63284
baseline_abs_nocal_mse,2908,2019-05-01 07:00:00,22.716663,47.526775,24.810112,109.21548
baseline_abs_nocal_mse,2909,2019-05-01 07:15:00,17.236969,51.794495,34.557526,200.48494
baseline_abs_nocal_mse,2910,2019-05-01 07:30:00,22.082718,56.20397,34.121254,154.51566
baseline_abs_nocal_mse,2911,2019-05-01 07:45:00,30.278793,60.97673,30.697937,101.384285
baseline_abs_nocal_mse,2912,2019-05-01 08:00:00,40.850403,66.54991,25.699509,62.91127
baseline_abs_nocal_mse,2913,2019-05-01 08:15:00,46.865158,73.62359,26.75843,57.09664
baseline_abs_nocal_mse,2914,2019-05-01 08:30:00,45.933895,80.84348,34.909588,75.999626
baseline_abs_nocal_mse,2915,2019-05-01 08:45:00,62.406715,86.70209,24.295372,38.930702
baseline_abs_nocal_mse,2916,2019-05-01 09:00:00,67.527664,92.82807,25.300407,37.46673
baseline_abs_nocal_mse,2917,2019-05-01 09:15:00,61.402508,97.56118,36.158672,58.88794
baseline_abs_nocal_mse,2918,2019-05-01 09:30:00,59.779446,100.64979,40.870342,68.36855
baseline_abs_nocal_mse,2919,2019-05-01 09:45:00,77.649216,102.41941,24.770195,31.900124
baseline_abs_nocal_mse,2920,2019-05-01 10:00:00,88.1261,105.04299,16.916893,19.196234
baseline_abs_nocal_mse,2921,2019-05-01 10:15:00,98.43567,108.44925,10.01358,10.172715
baseline_abs_nocal_mse,2922,2019-05-01 10:30:00,92.40783,112.30476,19.896935,21.531654
baseline_abs_nocal_mse,2923,2019-05-01 10:45:00,113.16377,114.84102,1.6772461,1.4821404
baseline_abs_nocal_mse,2924,2019-05-01 11:00:00,107.78299,118.13833,10.355339,9.607582
baseline_abs_nocal_mse,2925,2019-05-01 11:15:00,117.49064,120.09789,2.607254,2.2191162
baseline_abs_nocal_mse,2926,2019-05-01 11:30:00,113.30455,121.766914,8.462364,7.4686885
baseline_abs_nocal_mse,2927,2019-05-01 11:45:00,132.88963,122.2939,10.595734,7.9733334
baseline_abs_nocal_mse,2928,2019-05-01 12:00:00,126.8769,124.18714,2.6897583,2.1199749
baseline_abs_nocal_mse,2929,2019-05-01 12:15:00,135.38724,125.02183,10.36541,7.6561203
baseline_abs_nocal_mse,2930,2019-05-01 12:30:00,125.74337,126.2755,0.5321274,0.42318526
baseline_abs_nocal_mse,2931,2019-05-01 12:45:00,119.95103,125.66309,5.7120667,4.761999
baseline_abs_nocal_mse,2932,2019-05-01 13:00:00,132.6462,123.48501,9.161186,6.9064827
baseline_abs_nocal_mse,2933,2019-05-01 13:15:00,141.31793,122.736626,18.581306,13.148583
baseline_abs_nocal_mse,2934,2019-05-01 13:30:00,166.45233,123.95826,42.494072,25.529274
baseline_abs_nocal_mse,2935,2019-05-01 13:45:00,169.05531,129.74193,39.313385,23.254745
baseline_abs_nocal_mse,2936,2019-05-01 14:00:00,135.51059,135.9762,0.4656067,0.3435943
baseline_abs_nocal_mse,2937,2019-05-01 14:15:00,146.21497,134.80959,11.40538,7.800419
baseline_abs_nocal_mse,2938,2019-05-01 14:30:00,133.94232,132.44604,1.4962769,1.1171054
baseline_abs_nocal_mse,2939,2019-05-01 14:45:00,151.43454,127.97888,23.455658,15.488975
baseline_abs_nocal_mse,2940,2019-05-01 15:00:00,163.99442,126.76695,37.227463,22.700445
baseline_abs_nocal_mse,2941,2019-05-01 15:15:00,168.73743,129.46193,39.275497,23.276102
baseline_abs_nocal_mse,2942,2019-05-01 15:30:00,155.98973,134.0894,21.90033,14.039597
baseline_abs_nocal_mse,2943,2019-05-01 15:45:00,168.21689,135.67334,32.54355,19.346184
baseline_abs_nocal_mse,2944,2019-05-01 16:00:00,144.56384,137.89125,6.672592,4.6156716
baseline_abs_nocal_mse,2945,2019-05-01 16:15:00,158.93347,134.8329,24.10057,15.163938
baseline_abs_nocal_mse,2946,2019-05-01 16:30:00,181.49792,133.20345,48.29448,26.608833
baseline_abs_nocal_mse,2947,2019-05-01 16:45:00,171.81958,136.9212,34.898376,20.31106
baseline_abs_nocal_mse,2948,2019-05-01 17:00:00,139.85316,139.70221,0.1509552,0.10793836
baseline_abs_nocal_mse,2949,2019-05-01 17:15:00,151.79568,134.72685,17.068832,11.24461
baseline_abs_nocal_mse,2950,2019-05-01 17:30:00,169.12068,130.34863,38.77205,22.92567
baseline_abs_nocal_mse,2951,2019-05-01 17:45:00,163.76625,130.71133,33.054916,20.184206
baseline_abs_nocal_mse,2952,2019-05-01 18:00:00,177.69397,131.74371,45.950256,25.85921
baseline_abs_nocal_mse,2953,2019-05-01 18:15:00,156.90071,135.6707,21.230011,13.530856
baseline_abs_nocal_mse,2954,2019-05-01 18:30:00,153.45547,135.2374,18.218079,11.871899
baseline_abs_nocal_mse,2955,2019-05-01 18:45:00,162.88783,132.3748,30.513031,18.732542
baseline_abs_nocal_mse,2956,2019-05-01 19:00:00,161.65701,131.07738,30.579636,18.916368
baseline_abs_nocal_mse,2957,2019-05-01 19:15:00,152.30635,130.36234,21.944016,14.407814
baseline_abs_nocal_mse,2958,2019-05-01 19:30:00,135.81993,128.01447,7.8054657,5.7469225
baseline_abs_nocal_mse,2959,2019-05-01 19:45:00,134.02245,121.888084,12.134361,9.053977
baseline_abs_nocal_mse,2960,2019-05-01 20:00:00,150.13704,115.376785,34.760254,23.152351
baseline_abs_nocal_mse,2961,2019-05-01 20:15:00,149.37303,113.8303,35.542732,23.794611
baseline_abs_nocal_mse,2962,2019-05-01 20:30:00,198.96864,114.68832,84.28033,42.358597
baseline_abs_nocal_mse,2963,2019-05-01 20:45:00,193.40034,127.577415,65.82293,34.034546
baseline_abs_nocal_mse,2964,2019-05-01 21:00:00,204.50198,140.54208,63.9599,31.27593
baseline_abs_nocal_mse,2965,2019-05-01 21:15:00,221.4681,151.79771,69.67038,31.45843
baseline_abs_nocal_mse,2966,2019-05-01 21:30:00,231.17017,162.73297,68.437195,29.604683
baseline_abs_nocal_mse,2967,2019-05-01 21:45:00,242.74153,171.85474,70.886795,29.202583
baseline_abs_nocal_mse,2968,2019-05-01 22:00:00,220.74861,179.41103,41.337585,18.726091
baseline_abs_nocal_mse,2969,2019-05-01 22:15:00,247.89201,177.894,69.99802,28.2373
baseline_abs_nocal_mse,2970,2019-05-01 22:30:00,243.67815,179.12535,64.552795,26.491007
baseline_abs_nocal_mse,2971,2019-05-01 22:45:00,212.8631,179.22012,33.642975,15.804982
baseline_abs_nocal_mse,2972,2019-05-01 23:00:00,219.16844,171.25551,47.912933,21.861237
baseline_abs_nocal_mse,2973,2019-05-01 23:15:00,208.15471,164.16644,43.988266,21.132486
baseline_abs_nocal_mse,2974,2019-05-01 23:30:00,188.92175,156.99367,31.928085,16.900164
baseline_abs_nocal_mse,2975,2019-05-01 23:45:00,124.267944,147.95619,23.688248,19.062235
baseline_abs_nocal_mse,2976,2019-05-02 00:00:00,146.38623,127.531456,18.854774,12.880156
baseline_abs_nocal_mse,2977,2019-05-02 00:15:00,141.64499,113.93565,27.709335,19.562525
baseline_abs_nocal_mse,2978,2019-05-02 00:30:00,131.68462,104.925705,26.758911,20.320454
baseline_abs_nocal_mse,2979,2019-05-02 00:45:00,118.341385,99.12813,19.213257,16.23545
baseline_abs_nocal_mse,2980,2019-05-02 01:00:00,91.267746,93.68756,2.419815,2.6513364
baseline_abs_nocal_mse,2981,2019-05-02 01:15:00,80.49822,84.07564,3.5774155,4.4440928
baseline_abs_nocal_mse,2982,2019-05-02 01:30:00,79.81402,73.265755,6.5482635,8.204403
baseline_abs_nocal_mse,2983,2019-05-02 01:45:00,61.397686,64.65193,3.2542458,5.300274
baseline_abs_nocal_mse,2984,2019-05-02 02:00:00,59.93349,55.42834,4.50515,7.5169153
baseline_abs_nocal_mse,2985,2019-05-02 02:15:00,58.852547,48.141434,10.711113,18.199915
baseline_abs_nocal_mse,2986,2019-05-02 02:30:00,52.129765,43.46439,8.665375,16.622702
baseline_abs_nocal_mse,2987,2019-05-02 02:45:00,59.64214,39.959927,19.682213,33.000515
baseline_abs_nocal_mse,2988,2019-05-02 03:00:00,47.41965,39.467102,7.952549,16.770576
baseline_abs_nocal_mse,2989,2019-05-02 03:15:00,37.066837,38.650898,1.5840607,4.273525
baseline_abs_nocal_mse,2990,2019-05-02 03:30:00,33.074577,36.526752,3.4521751,10.437549
baseline_abs_nocal_mse,2991,2019-05-02 03:45:00,32.80785,34.081257,1.273407,3.8814094
baseline_abs_nocal_mse,2992,2019-05-02 04:00:00,31.524874,32.721916,1.1970425,3.7971363
baseline_abs_nocal_mse,2993,2019-05-02 04:15:00,22.87086,32.647274,9.776415,42.746162
baseline_abs_nocal_mse,2994,2019-05-02 04:30:00,24.836267,33.406006,8.569738,34.504936
baseline_abs_nocal_mse,2995,2019-05-02 04:45:00,24.108303,34.77916,10.670856,44.26216
baseline_abs_nocal_mse,2996,2019-05-02 05:00:00,26.858313,36.676476,9.818163,36.555397
baseline_abs_nocal_mse,2997,2019-05-02 05:15:00,23.904787,39.15206,15.247274,63.78335
baseline_abs_nocal_mse,2998,2019-05-02 05:30:00,18.716005,41.859123,23.143118,123.65415
baseline_abs_nocal_mse,2999,2019-05-02 05:45:00,28.546646,44.68583,16.139183,56.53618
baseline_abs_nocal_mse,3000,2019-05-02 06:00:00,30.640917,48.47308,17.832163,58.197224
baseline_abs_nocal_mse,3001,2019-05-02 06:15:00,30.12913,52.819702,22.690573,75.31108
baseline_abs_nocal_mse,3002,2019-05-02 06:30:00,44.94272,57.412365,12.469646,27.745644
baseline_abs_nocal_mse,3003,2019-05-02 06:45:00,46.391644,63.1464,16.754757,36.115894
baseline_abs_nocal_mse,3004,2019-05-02 07:00:00,38.672844,69.53849,30.865646,79.8122
baseline_abs_nocal_mse,3005,2019-05-02 07:15:00,53.601307,74.644775,21.043468,39.259247
baseline_abs_nocal_mse,3006,2019-05-02 07:30:00,55.521793,79.8632,24.341404,43.84117
baseline_abs_nocal_mse,3007,2019-05-02 07:45:00,57.598766,84.82175,27.22298,47.26313
baseline_abs_nocal_mse,3008,2019-05-02 08:00:00,59.782448,89.19162,29.409172,49.193657
baseline_abs_nocal_mse,3009,2019-05-02 08:15:00,73.25185,92.41036,19.158516,26.154312
baseline_abs_nocal_mse,3010,2019-05-02 08:30:00,77.799576,96.24055,18.440971,23.703176
baseline_abs_nocal_mse,3011,2019-05-02 08:45:00,119.01012,100.06837,18.94175,15.916083
baseline_abs_nocal_mse,3012,2019-05-02 09:00:00,146.04866,106.88537,39.163292,26.815235
baseline_abs_nocal_mse,3013,2019-05-02 09:15:00,53.18158,116.12092,62.93934,118.348
baseline_abs_nocal_mse,3014,2019-05-02 09:30:00,68.69591,113.775955,45.080048,65.62261
baseline_abs_nocal_mse,3015,2019-05-02 09:45:00,72.03373,109.47013,37.4364,51.970654
baseline_abs_nocal_mse,3016,2019-05-02 10:00:00,87.44181,106.02191,18.580101,21.248531
baseline_abs_nocal_mse,3017,2019-05-02 10:15:00,73.647385,105.57615,31.928764,43.35356
baseline_abs_nocal_mse,3018,2019-05-02 10:30:00,62.24346,105.49214,43.24868,69.48309
baseline_abs_nocal_mse,3019,2019-05-02 10:45:00,54.839146,104.95964,50.120495,91.39547
baseline_abs_nocal_mse,3020,2019-05-02 11:00:00,82.00209,104.18836,22.186272,27.05574
baseline_abs_nocal_mse,3021,2019-05-02 11:15:00,70.265594,106.38408,36.118484,51.4028
baseline_abs_nocal_mse,3022,2019-05-02 11:30:00,61.308342,108.4743,47.165955,76.93236
baseline_abs_nocal_mse,3023,2019-05-02 11:45:00,68.975784,109.28638,40.310593,58.441658
baseline_abs_nocal_mse,3024,2019-05-02 12:00:00,96.43427,110.24386,13.809586,14.320205
baseline_abs_nocal_mse,3025,2019-05-02 12:15:00,127.11754,113.65262,13.46492,10.592496
baseline_abs_nocal_mse,3026,2019-05-02 12:30:00,135.84245,119.97978,15.862671,11.677257
baseline_abs_nocal_mse,3027,2019-05-02 12:45:00,147.35078,126.61737,20.733414,14.070786
baseline_abs_nocal_mse,3028,2019-05-02 13:00:00,157.97714,132.56772,25.409424,16.08424
baseline_abs_nocal_mse,3029,2019-05-02 13:15:00,140.27396,138.70222,1.5717316,1.1204728
baseline_abs_nocal_mse,3030,2019-05-02 13:30:00,138.32114,139.03514,0.7140045,0.5161934
baseline_abs_nocal_mse,3031,2019-05-02 13:45:00,110.246254,135.46101,25.21476,22.871307
baseline_abs_nocal_mse,3032,2019-05-02 14:00:00,127.01949,126.11681,0.90267944,0.7106621
baseline_abs_nocal_mse,3033,2019-05-02 14:15:00,105.73599,119.368324,13.632332,12.892802
baseline_abs_nocal_mse,3034,2019-05-02 14:30:00,105.78033,111.88564,6.105316,5.7716937
baseline_abs_nocal_mse,3035,2019-05-02 14:45:00,91.91358,106.215744,14.302162,15.560445
baseline_abs_nocal_mse,3036,2019-05-02 15:00:00,106.34636,101.03958,5.306778,4.990089
baseline_abs_nocal_mse,3037,2019-05-02 15:15:00,88.06931,99.695435,11.6261215,13.201104
baseline_abs_nocal_mse,3038,2019-05-02 15:30:00,89.97066,97.761765,7.791107,8.65961
baseline_abs_nocal_mse,3039,2019-05-02 15:45:00,102.31086,96.297966,6.0128937,5.8770823
baseline_abs_nocal_mse,3040,2019-05-02 16:00:00,85.77134,96.95628,11.184944,13.0404215
baseline_abs_nocal_mse,3041,2019-05-02 16:15:00,89.385086,96.00195,6.616867,7.4026527
baseline_abs_nocal_mse,3042,2019-05-02 16:30:00,103.14524,94.993195,8.152046,7.9034634
baseline_abs_nocal_mse,3043,2019-05-02 16:45:00,104.00908,96.29521,7.713867,7.416532
baseline_abs_nocal_mse,3044,2019-05-02 17:00:00,88.331825,98.30774,9.975914,11.29368
baseline_abs_nocal_mse,3045,2019-05-02 17:15:00,88.48473,97.14066,8.65593,9.782398
baseline_abs_nocal_mse,3046,2019-05-02 17:30:00,92.345215,94.58712,2.2419052,2.4277437
baseline_abs_nocal_mse,3047,2019-05-02 17:45:00,79.33458,92.47269,13.138107,16.560379
baseline_abs_nocal_mse,3048,2019-05-02 18:00:00,88.38123,88.52577,0.14453888,0.16354023
baseline_abs_nocal_mse,3049,2019-05-02 18:15:00,113.81923,86.27558,27.543648,24.199469
baseline_abs_nocal_mse,3050,2019-05-02 18:30:00,96.383064,89.59901,6.7840576,7.038641
baseline_abs_nocal_mse,3051,2019-05-02 18:45:00,87.46976,91.45936,3.9896011,4.5611205
baseline_abs_nocal_mse,3052,2019-05-02 19:00:00,96.38274,90.51613,5.8666077,6.086783
baseline_abs_nocal_mse,3053,2019-05-02 19:15:00,99.599594,90.0619,9.537697,9.576039
baseline_abs_nocal_mse,3054,2019-05-02 19:30:00,119.86627,90.39983,29.466438,24.58276
baseline_abs_nocal_mse,3055,2019-05-02 19:45:00,120.96101,94.779686,26.181328,21.644434
baseline_abs_nocal_mse,3056,2019-05-02 20:00:00,110.38349,99.985565,10.397926,9.419821
baseline_abs_nocal_mse,3057,2019-05-02 20:15:00,134.36072,102.0429,32.317818,24.053024
baseline_abs_nocal_mse,3058,2019-05-02 20:30:00,145.39499,106.68944,38.70555,26.620966
baseline_abs_nocal_mse,3059,2019-05-02 20:45:00,164.71834,113.12142,51.596916,31.32433
baseline_abs_nocal_mse,3060,2019-05-02 21:00:00,178.10353,121.79973,56.303802,31.612963
baseline_abs_nocal_mse,3061,2019-05-02 21:15:00,177.61996,131.59958,46.020386,25.909466
baseline_abs_nocal_mse,3062,2019-05-02 21:30:00,169.52115,138.72113,30.800018,18.168835
baseline_abs_nocal_mse,3063,2019-05-02 21:45:00,208.01247,140.61153,67.40094,32.40236
baseline_abs_nocal_mse,3064,2019-05-02 22:00:00,185.49477,147.26323,38.231537,20.610575
baseline_abs_nocal_mse,3065,2019-05-02 22:15:00,168.95605,148.6847,20.271362,11.998009
baseline_abs_nocal_mse,3066,2019-05-02 22:30:00,181.21442,143.93279,37.28163,20.573215
baseline_abs_nocal_mse,3067,2019-05-02 22:45:00,151.65474,140.38466,11.270081,7.4314065
baseline_abs_nocal_mse,3068,2019-05-02 23:00:00,164.9421,132.16965,32.772446,19.86906
baseline_abs_nocal_mse,3069,2019-05-02 23:15:00,151.17046,127.27909,23.891365,15.804255
baseline_abs_nocal_mse,3070,2019-05-02 23:30:00,109.23763,122.51099,13.273354,12.150899
baseline_abs_nocal_mse,3071,2019-05-02 23:45:00,74.97339,111.40454,36.431152,48.59211
baseline_abs_nocal_mse,3072,2019-05-03 00:00:00,153.57036,94.22327,59.34709,38.644886
baseline_abs_nocal_mse,3073,2019-05-03 00:15:00,157.60274,93.94265,63.660088,40.392757
baseline_abs_nocal_mse,3074,2019-05-03 00:30:00,159.03976,102.92513,56.11463,35.283394
baseline_abs_nocal_mse,3075,2019-05-03 00:45:00,142.65604,114.55754,28.098495,19.696674
baseline_abs_nocal_mse,3076,2019-05-03 01:00:00,69.46322,120.90263,51.439415,74.05274
baseline_abs_nocal_mse,3077,2019-05-03 01:15:00,55.30534,108.00879,52.70345,95.2954
baseline_abs_nocal_mse,3078,2019-05-03 01:30:00,67.37357,87.62746,20.253883,30.06206
baseline_abs_nocal_mse,3079,2019-05-03 01:45:00,60.81263,70.92491,10.112282,16.62859
baseline_abs_nocal_mse,3080,2019-05-03 02:00:00,35.830948,58.87856,23.047611,64.3232
baseline_abs_nocal_mse,3081,2019-05-03 02:15:00,40.993835,48.41245,7.4186134,18.0969
baseline_abs_nocal_mse,3082,2019-05-03 02:30:00,28.905476,42.192448,13.286972,45.966972
baseline_abs_nocal_mse,3083,2019-05-03 02:45:00,30.256275,38.011745,7.7554703,25.632603
baseline_abs_nocal_mse,3084,2019-05-03 03:00:00,36.76713,36.70992,0.05721283,0.15560862
baseline_abs_nocal_mse,3085,2019-05-03 03:15:00,24.669191,37.55045,12.881258,52.21597
baseline_abs_nocal_mse,3086,2019-05-03 03:30:00,19.263079,38.339916,19.076838,99.03317
baseline_abs_nocal_mse,3087,2019-05-03 03:45:00,14.285483,38.785576,24.500092,171.50342
baseline_abs_nocal_mse,3088,2019-05-03 04:00:00,10.74827,38.926395,28.178125,262.16428
baseline_abs_nocal_mse,3089,2019-05-03 04:15:00,9.635912,39.260147,29.624235,307.43573
baseline_abs_nocal_mse,3090,2019-05-03 04:30:00,12.296307,40.62931,28.333004,230.41882
baseline_abs_nocal_mse,3091,2019-05-03 04:45:00,9.353482,42.84741,33.493927,358.09045
baseline_abs_nocal_mse,3092,2019-05-03 05:00:00,26.238724,45.660927,19.422203,74.02114
baseline_abs_nocal_mse,3093,2019-05-03 05:15:00,6.9327216,49.7397,42.80698,617.4628
baseline_abs_nocal_mse,3094,2019-05-03 05:30:00,4.2110705,53.312946,49.101875,1166.0189
baseline_abs_nocal_mse,3095,2019-05-03 05:45:00,7.2621026,56.396652,49.13455,676.58844
baseline_abs_nocal_mse,3096,2019-05-03 06:00:00,19.120996,59.733448,40.61245,212.39714
baseline_abs_nocal_mse,3097,2019-05-03 06:15:00,19.019718,64.15736,45.137638,237.32024
baseline_abs_nocal_mse,3098,2019-05-03 06:30:00,13.363261,69.099335,55.736073,417.08435
baseline_abs_nocal_mse,3099,2019-05-03 06:45:00,26.612965,73.944435,47.33147,177.85118
baseline_abs_nocal_mse,3100,2019-05-03 07:00:00,49.037807,79.60702,30.56921,62.338043
baseline_abs_nocal_mse,3101,2019-05-03 07:15:00,44.618046,86.819214,42.201168,94.58318
baseline_abs_nocal_mse,3102,2019-05-03 07:30:00,53.24999,93.39237,40.142384,75.38477
baseline_abs_nocal_mse,3103,2019-05-03 07:45:00,37.063435,98.84093,61.777493,166.68044
baseline_abs_nocal_mse,3104,2019-05-03 08:00:00,65.05332,101.35248,36.299156,55.79908
baseline_abs_nocal_mse,3105,2019-05-03 08:15:00,45.76074,104.90991,59.149174,129.25748
baseline_abs_nocal_mse,3106,2019-05-03 08:30:00,48.33248,106.60997,58.27749,120.57624
baseline_abs_nocal_mse,3107,2019-05-03 08:45:00,47.59852,107.69934,60.100822,126.26616
baseline_abs_nocal_mse,3108,2019-05-03 09:00:00,45.601402,108.60173,63.000328,138.15436
baseline_abs_nocal_mse,3109,2019-05-03 09:15:00,40.847015,109.47644,68.629425,168.01576
baseline_abs_nocal_mse,3110,2019-05-03 09:30:00,49.49134,110.18297,60.691628,122.6308
baseline_abs_nocal_mse,3111,2019-05-03 09:45:00,39.352135,111.8728,72.52067,184.28648
baseline_abs_nocal_mse,3112,2019-05-03 10:00:00,51.57736,113.155014,61.577656,119.38892
baseline_abs_nocal_mse,3113,2019-05-03 10:15:00,45.10816,115.41783,70.30968,155.8691
baseline_abs_nocal_mse,3114,2019-05-03 10:30:00,46.441254,117.30742,70.866165,152.59314
baseline_abs_nocal_mse,3115,2019-05-03 10:45:00,47.863255,118.98833,71.12508,148.60059
baseline_abs_nocal_mse,3116,2019-05-03 11:00:00,46.81507,120.50794,73.69287,157.4127
baseline_abs_nocal_mse,3117,2019-05-03 11:15:00,54.941513,121.659004,66.71749,121.43366
baseline_abs_nocal_mse,3118,2019-05-03 11:30:00,57.913555,123.15314,65.23958,112.64993
baseline_abs_nocal_mse,3119,2019-05-03 11:45:00,64.45061,124.65496,60.204353,93.41161
baseline_abs_nocal_mse,3120,2019-05-03 12:00:00,84.734375,126.246025,41.51165,48.99033
baseline_abs_nocal_mse,3121,2019-05-03 12:15:00,89.43616,128.99107,39.554916,44.226986
baseline_abs_nocal_mse,3122,2019-05-03 12:30:00,95.09265,131.69038,36.597733,38.486393
baseline_abs_nocal_mse,3123,2019-05-03 12:45:00,116.45649,133.58945,17.132957,14.711896
baseline_abs_nocal_mse,3124,2019-05-03 13:00:00,110.5908,136.06555,25.474754,23.035149
baseline_abs_nocal_mse,3125,2019-05-03 13:15:00,90.29175,136.66263,46.37088,51.35672
baseline_abs_nocal_mse,3126,2019-05-03 13:30:00,106.25156,133.47028,27.21872,25.61724
baseline_abs_nocal_mse,3127,2019-05-03 13:45:00,111.97952,130.66364,18.684113,16.685293
baseline_abs_nocal_mse,3128,2019-05-03 14:00:00,157.32037,128.67526,28.645111,18.20814
baseline_abs_nocal_mse,3129,2019-05-03 14:15:00,90.0452,132.2554,42.210205,46.876686
baseline_abs_nocal_mse,3130,2019-05-03 14:30:00,111.484436,128.32547,16.841034,15.106174
baseline_abs_nocal_mse,3131,2019-05-03 14:45:00,84.331215,124.70944,40.378227,47.880524
baseline_abs_nocal_mse,3132,2019-05-03 15:00:00,115.93182,118.36151,2.4296875,2.09579
baseline_abs_nocal_mse,3133,2019-05-03 15:15:00,90.684715,116.240036,25.55532,28.180405
baseline_abs_nocal_mse,3134,2019-05-03 15:30:00,97.2563,112.98313,15.72683,16.170498
baseline_abs_nocal_mse,3135,2019-05-03 15:45:00,116.110115,110.719795,5.39032,4.642421
baseline_abs_nocal_mse,3136,2019-05-03 16:00:00,104.69552,111.48078,6.785263,6.4809484
baseline_abs_nocal_mse,3137,2019-05-03 16:15:00,98.62006,111.655975,13.035912,13.218316
baseline_abs_nocal_mse,3138,2019-05-03 16:30:00,88.28511,110.36965,22.084541,25.015024
baseline_abs_nocal_mse,3139,2019-05-03 16:45:00,93.04925,107.02199,13.97274,15.0164995
baseline_abs_nocal_mse,3140,2019-05-03 17:00:00,103.40227,103.981415,0.57914734,0.56009156
baseline_abs_nocal_mse,3141,2019-05-03 17:15:00,115.61651,102.96209,12.654419,10.945166
baseline_abs_nocal_mse,3142,2019-05-03 17:30:00,105.98318,104.88095,1.1022263,1.0400012
baseline_abs_nocal_mse,3143,2019-05-03 17:45:00,101.52835,105.892395,4.364044,4.2983503
baseline_abs_nocal_mse,3144,2019-05-03 18:00:00,93.87445,105.06232,11.187866,11.917903
baseline_abs_nocal_mse,3145,2019-05-03 18:15:00,121.5226,102.00208,19.520515,16.06328
baseline_abs_nocal_mse,3146,2019-05-03 18:30:00,147.67044,103.41659,44.253853,29.967985
baseline_abs_nocal_mse,3147,2019-05-03 18:45:00,86.001045,111.27709,25.276047,29.390394
baseline_abs_nocal_mse,3148,2019-05-03 19:00:00,71.6562,107.83856,36.182365,50.494396
baseline_abs_nocal_mse,3149,2019-05-03 19:15:00,90.38323,97.41298,7.029747,7.777712
baseline_abs_nocal_mse,3150,2019-05-03 19:30:00,88.44154,90.07963,1.6380844,1.8521663
baseline_abs_nocal_mse,3151,2019-05-03 19:45:00,63.888714,85.26498,21.376263,33.45859
baseline_abs_nocal_mse,3152,2019-05-03 20:00:00,63.44495,78.42798,14.983028,23.615793
baseline_abs_nocal_mse,3153,2019-05-03 20:15:00,70.55473,72.25753,1.7027969,2.413441
baseline_abs_nocal_mse,3154,2019-05-03 20:30:00,109.47449,69.32608,40.148407,36.673756
baseline_abs_nocal_mse,3155,2019-05-03 20:45:00,113.24921,75.19057,38.05864,33.6061
baseline_abs_nocal_mse,3156,2019-05-03 21:00:00,127.22811,84.68515,42.54296,33.438335
baseline_abs_nocal_mse,3157,2019-05-03 21:15:00,119.59765,96.91099,22.68666,18.969152
baseline_abs_nocal_mse,3158,2019-05-03 21:30:00,124.417435,105.221886,19.195549,15.428344
baseline_abs_nocal_mse,3159,2019-05-03 21:45:00,129.22223,110.339165,18.883064,14.612861
baseline_abs_nocal_mse,3160,2019-05-03 22:00:00,136.25363,113.06848,23.18515,17.01617
baseline_abs_nocal_mse,3161,2019-05-03 22:15:00,123.09104,115.119,7.9720383,6.4765377
baseline_abs_nocal_mse,3162,2019-05-03 22:30:00,122.587456,113.26662,9.320839,7.60342
baseline_abs_nocal_mse,3163,2019-05-03 22:45:00,172.04932,110.00431,62.045006,36.06234
baseline_abs_nocal_mse,3164,2019-05-03 23:00:00,144.73619,116.11295,28.623238,19.776144
baseline_abs_nocal_mse,3165,2019-05-03 23:15:00,123.531456,119.17722,4.354233,3.5247967
baseline_abs_nocal_mse,3166,2019-05-03 23:30:00,105.499565,116.1268,10.627235,10.073251
baseline_abs_nocal_mse,3167,2019-05-03 23:45:00,90.68089,107.99522,17.314323,19.093685
baseline_abs_nocal_mse,3168,2019-05-04 00:00:00,116.90152,96.96806,19.933456,17.051495
baseline_abs_nocal_mse,3169,2019-05-04 00:15:00,121.28236,92.21388,29.068474,23.967604
baseline_abs_nocal_mse,3170,2019-05-04 00:30:00,114.49497,92.58294,21.912033,19.137987
baseline_abs_nocal_mse,3171,2019-05-04 00:45:00,107.936104,94.13202,13.804085,12.789125
baseline_abs_nocal_mse,3172,2019-05-04 01:00:00,81.53328,94.779366,13.246086,16.246233
baseline_abs_nocal_mse,3173,2019-05-04 01:15:00,53.969044,89.90502,35.935978,66.58628
baseline_abs_nocal_mse,3174,2019-05-04 01:30:00,40.68331,78.72482,38.04151,93.506424
baseline_abs_nocal_mse,3175,2019-05-04 01:45:00,36.385742,65.93019,29.544449,81.197876
baseline_abs_nocal_mse,3176,2019-05-04 02:00:00,41.040794,56.652554,15.611759,38.03961
baseline_abs_nocal_mse,3177,2019-05-04 02:15:00,28.115791,51.628815,23.513023,83.62924
baseline_abs_nocal_mse,3178,2019-05-04 02:30:00,32.80276,48.376534,15.573772,47.477016
baseline_abs_nocal_mse,3179,2019-05-04 02:45:00,42.379993,47.40298,5.0229874,11.852261
baseline_abs_nocal_mse,3180,2019-05-04 03:00:00,30.06864,49.47114,19.402502,64.52737
baseline_abs_nocal_mse,3181,2019-05-04 03:15:00,34.893303,51.505066,16.611763,47.60731
baseline_abs_nocal_mse,3182,2019-05-04 03:30:00,30.378153,54.20604,23.827887,78.43758
baseline_abs_nocal_mse,3183,2019-05-04 03:45:00,26.94788,56.613617,29.665737,110.08561
baseline_abs_nocal_mse,3184,2019-05-04 04:00:00,19.314795,58.245785,38.930992,201.56047
baseline_abs_nocal_mse,3185,2019-05-04 04:15:00,17.49266,58.76137,41.26871,235.92014
baseline_abs_nocal_mse,3186,2019-05-04 04:30:00,13.14434,59.183735,46.039394,350.26022
baseline_abs_nocal_mse,3187,2019-05-04 04:45:00,9.837476,59.677452,49.839977,506.63382
baseline_abs_nocal_mse,3188,2019-05-04 05:00:00,11.811033,60.71129,48.900253,414.02182
baseline_abs_nocal_mse,3189,2019-05-04 05:15:00,14.140249,62.652527,48.512276,343.07935
baseline_abs_nocal_mse,3190,2019-05-04 05:30:00,20.584944,65.60152,45.01657,218.68689
baseline_abs_nocal_mse,3191,2019-05-04 05:45:00,25.257082,69.75143,44.494347,176.16582
baseline_abs_nocal_mse,3192,2019-05-04 06:00:00,19.582651,74.88618,55.303528,282.41083
baseline_abs_nocal_mse,3193,2019-05-04 06:15:00,10.032614,79.445946,69.41333,691.87683
baseline_abs_nocal_mse,3194,2019-05-04 06:30:00,8.222973,82.36803,74.14505,901.6818
baseline_abs_nocal_mse,3195,2019-05-04 06:45:00,17.399887,84.52563,67.12574,385.78262
baseline_abs_nocal_mse,3196,2019-05-04 07:00:00,12.973847,87.525024,74.55118,574.6266
baseline_abs_nocal_mse,3197,2019-05-04 07:15:00,9.375704,90.58097,81.20527,866.1245
baseline_abs_nocal_mse,3198,2019-05-04 07:30:00,35.44527,93.44636,58.001087,163.6356
baseline_abs_nocal_mse,3199,2019-05-04 07:45:00,25.29745,98.41022,73.11277,289.01242
baseline_abs_nocal_mse,3200,2019-05-04 08:00:00,21.583462,102.61197,81.0285,375.4194
baseline_abs_nocal_mse,3201,2019-05-04 08:15:00,35.378292,105.73211,70.35382,198.86156
baseline_abs_nocal_mse,3202,2019-05-04 08:30:00,51.725655,109.18519,57.459534,111.085175
baseline_abs_nocal_mse,3203,2019-05-04 08:45:00,26.135418,113.6339,87.49849,334.78894
baseline_abs_nocal_mse,3204,2019-05-04 09:00:00,27.398413,115.57228,88.17387,321.82108
baseline_abs_nocal_mse,3205,2019-05-04 09:15:00,40.390644,116.41855,76.02791,188.23148
baseline_abs_nocal_mse,3206,2019-05-04 09:30:00,36.455772,117.98128,81.525505,223.62852
baseline_abs_nocal_mse,3207,2019-05-04 09:45:00,35.991096,119.41955,83.42845,231.80304
baseline_abs_nocal_mse,3208,2019-05-04 10:00:00,59.462093,120.696304,61.23421,102.98025
baseline_abs_nocal_mse,3209,2019-05-04 10:15:00,70.74177,123.73225,52.99048,74.90692
baseline_abs_nocal_mse,3210,2019-05-04 10:30:00,48.235813,127.68492,79.44911,164.70981
baseline_abs_nocal_mse,3211,2019-05-04 10:45:00,61.5672,129.04108,67.47388,109.59387
baseline_abs_nocal_mse,3212,2019-05-04 11:00:00,56.768803,130.04195,73.27315,129.07292
baseline_abs_nocal_mse,3213,2019-05-04 11:15:00,53.10568,130.08548,76.9798,144.95587
baseline_abs_nocal_mse,3214,2019-05-04 11:30:00,54.909496,129.29916,74.38966,135.47687
baseline_abs_nocal_mse,3215,2019-05-04 11:45:00,57.932503,128.44731,70.51481,121.71891
baseline_abs_nocal_mse,3216,2019-05-04 12:00:00,63.595745,127.97041,64.374664,101.22479
baseline_abs_nocal_mse,3217,2019-05-04 12:15:00,73.307526,128.1375,54.82997,74.794464
baseline_abs_nocal_mse,3218,2019-05-04 12:30:00,74.53403,129.20357,54.66954,73.348434
baseline_abs_nocal_mse,3219,2019-05-04 12:45:00,95.47765,130.21475,34.7371,36.38244
baseline_abs_nocal_mse,3220,2019-05-04 13:00:00,80.325615,132.60616,52.28054,65.08576
baseline_abs_nocal_mse,3221,2019-05-04 13:15:00,71.02965,132.86478,61.83513,87.05538
baseline_abs_nocal_mse,3222,2019-05-04 13:30:00,84.25396,130.77843,46.524467,55.219322
baseline_abs_nocal_mse,3223,2019-05-04 13:45:00,82.63589,129.11082,46.474937,56.240623
baseline_abs_nocal_mse,3224,2019-05-04 14:00:00,68.0883,127.35811,59.269806,87.04844
baseline_abs_nocal_mse,3225,2019-05-04 14:15:00,63.58347,124.15947,60.576,95.27004
baseline_abs_nocal_mse,3226,2019-05-04 14:30:00,65.72674,120.435005,54.708267,83.23594
baseline_abs_nocal_mse,3227,2019-05-04 14:45:00,68.68428,117.438324,48.754044,70.98283
baseline_abs_nocal_mse,3228,2019-05-04 15:00:00,74.858574,115.54363,40.68506,54.34923
baseline_abs_nocal_mse,3229,2019-05-04 15:15:00,73.02527,114.94884,41.92357,57.409676
baseline_abs_nocal_mse,3230,2019-05-04 15:30:00,67.18517,114.5245,47.339325,70.46097
baseline_abs_nocal_mse,3231,2019-05-04 15:45:00,76.14307,113.34077,37.1977,48.852383
baseline_abs_nocal_mse,3232,2019-05-04 16:00:00,67.216385,112.69371,45.477325,67.6581
baseline_abs_nocal_mse,3233,2019-05-04 16:15:00,78.086845,111.0694,32.98255,42.238297
baseline_abs_nocal_mse,3234,2019-05-04 16:30:00,91.41595,110.16213,18.746185,20.506472
baseline_abs_nocal_mse,3235,2019-05-04 16:45:00,75.60118,110.672455,35.071274,46.389847
baseline_abs_nocal_mse,3236,2019-05-04 17:00:00,114.28624,109.38317,4.9030685,4.2901654
baseline_abs_nocal_mse,3237,2019-05-04 17:15:00,95.760216,111.382095,15.62188,16.313538
baseline_abs_nocal_mse,3238,2019-05-04 17:30:00,86.2879,111.77555,25.487648,29.537916
baseline_abs_nocal_mse,3239,2019-05-04 17:45:00,105.076385,109.43039,4.354004,4.1436563
baseline_abs_nocal_mse,3240,2019-05-04 18:00:00,102.55404,108.33119,5.777153,5.633277
baseline_abs_nocal_mse,3241,2019-05-04 18:15:00,93.13059,107.18626,14.055664,15.092423
baseline_abs_nocal_mse,3242,2019-05-04 18:30:00,100.24507,104.7234,4.478325,4.4673767
baseline_abs_nocal_mse,3243,2019-05-04 18:45:00,85.17624,102.93005,17.753815,20.843624
baseline_abs_nocal_mse,3244,2019-05-04 19:00:00,100.055824,99.39475,0.6610718,0.66070294
baseline_abs_nocal_mse,3245,2019-05-04 19:15:00,85.38433,97.98243,12.598099,14.75458
baseline_abs_nocal_mse,3246,2019-05-04 19:30:00,66.051285,95.325356,29.27407,44.320213
baseline_abs_nocal_mse,3247,2019-05-04 19:45:00,79.3076,89.797554,10.489952,13.226919
baseline_abs_nocal_mse,3248,2019-05-04 20:00:00,94.194496,86.36024,7.834259,8.317109
baseline_abs_nocal_mse,3249,2019-05-04 20:15:00,105.304794,86.80711,18.49768,17.565847
baseline_abs_nocal_mse,3250,2019-05-04 20:30:00,103.84105,90.52549,13.315559,12.823021
baseline_abs_nocal_mse,3251,2019-05-04 20:45:00,121.95999,94.714874,27.245117,22.339388
baseline_abs_nocal_mse,3252,2019-05-04 21:00:00,106.13031,101.293976,4.836334,4.5569773
baseline_abs_nocal_mse,3253,2019-05-04 21:15:00,117.31018,104.43363,12.876549,10.976497
baseline_abs_nocal_mse,3254,2019-05-04 21:30:00,123.70511,106.83248,16.872627,13.639394
baseline_abs_nocal_mse,3255,2019-05-04 21:45:00,129.87015,109.13773,20.732414,15.963957
baseline_abs_nocal_mse,3256,2019-05-04 22:00:00,152.97195,111.53159,41.44036,27.090168
baseline_abs_nocal_mse,3257,2019-05-04 22:15:00,142.0512,117.40166,24.649536,17.352571
baseline_abs_nocal_mse,3258,2019-05-04 22:30:00,141.90454,120.84382,21.060722,14.841472
baseline_abs_nocal_mse,3259,2019-05-04 22:45:00,127.13545,122.05265,5.082802,3.997942
baseline_abs_nocal_mse,3260,2019-05-04 23:00:00,133.55258,118.91048,14.642105,10.963551
baseline_abs_nocal_mse,3261,2019-05-04 23:15:00,149.67422,115.834465,33.83976,22.608944
baseline_abs_nocal_mse,3262,2019-05-04 23:30:00,127.821915,116.47985,11.342064,8.873333
baseline_abs_nocal_mse,3263,2019-05-04 23:45:00,84.92028,114.32088,29.400597,34.62141
baseline_abs_nocal_mse,3264,2019-05-05 00:00:00,119.11226,103.818665,15.293594,12.839648
baseline_abs_nocal_mse,3265,2019-05-05 00:15:00,124.19443,98.63881,25.555618,20.577106
baseline_abs_nocal_mse,3266,2019-05-05 00:30:00,123.923035,98.03607,25.886963,20.88955
baseline_abs_nocal_mse,3267,2019-05-05 00:45:00,114.48821,99.89562,14.59259,12.745934
baseline_abs_nocal_mse,3268,2019-05-05 01:00:00,72.96354,100.676735,27.713196,37.982254
baseline_abs_nocal_mse,3269,2019-05-05 01:15:00,80.21902,92.76143,12.542412,15.63521
baseline_abs_nocal_mse,3270,2019-05-05 01:30:00,83.92515,84.620995,0.69584656,0.8291276
baseline_abs_nocal_mse,3271,2019-05-05 01:45:00,67.22142,78.874084,11.652664,17.33475
baseline_abs_nocal_mse,3272,2019-05-05 02:00:00,57.047817,72.88661,15.838795,27.764067
baseline_abs_nocal_mse,3273,2019-05-05 02:15:00,81.25918,66.75179,14.507385,17.853228
baseline_abs_nocal_mse,3274,2019-05-05 02:30:00,74.919106,66.21595,8.7031555,11.616737
baseline_abs_nocal_mse,3275,2019-05-05 02:45:00,61.99679,67.34878,5.351986,8.632682
baseline_abs_nocal_mse,3276,2019-05-05 03:00:00,61.182537,66.93409,5.7515526,9.400644
baseline_abs_nocal_mse,3277,2019-05-05 03:15:00,78.48594,65.99228,12.49366,15.918342
baseline_abs_nocal_mse,3278,2019-05-05 03:30:00,64.7769,68.01697,3.2400665,5.001886
baseline_abs_nocal_mse,3279,2019-05-05 03:45:00,64.61161,68.68297,4.0713577,6.3012786
baseline_abs_nocal_mse,3280,2019-05-05 04:00:00,58.906517,68.58235,9.675835,16.425745
baseline_abs_nocal_mse,3281,2019-05-05 04:15:00,50.532467,67.35175,16.819286,33.28412
baseline_abs_nocal_mse,3282,2019-05-05 04:30:00,36.061085,65.134155,29.07307,80.621735
baseline_abs_nocal_mse,3283,2019-05-05 04:45:00,28.281935,61.40259,33.12066,117.10888
baseline_abs_nocal_mse,3284,2019-05-05 05:00:00,37.26256,57.250072,19.98751,53.639656
baseline_abs_nocal_mse,3285,2019-05-05 05:15:00,25.034925,55.94295,30.908026,123.459625
baseline_abs_nocal_mse,3286,2019-05-05 05:30:00,16.853811,55.091793,38.237984,226.88034
baseline_abs_nocal_mse,3287,2019-05-05 05:45:00,13.872423,54.618046,40.74562,293.71667
baseline_abs_nocal_mse,3288,2019-05-05 06:00:00,25.748432,55.012062,29.26363,113.652084
baseline_abs_nocal_mse,3289,2019-05-05 06:15:00,26.439188,57.560524,31.121336,117.70912
baseline_abs_nocal_mse,3290,2019-05-05 06:30:00,18.541235,61.295525,42.754288,230.5903
baseline_abs_nocal_mse,3291,2019-05-05 06:45:00,18.111235,64.77522,46.663986,257.65216
baseline_abs_nocal_mse,3292,2019-05-05 07:00:00,19.301754,68.14051,48.838757,253.02756
baseline_abs_nocal_mse,3293,2019-05-05 07:15:00,17.090982,71.41595,54.324966,317.85748
baseline_abs_nocal_mse,3294,2019-05-05 07:30:00,17.438549,74.46044,57.021893,326.9876
baseline_abs_nocal_mse,3295,2019-05-05 07:45:00,17.819344,77.52035,59.701004,335.0348
baseline_abs_nocal_mse,3296,2019-05-05 08:00:00,14.6537485,80.64454,65.99079,450.3339
baseline_abs_nocal_mse,3297,2019-05-05 08:15:00,18.598833,83.34617,64.74734,348.12582
baseline_abs_nocal_mse,3298,2019-05-05 08:30:00,34.02912,86.42837,52.399246,153.98355
baseline_abs_nocal_mse,3299,2019-05-05 08:45:00,36.145676,91.058334,54.91266,151.92041
baseline_abs_nocal_mse,3300,2019-05-05 09:00:00,29.06677,96.022644,66.95587,230.35194
baseline_abs_nocal_mse,3301,2019-05-05 09:15:00,48.525642,99.52428,50.998634,105.09626
baseline_abs_nocal_mse,3302,2019-05-05 09:30:00,47.365314,103.63328,56.267963,118.795715
baseline_abs_nocal_mse,3303,2019-05-05 09:45:00,66.56969,107.10711,40.537422,60.894714
baseline_abs_nocal_mse,3304,2019-05-05 10:00:00,57.763447,111.29731,53.533863,92.67775
baseline_abs_nocal_mse,3305,2019-05-05 10:15:00,53.194027,114.013466,60.81944,114.3351
baseline_abs_nocal_mse,3306,2019-05-05 10:30:00,76.666046,115.093056,38.42701,50.122597
baseline_abs_nocal_mse,3307,2019-05-05 10:45:00,77.43792,117.27824,39.840317,51.44807
baseline_abs_nocal_mse,3308,2019-05-05 11:00:00,85.89107,119.327286,33.43622,38.928635
baseline_abs_nocal_mse,3309,2019-05-05 11:15:00,59.755318,121.40838,61.65306,103.17586
baseline_abs_nocal_mse,3310,2019-05-05 11:30:00,59.01051,120.492294,61.481785,104.18786
baseline_abs_nocal_mse,3311,2019-05-05 11:45:00,115.2499,118.5898,3.3398972,2.8979611
baseline_abs_nocal_mse,3312,2019-05-05 12:00:00,72.15629,121.84311,49.68682,68.86
baseline_abs_nocal_mse,3313,2019-05-05 12:15:00,62.841156,122.13177,59.29061,94.34997
baseline_abs_nocal_mse,3314,2019-05-05 12:30:00,120.230095,120.22631,0.0037841797,0.003147448
baseline_abs_nocal_mse,3315,2019-05-05 12:45:00,96.88182,123.38312,26.501297,27.354252
baseline_abs_nocal_mse,3316,2019-05-05 13:00:00,113.70017,125.03925,11.339081,9.972792
baseline_abs_nocal_mse,3317,2019-05-05 13:15:00,91.28367,127.02966,35.745995,39.159245
baseline_abs_nocal_mse,3318,2019-05-05 13:30:00,106.44926,125.798096,19.348839,18.176584
baseline_abs_nocal_mse,3319,2019-05-05 13:45:00,101.337814,124.8035,23.465683,23.1559
baseline_abs_nocal_mse,3320,2019-05-05 14:00:00,107.43669,123.12776,15.691071,14.604945
baseline_abs_nocal_mse,3321,2019-05-05 14:15:00,110.77095,121.848564,11.077614,10.000468
baseline_abs_nocal_mse,3322,2019-05-05 14:30:00,122.43892,121.06742,1.3714981,1.1201488
baseline_abs_nocal_mse,3323,2019-05-05 14:45:00,102.668205,121.73593,19.067726,18.572182
baseline_abs_nocal_mse,3324,2019-05-05 15:00:00,124.14739,119.857445,4.2899475,3.4555275
baseline_abs_nocal_mse,3325,2019-05-05 15:15:00,97.26558,119.91252,22.646942,23.283615
baseline_abs_nocal_mse,3326,2019-05-05 15:30:00,175.80557,116.714355,59.091217,33.611687
baseline_abs_nocal_mse,3327,2019-05-05 15:45:00,117.58977,124.31135,6.7215805,5.7161274
baseline_abs_nocal_mse,3328,2019-05-05 16:00:00,135.26399,125.105064,10.158928,7.510445
baseline_abs_nocal_mse,3329,2019-05-05 16:15:00,150.5974,125.35201,25.245384,16.763493
baseline_abs_nocal_mse,3330,2019-05-05 16:30:00,120.69855,127.360214,6.661667,5.51926
baseline_abs_nocal_mse,3331,2019-05-05 16:45:00,109.3863,124.30457,14.918274,13.638155
baseline_abs_nocal_mse,3332,2019-05-05 17:00:00,138.29971,117.70835,20.591362,14.888941
baseline_abs_nocal_mse,3333,2019-05-05 17:15:00,114.356384,116.10342,1.7470322,1.5277085
baseline_abs_nocal_mse,3334,2019-05-05 17:30:00,141.84627,112.668915,29.177353,20.569702
baseline_abs_nocal_mse,3335,2019-05-05 17:45:00,116.866234,114.1971,2.669136,2.283924
baseline_abs_nocal_mse,3336,2019-05-05 18:00:00,140.93631,112.983376,27.952934,19.833735
baseline_abs_nocal_mse,3337,2019-05-05 18:15:00,110.49285,115.3594,4.8665466,4.4043994
baseline_abs_nocal_mse,3338,2019-05-05 18:30:00,145.02937,112.78799,32.241386,22.230934
baseline_abs_nocal_mse,3339,2019-05-05 18:45:00,131.78839,115.272514,16.515877,12.532118
baseline_abs_nocal_mse,3340,2019-05-05 19:00:00,127.6101,116.51521,11.094887,8.694365
baseline_abs_nocal_mse,3341,2019-05-05 19:15:00,147.5856,115.88608,31.699524,21.478739
baseline_abs_nocal_mse,3342,2019-05-05 19:30:00,140.5484,118.471565,22.076836,15.707639
baseline_abs_nocal_mse,3343,2019-05-05 19:45:00,139.73943,120.04301,19.696419,14.095105
baseline_abs_nocal_mse,3344,2019-05-05 20:00:00,174.7188,120.41172,54.307076,31.082561
baseline_abs_nocal_mse,3345,2019-05-05 20:15:00,147.28651,126.9905,20.296013,13.779953
baseline_abs_nocal_mse,3346,2019-05-05 20:30:00,132.77483,128.48584,4.288986,3.2302709
baseline_abs_nocal_mse,3347,2019-05-05 20:45:00,162.74535,124.43603,38.30932,23.539425
baseline_abs_nocal_mse,3348,2019-05-05 21:00:00,176.20695,124.92468,51.282272,29.103432
baseline_abs_nocal_mse,3349,2019-05-05 21:15:00,205.06758,129.60468,75.462906,36.79904
baseline_abs_nocal_mse,3350,2019-05-05 21:30:00,208.9659,140.68324,68.28265,32.67646
baseline_abs_nocal_mse,3351,2019-05-05 21:45:00,224.3419,152.01701,72.32489,32.23869
baseline_abs_nocal_mse,3352,2019-05-05 22:00:00,243.28746,163.29984,79.987625,32.877823
baseline_abs_nocal_mse,3353,2019-05-05 22:15:00,219.95462,175.01431,44.940308,20.431627
baseline_abs_nocal_mse,3354,2019-05-05 22:30:00,172.2784,177.15659,4.878189,2.8315732
baseline_abs_nocal_mse,3355,2019-05-05 22:45:00,202.85799,163.50134,39.356644,19.401083
baseline_abs_nocal_mse,3356,2019-05-05 23:00:00,215.56172,154.43864,61.123077,28.355255
baseline_abs_nocal_mse,3357,2019-05-05 23:15:00,204.2758,152.11032,52.16548,25.53679
baseline_abs_nocal_mse,3358,2019-05-05 23:30:00,167.80154,150.73099,17.070557,10.173063
baseline_abs_nocal_mse,3359,2019-05-05 23:45:00,87.68987,142.54456,54.854683,62.555325
delta_nocal_huber,2688,2019-04-29 00:00:00,160.71133,156.90276,3.8085785,2.3698258
delta_nocal_huber,2689,2019-04-29 00:15:00,157.0701,157.52486,0.4547577,0.2895253
delta_nocal_huber,2690,2019-04-29 00:30:00,154.244,154.015,0.2290039,0.1484686
delta_nocal_huber,2691,2019-04-29 00:45:00,136.81113,151.44406,14.632935,10.69572
delta_nocal_huber,2692,2019-04-29 01:00:00,126.43498,134.41565,7.980667,6.3120723
delta_nocal_huber,2693,2019-04-29 01:15:00,98.2447,124.48831,26.243614,26.712498
delta_nocal_huber,2694,2019-04-29 01:30:00,83.880226,96.580765,12.700539,15.141278
delta_nocal_huber,2695,2019-04-29 01:45:00,85.43559,82.55966,2.8759308,3.3661976
delta_nocal_huber,2696,2019-04-29 02:00:00,65.63837,84.352806,18.71444,28.511435
delta_nocal_huber,2697,2019-04-29 02:15:00,62.175,64.68675,2.511753,4.039812
delta_nocal_huber,2698,2019-04-29 02:30:00,61.91144,61.4108,0.50064087,0.8086403
delta_nocal_huber,2699,2019-04-29 02:45:00,65.129135,61.425095,3.7040405,5.6872253
delta_nocal_huber,2700,2019-04-29 03:00:00,38.70569,64.99765,26.291962,67.9279
delta_nocal_huber,2701,2019-04-29 03:15:00,40.42183,38.74418,1.6776505,4.1503572
delta_nocal_huber,2702,2019-04-29 03:30:00,30.927319,40.634663,9.707344,31.387604
delta_nocal_huber,2703,2019-04-29 03:45:00,30.075228,31.303934,1.2287064,4.085443
delta_nocal_huber,2704,2019-04-29 04:00:00,24.1078,30.527878,6.4200783,26.63071
delta_nocal_huber,2705,2019-04-29 04:15:00,24.730207,24.569334,0.16087341,0.6505138
delta_nocal_huber,2706,2019-04-29 04:30:00,21.124332,25.211794,4.0874615,19.34954
delta_nocal_huber,2707,2019-04-29 04:45:00,23.100521,21.637182,1.4633389,6.334657
delta_nocal_huber,2708,2019-04-29 05:00:00,32.196175,23.649118,8.547056,26.546806
delta_nocal_huber,2709,2019-04-29 05:15:00,42.098076,32.795486,9.302589,22.097422
delta_nocal_huber,2710,2019-04-29 05:30:00,39.22251,42.816624,3.5941124,9.163391
delta_nocal_huber,2711,2019-04-29 05:45:00,27.164865,40.07473,12.909864,47.524124
delta_nocal_huber,2712,2019-04-29 06:00:00,34.475307,28.094252,6.381056,18.509062
delta_nocal_huber,2713,2019-04-29 06:15:00,25.93506,35.48182,9.546759,36.81024
delta_nocal_huber,2714,2019-04-29 06:30:00,29.58071,26.976307,2.6044025,8.804395
delta_nocal_huber,2715,2019-04-29 06:45:00,47.99836,30.64971,17.34865,36.144257
delta_nocal_huber,2716,2019-04-29 07:00:00,70.49388,49.165073,21.328808,30.256254
delta_nocal_huber,2717,2019-04-29 07:15:00,90.06549,71.87619,18.1893,20.195637
delta_nocal_huber,2718,2019-04-29 07:30:00,83.12714,91.77738,8.650246,10.406043
delta_nocal_huber,2719,2019-04-29 07:45:00,97.02323,85.15751,11.865723,12.229774
delta_nocal_huber,2720,2019-04-29 08:00:00,80.496445,99.38534,18.888893,23.4655
delta_nocal_huber,2721,2019-04-29 08:15:00,97.226845,83.08349,14.143356,14.546761
delta_nocal_huber,2722,2019-04-29 08:30:00,92.727,100.006386,7.2793884,7.8503447
delta_nocal_huber,2723,2019-04-29 08:45:00,101.95749,95.61071,6.346779,6.2249265
delta_nocal_huber,2724,2019-04-29 09:00:00,119.30822,104.84024,14.467979,12.126556
delta_nocal_huber,2725,2019-04-29 09:15:00,88.71131,122.19035,33.479042,37.739315
delta_nocal_huber,2726,2019-04-29 09:30:00,69.21647,91.57586,22.35939,32.30357
delta_nocal_huber,2727,2019-04-29 09:45:00,83.45688,72.0442,11.412682,13.674945
delta_nocal_huber,2728,2019-04-29 10:00:00,78.56983,86.23156,7.661728,9.751489
delta_nocal_huber,2729,2019-04-29 10:15:00,88.632385,81.23517,7.397217,8.345953
delta_nocal_huber,2730,2019-04-29 10:30:00,75.12909,91.22562,16.096527,21.42516
delta_nocal_huber,2731,2019-04-29 10:45:00,75.80483,77.63144,1.8266068,2.409618
delta_nocal_huber,2732,2019-04-29 11:00:00,81.228355,78.19947,3.028885,3.7288518
delta_nocal_huber,2733,2019-04-29 11:15:00,95.57491,83.554665,12.020248,12.576781
delta_nocal_huber,2734,2019-04-29 11:30:00,99.05851,97.91925,1.1392593,1.1500872
delta_nocal_huber,2735,2019-04-29 11:45:00,92.43672,101.47124,9.034515,9.773729
delta_nocal_huber,2736,2019-04-29 12:00:00,144.76991,94.90363,49.86628,34.445198
delta_nocal_huber,2737,2019-04-29 12:15:00,173.03966,147.4075,25.632156,14.81288
delta_nocal_huber,2738,2019-04-29 12:30:00,183.64317,175.88957,7.753601,4.222101
delta_nocal_huber,2739,2019-04-29 12:45:00,204.84901,186.55475,18.294266,8.93061
delta_nocal_huber,2740,2019-04-29 13:00:00,243.3266,207.79274,35.53386,14.60336
delta_nocal_huber,2741,2019-04-29 13:15:00,205.10435,246.29283,41.188477,20.081717
delta_nocal_huber,2742,2019-04-29 13:30:00,181.0352,208.08437,27.049164,14.941384
delta_nocal_huber,2743,2019-04-29 13:45:00,148.8819,183.97108,35.089188,23.568472
delta_nocal_huber,2744,2019-04-29 14:00:00,144.54718,151.686,7.1388245,4.9387503
delta_nocal_huber,2745,2019-04-29 14:15:00,156.44606,147.1686,9.277466,5.930137
delta_nocal_huber,2746,2019-04-29 14:30:00,136.00374,158.91476,22.911026,16.845879
delta_nocal_huber,2747,2019-04-29 14:45:00,130.83182,138.34885,7.517029,5.7455664
delta_nocal_huber,2748,2019-04-29 15:00:00,107.83934,133.08765,25.248306,23.412891
delta_nocal_huber,2749,2019-04-29 15:15:00,101.24244,110.043396,8.800957,8.692952
delta_nocal_huber,2750,2019-04-29 15:30:00,109.53982,103.27284,6.2669754,5.7211847
delta_nocal_huber,2751,2019-04-29 15:45:00,105.47917,111.466064,5.9868927,5.6759005
delta_nocal_huber,2752,2019-04-29 16:00:00,114.62477,107.35512,7.2696533,6.3421307
delta_nocal_huber,2753,2019-04-29 16:15:00,111.96394,116.51322,4.5492783,4.0631638
delta_nocal_huber,2754,2019-04-29 16:30:00,126.29993,113.86656,12.433365,9.8443165
delta_nocal_huber,2755,2019-04-29 16:45:00,119.598206,128.25023,8.652023,7.234242
delta_nocal_huber,2756,2019-04-29 17:00:00,153.53519,121.61118,31.924004,20.792631
delta_nocal_huber,2757,2019-04-29 17:15:00,168.09651,155.67465,12.42186,7.389719
delta_nocal_huber,2758,2019-04-29 17:30:00,139.95586,170.41893,30.463074,21.766203
delta_nocal_huber,2759,2019-04-29 17:45:00,176.5917,142.4125,34.1792,19.354929
delta_nocal_huber,2760,2019-04-29 18:00:00,160.74718,179.18846,18.441284,11.472229
delta_nocal_huber,2761,2019-04-29 18:15:00,214.69365,163.36061,51.33304,23.9099
delta_nocal_huber,2762,2019-04-29 18:30:00,215.17982,217.32324,2.1434174,0.9961052
delta_nocal_huber,2763,2019-04-29 18:45:00,164.78413,217.77693,52.992798,32.15892
delta_nocal_huber,2764,2019-04-29 19:00:00,175.81477,167.29562,8.51915,4.8455257
delta_nocal_huber,2765,2019-04-29 19:15:00,189.42035,178.23096,11.189392,5.9071755
delta_nocal_huber,2766,2019-04-29 19:30:00,169.71008,191.74107,22.03099,12.9815445
delta_nocal_huber,2767,2019-04-29 19:45:00,187.61433,171.93527,15.679062,8.35707
delta_nocal_huber,2768,2019-04-29 20:00:00,187.9461,189.75505,1.8089447,0.96248055
delta_nocal_huber,2769,2019-04-29 20:15:00,165.27438,190.00859,24.734207,14.965542
delta_nocal_huber,2770,2019-04-29 20:30:00,216.03633,167.26529,48.77104,22.575388
delta_nocal_huber,2771,2019-04-29 20:45:00,231.21889,217.97157,13.247314,5.729339
delta_nocal_huber,2772,2019-04-29 21:00:00,224.0286,233.1014,9.0728,4.04984
delta_nocal_huber,2773,2019-04-29 21:15:00,276.95377,225.79974,51.154022,18.47024
delta_nocal_huber,2774,2019-04-29 21:30:00,299.09906,278.5698,20.529266,6.8637013
delta_nocal_huber,2775,2019-04-29 21:45:00,290.775,300.49072,9.715729,3.341322
delta_nocal_huber,2776,2019-04-29 22:00:00,319.28912,291.6296,27.659515,8.662843
delta_nocal_huber,2777,2019-04-29 22:15:00,306.79672,319.49985,12.703125,4.1405673
delta_nocal_huber,2778,2019-04-29 22:30:00,328.66425,306.36316,22.301086,6.7853703
delta_nocal_huber,2779,2019-04-29 22:45:00,265.40518,327.5748,62.169617,23.424417
delta_nocal_huber,2780,2019-04-29 23:00:00,239.59126,263.80582,24.214554,10.106609
delta_nocal_huber,2781,2019-04-29 23:15:00,241.27301,237.68997,3.5830383,1.4850556
delta_nocal_huber,2782,2019-04-29 23:30:00,194.81544,239.23807,44.422623,22.802412
delta_nocal_huber,2783,2019-04-29 23:45:00,155.04216,192.88971,37.84755,24.411135
delta_nocal_huber,2784,2019-04-30 00:00:00,162.71187,153.52496,9.186905,5.6461186
delta_nocal_huber,2785,2019-04-30 00:15:00,150.38388,161.5613,11.177414,7.4325876
delta_nocal_huber,2786,2019-04-30 00:30:00,140.64842,149.33008,8.681656,6.1725936
delta_nocal_huber,2787,2019-04-30 00:45:00,135.4528,139.7444,4.2915955,3.1683326
delta_nocal_huber,2788,2019-04-30 01:00:00,119.32404,134.73279,15.408745,12.913362
delta_nocal_huber,2789,2019-04-30 01:15:00,83.31167,118.74286,35.43119,42.52849
delta_nocal_huber,2790,2019-04-30 01:30:00,80.40553,82.89221,2.486679,3.0926716
delta_nocal_huber,2791,2019-04-30 01:45:00,74.489586,80.04007,5.5504837,7.4513555
delta_nocal_huber,2792,2019-04-30 02:00:00,54.762165,74.247986,19.48582,35.582634
delta_nocal_huber,2793,2019-04-30 02:15:00,59.22302,54.529293,4.6937256,7.925509
delta_nocal_huber,2794,2019-04-30 02:30:00,53.618916,59.108513,5.4895973,10.238173
delta_nocal_huber,2795,2019-04-30 02:45:00,55.065426,53.68163,1.3837967,2.5130045
delta_nocal_huber,2796,2019-04-30 03:00:00,50.951664,55.266003,4.3143387,8.467512
delta_nocal_huber,2797,2019-04-30 03:15:00,49.909725,51.3402,1.4304733,2.8661213
delta_nocal_huber,2798,2019-04-30 03:30:00,33.689598,50.47903,16.789433,49.83566
delta_nocal_huber,2799,2019-04-30 03:45:00,36.130592,34.33861,1.7919807,4.9597325
delta_nocal_huber,2800,2019-04-30 04:00:00,94.31413,36.827393,57.48674,60.95241
delta_nocal_huber,2801,2019-04-30 04:15:00,69.679634,95.23879,25.559158,36.68096
delta_nocal_huber,2802,2019-04-30 04:30:00,40.35557,70.84633,30.490757,75.55526
delta_nocal_huber,2803,2019-04-30 04:45:00,47.796192,41.65385,6.1423416,12.85111
delta_nocal_huber,2804,2019-04-30 05:00:00,29.732048,49.187416,19.455368,65.435684
delta_nocal_huber,2805,2019-04-30 05:15:00,27.387207,31.089127,3.7019196,13.516967
delta_nocal_huber,2806,2019-04-30 05:30:00,23.441996,28.663893,5.221897,22.275822
delta_nocal_huber,2807,2019-04-30 05:45:00,22.697931,24.614782,1.916851,8.445047
delta_nocal_huber,2808,2019-04-30 06:00:00,38.346462,23.769817,14.576645,38.013012
delta_nocal_huber,2809,2019-04-30 06:15:00,26.634792,39.40407,12.7692795,47.9421
delta_nocal_huber,2810,2019-04-30 06:30:00,28.00024,27.676447,0.3237934,1.1563951
delta_nocal_huber,2811,2019-04-30 06:45:00,46.256893,29.016407,17.240486,37.27117
delta_nocal_huber,2812,2019-04-30 07:00:00,47.451702,47.335003,0.11669922,0.24593262
delta_nocal_huber,2813,2019-04-30 07:15:00,85.047905,48.63481,36.413094,42.814804
delta_nocal_huber,2814,2019-04-30 07:30:00,85.524704,86.502556,0.97785187,1.1433561
delta_nocal_huber,2815,2019-04-30 07:45:00,68.78471,87.30354,18.51883,26.922884
delta_nocal_huber,2816,2019-04-30 08:00:00,87.43983,70.807556,16.63227,19.02139
delta_nocal_huber,2817,2019-04-30 08:15:00,85.92962,89.712585,3.7829666,4.4024014
delta_nocal_huber,2818,2019-04-30 08:30:00,89.05439,88.41824,0.63614655,0.71433485
delta_nocal_huber,2819,2019-04-30 08:45:00,105.43517,91.72652,13.708656,13.001977
delta_nocal_huber,2820,2019-04-30 09:00:00,79.13189,108.293495,29.161606,36.851902
delta_nocal_huber,2821,2019-04-30 09:15:00,54.219666,81.998604,27.778938,51.234066
delta_nocal_huber,2822,2019-04-30 09:30:00,61.17377,56.977047,4.196724,6.860332
delta_nocal_huber,2823,2019-04-30 09:45:00,70.55815,63.753876,6.8042755,9.6435
delta_nocal_huber,2824,2019-04-30 10:00:00,66.061646,73.000694,6.939049,10.5039
delta_nocal_huber,2825,2019-04-30 10:15:00,60.384045,68.38293,7.9988823,13.246682
delta_nocal_huber,2826,2019-04-30 10:30:00,75.49118,62.58251,12.9086685,17.099571
delta_nocal_huber,2827,2019-04-30 10:45:00,69.344284,77.64383,8.299545,11.968608
delta_nocal_huber,2828,2019-04-30 11:00:00,60.48498,71.46713,10.982151,18.156824
delta_nocal_huber,2829,2019-04-30 11:15:00,85.60705,62.553802,23.053246,26.929144
delta_nocal_huber,2830,2019-04-30 11:30:00,99.12348,87.720406,11.403076,11.50391
delta_nocal_huber,2831,2019-04-30 11:45:00,96.50794,101.3746,4.866661,5.042757
delta_nocal_huber,2832,2019-04-30 12:00:00,136.62521,98.90961,37.715607,27.605158
delta_nocal_huber,2833,2019-04-30 12:15:00,165.25746,139.30981,25.947647,15.701346
delta_nocal_huber,2834,2019-04-30 12:30:00,201.20117,168.13118,33.069992,16.436281
delta_nocal_huber,2835,2019-04-30 12:45:00,186.84157,204.14658,17.305008,9.261862
delta_nocal_huber,2836,2019-04-30 13:00:00,184.8816,189.83965,4.9580383,2.681737
delta_nocal_huber,2837,2019-04-30 13:15:00,196.51485,187.90479,8.610062,4.38138
delta_nocal_huber,2838,2019-04-30 13:30:00,166.40164,199.54053,33.138885,19.914999
delta_nocal_huber,2839,2019-04-30 13:45:00,159.74878,169.40309,9.654312,6.043434
delta_nocal_huber,2840,2019-04-30 14:00:00,142.14774,162.65668,20.508942,14.427906
delta_nocal_huber,2841,2019-04-30 14:15:00,154.7196,144.94736,9.772247,6.3161016
delta_nocal_huber,2842,2019-04-30 14:30:00,121.45088,157.37422,35.92334,29.578491
delta_nocal_huber,2843,2019-04-30 14:45:00,97.36367,123.97553,26.611862,27.332434
delta_nocal_huber,2844,2019-04-30 15:00:00,93.29706,99.78807,6.4910126,6.9573603
delta_nocal_huber,2845,2019-04-30 15:15:00,114.29835,95.584305,18.714043,16.372976
delta_nocal_huber,2846,2019-04-30 15:30:00,100.23482,116.46388,16.229065,16.191046
delta_nocal_huber,2847,2019-04-30 15:45:00,122.00444,102.31734,19.687103,16.136383
delta_nocal_huber,2848,2019-04-30 16:00:00,131.61809,124.05626,7.5618286,5.7452807
delta_nocal_huber,2849,2019-04-30 16:15:00,116.9332,133.68579,16.752594,14.326636
delta_nocal_huber,2850,2019-04-30 16:30:00,118.620094,119.0279,0.4078064,0.343792
delta_nocal_huber,2851,2019-04-30 16:45:00,135.99228,120.752174,15.240105,11.206595
delta_nocal_huber,2852,2019-04-30 17:00:00,147.06065,138.19794,8.862717,6.026572
delta_nocal_huber,2853,2019-04-30 17:15:00,138.88687,149.37651,10.489639,7.55265
delta_nocal_huber,2854,2019-04-30 17:30:00,133.87578,141.30554,7.429764,5.5497446
delta_nocal_huber,2855,2019-04-30 17:45:00,152.99687,136.36516,16.631714,10.870624
delta_nocal_huber,2856,2019-04-30 18:00:00,156.42882,155.57193,0.8568878,0.5477813
delta_nocal_huber,2857,2019-04-30 18:15:00,169.48357,159.05814,10.42543,6.151293
delta_nocal_huber,2858,2019-04-30 18:30:00,163.75153,172.11995,8.368423,5.1104403
delta_nocal_huber,2859,2019-04-30 18:45:00,158.65945,166.3869,7.7274475,4.8704615
delta_nocal_huber,2860,2019-04-30 19:00:00,137.43298,161.28392,23.850937,17.354593
delta_nocal_huber,2861,2019-04-30 19:15:00,152.37007,140.02142,12.348648,8.104379
delta_nocal_huber,2862,2019-04-30 19:30:00,127.012634,154.90749,27.894852,21.962265
delta_nocal_huber,2863,2019-04-30 19:45:00,152.82056,129.50423,23.31633,15.257326
delta_nocal_huber,2864,2019-04-30 20:00:00,176.77701,155.27643,21.50058,12.162543
delta_nocal_huber,2865,2019-04-30 20:15:00,192.8659,179.20375,13.662155,7.083759
delta_nocal_huber,2866,2019-04-30 20:30:00,183.42355,195.26003,11.836472,6.453081
delta_nocal_huber,2867,2019-04-30 20:45:00,184.99048,185.78221,0.7917328,0.4279857
delta_nocal_huber,2868,2019-04-30 21:00:00,187.21275,187.30351,0.09075928,0.048479218
delta_nocal_huber,2869,2019-04-30 21:15:00,159.48889,189.47198,29.983093,18.799486
delta_nocal_huber,2870,2019-04-30 21:30:00,171.99127,161.6837,10.307571,5.993078
delta_nocal_huber,2871,2019-04-30 21:45:00,194.13834,174.12744,20.010895,10.307545
delta_nocal_huber,2872,2019-04-30 22:00:00,228.26318,196.22195,32.04123,14.036968
delta_nocal_huber,2873,2019-04-30 22:15:00,241.51045,230.30011,11.210342,4.6417627
delta_nocal_huber,2874,2019-04-30 22:30:00,244.65936,243.4916,1.1677704,0.47730458
delta_nocal_huber,2875,2019-04-30 22:45:00,249.58542,246.52092,3.064499,1.2278358
delta_nocal_huber,2876,2019-04-30 23:00:00,247.2396,251.26122,4.0216217,1.6266091
delta_nocal_huber,2877,2019-04-30 23:15:00,265.02014,248.70296,16.317184,6.15696
delta_nocal_huber,2878,2019-04-30 23:30:00,240.32338,266.09088,25.767502,10.7220125
delta_nocal_huber,2879,2019-04-30 23:45:00,158.54979,241.01561,82.46582,52.01257
delta_nocal_huber,2880,2019-05-01 00:00:00,155.03574,159.10437,4.068634,2.62432
delta_nocal_huber,2881,2019-05-01 00:15:00,144.84698,155.57262,10.725632,7.4048014
delta_nocal_huber,2882,2019-05-01 00:30:00,138.5144,145.52316,7.0087585,5.0599494
delta_nocal_huber,2883,2019-05-01 00:45:00,132.98547,139.40976,6.424286,4.8308177
delta_nocal_huber,2884,2019-05-01 01:00:00,156.10445,133.81317,22.291275,14.279718
delta_nocal_huber,2885,2019-05-01 01:15:00,143.25058,156.97423,13.723648,9.58017
delta_nocal_huber,2886,2019-05-01 01:30:00,110.402985,144.19759,33.7946,30.610224
delta_nocal_huber,2887,2019-05-01 01:45:00,97.31256,111.340836,14.028275,14.415688
delta_nocal_huber,2888,2019-05-01 02:00:00,86.71901,98.22826,11.509247,13.271885
delta_nocal_huber,2889,2019-05-01 02:15:00,83.89701,87.64628,3.7492676,4.468893
delta_nocal_huber,2890,2019-05-01 02:30:00,73.629074,84.89046,11.261383,15.29475
delta_nocal_huber,2891,2019-05-01 02:45:00,70.73996,74.684166,3.9442062,5.5756407
delta_nocal_huber,2892,2019-05-01 03:00:00,68.29298,71.822044,3.529068,5.1675415
delta_nocal_huber,2893,2019-05-01 03:15:00,68.851295,69.35112,0.49982452,0.72594786
delta_nocal_huber,2894,2019-05-01 03:30:00,62.69631,69.90456,7.208248,11.497086
delta_nocal_huber,2895,2019-05-01 03:45:00,50.407566,63.770725,13.363159,26.510223
delta_nocal_huber,2896,2019-05-01 04:00:00,43.28966,51.4926,8.202938,18.948954
delta_nocal_huber,2897,2019-05-01 04:15:00,53.277107,44.374043,8.903065,16.710863
delta_nocal_huber,2898,2019-05-01 04:30:00,35.423885,54.379776,18.95589,53.51161
delta_nocal_huber,2899,2019-05-01 04:45:00,47.45612,36.514122,10.941998,23.057083
delta_nocal_huber,2900,2019-05-01 05:00:00,37.72016,48.572437,10.852276,28.77049
delta_nocal_huber,2901,2019-05-01 05:15:00,21.84361,38.812935,16.969324,77.68553
delta_nocal_huber,2902,2019-05-01 05:30:00,25.453274,22.856619,2.596655,10.2016535
delta_nocal_huber,2903,2019-05-01 05:45:00,17.19933,26.393057,9.1937275,53.453987
delta_nocal_huber,2904,2019-05-01 06:00:00,16.19572,18.052137,1.8564167,11.462391
delta_nocal_huber,2905,2019-05-01 06:15:00,21.965464,16.966703,4.99876,22.757362
delta_nocal_huber,2906,2019-05-01 06:30:00,12.941642,22.696703,9.755061,75.37731
delta_nocal_huber,2907,2019-05-01 06:45:00,10.3884,13.61761,3.22921,31.084766
delta_nocal_huber,2908,2019-05-01 07:00:00,22.716663,10.993,11.723663,51.60821
delta_nocal_huber,2909,2019-05-01 07:15:00,17.236969,23.315325,6.078356,35.263485
delta_nocal_huber,2910,2019-05-01 07:30:00,22.082718,17.842121,4.240597,19.203238
delta_nocal_huber,2911,2019-05-01 07:45:00,30.278793,22.724035,7.554758,24.950657
delta_nocal_huber,2912,2019-05-01 08:00:00,40.850403,31.003075,9.847328,24.10583
delta_nocal_huber,2913,2019-05-01 08:15:00,46.865158,41.7166,5.1485596,10.985901
delta_nocal_huber,2914,2019-05-01 08:30:00,45.933895,47.91263,1.9787331,4.307784
delta_nocal_huber,2915,2019-05-01 08:45:00,62.406715,47.15841,15.248306,24.43376
delta_nocal_huber,2916,2019-05-01 09:00:00,67.527664,63.85339,3.6742744,5.4411397
delta_nocal_huber,2917,2019-05-01 09:15:00,61.402508,69.21277,7.810261,12.719774
delta_nocal_huber,2918,2019-05-01 09:30:00,59.779446,63.280373,3.500927,5.8564057
delta_nocal_huber,2919,2019-05-01 09:45:00,77.649216,61.796192,15.853024,20.416206
delta_nocal_huber,2920,2019-05-01 10:00:00,88.1261,79.833374,8.292725,9.410067
delta_nocal_huber,2921,2019-05-01 10:15:00,98.43567,90.51221,7.923462,8.049381
delta_nocal_huber,2922,2019-05-01 10:30:00,92.40783,101.05333,8.6455,9.355809
delta_nocal_huber,2923,2019-05-01 10:45:00,113.16377,95.1838,17.979973,15.888453
delta_nocal_huber,2924,2019-05-01 11:00:00,107.78299,116.03406,8.251068,7.65526
delta_nocal_huber,2925,2019-05-01 11:15:00,117.49064,110.658844,6.8317947,5.814757
delta_nocal_huber,2926,2019-05-01 11:30:00,113.30455,120.36848,7.0639267,6.23446
delta_nocal_huber,2927,2019-05-01 11:45:00,132.88963,116.177376,16.712257,12.576044
delta_nocal_huber,2928,2019-05-01 12:00:00,126.8769,135.76335,8.886452,7.003995
delta_nocal_huber,2929,2019-05-01 12:15:00,135.38724,129.74763,5.6396027,4.165535
delta_nocal_huber,2930,2019-05-01 12:30:00,125.74337,138.25525,12.511879,9.950329
delta_nocal_huber,2931,2019-05-01 12:45:00,119.95103,128.60062,8.64959,7.210934
delta_nocal_huber,2932,2019-05-01 13:00:00,132.6462,122.789986,9.856209,7.43045
delta_nocal_huber,2933,2019-05-01 13:15:00,141.31793,135.47237,5.845566,4.1364646
delta_nocal_huber,2934,2019-05-01 13:30:00,166.45233,144.13911,22.313217,13.4051695
delta_nocal_huber,2935,2019-05-01 13:45:00,169.05531,169.27391,0.21859741,0.12930526
delta_nocal_huber,2936,2019-05-01 14:00:00,135.51059,171.87816,36.36757,26.837439
delta_nocal_huber,2937,2019-05-01 14:15:00,146.21497,138.30481,7.9101562,5.40995
delta_nocal_huber,2938,2019-05-01 14:30:00,133.94232,148.97739,15.035065,11.225029
delta_nocal_huber,2939,2019-05-01 14:45:00,151.43454,136.66408,14.770462,9.753695
delta_nocal_huber,2940,2019-05-01 15:00:00,163.99442,154.12105,9.873367,6.0205507
delta_nocal_huber,2941,2019-05-01 15:15:00,168.73743,166.64786,2.089569,1.2383554
delta_nocal_huber,2942,2019-05-01 15:30:00,155.98973,171.36404,15.374313,9.855978
delta_nocal_huber,2943,2019-05-01 15:45:00,168.21689,158.56628,9.650604,5.7370005
delta_nocal_huber,2944,2019-05-01 16:00:00,144.56384,170.73447,26.170624,18.10316
delta_nocal_huber,2945,2019-05-01 16:15:00,158.93347,147.02399,11.909485,7.4933777
delta_nocal_huber,2946,2019-05-01 16:30:00,181.49792,161.34315,20.15477,11.104684
delta_nocal_huber,2947,2019-05-01 16:45:00,171.81958,183.86227,12.042694,7.0089183
delta_nocal_huber,2948,2019-05-01 17:00:00,139.85316,174.1415,34.28833,24.517378
delta_nocal_huber,2949,2019-05-01 17:15:00,151.79568,142.12872,9.666962,6.368403
delta_nocal_huber,2950,2019-05-01 17:30:00,169.12068,154.03226,15.088425,8.921691
delta_nocal_huber,2951,2019-05-01 17:45:00,163.76625,171.33047,7.5642242,4.618915
delta_nocal_huber,2952,2019-05-01 18:00:00,177.69397,165.95203,11.741943,6.607958
delta_nocal_huber,2953,2019-05-01 18:15:00,156.90071,179.86087,22.96016,14.63356
delta_nocal_huber,2954,2019-05-01 18:30:00,153.45547,159.0446,5.5891266,3.6421814
delta_nocal_huber,2955,2019-05-01 18:45:00,162.88783,155.57773,7.3101044,4.487815
delta_nocal_huber,2956,2019-05-01 19:00:00,161.65701,164.99464,3.3376312,2.0646374
delta_nocal_huber,2957,2019-05-01 19:15:00,152.30635,163.75183,11.44548,7.5147758
delta_nocal_huber,2958,2019-05-01 19:30:00,135.81993,154.39021,18.570282,13.672723
delta_nocal_huber,2959,2019-05-01 19:45:00,134.02245,137.87491,3.8524628,2.8744907
delta_nocal_huber,2960,2019-05-01 20:00:00,150.13704,136.02519,14.111847,9.39931
delta_nocal_huber,2961,2019-05-01 20:15:00,149.37303,152.12683,2.7537994,1.843572
delta_nocal_huber,2962,2019-05-01 20:30:00,198.96864,151.37332,47.59532,23.921017
delta_nocal_huber,2963,2019-05-01 20:45:00,193.40034,201.06943,7.6690826,3.9653924
delta_nocal_huber,2964,2019-05-01 21:00:00,204.50198,195.56091,8.941071,4.372119
delta_nocal_huber,2965,2019-05-01 21:15:00,221.4681,206.66048,14.807617,6.6861176
delta_nocal_huber,2966,2019-05-01 21:30:00,231.17017,223.60573,7.564438,3.272238
delta_nocal_huber,2967,2019-05-01 21:45:00,242.74153,233.26237,9.4791565,3.9050412
delta_nocal_huber,2968,2019-05-01 22:00:00,220.74861,244.76433,24.015717,10.879215
delta_nocal_huber,2969,2019-05-01 22:15:00,247.89201,222.62456,25.267456,10.192928
delta_nocal_huber,2970,2019-05-01 22:30:00,243.67815,249.56445,5.886307,2.4156072
delta_nocal_huber,2971,2019-05-01 22:45:00,212.8631,245.10773,32.24463,15.14806
delta_nocal_huber,2972,2019-05-01 23:00:00,219.16844,214.00279,5.1656494,2.3569312
delta_nocal_huber,2973,2019-05-01 23:15:00,208.15471,220.07283,11.918121,5.7256074
delta_nocal_huber,2974,2019-05-01 23:30:00,188.92175,208.89014,19.968384,10.569658
delta_nocal_huber,2975,2019-05-01 23:45:00,124.267944,189.5702,65.30226,52.549564
delta_nocal_huber,2976,2019-05-02 00:00:00,146.38623,125.01048,21.375748,14.602295
delta_nocal_huber,2977,2019-05-02 00:15:00,141.64499,147.31145,5.666458,4.000465
delta_nocal_huber,2978,2019-05-02 00:30:00,131.68462,142.5554,10.870789,8.25517
delta_nocal_huber,2979,2019-05-02 00:45:00,118.341385,132.59177,14.250381,12.041757
delta_nocal_huber,2980,2019-05-02 01:00:00,91.267746,119.25656,27.988815,30.66671
delta_nocal_huber,2981,2019-05-02 01:15:00,80.49822,92.06857,11.570351,14.373424
delta_nocal_huber,2982,2019-05-02 01:30:00,79.81402,81.23679,1.4227753,1.7826133
delta_nocal_huber,2983,2019-05-02 01:45:00,61.397686,80.57876,19.181072,31.240707
delta_nocal_huber,2984,2019-05-02 02:00:00,59.93349,62.143597,2.210106,3.6875975
delta_nocal_huber,2985,2019-05-02 02:15:00,58.852547,60.668972,1.8164253,3.0864005
delta_nocal_huber,2986,2019-05-02 02:30:00,52.129765,59.577095,7.4473305,14.286139
delta_nocal_huber,2987,2019-05-02 02:45:00,59.64214,52.87061,6.77153,11.3536
delta_nocal_huber,2988,2019-05-02 03:00:00,47.41965,60.43643,13.016781,27.450184
delta_nocal_huber,2989,2019-05-02 03:15:00,37.066837,48.260616,11.193779,30.198904
delta_nocal_huber,2990,2019-05-02 03:30:00,33.074577,37.9334,4.858822,14.690503
delta_nocal_huber,2991,2019-05-02 03:45:00,32.80785,33.93508,1.1272316,3.4358594
delta_nocal_huber,2992,2019-05-02 04:00:00,31.524874,33.65991,2.1350346,6.7725396
delta_nocal_huber,2993,2019-05-02 04:15:00,22.87086,32.362995,9.492136,41.50319
delta_nocal_huber,2994,2019-05-02 04:30:00,24.836267,23.659294,1.1769733,4.7389297
delta_nocal_huber,2995,2019-05-02 04:45:00,24.108303,25.592836,1.4845333,6.157768
delta_nocal_huber,2996,2019-05-02 05:00:00,26.858313,24.848228,2.0100842,7.48403
delta_nocal_huber,2997,2019-05-02 05:15:00,23.904787,27.610207,3.7054195,15.500742
delta_nocal_huber,2998,2019-05-02 05:30:00,18.716005,24.673754,5.9577484,31.832373
delta_nocal_huber,2999,2019-05-02 05:45:00,28.546646,19.467066,9.07958,31.80612
delta_nocal_huber,3000,2019-05-02 06:00:00,30.640917,29.324642,1.3162746,4.295807
delta_nocal_huber,3001,2019-05-02 06:15:00,30.12913,31.474483,1.3453541,4.4652934
delta_nocal_huber,3002,2019-05-02 06:30:00,44.94272,31.026926,13.915792,30.963398
delta_nocal_huber,3003,2019-05-02 06:45:00,46.391644,45.96477,0.42687225,0.920149
delta_nocal_huber,3004,2019-05-02 07:00:00,38.672844,47.561104,8.88826,22.983208
delta_nocal_huber,3005,2019-05-02 07:15:00,53.601307,39.95278,13.648525,25.463045
delta_nocal_huber,3006,2019-05-02 07:30:00,55.521793,55.02247,0.4993248,0.89933115
delta_nocal_huber,3007,2019-05-02 07:45:00,57.598766,57.09118,0.50758743,0.88124704
delta_nocal_huber,3008,2019-05-02 08:00:00,59.782448,59.310753,0.47169495,0.7890191
delta_nocal_huber,3009,2019-05-02 08:15:00,73.25185,61.62418,11.627666,15.873547
delta_nocal_huber,3010,2019-05-02 08:30:00,77.799576,75.257385,2.5421906,3.2676148
delta_nocal_huber,3011,2019-05-02 08:45:00,119.01012,79.98157,39.02855,32.79431
delta_nocal_huber,3012,2019-05-02 09:00:00,146.04866,121.520645,24.528015,16.794413
delta_nocal_huber,3013,2019-05-02 09:15:00,53.18158,148.89568,95.714096,179.97603
delta_nocal_huber,3014,2019-05-02 09:30:00,68.69591,56.067238,12.62867,18.383438
delta_nocal_huber,3015,2019-05-02 09:45:00,72.03373,71.55438,0.47934723,0.6654483
delta_nocal_huber,3016,2019-05-02 10:00:00,87.44181,74.84992,12.591888,14.400307
delta_nocal_huber,3017,2019-05-02 10:15:00,73.647385,90.187225,16.53984,22.45815
delta_nocal_huber,3018,2019-05-02 10:30:00,62.24346,76.28491,14.0414505,22.558918
delta_nocal_huber,3019,2019-05-02 10:45:00,54.839146,64.72548,9.886333,18.027876
delta_nocal_huber,3020,2019-05-02 11:00:00,82.00209,57.132313,24.869778,30.328222
delta_nocal_huber,3021,2019-05-02 11:15:00,70.265594,84.22556,13.959969,19.86743
delta_nocal_huber,3022,2019-05-02 11:30:00,61.308342,72.43548,11.127136,18.149466
delta_nocal_huber,3023,2019-05-02 11:45:00,68.975784,63.403164,5.5726204,8.079097
delta_nocal_huber,3024,2019-05-02 12:00:00,96.43427,71.02799,25.40628,26.345697
delta_nocal_huber,3025,2019-05-02 12:15:00,127.11754,98.576164,28.541374,22.452744
delta_nocal_huber,3026,2019-05-02 12:30:00,135.84245,129.52231,6.3201447,4.652555
delta_nocal_huber,3027,2019-05-02 12:45:00,147.35078,138.54294,8.807846,5.977468
delta_nocal_huber,3028,2019-05-02 13:00:00,157.97714,150.21803,7.7591095,4.9115396
delta_nocal_huber,3029,2019-05-02 13:15:00,140.27396,160.88776,20.6138,14.695387
delta_nocal_huber,3030,2019-05-02 13:30:00,138.32114,143.20444,4.883301,3.5304081
delta_nocal_huber,3031,2019-05-02 13:45:00,110.246254,141.25224,31.00599,28.124302
delta_nocal_huber,3032,2019-05-02 14:00:00,127.01949,113.148056,13.871437,10.920715
delta_nocal_huber,3033,2019-05-02 14:15:00,105.73599,129.89108,24.15509,22.844719
delta_nocal_huber,3034,2019-05-02 14:30:00,105.78033,108.55256,2.772232,2.6207445
delta_nocal_huber,3035,2019-05-02 14:45:00,91.91358,108.53792,16.624336,18.08692
delta_nocal_huber,3036,2019-05-02 15:00:00,106.34636,94.5695,11.776855,11.074056
delta_nocal_huber,3037,2019-05-02 15:15:00,88.06931,108.88041,20.811096,23.630362
delta_nocal_huber,3038,2019-05-02 15:30:00,89.97066,90.47925,0.5085907,0.5652851
delta_nocal_huber,3039,2019-05-02 15:45:00,102.31086,92.284386,10.026474,9.80001
delta_nocal_huber,3040,2019-05-02 16:00:00,85.77134,104.59174,18.820404,21.942532
delta_nocal_huber,3041,2019-05-02 16:15:00,89.385086,88.01655,1.3685379,1.5310584
delta_nocal_huber,3042,2019-05-02 16:30:00,103.14524,91.61395,11.531288,11.179661
delta_nocal_huber,3043,2019-05-02 16:45:00,104.00908,105.40368,1.3945999,1.3408444
delta_nocal_huber,3044,2019-05-02 17:00:00,88.331825,106.318756,17.98693,20.362911
delta_nocal_huber,3045,2019-05-02 17:15:00,88.48473,90.6571,2.1723633,2.4550714
delta_nocal_huber,3046,2019-05-02 17:30:00,92.345215,90.81348,1.5317383,1.6587089
delta_nocal_huber,3047,2019-05-02 17:45:00,79.33458,94.67442,15.339844,19.335634
delta_nocal_huber,3048,2019-05-02 18:00:00,88.38123,81.61921,6.762024,7.650973
delta_nocal_huber,3049,2019-05-02 18:15:00,113.81923,90.646545,23.172684,20.3592
delta_nocal_huber,3050,2019-05-02 18:30:00,96.383064,116.185234,19.80217,20.54528
delta_nocal_huber,3051,2019-05-02 18:45:00,87.46976,98.815796,11.346039,12.971385
delta_nocal_huber,3052,2019-05-02 19:00:00,96.38274,89.915146,6.4675903,6.71032
delta_nocal_huber,3053,2019-05-02 19:15:00,99.599594,98.844925,0.7546692,0.75770307
delta_nocal_huber,3054,2019-05-02 19:30:00,119.86627,102.08695,17.77932,14.832629
delta_nocal_huber,3055,2019-05-02 19:45:00,120.96101,122.42696,1.46595,1.2119194
delta_nocal_huber,3056,2019-05-02 20:00:00,110.38349,123.60901,13.225517,11.981427
delta_nocal_huber,3057,2019-05-02 20:15:00,134.36072,113.083275,21.277443,15.836059
delta_nocal_huber,3058,2019-05-02 20:30:00,145.39499,137.14519,8.249802,5.674062
delta_nocal_huber,3059,2019-05-02 20:45:00,164.71834,148.25452,16.463821,9.995135
delta_nocal_huber,3060,2019-05-02 21:00:00,178.10353,167.59409,10.509445,5.9007506
delta_nocal_huber,3061,2019-05-02 21:15:00,177.61996,180.9864,3.3664398,1.8953048
delta_nocal_huber,3062,2019-05-02 21:30:00,169.52115,180.50435,10.9832,6.4789557
delta_nocal_huber,3063,2019-05-02 21:45:00,208.01247,172.37842,35.63405,17.130728
delta_nocal_huber,3064,2019-05-02 22:00:00,185.49477,210.84016,25.345398,13.663673
delta_nocal_huber,3065,2019-05-02 22:15:00,168.95605,188.27727,19.321213,11.435643
delta_nocal_huber,3066,2019-05-02 22:30:00,181.21442,171.6243,9.590118,5.292139
delta_nocal_huber,3067,2019-05-02 22:45:00,151.65474,183.7528,32.09807,21.165226
delta_nocal_huber,3068,2019-05-02 23:00:00,164.9421,154.0673,10.874786,6.5930934
delta_nocal_huber,3069,2019-05-02 23:15:00,151.17046,167.24887,16.078415,10.63595
delta_nocal_huber,3070,2019-05-02 23:30:00,109.23763,153.38919,44.151558,40.4179
delta_nocal_huber,3071,2019-05-02 23:45:00,74.97339,111.385445,36.412056,48.56664
delta_nocal_huber,3072,2019-05-03 00:00:00,153.57036,76.98895,76.581406,49.86731
delta_nocal_huber,3073,2019-05-03 00:15:00,157.60274,155.5028,2.0999298,1.3324196
delta_nocal_huber,3074,2019-05-03 00:30:00,159.03976,159.54634,0.50657654,0.31852195
delta_nocal_huber,3075,2019-05-03 00:45:00,142.65604,161.04305,18.387009,12.88905
delta_nocal_huber,3076,2019-05-03 01:00:00,69.46322,144.70944,75.24622,108.32528
delta_nocal_huber,3077,2019-05-03 01:15:00,55.30534,71.45201,16.146671,29.195503
delta_nocal_huber,3078,2019-05-03 01:30:00,67.37357,57.189114,10.18446,15.116401
delta_nocal_huber,3079,2019-05-03 01:45:00,60.81263,69.15096,8.338333,13.711515
delta_nocal_huber,3080,2019-05-03 02:00:00,35.830948,62.39814,26.567192,74.145935
delta_nocal_huber,3081,2019-05-03 02:15:00,40.993835,37.1464,3.847435,9.385399
delta_nocal_huber,3082,2019-05-03 02:30:00,28.905476,42.104794,13.199318,45.66373
delta_nocal_huber,3083,2019-05-03 02:45:00,30.256275,29.848766,0.40750885,1.3468573
delta_nocal_huber,3084,2019-05-03 03:00:00,36.76713,31.084631,5.682501,15.455383
delta_nocal_huber,3085,2019-05-03 03:15:00,24.669191,37.53012,12.8609295,52.133568
delta_nocal_huber,3086,2019-05-03 03:30:00,19.263079,25.37119,6.1081104,31.708899
delta_nocal_huber,3087,2019-05-03 03:45:00,14.285483,19.889698,5.6042147,39.230137
delta_nocal_huber,3088,2019-05-03 04:00:00,10.74827,14.848396,4.1001263,38.146847
delta_nocal_huber,3089,2019-05-03 04:15:00,9.635912,11.256028,1.6201162,16.813316
delta_nocal_huber,3090,2019-05-03 04:30:00,12.296307,10.101233,2.195074,17.851492
delta_nocal_huber,3091,2019-05-03 04:45:00,9.353482,12.746511,3.3930292,36.27557
delta_nocal_huber,3092,2019-05-03 05:00:00,26.238724,9.766964,16.47176,62.77653
delta_nocal_huber,3093,2019-05-03 05:15:00,6.9327216,26.676222,19.7435,284.78714
delta_nocal_huber,3094,2019-05-03 05:30:00,4.2110705,8.720405,4.509334,107.08284
delta_nocal_huber,3095,2019-05-03 05:45:00,7.2621026,8.720405,1.458302,20.08099
delta_nocal_huber,3096,2019-05-03 06:00:00,19.120996,8.720405,10.400592,54.393566
delta_nocal_huber,3097,2019-05-03 06:15:00,19.019718,19.583216,0.56349754,2.9627018
delta_nocal_huber,3098,2019-05-03 06:30:00,13.363261,19.542395,6.1791334,46.239708
delta_nocal_huber,3099,2019-05-03 06:45:00,26.612965,13.940222,12.672743,47.618683
delta_nocal_huber,3100,2019-05-03 07:00:00,49.037807,27.285261,21.752546,44.358723
delta_nocal_huber,3101,2019-05-03 07:15:00,44.618046,49.908745,5.290699,11.857757
delta_nocal_huber,3102,2019-05-03 07:30:00,53.24999,45.69717,7.5528183,14.183701
delta_nocal_huber,3103,2019-05-03 07:45:00,37.063435,54.553688,17.490253,47.19005
delta_nocal_huber,3104,2019-05-03 08:00:00,65.05332,38.506092,26.54723,40.808414
delta_nocal_huber,3105,2019-05-03 08:15:00,45.76074,66.69005,20.92931,45.73639
delta_nocal_huber,3106,2019-05-03 08:30:00,48.33248,47.51413,0.81835175,1.6931715
delta_nocal_huber,3107,2019-05-03 08:45:00,47.59852,50.15892,2.560402,5.3791633
delta_nocal_huber,3108,2019-05-03 09:00:00,45.601402,49.462868,3.8614655,8.467866
delta_nocal_huber,3109,2019-05-03 09:15:00,40.847015,47.47005,6.6230354,16.214245
delta_nocal_huber,3110,2019-05-03 09:30:00,49.49134,42.681374,6.809967,13.759917
delta_nocal_huber,3111,2019-05-03 09:45:00,39.352135,51.309074,11.95694,30.384476
delta_nocal_huber,3112,2019-05-03 10:00:00,51.57736,41.120403,10.456955,20.274313
delta_nocal_huber,3113,2019-05-03 10:15:00,45.10816,53.334393,8.226234,18.236689
delta_nocal_huber,3114,2019-05-03 10:30:00,46.441254,46.84661,0.40535736,0.872839
delta_nocal_huber,3115,2019-05-03 10:45:00,47.863255,48.16315,0.29989624,0.6265688
delta_nocal_huber,3116,2019-05-03 11:00:00,46.81507,49.57721,2.7621384,5.900105
delta_nocal_huber,3117,2019-05-03 11:15:00,54.941513,48.5207,6.4208145,11.686636
delta_nocal_huber,3118,2019-05-03 11:30:00,57.913555,56.67281,1.2407455,2.1424096
delta_nocal_huber,3119,2019-05-03 11:45:00,64.45061,59.69586,4.7547455,7.377348
delta_nocal_huber,3120,2019-05-03 12:00:00,84.734375,66.317215,18.41716,21.735168
delta_nocal_huber,3121,2019-05-03 12:15:00,89.43616,86.77337,2.6627884,2.9773064
delta_nocal_huber,3122,2019-05-03 12:30:00,95.09265,91.688805,3.4038467,3.5795054
delta_nocal_huber,3123,2019-05-03 12:45:00,116.45649,97.57631,18.88018,16.21222
delta_nocal_huber,3124,2019-05-03 13:00:00,110.5908,119.224014,8.633217,7.806452
delta_nocal_huber,3125,2019-05-03 13:15:00,90.29175,113.45986,23.168114,25.65917
delta_nocal_huber,3126,2019-05-03 13:30:00,106.25156,93.158775,13.092781,12.322437
delta_nocal_huber,3127,2019-05-03 13:45:00,111.97952,109.113,2.8665237,2.559864
delta_nocal_huber,3128,2019-05-03 14:00:00,157.32037,114.83617,42.484207,27.004898
delta_nocal_huber,3129,2019-05-03 14:15:00,90.0452,160.19514,70.14995,77.90526
delta_nocal_huber,3130,2019-05-03 14:30:00,111.484436,92.904854,18.579582,16.665628
delta_nocal_huber,3131,2019-05-03 14:45:00,84.331215,114.32536,29.994148,35.567078
delta_nocal_huber,3132,2019-05-03 15:00:00,115.93182,87.138084,28.79374,24.836786
delta_nocal_huber,3133,2019-05-03 15:15:00,90.684715,118.72026,28.035545,30.915403
delta_nocal_huber,3134,2019-05-03 15:30:00,97.2563,93.40413,3.8521729,3.9608464
delta_nocal_huber,3135,2019-05-03 15:45:00,116.110115,99.89106,16.219055,13.968684
delta_nocal_huber,3136,2019-05-03 16:00:00,104.69552,118.72443,14.028908,13.399722
delta_nocal_huber,3137,2019-05-03 16:15:00,98.62006,107.29109,8.671028,8.792357
delta_nocal_huber,3138,2019-05-03 16:30:00,88.28511,101.18435,12.899239,14.6108885
delta_nocal_huber,3139,2019-05-03 16:45:00,93.04925,90.79195,2.2573013,2.4259212
delta_nocal_huber,3140,2019-05-03 17:00:00,103.40227,95.50658,7.895691,7.6358976
delta_nocal_huber,3141,2019-05-03 17:15:00,115.61651,105.84816,9.768349,8.448922
delta_nocal_huber,3142,2019-05-03 17:30:00,105.98318,118.1005,12.117325,11.433252
delta_nocal_huber,3143,2019-05-03 17:45:00,101.52835,108.49831,6.9699554,6.8650336
delta_nocal_huber,3144,2019-05-03 18:00:00,93.87445,104.05719,10.182739,10.847189
delta_nocal_huber,3145,2019-05-03 18:15:00,121.5226,96.387955,25.134644,20.683102
delta_nocal_huber,3146,2019-05-03 18:30:00,147.67044,124.077065,23.593376,15.977047
delta_nocal_huber,3147,2019-05-03 18:45:00,86.001045,150.34988,64.34884,74.82332
delta_nocal_huber,3148,2019-05-03 19:00:00,71.6562,88.67152,17.01532,23.745775
delta_nocal_huber,3149,2019-05-03 19:15:00,90.38323,74.22082,16.162415,17.882093
delta_nocal_huber,3150,2019-05-03 19:30:00,88.44154,92.86136,4.419815,4.9974422
delta_nocal_huber,3151,2019-05-03 19:45:00,63.888714,90.84976,26.961048,42.200016
delta_nocal_huber,3152,2019-05-03 20:00:00,63.44495,66.1694,2.724453,4.2942
delta_nocal_huber,3153,2019-05-03 20:15:00,70.55473,65.53547,5.019264,7.114001
delta_nocal_huber,3154,2019-05-03 20:30:00,109.47449,72.51793,36.95656,33.758144
delta_nocal_huber,3155,2019-05-03 20:45:00,113.24921,111.50323,1.7459793,1.5417144
delta_nocal_huber,3156,2019-05-03 21:00:00,127.22811,115.45488,11.7732315,9.25364
delta_nocal_huber,3157,2019-05-03 21:15:00,119.59765,129.68495,10.087303,8.434365
delta_nocal_huber,3158,2019-05-03 21:30:00,124.417435,122.19918,2.218254,1.7829126
delta_nocal_huber,3159,2019-05-03 21:45:00,129.22223,127.143,2.0792313,1.6090353
delta_nocal_huber,3160,2019-05-03 22:00:00,136.25363,132.05302,4.2006073,3.0829322
delta_nocal_huber,3161,2019-05-03 22:15:00,123.09104,139.1283,16.037254,13.028775
delta_nocal_huber,3162,2019-05-03 22:30:00,122.587456,125.96566,3.3782043,2.7557504
delta_nocal_huber,3163,2019-05-03 22:45:00,172.04932,125.45284,46.596474,27.08321
delta_nocal_huber,3164,2019-05-03 23:00:00,144.73619,174.92886,30.192673,20.860485
delta_nocal_huber,3165,2019-05-03 23:15:00,123.531456,147.59863,24.067177,19.48263
delta_nocal_huber,3166,2019-05-03 23:30:00,105.499565,126.362495,20.86293,19.775372
delta_nocal_huber,3167,2019-05-03 23:45:00,90.68089,108.274055,17.593163,19.401178
delta_nocal_huber,3168,2019-05-04 00:00:00,116.90152,93.38447,23.517052,20.116978
delta_nocal_huber,3169,2019-05-04 00:15:00,121.28236,119.48006,1.8022995,1.486036
delta_nocal_huber,3170,2019-05-04 00:30:00,114.49497,123.798584,9.303612,8.125782
delta_nocal_huber,3171,2019-05-04 00:45:00,107.936104,116.96849,9.032387,8.368273
delta_nocal_huber,3172,2019-05-04 01:00:00,81.53328,110.36699,28.83371,35.364346
delta_nocal_huber,3173,2019-05-04 01:15:00,53.969044,83.86334,29.894299,55.391567
delta_nocal_huber,3174,2019-05-04 01:30:00,40.68331,56.141445,15.458134,37.996254
delta_nocal_huber,3175,2019-05-04 01:45:00,36.385742,42.59304,6.2072983,17.0597
delta_nocal_huber,3176,2019-05-04 02:00:00,41.040794,37.97696,3.0638351,7.465341
delta_nocal_huber,3177,2019-05-04 02:15:00,28.115791,42.396927,14.281136,50.794
delta_nocal_huber,3178,2019-05-04 02:30:00,32.80276,29.261435,3.5413265,10.795818
delta_nocal_huber,3179,2019-05-04 02:45:00,42.379993,33.79236,8.587635,20.263416
delta_nocal_huber,3180,2019-05-04 03:00:00,30.06864,43.315426,13.246786,44.055157
delta_nocal_huber,3181,2019-05-04 03:15:00,34.893303,30.949492,3.9438114,11.302488
delta_nocal_huber,3182,2019-05-04 03:30:00,30.378153,35.75026,5.3721066,17.684113
delta_nocal_huber,3183,2019-05-04 03:45:00,26.94788,31.226913,4.2790337,15.878924
delta_nocal_huber,3184,2019-05-04 04:00:00,19.314795,27.790731,8.475937,43.883133
delta_nocal_huber,3185,2019-05-04 04:15:00,17.49266,20.128614,2.635954,15.068914
delta_nocal_huber,3186,2019-05-04 04:30:00,13.14434,18.269506,5.125167,38.991436
delta_nocal_huber,3187,2019-05-04 04:45:00,9.837476,13.856988,4.019512,40.859184
delta_nocal_huber,3188,2019-05-04 05:00:00,11.811033,10.470789,1.3402443,11.347392
delta_nocal_huber,3189,2019-05-04 05:15:00,14.140249,12.38905,1.7511997,12.384504
delta_nocal_huber,3190,2019-05-04 05:30:00,20.584944,14.69186,5.8930836,28.628126
delta_nocal_huber,3191,2019-05-04 05:45:00,25.257082,21.151363,4.1057186,16.255713
delta_nocal_huber,3192,2019-05-04 06:00:00,19.582651,25.884113,6.301462,32.178802
delta_nocal_huber,3193,2019-05-04 06:15:00,10.032614,20.265602,10.232988,101.99723
delta_nocal_huber,3194,2019-05-04 06:30:00,8.222973,10.724293,2.50132,30.418682
delta_nocal_huber,3195,2019-05-04 06:45:00,17.399887,8.893267,8.50662,48.88894
delta_nocal_huber,3196,2019-05-04 07:00:00,12.973847,18.075583,5.101735,39.323227
delta_nocal_huber,3197,2019-05-04 07:15:00,9.375704,13.65068,4.274976,45.59632
delta_nocal_huber,3198,2019-05-04 07:30:00,35.44527,10.038181,25.40709,71.67977
delta_nocal_huber,3199,2019-05-04 07:45:00,25.29745,36.19482,10.897371,43.076958
delta_nocal_huber,3200,2019-05-04 08:00:00,21.583462,26.133108,4.5496464,21.079317
delta_nocal_huber,3201,2019-05-04 08:15:00,35.378292,22.48064,12.897652,36.4564
delta_nocal_huber,3202,2019-05-04 08:30:00,51.725655,36.37391,15.351746,29.67917
delta_nocal_huber,3203,2019-05-04 08:45:00,26.135418,52.893715,26.758297,102.38328
delta_nocal_huber,3204,2019-05-04 09:00:00,27.398413,27.38649,0.011922836,0.04351652
delta_nocal_huber,3205,2019-05-04 09:15:00,40.390644,28.682594,11.70805,28.987036
delta_nocal_huber,3206,2019-05-04 09:30:00,36.455772,41.7315,5.2757263,14.4715805
delta_nocal_huber,3207,2019-05-04 09:45:00,35.991096,37.841084,1.849987,5.1401243
delta_nocal_huber,3208,2019-05-04 10:00:00,59.462093,37.406017,22.056076,37.092667
delta_nocal_huber,3209,2019-05-04 10:15:00,70.74177,60.991604,9.750164,13.782755
delta_nocal_huber,3210,2019-05-04 10:30:00,48.235813,72.458916,24.223103,50.218086
delta_nocal_huber,3211,2019-05-04 10:45:00,61.5672,50.06034,11.506859,18.689917
delta_nocal_huber,3212,2019-05-04 11:00:00,56.768803,63.500553,6.7317505,11.858186
delta_nocal_huber,3213,2019-05-04 11:15:00,53.10568,58.775803,5.670124,10.677058
delta_nocal_huber,3214,2019-05-04 11:30:00,54.909496,55.143406,0.2339096,0.42599118
delta_nocal_huber,3215,2019-05-04 11:45:00,57.932503,56.958202,0.9743004,1.6817855
delta_nocal_huber,3216,2019-05-04 12:00:00,63.595745,59.991516,3.604229,5.667406
delta_nocal_huber,3217,2019-05-04 12:15:00,73.307526,65.683624,7.6239014,10.399889
delta_nocal_huber,3218,2019-05-04 12:30:00,74.53403,75.46805,0.934021,1.253147
delta_nocal_huber,3219,2019-05-04 12:45:00,95.47765,76.78344,18.694214,19.579674
delta_nocal_huber,3220,2019-05-04 13:00:00,80.325615,97.8969,17.571281,21.875065
delta_nocal_huber,3221,2019-05-04 13:15:00,71.02965,82.84739,11.817741,16.637758
delta_nocal_huber,3222,2019-05-04 13:30:00,84.25396,73.56559,10.68837,12.685897
delta_nocal_huber,3223,2019-05-04 13:45:00,82.63589,86.815475,4.1795883,5.0578365
delta_nocal_huber,3224,2019-05-04 14:00:00,68.0883,85.21156,17.12326,25.14861
delta_nocal_huber,3225,2019-05-04 14:15:00,63.58347,70.60757,7.0240974,11.0470495
delta_nocal_huber,3226,2019-05-04 14:30:00,65.72674,66.00063,0.27389526,0.41671818
delta_nocal_huber,3227,2019-05-04 14:45:00,68.68428,68.03997,0.64431,0.93807495
delta_nocal_huber,3228,2019-05-04 15:00:00,74.858574,70.91763,3.9409409,5.264515
delta_nocal_huber,3229,2019-05-04 15:15:00,73.02527,77.05725,4.0319824,5.521353
delta_nocal_huber,3230,2019-05-04 15:30:00,67.18517,75.20733,8.022156,11.940366
delta_nocal_huber,3231,2019-05-04 15:45:00,76.14307,69.33685,6.8062134,8.938717
delta_nocal_huber,3232,2019-05-04 16:00:00,67.216385,78.29829,11.081902,16.486906
delta_nocal_huber,3233,2019-05-04 16:15:00,78.086845,69.35456,8.732285,11.182786
delta_nocal_huber,3234,2019-05-04 16:30:00,91.41595,80.24496,11.17099,12.219958
delta_nocal_huber,3235,2019-05-04 16:45:00,75.60118,93.66217,18.06099,23.889824
delta_nocal_huber,3236,2019-05-04 17:00:00,114.28624,77.88948,36.39676,31.847017
delta_nocal_huber,3237,2019-05-04 17:15:00,95.760216,116.74543,20.985214,21.914335
delta_nocal_huber,3238,2019-05-04 17:30:00,86.2879,98.34834,12.06044,13.976976
delta_nocal_huber,3239,2019-05-04 17:45:00,105.076385,88.92636,16.150024,15.369794
delta_nocal_huber,3240,2019-05-04 18:00:00,102.55404,107.75894,5.2049026,5.0752783
delta_nocal_huber,3241,2019-05-04 18:15:00,93.13059,105.26942,12.138824,13.034196
delta_nocal_huber,3242,2019-05-04 18:30:00,100.24507,95.842926,4.4021454,4.391383
delta_nocal_huber,3243,2019-05-04 18:45:00,85.17624,102.95224,17.776001,20.86967
delta_nocal_huber,3244,2019-05-04 19:00:00,100.055824,87.83789,12.217934,12.211117
delta_nocal_huber,3245,2019-05-04 19:15:00,85.38433,102.693245,17.308914,20.271769
delta_nocal_huber,3246,2019-05-04 19:30:00,66.051285,87.97379,21.922508,33.190132
delta_nocal_huber,3247,2019-05-04 19:45:00,79.3076,68.538,10.7696,13.579531
delta_nocal_huber,3248,2019-05-04 20:00:00,94.194496,81.68186,12.512634,13.283828
delta_nocal_huber,3249,2019-05-04 20:15:00,105.304794,96.53786,8.766937,8.325297
delta_nocal_huber,3250,2019-05-04 20:30:00,103.84105,107.709496,3.8684464,3.7253537
delta_nocal_huber,3251,2019-05-04 20:45:00,121.95999,106.32361,15.636383,12.820911
delta_nocal_huber,3252,2019-05-04 21:00:00,106.13031,124.54116,18.41085,17.3474
delta_nocal_huber,3253,2019-05-04 21:15:00,117.31018,108.775635,8.534546,7.275196
delta_nocal_huber,3254,2019-05-04 21:30:00,123.70511,120.019485,3.6856232,2.9793622
delta_nocal_huber,3255,2019-05-04 21:45:00,129.87015,126.48088,3.389267,2.6097353
delta_nocal_huber,3256,2019-05-04 22:00:00,152.97195,132.70952,20.262436,13.245851
delta_nocal_huber,3257,2019-05-04 22:15:00,142.0512,155.83267,13.781479,9.701769
delta_nocal_huber,3258,2019-05-04 22:30:00,141.90454,144.92552,3.0209808,2.1288824
delta_nocal_huber,3259,2019-05-04 22:45:00,127.13545,144.7834,17.64795,13.881218
delta_nocal_huber,3260,2019-05-04 23:00:00,133.55258,129.99046,3.5621185,2.667203
delta_nocal_huber,3261,2019-05-04 23:15:00,149.67422,136.37216,13.302063,8.887343
delta_nocal_huber,3262,2019-05-04 23:30:00,127.821915,152.471,24.649078,19.283922
delta_nocal_huber,3263,2019-05-04 23:45:00,84.92028,130.5853,45.665016,53.773983
delta_nocal_huber,3264,2019-05-05 00:00:00,119.11226,87.62012,31.492142,26.439043
delta_nocal_huber,3265,2019-05-05 00:15:00,124.19443,121.71437,2.4800568,1.9969146
delta_nocal_huber,3266,2019-05-05 00:30:00,123.923035,126.727196,2.804161,2.2628248
delta_nocal_huber,3267,2019-05-05 00:45:00,114.48821,126.42427,11.936058,10.425578
delta_nocal_huber,3268,2019-05-05 01:00:00,72.96354,116.94386,43.980324,60.277122
delta_nocal_huber,3269,2019-05-05 01:15:00,80.21902,75.295296,4.9237213,6.137848
delta_nocal_huber,3270,2019-05-05 01:30:00,83.92515,82.43332,1.4918289,1.7775708
delta_nocal_huber,3271,2019-05-05 01:45:00,67.22142,86.05797,18.836548,28.021645
delta_nocal_huber,3272,2019-05-05 02:00:00,57.047817,69.23228,12.18446,21.358328
delta_nocal_huber,3273,2019-05-05 02:15:00,81.25918,58.871136,22.388042,27.551401
delta_nocal_huber,3274,2019-05-05 02:30:00,74.919106,83.02156,8.102455,10.814939
delta_nocal_huber,3275,2019-05-05 02:45:00,61.99679,76.667175,14.670383,23.663134
delta_nocal_huber,3276,2019-05-05 03:00:00,61.182537,63.695343,2.512806,4.1070642
delta_nocal_huber,3277,2019-05-05 03:15:00,78.48594,62.83666,15.649281,19.938961
delta_nocal_huber,3278,2019-05-05 03:30:00,64.7769,80.17534,15.3984375,23.771494
delta_nocal_huber,3279,2019-05-05 03:45:00,64.61161,66.48705,1.8754425,2.90264
delta_nocal_huber,3280,2019-05-05 04:00:00,58.906517,66.33964,7.4331207,12.618503
delta_nocal_huber,3281,2019-05-05 04:15:00,50.532467,60.63443,10.101963,19.991034
delta_nocal_huber,3282,2019-05-05 04:30:00,36.061085,52.22393,16.162846,44.82074
delta_nocal_huber,3283,2019-05-05 04:45:00,28.281935,37.64974,9.367804,33.122925
delta_nocal_huber,3284,2019-05-05 05:00:00,37.26256,29.724016,7.5385456,20.230883
delta_nocal_huber,3285,2019-05-05 05:15:00,25.034925,38.585194,13.550268,54.125458
delta_nocal_huber,3286,2019-05-05 05:30:00,16.853811,26.2278,9.373989,55.6194
delta_nocal_huber,3287,2019-05-05 05:45:00,13.872423,17.901346,4.028923,29.042677
delta_nocal_huber,3288,2019-05-05 06:00:00,25.748432,14.776343,10.972089,42.612648
delta_nocal_huber,3289,2019-05-05 06:15:00,26.439188,26.580109,0.14092064,0.5329991
delta_nocal_huber,3290,2019-05-05 06:30:00,18.541235,27.24702,8.705786,46.953644
delta_nocal_huber,3291,2019-05-05 06:45:00,18.111235,19.306658,1.1954231,6.6004505
delta_nocal_huber,3292,2019-05-05 07:00:00,19.301754,18.844961,0.45679283,2.3665872
delta_nocal_huber,3293,2019-05-05 07:15:00,17.090982,20.018852,2.9278698,17.13108
delta_nocal_huber,3294,2019-05-05 07:30:00,17.438549,17.79606,0.35751152,2.0501218
delta_nocal_huber,3295,2019-05-05 07:45:00,17.819344,18.13796,0.31861687,1.7880393
delta_nocal_huber,3296,2019-05-05 08:00:00,14.6537485,18.522402,3.8686533,26.400434
delta_nocal_huber,3297,2019-05-05 08:15:00,18.598833,15.352345,3.2464876,17.45533
delta_nocal_huber,3298,2019-05-05 08:30:00,34.02912,19.309074,14.720047,43.257206
delta_nocal_huber,3299,2019-05-05 08:45:00,36.145676,34.82214,1.3235359,3.6616716
delta_nocal_huber,3300,2019-05-05 09:00:00,29.06677,37.057724,7.9909534,27.491713
delta_nocal_huber,3301,2019-05-05 09:15:00,48.525642,30.072302,18.45334,38.02802
delta_nocal_huber,3302,2019-05-05 09:30:00,47.365314,49.68283,2.3175163,4.8928556
delta_nocal_huber,3303,2019-05-05 09:45:00,66.56969,48.680458,17.889229,26.872936
delta_nocal_huber,3304,2019-05-05 10:00:00,57.763447,68.10512,10.341671,17.903488
delta_nocal_huber,3305,2019-05-05 10:15:00,53.194027,59.487347,6.2933197,11.830876
delta_nocal_huber,3306,2019-05-05 10:30:00,76.666046,55.04844,21.617607,28.197107
delta_nocal_huber,3307,2019-05-05 10:45:00,77.43792,78.70108,1.2631607,1.6311914
delta_nocal_huber,3308,2019-05-05 11:00:00,85.89107,79.65775,6.2333145,7.2572327
delta_nocal_huber,3309,2019-05-05 11:15:00,59.755318,88.30747,28.552155,47.78178
delta_nocal_huber,3310,2019-05-05 11:30:00,59.01051,62.239002,3.2284927,5.471047
delta_nocal_huber,3311,2019-05-05 11:45:00,115.2499,61.48388,53.76602,46.651684
delta_nocal_huber,3312,2019-05-05 12:00:00,72.15629,117.901985,45.745697,63.398075
delta_nocal_huber,3313,2019-05-05 12:15:00,62.841156,74.84413,12.002975,19.1005
delta_nocal_huber,3314,2019-05-05 12:30:00,120.230095,65.456726,54.77337,45.55712
delta_nocal_huber,3315,2019-05-05 12:45:00,96.88182,122.963425,26.081604,26.921051
delta_nocal_huber,3316,2019-05-05 13:00:00,113.70017,99.67502,14.025154,12.33521
delta_nocal_huber,3317,2019-05-05 13:15:00,91.28367,116.52221,25.23854,27.648472
delta_nocal_huber,3318,2019-05-05 13:30:00,106.44926,94.10194,12.347321,11.599255
delta_nocal_huber,3319,2019-05-05 13:45:00,101.337814,109.26484,7.927025,7.822376
delta_nocal_huber,3320,2019-05-05 14:00:00,107.43669,104.14749,3.2891998,3.061524
delta_nocal_huber,3321,2019-05-05 14:15:00,110.77095,110.24107,0.5298767,0.4783535
delta_nocal_huber,3322,2019-05-05 14:30:00,122.43892,113.57293,8.86599,7.241153
delta_nocal_huber,3323,2019-05-05 14:45:00,102.668205,125.24492,22.576714,21.989975
delta_nocal_huber,3324,2019-05-05 15:00:00,124.14739,105.468025,18.679367,15.046122
delta_nocal_huber,3325,2019-05-05 15:15:00,97.26558,126.94879,29.683212,30.517694
delta_nocal_huber,3326,2019-05-05 15:30:00,175.80557,100.04222,75.76335,43.094967
delta_nocal_huber,3327,2019-05-05 15:45:00,117.58977,178.62407,61.0343,51.904434
delta_nocal_huber,3328,2019-05-05 16:00:00,135.26399,120.41494,14.849052,10.977831
delta_nocal_huber,3329,2019-05-05 16:15:00,150.5974,138.09384,12.503555,8.302637
delta_nocal_huber,3330,2019-05-05 16:30:00,120.69855,153.4319,32.733353,27.119923
delta_nocal_huber,3331,2019-05-05 16:45:00,109.3863,123.50577,14.119469,12.907895
delta_nocal_huber,3332,2019-05-05 17:00:00,138.29971,112.15077,26.148941,18.907444
delta_nocal_huber,3333,2019-05-05 17:15:00,114.356384,141.04399,26.687607,23.337225
delta_nocal_huber,3334,2019-05-05 17:30:00,141.84627,117.07279,24.773476,17.465017
delta_nocal_huber,3335,2019-05-05 17:45:00,116.866234,144.55347,27.687233,23.691387
delta_nocal_huber,3336,2019-05-05 18:00:00,140.93631,119.52152,21.414787,15.194656
delta_nocal_huber,3337,2019-05-05 18:15:00,110.49285,143.57695,33.0841,29.942299
delta_nocal_huber,3338,2019-05-05 18:30:00,145.02937,113.076996,31.952377,22.031658
delta_nocal_huber,3339,2019-05-05 18:45:00,131.78839,147.61337,15.824982,12.007872
delta_nocal_huber,3340,2019-05-05 19:00:00,127.6101,134.371,6.7609024,5.2980933
delta_nocal_huber,3341,2019-05-05 19:15:00,147.5856,130.17969,17.405914,11.793776
delta_nocal_huber,3342,2019-05-05 19:30:00,140.5484,150.17831,9.629913,6.8516703
delta_nocal_huber,3343,2019-05-05 19:45:00,139.73943,143.16153,3.422104,2.4489179
delta_nocal_huber,3344,2019-05-05 20:00:00,174.7188,142.36354,32.355255,18.518475
delta_nocal_huber,3345,2019-05-05 20:15:00,147.28651,177.34557,30.059052,20.408556
delta_nocal_huber,3346,2019-05-05 20:30:00,132.77483,149.90685,17.132019,12.903063
delta_nocal_huber,3347,2019-05-05 20:45:00,162.74535,135.38219,27.36316,16.813482
delta_nocal_huber,3348,2019-05-05 21:00:00,176.20695,165.34,10.866959,6.1671567
delta_nocal_huber,3349,2019-05-05 21:15:00,205.06758,178.78401,26.28357,12.817028
delta_nocal_huber,3350,2019-05-05 21:30:00,208.9659,207.59668,1.3692169,0.65523463
delta_nocal_huber,3351,2019-05-05 21:45:00,224.3419,211.43834,12.903564,5.7517405
delta_nocal_huber,3352,2019-05-05 22:00:00,243.28746,226.74358,16.543884,6.800138
delta_nocal_huber,3353,2019-05-05 22:15:00,219.95462,245.59964,25.64502,11.659232
delta_nocal_huber,3354,2019-05-05 22:30:00,172.2784,222.14993,49.871536,28.948223
delta_nocal_huber,3355,2019-05-05 22:45:00,202.85799,174.32028,28.537704,14.067824
delta_nocal_huber,3356,2019-05-05 23:00:00,215.56172,204.72054,10.841187,5.0292726
delta_nocal_huber,3357,2019-05-05 23:15:00,204.2758,217.25996,12.984161,6.3561916
delta_nocal_huber,3358,2019-05-05 23:30:00,167.80154,205.83003,38.02849,22.662777
delta_nocal_huber,3359,2019-05-05 23:45:00,87.68987,169.25037,81.56049,93.01016
abs_calendar_mse,2688,2019-04-29 00:00:00,160.71133,176.6027,15.891373,9.888146
abs_calendar_mse,2689,2019-04-29 00:15:00,157.0701,157.23605,0.16595459,0.10565638
abs_calendar_mse,2690,2019-04-29 00:30:00,154.244,141.69092,12.553085,8.138459
abs_calendar_mse,2691,2019-04-29 00:45:00,136.81113,130.49548,6.3156433,4.6163225
abs_calendar_mse,2692,2019-04-29 01:00:00,126.43498,112.75756,13.677422,10.817751
abs_calendar_mse,2693,2019-04-29 01:15:00,98.2447,106.54239,8.297691,8.445943
abs_calendar_mse,2694,2019-04-29 01:30:00,83.880226,100.10052,16.220291,19.337444
abs_calendar_mse,2695,2019-04-29 01:45:00,85.43559,94.57444,9.138847,10.696768
abs_calendar_mse,2696,2019-04-29 02:00:00,65.63837,79.6267,13.988335,21.311218
abs_calendar_mse,2697,2019-04-29 02:15:00,62.175,76.982956,14.807957,23.816576
abs_calendar_mse,2698,2019-04-29 02:30:00,61.91144,76.28416,14.372715,23.214956
abs_calendar_mse,2699,2019-04-29 02:45:00,65.129135,77.12139,11.992256,18.413044
abs_calendar_mse,2700,2019-04-29 03:00:00,38.70569,65.70269,26.997002,69.74944
abs_calendar_mse,2701,2019-04-29 03:15:00,40.42183,66.51949,26.097664,64.56329
abs_calendar_mse,2702,2019-04-29 03:30:00,30.927319,68.12657,37.199253,120.2796
abs_calendar_mse,2703,2019-04-29 03:45:00,30.075228,69.92402,39.848793,132.49706
abs_calendar_mse,2704,2019-04-29 04:00:00,24.1078,60.497875,36.390076,150.94731
abs_calendar_mse,2705,2019-04-29 04:15:00,24.730207,61.704956,36.974747,149.51248
abs_calendar_mse,2706,2019-04-29 04:30:00,21.124332,63.182568,42.058235,199.09853
abs_calendar_mse,2707,2019-04-29 04:45:00,23.100521,64.98742,41.886898,181.32446
abs_calendar_mse,2708,2019-04-29 05:00:00,32.196175,60.336445,28.14027,87.40253
abs_calendar_mse,2709,2019-04-29 05:15:00,42.098076,61.826214,19.728138,46.862328
abs_calendar_mse,2710,2019-04-29 05:30:00,39.22251,64.39465,25.172142,64.177795
abs_calendar_mse,2711,2019-04-29 05:45:00,27.164865,66.99129,39.826424,146.61006
abs_calendar_mse,2712,2019-04-29 06:00:00,34.475307,66.701324,32.226017,93.47565
abs_calendar_mse,2713,2019-04-29 06:15:00,25.93506,68.18312,42.248062,162.89941
abs_calendar_mse,2714,2019-04-29 06:30:00,29.58071,69.2095,39.62879,133.96837
abs_calendar_mse,2715,2019-04-29 06:45:00,47.99836,70.07223,22.073868,45.988796
abs_calendar_mse,2716,2019-04-29 07:00:00,70.49388,75.01039,4.51651,6.4069533
abs_calendar_mse,2717,2019-04-29 07:15:00,90.06549,77.520134,12.545357,13.92915
abs_calendar_mse,2718,2019-04-29 07:30:00,83.12714,81.06293,2.064209,2.483195
abs_calendar_mse,2719,2019-04-29 07:45:00,97.02323,84.04998,12.973251,13.371283
abs_calendar_mse,2720,2019-04-29 08:00:00,80.496445,96.987656,16.49121,20.486881
abs_calendar_mse,2721,2019-04-29 08:15:00,97.226845,98.33442,1.1075745,1.1391653
abs_calendar_mse,2722,2019-04-29 08:30:00,92.727,99.39048,6.6634827,7.1861305
abs_calendar_mse,2723,2019-04-29 08:45:00,101.95749,99.77223,2.185257,2.143302
abs_calendar_mse,2724,2019-04-29 09:00:00,119.30822,111.972145,7.336075,6.148843
abs_calendar_mse,2725,2019-04-29 09:15:00,88.71131,112.70145,23.990135,27.042929
abs_calendar_mse,2726,2019-04-29 09:30:00,69.21647,111.89641,42.67994,61.661537
abs_calendar_mse,2727,2019-04-29 09:45:00,83.45688,109.60914,26.15226,31.336254
abs_calendar_mse,2728,2019-04-29 10:00:00,78.56983,117.457695,38.887863,49.49465
abs_calendar_mse,2729,2019-04-29 10:15:00,88.632385,115.60513,26.972748,30.43216
abs_calendar_mse,2730,2019-04-29 10:30:00,75.12909,114.548386,39.419296,52.468754
abs_calendar_mse,2731,2019-04-29 10:45:00,75.80483,113.337906,37.533073,49.51277
abs_calendar_mse,2732,2019-04-29 11:00:00,81.228355,121.32845,40.100098,49.36712
abs_calendar_mse,2733,2019-04-29 11:15:00,95.57491,120.80988,25.23497,26.403341
abs_calendar_mse,2734,2019-04-29 11:30:00,99.05851,121.1829,22.12439,22.334667
abs_calendar_mse,2735,2019-04-29 11:45:00,92.43672,121.96979,29.533066,31.949497
abs_calendar_mse,2736,2019-04-29 12:00:00,144.76991,128.99026,15.779648,10.899812
abs_calendar_mse,2737,2019-04-29 12:15:00,173.03966,131.63174,41.407913,23.929724
abs_calendar_mse,2738,2019-04-29 12:30:00,183.64317,136.05066,47.592514,25.915754
abs_calendar_mse,2739,2019-04-29 12:45:00,204.84901,140.91287,63.936142,31.21135
abs_calendar_mse,2740,2019-04-29 13:00:00,243.3266,149.41571,93.91089,38.59458
abs_calendar_mse,2741,2019-04-29 13:15:00,205.10435,157.28864,47.81572,23.312874
abs_calendar_mse,2742,2019-04-29 13:30:00,181.0352,162.04843,18.98677,10.487888
abs_calendar_mse,2743,2019-04-29 13:45:00,148.8819,161.95949,13.077591,8.78387
abs_calendar_mse,2744,2019-04-29 14:00:00,144.54718,158.3406,13.7934265,9.542508
abs_calendar_mse,2745,2019-04-29 14:15:00,156.44606,151.36908,5.0769806,3.2451954
abs_calendar_mse,2746,2019-04-29 14:30:00,136.00374,145.6964,9.692657,7.126758
abs_calendar_mse,2747,2019-04-29 14:45:00,130.83182,139.64458,8.812759,6.7359447
abs_calendar_mse,2748,2019-04-29 15:00:00,107.83934,133.63274,25.793396,23.918354
abs_calendar_mse,2749,2019-04-29 15:15:00,101.24244,128.55711,27.314674,26.97947
abs_calendar_mse,2750,2019-04-29 15:30:00,109.53982,123.96095,14.421135,13.165198
abs_calendar_mse,2751,2019-04-29 15:45:00,105.47917,120.77572,15.296547,14.501959
abs_calendar_mse,2752,2019-04-29 16:00:00,114.62477,116.99027,2.3655014,2.0636911
abs_calendar_mse,2753,2019-04-29 16:15:00,111.96394,116.02453,4.060585,3.6266901
abs_calendar_mse,2754,2019-04-29 16:30:00,126.29993,115.756676,10.543251,8.347789
abs_calendar_mse,2755,2019-04-29 16:45:00,119.598206,116.78023,2.817978,2.3562043
abs_calendar_mse,2756,2019-04-29 17:00:00,153.53519,117.1033,36.431885,23.728687
abs_calendar_mse,2757,2019-04-29 17:15:00,168.09651,120.46392,47.63259,28.336452
abs_calendar_mse,2758,2019-04-29 17:30:00,139.95586,125.172325,14.783531,10.562996
abs_calendar_mse,2759,2019-04-29 17:45:00,176.5917,127.96957,48.62214,27.533648
abs_calendar_mse,2760,2019-04-29 18:00:00,160.74718,143.21176,17.535416,10.908693
abs_calendar_mse,2761,2019-04-29 18:15:00,214.69365,147.00229,67.69136,31.52928
abs_calendar_mse,2762,2019-04-29 18:30:00,215.17982,155.40543,59.7744,27.778812
abs_calendar_mse,2763,2019-04-29 18:45:00,164.78413,164.73756,0.046569824,0.028261108
abs_calendar_mse,2764,2019-04-29 19:00:00,175.81477,169.82614,5.988632,3.4062166
abs_calendar_mse,2765,2019-04-29 19:15:00,189.42035,169.24763,20.172714,10.649708
abs_calendar_mse,2766,2019-04-29 19:30:00,169.71008,169.1068,0.60328674,0.3554808
abs_calendar_mse,2767,2019-04-29 19:45:00,187.61433,166.49219,21.122147,11.25828
abs_calendar_mse,2768,2019-04-29 20:00:00,187.9461,170.04932,17.89679,9.522299
abs_calendar_mse,2769,2019-04-29 20:15:00,165.27438,169.30328,4.0289,2.4377038
abs_calendar_mse,2770,2019-04-29 20:30:00,216.03633,166.34372,49.69261,23.00197
abs_calendar_mse,2771,2019-04-29 20:45:00,231.21889,168.5836,62.635284,27.089172
abs_calendar_mse,2772,2019-04-29 21:00:00,224.0286,179.05568,44.972916,20.07463
abs_calendar_mse,2773,2019-04-29 21:15:00,276.95377,183.14828,93.80548,33.870445
abs_calendar_mse,2774,2019-04-29 21:30:00,299.09906,193.28151,105.81755,35.37876
abs_calendar_mse,2775,2019-04-29 21:45:00,290.775,206.50441,84.270584,28.981373
abs_calendar_mse,2776,2019-04-29 22:00:00,319.28912,216.59918,102.68994,32.162056
abs_calendar_mse,2777,2019-04-29 22:15:00,306.79672,227.07037,79.72635,25.986702
abs_calendar_mse,2778,2019-04-29 22:30:00,328.66425,233.54256,95.12169,28.941902
abs_calendar_mse,2779,2019-04-29 22:45:00,265.40518,239.75598,25.6492,9.664167
abs_calendar_mse,2780,2019-04-29 23:00:00,239.59126,229.62086,9.970398,4.16142
abs_calendar_mse,2781,2019-04-29 23:15:00,241.27301,218.9709,22.302109,9.243516
abs_calendar_mse,2782,2019-04-29 23:30:00,194.81544,208.12364,13.308197,6.831182
abs_calendar_mse,2783,2019-04-29 23:45:00,155.04216,193.1092,38.067047,24.552708
abs_calendar_mse,2784,2019-04-30 00:00:00,162.71187,167.46404,4.7521667,2.9206026
abs_calendar_mse,2785,2019-04-30 00:15:00,150.38388,153.05478,2.6708984,1.7760538
abs_calendar_mse,2786,2019-04-30 00:30:00,140.64842,141.57025,0.9218292,0.65541387
abs_calendar_mse,2787,2019-04-30 00:45:00,135.4528,132.76357,2.6892395,1.9853702
abs_calendar_mse,2788,2019-04-30 01:00:00,119.32404,116.52311,2.8009338,2.347334
abs_calendar_mse,2789,2019-04-30 01:15:00,83.31167,111.85971,28.548042,34.26656
abs_calendar_mse,2790,2019-04-30 01:30:00,80.40553,106.20739,25.801857,32.089653
abs_calendar_mse,2791,2019-04-30 01:45:00,74.489586,102.45234,27.962753,37.539146
abs_calendar_mse,2792,2019-04-30 02:00:00,54.762165,86.54371,31.781544,58.035587
abs_calendar_mse,2793,2019-04-30 02:15:00,59.22302,85.02902,25.806004,43.57428
abs_calendar_mse,2794,2019-04-30 02:30:00,53.618916,85.30882,31.689907,59.102104
abs_calendar_mse,2795,2019-04-30 02:45:00,55.065426,86.57761,31.51218,57.2268
abs_calendar_mse,2796,2019-04-30 03:00:00,50.951664,72.05755,21.105885,41.423347
abs_calendar_mse,2797,2019-04-30 03:15:00,49.909725,74.35721,24.447483,48.983402
abs_calendar_mse,2798,2019-04-30 03:30:00,33.689598,76.98041,43.29081,128.49904
abs_calendar_mse,2799,2019-04-30 03:45:00,36.130592,79.05087,42.92028,118.79208
abs_calendar_mse,2800,2019-04-30 04:00:00,94.31413,66.79512,27.519012,29.178038
abs_calendar_mse,2801,2019-04-30 04:15:00,69.679634,71.294106,1.6144714,2.3169918
abs_calendar_mse,2802,2019-04-30 04:30:00,40.35557,75.727135,35.371563,87.649765
abs_calendar_mse,2803,2019-04-30 04:45:00,47.796192,78.08942,30.293224,63.379997
abs_calendar_mse,2804,2019-04-30 05:00:00,29.732048,70.38725,40.655205,136.73866
abs_calendar_mse,2805,2019-04-30 05:15:00,27.387207,70.76253,43.37532,158.37804
abs_calendar_mse,2806,2019-04-30 05:30:00,23.441996,70.75186,47.309868,201.81673
abs_calendar_mse,2807,2019-04-30 05:45:00,22.697931,70.58967,47.89174,210.99606
abs_calendar_mse,2808,2019-04-30 06:00:00,38.346462,68.76098,30.414516,79.315056
abs_calendar_mse,2809,2019-04-30 06:15:00,26.634792,69.354706,42.719913,160.39139
abs_calendar_mse,2810,2019-04-30 06:30:00,28.00024,69.93318,41.93294,149.75922
abs_calendar_mse,2811,2019-04-30 06:45:00,46.256893,70.53485,24.277958,52.48506
abs_calendar_mse,2812,2019-04-30 07:00:00,47.451702,75.77397,28.32227,59.686516
abs_calendar_mse,2813,2019-04-30 07:15:00,85.047905,77.20341,7.8444977,9.223623
abs_calendar_mse,2814,2019-04-30 07:30:00,85.524704,80.5008,5.023903,5.8742123
abs_calendar_mse,2815,2019-04-30 07:45:00,68.78471,84.10786,15.323143,22.27696
abs_calendar_mse,2816,2019-04-30 08:00:00,87.43983,96.466896,9.027069,10.3237505
abs_calendar_mse,2817,2019-04-30 08:15:00,85.92962,98.55043,12.620811,14.687382
abs_calendar_mse,2818,2019-04-30 08:30:00,89.05439,100.012596,10.958206,12.305071
abs_calendar_mse,2819,2019-04-30 08:45:00,105.43517,100.93254,4.502632,4.270522
abs_calendar_mse,2820,2019-04-30 09:00:00,79.13189,113.72723,34.595337,43.71858
abs_calendar_mse,2821,2019-04-30 09:15:00,54.219666,113.23531,59.015648,108.845474
abs_calendar_mse,2822,2019-04-30 09:30:00,61.17377,111.017105,49.843334,81.47827
abs_calendar_mse,2823,2019-04-30 09:45:00,70.55815,108.71784,38.15969,54.082615
abs_calendar_mse,2824,2019-04-30 10:00:00,66.061646,117.31614,51.254494,77.58586
abs_calendar_mse,2825,2019-04-30 10:15:00,60.384045,116.083176,55.69913,92.24147
abs_calendar_mse,2826,2019-04-30 10:30:00,75.49118,115.04155,39.55037,52.390713
abs_calendar_mse,2827,2019-04-30 10:45:00,69.344284,114.82992,45.485634,65.593925
abs_calendar_mse,2828,2019-04-30 11:00:00,60.48498,123.9198,63.43482,104.87697
abs_calendar_mse,2829,2019-04-30 11:15:00,85.60705,123.5857,37.978653,44.363934
abs_calendar_mse,2830,2019-04-30 11:30:00,99.12348,124.13398,25.010498,25.231659
abs_calendar_mse,2831,2019-04-30 11:45:00,96.50794,125.365105,28.857162,29.901335
abs_calendar_mse,2832,2019-04-30 12:00:00,136.62521,133.4937,3.1315155,2.292048
abs_calendar_mse,2833,2019-04-30 12:15:00,165.25746,136.09854,29.15892,17.64454
abs_calendar_mse,2834,2019-04-30 12:30:00,201.20117,140.10866,61.092514,30.363897
abs_calendar_mse,2835,2019-04-30 12:45:00,186.84157,145.74246,41.099106,21.996767
abs_calendar_mse,2836,2019-04-30 13:00:00,184.8816,153.23001,31.651596,17.119926
abs_calendar_mse,2837,2019-04-30 13:15:00,196.51485,155.24059,41.27426,21.003126
abs_calendar_mse,2838,2019-04-30 13:30:00,166.40164,157.22018,9.1814575,5.5176487
abs_calendar_mse,2839,2019-04-30 13:45:00,159.74878,156.07626,3.6725159,2.298932
abs_calendar_mse,2840,2019-04-30 14:00:00,142.14774,153.9526,11.804871,8.304648
abs_calendar_mse,2841,2019-04-30 14:15:00,154.7196,148.60712,6.112488,3.9506874
abs_calendar_mse,2842,2019-04-30 14:30:00,121.45088,144.42496,22.974075,18.916351
abs_calendar_mse,2843,2019-04-30 14:45:00,97.36367,139.14272,41.779045,42.9103
abs_calendar_mse,2844,2019-04-30 15:00:00,93.29706,131.96039,38.66333,41.441105
abs_calendar_mse,2845,2019-04-30 15:15:00,114.29835,126.42489,12.126541,10.60955
abs_calendar_mse,2846,2019-04-30 15:30:00,100.23482,123.51063,23.27581,23.221283
abs_calendar_mse,2847,2019-04-30 15:45:00,122.00444,121.26765,0.7367935,0.6039071
abs_calendar_mse,2848,2019-04-30 16:00:00,131.61809,118.73339,12.884697,9.789458
abs_calendar_mse,2849,2019-04-30 16:15:00,116.9332,119.64743,2.7142334,2.321183
abs_calendar_mse,2850,2019-04-30 16:30:00,118.620094,120.30307,1.6829758,1.4187949
abs_calendar_mse,2851,2019-04-30 16:45:00,135.99228,120.93474,15.057541,11.07235
abs_calendar_mse,2852,2019-04-30 17:00:00,147.06065,121.98444,25.07621,17.05161
abs_calendar_mse,2853,2019-04-30 17:15:00,138.88687,124.51031,14.376564,10.351276
abs_calendar_mse,2854,2019-04-30 17:30:00,133.87578,126.43777,7.438011,5.555905
abs_calendar_mse,2855,2019-04-30 17:45:00,152.99687,127.46372,25.53315,16.688675
abs_calendar_mse,2856,2019-04-30 18:00:00,156.42882,141.45021,14.978607,9.575351
abs_calendar_mse,2857,2019-04-30 18:15:00,169.48357,143.69258,25.790985,15.217395
abs_calendar_mse,2858,2019-04-30 18:30:00,163.75153,146.83923,16.912292,10.328022
abs_calendar_mse,2859,2019-04-30 18:45:00,158.65945,149.41881,9.240646,5.8242016
abs_calendar_mse,2860,2019-04-30 19:00:00,137.43298,156.92952,19.496536,14.1862135
abs_calendar_mse,2861,2019-04-30 19:15:00,152.37007,154.69571,2.3256378,1.5263088
abs_calendar_mse,2862,2019-04-30 19:30:00,127.012634,153.00461,25.991974,20.464085
abs_calendar_mse,2863,2019-04-30 19:45:00,152.82056,149.13016,3.6903992,2.4148579
abs_calendar_mse,2864,2019-04-30 20:00:00,176.77701,157.91698,18.860031,10.668826
abs_calendar_mse,2865,2019-04-30 20:15:00,192.8659,159.02585,33.840057,17.5459
abs_calendar_mse,2866,2019-04-30 20:30:00,183.42355,162.9957,20.427856,11.136987
abs_calendar_mse,2867,2019-04-30 20:45:00,184.99048,166.1733,18.817184,10.171974
abs_calendar_mse,2868,2019-04-30 21:00:00,187.21275,177.94215,9.270599,4.9519057
abs_calendar_mse,2869,2019-04-30 21:15:00,159.48889,179.28758,19.79869,12.413837
abs_calendar_mse,2870,2019-04-30 21:30:00,171.99127,177.11795,5.1266785,2.9807785
abs_calendar_mse,2871,2019-04-30 21:45:00,194.13834,175.0789,19.059433,9.81745
abs_calendar_mse,2872,2019-04-30 22:00:00,228.26318,180.07787,48.185318,21.109543
abs_calendar_mse,2873,2019-04-30 22:15:00,241.51045,184.15033,57.360123,23.750576
abs_calendar_mse,2874,2019-04-30 22:30:00,244.65936,189.94223,54.717133,22.364618
abs_calendar_mse,2875,2019-04-30 22:45:00,249.58542,195.6662,53.91922,21.603514
abs_calendar_mse,2876,2019-04-30 23:00:00,247.2396,197.38849,49.851105,20.163076
abs_calendar_mse,2877,2019-04-30 23:15:00,265.02014,200.35378,64.66637,24.400549
abs_calendar_mse,2878,2019-04-30 23:30:00,240.32338,203.89467,36.42871,15.158205
abs_calendar_mse,2879,2019-04-30 23:45:00,158.54979,203.58281,45.03302,28.403076
abs_calendar_mse,2880,2019-05-01 00:00:00,155.03574,185.03534,29.999603,19.350122
abs_calendar_mse,2881,2019-05-01 00:15:00,144.84698,171.47304,26.626053,18.382193
abs_calendar_mse,2882,2019-05-01 00:30:00,138.5144,158.63222,20.117813,14.523986
abs_calendar_mse,2883,2019-05-01 00:45:00,132.98547,148.76927,15.783798,11.8688135
abs_calendar_mse,2884,2019-05-01 01:00:00,156.10445,129.85716,26.247284,16.813925
abs_calendar_mse,2885,2019-05-01 01:15:00,143.25058,127.05133,16.19925,11.3083315
abs_calendar_mse,2886,2019-05-01 01:30:00,110.402985,125.6568,15.253815,13.816488
abs_calendar_mse,2887,2019-05-01 01:45:00,97.31256,122.81183,25.499268,26.203468
abs_calendar_mse,2888,2019-05-01 02:00:00,86.71901,105.654976,18.935966,21.836004
abs_calendar_mse,2889,2019-05-01 02:15:00,83.89701,102.79996,18.902946,22.531132
abs_calendar_mse,2890,2019-05-01 02:30:00,73.629074,100.88385,27.254776,37.016323
abs_calendar_mse,2891,2019-05-01 02:45:00,70.73996,99.87142,29.131462,41.181053
abs_calendar_mse,2892,2019-05-01 03:00:00,68.29298,83.93299,15.640015,22.901352
abs_calendar_mse,2893,2019-05-01 03:15:00,68.851295,83.81423,14.962936,21.732252
abs_calendar_mse,2894,2019-05-01 03:30:00,62.69631,84.67241,21.9761,35.051666
abs_calendar_mse,2895,2019-05-01 03:45:00,50.407566,86.03284,35.62527,70.674446
abs_calendar_mse,2896,2019-05-01 04:00:00,43.28966,73.29207,30.002407,69.30617
abs_calendar_mse,2897,2019-05-01 04:15:00,53.277107,73.544495,20.267387,38.04146
abs_calendar_mse,2898,2019-05-01 04:30:00,35.423885,74.759155,39.33527,111.04166
abs_calendar_mse,2899,2019-05-01 04:45:00,47.45612,75.58522,28.1291,59.27392
abs_calendar_mse,2900,2019-05-01 05:00:00,37.72016,69.25577,31.535606,83.60412
abs_calendar_mse,2901,2019-05-01 05:15:00,21.84361,70.0704,48.226784,220.78212
abs_calendar_mse,2902,2019-05-01 05:30:00,25.453274,70.478294,45.02502,176.89285
abs_calendar_mse,2903,2019-05-01 05:45:00,17.19933,71.014244,53.814915,312.8896
abs_calendar_mse,2904,2019-05-01 06:00:00,16.19572,70.36167,54.16595,334.44608
abs_calendar_mse,2905,2019-05-01 06:15:00,21.965464,70.78522,48.819756,222.25688
abs_calendar_mse,2906,2019-05-01 06:30:00,12.941642,71.61236,58.670715,453.3483
abs_calendar_mse,2907,2019-05-01 06:45:00,10.3884,72.41111,62.02271,597.03815
abs_calendar_mse,2908,2019-05-01 07:00:00,22.716663,77.60284,54.886173,241.61195
abs_calendar_mse,2909,2019-05-01 07:15:00,17.236969,78.66815,61.431183,356.39203
abs_calendar_mse,2910,2019-05-01 07:30:00,22.082718,79.737076,57.654358,261.08362
abs_calendar_mse,2911,2019-05-01 07:45:00,30.278793,80.89861,50.61982,167.17912
abs_calendar_mse,2912,2019-05-01 08:00:00,40.850403,92.59836,51.747955,126.67673
abs_calendar_mse,2913,2019-05-01 08:15:00,46.865158,94.53845,47.673294,101.72439
abs_calendar_mse,2914,2019-05-01 08:30:00,45.933895,96.564,50.630108,110.223854
abs_calendar_mse,2915,2019-05-01 08:45:00,62.406715,98.33853,35.931816,57.57684
abs_calendar_mse,2916,2019-05-01 09:00:00,67.527664,114.428635,46.90097,69.45445
abs_calendar_mse,2917,2019-05-01 09:15:00,61.402508,115.645,54.24249,88.33921
abs_calendar_mse,2918,2019-05-01 09:30:00,59.779446,116.384415,56.60497,94.68968
abs_calendar_mse,2919,2019-05-01 09:45:00,77.649216,116.618286,38.96907,50.186043
abs_calendar_mse,2920,2019-05-01 10:00:00,88.1261,127.70978,39.58368,44.917088
abs_calendar_mse,2921,2019-05-01 10:15:00,98.43567,128.47783,30.04216,30.519587
abs_calendar_mse,2922,2019-05-01 10:30:00,92.40783,129.43236,37.02453,40.06644
abs_calendar_mse,2923,2019-05-01 10:45:00,113.16377,129.81505,16.651276,14.714317
abs_calendar_mse,2924,2019-05-01 11:00:00,107.78299,139.6497,31.866714,29.565626
abs_calendar_mse,2925,2019-05-01 11:15:00,117.49064,139.78468,22.294044,18.975166
abs_calendar_mse,2926,2019-05-01 11:30:00,113.30455,139.86533,26.560776,23.44193
abs_calendar_mse,2927,2019-05-01 11:45:00,132.88963,139.51349,6.6238556,4.9844785
abs_calendar_mse,2928,2019-05-01 12:00:00,126.8769,146.03123,19.154335,15.0967865
abs_calendar_mse,2929,2019-05-01 12:15:00,135.38724,145.80148,10.414246,7.6921916
abs_calendar_mse,2930,2019-05-01 12:30:00,125.74337,145.5891,19.845726,15.7827215
abs_calendar_mse,2931,2019-05-01 12:45:00,119.95103,144.66193,24.7109,20.600824
abs_calendar_mse,2932,2019-05-01 13:00:00,132.6462,146.05176,13.405563,10.106256
abs_calendar_mse,2933,2019-05-01 13:15:00,141.31793,144.86847,3.550537,2.5124462
abs_calendar_mse,2934,2019-05-01 13:30:00,166.45233,144.26987,22.182465,13.326616
abs_calendar_mse,2935,2019-05-01 13:45:00,169.05531,145.07965,23.975662,14.18214
abs_calendar_mse,2936,2019-05-01 14:00:00,135.51059,145.81285,10.302261,7.602551
abs_calendar_mse,2937,2019-05-01 14:15:00,146.21497,144.66847,1.5464935,1.0576849
abs_calendar_mse,2938,2019-05-01 14:30:00,133.94232,143.3119,9.369583,6.995237
abs_calendar_mse,2939,2019-05-01 14:45:00,151.43454,141.3009,10.133636,6.6917605
abs_calendar_mse,2940,2019-05-01 15:00:00,163.99442,137.51459,26.479828,16.146786
abs_calendar_mse,2941,2019-05-01 15:15:00,168.73743,137.66272,31.074707,18.416014
abs_calendar_mse,2942,2019-05-01 15:30:00,155.98973,138.80533,17.184402,11.016368
abs_calendar_mse,2943,2019-05-01 15:45:00,168.21689,138.9908,29.22609,17.374052
abs_calendar_mse,2944,2019-05-01 16:00:00,144.56384,138.15193,6.411911,4.435349
abs_calendar_mse,2945,2019-05-01 16:15:00,158.93347,136.77614,22.157333,13.941262
abs_calendar_mse,2946,2019-05-01 16:30:00,181.49792,135.9727,45.525223,25.083054
abs_calendar_mse,2947,2019-05-01 16:45:00,171.81958,137.42474,34.394836,20.017996
abs_calendar_mse,2948,2019-05-01 17:00:00,139.85316,138.46617,1.3869934,0.99174976
abs_calendar_mse,2949,2019-05-01 17:15:00,151.79568,136.4025,15.393188,10.140729
abs_calendar_mse,2950,2019-05-01 17:30:00,169.12068,134.51942,34.601257,20.459507
abs_calendar_mse,2951,2019-05-01 17:45:00,163.76625,134.42358,29.342667,17.917408
abs_calendar_mse,2952,2019-05-01 18:00:00,177.69397,146.07973,31.614243,17.791399
abs_calendar_mse,2953,2019-05-01 18:15:00,156.90071,147.88283,9.017883,5.7475095
abs_calendar_mse,2954,2019-05-01 18:30:00,153.45547,147.62518,5.8302917,3.7993379
abs_calendar_mse,2955,2019-05-01 18:45:00,162.88783,146.1718,16.716034,10.262298
abs_calendar_mse,2956,2019-05-01 19:00:00,161.65701,149.45909,12.197922,7.545557
abs_calendar_mse,2957,2019-05-01 19:15:00,152.30635,148.8977,3.4086456,2.2380195
abs_calendar_mse,2958,2019-05-01 19:30:00,135.81993,147.47797,11.658035,8.583449
abs_calendar_mse,2959,2019-05-01 19:45:00,134.02245,144.066,10.043549,7.4939303
abs_calendar_mse,2960,2019-05-01 20:00:00,150.13704,148.76045,1.3765869,0.916887
abs_calendar_mse,2961,2019-05-01 20:15:00,149.37303,147.46375,1.9092865,1.2782003
abs_calendar_mse,2962,2019-05-01 20:30:00,198.96864,147.14948,51.819168,26.043886
abs_calendar_mse,2963,2019-05-01 20:45:00,193.40034,152.20827,41.192078,21.298864
abs_calendar_mse,2964,2019-05-01 21:00:00,204.50198,168.08049,36.421494,17.809849
abs_calendar_mse,2965,2019-05-01 21:15:00,221.4681,173.93102,47.53708,21.464527
abs_calendar_mse,2966,2019-05-01 21:30:00,231.17017,180.29408,50.876083,22.008066
abs_calendar_mse,2967,2019-05-01 21:45:00,242.74153,186.53737,56.204163,23.153913
abs_calendar_mse,2968,2019-05-01 22:00:00,220.74861,197.36842,23.380188,10.591318
abs_calendar_mse,2969,2019-05-01 22:15:00,247.89201,199.09207,48.799942,19.685966
abs_calendar_mse,2970,2019-05-01 22:30:00,243.67815,201.77136,41.906784,17.197598
abs_calendar_mse,2971,2019-05-01 22:45:00,212.8631,203.79298,9.070114,4.2610083
abs_calendar_mse,2972,2019-05-01 23:00:00,219.16844,197.50244,21.666,9.885548
abs_calendar_mse,2973,2019-05-01 23:15:00,208.15471,193.83012,14.324585,6.881701
abs_calendar_mse,2974,2019-05-01 23:30:00,188.92175,188.88113,0.040618896,0.02150038
abs_calendar_mse,2975,2019-05-01 23:45:00,124.267944,181.98318,57.71524,46.44419
abs_calendar_mse,2976,2019-05-02 00:00:00,146.38623,160.48364,14.097412,9.630286
abs_calendar_mse,2977,2019-05-02 00:15:00,141.64499,150.47467,8.829681,6.23367
abs_calendar_mse,2978,2019-05-02 00:30:00,131.68462,143.15845,11.473831,8.713114
abs_calendar_mse,2979,2019-05-02 00:45:00,118.341385,137.40508,19.06369,16.109064
abs_calendar_mse,2980,2019-05-02 01:00:00,91.267746,121.89731,30.629562,33.56012
abs_calendar_mse,2981,2019-05-02 01:15:00,80.49822,116.82483,36.326607,45.127216
abs_calendar_mse,2982,2019-05-02 01:30:00,79.81402,112.79385,32.979836,41.320858
abs_calendar_mse,2983,2019-05-02 01:45:00,61.397686,111.062035,49.66435,80.88961
abs_calendar_mse,2984,2019-05-02 02:00:00,59.93349,94.6902,34.75671,57.992138
abs_calendar_mse,2985,2019-05-02 02:15:00,58.852547,93.86024,35.00769,59.48373
abs_calendar_mse,2986,2019-05-02 02:30:00,52.129765,94.450676,42.32091,81.18378
abs_calendar_mse,2987,2019-05-02 02:45:00,59.64214,95.61079,35.968647,60.307438
abs_calendar_mse,2988,2019-05-02 03:00:00,47.41965,81.03744,33.617786,70.89421
abs_calendar_mse,2989,2019-05-02 03:15:00,37.066837,82.90723,45.84039,123.66954
abs_calendar_mse,2990,2019-05-02 03:30:00,33.074577,84.4253,51.350723,155.25739
abs_calendar_mse,2991,2019-05-02 03:45:00,32.80785,85.80695,52.999104,161.54396
abs_calendar_mse,2992,2019-05-02 04:00:00,31.524874,73.5874,42.06253,133.42648
abs_calendar_mse,2993,2019-05-02 04:15:00,22.87086,74.9653,52.094444,227.7765
abs_calendar_mse,2994,2019-05-02 04:30:00,24.836267,76.13007,51.293808,206.52785
abs_calendar_mse,2995,2019-05-02 04:45:00,24.108303,77.399605,53.2913,221.04958
abs_calendar_mse,2996,2019-05-02 05:00:00,26.858313,71.22896,44.370644,165.20265
abs_calendar_mse,2997,2019-05-02 05:15:00,23.904787,72.58884,48.68405,203.65817
abs_calendar_mse,2998,2019-05-02 05:30:00,18.716005,73.8877,55.1717,294.7835
abs_calendar_mse,2999,2019-05-02 05:45:00,28.546646,74.991356,46.44471,162.6976
abs_calendar_mse,3000,2019-05-02 06:00:00,30.640917,75.18342,44.542503,145.36935
abs_calendar_mse,3001,2019-05-02 06:15:00,30.12913,76.599266,46.47014,154.23657
abs_calendar_mse,3002,2019-05-02 06:30:00,44.94272,77.93708,32.99436,73.41425
abs_calendar_mse,3003,2019-05-02 06:45:00,46.391644,79.55676,33.16512,71.489426
abs_calendar_mse,3004,2019-05-02 07:00:00,38.672844,86.29346,47.620613,123.13708
abs_calendar_mse,3005,2019-05-02 07:15:00,53.601307,87.51827,33.916965,63.27638
abs_calendar_mse,3006,2019-05-02 07:30:00,55.521793,88.95319,33.4314,60.21311
abs_calendar_mse,3007,2019-05-02 07:45:00,57.598766,90.363464,32.764698,56.884373
abs_calendar_mse,3008,2019-05-02 08:00:00,59.782448,102.10774,42.325294,70.79886
abs_calendar_mse,3009,2019-05-02 08:15:00,73.25185,102.96286,29.711014,40.56009
abs_calendar_mse,3010,2019-05-02 08:30:00,77.799576,104.04033,26.240753,33.72866
abs_calendar_mse,3011,2019-05-02 08:45:00,119.01012,105.13316,13.876953,11.660314
abs_calendar_mse,3012,2019-05-02 09:00:00,146.04866,121.00446,25.044197,17.147844
abs_calendar_mse,3013,2019-05-02 09:15:00,53.18158,124.06226,70.880684,133.28052
abs_calendar_mse,3014,2019-05-02 09:30:00,68.69591,122.98845,54.29254,79.03316
abs_calendar_mse,3015,2019-05-02 09:45:00,72.03373,120.94078,48.90705,67.89465
abs_calendar_mse,3016,2019-05-02 10:00:00,87.44181,128.92078,41.478966,47.43608
abs_calendar_mse,3017,2019-05-02 10:15:00,73.647385,127.52794,53.880554,73.16017
abs_calendar_mse,3018,2019-05-02 10:30:00,62.24346,126.09857,63.85511,102.589264
abs_calendar_mse,3019,2019-05-02 10:45:00,54.839146,124.43621,69.59706,126.911285
abs_calendar_mse,3020,2019-05-02 11:00:00,82.00209,131.36101,49.358917,60.19227
abs_calendar_mse,3021,2019-05-02 11:15:00,70.265594,130.87892,60.613327,86.26317
abs_calendar_mse,3022,2019-05-02 11:30:00,61.308342,130.54936,69.24102,112.93899
abs_calendar_mse,3023,2019-05-02 11:45:00,68.975784,130.0375,61.06172,88.52632
abs_calendar_mse,3024,2019-05-02 12:00:00,96.43427,136.0163,39.582024,41.045597
abs_calendar_mse,3025,2019-05-02 12:15:00,127.11754,136.7745,9.656967,7.59688
abs_calendar_mse,3026,2019-05-02 12:30:00,135.84245,139.21016,3.3677063,2.4791265
abs_calendar_mse,3027,2019-05-02 12:45:00,147.35078,142.21094,5.139847,3.4881706
abs_calendar_mse,3028,2019-05-02 13:00:00,157.97714,147.77802,10.199127,6.456078
abs_calendar_mse,3029,2019-05-02 13:15:00,140.27396,150.77417,10.500214,7.4855046
abs_calendar_mse,3030,2019-05-02 13:30:00,138.32114,151.82846,13.507324,9.765192
abs_calendar_mse,3031,2019-05-02 13:45:00,110.246254,151.50252,41.256264,37.421917
abs_calendar_mse,3032,2019-05-02 14:00:00,127.01949,148.06822,21.048729,16.571259
abs_calendar_mse,3033,2019-05-02 14:15:00,105.73599,145.6475,39.911514,37.746384
abs_calendar_mse,3034,2019-05-02 14:30:00,105.78033,142.38913,36.608803,34.60833
abs_calendar_mse,3035,2019-05-02 14:45:00,91.91358,139.2707,47.357124,51.52353
abs_calendar_mse,3036,2019-05-02 15:00:00,106.34636,133.03436,26.688004,25.095362
abs_calendar_mse,3037,2019-05-02 15:15:00,88.06931,131.14363,43.074318,48.909565
abs_calendar_mse,3038,2019-05-02 15:30:00,89.97066,129.20935,39.238693,43.612766
abs_calendar_mse,3039,2019-05-02 15:45:00,102.31086,127.84662,25.535759,24.958992
abs_calendar_mse,3040,2019-05-02 16:00:00,85.77134,123.33416,37.56282,43.79414
abs_calendar_mse,3041,2019-05-02 16:15:00,89.385086,122.72142,33.336334,37.295185
abs_calendar_mse,3042,2019-05-02 16:30:00,103.14524,122.41042,19.265182,18.677723
abs_calendar_mse,3043,2019-05-02 16:45:00,104.00908,122.88377,18.874695,18.14716
abs_calendar_mse,3044,2019-05-02 17:00:00,88.331825,120.95009,32.618263,36.926968
abs_calendar_mse,3045,2019-05-02 17:15:00,88.48473,121.16329,32.67856,36.931293
abs_calendar_mse,3046,2019-05-02 17:30:00,92.345215,121.16705,28.821838,31.210972
abs_calendar_mse,3047,2019-05-02 17:45:00,79.33458,121.31164,41.97706,52.911423
abs_calendar_mse,3048,2019-05-02 18:00:00,88.38123,128.53867,40.157433,45.436607
abs_calendar_mse,3049,2019-05-02 18:15:00,113.81923,128.54924,14.730011,12.941584
abs_calendar_mse,3050,2019-05-02 18:30:00,96.383064,130.24472,33.861656,35.132374
abs_calendar_mse,3051,2019-05-02 18:45:00,87.46976,131.41664,43.946884,50.24238
abs_calendar_mse,3052,2019-05-02 19:00:00,96.38274,141.88344,45.5007,47.208355
abs_calendar_mse,3053,2019-05-02 19:15:00,99.599594,142.32045,42.720856,42.8926
abs_calendar_mse,3054,2019-05-02 19:30:00,119.86627,142.94124,23.074966,19.250591
abs_calendar_mse,3055,2019-05-02 19:45:00,120.96101,144.65898,23.697968,19.59141
abs_calendar_mse,3056,2019-05-02 20:00:00,110.38349,161.16617,50.782677,46.00568
abs_calendar_mse,3057,2019-05-02 20:15:00,134.36072,161.98352,27.622803,20.55869
abs_calendar_mse,3058,2019-05-02 20:30:00,145.39499,163.5355,18.140518,12.476715
abs_calendar_mse,3059,2019-05-02 20:45:00,164.71834,165.49773,0.7793884,0.47316435
abs_calendar_mse,3060,2019-05-02 21:00:00,178.10353,181.41974,3.316208,1.8619552
abs_calendar_mse,3061,2019-05-02 21:15:00,177.61996,185.01556,7.3955994,4.1637206
abs_calendar_mse,3062,2019-05-02 21:30:00,169.52115,187.80757,18.286423,10.787104
abs_calendar_mse,3063,2019-05-02 21:45:00,208.01247,188.51448,19.497986,9.373469
abs_calendar_mse,3064,2019-05-02 22:00:00,185.49477,196.66364,11.168869,6.0211234
abs_calendar_mse,3065,2019-05-02 22:15:00,168.95605,196.70146,27.745407,16.42167
abs_calendar_mse,3066,2019-05-02 22:30:00,181.21442,193.8837,12.669281,6.9913206
abs_calendar_mse,3067,2019-05-02 22:45:00,151.65474,191.07845,39.423706,25.995695
abs_calendar_mse,3068,2019-05-02 23:00:00,164.9421,183.14003,18.197937,11.032925
abs_calendar_mse,3069,2019-05-02 23:15:00,151.17046,178.9934,27.822937,18.40501
abs_calendar_mse,3070,2019-05-02 23:30:00,109.23763,174.5509,65.31327,59.79008
abs_calendar_mse,3071,2019-05-02 23:45:00,74.97339,167.50092,92.52753,123.413826
abs_calendar_mse,3072,2019-05-03 00:00:00,153.57036,144.98547,8.584885,5.590196
abs_calendar_mse,3073,2019-05-03 00:15:00,157.60274,142.79553,14.807205,9.395271
abs_calendar_mse,3074,2019-05-03 00:30:00,159.03976,144.09885,14.940918,9.394454
abs_calendar_mse,3075,2019-05-03 00:45:00,142.65604,146.95789,4.3018494,3.0155396
abs_calendar_mse,3076,2019-05-03 01:00:00,69.46322,134.90518,65.44196,94.21096
abs_calendar_mse,3077,2019-05-03 01:15:00,55.30534,130.46411,75.15877,135.89786
abs_calendar_mse,3078,2019-05-03 01:30:00,67.37357,124.38991,57.016335,84.62715
abs_calendar_mse,3079,2019-05-03 01:45:00,60.81263,120.48889,59.67626,98.13136
abs_calendar_mse,3080,2019-05-03 02:00:00,35.830948,100.92228,65.09133,181.66232
abs_calendar_mse,3081,2019-05-03 02:15:00,40.993835,98.23766,57.243828,139.64009
abs_calendar_mse,3082,2019-05-03 02:30:00,28.905476,96.83536,67.929886,235.00697
abs_calendar_mse,3083,2019-05-03 02:45:00,30.256275,96.07474,65.81847,217.53658
abs_calendar_mse,3084,2019-05-03 03:00:00,36.76713,79.36523,42.598095,115.85918
abs_calendar_mse,3085,2019-05-03 03:15:00,24.669191,80.51367,55.844482,226.37338
abs_calendar_mse,3086,2019-05-03 03:30:00,19.263079,81.84645,62.583374,324.8877
abs_calendar_mse,3087,2019-05-03 03:45:00,14.285483,83.28556,69.00008,483.00833
abs_calendar_mse,3088,2019-05-03 04:00:00,10.74827,72.209,61.46073,571.81976
abs_calendar_mse,3089,2019-05-03 04:15:00,9.635912,73.31425,63.678337,660.8439
abs_calendar_mse,3090,2019-05-03 04:30:00,12.296307,74.47661,62.1803,505.68274
abs_calendar_mse,3091,2019-05-03 04:45:00,9.353482,75.818344,66.46486,710.5895
abs_calendar_mse,3092,2019-05-03 05:00:00,26.238724,70.971825,44.7331,170.48505
abs_calendar_mse,3093,2019-05-03 05:15:00,6.9327216,72.5859,65.653175,947.00433
abs_calendar_mse,3094,2019-05-03 05:30:00,4.2110705,73.76463,69.553566,1651.6836
abs_calendar_mse,3095,2019-05-03 05:45:00,7.2621026,74.62741,67.36531,927.62823
abs_calendar_mse,3096,2019-05-03 06:00:00,19.120996,75.09193,55.970932,292.71976
abs_calendar_mse,3097,2019-05-03 06:15:00,19.019718,76.262405,57.242687,300.96497
abs_calendar_mse,3098,2019-05-03 06:30:00,13.363261,77.452995,64.08974,479.59653
abs_calendar_mse,3099,2019-05-03 06:45:00,26.612965,78.401924,51.78896,194.6005
abs_calendar_mse,3100,2019-05-03 07:00:00,49.037807,85.01587,35.97806,73.368004
abs_calendar_mse,3101,2019-05-03 07:15:00,44.618046,86.66994,42.05189,94.24862
abs_calendar_mse,3102,2019-05-03 07:30:00,53.24999,88.17889,34.928898,65.59419
abs_calendar_mse,3103,2019-05-03 07:45:00,37.063435,89.87691,52.813473,142.49481
abs_calendar_mse,3104,2019-05-03 08:00:00,65.05332,101.82652,36.7732,56.527782
abs_calendar_mse,3105,2019-05-03 08:15:00,45.76074,103.1307,57.36996,125.36939
abs_calendar_mse,3106,2019-05-03 08:30:00,48.33248,103.44735,55.11487,114.03277
abs_calendar_mse,3107,2019-05-03 08:45:00,47.59852,103.25093,55.652412,116.92047
abs_calendar_mse,3108,2019-05-03 09:00:00,45.601402,117.881424,72.28002,158.50395
abs_calendar_mse,3109,2019-05-03 09:15:00,40.847015,117.146675,76.29966,186.79372
abs_calendar_mse,3110,2019-05-03 09:30:00,49.49134,116.2316,66.74026,134.8524
abs_calendar_mse,3111,2019-05-03 09:45:00,39.352135,115.62536,76.273224,193.82233
abs_calendar_mse,3112,2019-05-03 10:00:00,51.57736,125.66391,74.08655,143.64162
abs_calendar_mse,3113,2019-05-03 10:15:00,45.10816,125.312355,80.20419,177.80418
abs_calendar_mse,3114,2019-05-03 10:30:00,46.441254,124.939156,78.4979,169.02623
abs_calendar_mse,3115,2019-05-03 10:45:00,47.863255,124.64567,76.78241,160.42036
abs_calendar_mse,3116,2019-05-03 11:00:00,46.81507,134.19414,87.37907,186.6473
abs_calendar_mse,3117,2019-05-03 11:15:00,54.941513,134.00839,79.06688,143.911
abs_calendar_mse,3118,2019-05-03 11:30:00,57.913555,134.11725,76.20369,131.58179
abs_calendar_mse,3119,2019-05-03 11:45:00,64.45061,134.37679,69.92618,108.49576
abs_calendar_mse,3120,2019-05-03 12:00:00,84.734375,141.55894,56.82457,67.062004
abs_calendar_mse,3121,2019-05-03 12:15:00,89.43616,142.60107,53.164917,59.444546
abs_calendar_mse,3122,2019-05-03 12:30:00,95.09265,143.7112,48.618546,51.127552
abs_calendar_mse,3123,2019-05-03 12:45:00,116.45649,144.66481,28.20832,24.222197
abs_calendar_mse,3124,2019-05-03 13:00:00,110.5908,148.84708,38.25628,34.592644
abs_calendar_mse,3125,2019-05-03 13:15:00,90.29175,149.50752,59.215775,65.58271
abs_calendar_mse,3126,2019-05-03 13:30:00,106.25156,148.7241,42.47255,39.97358
abs_calendar_mse,3127,2019-05-03 13:45:00,111.97952,147.93985,35.960327,32.113308
abs_calendar_mse,3128,2019-05-03 14:00:00,157.32037,146.50783,10.812546,6.8729467
abs_calendar_mse,3129,2019-05-03 14:15:00,90.0452,148.16385,58.118652,64.54387
abs_calendar_mse,3130,2019-05-03 14:30:00,111.484436,146.65125,35.16681,31.544144
abs_calendar_mse,3131,2019-05-03 14:45:00,84.331215,145.07422,60.743004,72.02908
abs_calendar_mse,3132,2019-05-03 15:00:00,115.93182,138.85689,22.925064,19.774609
abs_calendar_mse,3133,2019-05-03 15:15:00,90.684715,137.42393,46.73922,51.54035
abs_calendar_mse,3134,2019-05-03 15:30:00,97.2563,135.50572,38.24942,39.328472
abs_calendar_mse,3135,2019-05-03 15:45:00,116.110115,133.9528,17.84269,15.367042
abs_calendar_mse,3136,2019-05-03 16:00:00,104.69552,129.58798,24.892464,23.776054
abs_calendar_mse,3137,2019-05-03 16:15:00,98.62006,129.02252,30.402458,30.827862
abs_calendar_mse,3138,2019-05-03 16:30:00,88.28511,128.2358,39.950684,45.251892
abs_calendar_mse,3139,2019-05-03 16:45:00,93.04925,127.026405,33.977158,36.515244
abs_calendar_mse,3140,2019-05-03 17:00:00,103.40227,123.08445,19.682182,19.034575
abs_calendar_mse,3141,2019-05-03 17:15:00,115.61651,122.71306,7.09655,6.138007
abs_calendar_mse,3142,2019-05-03 17:30:00,105.98318,123.26659,17.28341,16.307692
abs_calendar_mse,3143,2019-05-03 17:45:00,101.52835,123.59607,22.067719,21.735523
abs_calendar_mse,3144,2019-05-03 18:00:00,93.87445,131.09364,37.219193,39.647842
abs_calendar_mse,3145,2019-05-03 18:15:00,121.5226,130.17227,8.649673,7.117749
abs_calendar_mse,3146,2019-05-03 18:30:00,147.67044,131.01056,16.659882,11.281798
abs_calendar_mse,3147,2019-05-03 18:45:00,86.001045,134.667,48.665962,56.587643
abs_calendar_mse,3148,2019-05-03 19:00:00,71.6562,141.72467,70.068474,97.78425
abs_calendar_mse,3149,2019-05-03 19:15:00,90.38323,137.881,47.497765,52.55152
abs_calendar_mse,3150,2019-05-03 19:30:00,88.44154,135.20998,46.768433,52.880615
abs_calendar_mse,3151,2019-05-03 19:45:00,63.888714,133.1804,69.29169,108.45685
abs_calendar_mse,3152,2019-05-03 20:00:00,63.44495,144.91896,81.474014,128.41685
abs_calendar_mse,3153,2019-05-03 20:15:00,70.55473,142.79366,72.23892,102.38707
abs_calendar_mse,3154,2019-05-03 20:30:00,109.47449,141.75034,32.27585,29.482529
abs_calendar_mse,3155,2019-05-03 20:45:00,113.24921,143.68408,30.434875,26.87425
abs_calendar_mse,3156,2019-05-03 21:00:00,127.22811,160.6973,33.469185,26.306438
abs_calendar_mse,3157,2019-05-03 21:15:00,119.59765,164.6538,45.056145,37.673103
abs_calendar_mse,3158,2019-05-03 21:30:00,124.417435,167.72206,43.304626,34.805916
abs_calendar_mse,3159,2019-05-03 21:45:00,129.22223,170.08546,40.863235,31.622452
abs_calendar_mse,3160,2019-05-03 22:00:00,136.25363,179.0477,42.794067,31.407652
abs_calendar_mse,3161,2019-05-03 22:15:00,123.09104,180.51994,57.4289,46.655632
abs_calendar_mse,3162,2019-05-03 22:30:00,122.587456,180.40404,57.81658,47.163536
abs_calendar_mse,3163,2019-05-03 22:45:00,172.04932,179.3486,7.299286,4.242554
abs_calendar_mse,3164,2019-05-03 23:00:00,144.73619,178.99928,34.263092,23.672789
abs_calendar_mse,3165,2019-05-03 23:15:00,123.531456,179.36563,55.834175,45.198345
abs_calendar_mse,3166,2019-05-03 23:30:00,105.499565,177.32678,71.82722,68.082954
abs_calendar_mse,3167,2019-05-03 23:45:00,90.68089,173.24121,82.56032,91.04489
abs_calendar_mse,3168,2019-05-04 00:00:00,116.90152,147.60423,30.702713,26.26374
abs_calendar_mse,3169,2019-05-04 00:15:00,121.28236,145.06064,23.778282,19.605722
abs_calendar_mse,3170,2019-05-04 00:30:00,114.49497,143.8098,29.314827,25.603592
abs_calendar_mse,3171,2019-05-04 00:45:00,107.936104,142.94861,35.012505,32.438175
abs_calendar_mse,3172,2019-05-04 01:00:00,81.53328,126.02166,44.48838,54.56469
abs_calendar_mse,3173,2019-05-04 01:15:00,53.969044,123.81171,69.84267,129.41246
abs_calendar_mse,3174,2019-05-04 01:30:00,40.68331,120.1901,79.50679,195.42851
abs_calendar_mse,3175,2019-05-04 01:45:00,36.385742,116.5128,80.12706,220.21553
abs_calendar_mse,3176,2019-05-04 02:00:00,41.040794,94.68006,53.639267,130.69745
abs_calendar_mse,3177,2019-05-04 02:15:00,28.115791,92.29789,64.1821,228.27776
abs_calendar_mse,3178,2019-05-04 02:30:00,32.80276,90.78691,57.98415,176.76607
abs_calendar_mse,3179,2019-05-04 02:45:00,42.379993,90.56409,48.184093,113.69538
abs_calendar_mse,3180,2019-05-04 03:00:00,30.06864,74.86606,44.797417,148.98384
abs_calendar_mse,3181,2019-05-04 03:15:00,34.893303,75.657684,40.76438,116.825806
abs_calendar_mse,3182,2019-05-04 03:30:00,30.378153,76.99532,46.617172,153.45625
abs_calendar_mse,3183,2019-05-04 03:45:00,26.94788,78.40067,51.452793,190.93448
abs_calendar_mse,3184,2019-05-04 04:00:00,19.314795,67.47596,48.161163,249.34857
abs_calendar_mse,3185,2019-05-04 04:15:00,17.49266,68.16826,50.6756,289.69635
abs_calendar_mse,3186,2019-05-04 04:30:00,13.14434,68.7515,55.607162,423.05026
abs_calendar_mse,3187,2019-05-04 04:45:00,9.837476,69.23484,59.397366,603.7867
abs_calendar_mse,3188,2019-05-04 05:00:00,11.811033,64.51853,52.707497,446.25644
abs_calendar_mse,3189,2019-05-04 05:15:00,14.140249,64.95946,50.819206,359.394
abs_calendar_mse,3190,2019-05-04 05:30:00,20.584944,65.50522,44.920273,218.21907
abs_calendar_mse,3191,2019-05-04 05:45:00,25.257082,66.31194,41.054863,162.54793
abs_calendar_mse,3192,2019-05-04 06:00:00,19.582651,66.85349,47.270844,241.39145
abs_calendar_mse,3193,2019-05-04 06:15:00,10.032614,67.77174,57.73913,575.51434
abs_calendar_mse,3194,2019-05-04 06:30:00,8.222973,68.37384,60.150867,731.4978
abs_calendar_mse,3195,2019-05-04 06:45:00,17.399887,68.75721,51.357323,295.15894
abs_calendar_mse,3196,2019-05-04 07:00:00,12.973847,73.79363,60.819786,468.78757
abs_calendar_mse,3197,2019-05-04 07:15:00,9.375704,74.207275,64.83157,691.48486
abs_calendar_mse,3198,2019-05-04 07:30:00,35.44527,74.50492,39.05965,110.19707
abs_calendar_mse,3199,2019-05-04 07:45:00,25.29745,75.26946,49.972015,197.53777
abs_calendar_mse,3200,2019-05-04 08:00:00,21.583462,84.91618,63.33272,293.4317
abs_calendar_mse,3201,2019-05-04 08:15:00,35.378292,85.45067,50.072376,141.53418
abs_calendar_mse,3202,2019-05-04 08:30:00,51.725655,86.12074,34.39509,66.495224
abs_calendar_mse,3203,2019-05-04 08:45:00,26.135418,87.18637,61.050953,233.5947
abs_calendar_mse,3204,2019-05-04 09:00:00,27.398413,105.34277,77.94436,284.48492
abs_calendar_mse,3205,2019-05-04 09:15:00,40.390644,105.20326,64.81262,160.46445
abs_calendar_mse,3206,2019-05-04 09:30:00,36.455772,105.22972,68.77395,188.65038
abs_calendar_mse,3207,2019-05-04 09:45:00,35.991096,105.16352,69.172424,192.19315
abs_calendar_mse,3208,2019-05-04 10:00:00,59.462093,115.1828,55.720707,93.70795
abs_calendar_mse,3209,2019-05-04 10:15:00,70.74177,115.52292,44.78115,63.302277
abs_calendar_mse,3210,2019-05-04 10:30:00,48.235813,116.19426,67.95845,140.88795
abs_calendar_mse,3211,2019-05-04 10:45:00,61.5672,116.24636,54.67916,88.812164
abs_calendar_mse,3212,2019-05-04 11:00:00,56.768803,126.00658,69.23778,121.96449
abs_calendar_mse,3213,2019-05-04 11:15:00,53.10568,125.74626,72.64058,136.78496
abs_calendar_mse,3214,2019-05-04 11:30:00,54.909496,125.197235,70.287735,128.00652
abs_calendar_mse,3215,2019-05-04 11:45:00,57.932503,124.583725,66.65122,115.04979
abs_calendar_mse,3216,2019-05-04 12:00:00,63.595745,131.51595,67.9202,106.79991
abs_calendar_mse,3217,2019-05-04 12:15:00,73.307526,131.16432,57.856796,78.9234
abs_calendar_mse,3218,2019-05-04 12:30:00,74.53403,131.1964,56.66237,76.02215
abs_calendar_mse,3219,2019-05-04 12:45:00,95.47765,131.29433,35.816673,37.51315
abs_calendar_mse,3220,2019-05-04 13:00:00,80.325615,136.12413,55.798515,69.46541
abs_calendar_mse,3221,2019-05-04 13:15:00,71.02965,136.20618,65.17653,91.75961
abs_calendar_mse,3222,2019-05-04 13:30:00,84.25396,135.56798,51.31402,60.903984
abs_calendar_mse,3223,2019-05-04 13:45:00,82.63589,135.0977,52.461815,63.485508
abs_calendar_mse,3224,2019-05-04 14:00:00,68.0883,135.35294,67.26463,98.79029
abs_calendar_mse,3225,2019-05-04 14:15:00,63.58347,134.16862,70.58516,111.0118
abs_calendar_mse,3226,2019-05-04 14:30:00,65.72674,132.72627,66.999535,101.93649
abs_calendar_mse,3227,2019-05-04 14:45:00,68.68428,131.43782,62.75354,91.36521
abs_calendar_mse,3228,2019-05-04 15:00:00,74.858574,128.79977,53.9412,72.05748
abs_calendar_mse,3229,2019-05-04 15:15:00,73.02527,128.30223,55.276962,75.69566
abs_calendar_mse,3230,2019-05-04 15:30:00,67.18517,127.9656,60.780426,90.467026
abs_calendar_mse,3231,2019-05-04 15:45:00,76.14307,127.53247,51.389404,67.49059
abs_calendar_mse,3232,2019-05-04 16:00:00,67.216385,124.91279,57.696404,85.836815
abs_calendar_mse,3233,2019-05-04 16:15:00,78.086845,124.600395,46.51355,59.566433
abs_calendar_mse,3234,2019-05-04 16:30:00,91.41595,124.56348,33.14753,36.260117
abs_calendar_mse,3235,2019-05-04 16:45:00,75.60118,125.00845,49.407272,65.35251
abs_calendar_mse,3236,2019-05-04 17:00:00,114.28624,123.63118,9.34494,8.1767845
abs_calendar_mse,3237,2019-05-04 17:15:00,95.760216,124.89125,29.131035,30.420813
abs_calendar_mse,3238,2019-05-04 17:30:00,86.2879,125.65149,39.363586,45.618896
abs_calendar_mse,3239,2019-05-04 17:45:00,105.076385,125.60524,20.528854,19.537077
abs_calendar_mse,3240,2019-05-04 18:00:00,102.55404,137.79202,35.237984,34.360405
abs_calendar_mse,3241,2019-05-04 18:15:00,93.13059,137.61449,44.483894,47.76507
abs_calendar_mse,3242,2019-05-04 18:30:00,100.24507,136.77287,36.5278,36.4385
abs_calendar_mse,3243,2019-05-04 18:45:00,85.17624,135.94681,50.77057,59.60649
abs_calendar_mse,3244,2019-05-04 19:00:00,100.055824,141.79097,41.735146,41.71186
abs_calendar_mse,3245,2019-05-04 19:15:00,85.38433,140.76852,55.384193,64.864586
abs_calendar_mse,3246,2019-05-04 19:30:00,66.051285,139.30138,73.25009,110.89882
abs_calendar_mse,3247,2019-05-04 19:45:00,79.3076,137.01556,57.707962,72.76473
abs_calendar_mse,3248,2019-05-04 20:00:00,94.194496,146.10512,51.91062,55.11004
abs_calendar_mse,3249,2019-05-04 20:15:00,105.304794,145.63965,40.334854,38.30296
abs_calendar_mse,3250,2019-05-04 20:30:00,103.84105,146.19754,42.35649,40.789738
abs_calendar_mse,3251,2019-05-04 20:45:00,121.95999,147.08282,25.122833,20.599241
abs_calendar_mse,3252,2019-05-04 21:00:00,106.13031,159.93857,53.808258,50.70018
abs_calendar_mse,3253,2019-05-04 21:15:00,117.31018,160.80397,43.49379,37.075886
abs_calendar_mse,3254,2019-05-04 21:30:00,123.70511,161.63478,37.929672,30.661362
abs_calendar_mse,3255,2019-05-04 21:45:00,129.87015,162.45953,32.589386,25.093824
abs_calendar_mse,3256,2019-05-04 22:00:00,152.97195,169.08368,16.111725,10.53247
abs_calendar_mse,3257,2019-05-04 22:15:00,142.0512,170.78284,28.731644,20.22626
abs_calendar_mse,3258,2019-05-04 22:30:00,141.90454,171.52759,29.623047,20.875334
abs_calendar_mse,3259,2019-05-04 22:45:00,127.13545,171.47217,44.336716,34.873604
abs_calendar_mse,3260,2019-05-04 23:00:00,133.55258,167.58582,34.033234,25.48302
abs_calendar_mse,3261,2019-05-04 23:15:00,149.67422,165.89073,16.216507,10.834536
abs_calendar_mse,3262,2019-05-04 23:30:00,127.821915,165.11795,37.296036,29.178125
abs_calendar_mse,3263,2019-05-04 23:45:00,84.92028,163.12215,78.201866,92.08856
abs_calendar_mse,3264,2019-05-05 00:00:00,119.11226,153.36978,34.257523,28.760702
abs_calendar_mse,3265,2019-05-05 00:15:00,124.19443,150.6711,26.47667,21.318726
abs_calendar_mse,3266,2019-05-05 00:30:00,123.923035,149.24861,25.325577,20.436537
abs_calendar_mse,3267,2019-05-05 00:45:00,114.48821,148.56702,34.078804,29.76621
abs_calendar_mse,3268,2019-05-05 01:00:00,72.96354,130.45146,57.487923,78.78993
abs_calendar_mse,3269,2019-05-05 01:15:00,80.21902,127.64964,47.430626,59.12641
abs_calendar_mse,3270,2019-05-05 01:30:00,83.92515,125.14571,41.220566,49.115868
abs_calendar_mse,3271,2019-05-05 01:45:00,67.22142,123.4806,56.25918,83.69234
abs_calendar_mse,3272,2019-05-05 02:00:00,57.047817,101.93758,44.88976,78.68796
abs_calendar_mse,3273,2019-05-05 02:15:00,81.25918,99.88601,18.626831,22.92274
abs_calendar_mse,3274,2019-05-05 02:30:00,74.919106,99.68873,24.769623,33.061825
abs_calendar_mse,3275,2019-05-05 02:45:00,61.99679,100.31947,38.32268,61.813972
abs_calendar_mse,3276,2019-05-05 03:00:00,61.182537,82.33328,21.150745,34.56991
abs_calendar_mse,3277,2019-05-05 03:15:00,78.48594,82.48693,4.000992,5.097718
abs_calendar_mse,3278,2019-05-05 03:30:00,64.7769,83.680954,18.904053,29.183323
abs_calendar_mse,3279,2019-05-05 03:45:00,64.61161,84.61284,20.001228,30.956089
abs_calendar_mse,3280,2019-05-05 04:00:00,58.906517,72.05191,13.145393,22.315685
abs_calendar_mse,3281,2019-05-05 04:15:00,50.532467,72.46844,21.93597,43.409657
abs_calendar_mse,3282,2019-05-05 04:30:00,36.061085,72.451996,36.39091,100.914635
abs_calendar_mse,3283,2019-05-05 04:45:00,28.281935,71.76033,43.478394,153.73204
abs_calendar_mse,3284,2019-05-05 05:00:00,37.26256,64.44582,27.183262,72.95059
abs_calendar_mse,3285,2019-05-05 05:15:00,25.034925,64.01289,38.977966,155.69435
abs_calendar_mse,3286,2019-05-05 05:30:00,16.853811,63.747684,46.893875,278.23898
abs_calendar_mse,3287,2019-05-05 05:45:00,13.872423,63.5812,49.70878,358.328
abs_calendar_mse,3288,2019-05-05 06:00:00,25.748432,62.82923,37.0808,144.01187
abs_calendar_mse,3289,2019-05-05 06:15:00,26.439188,63.06473,36.62554,138.5275
abs_calendar_mse,3290,2019-05-05 06:30:00,18.541235,63.5244,44.983162,242.61145
abs_calendar_mse,3291,2019-05-05 06:45:00,18.111235,63.985504,45.874268,253.29178
abs_calendar_mse,3292,2019-05-05 07:00:00,19.301754,68.36216,49.060406,254.1759
abs_calendar_mse,3293,2019-05-05 07:15:00,17.090982,69.01591,51.924927,303.81476
abs_calendar_mse,3294,2019-05-05 07:30:00,17.438549,69.63919,52.20064,299.3405
abs_calendar_mse,3295,2019-05-05 07:45:00,17.819344,70.23909,52.419746,294.17328
abs_calendar_mse,3296,2019-05-05 08:00:00,14.6537485,78.99889,64.345146,439.10364
abs_calendar_mse,3297,2019-05-05 08:15:00,18.598833,79.54199,60.94316,327.67197
abs_calendar_mse,3298,2019-05-05 08:30:00,34.02912,80.09863,46.06951,135.3826
abs_calendar_mse,3299,2019-05-05 08:45:00,36.145676,80.955185,44.80951,123.96921
abs_calendar_mse,3300,2019-05-05 09:00:00,29.06677,100.18647,71.1197,244.677
abs_calendar_mse,3301,2019-05-05 09:15:00,48.525642,100.78217,52.25653,107.688484
abs_calendar_mse,3302,2019-05-05 09:30:00,47.365314,101.663345,54.29803,114.636696
abs_calendar_mse,3303,2019-05-05 09:45:00,66.56969,102.42767,35.857986,53.865337
abs_calendar_mse,3304,2019-05-05 10:00:00,57.763447,113.86279,56.099346,97.11911
abs_calendar_mse,3305,2019-05-05 10:15:00,53.194027,114.72237,61.52834,115.66776
abs_calendar_mse,3306,2019-05-05 10:30:00,76.666046,114.97806,38.31201,49.972595
abs_calendar_mse,3307,2019-05-05 10:45:00,77.43792,115.62107,38.18315,49.30808
abs_calendar_mse,3308,2019-05-05 11:00:00,85.89107,126.16976,40.278694,46.89509
abs_calendar_mse,3309,2019-05-05 11:15:00,59.755318,126.67421,66.91889,111.988174
abs_calendar_mse,3310,2019-05-05 11:30:00,59.01051,125.979385,66.96887,113.48635
abs_calendar_mse,3311,2019-05-05 11:45:00,115.2499,124.7995,9.549599,8.285994
abs_calendar_mse,3312,2019-05-05 12:00:00,72.15629,133.3152,61.158913,84.75895
abs_calendar_mse,3313,2019-05-05 12:15:00,62.841156,132.75208,69.91092,111.25021
abs_calendar_mse,3314,2019-05-05 12:30:00,120.230095,131.4039,11.173805,9.293684
abs_calendar_mse,3315,2019-05-05 12:45:00,96.88182,131.91626,35.03444,36.162037
abs_calendar_mse,3316,2019-05-05 13:00:00,113.70017,136.54478,22.844612,20.091976
abs_calendar_mse,3317,2019-05-05 13:15:00,91.28367,136.80992,45.526253,49.873383
abs_calendar_mse,3318,2019-05-05 13:30:00,106.44926,136.13437,29.685112,27.886633
abs_calendar_mse,3319,2019-05-05 13:45:00,101.337814,135.72949,34.391678,33.937653
abs_calendar_mse,3320,2019-05-05 14:00:00,107.43669,136.54123,29.104538,27.089941
abs_calendar_mse,3321,2019-05-05 14:15:00,110.77095,135.91444,25.143494,22.698635
abs_calendar_mse,3322,2019-05-05 14:30:00,122.43892,135.4103,12.9713745,10.594159
abs_calendar_mse,3323,2019-05-05 14:45:00,102.668205,135.37305,32.70484,31.854889
abs_calendar_mse,3324,2019-05-05 15:00:00,124.14739,133.74799,9.600594,7.733222
abs_calendar_mse,3325,2019-05-05 15:15:00,97.26558,133.4744,36.208817,37.226753
abs_calendar_mse,3326,2019-05-05 15:30:00,175.80557,132.13712,43.668457,24.839064
abs_calendar_mse,3327,2019-05-05 15:45:00,117.58977,133.97229,16.382523,13.931929
abs_calendar_mse,3328,2019-05-05 16:00:00,135.26399,132.17867,3.0853271,2.2809672
abs_calendar_mse,3329,2019-05-05 16:15:00,150.5974,131.97874,18.618652,12.363197
abs_calendar_mse,3330,2019-05-05 16:30:00,120.69855,132.44307,11.744522,9.730458
abs_calendar_mse,3331,2019-05-05 16:45:00,109.3863,131.56776,22.181465,20.278103
abs_calendar_mse,3332,2019-05-05 17:00:00,138.29971,129.14459,9.155121,6.6197686
abs_calendar_mse,3333,2019-05-05 17:15:00,114.356384,128.35545,13.999069,12.241616
abs_calendar_mse,3334,2019-05-05 17:30:00,141.84627,126.72588,15.120384,10.6596985
abs_calendar_mse,3335,2019-05-05 17:45:00,116.866234,126.55726,9.691025,8.292408
abs_calendar_mse,3336,2019-05-05 18:00:00,140.93631,134.04457,6.891739,4.889967
abs_calendar_mse,3337,2019-05-05 18:15:00,110.49285,133.79274,23.299889,21.087236
abs_calendar_mse,3338,2019-05-05 18:30:00,145.02937,131.93658,13.092789,9.02768
abs_calendar_mse,3339,2019-05-05 18:45:00,131.78839,132.07014,0.28175354,0.21379238
abs_calendar_mse,3340,2019-05-05 19:00:00,127.6101,138.60991,10.999809,8.619858
abs_calendar_mse,3341,2019-05-05 19:15:00,147.5856,137.95653,9.629074,6.5243998
abs_calendar_mse,3342,2019-05-05 19:30:00,140.5484,138.596,1.9524078,1.3891356
abs_calendar_mse,3343,2019-05-05 19:45:00,139.73943,138.96571,0.77371216,0.5536821
abs_calendar_mse,3344,2019-05-05 20:00:00,174.7188,148.69772,26.021072,14.893116
abs_calendar_mse,3345,2019-05-05 20:15:00,147.28651,151.07925,3.7927399,2.575076
abs_calendar_mse,3346,2019-05-05 20:30:00,132.77483,151.82423,19.049408,14.347154
abs_calendar_mse,3347,2019-05-05 20:45:00,162.74535,150.41176,12.333588,7.578458
abs_calendar_mse,3348,2019-05-05 21:00:00,176.20695,159.55281,16.654144,9.451468
abs_calendar_mse,3349,2019-05-05 21:15:00,205.06758,161.4833,43.584274,21.253616
abs_calendar_mse,3350,2019-05-05 21:30:00,208.9659,166.04561,42.920288,20.539375
abs_calendar_mse,3351,2019-05-05 21:45:00,224.3419,171.26315,53.07875,23.659758
abs_calendar_mse,3352,2019-05-05 22:00:00,243.28746,180.81876,62.468704,25.676912
abs_calendar_mse,3353,2019-05-05 22:15:00,219.95462,187.55968,32.394943,14.728013
abs_calendar_mse,3354,2019-05-05 22:30:00,172.2784,190.46127,18.182877,10.554357
abs_calendar_mse,3355,2019-05-05 22:45:00,202.85799,185.9988,16.859192,8.310834
abs_calendar_mse,3356,2019-05-05 23:00:00,215.56172,179.73482,35.826904,16.620253
abs_calendar_mse,3357,2019-05-05 23:15:00,204.2758,178.04529,26.230515,12.8407345
abs_calendar_mse,3358,2019-05-05 23:30:00,167.80154,175.99193,8.190384,4.8809943
abs_calendar_mse,3359,2019-05-05 23:45:00,87.68987,170.30745,82.61758,94.215645
delta_calendar_huber,2688,2019-04-29 00:00:00,160.71133,158.87299,1.8383484,1.1438823
delta_calendar_huber,2689,2019-04-29 00:15:00,157.0701,159.11188,2.0417786,1.2999154
delta_calendar_huber,2690,2019-04-29 00:30:00,154.244,155.53781,1.293808,0.83880603
delta_calendar_huber,2691,2019-04-29 00:45:00,136.81113,152.77206,15.9609375,11.666403
delta_calendar_huber,2692,2019-04-29 01:00:00,126.43498,135.31984,8.884857,7.027214
delta_calendar_huber,2693,2019-04-29 01:15:00,98.2447,124.99735,26.752655,27.230635
delta_calendar_huber,2694,2019-04-29 01:30:00,83.880226,96.85849,12.978264,15.472376
delta_calendar_huber,2695,2019-04-29 01:45:00,85.43559,82.545654,2.8899384,3.382593
delta_calendar_huber,2696,2019-04-29 02:00:00,65.63837,84.23411,18.595741,28.330597
delta_calendar_huber,2697,2019-04-29 02:15:00,62.175,64.504654,2.3296547,3.7469316
delta_calendar_huber,2698,2019-04-29 02:30:00,61.91144,61.101562,0.8098793,1.3081255
delta_calendar_huber,2699,2019-04-29 02:45:00,65.129135,60.89452,4.2346153,6.501876
delta_calendar_huber,2700,2019-04-29 03:00:00,38.70569,64.397964,25.692276,66.378555
delta_calendar_huber,2701,2019-04-29 03:15:00,40.42183,38.019882,2.401947,5.9422026
delta_calendar_huber,2702,2019-04-29 03:30:00,30.927319,39.774696,8.847378,28.606998
delta_calendar_huber,2703,2019-04-29 03:45:00,30.075228,30.316519,0.24129105,0.80229163
delta_calendar_huber,2704,2019-04-29 04:00:00,24.1078,29.831688,5.7238884,23.74289
delta_calendar_huber,2705,2019-04-29 04:15:00,24.730207,23.896206,0.83400154,3.3724003
delta_calendar_huber,2706,2019-04-29 04:30:00,21.124332,24.545412,3.4210796,16.194971
delta_calendar_huber,2707,2019-04-29 04:45:00,23.100521,20.96143,2.1390915,9.259928
delta_calendar_huber,2708,2019-04-29 05:00:00,32.196175,23.291378,8.904797,27.657934
delta_calendar_huber,2709,2019-04-29 05:15:00,42.098076,32.390423,9.707653,23.059612
delta_calendar_huber,2710,2019-04-29 05:30:00,39.22251,42.29179,3.0692787,7.825299
delta_calendar_huber,2711,2019-04-29 05:45:00,27.164865,39.41571,12.250845,45.098125
delta_calendar_huber,2712,2019-04-29 06:00:00,34.475307,27.638292,6.837015,19.831629
delta_calendar_huber,2713,2019-04-29 06:15:00,25.93506,34.95157,9.016508,34.765713
delta_calendar_huber,2714,2019-04-29 06:30:00,29.58071,26.413109,3.1676006,10.708332
delta_calendar_huber,2715,2019-04-29 06:45:00,47.99836,30.060192,17.938168,37.37246
delta_calendar_huber,2716,2019-04-29 07:00:00,70.49388,48.66414,21.829742,30.96686
delta_calendar_huber,2717,2019-04-29 07:15:00,90.06549,71.15511,18.910378,20.996252
delta_calendar_huber,2718,2019-04-29 07:30:00,83.12714,90.71829,7.591156,9.131983
delta_calendar_huber,2719,2019-04-29 07:45:00,97.02323,83.76696,13.256271,13.662987
delta_calendar_huber,2720,2019-04-29 08:00:00,80.496445,97.82282,17.326378,21.5244
delta_calendar_huber,2721,2019-04-29 08:15:00,97.226845,81.28224,15.944603,16.399384
delta_calendar_huber,2722,2019-04-29 08:30:00,92.727,97.99706,5.2700653,5.6834207
delta_calendar_huber,2723,2019-04-29 08:45:00,101.95749,93.48352,8.4739685,8.311276
delta_calendar_huber,2724,2019-04-29 09:00:00,119.30822,103.119934,16.188286,13.568458
delta_calendar_huber,2725,2019-04-29 09:15:00,88.71131,120.45211,31.740799,35.779877
delta_calendar_huber,2726,2019-04-29 09:30:00,69.21647,89.849525,20.633057,29.80946
delta_calendar_huber,2727,2019-04-29 09:45:00,83.45688,70.3569,13.099976,15.6967
delta_calendar_huber,2728,2019-04-29 10:00:00,78.56983,84.54195,5.9721146,7.601027
delta_calendar_huber,2729,2019-04-29 10:15:00,88.632385,79.66069,8.971695,10.122366
delta_calendar_huber,2730,2019-04-29 10:30:00,75.12909,89.72215,14.593063,19.423985
delta_calendar_huber,2731,2019-04-29 10:45:00,75.80483,76.22293,0.41809845,0.5515459
delta_calendar_huber,2732,2019-04-29 11:00:00,81.228355,76.83807,4.3902817,5.4048634
delta_calendar_huber,2733,2019-04-29 11:15:00,95.57491,82.26541,13.309502,13.925727
delta_calendar_huber,2734,2019-04-29 11:30:00,99.05851,96.609566,2.448944,2.4722197
delta_calendar_huber,2735,2019-04-29 11:45:00,92.43672,100.087944,7.651222,8.277254
delta_calendar_huber,2736,2019-04-29 12:00:00,144.76991,93.38818,51.38173,35.491993
delta_calendar_huber,2737,2019-04-29 12:15:00,173.03966,145.70204,27.337616,15.798469
delta_calendar_huber,2738,2019-04-29 12:30:00,183.64317,173.93954,9.703629,5.283958
delta_calendar_huber,2739,2019-04-29 12:45:00,204.84901,184.50583,20.343185,9.9308195
delta_calendar_huber,2740,2019-04-29 13:00:00,243.3266,205.58336,37.74324,15.511351
delta_calendar_huber,2741,2019-04-29 13:15:00,205.10435,243.9974,38.89305,18.962566
delta_calendar_huber,2742,2019-04-29 13:30:00,181.0352,205.7307,24.695496,13.641267
delta_calendar_huber,2743,2019-04-29 13:45:00,148.8819,181.63116,32.749268,21.996809
delta_calendar_huber,2744,2019-04-29 14:00:00,144.54718,149.40746,4.8602753,3.3624146
delta_calendar_huber,2745,2019-04-29 14:15:00,156.44606,145.06883,11.377228,7.2723007
delta_calendar_huber,2746,2019-04-29 14:30:00,136.00374,156.96803,20.964294,15.414498
delta_calendar_huber,2747,2019-04-29 14:45:00,130.83182,136.53232,5.7005005,4.357121
delta_calendar_huber,2748,2019-04-29 15:00:00,107.83934,131.31256,23.47322,21.766844
delta_calendar_huber,2749,2019-04-29 15:15:00,101.24244,108.33874,7.096298,7.0092125
delta_calendar_huber,2750,2019-04-29 15:30:00,109.53982,101.76575,7.7740707,7.0970273
delta_calendar_huber,2751,2019-04-29 15:45:00,105.47917,110.08518,4.6060104,4.366749
delta_calendar_huber,2752,2019-04-29 16:00:00,114.62477,106.048874,8.575897,7.481714
delta_calendar_huber,2753,2019-04-29 16:15:00,111.96394,115.20337,3.2394257,2.8932757
delta_calendar_huber,2754,2019-04-29 16:30:00,126.29993,112.55024,13.749687,10.886536
delta_calendar_huber,2755,2019-04-29 16:45:00,119.598206,126.889565,7.291359,6.0965457
delta_calendar_huber,2756,2019-04-29 17:00:00,153.53519,120.22371,33.311478,21.696314
delta_calendar_huber,2757,2019-04-29 17:15:00,168.09651,154.1584,13.93811,8.291731
delta_calendar_huber,2758,2019-04-29 17:30:00,139.95586,168.71506,28.759201,20.548765
delta_calendar_huber,2759,2019-04-29 17:45:00,176.5917,140.57071,36.020996,20.397898
delta_calendar_huber,2760,2019-04-29 18:00:00,160.74718,176.99269,16.245514,10.106252
delta_calendar_huber,2761,2019-04-29 18:15:00,214.69365,161.1242,53.569443,24.951572
delta_calendar_huber,2762,2019-04-29 18:30:00,215.17982,215.02917,0.15065002,0.07001122
delta_calendar_huber,2763,2019-04-29 18:45:00,164.78413,215.46774,50.68361,30.75758
delta_calendar_huber,2764,2019-04-29 19:00:00,175.81477,164.87544,10.939331,6.222077
delta_calendar_huber,2765,2019-04-29 19:15:00,189.42035,175.889,13.531342,7.143552
delta_calendar_huber,2766,2019-04-29 19:30:00,169.71008,189.47792,19.767838,11.648005
delta_calendar_huber,2767,2019-04-29 19:45:00,187.61433,169.76022,17.85411,9.51639
delta_calendar_huber,2768,2019-04-29 20:00:00,187.9461,187.3846,0.5615082,0.2987602
delta_calendar_huber,2769,2019-04-29 20:15:00,165.27438,187.71086,22.436478,13.57529
delta_calendar_huber,2770,2019-04-29 20:30:00,216.03633,165.04063,50.995697,23.605148
delta_calendar_huber,2771,2019-04-29 20:45:00,231.21889,215.79802,15.420868,6.6693807
delta_calendar_huber,2772,2019-04-29 21:00:00,224.0286,230.59908,6.5704803,2.9328759
delta_calendar_huber,2773,2019-04-29 21:15:00,276.95377,223.39032,53.563446,19.340212
delta_calendar_huber,2774,2019-04-29 21:30:00,299.09906,276.28546,22.813599,7.6274385
delta_calendar_huber,2775,2019-04-29 21:45:00,290.775,298.38696,7.611969,2.6178212
delta_calendar_huber,2776,2019-04-29 22:00:00,319.28912,289.6932,29.595917,9.269316
delta_calendar_huber,2777,2019-04-29 22:15:00,306.79672,318.16238,11.365662,3.7046227
delta_calendar_huber,2778,2019-04-29 22:30:00,328.66425,305.62686,23.037384,7.0093975
delta_calendar_huber,2779,2019-04-29 22:45:00,265.40518,327.45352,62.04834,23.378723
delta_calendar_huber,2780,2019-04-29 23:00:00,239.59126,263.9191,24.327835,10.153891
delta_calendar_huber,2781,2019-04-29 23:15:00,241.27301,238.1021,3.1709137,1.3142431
delta_calendar_huber,2782,2019-04-29 23:30:00,194.81544,239.79414,44.9787,23.08785
delta_calendar_huber,2783,2019-04-29 23:45:00,155.04216,193.3625,38.320343,24.71608
delta_calendar_huber,2784,2019-04-30 00:00:00,162.71187,153.22934,9.482529,5.827804
delta_calendar_huber,2785,2019-04-30 00:15:00,150.38388,160.94653,10.562653,7.0237927
delta_calendar_huber,2786,2019-04-30 00:30:00,140.64842,148.66983,8.021408,5.703162
delta_calendar_huber,2787,2019-04-30 00:45:00,135.4528,138.98994,3.53714,2.6113448
delta_calendar_huber,2788,2019-04-30 01:00:00,119.32404,133.75418,14.430138,12.093236
delta_calendar_huber,2789,2019-04-30 01:15:00,83.31167,117.67483,34.36316,41.246517
delta_calendar_huber,2790,2019-04-30 01:30:00,80.40553,81.71371,1.3081741,1.6269703
delta_calendar_huber,2791,2019-04-30 01:45:00,74.489586,78.858635,4.369049,5.8653154
delta_calendar_huber,2792,2019-04-30 02:00:00,54.762165,73.08089,18.318722,33.45142
delta_calendar_huber,2793,2019-04-30 02:15:00,59.22302,53.419193,5.8038254,9.799949
delta_calendar_huber,2794,2019-04-30 02:30:00,53.618916,57.944923,4.326008,8.068063
delta_calendar_huber,2795,2019-04-30 02:45:00,55.065426,52.39611,2.6693153,4.847534
delta_calendar_huber,2796,2019-04-30 03:00:00,50.951664,54.125607,3.1739426,6.229321
delta_calendar_huber,2797,2019-04-30 03:15:00,49.909725,50.055138,0.14541245,0.29135093
delta_calendar_huber,2798,2019-04-30 03:30:00,33.689598,49.046207,15.356609,45.58264
delta_calendar_huber,2799,2019-04-30 03:45:00,36.130592,32.859905,3.270687,9.052404
delta_calendar_huber,2800,2019-04-30 04:00:00,94.31413,35.601395,58.712738,62.252323
delta_calendar_huber,2801,2019-04-30 04:15:00,69.679634,93.79747,24.117836,34.61246
delta_calendar_huber,2802,2019-04-30 04:30:00,40.35557,69.16541,28.809841,71.39
delta_calendar_huber,2803,2019-04-30 04:45:00,47.796192,39.854214,7.9419785,16.61634
delta_calendar_huber,2804,2019-04-30 05:00:00,29.732048,47.49175,17.7597,59.732513
delta_calendar_huber,2805,2019-04-30 05:15:00,27.387207,29.44759,2.0603828,7.523158
delta_calendar_huber,2806,2019-04-30 05:30:00,23.441996,27.123577,3.6815815,15.705069
delta_calendar_huber,2807,2019-04-30 05:45:00,22.697931,23.202845,0.50491333,2.2244906
delta_calendar_huber,2808,2019-04-30 06:00:00,38.346462,22.680668,15.665794,40.8533
delta_calendar_huber,2809,2019-04-30 06:15:00,26.634792,38.336407,11.701614,43.933567
delta_calendar_huber,2810,2019-04-30 06:30:00,28.00024,26.629717,1.3705235,4.894685
delta_calendar_huber,2811,2019-04-30 06:45:00,46.256893,28.001482,18.255411,39.46528
delta_calendar_huber,2812,2019-04-30 07:00:00,47.451702,46.414494,1.0372086,2.1858194
delta_calendar_huber,2813,2019-04-30 07:15:00,85.047905,47.60956,37.438347,44.020306
delta_calendar_huber,2814,2019-04-30 07:30:00,85.524704,85.1995,0.32520294,0.38024446
delta_calendar_huber,2815,2019-04-30 07:45:00,68.78471,85.66684,16.882126,24.543427
delta_calendar_huber,2816,2019-04-30 08:00:00,87.43983,69.07526,18.36457,21.002523
delta_calendar_huber,2817,2019-04-30 08:15:00,85.92962,87.72002,1.7903976,2.0835629
delta_calendar_huber,2818,2019-04-30 08:30:00,89.05439,86.19841,2.85598,3.2070062
delta_calendar_huber,2819,2019-04-30 08:45:00,105.43517,89.30836,16.126816,15.29548
delta_calendar_huber,2820,2019-04-30 09:00:00,79.13189,106.393845,27.261955,34.451286
delta_calendar_huber,2821,2019-04-30 09:15:00,54.219666,80.08244,25.862778,47.699993
delta_calendar_huber,2822,2019-04-30 09:30:00,61.17377,55.17223,6.001541,9.810644
delta_calendar_huber,2823,2019-04-30 09:45:00,70.55815,62.13245,8.425701,11.9415
delta_calendar_huber,2824,2019-04-30 10:00:00,66.061646,71.4707,5.4090576,8.187895
delta_calendar_huber,2825,2019-04-30 10:15:00,60.384045,66.975266,6.591221,10.915501
delta_calendar_huber,2826,2019-04-30 10:30:00,75.49118,61.302925,14.188255,18.794588
delta_calendar_huber,2827,2019-04-30 10:45:00,69.344284,76.41069,7.0664062,10.190322
delta_calendar_huber,2828,2019-04-30 11:00:00,60.48498,70.20445,9.719471,16.069231
delta_calendar_huber,2829,2019-04-30 11:15:00,85.60705,61.348816,24.258232,28.336721
delta_calendar_huber,2830,2019-04-30 11:30:00,99.12348,86.46772,12.655762,12.767673
delta_calendar_huber,2831,2019-04-30 11:45:00,96.50794,99.97389,3.46595,3.5913625
delta_calendar_huber,2832,2019-04-30 12:00:00,136.62521,97.280045,39.34517,28.797882
delta_calendar_huber,2833,2019-04-30 12:15:00,165.25746,137.3751,27.882355,16.87207
delta_calendar_huber,2834,2019-04-30 12:30:00,201.20117,165.97404,35.227127,17.50841
delta_calendar_huber,2835,2019-04-30 12:45:00,186.84157,201.87216,15.030594,8.044566
delta_calendar_huber,2836,2019-04-30 13:00:00,184.8816,187.36201,2.4804077,1.3416195
delta_calendar_huber,2837,2019-04-30 13:15:00,196.51485,185.37575,11.139099,5.6683245
delta_calendar_huber,2838,2019-04-30 13:30:00,166.40164,196.98325,30.581604,18.378185
delta_calendar_huber,2839,2019-04-30 13:45:00,159.74878,166.84586,7.0970764,4.4426484
delta_calendar_huber,2840,2019-04-30 14:00:00,142.14774,160.18146,18.033722,12.686605
delta_calendar_huber,2841,2019-04-30 14:15:00,154.7196,142.56572,12.153885,7.8554263
delta_calendar_huber,2842,2019-04-30 14:30:00,121.45088,155.12708,33.676193,27.728241
delta_calendar_huber,2843,2019-04-30 14:45:00,97.36367,121.85273,24.48906,25.152153
delta_calendar_huber,2844,2019-04-30 15:00:00,93.29706,97.79032,4.4932632,4.8160825
delta_calendar_huber,2845,2019-04-30 15:15:00,114.29835,93.72503,20.573318,17.999664
delta_calendar_huber,2846,2019-04-30 15:30:00,100.23482,114.72962,14.494804,14.460848
delta_calendar_huber,2847,2019-04-30 15:45:00,122.00444,100.67124,21.333199,17.485592
delta_calendar_huber,2848,2019-04-30 16:00:00,131.61809,122.53829,9.079796,6.8985925
delta_calendar_huber,2849,2019-04-30 16:15:00,116.9332,132.15753,15.224335,13.019686
delta_calendar_huber,2850,2019-04-30 16:30:00,118.620094,117.47801,1.1420822,0.9628067
delta_calendar_huber,2851,2019-04-30 16:45:00,135.99228,119.16849,16.823792,12.371137
delta_calendar_huber,2852,2019-04-30 17:00:00,147.06065,136.60876,10.451889,7.107196
delta_calendar_huber,2853,2019-04-30 17:15:00,138.88687,147.67908,8.792206,6.3304806
delta_calendar_huber,2854,2019-04-30 17:30:00,133.87578,139.50858,5.6327972,4.2074804
delta_calendar_huber,2855,2019-04-30 17:45:00,152.99687,134.49669,18.500183,12.09187
delta_calendar_huber,2856,2019-04-30 18:00:00,156.42882,152.83429,3.5945282,2.2978683
delta_calendar_huber,2857,2019-04-30 18:15:00,169.48357,156.24994,13.233627,7.808207
delta_calendar_huber,2858,2019-04-30 18:30:00,163.75153,169.28221,5.5306854,3.3774865
delta_calendar_huber,2859,2019-04-30 18:45:00,158.65945,163.5289,4.869446,3.069118
delta_calendar_huber,2860,2019-04-30 19:00:00,137.43298,158.26271,20.829727,15.15628
delta_calendar_huber,2861,2019-04-30 19:15:00,152.37007,137.03314,15.336929,10.065578
delta_calendar_huber,2862,2019-04-30 19:30:00,127.012634,151.96573,24.953094,19.64615
delta_calendar_huber,2863,2019-04-30 19:45:00,152.82056,126.61448,26.206078,17.148266
delta_calendar_huber,2864,2019-04-30 20:00:00,176.77701,152.24379,24.533218,13.878059
delta_calendar_huber,2865,2019-04-30 20:15:00,192.8659,176.19029,16.675613,8.646221
delta_calendar_huber,2866,2019-04-30 20:30:00,183.42355,192.25679,8.833237,4.815759
delta_calendar_huber,2867,2019-04-30 20:45:00,184.99048,182.79329,2.1971893,1.187731
delta_calendar_huber,2868,2019-04-30 21:00:00,187.21275,184.15028,3.0624695,1.635823
delta_calendar_huber,2869,2019-04-30 21:15:00,159.48889,186.35345,26.864563,16.84416
delta_calendar_huber,2870,2019-04-30 21:30:00,171.99127,158.62213,13.369141,7.7731504
delta_calendar_huber,2871,2019-04-30 21:45:00,194.13834,171.12027,23.018066,11.856528
delta_calendar_huber,2872,2019-04-30 22:00:00,228.26318,193.02505,35.23813,15.4375
delta_calendar_huber,2873,2019-04-30 22:15:00,241.51045,227.13365,14.376801,5.952869
delta_calendar_huber,2874,2019-04-30 22:30:00,244.65936,240.35475,4.304611,1.7594304
delta_calendar_huber,2875,2019-04-30 22:45:00,249.58542,243.47487,6.11055,2.4482799
delta_calendar_huber,2876,2019-04-30 23:00:00,247.2396,248.10599,0.86639404,0.3504269
delta_calendar_huber,2877,2019-04-30 23:15:00,265.02014,245.7329,19.287247,7.277653
delta_calendar_huber,2878,2019-04-30 23:30:00,240.32338,263.48376,23.160385,9.637176
delta_calendar_huber,2879,2019-04-30 23:45:00,158.54979,238.76396,80.21417,50.592415
delta_calendar_huber,2880,2019-05-01 00:00:00,155.03574,156.8166,1.7808685,1.1486826
delta_calendar_huber,2881,2019-05-01 00:15:00,144.84698,153.3204,8.473419,5.8499107
delta_calendar_huber,2882,2019-05-01 00:30:00,138.5144,143.16255,4.6481476,3.3557143
delta_calendar_huber,2883,2019-05-01 00:45:00,132.98547,136.8675,3.882019,2.9191303
delta_calendar_huber,2884,2019-05-01 01:00:00,156.10445,131.35161,24.752838,15.856588
delta_calendar_huber,2885,2019-05-01 01:15:00,143.25058,154.5037,11.253113,7.855544
delta_calendar_huber,2886,2019-05-01 01:30:00,110.402985,141.67854,31.275558,28.328545
delta_calendar_huber,2887,2019-05-01 01:45:00,97.31256,108.862915,11.550354,11.869335
delta_calendar_huber,2888,2019-05-01 02:00:00,86.71901,95.88494,9.165932,10.569692
delta_calendar_huber,2889,2019-05-01 02:15:00,83.89701,85.340126,1.4431152,1.7201033
delta_calendar_huber,2890,2019-05-01 02:30:00,73.629074,82.5667,8.93763,12.138723
delta_calendar_huber,2891,2019-05-01 02:45:00,70.73996,72.34541,1.6054535,2.2695143
delta_calendar_huber,2892,2019-05-01 03:00:00,68.29298,69.737656,1.4446793,2.1154141
delta_calendar_huber,2893,2019-05-01 03:15:00,68.851295,67.333885,1.5174103,2.2038949
delta_calendar_huber,2894,2019-05-01 03:30:00,62.69631,67.928375,5.232067,8.345096
delta_calendar_huber,2895,2019-05-01 03:45:00,50.407566,61.80663,11.399063,22.613794
delta_calendar_huber,2896,2019-05-01 04:00:00,43.28966,49.708492,6.418831,14.82763
delta_calendar_huber,2897,2019-05-01 04:15:00,53.277107,42.63073,10.646378,19.983025
delta_calendar_huber,2898,2019-05-01 04:30:00,35.423885,52.652176,17.22829,48.634674
delta_calendar_huber,2899,2019-05-01 04:45:00,47.45612,34.83464,12.621479,26.596106
delta_calendar_huber,2900,2019-05-01 05:00:00,37.72016,47.023567,9.303406,24.664278
delta_calendar_huber,2901,2019-05-01 05:15:00,21.84361,37.31432,15.470709,70.82487
delta_calendar_huber,2902,2019-05-01 05:30:00,25.453274,21.472473,3.9808006,15.639641
delta_calendar_huber,2903,2019-05-01 05:45:00,17.19933,25.110529,7.9111996,45.99714
delta_calendar_huber,2904,2019-05-01 06:00:00,16.19572,17.06249,0.8667698,5.3518443
delta_calendar_huber,2905,2019-05-01 06:15:00,21.965464,16.088234,5.8772297,26.756683
delta_calendar_huber,2906,2019-05-01 06:30:00,12.941642,21.880774,8.939132,69.07263
delta_calendar_huber,2907,2019-05-01 06:45:00,10.3884,12.880566,2.4921656,23.989887
delta_calendar_huber,2908,2019-05-01 07:00:00,22.716663,10.51689,12.199774,53.70408
delta_calendar_huber,2909,2019-05-01 07:15:00,17.236969,22.862131,5.625162,32.63429
delta_calendar_huber,2910,2019-05-01 07:30:00,22.082718,17.396896,4.6858215,21.219406
delta_calendar_huber,2911,2019-05-01 07:45:00,30.278793,22.251238,8.027555,26.512136
delta_calendar_huber,2912,2019-05-01 08:00:00,40.850403,30.595821,10.254581,25.102768
delta_calendar_huber,2913,2019-05-01 08:15:00,46.865158,41.163967,5.701191,12.165095
delta_calendar_huber,2914,2019-05-01 08:30:00,45.933895,47.16876,1.2348633,2.6883488
delta_calendar_huber,2915,2019-05-01 08:45:00,62.406715,46.224236,16.18248,25.93067
delta_calendar_huber,2916,2019-05-01 09:00:00,67.527664,63.43915,4.0885124,6.054574
delta_calendar_huber,2917,2019-05-01 09:15:00,61.402508,68.545876,7.143368,11.633674
delta_calendar_huber,2918,2019-05-01 09:30:00,59.779446,62.398148,2.618702,4.3806057
delta_calendar_huber,2919,2019-05-01 09:45:00,77.649216,60.75393,16.895287,21.758478
delta_calendar_huber,2920,2019-05-01 10:00:00,88.1261,78.58464,9.541458,10.827052
delta_calendar_huber,2921,2019-05-01 10:15:00,98.43567,89.03166,9.404007,9.553454
delta_calendar_huber,2922,2019-05-01 10:30:00,92.40783,99.30743,6.899597,7.4664636
delta_calendar_huber,2923,2019-05-01 10:45:00,113.16377,93.24898,19.914795,17.598207
delta_calendar_huber,2924,2019-05-01 11:00:00,107.78299,113.97149,6.1884995,5.741629
delta_calendar_huber,2925,2019-05-01 11:15:00,117.49064,108.55322,8.937416,7.6069174
delta_calendar_huber,2926,2019-05-01 11:30:00,113.30455,118.226,4.9214478,4.343557
delta_calendar_huber,2927,2019-05-01 11:45:00,132.88963,114.01033,18.879303,14.206754
delta_calendar_huber,2928,2019-05-01 12:00:00,126.8769,133.53757,6.6606674,5.2497087
delta_calendar_huber,2929,2019-05-01 12:15:00,135.38724,127.49229,7.894951,5.831385
delta_calendar_huber,2930,2019-05-01 12:30:00,125.74337,135.9696,10.226234,8.132623
delta_calendar_huber,2931,2019-05-01 12:45:00,119.95103,126.30152,6.3504944,5.294239
delta_calendar_huber,2932,2019-05-01 13:00:00,132.6462,120.47031,12.175888,9.179222
delta_calendar_huber,2933,2019-05-01 13:15:00,141.31793,133.15578,8.162155,5.775739
delta_calendar_huber,2934,2019-05-01 13:30:00,166.45233,141.81796,24.634369,14.799654
delta_calendar_huber,2935,2019-05-01 13:45:00,169.05531,166.94019,2.1151276,1.2511452
delta_calendar_huber,2936,2019-05-01 14:00:00,135.51059,169.56688,34.05629,25.131828
delta_calendar_huber,2937,2019-05-01 14:15:00,146.21497,136.01654,10.198425,6.9749537
delta_calendar_huber,2938,2019-05-01 14:30:00,133.94232,146.71584,12.773514,9.536578
delta_calendar_huber,2939,2019-05-01 14:45:00,151.43454,134.43907,16.995468,11.2229805
delta_calendar_huber,2940,2019-05-01 15:00:00,163.99442,152.0378,11.956619,7.2908697
delta_calendar_huber,2941,2019-05-01 15:15:00,168.73743,164.59518,4.1422424,2.454845
delta_calendar_huber,2942,2019-05-01 15:30:00,155.98973,169.33553,13.345795,8.55556
delta_calendar_huber,2943,2019-05-01 15:45:00,168.21689,156.58543,11.631454,6.9145584
delta_calendar_huber,2944,2019-05-01 16:00:00,144.56384,168.89719,24.333344,16.832247
delta_calendar_huber,2945,2019-05-01 16:15:00,158.93347,145.24182,13.69165,8.614705
delta_calendar_huber,2946,2019-05-01 16:30:00,181.49792,159.608,21.889923,12.060701
delta_calendar_huber,2947,2019-05-01 16:45:00,171.81958,182.17168,10.352097,6.0249805
delta_calendar_huber,2948,2019-05-01 17:00:00,139.85316,172.54869,32.695526,23.378468
delta_calendar_huber,2949,2019-05-01 17:15:00,151.79568,140.58018,11.2155,7.38855
delta_calendar_huber,2950,2019-05-01 17:30:00,169.12068,152.5205,16.60019,9.815588
delta_calendar_huber,2951,2019-05-01 17:45:00,163.76625,169.84543,6.079178,3.7121065
delta_calendar_huber,2952,2019-05-01 18:00:00,177.69397,163.13971,14.55426,8.190633
delta_calendar_huber,2953,2019-05-01 18:15:00,156.90071,177.0586,20.157883,12.847541
delta_calendar_huber,2954,2019-05-01 18:30:00,153.45547,156.263,2.8075256,1.8295375
delta_calendar_huber,2955,2019-05-01 18:45:00,162.88783,152.82047,10.067368,6.1805525
delta_calendar_huber,2956,2019-05-01 19:00:00,161.65701,162.12236,0.4653473,0.28786087
delta_calendar_huber,2957,2019-05-01 19:15:00,152.30635,160.8914,8.5850525,5.6367
delta_calendar_huber,2958,2019-05-01 19:30:00,135.81993,151.54498,15.725052,11.5778675
delta_calendar_huber,2959,2019-05-01 19:45:00,134.02245,135.06949,1.0470428,0.7812444
delta_calendar_huber,2960,2019-05-01 20:00:00,150.13704,133.14195,16.995087,11.319716
delta_calendar_huber,2961,2019-05-01 20:15:00,149.37303,149.26561,0.107421875,0.07191517
delta_calendar_huber,2962,2019-05-01 20:30:00,198.96864,148.50807,50.46057,25.361067
delta_calendar_huber,2963,2019-05-01 20:45:00,193.40034,198.09071,4.6903687,2.4252121
delta_calendar_huber,2964,2019-05-01 21:00:00,204.50198,192.3442,12.157791,5.945072
delta_calendar_huber,2965,2019-05-01 21:15:00,221.4681,203.42046,18.047638,8.149092
delta_calendar_huber,2966,2019-05-01 21:30:00,231.17017,220.35345,10.816711,4.679112
delta_calendar_huber,2967,2019-05-01 21:45:00,242.74153,230.01799,12.723541,5.2416005
delta_calendar_huber,2968,2019-05-01 22:00:00,220.74861,241.39828,20.649673,9.354384
delta_calendar_huber,2969,2019-05-01 22:15:00,247.89201,219.37402,28.51799,11.504199
delta_calendar_huber,2970,2019-05-01 22:30:00,243.67815,246.48264,2.8044891,1.1508989
delta_calendar_huber,2971,2019-05-01 22:45:00,212.8631,242.23787,29.374771,13.799842
delta_calendar_huber,2972,2019-05-01 23:00:00,219.16844,211.27571,7.8927307,3.6012168
delta_calendar_huber,2973,2019-05-01 23:15:00,208.15471,217.57155,9.41684,4.523962
delta_calendar_huber,2974,2019-05-01 23:30:00,188.92175,206.55626,17.634506,9.3342905
delta_calendar_huber,2975,2019-05-01 23:45:00,124.267944,187.33029,63.062347,50.747074
delta_calendar_huber,2976,2019-05-02 00:00:00,146.38623,122.42053,23.965698,16.371553
delta_calendar_huber,2977,2019-05-02 00:15:00,141.64499,144.61066,2.9656677,2.0937328
delta_calendar_huber,2978,2019-05-02 00:30:00,131.68462,139.94307,8.258453,6.2713885
delta_calendar_huber,2979,2019-05-02 00:45:00,118.341385,130.0598,11.718414,9.902211
delta_calendar_huber,2980,2019-05-02 01:00:00,91.267746,116.75455,25.486801,27.92531
delta_calendar_huber,2981,2019-05-02 01:15:00,80.49822,89.76911,9.270889,11.516887
delta_calendar_huber,2982,2019-05-02 01:30:00,79.81402,79.09159,0.72242737,0.90513843
delta_calendar_huber,2983,2019-05-02 01:45:00,61.397686,78.49478,17.097095,27.846483
delta_calendar_huber,2984,2019-05-02 02:00:00,59.93349,60.25538,0.32188797,0.5370753
delta_calendar_huber,2985,2019-05-02 02:15:00,58.852547,58.896355,0.043807983,0.07443685
delta_calendar_huber,2986,2019-05-02 02:30:00,52.129765,57.908756,5.7789917,11.085781
delta_calendar_huber,2987,2019-05-02 02:45:00,59.64214,51.271217,8.370922,14.035247
delta_calendar_huber,2988,2019-05-02 03:00:00,47.41965,59.09423,11.67458,24.619707
delta_calendar_huber,2989,2019-05-02 03:15:00,37.066837,46.93306,9.866222,26.617384
delta_calendar_huber,2990,2019-05-02 03:30:00,33.074577,36.639153,3.5645752,10.777387
delta_calendar_huber,2991,2019-05-02 03:45:00,32.80785,32.70541,0.10243988,0.31224197
delta_calendar_huber,2992,2019-05-02 04:00:00,31.524874,32.828075,1.3032017,4.133884
delta_calendar_huber,2993,2019-05-02 04:15:00,22.87086,31.569271,8.698412,38.03273
delta_calendar_huber,2994,2019-05-02 04:30:00,24.836267,22.939915,1.8963528,7.6354175
delta_calendar_huber,2995,2019-05-02 04:45:00,24.108303,24.92548,0.8171768,3.3896074
delta_calendar_huber,2996,2019-05-02 05:00:00,26.858313,24.59471,2.2636032,8.427942
delta_calendar_huber,2997,2019-05-02 05:15:00,23.904787,27.370089,3.4653015,14.496265
delta_calendar_huber,2998,2019-05-02 05:30:00,18.716005,24.437809,5.7218037,30.571714
delta_calendar_huber,2999,2019-05-02 05:45:00,28.546646,19.26224,9.284407,32.523636
delta_calendar_huber,3000,2019-05-02 06:00:00,30.640917,29.269325,1.3715916,4.47634
delta_calendar_huber,3001,2019-05-02 06:15:00,30.12913,31.372875,1.2437458,4.128051
delta_calendar_huber,3002,2019-05-02 06:30:00,44.94272,30.868517,14.074202,31.315866
delta_calendar_huber,3003,2019-05-02 06:45:00,46.391644,45.68121,0.71043396,1.5313835
delta_calendar_huber,3004,2019-05-02 07:00:00,38.672844,47.259354,8.58651,22.202944
delta_calendar_huber,3005,2019-05-02 07:15:00,53.601307,39.53655,14.064758,26.23958
delta_calendar_huber,3006,2019-05-02 07:30:00,55.521793,54.45404,1.0677528,1.9231237
delta_calendar_huber,3007,2019-05-02 07:45:00,57.598766,56.360416,1.2383499,2.149959
delta_calendar_huber,3008,2019-05-02 08:00:00,59.782448,58.52979,1.2526588,2.0953622
delta_calendar_huber,3009,2019-05-02 08:15:00,73.25185,60.698048,12.553799,17.13786
delta_calendar_huber,3010,2019-05-02 08:30:00,77.799576,74.14552,3.6540527,4.6967516
delta_calendar_huber,3011,2019-05-02 08:45:00,119.01012,78.66897,40.34115,33.897243
delta_calendar_huber,3012,2019-05-02 09:00:00,146.04866,119.89816,26.150497,17.905333
delta_calendar_huber,3013,2019-05-02 09:15:00,53.18158,146.87622,93.69464,176.17876
delta_calendar_huber,3014,2019-05-02 09:30:00,68.69591,53.98227,14.713638,21.418507
delta_calendar_huber,3015,2019-05-02 09:45:00,72.03373,69.482285,2.551445,3.5420141
delta_calendar_huber,3016,2019-05-02 10:00:00,87.44181,72.84675,14.595062,16.69117
delta_calendar_huber,3017,2019-05-02 10:15:00,73.647385,88.242805,14.595421,19.817976
delta_calendar_huber,3018,2019-05-02 10:30:00,62.24346,74.444115,12.200653,19.601501
delta_calendar_huber,3019,2019-05-02 10:45:00,54.839146,63.045685,8.206539,14.9647455
delta_calendar_huber,3020,2019-05-02 11:00:00,82.00209,55.665825,26.336266,32.116577
delta_calendar_huber,3021,2019-05-02 11:15:00,70.265594,82.833115,12.56752,17.885738
delta_calendar_huber,3022,2019-05-02 11:30:00,61.308342,71.09998,9.791641,15.971141
delta_calendar_huber,3023,2019-05-02 11:45:00,68.975784,62.149773,6.8260117,9.896243
delta_calendar_huber,3024,2019-05-02 12:00:00,96.43427,69.812645,26.621628,27.60598
delta_calendar_huber,3025,2019-05-02 12:15:00,127.11754,97.26367,29.853867,23.485247
delta_calendar_huber,3026,2019-05-02 12:30:00,135.84245,127.92164,7.9208145,5.830883
delta_calendar_huber,3027,2019-05-02 12:45:00,147.35078,136.607,10.74379,7.2913013
delta_calendar_huber,3028,2019-05-02 13:00:00,157.97714,148.02258,9.954559,6.3012657
delta_calendar_huber,3029,2019-05-02 13:15:00,140.27396,158.59273,18.318771,13.059282
delta_calendar_huber,3030,2019-05-02 13:30:00,138.32114,140.86406,2.542923,1.8384196
delta_calendar_huber,3031,2019-05-02 13:45:00,110.246254,138.9033,28.657051,25.993671
delta_calendar_huber,3032,2019-05-02 14:00:00,127.01949,110.94778,16.071716,12.652953
delta_calendar_huber,3033,2019-05-02 14:15:00,105.73599,127.713905,21.977913,20.785648
delta_calendar_huber,3034,2019-05-02 14:30:00,105.78033,106.423134,0.642807,0.60768104
delta_calendar_huber,3035,2019-05-02 14:45:00,91.91358,106.46296,14.549377,15.82941
delta_calendar_huber,3036,2019-05-02 15:00:00,106.34636,92.69852,13.647842,12.833389
delta_calendar_huber,3037,2019-05-02 15:15:00,88.06931,107.12943,19.06012,21.64218
delta_calendar_huber,3038,2019-05-02 15:30:00,89.97066,88.85152,1.1191406,1.243895
delta_calendar_huber,3039,2019-05-02 15:45:00,102.31086,90.754616,11.556244,11.295227
delta_calendar_huber,3040,2019-05-02 16:00:00,85.77134,103.17199,17.40065,20.287254
delta_calendar_huber,3041,2019-05-02 16:15:00,89.385086,86.63492,2.7501678,3.0767636
delta_calendar_huber,3042,2019-05-02 16:30:00,103.14524,90.25123,12.894012,12.500832
delta_calendar_huber,3043,2019-05-02 16:45:00,104.00908,104.015686,0.0066070557,0.006352384
delta_calendar_huber,3044,2019-05-02 17:00:00,88.331825,104.92405,16.592224,18.78397
delta_calendar_huber,3045,2019-05-02 17:15:00,88.48473,89.249,0.76426697,0.86372745
delta_calendar_huber,3046,2019-05-02 17:30:00,92.345215,89.4037,2.941513,3.1853445
delta_calendar_huber,3047,2019-05-02 17:45:00,79.33458,93.26594,13.931358,17.56026
delta_calendar_huber,3048,2019-05-02 18:00:00,88.38123,79.347626,9.0336075,10.221183
delta_calendar_huber,3049,2019-05-02 18:15:00,113.81923,88.40105,25.418182,22.332064
delta_calendar_huber,3050,2019-05-02 18:30:00,96.383064,113.83524,17.452179,18.107101
delta_calendar_huber,3051,2019-05-02 18:45:00,87.46976,96.395744,8.925987,10.204656
delta_calendar_huber,3052,2019-05-02 19:00:00,96.38274,87.42684,8.955894,9.292011
delta_calendar_huber,3053,2019-05-02 19:15:00,99.599594,96.34012,3.2594757,3.2725792
delta_calendar_huber,3054,2019-05-02 19:30:00,119.86627,99.55591,20.310364,16.944187
delta_calendar_huber,3055,2019-05-02 19:45:00,120.96101,119.80988,1.1511307,0.95165426
delta_calendar_huber,3056,2019-05-02 20:00:00,110.38349,120.79969,10.416199,9.436374
delta_calendar_huber,3057,2019-05-02 20:15:00,134.36072,110.20144,24.159279,17.98091
delta_calendar_huber,3058,2019-05-02 20:30:00,145.39499,134.14598,11.249008,7.7368608
delta_calendar_huber,3059,2019-05-02 20:45:00,164.71834,145.1359,19.582443,11.888441
delta_calendar_huber,3060,2019-05-02 21:00:00,178.10353,164.11177,13.99176,7.8559704
delta_calendar_huber,3061,2019-05-02 21:15:00,177.61996,177.42969,0.1902771,0.10712596
delta_calendar_huber,3062,2019-05-02 21:30:00,169.52115,176.8797,7.358551,4.3407865
delta_calendar_huber,3063,2019-05-02 21:45:00,208.01247,168.7216,39.290863,18.888706
delta_calendar_huber,3064,2019-05-02 22:00:00,185.49477,206.87434,21.379578,11.525704
delta_calendar_huber,3065,2019-05-02 22:15:00,168.95605,184.30028,15.344223,9.081783
delta_calendar_huber,3066,2019-05-02 22:30:00,181.21442,167.72215,13.492264,7.4454694
delta_calendar_huber,3067,2019-05-02 22:45:00,151.65474,179.95076,28.29602,18.658184
delta_calendar_huber,3068,2019-05-02 23:00:00,164.9421,150.1945,14.747589,8.941071
delta_calendar_huber,3069,2019-05-02 23:15:00,151.17046,163.4823,12.311844,8.144345
delta_calendar_huber,3070,2019-05-02 23:30:00,109.23763,149.72336,40.485725,37.062065
delta_calendar_huber,3071,2019-05-02 23:45:00,74.97339,107.83145,32.858063,43.8263
delta_calendar_huber,3072,2019-05-03 00:00:00,153.57036,73.89536,79.674995,51.881756
delta_calendar_huber,3073,2019-05-03 00:15:00,157.60274,152.53484,5.0679016,3.2156177
delta_calendar_huber,3074,2019-05-03 00:30:00,159.03976,156.58961,2.4501495,1.5405892
delta_calendar_huber,3075,2019-05-03 00:45:00,142.65604,158.03389,15.377853,10.779672
delta_calendar_huber,3076,2019-05-03 01:00:00,69.46322,141.6187,72.15548,103.8758
delta_calendar_huber,3077,2019-05-03 01:15:00,55.30534,68.46953,13.164188,23.802744
delta_calendar_huber,3078,2019-05-03 01:30:00,67.37357,54.37372,12.999855,19.295185
delta_calendar_huber,3079,2019-05-03 01:45:00,60.81263,66.51069,5.698059,9.369862
delta_calendar_huber,3080,2019-05-03 02:00:00,35.830948,60.08745,24.2565,67.69707
delta_calendar_huber,3081,2019-05-03 02:15:00,40.993835,35.198017,5.7958183,14.1382675
delta_calendar_huber,3082,2019-05-03 02:30:00,28.905476,40.451385,11.54591,39.943676
delta_calendar_huber,3083,2019-05-03 02:45:00,30.256275,28.450006,1.8062687,5.9698977
delta_calendar_huber,3084,2019-05-03 03:00:00,36.76713,30.161812,6.60532,17.965286
delta_calendar_huber,3085,2019-05-03 03:15:00,24.669191,36.737923,12.068731,48.922283
delta_calendar_huber,3086,2019-05-03 03:30:00,19.263079,24.671745,5.4086666,28.077892
delta_calendar_huber,3087,2019-05-03 03:45:00,14.285483,19.292658,5.0071745,35.05079
delta_calendar_huber,3088,2019-05-03 04:00:00,10.74827,14.724514,3.976244,36.99427
delta_calendar_huber,3089,2019-05-03 04:15:00,9.635912,11.212005,1.5760927,16.356445
delta_calendar_huber,3090,2019-05-03 04:30:00,12.296307,10.123339,2.172968,17.671711
delta_calendar_huber,3091,2019-05-03 04:45:00,9.353482,12.799591,3.4461088,36.84306
delta_calendar_huber,3092,2019-05-03 05:00:00,26.238724,10.29739,15.941334,60.75499
delta_calendar_huber,3093,2019-05-03 05:15:00,6.9327216,27.193605,20.260883,292.25006
delta_calendar_huber,3094,2019-05-03 05:30:00,4.2110705,8.720405,4.509334,107.08284
delta_calendar_huber,3095,2019-05-03 05:45:00,7.2621026,8.720405,1.458302,20.08099
delta_calendar_huber,3096,2019-05-03 06:00:00,19.120996,8.720405,10.400592,54.393566
delta_calendar_huber,3097,2019-05-03 06:15:00,19.019718,20.53461,1.5148926,7.9648533
delta_calendar_huber,3098,2019-05-03 06:30:00,13.363261,20.434515,7.071254,52.915627
delta_calendar_huber,3099,2019-05-03 06:45:00,26.612965,14.779063,11.833901,44.46668
delta_calendar_huber,3100,2019-05-03 07:00:00,49.037807,28.155064,20.882744,42.584984
delta_calendar_huber,3101,2019-05-03 07:15:00,44.618046,50.57041,5.952366,13.340714
delta_calendar_huber,3102,2019-05-03 07:30:00,53.24999,46.139606,7.110382,13.352834
delta_calendar_huber,3103,2019-05-03 07:45:00,37.063435,54.75751,17.694077,47.73998
delta_calendar_huber,3104,2019-05-03 08:00:00,65.05332,38.466515,26.586807,40.869255
delta_calendar_huber,3105,2019-05-03 08:15:00,45.76074,66.44081,20.680073,45.19174
delta_calendar_huber,3106,2019-05-03 08:30:00,48.33248,47.13618,1.1963005,2.475148
delta_calendar_huber,3107,2019-05-03 08:45:00,47.59852,49.69775,2.0992317,4.4102883
delta_calendar_huber,3108,2019-05-03 09:00:00,45.601402,48.7045,3.103096,6.8048263
delta_calendar_huber,3109,2019-05-03 09:15:00,40.847015,46.697662,5.850647,14.323315
delta_calendar_huber,3110,2019-05-03 09:30:00,49.49134,41.940033,7.5513077,15.257837
delta_calendar_huber,3111,2019-05-03 09:45:00,39.352135,50.578625,11.22649,28.528288
delta_calendar_huber,3112,2019-05-03 10:00:00,51.57736,40.387413,11.189945,21.695461
delta_calendar_huber,3113,2019-05-03 10:15:00,45.10816,52.608894,7.500736,16.628338
delta_calendar_huber,3114,2019-05-03 10:30:00,46.441254,46.13644,0.30481339,0.65634185
delta_calendar_huber,3115,2019-05-03 10:45:00,47.863255,47.46716,0.39609528,0.82755613
delta_calendar_huber,3116,2019-05-03 11:00:00,46.81507,48.89805,2.0829773,4.4493732
delta_calendar_huber,3117,2019-05-03 11:15:00,54.941513,47.84773,7.0937843,12.911519
delta_calendar_huber,3118,2019-05-03 11:30:00,57.913555,55.97092,1.9426346,3.3543694
delta_calendar_huber,3119,2019-05-03 11:45:00,64.45061,58.93438,5.5162277,8.5588455
delta_calendar_huber,3120,2019-05-03 12:00:00,84.734375,65.457985,19.27639,22.749197
delta_calendar_huber,3121,2019-05-03 12:15:00,89.43616,85.72121,3.7149506,4.1537457
delta_calendar_huber,3122,2019-05-03 12:30:00,95.09265,90.39649,4.6961594,4.9385095
delta_calendar_huber,3123,2019-05-03 12:45:00,116.45649,96.01915,20.43734,17.549335
delta_calendar_huber,3124,2019-05-03 13:00:00,110.5908,117.33474,6.7439423,6.0981045
delta_calendar_huber,3125,2019-05-03 13:15:00,90.29175,111.43574,21.14399,23.41741
delta_calendar_huber,3126,2019-05-03 13:30:00,106.25156,91.11239,15.139168,14.248421
delta_calendar_huber,3127,2019-05-03 13:45:00,111.97952,107.050476,4.9290466,4.401739
delta_calendar_huber,3128,2019-05-03 14:00:00,157.32037,112.80993,44.510445,28.292868
delta_calendar_huber,3129,2019-05-03 14:15:00,90.0452,158.11497,68.06978,75.59512
delta_calendar_huber,3130,2019-05-03 14:30:00,111.484436,90.820145,20.664291,18.535583
delta_calendar_huber,3131,2019-05-03 14:45:00,84.331215,112.249245,27.91803,33.105217
delta_calendar_huber,3132,2019-05-03 15:00:00,115.93182,85.199715,30.73211,26.508778
delta_calendar_huber,3133,2019-05-03 15:15:00,90.684715,116.79556,26.110847,28.792997
delta_calendar_huber,3134,2019-05-03 15:30:00,97.2563,91.54415,5.7121506,5.8732963
delta_calendar_huber,3135,2019-05-03 15:45:00,116.110115,98.11203,17.998085,15.500876
delta_calendar_huber,3136,2019-05-03 16:00:00,104.69552,117.03127,12.335754,11.782505
delta_calendar_huber,3137,2019-05-03 16:15:00,98.62006,105.61647,6.9964066,7.0943036
delta_calendar_huber,3138,2019-05-03 16:30:00,88.28511,99.540054,11.254944,12.748405
delta_calendar_huber,3139,2019-05-03 16:45:00,93.04925,89.20301,3.8462372,4.13355
delta_calendar_huber,3140,2019-05-03 17:00:00,103.40227,93.96186,9.440407,9.129787
delta_calendar_huber,3141,2019-05-03 17:15:00,115.61651,104.315445,11.301064,9.7746105
delta_calendar_huber,3142,2019-05-03 17:30:00,105.98318,116.53295,10.549774,9.954197
delta_calendar_huber,3143,2019-05-03 17:45:00,101.52835,106.90155,5.3731995,5.2923145
delta_calendar_huber,3144,2019-05-03 18:00:00,93.87445,102.207466,8.333015,8.876766
delta_calendar_huber,3145,2019-05-03 18:15:00,121.5226,94.554634,26.967964,22.191727
delta_calendar_huber,3146,2019-05-03 18:30:00,147.67044,122.1959,25.47454,17.250942
delta_calendar_huber,3147,2019-05-03 18:45:00,86.001045,148.31874,62.317696,72.461555
delta_calendar_huber,3148,2019-05-03 19:00:00,71.6562,86.45379,14.797592,20.65082
delta_calendar_huber,3149,2019-05-03 19:15:00,90.38323,72.11476,18.26847,20.212234
delta_calendar_huber,3150,2019-05-03 19:30:00,88.44154,90.84996,2.4084167,2.7231736
delta_calendar_huber,3151,2019-05-03 19:45:00,63.888714,88.91699,25.028278,39.174805
delta_calendar_huber,3152,2019-05-03 20:00:00,63.44495,64.05738,0.6124306,0.9652944
delta_calendar_huber,3153,2019-05-03 20:15:00,70.55473,63.629562,6.925171,9.815317
delta_calendar_huber,3154,2019-05-03 20:30:00,109.47449,70.754684,38.719803,35.36879
delta_calendar_huber,3155,2019-05-03 20:45:00,113.24921,109.68101,3.5681992,3.15075
delta_calendar_huber,3156,2019-05-03 21:00:00,127.22811,113.15077,14.077339,11.064645
delta_calendar_huber,3157,2019-05-03 21:15:00,119.59765,127.118965,7.5213165,6.2888494
delta_calendar_huber,3158,2019-05-03 21:30:00,124.417435,119.47284,4.9445953,3.974198
delta_calendar_huber,3159,2019-05-03 21:45:00,129.22223,124.27589,4.9463425,3.8277798
delta_calendar_huber,3160,2019-05-03 22:00:00,136.25363,128.78328,7.470352,5.4826813
delta_calendar_huber,3161,2019-05-03 22:15:00,123.09104,135.78073,12.68969,10.309191
delta_calendar_huber,3162,2019-05-03 22:30:00,122.587456,122.5926,0.005142212,0.004194729
delta_calendar_huber,3163,2019-05-03 22:45:00,172.04932,122.06972,49.9796,29.049578
delta_calendar_huber,3164,2019-05-03 23:00:00,144.73619,171.29204,26.555847,18.347757
delta_calendar_huber,3165,2019-05-03 23:15:00,123.531456,143.94571,20.414253,16.52555
delta_calendar_huber,3166,2019-05-03 23:30:00,105.499565,122.72431,17.224747,16.326841
delta_calendar_huber,3167,2019-05-03 23:45:00,90.68089,104.6935,14.012604,15.452653
delta_calendar_huber,3168,2019-05-04 00:00:00,116.90152,89.648384,27.253136,23.3129
delta_calendar_huber,3169,2019-05-04 00:15:00,121.28236,115.8793,5.4030533,4.4549375
delta_calendar_huber,3170,2019-05-04 00:30:00,114.49497,120.26644,5.771469,5.040806
delta_calendar_huber,3171,2019-05-04 00:45:00,107.936104,113.48434,5.548233,5.140294
delta_calendar_huber,3172,2019-05-04 01:00:00,81.53328,106.85137,25.318092,31.052464
delta_calendar_huber,3173,2019-05-04 01:15:00,53.969044,80.45883,26.489788,49.0833
delta_calendar_huber,3174,2019-05-04 01:30:00,40.68331,52.90861,12.2253,30.049913
delta_calendar_huber,3175,2019-05-04 01:45:00,36.385742,39.646225,3.2604828,8.96088
delta_calendar_huber,3176,2019-05-04 02:00:00,41.040794,35.621,5.419796,13.205875
delta_calendar_huber,3177,2019-05-04 02:15:00,28.115791,40.283844,12.168053,43.27836
delta_calendar_huber,3178,2019-05-04 02:30:00,32.80276,27.352264,5.4504967,16.615969
delta_calendar_huber,3179,2019-05-04 02:45:00,42.379993,32.037308,10.342686,24.404642
delta_calendar_huber,3180,2019-05-04 03:00:00,30.06864,41.90192,11.833281,39.354225
delta_calendar_huber,3181,2019-05-04 03:15:00,34.893303,29.596783,5.29652,15.179189
delta_calendar_huber,3182,2019-05-04 03:30:00,30.378153,34.426804,4.0486507,13.327508
delta_calendar_huber,3183,2019-05-04 03:45:00,26.94788,29.911438,2.9635582,10.997371
delta_calendar_huber,3184,2019-05-04 04:00:00,19.314795,26.694593,7.379799,38.20801
delta_calendar_huber,3185,2019-05-04 04:15:00,17.49266,19.068268,1.5756073,9.007248
delta_calendar_huber,3186,2019-05-04 04:30:00,13.14434,17.253462,4.1091223,31.261534
delta_calendar_huber,3187,2019-05-04 04:45:00,9.837476,12.909712,3.072236,31.229921
delta_calendar_huber,3188,2019-05-04 05:00:00,11.811033,9.879821,1.9312124,16.35092
delta_calendar_huber,3189,2019-05-04 05:15:00,14.140249,11.859726,2.2805233,16.127886
delta_calendar_huber,3190,2019-05-04 05:30:00,20.584944,14.193194,6.3917494,31.050604
delta_calendar_huber,3191,2019-05-04 05:45:00,25.257082,20.64454,4.612541,18.26237
delta_calendar_huber,3192,2019-05-04 06:00:00,19.582651,25.642416,6.059765,30.94456
delta_calendar_huber,3193,2019-05-04 06:15:00,10.032614,19.970339,9.937725,99.0542
delta_calendar_huber,3194,2019-05-04 06:30:00,8.222973,10.425735,2.2027626,26.78791
delta_calendar_huber,3195,2019-05-04 06:45:00,17.399887,8.720405,8.679482,49.882404
delta_calendar_huber,3196,2019-05-04 07:00:00,12.973847,18.101788,5.12794,39.525208
delta_calendar_huber,3197,2019-05-04 07:15:00,9.375704,13.679448,4.3037443,45.90316
delta_calendar_huber,3198,2019-05-04 07:30:00,35.44527,10.083635,25.361635,71.55154
delta_calendar_huber,3199,2019-05-04 07:45:00,25.29745,36.15646,10.859011,42.92532
delta_calendar_huber,3200,2019-05-04 08:00:00,21.583462,26.357435,4.7739735,22.118664
delta_calendar_huber,3201,2019-05-04 08:15:00,35.378292,22.644712,12.73358,35.992634
delta_calendar_huber,3202,2019-05-04 08:30:00,51.725655,36.439598,15.2860565,29.552177
delta_calendar_huber,3203,2019-05-04 08:45:00,26.135418,52.783855,26.648438,101.96292
delta_calendar_huber,3204,2019-05-04 09:00:00,27.398413,27.42422,0.025806427,0.094189495
delta_calendar_huber,3205,2019-05-04 09:15:00,40.390644,28.684107,11.706537,28.98329
delta_calendar_huber,3206,2019-05-04 09:30:00,36.455772,41.672424,5.216652,14.309536
delta_calendar_huber,3207,2019-05-04 09:45:00,35.991096,37.73375,1.7426529,4.8419
delta_calendar_huber,3208,2019-05-04 10:00:00,59.462093,37.190533,22.27156,37.455055
delta_calendar_huber,3209,2019-05-04 10:15:00,70.74177,60.653088,10.08868,14.261278
delta_calendar_huber,3210,2019-05-04 10:30:00,48.235813,71.91996,23.684147,49.10075
delta_calendar_huber,3211,2019-05-04 10:45:00,61.5672,49.406944,12.160255,19.75119
delta_calendar_huber,3212,2019-05-04 11:00:00,56.768803,62.621147,5.8523445,10.309086
delta_calendar_huber,3213,2019-05-04 11:15:00,53.10568,57.816563,4.710884,8.870773
delta_calendar_huber,3214,2019-05-04 11:30:00,54.909496,54.15127,0.7582245,1.3808622
delta_calendar_huber,3215,2019-05-04 11:45:00,57.932503,55.951683,1.9808197,3.4191854
delta_calendar_huber,3216,2019-05-04 12:00:00,63.595745,58.92638,4.669365,7.3422604
delta_calendar_huber,3217,2019-05-04 12:15:00,73.307526,64.58562,8.721909,11.897698
delta_calendar_huber,3218,2019-05-04 12:30:00,74.53403,74.28774,0.24628448,0.33043227
delta_calendar_huber,3219,2019-05-04 12:45:00,95.47765,75.504074,19.97358,20.919638
delta_calendar_huber,3220,2019-05-04 13:00:00,80.325615,96.42084,16.095222,20.037472
delta_calendar_huber,3221,2019-05-04 13:15:00,71.02965,81.26506,10.235413,14.410056
delta_calendar_huber,3222,2019-05-04 13:30:00,84.25396,71.96684,12.287117,14.583429
delta_calendar_huber,3223,2019-05-04 13:45:00,82.63589,85.1895,2.5536118,3.090197
delta_calendar_huber,3224,2019-05-04 14:00:00,68.0883,83.69111,15.602806,22.915545
delta_calendar_huber,3225,2019-05-04 14:15:00,63.58347,69.14361,5.5601387,8.74463
delta_calendar_huber,3226,2019-05-04 14:30:00,65.72674,64.6383,1.08844,1.6560078
delta_calendar_huber,3227,2019-05-04 14:45:00,68.68428,66.78397,1.9003067,2.7667272
delta_calendar_huber,3228,2019-05-04 15:00:00,74.858574,69.797714,5.0608597,6.7605615
delta_calendar_huber,3229,2019-05-04 15:15:00,73.02527,75.97011,2.9448395,4.032631
delta_calendar_huber,3230,2019-05-04 15:30:00,67.18517,74.13717,6.951996,10.347515
delta_calendar_huber,3231,2019-05-04 15:45:00,76.14307,68.29841,7.844658,10.302525
delta_calendar_huber,3232,2019-05-04 16:00:00,67.216385,77.33318,10.116798,15.051089
delta_calendar_huber,3233,2019-05-04 16:15:00,78.086845,68.40691,9.679932,12.396367
delta_calendar_huber,3234,2019-05-04 16:30:00,91.41595,79.27855,12.137398,13.277112
delta_calendar_huber,3235,2019-05-04 16:45:00,75.60118,92.613716,17.012535,22.503002
delta_calendar_huber,3236,2019-05-04 17:00:00,114.28624,76.81089,37.47535,32.79078
delta_calendar_huber,3237,2019-05-04 17:15:00,95.760216,115.512566,19.75235,20.626884
delta_calendar_huber,3238,2019-05-04 17:30:00,86.2879,97.00021,10.712311,12.414615
delta_calendar_huber,3239,2019-05-04 17:45:00,105.076385,87.53837,17.538017,16.690731
delta_calendar_huber,3240,2019-05-04 18:00:00,102.55404,106.29883,3.7447891,3.6515276
delta_calendar_huber,3241,2019-05-04 18:15:00,93.13059,103.77987,10.649277,11.434778
delta_calendar_huber,3242,2019-05-04 18:30:00,100.24507,94.35849,5.8865814,5.8721905
delta_calendar_huber,3243,2019-05-04 18:45:00,85.17624,101.47289,16.296654,19.132864
delta_calendar_huber,3244,2019-05-04 19:00:00,100.055824,86.08188,13.973946,13.966149
delta_calendar_huber,3245,2019-05-04 19:15:00,85.38433,100.9621,15.577766,18.244291
delta_calendar_huber,3246,2019-05-04 19:30:00,66.051285,86.29132,20.240036,30.642912
delta_calendar_huber,3247,2019-05-04 19:45:00,79.3076,66.96013,12.347473,15.569091
delta_calendar_huber,3248,2019-05-04 20:00:00,94.194496,79.85851,14.335983,15.219556
delta_calendar_huber,3249,2019-05-04 20:15:00,105.304794,94.743454,10.56134,10.029306
delta_calendar_huber,3250,2019-05-04 20:30:00,103.84105,105.85164,2.0105896,1.9362185
delta_calendar_huber,3251,2019-05-04 20:45:00,121.95999,104.38517,17.574821,14.410316
delta_calendar_huber,3252,2019-05-04 21:00:00,106.13031,122.120514,15.990204,15.066576
delta_calendar_huber,3253,2019-05-04 21:15:00,117.31018,106.280975,11.029205,9.401746
delta_calendar_huber,3254,2019-05-04 21:30:00,123.70511,117.452225,6.252884,5.054669
delta_calendar_huber,3255,2019-05-04 21:45:00,129.87015,123.835434,6.0347137,4.646729
delta_calendar_huber,3256,2019-05-04 22:00:00,152.97195,129.55508,23.41687,15.307949
delta_calendar_huber,3257,2019-05-04 22:15:00,142.0512,152.64575,10.594559,7.458268
delta_calendar_huber,3258,2019-05-04 22:30:00,141.90454,141.71545,0.18908691,0.13324937
delta_calendar_huber,3259,2019-05-04 22:45:00,127.13545,141.56001,14.424561,11.34582
delta_calendar_huber,3260,2019-05-04 23:00:00,133.55258,126.36041,7.192169,5.3852715
delta_calendar_huber,3261,2019-05-04 23:15:00,149.67422,132.77727,16.896957,11.289156
delta_calendar_huber,3262,2019-05-04 23:30:00,127.821915,148.89769,21.075775,16.48839
delta_calendar_huber,3263,2019-05-04 23:45:00,84.92028,127.04461,42.12433,49.604557
delta_calendar_huber,3264,2019-05-05 00:00:00,119.11226,84.867935,34.244324,28.74962
delta_calendar_huber,3265,2019-05-05 00:15:00,124.19443,119.07154,5.1228867,4.1248927
delta_calendar_huber,3266,2019-05-05 00:30:00,123.923035,124.16095,0.23791504,0.19198613
delta_calendar_huber,3267,2019-05-05 00:45:00,114.48821,123.89386,9.405647,8.2153845
delta_calendar_huber,3268,2019-05-05 01:00:00,72.96354,114.30162,41.33808,56.655807
delta_calendar_huber,3269,2019-05-05 01:15:00,80.21902,72.800095,7.4189224,9.248333
delta_calendar_huber,3270,2019-05-05 01:30:00,83.92515,80.0622,3.8629456,4.602846
delta_calendar_huber,3271,2019-05-05 01:45:00,67.22142,83.77262,16.5512,24.621914
delta_calendar_huber,3272,2019-05-05 02:00:00,57.047817,67.07106,10.023243,17.569899
delta_calendar_huber,3273,2019-05-05 02:15:00,81.25918,56.90779,24.351387,29.967552
delta_calendar_huber,3274,2019-05-05 02:30:00,74.919106,81.12773,6.208626,8.2871065
delta_calendar_huber,3275,2019-05-05 02:45:00,61.99679,74.793335,12.796543,20.640654
delta_calendar_huber,3276,2019-05-05 03:00:00,61.182537,61.975334,0.7927971,1.2957898
delta_calendar_huber,3277,2019-05-05 03:15:00,78.48594,61.168884,17.317055,22.063894
delta_calendar_huber,3278,2019-05-05 03:30:00,64.7769,78.47671,13.699806,21.149216
delta_calendar_huber,3279,2019-05-05 03:45:00,64.61161,64.77359,0.16197968,0.2506975
delta_calendar_huber,3280,2019-05-05 04:00:00,58.906517,64.73218,5.8256607,9.889671
delta_calendar_huber,3281,2019-05-05 04:15:00,50.532467,59.03241,8.499943,16.820755
delta_calendar_huber,3282,2019-05-05 04:30:00,36.061085,50.664978,14.603893,40.497654
delta_calendar_huber,3283,2019-05-05 04:45:00,28.281935,36.201813,7.919878,28.003311
delta_calendar_huber,3284,2019-05-05 05:00:00,37.26256,28.565847,8.696714,23.339014
delta_calendar_huber,3285,2019-05-05 05:15:00,25.034925,37.55798,12.523054,50.022335
delta_calendar_huber,3286,2019-05-05 05:30:00,16.853811,25.340773,8.486961,50.356335
delta_calendar_huber,3287,2019-05-05 05:45:00,13.872423,17.169477,3.2970543,23.766968
delta_calendar_huber,3288,2019-05-05 06:00:00,25.748432,14.3444805,11.403952,44.289886
delta_calendar_huber,3289,2019-05-05 06:15:00,26.439188,26.22982,0.20936775,0.7918842
delta_calendar_huber,3290,2019-05-05 06:30:00,18.541235,26.928112,8.386877,45.23365
delta_calendar_huber,3291,2019-05-05 06:45:00,18.111235,19.03818,0.92694473,5.118065
delta_calendar_huber,3292,2019-05-05 07:00:00,19.301754,18.846708,0.4550457,2.3575354
delta_calendar_huber,3293,2019-05-05 07:15:00,17.090982,20.045105,2.9541225,17.284685
delta_calendar_huber,3294,2019-05-05 07:30:00,17.438549,17.841879,0.40332985,2.3128636
delta_calendar_huber,3295,2019-05-05 07:45:00,17.819344,18.195831,0.37648773,2.1128037
delta_calendar_huber,3296,2019-05-05 08:00:00,14.6537485,18.872599,4.21885,28.790245
delta_calendar_huber,3297,2019-05-05 08:15:00,18.598833,15.712895,2.8859377,15.516767
delta_calendar_huber,3298,2019-05-05 08:30:00,34.02912,19.66137,14.367752,42.22193
delta_calendar_huber,3299,2019-05-05 08:45:00,36.145676,35.090702,1.0549736,2.9186716
delta_calendar_huber,3300,2019-05-05 09:00:00,29.06677,37.473595,8.406824,28.922457
delta_calendar_huber,3301,2019-05-05 09:15:00,48.525642,30.390951,18.134691,37.371357
delta_calendar_huber,3302,2019-05-05 09:30:00,47.365314,49.84043,2.4751167,5.2255893
delta_calendar_huber,3303,2019-05-05 09:45:00,66.56969,48.670605,17.899082,26.887735
delta_calendar_huber,3304,2019-05-05 10:00:00,57.763447,67.78305,10.019604,17.345924
delta_calendar_huber,3305,2019-05-05 10:15:00,53.194027,58.963825,5.7697983,10.846704
delta_calendar_huber,3306,2019-05-05 10:30:00,76.666046,54.386654,22.279392,29.060312
delta_calendar_huber,3307,2019-05-05 10:45:00,77.43792,77.84348,0.40556335,0.52372706
delta_calendar_huber,3308,2019-05-05 11:00:00,85.89107,78.57081,7.320259,8.522724
delta_calendar_huber,3309,2019-05-05 11:15:00,59.755318,87.002235,27.246918,45.597477
delta_calendar_huber,3310,2019-05-05 11:30:00,59.01051,60.858704,1.8481941,3.1319745
delta_calendar_huber,3311,2019-05-05 11:45:00,115.2499,60.10889,55.14101,47.844734
delta_calendar_huber,3312,2019-05-05 12:00:00,72.15629,116.3411,44.184814,61.23488
delta_calendar_huber,3313,2019-05-05 12:15:00,62.841156,73.2364,10.395241,16.542091
delta_calendar_huber,3314,2019-05-05 12:30:00,120.230095,63.918507,56.31159,46.836517
delta_calendar_huber,3315,2019-05-05 12:45:00,96.88182,121.28899,24.407166,25.19272
delta_calendar_huber,3316,2019-05-05 13:00:00,113.70017,97.90197,15.7982025,13.894616
delta_calendar_huber,3317,2019-05-05 13:15:00,91.28367,114.69908,23.415413,25.65126
delta_calendar_huber,3318,2019-05-05 13:30:00,106.44926,92.27307,14.176186,13.317318
delta_calendar_huber,3319,2019-05-05 13:45:00,101.337814,107.42842,6.0906067,6.010201
delta_calendar_huber,3320,2019-05-05 14:00:00,107.43669,102.273865,5.1628265,4.8054595
delta_calendar_huber,3321,2019-05-05 14:15:00,110.77095,108.37417,2.396782,2.163728
delta_calendar_huber,3322,2019-05-05 14:30:00,122.43892,111.70886,10.730057,8.763599
delta_calendar_huber,3323,2019-05-05 14:45:00,102.668205,123.37831,20.710106,20.171879
delta_calendar_huber,3324,2019-05-05 15:00:00,124.14739,103.72093,20.42646,16.453394
delta_calendar_huber,3325,2019-05-05 15:15:00,97.26558,125.20136,27.935783,28.721138
delta_calendar_huber,3326,2019-05-05 15:30:00,175.80557,98.32187,77.4837,44.07352
delta_calendar_huber,3327,2019-05-05 15:45:00,117.58977,176.85754,59.267776,50.402153
delta_calendar_huber,3328,2019-05-05 16:00:00,135.26399,118.72438,16.539612,12.227653
delta_calendar_huber,3329,2019-05-05 16:15:00,150.5974,136.4027,14.194702,9.425596
delta_calendar_huber,3330,2019-05-05 16:30:00,120.69855,151.737,31.038452,25.71568
delta_calendar_huber,3331,2019-05-05 16:45:00,109.3863,121.84333,12.457031,11.388109
delta_calendar_huber,3332,2019-05-05 17:00:00,138.29971,110.566986,27.732727,20.052628
delta_calendar_huber,3333,2019-05-05 17:15:00,114.356384,139.4794,25.123016,21.969055
delta_calendar_huber,3334,2019-05-05 17:30:00,141.84627,115.53578,26.310486,18.548594
delta_calendar_huber,3335,2019-05-05 17:45:00,116.866234,143.02458,26.158348,22.383154
delta_calendar_huber,3336,2019-05-05 18:00:00,140.93631,118.55366,22.382652,15.881395
delta_calendar_huber,3337,2019-05-05 18:15:00,110.49285,142.6197,32.126854,29.075956
delta_calendar_huber,3338,2019-05-05 18:30:00,145.02937,112.17925,32.85012,22.650667
delta_calendar_huber,3339,2019-05-05 18:45:00,131.78839,146.71149,14.923096,11.323528
delta_calendar_huber,3340,2019-05-05 19:00:00,127.6101,133.24678,5.6366806,4.417112
delta_calendar_huber,3341,2019-05-05 19:15:00,147.5856,129.06923,18.516373,12.546192
delta_calendar_huber,3342,2019-05-05 19:30:00,140.5484,149.04121,8.492813,6.0426254
delta_calendar_huber,3343,2019-05-05 19:45:00,139.73943,142.00107,2.2616425,1.6184711
delta_calendar_huber,3344,2019-05-05 20:00:00,174.7188,140.91821,33.800583,19.345705
delta_calendar_huber,3345,2019-05-05 20:15:00,147.28651,175.89032,28.603806,19.420519
delta_calendar_huber,3346,2019-05-05 20:30:00,132.77483,148.45526,15.680435,11.809795
delta_calendar_huber,3347,2019-05-05 20:45:00,162.74535,133.94435,28.800995,17.69697
delta_calendar_huber,3348,2019-05-05 21:00:00,176.20695,163.58568,12.621277,7.1627574
delta_calendar_huber,3349,2019-05-05 21:15:00,205.06758,177.02896,28.03862,13.672868
delta_calendar_huber,3350,2019-05-05 21:30:00,208.9659,205.85788,3.108017,1.4873321
delta_calendar_huber,3351,2019-05-05 21:45:00,224.3419,209.71968,14.622223,6.51783
delta_calendar_huber,3352,2019-05-05 22:00:00,243.28746,224.70195,18.58551,7.639321
delta_calendar_huber,3353,2019-05-05 22:15:00,219.95462,243.60019,23.645569,10.750203
delta_calendar_huber,3354,2019-05-05 22:30:00,172.2784,220.23186,47.95346,27.834866
delta_calendar_huber,3355,2019-05-05 22:45:00,202.85799,172.54655,30.311432,14.942193
delta_calendar_huber,3356,2019-05-05 23:00:00,215.56172,202.80023,12.76149,5.9201097
delta_calendar_huber,3357,2019-05-05 23:15:00,204.2758,215.49004,11.214233,5.4897513
delta_calendar_huber,3358,2019-05-05 23:30:00,167.80154,204.1958,36.394257,21.688868
delta_calendar_huber,3359,2019-05-05 23:45:00,87.68987,167.72707,80.03719,91.27302
