timestamp,Traffic_bps,Traffic_bps_scaled,Traffic_Mbps_scaled,Traffic_Predicted_Mbps,Traffic_Prediction_Uncertainty
2019-04-01 00:00:00,875583787,169500681.65324423,169.5006816532442,,
2019-04-01 00:15:00,840520789,162712979.37957668,162.7129793795767,,
2019-04-01 00:30:00,816378806,158039431.70119664,158.03943170119663,,
2019-04-01 00:45:00,699909180,135492553.50175095,135.49255350175093,,
2019-04-01 01:00:00,873730830,169141975.29157177,169.14197529157175,,
2019-04-01 01:15:00,682957577,132210962.058104,132.210962058104,,
2019-04-01 01:30:00,524048257,101448357.1983894,101.44835719838942,,
2019-04-01 01:45:00,523886167,101416978.85870668,101.41697885870668,,
2019-04-01 02:00:00,485716037,94027779.61832269,94.02777961832268,,
2019-04-01 02:15:00,456010253,88277158.4764033,88.2771584764033,,
2019-04-01 02:30:00,500325889,96856041.07041946,96.85604107041948,,
2019-04-01 02:45:00,433746040,83967120.60680874,83.96712060680873,,
2019-04-01 03:00:00,364708267,70602380.69606169,70.60238069606169,,
2019-04-01 03:15:00,262902693,50894256.30487788,50.89425630487788,,
2019-04-01 03:30:00,251278334,48643944.22334316,48.64394422334316,,
2019-04-01 03:45:00,259855479,50304358.61854336,50.30435861854336,,
2019-04-01 04:00:00,254620893,49291016.53941173,49.29101653941173,,
2019-04-01 04:15:00,241170303,46687171.87315787,46.687171873157865,,
2019-04-01 04:30:00,214411588,41507061.75690592,41.50706175690592,,
2019-04-01 04:45:00,202870838,39272935.19947838,39.27293519947838,,
2019-04-01 05:00:00,206848385,40042932.243528046,40.04293224352804,,
2019-04-01 05:15:00,185207006,35853466.25879962,35.85346625879962,,
2019-04-01 05:30:00,135900889,26308496.87350581,26.308496873505813,,
2019-04-01 05:45:00,142793548,27642818.518389545,27.642818518389547,,
2019-04-01 06:00:00,152436483,29509554.837523703,29.5095548375237,,
2019-04-01 06:15:00,172487370,33391123.98568813,33.39112398568813,,
2019-04-01 06:30:00,237331176,45943970.99036974,45.943970990369735,,
2019-04-01 06:45:00,243750146,47186593.12050258,47.186593120502586,,
2019-04-01 07:00:00,571822916,110696857.89755929,110.69685789755928,,
2019-04-01 07:15:00,456441652,88360671.2431427,88.36067124314269,,
2019-04-01 07:30:00,556224249,107677175.796728,107.677175796728,,
2019-04-01 07:45:00,517321943,100146237.60122314,100.14623760122312,,
2019-04-01 08:00:00,564316362,109243694.83223304,109.24369483223305,,
2019-04-01 08:15:00,541006006,104731138.42102142,104.7311384210214,,
2019-04-01 08:30:00,472025826,91377547.7034223,91.3775477034223,,
2019-04-01 08:45:00,567874482,109932496.72002316,109.93249672002317,,
2019-04-01 09:00:00,546481045,105791028.81227428,105.79102881227428,,
2019-04-01 09:15:00,441381899,85445315.29785326,85.44531529785326,,
2019-04-01 09:30:00,350990456,67946805.81012519,67.94680581012518,,
2019-04-01 09:45:00,326660504,63236869.98237247,63.23686998237247,,
2019-04-01 10:00:00,448925812,86905710.53908306,86.90571053908306,,
2019-04-01 10:15:00,436075632,84418096.7873144,84.4180967873144,,
2019-04-01 10:30:00,633177368,122574215.14293876,122.57421514293875,,
2019-04-01 10:45:00,595176533,115217789.02869818,115.21778902869818,,
2019-04-01 11:00:00,447367128,86603971.28305227,86.60397128305226,,
2019-04-01 11:15:00,507224347,98191485.31997848,98.1914853199785,,
2019-04-01 11:30:00,440249765,85226150.11049831,85.22615011049831,,
2019-04-01 11:45:00,560708778,108545317.4111338,108.5453174111338,,
2019-04-01 12:00:00,737156135,142703039.07234284,142.70303907234285,,
2019-04-01 12:15:00,911005506,176357827.25709453,176.35782725709453,,
2019-04-01 12:30:00,961442609,186121739.59312195,186.121739593122,,
2019-04-01 12:45:00,948780493,183670532.3813872,183.6705323813872,,
2019-04-01 13:00:00,1019569476,197374281.8685164,197.3742818685164,,
2019-04-01 13:15:00,1062550653,205694832.00652248,205.6948320065225,,
2019-04-01 13:30:00,793836285,153675517.32496738,153.6755173249674,,
2019-04-01 13:45:00,815131865,157798041.49660465,157.79804149660464,,
2019-04-01 14:00:00,662723931,128294013.3431429,128.2940133431429,,
2019-04-01 14:15:00,777680943,150548070.78929815,150.54807078929815,,
2019-04-01 14:30:00,813373245,157457597.4486508,157.4575974486508,,
2019-04-01 14:45:00,624267174,120849327.15496296,120.84932715496298,,
2019-04-01 15:00:00,745481874,144314784.8089813,144.3147848089813,,
2019-04-01 15:15:00,755185660,146193301.02414873,146.19330102414872,,
2019-04-01 15:30:00,584743996,113198196.89014173,113.19819689014172,,
2019-04-01 15:45:00,625627608,121112688.0049101,121.1126880049101,,
2019-04-01 16:00:00,676525234,130965751.10363545,130.96575110363543,,
2019-04-01 16:15:00,718629133,139116472.58422786,139.11647258422786,,
2019-04-01 16:30:00,845982838,163770355.08989623,163.77035508989624,,
2019-04-01 16:45:00,905073172,175209410.9984519,175.2094109984519,,
2019-04-01 17:00:00,932899231,180596143.8711374,180.5961438711374,,
2019-04-01 17:15:00,894279702,173119947.3176861,173.1199473176861,,
2019-04-01 17:30:00,1137070648,220120852.83609316,220.12085283609312,,
2019-04-01 17:45:00,974589687,188666828.6135384,188.66682861353843,,
2019-04-01 18:00:00,1065173370,206202553.0560484,206.20255305604843,,
2019-04-01 18:15:00,1034439539,200252916.50308695,200.252916503087,,
2019-04-01 18:30:00,951603207,184216970.03157648,184.2169700315765,,
2019-04-01 18:45:00,897974867,173835279.18611553,173.83527918611554,,
2019-04-01 19:00:00,944850122,182909667.9460911,182.90966794609108,,
2019-04-01 19:15:00,774978030,150024824.92436597,150.02482492436596,,
2019-04-01 19:30:00,923623789,178800549.01776317,178.80054901776316,,
2019-04-01 19:45:00,860677618,166615057.40591165,166.61505740591164,,
2019-04-01 20:00:00,1202435283,232774524.99518657,232.77452499518657,,
2019-04-01 20:15:00,1275256260,246871639.8840387,246.8716398840387,,
2019-04-01 20:30:00,1008964124,195321235.1814235,195.32123518142348,,
2019-04-01 20:45:00,1122212576,217244539.49013463,217.24453949013463,,
2019-04-01 21:00:00,1452363936,281157189.9978417,281.1571899978417,,
2019-04-01 21:15:00,1479323842,286376247.8563301,286.3762478563301,,
2019-04-01 21:30:00,1661551444,321652943.489156,321.65294348915603,,
2019-04-01 21:45:00,1674868469,324230931.85372734,324.2309318537273,,
2019-04-01 22:00:00,1592433582,308272699.4766948,308.2726994766948,,
2019-04-01 22:15:00,1724786387,333894337.2905742,333.8943372905742,,
2019-04-01 22:30:00,1779111294,344410873.6905899,344.4108736905899,,
2019-04-01 22:45:00,1612236307,312106227.95898014,312.1062279589801,,
2019-04-01 23:00:00,1531516491,296480009.1572329,296.48000915723287,,
2019-04-01 23:15:00,1763564990,341401328.3286124,341.4013283286124,,
2019-04-01 23:30:00,1296565377,250996784.62810045,250.9967846281004,,
2019-04-01 23:45:00,1107383223,214373785.7378423,214.3737857378423,,
2019-04-02 00:00:00,940327351,182034123.2194257,182.0341232194257,207.99777221679688,137.61859447971818
2019-04-02 00:15:00,828612579,160407717.74472415,160.40771774472415,190.2644805908203,130.6552099869042
2019-04-02 00:30:00,756100900,146370478.58976793,146.37047858976794,170.48460388183594,123.77398065901463
2019-04-02 00:45:00,725410339,140429218.49900696,140.42921849900696,150.22854614257812,119.13244385165797
2019-04-02 01:00:00,725502828,140447123.06596923,140.44712306596924,131.87295532226562,114.59487195796154
2019-04-02 01:15:00,556797081,107788067.99906704,107.78806799906704,116.17097473144531,111.85351983021627
2019-04-02 01:30:00,593684868,114929023.70657568,114.92902370657568,101.16490173339844,108.91202285847432
2019-04-02 01:45:00,461913166,89419879.24407302,89.41987924407302,89.50829315185547,108.14516661479466
2019-04-02 02:00:00,358462704,69393327.71732229,69.3933277173223,79.17606353759766,108.8434088463616
2019-04-02 02:15:00,402773265,77971227.86285987,77.97122786285988,69.2444076538086,108.82828710602662
2019-04-02 02:30:00,366638831,70976110.67922688,70.97611067922688,61.49762725830078,109.25385439896371
2019-04-02 02:45:00,275750760,53381461.00962482,53.38146100962482,55.678466796875,111.57710574050515
2019-04-02 03:00:00,259445988,50225086.93185683,50.22508693185684,50.689552307128906,113.89184078210755
2019-04-02 03:15:00,228439488,44222665.503190845,44.222665503190846,46.62462615966797,116.65713763128807
2019-04-02 03:30:00,207457804,40160907.173450366,40.16090717345037,43.36833572387695,119.41321045477284
2019-04-02 03:45:00,229069763,44344677.86079175,44.34467786079175,40.80142593383789,121.02996276425243
2019-04-02 04:00:00,200956545,38902355.05260772,38.90235505260772,39.36798095703125,122.90056450723347
2019-04-02 04:15:00,139827624,27068657.43044364,27.06865743044364,38.60728454589844,126.46363342023245
2019-04-02 04:30:00,173919971,33668455.349793345,33.66845534979335,37.80522537231445,128.27926846277595
2019-04-02 04:45:00,138419091,26795985.29195064,26.79598529195064,37.62162780761719,130.59028794415565
2019-04-02 05:00:00,159823768,30939629.10529539,30.93962910529539,37.77217102050781,132.12297422916774
2019-04-02 05:15:00,228468996,44228377.83613771,44.22837783613771,38.53319549560547,132.475645769164
2019-04-02 05:30:00,213710721,41371383.78295063,41.37138378295062,40.682247161865234,132.96744439749958
2019-04-02 05:45:00,155412425,30085655.26908699,30.085655269086992,43.46738052368164,134.12021170088218
2019-04-02 06:00:00,135938806,26315837.07034553,26.315837070345527,45.72393035888672,135.4377021741383
2019-04-02 06:15:00,246638807,47745797.1805078,47.7457971805078,47.398311614990234,135.5105389499327
2019-04-02 06:30:00,257787324,49903992.95683364,49.90399295683364,50.470558166503906,135.544651331406
2019-04-02 06:45:00,281483478,54491234.423834726,54.491234423834726,54.49618148803711,135.47751174795306
2019-04-02 07:00:00,368994358,71432107.51023331,71.43210751023331,58.86579895019531,135.0296039119626
2019-04-02 07:15:00,457610094,88586865.14761284,88.58686514761284,64.16075134277344,134.3416826810143
2019-04-02 07:30:00,473667900,91695430.0882466,91.6954300882466,70.73200988769531,133.6701806876216
2019-04-02 07:45:00,639791733,123854662.99139048,123.85466299139048,77.54511260986328,132.86288971237542
2019-04-02 08:00:00,585754590,113393833.64634708,113.39383364634708,85.96402740478516,132.1217946862399
2019-04-02 08:15:00,559859026,108380817.39939912,108.38081739939912,93.80728912353516,131.41245295572193
2019-04-02 08:30:00,529449831,102494025.80097675,102.49402580097676,100.14118957519531,130.74295618530658
2019-04-02 08:45:00,498609159,96523706.33611429,96.52370633611427,104.42151641845703,130.1353028505981
2019-04-02 09:00:00,554314134,107307404.45177722,107.30740445177722,106.56414031982422,129.52109125721083
2019-04-02 09:15:00,478231117,92578804.59051076,92.57880459051076,107.95243072509766,129.00270573128165
2019-04-02 09:30:00,443789567,85911405.8916421,85.91140589164209,107.63631439208984,128.59990361685198
2019-04-02 09:45:00,386884662,74895418.23846607,74.89541823846606,105.89497375488281,128.29673749353734
2019-04-02 10:00:00,458669362,88791924.50426064,88.79192450426065,102.69758605957031,127.8767730295075
2019-04-02 10:15:00,518386459,100352312.89671142,100.35231289671142,99.99739074707031,127.35094458770362
2019-04-02 10:30:00,527674044,102150258.46375564,102.15025846375563,98.68400573730469,126.84865982273952
2019-04-02 10:45:00,519774148,100620949.93055671,100.62094993055672,98.4040756225586,126.35589396920312
2019-04-02 11:00:00,516361441,99960297.95027652,99.96029795027653,98.64423370361328,125.88487888725619
2019-04-02 11:15:00,464669844,89953533.25530073,89.95353325530073,99.09966278076172,125.48721957999192
2019-04-02 11:30:00,409814427,79334297.5957065,79.33429759570649,98.91184997558594,125.21515800368454
2019-04-02 11:45:00,551759765,106812914.6118301,106.8129146118301,97.6144790649414,124.71826374990069
2019-04-02 12:00:00,671255874,129945677.26817012,129.94567726817013,97.74662017822266,124.16623765966938
2019-04-02 12:15:00,834348382,161518088.37145746,161.51808837145745,100.29551696777344,123.7129157216401
2019-04-02 12:30:00,984922541,190667123.52811688,190.6671235281169,106.2450180053711,125.12612610349082
2019-04-02 12:45:00,1066948969,206546283.999119,206.54628399911903,115.64533996582031,127.17081658719246
2019-04-02 13:00:00,1110668874,215009841.4671093,215.0098414671093,127.17459106445312,129.48161195541587
2019-04-02 13:15:00,1183954962,229196995.2908012,229.1969952908012,139.23220825195312,132.87030903739156
2019-04-02 13:30:00,900935149,174408348.06237355,174.40834806237356,151.2184600830078,132.70152823984628
2019-04-02 13:45:00,818561108,158461894.61344475,158.46189461344474,157.26026916503906,132.1665701357809
2019-04-02 14:00:00,695464292,134632085.8262887,134.6320858262887,157.97360229492188,131.66922765568444
2019-04-02 14:15:00,639000550,123701501.11264904,123.70150111264904,153.61131286621094,131.15451050826087
2019-04-02 14:30:00,646601080,125172856.60718144,125.17285660718144,146.0037078857422,130.72731544608334
2019-04-02 14:45:00,699127426,135341216.9445276,135.3412169445276,137.50782775878906,130.27875886148257
2019-04-02 15:00:00,655957263,126984081.78028128,126.98408178028129,130.1068878173828,129.85812205798388
2019-04-02 15:15:00,642111760,124303787.52269468,124.30378752269468,123.46235656738281,129.40445805250553
2019-04-02 15:30:00,592992052,114794904.2927585,114.79490429275847,117.80846405029297,128.9995563516643
2019-04-02 15:45:00,726570559,140653820.74014887,140.65382074014886,112.64645385742188,128.5927791775678
2019-04-02 16:00:00,757635483,146667552.23185158,146.66755223185157,110.28024291992188,128.16996021965258
2019-04-02 16:15:00,682812485,132182874.29167026,132.18287429167026,110.18704986572266,127.7727373432716
2019-04-02 16:30:00,710515030,137545696.59462556,137.54569659462555,110.34935760498047,127.35624073544965
2019-04-02 16:45:00,732247523,141752800.965694,141.752800965694,111.09037017822266,126.97189846784073
2019-04-02 17:00:00,975310465,188806361.07649007,188.80636107649008,112.37969970703125,127.81737124766124
2019-04-02 17:15:00,1003400129,194244124.16221812,194.24412416221816,117.38740539550781,128.8458854990247
2019-04-02 17:30:00,1024752355,198377614.2011493,198.37761420114933,124.3082275390625,130.0047274484857
2019-04-02 17:45:00,1147403606,222121167.88360596,222.12116788360592,131.88882446289062,132.05424226276222
2019-04-02 18:00:00,1119980866,216812511.88538823,216.81251188538823,140.8228759765625,133.7413307170292
2019-04-02 18:15:00,1099529439,212853403.8379918,212.8534038379918,148.9563751220703,135.32884215732753
2019-04-02 18:30:00,1167908141,226090556.89135692,226.09055689135693,155.3591766357422,137.15845478356596
2019-04-02 18:45:00,877918795,169952706.29502276,169.95270629502275,160.9795379638672,136.78164979526596
2019-04-02 19:00:00,889840885,172260654.9022659,172.2606549022659,160.81065368652344,136.42610017052576
2019-04-02 19:15:00,1031230796,199631749.07876363,199.63174907876365,157.7147674560547,137.2987496194038
2019-04-02 19:30:00,973808814,188515662.60549924,188.51566260549924,155.35995483398438,137.64439108355015
2019-04-02 19:45:00,968645907,187516196.570603,187.516196570603,152.631103515625,137.94904343095385
2019-04-02 20:00:00,1160003987,224560424.0693656,224.56042406936555,149.87843322753906,139.59968400875042
2019-04-02 20:15:00,994029299,192430063.53633693,192.4300635363369,150.38363647460938,139.99763820174667
2019-04-02 20:30:00,1082524057,209561401.53784665,209.56140153784665,149.93519592285156,141.0659502314956
2019-04-02 20:45:00,1152317472,223072423.09061068,223.07242309061067,150.45822143554688,142.41071173724347
2019-04-02 21:00:00,1276243632,247062781.1883092,247.06278118830923,152.45668029785156,144.9001842681768
2019-04-02 21:15:00,1346182823,260602022.9202675,260.6020229202675,156.93174743652344,147.96231309514943
2019-04-02 21:30:00,1531184828,296415803.8745246,296.4158038745246,163.30255126953125,152.8957513908598
2019-04-02 21:45:00,1470391737,284647118.20754373,284.6471182075437,172.93075561523438,157.36154809739688
2019-04-02 22:00:00,1692903279,327722216.9070523,327.72221690705226,182.0824737548828,164.25049163603455
2019-04-02 22:15:00,1539744234,298072784.24931866,298.07278424931866,193.59010314941406,169.3648364305885
2019-04-02 22:30:00,1445875385,279901097.9667065,279.9010979667065,202.10968017578125,172.7134644393053
2019-04-02 22:45:00,1173240037,227122736.815109,227.12273681510905,206.3660125732422,173.22596404602453
2019-04-02 23:00:00,1184237358,229251663.1766241,229.2516631766241,203.05203247070312,173.83407740247486
2019-04-02 23:15:00,1175403072,227541469.9076849,227.5414699076849,196.2566680908203,174.2929549876943
2019-04-02 23:30:00,1107869162,214467856.6799552,214.4678566799552,188.028076171875,174.12393828156343
2019-04-02 23:45:00,736128900,142504180.85305735,142.50418085305736,178.7491912841797,173.78756802482994
2019-04-03 00:00:00,700742724,135653915.87310326,135.65391587310327,164.0047149658203,173.43239585382665
2019-04-03 00:15:00,677712895,131195665.53565425,131.19566553565423,147.8130340576172,173.43239585382665
2019-04-03 00:30:00,650533074,125934035.23240474,125.93403523240474,131.69876098632812,173.43239585382665
2019-04-03 00:45:00,603240318,116778824.16262671,116.77882416262672,117.29862976074219,173.43239585382665
2019-04-03 01:00:00,723442724,140048315.9643976,140.0483159643976,104.68354797363281,173.43239585382665
2019-04-03 01:15:00,572754708,110877239.6971129,110.8772396971129,96.60286712646484,173.43239585382665
2019-04-03 01:30:00,506665119,98083226.66031972,98.08322666031972,89.78955841064453,173.43239585382665
2019-04-03 01:45:00,463830452,89791038.79356365,89.79103879356364,83.70038604736328,173.43239585382665
2019-04-03 02:00:00,351720692,68088169.20858628,68.08816920858628,78.23800659179688,173.44092394919497
2019-04-03 02:15:00,321716111,62279705.178381495,62.2797051783815,72.128173828125,173.45287271905403
2019-04-03 02:30:00,372264707,72065200.9879498,72.06520098794981,65.94331359863281,173.45287271905403
2019-04-03 02:45:00,311394330,60281553.84055241,60.28155384055241,61.48332214355469,173.47849239144682
2019-04-03 03:00:00,267040771,51695329.8881811,51.6953298881811,57.77346420288086,173.480745318439
2019-04-03 03:15:00,294745027,57058483.416623466,57.05848341662347,54.44105911254883,173.45746114104332
2019-04-03 03:30:00,262867529,50887449.05004042,50.887449050040416,52.349830627441406,173.43615859576647
2019-04-03 03:45:00,235331900,45556939.33235552,45.55693933235552,50.942142486572266,173.4111168994083
2019-04-03 04:00:00,215436485,41705467.3723406,41.7054673723406,49.88773727416992,173.42127276401706
2019-04-03 04:15:00,194318262,37617277.01642984,37.61727701642984,49.06758499145508,173.4342241453648
2019-04-03 04:30:00,168310740,32582587.27849418,32.58258727849418,48.374454498291016,173.3968444299814
2019-04-03 04:45:00,132257175,25603125.193582885,25.603125193582883,47.65456771850586,173.44673909582923
2019-04-03 05:00:00,75442987,14604699.073141748,14.604699073141749,46.689144134521484,173.55633042925527
2019-04-03 05:15:00,100287321,19414212.006963205,19.414212006963204,45.080116271972656,173.69134091277638
2019-04-03 05:30:00,127376941,24658380.66780589,24.65838066780589,43.81552505493164,173.81702121173822
2019-04-03 05:45:00,105253378,20375570.656045716,20.375570656045717,43.661949157714844,173.97105772268546
2019-04-03 06:00:00,173808480,33646872.26342425,33.64687226342425,44.3359375,173.9586725219431
2019-04-03 06:15:00,170724191,33049797.3795838,33.0497973795838,46.693878173828125,173.9112313053852
2019-04-03 06:30:00,211372400,40918717.79106183,40.91871779106183,50.08760452270508,173.94037781113224
2019-04-03 06:45:00,364168985,70497983.30090603,70.49798330090603,54.30735397338867,173.88885537604398
2019-04-03 07:00:00,364813550,70622762.00111948,70.62276200111948,60.39730453491211,173.84892784793644
2019-04-03 07:15:00,384501985,74434165.55008171,74.43416555008172,66.6973876953125,173.84892784793644
2019-04-03 07:30:00,478957915,92719502.4406232,92.7195024406232,72.82861328125,173.84892784793644
2019-04-03 07:45:00,511219648,98964919.28822292,98.96491928822292,78.62935638427734,173.84892784793644
2019-04-03 08:00:00,572997640,110924267.90869784,110.92426790869784,84.93824768066406,173.84892784793644
2019-04-03 08:15:00,515268398,99748700.2296162,99.7487002296162,92.13300323486328,173.84892784793644
2019-04-03 08:30:00,555124963,107464369.51924963,107.46436951924964,97.80677795410156,173.84892784793644
2019-04-03 08:45:00,553802140,107208289.62885465,107.20828962885464,102.46275329589844,173.84892784793644
2019-04-03 09:00:00,453221681,87737330.23625436,87.73733023625437,106.05717468261719,173.84892784793644
2019-04-03 09:15:00,448662607,86854757.76040336,86.85475776040336,107.14616394042969,173.84892784793644
2019-04-03 09:30:00,456341934,88341367.24365795,88.34136724365794,106.56532287597656,173.84892784793644
2019-04-03 09:45:00,450371179,87185513.22087839,87.18551322087839,105.13038635253906,173.84892784793644
2019-04-03 10:00:00,470734470,91127559.3807662,91.1275593807662,103.2422103881836,173.84892784793644
2019-04-03 10:15:00,470663690,91113857.37026128,91.11385737026129,101.54209899902344,173.84892784793644
2019-04-03 10:30:00,524707369,101575951.99279352,101.57595199279352,100.10530853271484,173.84892784793644
2019-04-03 10:45:00,502592028,97294733.64436156,97.29473364436156,99.6976318359375,173.84892784793644
2019-04-03 11:00:00,597122354,115594472.55204806,115.59447255204806,99.59889221191406,173.84892784793644
2019-04-03 11:15:00,614971340,119049784.69777104,119.04978469777105,100.96599578857422,173.84892784793644
2019-04-03 11:30:00,783324864,151640654.3557148,151.6406543557148,103.2406234741211,173.84892784793644
2019-04-03 11:45:00,859554118,166397563.63927865,166.39756363927864,108.11833190917969,173.84892784793644
2019-04-03 12:00:00,864807084,167414463.8273829,167.4144638273829,114.97968292236328,173.84892784793644
2019-04-03 12:15:00,1061058697,205406010.350901,205.406010350901,122.30564880371094,173.84892784793644
2019-04-03 12:30:00,1255760934,243097619.5160117,243.0976195160117,131.8482208251953,175.14955085732436
2019-04-03 12:45:00,1339471849,259302872.93091625,259.30287293091624,144.38645935058594,176.8482696048599
2019-04-03 13:00:00,1177854259,228015985.16656503,228.01598516656503,158.3660430908203,177.45297408224874
2019-04-03 13:15:00,1201989976,232688319.8356512,232.6883198356512,168.86830139160156,178.2150649724999
2019-04-03 13:30:00,1040672050,201459442.79856685,201.45944279856684,176.45462036132812,177.55677385989907
2019-04-03 13:45:00,1013236967,196148397.36949775,196.1483973694978,178.7230682373047,177.55677385989907
2019-04-03 14:00:00,1104098012,213737815.1863744,213.7378151863744,177.19789123535156,177.59159396712906
2019-04-03 14:15:00,909712012,176107425.04776904,176.10742504776903,175.05609130859375,177.59159396712906
2019-04-03 14:30:00,848335517,164225800.58823925,164.22580058823925,169.48379516601562,177.59159396712906
2019-04-03 14:45:00,870574662,168530985.6463145,168.5309856463145,161.7416534423828,177.59159396712906
2019-04-03 15:00:00,857660406,166030967.68396214,166.03096768396213,153.93524169921875,177.59159396712906
2019-04-03 15:15:00,752235013,145622097.34810567,145.62209734810568,146.6849822998047,177.59159396712906
2019-04-03 15:30:00,807008226,156225419.4717922,156.22541947179218,138.93508911132812,177.59159396712906
2019-04-03 15:45:00,719131153,139213656.58131292,139.21365658131293,132.6553497314453,177.59159396712906
2019-04-03 16:00:00,986354273,190944286.6660688,190.9442866660688,126.54202270507812,177.59159396712906
2019-04-03 16:15:00,894143542,173093588.66057464,173.09358866057465,125.26036834716797,177.59159396712906
2019-04-03 16:30:00,693397553,134231994.28222343,134.23199428222344,125.36560821533203,177.59159396712906
2019-04-03 16:45:00,804671789,155773118.1957524,155.7731181957524,123.34832763671875,177.59159396712906
2019-04-03 17:00:00,964877427,186786671.95139417,186.78667195139417,122.12004089355469,177.59159396712906
2019-04-03 17:15:00,1123659845,217524710.37232527,217.52471037232527,123.79673767089844,177.78972179271912
2019-04-03 17:30:00,1025065481,198438230.9818976,198.4382309818976,129.2934112548828,177.78972179271912
2019-04-03 17:45:00,895739314,173402507.63072816,173.40250763072817,134.82159423828125,177.78972179271912
2019-04-03 18:00:00,1120863195,216983318.34521872,216.98331834521872,137.80856323242188,177.55677385989907
2019-04-03 18:15:00,1077401484,208569743.5969276,208.5697435969276,142.50848388671875,177.42192851238786
2019-04-03 18:30:00,1108742558,214636933.83687752,214.63693383687752,146.78636169433594,177.43998731461318
2019-04-03 18:45:00,1334392657,258319612.9402333,258.3196129402333,150.79823303222656,178.58987653325184
2019-04-03 19:00:00,920174232,178132763.39680612,178.13276339680613,157.71987915039062,178.58987653325184
2019-04-03 19:15:00,891432183,172568707.76907104,172.56870776907104,158.70138549804688,178.58987653325184
2019-04-03 19:30:00,976410771,189019364.81159368,189.01936481159368,156.046875,178.58987653325184
2019-04-03 19:45:00,1043955174,202095009.3362466,202.09500933624665,152.8841552734375,178.58987653325184
2019-04-03 20:00:00,984334334,190553254.94245607,190.55325494245608,150.716552734375,178.58987653325184
2019-04-03 20:15:00,1114854762,215820170.39263123,215.82017039263124,148.34336853027344,178.20870723611884
2019-04-03 20:30:00,1124306023,217649801.32660687,217.64980132660688,148.20272827148438,178.36132829555265
2019-04-03 20:45:00,1232360271,238567580.9422871,238.5675809422871,149.36074829101562,179.3379072718031
2019-04-03 21:00:00,1430581464,276940410.396722,276.94041039672203,152.8515625,181.51594508349757
2019-04-03 21:15:00,1551233249,300296895.6398421,300.2968956398421,160.3498077392578,184.25277956182921
2019-04-03 21:30:00,1728422261,334598191.2569854,334.59819125698544,171.0680389404297,188.79082327269677
2019-04-03 21:45:00,1834428072,355119422.3378722,355.1194223378722,185.2144012451172,192.5469951584132
2019-04-03 22:00:00,2066266114,400000000.0,400.0,201.2333984375,200.12236190848083
2019-04-03 22:15:00,1795698589,347621940.23959106,347.6219402395911,220.24440002441406,202.08387102491085
2019-04-03 22:30:00,1792042260,346914126.47345,346.91412647345,233.45921325683594,208.09029234036444
2019-04-03 22:45:00,1739111397,336667457.3457192,336.66745734571924,241.79783630371094,214.31988317776623
2019-04-03 23:00:00,1346760813,260713913.6387154,260.7139136387154,245.2152099609375,215.0357241898166
2019-04-03 23:15:00,1325515234,256601068.95601928,256.6010689560193,238.3507080078125,215.46007655353802
2019-04-03 23:30:00,1341538803,259703006.0959515,259.7030060959515,226.75009155273438,215.9227876532729
2019-04-03 23:45:00,1132725287,219279652.18520737,219.27965218520737,213.9876708984375,215.9227876532729
2019-04-04 00:00:00,952677563,184424950.2123907,184.42495021239068,198.44700622558594,215.9227876532729
2019-04-04 00:15:00,840055832,162622970.25696662,162.62297025696662,180.43356323242188,215.9227876532729
2019-04-04 00:30:00,757235267,146590076.05445346,146.59007605445348,161.05300903320312,215.9227876532729
2019-04-04 00:45:00,680796130,131792536.3799486,131.7925363799486,142.10523986816406,215.9227876532729
2019-04-04 01:00:00,794692230,153841216.2142248,153.84121621422477,123.8154067993164,215.9227876532729
2019-04-04 01:15:00,588360336,113898269.34944354,113.89826934944354,110.18599700927734,215.9227876532729
2019-04-04 01:30:00,524347967,101506376.830608,101.506376830608,97.53995513916016,215.9227876532729
2019-04-04 01:45:00,512274595,99169142.16016611,99.16914216016612,86.28720092773438,215.9227876532729
2019-04-04 02:00:00,416544772,80637197.53766431,80.6371975376643,77.26756286621094,215.9227876532729
2019-04-04 02:15:00,348734124,67510011.73317407,67.51001173317407,68.8655776977539,215.9227876532729
2019-04-04 02:30:00,258961708,50131337.14876379,50.13133714876379,61.131675720214844,215.9227876532729
2019-04-04 02:45:00,277462325,53712795.87271981,53.71279587271981,53.7398796081543,215.9227876532729
2019-04-04 03:00:00,240675491,46591383.24329119,46.59138324329119,48.00088119506836,215.9227876532729
2019-04-04 03:15:00,252240689,48830242.588975646,48.83024258897564,43.526405334472656,215.9227876532729
2019-04-04 03:30:00,297832477,57656170.22551627,57.65617022551627,40.57133865356445,215.9227876532729
2019-04-04 03:45:00,226317038,43811789.09465483,43.81178909465483,39.496177673339844,215.9227876532729
2019-04-04 04:00:00,207621001,40192499.81273226,40.19249981273226,38.96347427368164,215.9227876532729
2019-04-04 04:15:00,185752893,35959142.288871706,35.9591422888717,38.8016471862793,215.9227876532729
2019-04-04 04:30:00,140609825,27220080.52056745,27.22008052056745,38.8211784362793,215.9309500903336
2019-04-04 04:45:00,136272682,26380470.75866628,26.38047075866628,38.682701110839844,215.94805346278736
2019-04-04 05:00:00,133743607,25890877.48065349,25.89087748065349,38.59727096557617,215.93680062325572
2019-04-04 05:15:00,101574778,19663445.538167503,19.6634455381675,38.699546813964844,215.9264678272078
2019-04-04 05:30:00,101213430,19593493.65780675,19.59349365780675,38.68851852416992,215.9264678272078
2019-04-04 05:45:00,76428316,14795444.88140408,14.795444881404082,38.81195068359375,215.95050691207726
2019-04-04 06:00:00,116101720,22475656.78270616,22.47565678270616,39.00796127319336,215.9489027336954
2019-04-04 06:15:00,128085182,24795486.144240186,24.795486144240183,40.34988784790039,215.99641472282897
2019-04-04 06:30:00,161318426,31228973.83003785,31.22897383003785,42.85596466064453,215.99641472282897
2019-04-04 06:45:00,200083459,38733337.90731662,38.73333790731662,46.22257614135742,215.99641472282897
2019-04-04 07:00:00,249787880,48355413.33375417,48.35541333375416,50.704864501953125,215.99641472282897
2019-04-04 07:15:00,361377388,69957569.4633881,69.9575694633881,56.12576675415039,215.99641472282897
2019-04-04 07:30:00,472359736,91442187.97366388,91.44218797366388,62.582237243652344,215.99641472282897
2019-04-04 07:45:00,522274470,101104977.0329825,101.1049770329825,70.07743835449219,215.99641472282897
2019-04-04 08:00:00,780597973,151112766.68790203,151.11276668790202,77.51122283935547,215.99641472282897
2019-04-04 08:15:00,646170198,125089443.924356,125.08944392435602,88.32782745361328,215.99641472282897
2019-04-04 08:30:00,493296443,95495239.39006048,95.49523939006048,98.87751007080078,215.99641472282897
2019-04-04 08:45:00,475620452,92073416.63833722,92.07341663833722,105.39830780029297,215.99641472282897
2019-04-04 09:00:00,379756395,73515486.20518103,73.51548620518103,108.65575408935547,215.99641472282897
2019-04-04 09:15:00,434553815,84123494.46292086,84.12349446292086,108.24673461914062,215.99641472282897
2019-04-04 09:30:00,405411775,78482006.21461675,78.48200621461675,106.45342254638672,215.99641472282897
2019-04-04 09:45:00,377031989,72988079.59834743,72.98807959834743,103.60845947265625,215.99641472282897
2019-04-04 10:00:00,416120379,80555041.0337901,80.55504103379009,100.07282257080078,215.99641472282897
2019-04-04 10:15:00,548356086,106154010.32511924,106.15401032511924,97.0387191772461,215.99641472282897
2019-04-04 10:30:00,502376757,97253060.21255304,97.25306021255304,96.40193939208984,215.99641472282897
2019-04-04 10:45:00,749876398,145165502.7238181,145.1655027238181,96.56803894042969,215.99641472282897
2019-04-04 11:00:00,547234884,105936961.41890076,105.93696141890076,100.60079956054688,215.99641472282897
2019-04-04 11:15:00,563084027,109005132.1434002,109.0051321434002,103.55804443359375,215.99641472282897
2019-04-04 11:30:00,546718623,105837020.5649126,105.8370205649126,105.80333709716797,215.99641472282897
2019-04-04 11:45:00,694304698,134407604.7699246,134.4076047699246,107.09109497070312,215.99641472282897
2019-04-04 12:00:00,802934308,155436766.36028886,155.43676636028886,109.69933319091797,215.99641472282897
2019-04-04 12:15:00,1324899565,256481884.1141776,256.4818841141776,114.28208923339844,216.3475882433069
2019-04-04 12:30:00,1082506461,209557995.20022523,209.55799520022524,126.97989654541016,216.3475882433069
2019-04-04 12:45:00,1204886248,233248997.27799532,233.24899727799536,139.2711639404297,216.3475882433069
2019-04-04 13:00:00,1127917809,218348992.1956877,218.3489921956877,151.80551147460938,215.8633622805681
2019-04-04 13:15:00,1110186062,214916375.8681279,214.91637586812791,161.6324920654297,215.8633622805681
2019-04-04 13:30:00,1059411756,205087185.7834668,205.0871857834668,168.38250732421875,215.8633622805681
2019-04-04 13:45:00,926254633,179309843.33995616,179.30984333995616,171.58584594726562,215.8633622805681
2019-04-04 14:00:00,768808147,148830422.5270763,148.8304225270763,170.2140350341797,215.8633622805681
2019-04-04 14:15:00,722219322,139811482.57847294,139.81148257847295,163.96432495117188,215.8633622805681
2019-04-04 14:30:00,756134322,146376948.61795524,146.37694861795524,154.99444580078125,215.8633622805681
2019-04-04 14:45:00,834499627,161547367.27197763,161.54736727197763,145.9123077392578,215.8633622805681
2019-04-04 15:00:00,753652086,145896422.71024534,145.89642271024533,138.8484649658203,215.8633622805681
2019-04-04 15:15:00,771974199,149443325.57543942,149.44332557543942,132.42300415039062,215.8633622805681
2019-04-04 15:30:00,709549743,137358830.63511345,137.35883063511343,127.4003677368164,215.8633622805681
2019-04-04 15:45:00,787745779,152496481.19622603,152.49648119622603,122.80821990966797,215.8633622805681
2019-04-04 16:00:00,759069823,146945220.24184927,146.94522024184928,120.15435028076172,215.8633622805681
2019-04-04 16:15:00,809578726,156723032.04600683,156.72303204600684,118.44660949707031,215.8633622805681
2019-04-04 16:30:00,856248923,165757724.46704316,165.75772446704318,118.2410659790039,215.8633622805681
2019-04-04 16:45:00,816316119,158027296.38143793,158.02729638143794,119.59173583984375,215.8633622805681
2019-04-04 17:00:00,919654634,178032176.54664594,178.03217654664593,121.09375,215.8633622805681
2019-04-04 17:15:00,855563666,165625068.3690978,165.6250683690978,124.06930541992188,215.8633622805681
2019-04-04 17:30:00,813012753,157387811.27782655,157.38781127782656,126.5416030883789,215.8633622805681
2019-04-04 17:45:00,879904756,170337160.35668385,170.33716035668385,127.83350372314453,215.8633622805681
2019-04-04 18:00:00,1019479656,197356893.9823402,197.35689398234015,129.30206298828125,215.8633622805681
2019-04-04 18:15:00,1099099042,212770085.0443313,212.77008504433132,132.74029541015625,215.8633622805681
2019-04-04 18:30:00,1049320036,203133571.01301232,203.13357101301236,138.06106567382812,215.8633622805681
2019-04-04 18:45:00,1040372065,201401369.93022385,201.40136993022384,143.03753662109375,215.8633622805681
2019-04-04 19:00:00,1007714648,195079354.23655695,195.07935423655695,147.10250854492188,215.4599114175281
2019-04-04 19:15:00,916726274,177465287.31971452,177.46528731971452,149.62039184570312,215.4599114175281
2019-04-04 19:30:00,1034331467,200231995.2869343,200.23199528693428,149.5101776123047,215.4599114175281
2019-04-04 19:45:00,888596383,172019736.85370132,172.01973685370132,149.74298095703125,215.4599114175281
2019-04-04 20:00:00,1061159924,205425606.4715196,205.4256064715196,147.7361602783203,215.4599114175281
2019-04-04 20:15:00,1036766261,200703337.0920393,200.70333709203925,147.41165161132812,215.4599114175281
2019-04-04 20:30:00,1208824473,234011382.1370058,234.0113821370058,147.5357208251953,215.4599114175281
2019-04-04 20:45:00,1481677471,286831877.2612848,286.83187726128483,150.5819549560547,217.90826508199675
2019-04-04 21:00:00,1501038562,290579911.6250715,290.5799116250716,159.13803100585938,220.3364249715407
2019-04-04 21:15:00,1644597835,318370963.7121794,318.37096371217945,169.97828674316406,223.0636933567275
2019-04-04 21:30:00,1379407647,267033880.6127273,267.03388061272733,183.24253845214844,220.85931635145425
2019-04-04 21:45:00,1569757087,303882849.62214696,303.882849622147,191.6178436279297,218.04169497799455
2019-04-04 22:00:00,1682550502,325718065.18044657,325.71806518044656,199.57427978515625,215.40725662122912
2019-04-04 22:15:00,1669301543,323153253.4342283,323.1532534342283,207.87693786621094,211.07212968023867
2019-04-04 22:30:00,1498889976,290163975.6552674,290.1639756552674,214.86721801757812,206.23355022678555
2019-04-04 22:45:00,1624173820,314417162.2416686,314.41716224166856,217.1933135986328,203.64836958268694
2019-04-04 23:00:00,1600951429,309921634.6147755,309.9216346147755,218.83924865722656,201.36699201508398
2019-04-04 23:15:00,1268875360,245636387.5693893,245.6363875693893,219.15145874023438,200.46358008664774
2019-04-04 23:30:00,1199227401,232153524.2483292,232.15352424832923,212.85333251953125,199.28840146763608
2019-04-04 23:45:00,963877568,186593113.3399016,186.5931133399016,202.79884338378906,197.8473774635468
2019-04-05 00:00:00,1136212817,219954788.8438149,219.95478884381492,187.88937377929688,197.8473774635468
2019-04-05 00:15:00,1062539875,205692745.5376157,205.69274553761568,175.0950164794922,197.8473774635468
2019-04-05 00:30:00,1045398743,202374463.95058092,202.37446395058092,163.49656677246094,197.8473774635468
2019-04-05 00:45:00,930286149,180090288.02182642,180.0902880218264,153.51751708984375,197.8473774635468
2019-04-05 01:00:00,774385412,149910102.43126893,149.91010243126894,143.67457580566406,197.8473774635468
2019-04-05 01:15:00,667591232,129236254.22238328,129.23625422238328,133.0171356201172,197.8473774635468
2019-04-05 01:30:00,601982196,116535269.47400735,116.53526947400736,121.0250473022461,197.8473774635468
2019-04-05 01:45:00,495261647,95875675.1890478,95.8756751890478,109.03347778320312,197.8473774635468
2019-04-05 02:00:00,494828738,95791870.10758868,95.79187010758868,96.59457397460938,197.8473774635468
2019-04-05 02:15:00,364327545,70528678.28233668,70.52867828233668,85.60376739501953,197.8473774635468
2019-04-05 02:30:00,331207160,64117038.50842903,64.11703850842903,74.84337615966797,197.8473774635468
2019-04-05 02:45:00,420044274,81314651.80675174,81.31465180675174,65.03614044189453,197.8473774635468
2019-04-05 03:00:00,321545732,62246722.20511477,62.24672220511477,58.4964485168457,197.8473774635468
2019-04-05 03:15:00,270052054,52278271.8392874,52.2782718392874,53.42048645019531,197.83857807330506
2019-04-05 03:30:00,190361256,36851256.42049802,36.85125642049802,49.284751892089844,197.89392222747955
2019-04-05 03:45:00,185634712,35936264.11278407,35.93626411278407,45.13791275024414,197.91239386972958
2019-04-05 04:00:00,162854054,31526249.76939442,31.52624976939442,41.76034164428711,197.9410095811591
2019-04-05 04:15:00,251592668,48704794.855867244,48.70479485586724,39.02976989746094,197.90508070357694
2019-04-05 04:30:00,196889940,38115117.63484304,38.115117634843045,38.167476654052734,197.90420784181035
2019-04-05 04:45:00,153436874,29703216.43671886,29.703216436718854,38.06063461303711,197.90104666676373
2019-04-05 05:00:00,135074651,26148548.8407908,26.1485488407908,38.146263122558594,197.9028631628726
2019-04-05 05:15:00,143801316,27837908.20082142,27.837908200821417,38.41695785522461,197.8992537615134
2019-04-05 05:30:00,119383545,23110971.852292597,23.110971852292597,38.9912109375,197.88966407751002
2019-04-05 05:45:00,186044104,36015516.6344658,36.0155166344658,39.567291259765625,197.7871735925096
2019-04-05 06:00:00,106778878,20670885.95733512,20.67088595733512,41.17203903198242,197.7372081540861
2019-04-05 06:15:00,96975064,18773005.731051736,18.773005731051736,42.423675537109375,197.77366782598577
2019-04-05 06:30:00,263437969,50997878.19488967,50.99787819488967,43.66397476196289,197.64802291331176
2019-04-05 06:45:00,269460230,52163703.053400606,52.1637030534006,46.956905364990234,197.57741547365097
2019-04-05 07:00:00,273094124,52867173.71971576,52.86717371971576,52.09920883178711,197.5356596540053
2019-04-05 07:15:00,394237217,76318769.26768398,76.31876926768398,57.471405029296875,197.5356596540053
2019-04-05 07:30:00,526428216,101909083.72027823,101.90908372027825,63.8339958190918,197.5356596540053
2019-04-05 07:45:00,580045108,112288558.39427468,112.28855839427467,71.62956237792969,197.5356596540053
2019-04-05 08:00:00,634080970,122749139.75577109,122.74913975577108,80.67974853515625,197.5356596540053
2019-04-05 08:15:00,449142284,86947616.467566,86.947616467566,90.13432312011719,197.5356596540053
2019-04-05 08:30:00,614567678,118971641.423337,118.97164142333702,96.27701568603516,197.5356596540053
2019-04-05 08:45:00,566843263,109732867.25448376,109.73286725448376,102.17951202392578,197.5356596540053
2019-04-05 09:00:00,498062931,96417964.29324786,96.41796429324786,106.48795318603516,197.5356596540053
2019-04-05 09:15:00,529643876,102531590.17832103,102.53159017832104,108.40804290771484,197.5356596540053
2019-04-05 09:30:00,391105215,75712457.81945781,75.71245781945781,109.13597106933594,197.5356596540053
2019-04-05 09:45:00,412679260,79888888.89071721,79.88888889071721,107.12339782714844,197.5356596540053
2019-04-05 10:00:00,448820611,86885345.10806966,86.88534510806966,104.05992889404297,197.5356596540053
2019-04-05 10:15:00,384275984,74390414.94148996,74.39041494148996,101.17648315429688,197.5356596540053
2019-04-05 10:30:00,596281638,115431721.78256996,115.43172178256998,97.80614471435547,197.5356596540053
2019-04-05 10:45:00,516392003,99966214.32276946,99.96621432276946,97.42364501953125,197.5356596540053
2019-04-05 11:00:00,491794208,95204427.86489987,95.20442786489988,97.68284606933594,197.5356596540053
2019-04-05 11:15:00,552179034,106894079.1815163,106.8940791815163,97.96046447753906,197.5356596540053
2019-04-05 11:30:00,594808517,115146546.31750885,115.14654631750884,99.04094696044922,197.5356596540053
2019-04-05 11:45:00,552638844,106983091.91746248,106.98309191746247,101.02288818359375,197.5356596540053
2019-04-05 12:00:00,685637545,132729766.09439766,132.72976609439766,102.69242095947266,197.5356596540053
2019-04-05 12:15:00,945754036,183084652.95772645,183.0846529577265,105.84770202636719,197.5356596540053
2019-04-05 12:30:00,1136089983,219931009.91250157,219.93100991250157,113.13317108154297,196.23679416357982
2019-04-05 12:45:00,1085371100,210112548.93956995,210.11254893957,124.72055053710938,196.23679416357982
2019-04-05 13:00:00,1240814428,240204186.59394425,240.20418659394423,136.70709228515625,196.55379632543807
2019-04-05 13:15:00,1046516462,202590838.597085,202.590838597085,149.86276245117188,196.55379632543807
2019-04-05 13:30:00,1112573126,215378477.81788677,215.37847781788676,158.9767608642578,196.55379632543807
2019-04-05 13:45:00,866557189,167753259.49133772,167.75325949133773,165.7152862548828,196.55379632543807
2019-04-05 14:00:00,759618916,147051516.90833953,147.05151690833952,166.2509002685547,196.55379632543807
2019-04-05 14:15:00,955008593,184876204.7694308,184.8762047694308,161.5991668701172,196.55379632543807
2019-04-05 14:30:00,821636739,159057293.4305015,159.0572934305015,157.49716186523438,196.55379632543807
2019-04-05 14:45:00,793661753,153641730.38942844,153.64173038942843,151.85751342773438,196.55379632543807
2019-04-05 15:00:00,746844391,144578548.89837292,144.57854889837293,145.57623291015625,196.55379632543807
2019-04-05 15:15:00,813278775,157439309.38800654,157.43930938800654,138.90191650390625,196.55379632543807
2019-04-05 15:30:00,788140727,152572937.56306553,152.57293756306552,133.71328735351562,196.55379632543807
2019-04-05 15:45:00,715714906,138552319.30692157,138.55231930692156,129.5148468017578,196.55379632543807
2019-04-05 16:00:00,849205422,164394201.93675983,164.39420193675983,125.26789855957031,196.55379632543807
2019-04-05 16:15:00,1068129096,206774739.95491368,206.77473995491368,123.48049926757812,196.55379632543807
2019-04-05 16:30:00,847807747,164123631.75404617,164.12363175404616,126.48371124267578,196.55379632543807
2019-04-05 16:45:00,853279889,165182961.32692617,165.18296132692618,128.50343322753906,196.55379632543807
2019-04-05 17:00:00,1075758344,208251654.84952632,208.25165484952632,129.9512939453125,196.55379632543807
2019-04-05 17:15:00,1137868258,220275258.89145952,220.27525889145952,134.21141052246094,196.55379632543807
2019-04-05 17:30:00,1020518506,197558000.7019367,197.5580007019367,140.4174346923828,196.55379632543807
2019-04-05 17:45:00,841178748,162840350.96942988,162.8403509694299,145.15408325195312,196.55379632543807
2019-04-05 18:00:00,868262557,168083394.7025664,168.08339470256638,145.80084228515625,196.55379632543807
2019-04-05 18:15:00,974540146,188657238.1741145,188.6572381741145,144.50469970703125,196.55379632543807
2019-04-05 18:30:00,1036526812,200656983.1401688,200.6569831401688,143.772216796875,196.55379632543807
2019-04-05 18:45:00,990078604,191665264.6610649,191.66526466106487,144.25819396972656,196.55379632543807
2019-04-05 19:00:00,858429722,166179896.41967288,166.17989641967287,144.6360321044922,196.55379632543807
2019-04-05 19:15:00,856483982,165803228.57678148,165.8032285767815,142.87094116210938,196.55379632543807
2019-04-05 19:30:00,756729434,146492153.91430458,146.4921539143046,140.13710021972656,196.55379632543807
2019-04-05 19:45:00,833597494,161372727.03684285,161.37272703684286,135.59454345703125,196.55379632543807
2019-04-05 20:00:00,734080927,142107722.14212483,142.10772214212483,131.75848388671875,196.55379632543807
2019-04-05 20:15:00,842159538,163030218.09125987,163.03021809125983,127.19768524169922,196.55379632543807
2019-04-05 20:30:00,1169057966,226313146.8069945,226.3131468069945,124.42008972167969,196.55379632543807
2019-04-05 20:45:00,1004822957,194519563.61125323,194.51956361125323,127.86641693115234,196.5064022905973
2019-04-05 21:00:00,977439131,189218440.81502467,189.21844081502468,131.8672332763672,193.502578270548
2019-04-05 21:15:00,1131096132,218964270.73671693,218.9642707367169,135.4661407470703,189.9097612849088
2019-04-05 21:30:00,1158163920,224204213.0300357,224.2042130300357,140.78225708007812,183.20632446253325
2019-04-05 21:45:00,1281477657,248076014.665747,248.07601466574695,146.78318786621094,182.47986756413226
2019-04-05 22:00:00,1297240685,251127514.73985603,251.12751473985605,154.37796020507812,179.2796850328847
2019-04-05 22:15:00,1263995893,244691791.5240031,244.6917915240031,162.1524200439453,174.2260749036855
2019-04-05 22:30:00,1202502019,232787444.14428315,232.78744414428317,168.50912475585938,169.29601010074876
2019-04-05 22:45:00,1153165112,223236514.2489096,223.2365142489096,172.27175903320312,165.99332528907146
2019-04-05 23:00:00,1079485396,208973159.59177563,208.9731595917756,173.2864227294922,161.2656110754065
2019-04-05 23:15:00,1037365587,200819358.15940115,200.8193581594012,171.36654663085938,156.6530438423577
2019-04-05 23:30:00,1188754300,230126079.49103692,230.12607949103696,167.33253479003906,156.2706714114383
2019-04-05 23:45:00,790509269,153031453.91465294,153.03145391465296,164.948486328125,155.00350023948403
2019-04-06 00:00:00,739112188,143081703.36669424,143.08170336669423,157.2475128173828,155.00350023948403
2019-04-06 00:15:00,734594581,142207158.31765318,142.20715831765318,147.0342254638672,154.0906047859079
2019-04-06 00:30:00,683502063,132316366.87432024,132.31636687432024,136.5110626220703,153.49733007948987
2019-04-06 00:45:00,644776418,124819627.75875054,124.81962775875054,126.03752136230469,152.98365092984278
2019-04-06 01:00:00,703528076,136193120.76663134,136.19312076663132,116.08844757080078,152.98365092984278
2019-04-06 01:15:00,672218138,130131958.01748508,130.13195801748506,108.5569076538086,152.98365092984278
2019-04-06 01:30:00,720052512,139392018.69909772,139.39201869909772,102.94498443603516,152.98365092984278
2019-04-06 01:45:00,696107787,134756657.38958153,134.75665738958153,99.9182357788086,152.98365092984278
2019-04-06 02:00:00,548903211,106259926.01454432,106.25992601454432,98.44148254394531,152.98365092984278
2019-04-06 02:15:00,563072057,109002814.92009214,109.00281492009212,95.86883544921875,152.98365092984278
2019-04-06 02:30:00,499214824,96640954.54454131,96.64095454454132,93.3271484375,152.94131713416243
2019-04-06 02:45:00,438956351,84975763.38804539,84.97576338804538,90.19087219238281,152.88162046658422
2019-04-06 03:00:00,353938953,68517593.27646798,68.51759327646798,86.28861236572266,152.9232819227957
2019-04-06 03:15:00,385111075,74552076.79024059,74.55207679024059,81.23278045654297,152.87454320901716
2019-04-06 03:30:00,309504237,59915658.4726337,59.915658472633694,76.66455841064453,152.8416811430474
2019-04-06 03:45:00,288897456,55926476.080224775,55.92647608022477,71.89962005615234,152.70269559985945
2019-04-06 04:00:00,301529968,58371952.374765605,58.371952374765605,67.3853530883789,152.5746090333248
2019-04-06 04:15:00,231191538,44755423.59884048,44.75542359884047,63.8360481262207,152.4989413545036
2019-04-06 04:30:00,164186341,31784161.756814256,31.784161756814257,60.325565338134766,152.60096002233286
2019-04-06 04:45:00,140879499,27272285.60648021,27.27228560648021,56.36705780029297,152.6899919225266
2019-04-06 05:00:00,126214991,24433443.52304468,24.43344352304468,52.4443473815918,152.73513303037518
2019-04-06 05:15:00,180016877,34848730.428340174,34.848730428340176,48.92454147338867,152.67474043246955
2019-04-06 05:30:00,127442893,24671148.04555131,24.671148045551316,47.0262565612793,152.69987649226192
2019-04-06 05:45:00,125432355,24281936.22305128,24.28193622305128,45.72380828857422,152.6872435875047
2019-04-06 06:00:00,145153686,28099707.974013653,28.09970797401365,45.086856842041016,152.75005424841243
2019-04-06 06:15:00,106130762,20545419.833565544,20.545419833565543,45.721012115478516,152.75005424841243
2019-04-06 06:30:00,160477525,31066187.247166947,31.066187247166948,46.48799133300781,152.60154979379678
2019-04-06 06:45:00,205993062,39877353.76470487,39.87735376470487,48.82910919189453,152.6808386694065
2019-04-06 07:00:00,209252446,40508324.57294995,40.50832457294995,52.39833450317383,152.76196763198365
2019-04-06 07:15:00,211798833,41001269.21018655,41.00126921018655,56.47984313964844,152.85708597368506
2019-04-06 07:30:00,270143376,52295950.491496086,52.295950491496086,60.669158935546875,152.96376383607932
2019-04-06 07:45:00,311883509,60376252.00100436,60.37625200100436,65.0618667602539,153.04620209130638
2019-04-06 08:00:00,238557412,46181352.99875513,46.18135299875513,69.7614974975586,153.25647920905325
2019-04-06 08:15:00,448141171,86753815.09934592,86.75381509934593,73.2740707397461,153.28307790207617
2019-04-06 08:30:00,550868678,106640412.7266252,106.6404127266252,77.68329620361328,153.2584726366013
2019-04-06 08:45:00,421512753,81598928.6460321,81.59892864603209,83.17691802978516,153.2971144629175
2019-04-06 09:00:00,470379287,91058800.95752276,91.05880095752276,87.66138458251953,153.2995797076367
2019-04-06 09:15:00,558367254,108092031.36358456,108.09203136358455,92.1646957397461,153.2995797076367
2019-04-06 09:30:00,738584184,142979489.2333989,142.9794892333989,97.16093444824219,153.2995797076367
2019-04-06 09:45:00,630272877,122011946.61802404,122.01194661802406,104.04792785644531,153.2480218862606
2019-04-06 10:00:00,716798696,138762125.7771834,138.7621257771834,109.80582427978516,153.22729731701838
2019-04-06 10:15:00,648746916,125588260.21574102,125.58826021574104,115.56055450439453,153.2125648258496
2019-04-06 10:30:00,669692839,129643095.71985751,129.6430957198575,119.48336791992188,153.1723424120101
2019-04-06 10:45:00,721250380,139623909.06247035,139.62390906247035,122.12545013427734,153.1723424120101
2019-04-06 11:00:00,859167316,166322684.22323844,166.32268422323844,124.36944580078125,153.1723424120101
2019-04-06 11:15:00,770933855,149241929.63849768,149.24192963849768,127.98451232910156,153.1723424120101
2019-04-06 11:30:00,699363320,135386882.69849834,135.38688269849834,130.55601501464844,153.1723424120101
2019-04-06 11:45:00,786295642,152215755.1096538,152.2157551096538,131.29640197753906,153.1723424120101
2019-04-06 12:00:00,856958469,165895082.57308623,165.89508257308623,132.02198791503906,153.1723424120101
2019-04-06 12:15:00,929054260,179851811.67230815,179.85181167230814,133.51925659179688,153.1723424120101
2019-04-06 12:30:00,734418576,142173086.2300731,142.1730862300731,136.26393127441406,153.1723424120101
2019-04-06 12:45:00,734906822,142267603.7748737,142.2676037748737,136.40255737304688,152.11369083884023
2019-04-06 13:00:00,806445880,156116557.21127507,156.11655721127508,135.086181640625,151.22091838761312
2019-04-06 13:15:00,958136440,185481711.8682129,185.48171186821293,134.02056884765625,149.54303036818337
2019-04-06 13:30:00,810889987,156976873.69614387,156.97687369614383,135.3338623046875,148.8496124671913
2019-04-06 13:45:00,826192745,159939271.98478946,159.93927198478946,135.53750610351562,147.78396620445932
2019-04-06 14:00:00,877680837,169906640.97973976,169.90664097973976,135.3824462890625,147.78396620445932
2019-04-06 14:15:00,884925500,171309105.63826823,171.30910563826822,135.67848205566406,147.78396620445932
2019-04-06 14:30:00,992127452,192061892.7596661,192.0618927596661,136.22119140625,148.00218164611056
2019-04-06 14:45:00,856926878,165888967.00069487,165.88896700069486,138.39227294921875,148.00218164611056
2019-04-06 15:00:00,863968201,167252067.90087253,167.25206790087253,139.09422302246094,148.00218164611056
2019-04-06 15:15:00,839084452,162434924.77852252,162.43492477852251,139.02149963378906,148.00218164611056
2019-04-06 15:30:00,898863152,174007238.64360872,174.00723864360873,138.05674743652344,148.00218164611056
2019-04-06 15:45:00,823652367,159447490.6052687,159.44749060526868,137.53359985351562,148.00218164611056
2019-04-06 16:00:00,880452465,170443189.1002787,170.44318910027872,136.1099090576172,148.00218164611056
2019-04-06 16:15:00,934023720,180813829.09423253,180.8138290942325,135.19351196289062,148.0031488713114
2019-04-06 16:30:00,954657527,184808243.33936688,184.8082433393669,135.40391540527344,147.16990795165265
2019-04-06 16:45:00,868738603,168175550.4993003,168.1755504993003,136.4678497314453,147.16990795165265
2019-04-06 17:00:00,961991859,186228066.65259963,186.22806665259964,136.57766723632812,147.29489232028706
2019-04-06 17:15:00,907240833,175629039.61943403,175.62903961943402,137.56126403808594,146.43325980235508
2019-04-06 17:30:00,828090320,160306615.76246515,160.30661576246516,137.99642944335938,145.17121964213695
2019-04-06 17:45:00,945481509,183031895.5712207,183.0318955712207,136.8782501220703,144.66724813078602
2019-04-06 18:00:00,906398032,175465885.22333965,175.46588522333963,136.78695678710938,144.66724813078602
2019-04-06 18:15:00,1006309374,194807312.99453524,194.80731299453524,136.58087158203125,145.13590412687728
2019-04-06 18:30:00,963718371,186562295.0442481,186.5622950442481,137.8691864013672,145.08035945040507
2019-04-06 18:45:00,826459761,159990962.51936114,159.99096251936115,139.13058471679688,144.3786257717717
2019-04-06 19:00:00,880590098,170469832.90943134,170.46983290943135,138.13485717773438,143.9908274433842
2019-04-06 19:15:00,905663073,175323607.5186393,175.3236075186393,136.8680877685547,143.9908274433842
2019-04-06 19:30:00,913300825,176802168.66780597,176.80216866780597,135.8988494873047,143.99453120817765
2019-04-06 19:45:00,898772889,173989764.99887565,173.98976499887564,135.26312255859375,143.99453120817765
2019-04-06 20:00:00,924209252,178913886.40369487,178.91388640369487,134.65475463867188,144.00390857445402
2019-04-06 20:15:00,1024737023,198374646.1420216,198.3746461420216,134.55072021484375,144.63101257204264
2019-04-06 20:30:00,788965113,152732527.07468057,152.73252707468058,136.2353515625,144.63101257204264
2019-04-06 20:45:00,1067072277,206570154.6901524,206.5701546901524,135.08291625976562,144.12167414037003
2019-04-06 21:00:00,1131587608,219059413.5639975,219.0594135639975,136.8277130126953,144.8361940643412
2019-04-06 21:15:00,1128124491,218389002.9181401,218.3890029181401,140.82687377929688,145.82505208247053
2019-04-06 21:30:00,1289006572,249533506.505542,249.533506505542,145.5894317626953,147.03830634719301
2019-04-06 21:45:00,1310072936,253611657.6898962,253.6116576898962,152.75177001953125,148.25025131926557
2019-04-06 22:00:00,1324412875,256387667.7890484,256.3876677890484,160.65811157226562,148.7248993934303
2019-04-06 22:15:00,1302054400,252059382.12467825,252.05938212467825,168.26495361328125,148.8064883777493
2019-04-06 22:30:00,1212553447,234733258.95136857,234.73325895136855,174.33993530273438,148.32654415583858
2019-04-06 22:45:00,1308004485,253211234.726758,253.211234726758,177.29063415527344,149.42842597731396
2019-04-06 23:00:00,1325101285,256520934.2633589,256.52093426335887,179.66281127929688,150.96710434039952
2019-04-06 23:15:00,1206765860,233612863.6720217,233.6128636720217,181.4932861328125,151.75638369513752
2019-04-06 23:30:00,1065420627,206250418.5266816,206.2504185266816,180.75399780273438,151.99307077903882
2019-04-06 23:45:00,813051801,157395370.4203272,157.3953704203272,176.4069366455078,150.3704797320664
2019-04-07 00:00:00,793144601,153541617.05039704,153.54161705039704,166.5369110107422,150.3704797320664
2019-04-07 00:15:00,781155325,151220662.1803991,151.2206621803991,154.64080810546875,150.3704797320664
2019-04-07 00:30:00,771503631,149352230.2423046,149.3522302423046,142.75241088867188,150.3704797320664
2019-04-07 00:45:00,706097354,136690496.77886748,136.69049677886747,131.91015625,150.3704797320664
2019-04-07 01:00:00,720666165,139510813.27175072,139.51081327175072,121.70530700683594,150.3704797320664
2019-04-07 01:15:00,755766884,146305817.7994202,146.3058177994202,113.48087310791016,150.3704797320664
2019-04-07 01:30:00,563231674,109033714.5218266,109.0337145218266,107.89534759521484,150.3704797320664
2019-04-07 01:45:00,549430439,106361989.92517573,106.36198992517572,101.59407043457031,150.3704797320664
2019-04-07 02:00:00,451032215,87313480.47456776,87.31348047456775,95.58684539794922,150.40463929525677
2019-04-07 02:15:00,434232763,84061343.32027283,84.06134332027284,89.00879669189453,150.42596543139223
2019-04-07 02:30:00,425179098,82308681.36861873,82.30868136861872,82.74748992919922,150.45466371082668
2019-04-07 02:45:00,336588493,65158788.73867067,65.15878873867067,77.28939819335938,150.5316524777271
2019-04-07 03:00:00,315491114,61074633.48740762,61.07463348740762,71.69245147705078,150.64721229836803
2019-04-07 03:15:00,477593922,92455452.61843269,92.45545261843267,66.53202056884766,150.5541345659318
2019-04-07 03:30:00,300833501,58237126.17880158,58.23712617880158,64.80592346191406,150.6599277711302
2019-04-07 03:45:00,259719261,50277988.73344927,50.27798873344927,62.75486755371094,150.7301341661955
2019-04-07 04:00:00,220976564,42777948.59099161,42.777948590991606,60.337337493896484,150.83012402018892
2019-04-07 04:15:00,244314070,47295760.859581135,47.29576085958114,57.5501594543457,150.92479413557774
2019-04-07 04:30:00,252148197,48812337.44125565,48.81233744125564,55.39997482299805,150.8840409274207
2019-04-07 04:45:00,257196026,49789525.99713398,49.78952599713398,54.146610260009766,150.7301341661955
2019-04-07 05:00:00,149532034,28947294.443217102,28.947294443217107,53.83046340942383,150.71654583166676
2019-04-07 05:15:00,112561191,21790260.264607918,21.790260264607912,52.66342544555664,150.75063462228147
2019-04-07 05:30:00,95705315,18527200.219090465,18.527200219090467,50.764896392822266,150.98924436115516
2019-04-07 05:45:00,103052222,19949457.87510505,19.949457875105047,48.56157302856445,151.06159752434917
2019-04-07 06:00:00,139710751,27046032.4647225,27.0460324647225,46.76275634765625,151.0287354583794
2019-04-07 06:15:00,100658877,19486140.01226369,19.48614001226369,46.49925994873047,151.16158737834255
2019-04-07 06:30:00,66160373,12807715.821641743,12.807715821641745,46.7692756652832,151.33901422554894
2019-04-07 06:45:00,176776827,34221502.41002307,34.22150241002307,47.88941192626953,151.310422104978
2019-04-07 07:00:00,231959763,44904141.13232658,44.90414113232658,50.66883087158203,151.27935294425856
2019-04-07 07:15:00,134931798,26120894.51320306,26.12089451320306,54.799705505371094,151.4315729590969
2019-04-07 07:30:00,165275310,31994970.808489,31.994970808489,58.6261100769043,151.49689604644095
2019-04-07 07:45:00,229115212,44353476.14668379,44.35347614668379,62.17467498779297,151.58133952464536
2019-04-07 08:00:00,268191681,51918129.84452786,51.91812984452786,65.96200561523438,151.6461082268133
2019-04-07 08:15:00,370313287,71687433.57710603,71.68743357710603,70.0440902709961,151.46668795205886
2019-04-07 08:30:00,457473088,88560342.71682394,88.56034271682394,74.741943359375,151.45725160863608
2019-04-07 08:45:00,410517649,79470431.46447302,79.47043146447302,80.03047943115234,151.49141117182648
2019-04-07 09:00:00,381158894,73786990.24631055,73.78699024631055,84.73333740234375,151.50674522988845
2019-04-07 09:15:00,369285123,71488395.51651284,71.48839551651284,88.27056121826172,151.57346017788737
2019-04-07 09:30:00,482056967,93319435.23321024,93.31943523321024,90.57794189453125,151.57590183174798
2019-04-07 09:45:00,505093230,97778931.1023856,97.7789311023856,93.35032653808594,151.57590183174798
2019-04-07 10:00:00,636423410,123202603.12801124,123.20260312801123,96.55165100097656,151.57590183174798
2019-04-07 10:15:00,873434499,169084609.7861333,169.08460978613329,101.38461303710938,151.57590183174798
2019-04-07 10:30:00,875720007,169527051.9255101,169.5270519255101,109.58557891845703,151.57590183174798
2019-04-07 10:45:00,679321212,131507013.0410124,131.5070130410124,119.01512908935547,151.57590183174798
2019-04-07 11:00:00,757420071,146625851.50443017,146.6258515044302,125.25297546386719,151.57590183174798
2019-04-07 11:15:00,572659990,110858903.62716368,110.85890362716368,129.90289306640625,151.57590183174798
2019-04-07 11:30:00,709999136,137445826.7866653,137.4458267866653,130.28073120117188,151.57590183174798
2019-04-07 11:45:00,791033713,153132978.88211897,153.13297888211898,130.08596801757812,151.57590183174798
2019-04-07 12:00:00,764123739,147923587.15514416,147.92358715514416,130.56777954101562,151.57590183174798
2019-04-07 12:15:00,959017633,185652298.4144529,185.65229841445293,131.00421142578125,151.58133952464536
2019-04-07 12:30:00,681308631,131891749.35092606,131.89174935092606,134.05560302734375,151.58133952464536
2019-04-07 12:45:00,828483570,160382743.4204344,160.3827434204344,134.02578735351562,151.58133952464536
2019-04-07 13:00:00,912295328,176607518.61896914,176.60751861896915,134.45347595214844,151.58133952464536
2019-04-07 13:15:00,1100764921,213092575.7416743,213.0925757416743,136.13319396972656,152.55790670546654
2019-04-07 13:30:00,955329067,184938244.0194245,184.9382440194245,141.03466796875,152.54875345234646
2019-04-07 13:45:00,1017784728,197028779.8079817,197.0287798079817,144.88421630859375,152.90722834354773
2019-04-07 14:00:00,1004659654,194487950.4518652,194.4879504518652,148.63258361816406,153.1096732962537
2019-04-07 14:15:00,1153658846,223332094.1931684,223.3320941931684,151.5306854248047,154.21765335466606
2019-04-07 14:30:00,1041306768,201582315.25835305,201.58231525835305,155.82208251953125,154.66779052679016
2019-04-07 14:45:00,982069092,190114736.01507264,190.11473601507265,158.47695922851562,154.64403453222334
2019-04-07 15:00:00,1133141112,219360150.0450295,219.36015004502948,158.94529724121094,155.6160132910552
2019-04-07 15:15:00,1033130605,199999525.32735577,199.99952532735577,160.3785858154297,155.88125710923964
2019-04-07 15:30:00,1051534538,203562267.3914692,203.5622673914692,160.38621520996094,156.31495145294957
2019-04-07 15:45:00,1094054977,211793625.14580736,211.79362514580737,159.90090942382812,156.97520060681063
2019-04-07 16:00:00,1155250821,223640278.11763263,223.64027811763265,159.71649169921875,157.9387456337084
2019-04-07 16:15:00,1217079204,235609381.72555253,235.6093817255525,160.5583038330078,159.22585108114325
2019-04-07 16:30:00,1058437378,204898559.9344732,204.8985599344732,162.7471923828125,159.53255583324142
2019-04-07 16:45:00,1174212315,227310956.1336977,227.3109561336977,162.82171630859375,160.52150821480495
2019-04-07 17:00:00,1322290330,255976772.9898512,255.9767729898512,163.57240295410156,162.36185468168676
2019-04-07 17:15:00,1194624949,231262554.40299985,231.26255440299985,166.77960205078125,163.41964518851933
2019-04-07 17:30:00,1161777926,224903833.65983036,224.90383365983035,168.78720092773438,164.2703905252273
2019-04-07 17:45:00,1260009077,243920000.13218048,243.9200001321805,169.402587890625,165.68080539033903
2019-04-07 18:00:00,1314197026,254410023.3935308,254.4100233935308,170.66973876953125,167.27040462161963
2019-04-07 18:15:00,1354206781,262155348.1082737,262.15534810827376,172.84817504882812,169.21841976695512
2019-04-07 18:30:00,1519093154,294075026.19481087,294.07502619481085,175.8472442626953,173.01428327219352
2019-04-07 18:45:00,1388777436,268847739.7156792,268.8477397156792,181.5452423095703,175.1361748405226
2019-04-07 19:00:00,1234816259,239043025.60710725,239.04302560710724,185.7357635498047,176.23585091672294
2019-04-07 19:15:00,1123039318,217404585.09014684,217.40458509014684,186.0608673095703,176.43676246362273
2019-04-07 19:30:00,1186664285,229721482.0413979,229.7214820413979,182.39422607421875,177.0351563863476
2019-04-07 19:45:00,1226675836,237467154.43643,237.46715443643,177.9694061279297,177.94556300434596
2019-04-07 20:00:00,1322906062,256095970.0276051,256.09597002760506,174.12033081054688,179.23028577506656
2019-04-07 20:15:00,1571871005,304292074.3557236,304.2920743557236,172.5216064453125,182.64827090794063
2019-04-07 20:30:00,1960113780,379450404.1312464,379.4504041312464,176.38485717773438,188.59966654581027
2019-04-07 20:45:00,1616003739,312835549.7001584,312.8355497001584,189.22886657714844,192.55295185019884
2019-04-07 21:00:00,1806618252,349735833.1067322,349.7358331067322,199.3946990966797,198.5926362762176
2019-04-07 21:15:00,1952317478,377941149.9365081,377.9411499365081,210.48085021972656,205.75868983489386
2019-04-07 21:30:00,1763427596,341374730.7864915,341.3747307864915,222.9385986328125,211.44712996785907
2019-04-07 21:45:00,1948086036,377122002.39857394,377.122002398574,230.95599365234375,219.77522203733076
2019-04-07 22:00:00,1766030207,341878559.5977692,341.8785595977692,238.8902587890625,227.51701049908797
2019-04-07 22:15:00,1733559345,335592658.32300246,335.59265832300247,242.1085662841797,233.615459753772
2019-04-07 22:30:00,2038727947,394668998.9612829,394.6689989612829,241.77957153320312,244.57124319446186
2019-04-07 22:45:00,1757207458,340170599.7294403,340.17059972944026,244.92385864257812,248.06754997774485
2019-04-07 23:00:00,1684503901,326096215.6978005,326.0962156978005,243.82427978515625,250.43843126271264
2019-04-07 23:15:00,1591728341,308136174.75798184,308.13617475798185,239.56585693359375,251.70920004059684
2019-04-07 23:30:00,1300862309,251828610.10709095,251.82861010709095,232.26434326171875,251.70920004059684
2019-04-07 23:45:00,911372228,176428819.46812007,176.42881946812008,218.9928741455078,251.70920004059684
2019-04-08 00:00:00,856809756,165866293.83208287,165.86629383208287,197.70962524414062,251.70920004059684
2019-04-08 00:15:00,833437756,161341804.01121363,161.34180401121364,173.43731689453125,251.70920004059684
2019-04-08 00:30:00,813086140,157402017.9667913,157.4020179667913,150.61569213867188,251.70920004059684
2019-04-08 00:45:00,712519334,137933701.6025807,137.9337016025807,129.928955078125,251.70920004059684
2019-04-08 01:00:00,858758276,166243499.843796,166.243499843796,111.4447021484375,251.70920004059684
2019-04-08 01:15:00,800136045,154895062.07911417,154.89506207911418,99.54450225830078,251.70920004059684
2019-04-08 01:30:00,537036818,103962759.56156924,103.96275956156924,91.8573989868164,251.70920004059684
2019-04-08 01:45:00,530626841,102721878.349499,102.721878349499,83.27848052978516,251.70920004059684
2019-04-08 02:00:00,584446329,113140572.75393134,113.14057275393134,75.34928131103516,251.70920004059684
2019-04-08 02:15:00,526049387,101835747.7646754,101.8357477646754,69.87197875976562,251.70920004059684
2019-04-08 02:30:00,425116055,82296477.13227707,82.29647713227708,65.7275161743164,251.70920004059684
2019-04-08 02:45:00,360874442,69860206.20575303,69.86020620575303,61.521636962890625,251.70920004059684
2019-04-08 03:00:00,421777658,81650210.52075386,81.65021052075386,57.054874420166016,251.70920004059684
2019-04-08 03:15:00,282900042,54765461.25074769,54.76546125074769,54.231056213378906,251.70920004059684
2019-04-08 03:30:00,333103988,64484237.6774321,64.48423767743209,50.80210494995117,251.70920004059684
2019-04-08 03:45:00,249811408,48359968.02297654,48.35996802297654,48.3895378112793,251.70920004059684
2019-04-08 04:00:00,244884600,47406207.42716202,47.40620742716202,45.89811706542969,251.70920004059684
2019-04-08 04:15:00,194566610,37665353.68928767,37.66535368928767,43.7884407043457,251.70920004059684
2019-04-08 04:30:00,183529215,35528669.56613121,35.528669566131214,41.707618713378906,251.70920004059684
2019-04-08 04:45:00,192779739,37319440.6458722,37.3194406458722,39.98823165893555,251.70920004059684
2019-04-08 05:00:00,158238997,30632839.773705937,30.632839773705932,38.93577575683594,251.70920004059684
2019-04-08 05:15:00,158944882,30769489.16174309,30.769489161743085,38.17271041870117,251.70920004059684
2019-04-08 05:30:00,123017401,23814435.16234328,23.81443516234328,37.96877670288086,251.70920004059684
2019-04-08 05:45:00,168578811,32634482.04619785,32.63448204619785,37.870079040527344,251.70920004059684
2019-04-08 06:00:00,147310871,28517308.58903298,28.517308589032982,38.65090560913086,251.70920004059684
2019-04-08 06:15:00,223758917,43316572.92038425,43.31657292038425,39.79067611694336,251.70920004059684
2019-04-08 06:30:00,308572968,59735377.91850948,59.735377918509485,42.26564025878906,251.70920004059684
2019-04-08 06:45:00,291221205,56376321.13827522,56.37632113827522,46.62666702270508,251.70920004059684
2019-04-08 07:00:00,284401371,55056097.387076445,55.05609738707644,52.030540466308594,251.70920004059684
2019-04-08 07:15:00,469599709,90907885.64323328,90.90788564323329,57.44076156616211,251.70920004059684
2019-04-08 07:30:00,476646488,92272042.7481201,92.2720427481201,64.94525909423828,251.70920004059684
2019-04-08 07:45:00,577168174,111731624.51620208,111.73162451620207,72.68275451660156,251.70920004059684
2019-04-08 08:00:00,574660256,111246126.93522592,111.24612693522592,81.11271667480469,251.70920004059684
2019-04-08 08:15:00,624134676,120823677.4094433,120.8236774094433,89.03580474853516,251.70920004059684
2019-04-08 08:30:00,655499084,126895384.7829496,126.8953847829496,96.64575958251953,251.70920004059684
2019-04-08 08:45:00,537214396,103997136.15978122,103.99713615978122,103.63552856445312,251.70920004059684
2019-04-08 09:00:00,645053384,124873244.47309792,124.87324447309793,107.79762268066406,251.70920004059684
2019-04-08 09:15:00,464430860,89907269.32087703,89.90726932087703,111.35440826416016,251.70920004059684
2019-04-08 09:30:00,460956556,89234693.02947685,89.23469302947686,111.54635620117188,251.70920004059684
2019-04-08 09:45:00,564547583,109288455.95925984,109.28845595925984,109.81463623046875,251.70920004059684
2019-04-08 10:00:00,538741028,104292670.60031746,104.29267060031746,108.5251693725586,251.70920004059684
2019-04-08 10:15:00,379760298,73516241.77097645,73.51624177097645,107.21077728271484,251.70920004059684
2019-04-08 10:30:00,350656412,67882139.59937206,67.88213959937205,103.82217407226562,251.70920004059684
2019-04-08 10:45:00,210404589,40731363.22072018,40.731363220720176,99.25668334960938,251.70920004059684
2019-04-08 11:00:00,181839089,35201484.99129866,35.20148499129866,92.60575103759766,251.70920004059684
2019-04-08 11:15:00,212321481,41102446.49736341,41.10244649736341,85.1513671875,251.70920004059684
2019-04-08 11:30:00,268317125,51942414.0350588,51.9424140350588,78.4717788696289,251.70920004059684
2019-04-08 11:45:00,259459912,50227782.42202737,50.227782422027374,73.75479125976562,251.70920004059684
2019-04-08 12:00:00,364053360,70475599.93039696,70.47559993039695,70.8993148803711,251.70920004059684
2019-04-08 12:15:00,510223191,98772019.25598632,98.77201925598632,70.53653717041016,251.70920004059684
2019-04-08 12:30:00,690209756,133614881.7083103,133.6148817083103,73.41228485107422,251.70920004059684
2019-04-08 12:45:00,687446155,133079887.5018477,133.0798875018477,80.66510772705078,251.70920004059684
2019-04-08 13:00:00,832219472,161105961.39796156,161.10596139796155,89.79088592529297,251.70920004059684
2019-04-08 13:15:00,697328456,134992961.70522207,134.99296170522206,101.01567077636719,251.70920004059684
2019-04-08 13:30:00,572104026,110751276.8319057,110.7512768319057,110.21953582763672,251.70920004059684
2019-04-08 13:45:00,543368472,105188478.54463726,105.18847854463726,115.39480590820312,251.70920004059684
2019-04-08 14:00:00,341949264,66196558.45549041,66.1965584554904,117.17381286621094,251.70920004059684
2019-04-08 14:15:00,377836511,73143823.71950373,73.14382371950373,113.9725112915039,251.70920004059684
2019-04-08 14:30:00,351555661,68056221.53275074,68.05622153275074,108.81594848632812,251.70920004059684
2019-04-08 14:45:00,506858862,98120732.57472004,98.12073257472004,102.6512222290039,251.70920004059684
2019-04-08 15:00:00,485727191,94029938.87553054,94.02993887553056,98.69232177734375,251.70920004059684
2019-04-08 15:15:00,419377407,81185555.75363804,81.18555575363804,96.10362243652344,251.70920004059684
2019-04-08 15:30:00,278456935,53905338.35178599,53.90533835178599,93.7223129272461,251.70920004059684
2019-04-08 15:45:00,388407372,75190193.43507464,75.19019343507465,89.85099029541016,251.70920004059684
2019-04-08 16:00:00,506244684,98001836.3694658,98.0018363694658,87.04907989501953,251.70920004059684
2019-04-08 16:15:00,534772178,103524357.17290188,103.52435717290189,86.74173736572266,251.70920004059684
2019-04-08 16:30:00,525157828,101663154.50692232,101.66315450692234,88.32178497314453,251.70920004059684
2019-04-08 16:45:00,547418971,105972598.06778207,105.97259806778207,90.72754669189453,251.70920004059684
2019-04-08 17:00:00,666630075,129050187.77266753,129.0501877726675,93.68162536621094,251.70920004059684
2019-04-08 17:15:00,747850153,144773250.24747515,144.77325024747515,98.25767517089844,251.70920004059684
2019-04-08 17:30:00,941736244,182306865.0488453,182.3068650488453,104.38987731933594,251.70920004059684
2019-04-08 17:45:00,935053920,181013261.29573265,181.0132612957326,113.5024642944336,251.70920004059684
2019-04-08 18:00:00,935691028,181136596.4258368,181.1365964258368,123.164306640625,251.70920004059684
2019-04-08 18:15:00,1021179139,197685889.9405055,197.68588994050552,132.03158569335938,251.70920004059684
2019-04-08 18:30:00,883254953,170985711.2819109,170.9857112819109,140.6136474609375,251.70920004059684
2019-04-08 18:45:00,1036069204,200568396.68039003,200.56839668039004,145.83004760742188,251.3994048860277
2019-04-08 19:00:00,889465147,172187917.3207019,172.1879173207019,150.76576232910156,251.3994048860277
2019-04-08 19:15:00,937479844,181482885.9938416,181.4828859938416,152.5359344482422,251.3994048860277
2019-04-08 19:30:00,1017945366,197059877.0609273,197.0598770609273,152.98788452148438,251.3994048860277
2019-04-08 19:45:00,1029196311,199237901.45454612,199.23790145454612,153.70166015625,251.3994048860277
2019-04-08 20:00:00,1092710826,211533416.4551856,211.5334164551856,154.53492736816406,251.3994048860277
2019-04-08 20:15:00,1197881732,231893021.6943005,231.8930216943005,156.20082092285156,251.3994048860277
2019-04-08 20:30:00,1307279793,253070944.56856588,253.07094456856584,159.65101623535156,250.23281333953076
2019-04-08 20:45:00,1346472401,260658081.14007527,260.65808114007524,165.2561492919922,242.3750758079664
2019-04-08 21:00:00,1470035192,284578096.1202948,284.5780961202948,171.9268341064453,240.4746198334816
2019-04-08 21:15:00,1632103515,315952239.4413133,315.95223944131334,180.28030395507812,237.34359390409358
2019-04-08 21:30:00,1529921151,296171173.81619126,296.17117381619124,191.05740356445312,229.6588481383269
2019-04-08 21:45:00,1591063404,308007452.3256689,308.00745232566885,199.9832763671875,226.01500412562913
2019-04-08 22:00:00,1678712384,324975059.6258387,324.9750596258387,207.753173828125,220.54791701850326
2019-04-08 22:15:00,1752613228,339281221.5474391,339.2812215474391,215.16038513183594,220.27945304812582
2019-04-08 22:30:00,1729444308,334796045.15258485,334.79604515258484,222.43798828125,220.20238171322043
2019-04-08 22:45:00,1497001464,289798386.3466678,289.7983863466678,228.1072998046875,212.9699906602822
2019-04-08 23:00:00,1425790212,276012891.5321311,276.01289153213105,227.94032287597656,208.3442951144465
2019-04-08 23:15:00,1295575823,250805220.91938055,250.8052209193806,223.44737243652344,203.7957180852333
2019-04-08 23:30:00,974019664,188556480.19401243,188.55648019401244,214.7685089111328,199.2213562476174
2019-04-08 23:45:00,800123179,154892571.40283337,154.89257140283337,199.43023681640625,198.14006924566218
2019-04-09 00:00:00,849287311,164410054.49310678,164.41005449310677,179.71490478515625,198.14006924566218
2019-04-09 00:15:00,814161350,157610163.46997017,157.61016346997016,160.83944702148438,198.14006924566218
2019-04-09 00:30:00,771216093,149296566.9377473,149.2965669377473,143.4453887939453,198.14006924566218
2019-04-09 00:45:00,752239064,145622881.56461537,145.62288156461537,128.70465087890625,198.14006924566218
2019-04-09 01:00:00,805248421,155884746.02453846,155.88474602453846,116.12214660644531,198.14006924566218
2019-04-09 01:15:00,708006181,137060018.7851699,137.0600187851699,107.73585510253906,198.14006924566218
2019-04-09 01:30:00,688590963,133301506.19698931,133.30150619698932,101.20085906982422,198.14006924566218
2019-04-09 01:45:00,630826688,122119156.62282404,122.11915662282404,96.34294128417969,198.14006924566218
2019-04-09 02:00:00,467474157,90496408.7312134,90.4964087312134,92.26105499267578,198.14006924566218
2019-04-09 02:15:00,354927329,68708928.94098926,68.70892894098925,86.61375427246094,198.14006924566218
2019-04-09 02:30:00,301268381,58321312.81808361,58.321312818083605,79.16212463378906,198.14006924566218
2019-04-09 02:45:00,294936709,57095590.35046925,57.09559035046925,70.71569061279297,198.14006924566218
2019-04-09 03:00:00,289004231,55947146.21545597,55.947146215455966,62.776554107666016,198.14006924566218
2019-04-09 03:15:00,280445538,54290303.86741366,54.29030386741366,56.259910583496094,198.14006924566218
2019-04-09 03:30:00,210276037,40706477.36518996,40.706477365189954,51.37434768676758,198.1603573840211
2019-04-09 03:45:00,153467075,29709062.92469935,29.709062924699357,47.245460510253906,198.21617335536672
2019-04-09 04:00:00,152468360,29515725.775484502,29.5157257754845,43.35417556762695,198.27165905469252
2019-04-09 04:15:00,191415097,37055265.186427966,37.05526518642797,40.334232330322266,198.32584725679772
2019-04-09 04:30:00,171126507,33127680.087386847,33.12768008738685,38.7316780090332,198.33183933487115
2019-04-09 04:45:00,142845436,27652863.303937435,27.652863303937437,38.031009674072266,198.37140120467106
2019-04-09 05:00:00,134581023,26052989.41663813,26.05298941663813,37.924720764160156,198.4152094290112
2019-04-09 05:15:00,92642293,17934242.32673643,17.93424232673643,38.27332305908203,198.48152333241464
2019-04-09 05:30:00,94442421,18282721.7385224,18.2827217385224,38.46648025512695,198.56748842099597
2019-04-09 05:45:00,71338807,13810187.66491759,13.81018766491759,38.803592681884766,198.6440879387302
2019-04-09 06:00:00,115266518,22313973.445919853,22.313973445919853,39.44502258300781,198.70816071057072
2019-04-09 06:15:00,144873591,28045485.529362943,28.045485529362946,41.165199279785156,198.70816071057072
2019-04-09 06:30:00,181528890,35141434.83650044,35.141434836500444,44.12992858886719,198.73293111205547
2019-04-09 06:45:00,222526566,43078007.13417691,43.07800713417691,48.04159927368164,198.75909337419506
2019-04-09 07:00:00,361111434,69906084.51704977,69.90608451704978,53.02634048461914,198.75909337419506
2019-04-09 07:15:00,455721511,88221262.09441385,88.22126209441385,59.65324401855469,198.75909337419506
2019-04-09 07:30:00,547087971,105908521.13253018,105.90852113253018,67.3020248413086,198.75909337419506
2019-04-09 07:45:00,572043063,110739475.25425082,110.73947525425082,75.501220703125,198.75909337419506
2019-04-09 08:00:00,532681839,103119697.00142892,103.11969700142892,84.02708435058594,198.75909337419506
2019-04-09 08:15:00,578007750,111894154.59774607,111.89415459774608,92.19991302490234,198.75909337419506
2019-04-09 08:30:00,575968371,111499359.5640992,111.4993595640992,99.23905944824219,198.75909337419506
2019-04-09 08:45:00,496224329,96062036.85727192,96.0620368572719,104.7752914428711,198.75909337419506
2019-04-09 09:00:00,562512670,108894525.48027413,108.89452548027413,107.79876708984375,198.75909337419506
2019-04-09 09:15:00,389292205,75361484.63401651,75.36148463401652,109.82003784179688,198.75909337419506
2019-04-09 09:30:00,465909910,90193592.5567814,90.1935925567814,108.56562805175781,198.75909337419506
2019-04-09 09:45:00,369709012,71570454.45308988,71.57045445308988,106.6273422241211,198.75909337419506
2019-04-09 10:00:00,314706770,60922795.54268488,60.92279554268488,103.112548828125,198.75909337419506
2019-04-09 10:15:00,313013623,60595026.14482696,60.59502614482696,98.3443832397461,198.75909337419506
2019-04-09 10:30:00,365860817,70825498.1332961,70.82549813329611,93.35061645507812,198.75909337419506
2019-04-09 10:45:00,355198286,68761382.39762084,68.76138239762084,89.47731018066406,198.75909337419506
2019-04-09 11:00:00,444358553,86021553.5625824,86.0215535625824,86.55107116699219,198.7212064553527
2019-04-09 11:15:00,554827464,107406777.90547168,107.40677790547169,85.68772888183594,198.68324876393464
2019-04-09 11:30:00,535414444,103648690.8191149,103.64869081911488,87.59066772460938,198.65456227992945
2019-04-09 11:45:00,559991571,108406476.24345642,108.40647624345642,90.65283966064453,198.65456227992945
2019-04-09 12:00:00,761383786,147393170.86821276,147.39317086821276,94.4343032836914,198.65456227992945
2019-04-09 12:15:00,1087345063,210494680.3575176,210.4946803575176,100.95886993408203,198.65456227992945
2019-04-09 12:30:00,1011956749,195900565.20667505,195.90056520667503,112.93482971191406,198.65456227992945
2019-04-09 12:45:00,1160505307,224657472.5563157,224.65747255631567,125.60130310058594,198.65456227992945
2019-04-09 13:00:00,1150955550,222808774.1848338,222.8087741848338,139.39117431640625,198.65456227992945
2019-04-09 13:15:00,1027540438,198917347.77778968,198.91734777778967,152.0823974609375,198.65456227992945
2019-04-09 13:30:00,943656498,182678599.16130823,182.67859916130823,160.5659637451172,198.65456227992945
2019-04-09 13:45:00,888402449,171982193.96439272,171.98219396439274,164.27850341796875,198.65456227992945
2019-04-09 14:00:00,805713296,155974739.2731041,155.9747392731041,163.8502655029297,198.65456227992945
2019-04-09 14:15:00,705601425,136594491.91354257,136.59449191354256,159.74191284179688,198.65456227992945
2019-04-09 14:30:00,736645762,142604238.0521757,142.6042380521757,152.4362030029297,198.65456227992945
2019-04-09 14:45:00,692716314,134100116.0124528,134.1001160124528,144.6362762451172,198.65456227992945
2019-04-09 15:00:00,719161043,139219442.86407632,139.2194428640763,136.64186096191406,198.65456227992945
2019-04-09 15:15:00,776900632,150397013.57653877,150.39701357653877,129.7897491455078,198.65456227992945
2019-04-09 15:30:00,682274858,132078797.28119086,132.07879728119084,125.15151977539062,198.65456227992945
2019-04-09 15:45:00,664330817,128605083.827068,128.60508382706797,120.86779022216797,198.65456227992945
2019-04-09 16:00:00,771155780,149284891.19093207,149.28489119093206,117.06573486328125,198.65456227992945
2019-04-09 16:15:00,898630217,173962145.7103371,173.9621457103371,115.51480865478516,198.65456227992945
2019-04-09 16:30:00,817471777,158251015.48367164,158.25101548367164,117.2244873046875,198.65456227992945
2019-04-09 16:45:00,785867667,152132905.18106034,152.13290518106035,119.41642761230469,198.65456227992945
2019-04-09 17:00:00,764414150,147979806.63201255,147.97980663201255,121.2120132446289,198.65456227992945
2019-04-09 17:15:00,889069846,172111392.6180372,172.1113926180372,122.27164459228516,198.65456227992945
2019-04-09 17:30:00,965225581,186854069.65929657,186.85406965929656,124.5967788696289,198.65456227992945
2019-04-09 17:45:00,1080870864,209241366.6713212,209.2413666713212,128.44834899902344,198.65456227992945
2019-04-09 18:00:00,1145929086,221835721.5918608,221.8357215918608,134.44346618652344,198.65456227992945
2019-04-09 18:15:00,1358362197,262959778.08403435,262.9597780840343,141.91712951660156,200.36464002586013
2019-04-09 18:30:00,979379445,189594058.2607841,189.59405826078407,152.62725830078125,200.36464002586013
2019-04-09 18:45:00,982600973,190217700.6809298,190.21770068092985,157.8571014404297,200.36464002586013
2019-04-09 19:00:00,1044874227,202272925.0449296,202.2729250449296,159.56906127929688,200.36464002586013
2019-04-09 19:15:00,1037894429,200921734.51768664,200.92173451768664,159.9150390625,200.36464002586013
2019-04-09 19:30:00,1075003539,208105535.2389136,208.1055352389136,159.19207763671875,200.36464002586013
2019-04-09 19:45:00,988798022,191417362.03297192,191.4173620329719,158.44662475585938,200.36464002586013
2019-04-09 20:00:00,883187978,170972745.86578253,170.97274586578254,156.3234100341797,200.36464002586013
2019-04-09 20:15:00,1162816627,225104911.5351267,225.1049115351267,152.0629119873047,200.36464002586013
2019-04-09 20:30:00,1460555994,282743056.9768324,282.7430569768324,151.41094970703125,202.9889814951632
2019-04-09 20:45:00,1361373247,263542674.9296243,263.5426749296243,157.34654235839844,203.58224440615197
2019-04-09 21:00:00,1553976769,300828002.4477041,300.8280024477041,164.5933837890625,205.70959725823695
2019-04-09 21:15:00,1580538782,305970033.8288566,305.9700338288566,174.9637908935547,207.00067776533862
2019-04-09 21:30:00,1557868481,301581383.04541737,301.5813830454174,186.12010192871094,205.77411825639007
2019-04-09 21:45:00,1902086686,368217176.5025616,368.2171765025616,195.88206481933594,211.25941750632185
2019-04-09 22:00:00,1544537380,299000669.7656176,299.0006697656176,209.480712890625,210.47096383163336
2019-04-09 22:15:00,1636425090,316788835.45781267,316.7888354578127,216.86280822753906,209.72252025305735
2019-04-09 22:30:00,1573282221,304565265.8852053,304.5652658852053,221.75537109375,206.69935172899142
2019-04-09 22:45:00,1630105152,315565384.5272323,315.5653845272323,223.22686767578125,205.171607728847
2019-04-09 23:00:00,1622641279,314120483.9020072,314.1204839020072,223.4630584716797,206.99909717781532
2019-04-09 23:15:00,1423293703,275529602.5727691,275.5296025727691,222.63209533691406,206.9906752413105
2019-04-09 23:30:00,1335463606,258526933.573862,258.52693357386204,217.66917419433594,207.46574795092923
2019-04-09 23:45:00,861280592,166731784.67466268,166.7317846746627,209.6858367919922,207.46574795092923
2019-04-10 00:00:00,771592850,149369501.78335065,149.36950178335064,192.96432495117188,207.46574795092923
2019-04-10 00:15:00,728407920,141009507.9360141,141.00950793601407,172.61163330078125,207.46574795092923
2019-04-10 00:30:00,696986645,134926791.91272843,134.92679191272842,151.2563934326172,207.46574795092923
2019-04-10 00:45:00,652490941,126313050.6915916,126.3130506915916,131.62635803222656,207.46574795092923
2019-04-10 01:00:00,773348540,149709378.62459666,149.70937862459667,113.82381439208984,207.46574795092923
2019-04-10 01:15:00,638577902,123619682.41618273,123.61968241618273,101.56338500976562,207.46574795092923
2019-04-10 01:30:00,689374438,133453175.91555876,133.45317591555877,91.94783020019531,207.46574795092923
2019-04-10 01:45:00,635489416,123021795.05229016,123.02179505229016,86.11360168457031,207.46574795092923
2019-04-10 02:00:00,517011211,100086084.26513644,100.08608426513644,82.38500213623047,207.46574795092923
2019-04-10 02:15:00,411864455,79731154.12567812,79.73115412567812,78.5427017211914,207.46574795092923
2019-04-10 02:30:00,363104203,70291856.51156645,70.29185651156645,73.54106140136719,207.46574795092923
2019-04-10 02:45:00,315138955,61006460.46794726,61.00646046794726,67.92886352539062,207.46574795092923
2019-04-10 03:00:00,319560466,61862402.6856591,61.86240268565911,62.03925704956055,207.46574795092923
2019-04-10 03:15:00,200382592,38791245.840466805,38.79124584046681,57.02902603149414,207.46574795092923
2019-04-10 03:30:00,217956208,42193250.23495013,42.193250234950135,51.58013153076172,207.46574795092923
2019-04-10 03:45:00,191469298,37065757.736178994,37.065757736179,47.06226348876953,207.47756697106624
2019-04-10 04:00:00,156389236,30274752.1125926,30.2747521125926,43.30482864379883,207.47756697106624
2019-04-10 04:15:00,185592203,35928034.96945892,35.92803496945892,40.2960319519043,207.44095395858594
2019-04-10 04:30:00,156157093,30229812.49935941,30.22981249935941,38.50385284423828,207.4785106054085
2019-04-10 04:45:00,109114317,21122994.034639627,21.12299403463963,37.42509841918945,207.50778686087762
2019-04-10 05:00:00,112662041,21809783.403339498,21.809783403339495,36.52317428588867,207.51736474945173
2019-04-10 05:15:00,78947456,15283114.883429771,15.283114883429771,36.06966781616211,207.5667875981284
2019-04-10 05:30:00,83768863,16216471.331049472,16.216471331049473,35.77458572387695,207.5801400240716
2019-04-10 05:45:00,117474140,22741337.95333586,22.741337953335854,35.91017532348633,207.56485314772675
2019-04-10 06:00:00,182024233,35237326.260483794,35.23732626048379,37.165809631347656,207.4785106054085
2019-04-10 06:15:00,265892513,51473043.321659975,51.47304332165997,39.96025848388672,207.42316645123404
2019-04-10 06:30:00,360619465,69810846.251917,69.810846251917,44.563133239746094,207.3778248210877
2019-04-10 06:45:00,272279750,52709522.39020264,52.70952239020264,51.38835144042969,207.37051165493506
2019-04-10 07:00:00,330243770,63930539.78138268,63.93053978138268,58.010498046875,207.37051165493506
2019-04-10 07:15:00,387974598,75106414.48771298,75.10641448771298,64.23046112060547,207.37051165493506
2019-04-10 07:30:00,504640250,97691240.55818497,97.69124055818496,70.31803894042969,207.37051165493506
2019-04-10 07:45:00,572365920,110801975.81946118,110.80197581946118,77.36991119384766,207.37051165493506
2019-04-10 08:00:00,547854302,106056872.01430824,106.05687201430824,85.13243865966797,207.37051165493506
2019-04-10 08:15:00,574191852,111155450.5219941,111.1554505219941,92.19245910644531,207.37051165493506
2019-04-10 08:30:00,542884836,105094853.4308684,105.0948534308684,98.45318603515625,207.37051165493506
2019-04-10 08:45:00,484167526,93728009.71172488,93.72800971172488,103.16849517822266,207.37051165493506
2019-04-10 09:00:00,511889577,99094608.10138418,99.09460810138418,105.55643463134766,207.37051165493506
2019-04-10 09:15:00,527028501,102025290.43652506,102.02529043652508,106.68916320800781,207.37051165493506
2019-04-10 09:30:00,536827397,103922218.6073173,103.9222186073173,107.11663818359375,207.37051165493506
2019-04-10 09:45:00,455194575,88119254.71086732,88.11925471086731,107.18537139892578,207.37051165493506
2019-04-10 10:00:00,452512912,87600122.54646112,87.60012254646112,105.8677978515625,207.37051165493506
2019-04-10 10:15:00,485242924,93936191.60905428,93.93619160905428,103.84918975830078,207.37051165493506
2019-04-10 10:30:00,570474629,110435848.53562576,110.43584853562577,102.06645965576172,207.37051165493506
2019-04-10 10:45:00,496868356,96186711.40826732,96.18671140826731,101.75896453857422,207.37051165493506
2019-04-10 11:00:00,535783770,103720187.12784252,103.72018712784254,101.3082275390625,207.37051165493506
2019-04-10 11:15:00,593835054,114958097.59962022,114.95809759962022,101.34676361083984,207.37051165493506
2019-04-10 11:30:00,553717994,107192000.14911535,107.19200014911536,102.43583679199219,207.37051165493506
2019-04-10 11:45:00,582353016,112735336.85797064,112.73533685797064,103.42877960205078,207.37051165493506
2019-04-10 12:00:00,931793535,180382096.7079945,180.3820967079945,104.63468170166016,207.37051165493506
2019-04-10 12:15:00,952497875,184390165.14791477,184.39016514791476,110.7033920288086,207.37051165493506
2019-04-10 12:30:00,1338058064,259029184.0792391,259.0291840792391,119.1606674194336,208.21459257410072
2019-04-10 12:45:00,1473738821,285295066.499842,285.295066499842,133.73013305664062,210.17242151659588
2019-04-10 13:00:00,1123884180,217568138.46679577,217.56813846679577,152.20033264160156,210.17242151659588
2019-04-10 13:15:00,1148868285,222404709.09643927,222.4047090964393,165.19378662109375,210.17242151659588
2019-04-10 13:30:00,1052283765,203707307.1798921,203.70730717989213,173.94700622558594,210.17242151659588
2019-04-10 13:45:00,1087314424,210488749.07890975,210.4887490789098,177.47332763671875,210.17242151659588
2019-04-10 14:00:00,782427051,151466850.41169873,151.46685041169872,178.0397186279297,210.17242151659588
2019-04-10 14:15:00,727734745,140879190.74299836,140.87919074299836,171.91036987304688,210.17242151659588
2019-04-10 14:30:00,942559077,182466153.92154664,182.46615392154663,162.1014404296875,210.17242151659588
2019-04-10 14:45:00,891706987,172621905.95068726,172.62190595068725,154.4418182373047,210.17242151659588
2019-04-10 15:00:00,803778019,155600096.91955873,155.60009691955872,147.8272247314453,210.17242151659588
2019-04-10 15:15:00,842673052,163129627.16476122,163.12962716476122,141.22531127929688,210.17242151659588
2019-04-10 15:30:00,859272770,166343098.63148636,166.34309863148636,136.00106811523438,210.17242151659588
2019-04-10 15:45:00,982334291,190166074.80405116,190.16607480405116,132.35391235351562,210.17242151659588
2019-04-10 16:00:00,766350791,148354713.0367352,148.3547130367352,131.8226776123047,210.17242151659588
2019-04-10 16:15:00,896371494,173524888.7694821,173.52488876948212,129.81533813476562,210.17242151659588
2019-04-10 16:30:00,834904998,161625841.38472688,161.62584138472687,129.30288696289062,210.17242151659588
2019-04-10 16:45:00,807073695,156238093.3475445,156.2380933475445,128.63063049316406,210.17242151659588
2019-04-10 17:00:00,812599272,157307767.18337065,157.30776718337066,127.58653259277344,210.17242151659588
2019-04-10 17:15:00,963190730,186460151.18263707,186.46015118263708,126.52591705322266,210.17242151659588
2019-04-10 17:30:00,1062619555,205708170.46269387,205.70817046269383,127.81534576416016,210.17242151659588
2019-04-10 17:45:00,1147451044,222130351.2118672,222.1303512118672,131.7549285888672,210.17242151659588
2019-04-10 18:00:00,1060649932,205326879.20758304,205.32687920758303,138.01841735839844,210.17242151659588
2019-04-10 18:15:00,1024521962,198333013.3632536,198.3330133632536,143.5283203125,210.17242151659588
2019-04-10 18:30:00,985820143,190840886.62550652,190.84088662550656,147.4459991455078,209.1954297003207
2019-04-10 18:45:00,1045193370,202334706.632081,202.334706632081,149.35125732421875,209.1954297003207
2019-04-10 19:00:00,962403779,186307808.5594545,186.3078085594545,150.77378845214844,209.1954297003207
2019-04-10 19:15:00,1007821741,195100085.9321066,195.10008593210665,150.37771606445312,209.1954297003207
2019-04-10 19:30:00,1126225815,218021446.0023807,218.02144600238069,149.68722534179688,209.1954297003207
2019-04-10 19:45:00,1215074332,235221266.76080212,235.2212667608021,150.69757080078125,209.1954297003207
2019-04-10 20:00:00,1265822020,245045303.9757879,245.0453039757879,153.82179260253906,209.2386481531969
2019-04-10 20:15:00,1261034242,244118457.62863827,244.11845762863825,158.50588989257812,209.2607056059476
2019-04-10 20:30:00,1202916432,232867668.66080445,232.86766866080444,163.41976928710938,209.2607056059476
2019-04-10 20:45:00,1160932348,224740141.6756719,224.7401416756719,166.90081787109375,207.37051165493506
2019-04-10 21:00:00,1672694935,323810166.30271274,323.8101663027128,168.4788055419922,210.98828776892748
2019-04-10 21:15:00,1604416619,310592446.56421834,310.59244656421833,177.03652954101562,211.74475223941283
2019-04-10 21:30:00,1801051829,348658252.0609444,348.6582520609444,186.9650115966797,215.2167132566651
2019-04-10 21:45:00,1771338147,342906101.97753066,342.9061019775307,199.8741912841797,218.71172254272744
2019-04-10 22:00:00,1608133229,311311929.8824256,311.3119298824256,212.10255432128906,214.24991269128648
2019-04-10 22:15:00,1655514523,320484280.6612469,320.4842806612469,219.54995727539062,215.79317947636133
2019-04-10 22:30:00,1553743723,300782888.0263968,300.7828880263968,224.1997833251953,214.63515141152055
2019-04-10 22:45:00,1633584346,316238907.45371825,316.23890745371824,224.73475646972656,215.5389407936937
2019-04-10 23:00:00,1749633962,338704477.6363206,338.7044776363206,224.20579528808594,217.44055272024778
2019-04-10 23:15:00,1310018846,253601186.6281809,253.60118662818087,224.92031860351562,214.20143347695205
2019-04-10 23:30:00,1296215221,250928999.361212,250.928999361212,218.2458038330078,212.81558849102734
2019-04-10 23:45:00,859962433,166476607.66893843,166.47660766893844,208.61436462402344,212.33523142909186
2019-04-11 00:00:00,857347073,165970310.83093104,165.97031083093103,190.99790954589844,212.33523142909186
2019-04-11 00:15:00,802967638,155443218.5785727,155.4432185785727,171.6350860595703,212.33523142909186
2019-04-11 00:30:00,733281327,141952930.8508033,141.95293085080328,151.64491271972656,212.33523142909186
2019-04-11 00:45:00,656559421,127100651.0829321,127.1006510829321,133.29425048828125,212.33523142909186
2019-04-11 01:00:00,661478058,128052829.88829967,128.05282988829967,116.0391616821289,212.33523142909186
2019-04-11 01:15:00,551026698,106671003.171666,106.67100317166602,101.7657470703125,212.33523142909186
2019-04-11 01:30:00,463016188,89633408.75850031,89.63340875850031,89.43672180175781,212.33523142909186
2019-04-11 01:45:00,455920785,88259838.73246638,88.25983873246639,78.63914489746094,212.33523142909186
2019-04-11 02:00:00,447599583,86648971.29508847,86.64897129508847,69.7142105102539,212.33523142909186
2019-04-11 02:15:00,396253124,76709020.45291926,76.70902045291926,63.01845932006836,212.33523142909186
2019-04-11 02:30:00,386757478,74870797.20845677,74.87079720845676,57.869449615478516,212.33523142909186
2019-04-11 02:45:00,409907058,79352229.65186758,79.35222965186759,54.387168884277344,212.33523142909186
2019-04-11 03:00:00,347869420,67342617.22495635,67.34261722495634,52.75640106201172,212.33523142909186
2019-04-11 03:15:00,294221941,56957221.33881929,56.95722133881929,51.616920471191406,212.33523142909186
2019-04-11 03:30:00,264126640,51131195.1951219,51.1311951951219,50.39109420776367,212.33523142909186
2019-04-11 03:45:00,239559105,46375266.64680134,46.375266646801336,49.099098205566406,212.33523142909186
2019-04-11 04:00:00,194190287,37592502.85996802,37.59250285996802,47.76002502441406,212.33523142909186
2019-04-11 04:15:00,180135469,34871688.16823562,34.87168816823562,46.112022399902344,212.33150407343987
2019-04-11 04:30:00,99351887,19233125.1675359,19.233125167535903,44.49037551879883,212.36823504021297
2019-04-11 04:45:00,137068229,26534477.44630632,26.53447744630632,42.15644454956055,212.3927931239707
2019-04-11 05:00:00,174811253,33840994.98425013,33.84099498425013,40.44972229003906,212.3490084904891
2019-04-11 05:15:00,105458989,20415374.047991574,20.415374047991573,39.96438980102539,212.35160348493037
2019-04-11 05:30:00,134303740,25999311.33555821,25.999311335558208,39.54551315307617,212.33150407343987
2019-04-11 05:45:00,182903608,35407560.86754467,35.407560867544674,39.7994499206543,212.2684457085173
2019-04-11 06:00:00,135429208,26217186.079256397,26.217186079256397,41.31861877441406,212.26349162822035
2019-04-11 06:15:00,196497393,38039126.06776651,38.03912606776651,43.120330810546875,212.26349162822035
2019-04-11 06:30:00,278200261,53855649.8826656,53.8556498826656,45.87301254272461,212.26349162822035
2019-04-11 06:45:00,259073168,50152914.23396977,50.15291423396977,50.65176010131836,212.26349162822035
2019-04-11 07:00:00,341454053,66100692.5848468,66.1006925848468,55.839927673339844,212.26349162822035
2019-04-11 07:15:00,343017475,66403349.05090546,66.40334905090546,61.646121978759766,212.26349162822035
2019-04-11 07:30:00,456880606,88445646.55141027,88.44564655141028,67.19463348388672,212.26349162822035
2019-04-11 07:45:00,446120394,86362621.15074302,86.36262115074302,73.48683166503906,212.26349162822035
2019-04-11 08:00:00,411548594,79670007.88747388,79.67000788747389,79.54077911376953,212.26349162822035
2019-04-11 08:15:00,644702637,124805344.7969384,124.8053447969384,84.49706268310547,212.26349162822035
2019-04-11 08:30:00,612509046,118573119.28022066,118.57311928022064,91.33740234375,212.26349162822035
2019-04-11 08:45:00,695977719,134731478.05781615,134.73147805781616,98.07917022705078,212.26349162822035
2019-04-11 09:00:00,546994965,105890516.48165391,105.89051648165392,105.25870513916016,212.26349162822035
2019-04-11 09:15:00,536046297,103771008.6552772,103.7710086552772,109.71926879882812,212.26349162822035
2019-04-11 09:30:00,492755122,95390447.27324024,95.39044727324024,111.9237060546875,212.26349162822035
2019-04-11 09:45:00,486587330,94196449.66408232,94.19644966408234,111.89785766601562,212.26349162822035
2019-04-11 10:00:00,487952213,94460671.77773018,94.46067177773018,110.46177673339844,212.26349162822035
2019-04-11 10:15:00,546232020,105742821.08175734,105.74282108175734,108.32373809814453,212.26349162822035
2019-04-11 10:30:00,568648477,110082331.24419329,110.08233124419328,106.80123138427734,212.26349162822035
2019-04-11 10:45:00,579619071,112206083.63516918,112.20608363516918,106.07597351074219,212.26349162822035
2019-04-11 11:00:00,622900283,120584716.32081366,120.58471632081364,106.02237701416016,212.26349162822035
2019-04-11 11:15:00,686572127,132910687.99863212,132.9106879986321,106.93514251708984,212.26349162822035
2019-04-11 11:30:00,570592577,110458681.60619704,110.45868160619705,109.14552307128906,212.26349162822035
2019-04-11 11:45:00,621954951,120401713.3680778,120.40171336807782,110.18997192382812,212.26349162822035
2019-04-11 12:00:00,784879412,151941592.94043383,151.94159294043382,111.16632843017578,212.26349162822035
2019-04-11 12:15:00,921219346,178335082.73852476,178.33508273852476,114.2256851196289,212.26349162822035
2019-04-11 12:30:00,1250273596,242035348.21168733,242.0353482116873,120.04305267333984,212.26349162822035
2019-04-11 12:45:00,1212980451,234815920.90804625,234.81592090804625,131.56524658203125,211.59808787176462
2019-04-11 13:00:00,1112208712,215307932.4031348,215.3079324031348,144.43714904785156,209.3584425329488
2019-04-11 13:15:00,1054337090,204104801.9625995,204.10480196259948,155.03009033203125,209.3584425329488
2019-04-11 13:30:00,1052570848,203762882.40286168,203.7628824028617,162.09339904785156,209.3584425329488
2019-04-11 13:45:00,873567553,169110367.1654173,169.1103671654173,166.13577270507812,209.3584425329488
2019-04-11 14:00:00,846133527,163799526.35665205,163.79952635665205,165.0576171875,209.3584425329488
2019-04-11 14:15:00,772367127,149519390.89874655,149.51939089874654,160.81338500976562,209.3584425329488
2019-04-11 14:30:00,827892501,160268320.79190746,160.26832079190746,154.02325439453125,209.3584425329488
2019-04-11 14:45:00,672677454,130220875.12199312,130.22087512199312,147.33721923828125,209.3584425329488
2019-04-11 15:00:00,689221723,133423612.44375516,133.42361244375516,139.0290069580078,209.3584425329488
2019-04-11 15:15:00,657349954,127253687.13083392,127.25368713083392,131.06190490722656,209.3584425329488
2019-04-11 15:30:00,814619172,157698791.357133,157.698791357133,123.65371704101562,209.3584425329488
2019-04-11 15:45:00,749562883,145104810.6381519,145.10481063815192,119.71300506591797,209.3584425329488
2019-04-11 16:00:00,907521636,175683399.12290698,175.683399122907,117.15856170654297,209.3584425329488
2019-04-11 16:15:00,1031086927,199603898.06789428,199.60389806789428,118.07904052734375,209.3584425329488
2019-04-11 16:30:00,952667461,184422994.60755712,184.42299460755711,122.6866683959961,209.3584425329488
2019-04-11 16:45:00,932834897,180583689.7153897,180.5836897153897,127.7032241821289,209.3584425329488
2019-04-11 17:00:00,1103826175,213685191.37414455,213.68519137414455,132.13153076171875,209.3584425329488
2019-04-11 17:15:00,1049158691,203102336.8948304,203.1023368948304,138.29092407226562,209.3584425329488
2019-04-11 17:30:00,1084860130,210013632.34861627,210.01363234861628,143.75709533691406,209.3584425329488
2019-04-11 17:45:00,1070384674,207211388.06809083,207.21138806809083,148.7460174560547,209.3584425329488
2019-04-11 18:00:00,1192760775,230901676.58820736,230.90167658820732,152.58050537109375,209.3584425329488
2019-04-11 18:15:00,1124668051,217719884.84538445,217.71988484538448,157.1573944091797,209.3584425329488
2019-04-11 18:30:00,1123298065,217454674.86285263,217.45467486285264,160.4005126953125,209.3584425329488
2019-04-11 18:45:00,1002927396,194152609.71559447,194.15260971559448,162.45323181152344,209.3584425329488
2019-04-11 19:00:00,1126967484,218165022.6685177,218.1650226685177,161.64407348632812,209.3584425329488
2019-04-11 19:15:00,1136361102,219983494.7300501,219.98349473005007,161.24215698242188,209.3584425329488
2019-04-11 19:30:00,951134567,184126247.93207055,184.12624793207056,161.09368896484375,209.3584425329488
2019-04-11 19:45:00,917508105,177616638.7830527,177.6166387830527,158.12525939941406,209.3584425329488
2019-04-11 20:00:00,1013023028,196106981.79411757,196.10698179411756,153.48495483398438,209.3584425329488
2019-04-11 20:15:00,1078182130,208720865.6609659,208.7208656609659,149.87310791015625,209.30342865079413
2019-04-11 20:30:00,1137928858,220286990.1974301,220.2869901974301,148.1765594482422,209.28316410329376
2019-04-11 20:45:00,1127364952,218241966.87184316,218.24196687184312,148.6386260986328,209.28316410329376
2019-04-11 21:00:00,1394569326,269968967.9951844,269.9689679951844,150.051513671875,210.81071937656975
2019-04-11 21:15:00,1525842322,295381570.0042981,295.3815700042981,156.116943359375,208.3964545027158
2019-04-11 21:30:00,1430050530,276837629.0567189,276.83762905671887,166.07460021972656,206.11587902430378
2019-04-11 21:45:00,1688081960,326788877.49499243,326.78887749499245,175.40110778808594,204.24090117706044
2019-04-11 22:00:00,1453700661,281415961.11951727,281.41596111951725,187.6160430908203,199.1973171627479
2019-04-11 22:15:00,1419951745,274882646.6018307,274.88264660183074,195.6929473876953,196.43111206551296
2019-04-11 22:30:00,1391390023,269353499.7399662,269.3534997399662,200.0669403076172,192.6159040562579
2019-04-11 22:45:00,1506595557,291655667.54292715,291.6556675429271,201.20303344726562,191.69294710150726
2019-04-11 23:00:00,1228690357,237857137.311598,237.857137311598,202.19290161132812,186.70520264939893
2019-04-11 23:15:00,1199491033,232204559.6881913,232.20455968819127,198.0421142578125,180.5827850824211
2019-04-11 23:30:00,1256425108,243226194.2422776,243.2261942422776,191.2494659423828,180.27073700085978
2019-04-11 23:45:00,768616066,148793238.3524536,148.7932383524536,184.69715881347656,179.01612796108708
2019-04-12 00:00:00,1026105965,198639654.0208664,198.6396540208664,170.89266967773438,179.01612796108708
2019-04-12 00:15:00,1011535663,195819048.8913956,195.8190488913956,159.38014221191406,179.01612796108708
2019-04-12 00:30:00,1013680411,196234241.87848827,196.23424187848823,149.7588348388672,179.01612796108708
2019-04-12 00:45:00,906981772,175578889.06075338,175.57888906075337,142.2197265625,179.01612796108708
2019-04-12 01:00:00,666198992,128966736.17907476,128.96673617907476,135.3060302734375,179.01612796108708
2019-04-12 01:15:00,542077610,104938585.85341927,104.93858585341928,125.67247772216797,179.01612796108708
2019-04-12 01:30:00,487608141,94394064.2875006,94.39406428750058,113.78931427001953,179.01612796108708
2019-04-12 01:45:00,485116787,93911773.26348972,93.91177326348972,101.3758544921875,179.01612796108708
2019-04-12 02:00:00,499609155,96717291.46887612,96.71729146887613,89.83065032958984,179.01612796108708
2019-04-12 02:15:00,333493486,64559639.00107787,64.55963900107787,80.64984130859375,179.01935990870936
2019-04-12 02:30:00,319964422,61940602.87434981,61.94060287434981,71.36100769042969,179.03278310722823
2019-04-12 02:45:00,300164041,58107528.157430746,58.10752815743074,63.111209869384766,179.05798993959627
2019-04-12 03:00:00,305161946,59075052.13048275,59.075052130482746,56.28135299682617,179.0788914402777
2019-04-12 03:15:00,336964337,65231546.84034082,65.23154684034083,51.437255859375,179.0820054336072
2019-04-12 03:30:00,292439958,56612254.54331775,56.61225454331775,48.87065505981445,179.08290188623235
2019-04-12 03:45:00,260164097,50364102.71402244,50.36410271402245,47.44625473022461,179.08290188623235
2019-04-12 04:00:00,262525736,50821282.74209312,50.82128274209312,46.6617317199707,179.07370145139518
2019-04-12 04:15:00,140165800,27134123.53816494,27.13412353816494,46.618255615234375,179.13605209056104
2019-04-12 04:30:00,162484880,31454782.88572466,31.45478288572466,45.46802520751953,179.1562694563443
2019-04-12 04:45:00,152581546,29537636.989966143,29.537636989966146,44.31681823730469,179.07370145139518
2019-04-12 05:00:00,154223327,29855462.65411968,29.85546265411968,43.34006118774414,179.0514080900589
2019-04-12 05:15:00,118360897,22913001.611562997,22.913001611562997,42.81511688232422,179.1218975754269
2019-04-12 05:30:00,176542182,34176078.4448503,34.176078444850305,42.32676315307617,179.0271684828917
2019-04-12 05:45:00,146772193,28413028.11976522,28.41302811976522,42.87204360961914,179.01731929944418
2019-04-12 06:00:00,232484026,45005631.06074342,45.00563106074342,43.84732437133789,178.9803170377977
2019-04-12 06:15:00,244633145,47357529.28289081,47.35752928289081,46.20402526855469,178.86750555217864
2019-04-12 06:30:00,247501791,47912858.72096531,47.91285872096531,49.96681213378906,178.81323478206852
2019-04-12 06:45:00,276634941,53552625.99055526,53.552625990555256,54.26242446899414,178.81323478206852
2019-04-12 07:00:00,308511353,59723450.12284318,59.72345012284318,58.790225982666016,178.80246555513727
2019-04-12 07:15:00,329353120,63758122.49321919,63.75812249321919,63.44387435913086,178.80350355291378
2019-04-12 07:30:00,461148023,89271758.34235261,89.27175834235261,68.0889892578125,178.8029491677377
2019-04-12 07:45:00,525931661,101812957.6701755,101.81295767017548,73.8670654296875,178.8029491677377
2019-04-12 08:00:00,637827068,123474331.5352071,123.4743315352071,80.55904388427734,178.8029491677377
2019-04-12 08:15:00,495262281,95875797.9225129,95.8757979225129,88.74121856689453,178.8029491677377
2019-04-12 08:30:00,677280526,131111964.99058495,131.11196499058497,94.96150207519531,178.8029491677377
2019-04-12 08:45:00,534543429,103480074.59023742,103.48007459023742,101.89614868164062,178.8029491677377
2019-04-12 09:00:00,550480604,106565287.06931116,106.56528706931115,106.41083526611328,178.8029491677377
2019-04-12 09:15:00,552752293,107005054.04503769,107.00505404503768,109.21539306640625,178.8029491677377
2019-04-12 09:30:00,419102288,81132296.59246108,81.13229659246107,110.68218994140625,178.8029491677377
2019-04-12 09:45:00,565000345,109376104.30173276,109.37610430173277,109.29812622070312,178.8029491677377
2019-04-12 10:00:00,511019541,98926181.39310975,98.92618139310976,108.44520568847656,178.8029491677377
2019-04-12 10:15:00,548315448,106146143.38102628,106.14614338102628,107.1395492553711,178.8029491677377
2019-04-12 10:30:00,477437813,92425232.11606036,92.42523211606034,106.22711181640625,178.8029491677377
2019-04-12 10:45:00,572015786,110734194.8114627,110.7341948114627,104.672119140625,178.8029491677377
2019-04-12 11:00:00,571680837,110669353.40546364,110.66935340546364,104.18310546875,178.8029491677377
2019-04-12 11:15:00,758421489,146819711.91635194,146.8197119163519,104.31031036376953,178.8029491677377
2019-04-12 11:30:00,811566487,157107834.56230074,157.10783456230075,107.3621597290039,178.8029491677377
2019-04-12 11:45:00,657708259,127323049.92927934,127.32304992927934,112.45979309082031,178.8029491677377
2019-04-12 12:00:00,860206966,166523945.81156066,166.52394581156065,115.9720687866211,178.8029491677377
2019-04-12 12:15:00,966160522,187035061.0608717,187.03506106087167,121.07374572753906,178.8029491677377
2019-04-12 12:30:00,1155821497,223750752.94875595,223.75075294875597,127.92850494384766,179.12152012169
2019-04-12 12:45:00,1098516636,212657339.45051765,212.65733945051767,137.73956298828125,178.07796669799652
2019-04-12 13:00:00,1059437863,205092239.7307436,205.0922397307436,147.15640258789062,177.15925609778614
2019-04-12 13:15:00,1035972359,200549648.8532164,200.5496488532164,154.61245727539062,177.11620278091982
2019-04-12 13:30:00,1095176588,212010753.22866184,212.01075322866183,159.5732879638672,177.12372826479947
2019-04-12 13:45:00,979400962,189598223.64874727,189.5982236487473,163.32945251464844,177.12372826479947
2019-04-12 14:00:00,832057188,161074545.50261283,161.07454550261284,163.9542236328125,177.12372826479947
2019-04-12 14:15:00,897370298,173718243.14784268,173.71824314784268,160.49423217773438,177.12372826479947
2019-04-12 14:30:00,782675327,151514913.14637125,151.51491314637124,156.069091796875,177.12372826479947
2019-04-12 14:45:00,810558949,156912789.4046275,156.9127894046275,149.68003845214844,177.12372826479947
2019-04-12 15:00:00,741832422,143608302.3331234,143.6083023331234,143.35252380371094,177.12372826479947
2019-04-12 15:15:00,728646642,141055721.15093014,141.05572115093014,136.64224243164062,177.12372826479947
2019-04-12 15:30:00,1002908358,194148924.22709495,194.14892422709497,130.30130004882812,177.12372826479947
2019-04-12 15:45:00,1069239985,206989792.40967217,206.98979240967216,128.93316650390625,177.12372826479947
2019-04-12 16:00:00,1139240473,220540900.37697828,220.54090037697827,131.41473388671875,177.37356725234625
2019-04-12 16:15:00,1069487037,207037618.1951944,207.0376181951944,136.91537475585938,177.37356725234625
2019-04-12 16:30:00,1086506964,210332436.2023584,210.3324362023584,142.40847778320312,177.3777428343108
2019-04-12 16:45:00,1000270113,193638197.1756035,193.63819717560352,147.54815673828125,177.3777428343108
2019-04-12 17:00:00,913783724,176895651.1087613,176.8956511087613,150.48533630371094,177.3777428343108
2019-04-12 17:15:00,1109403299,214764843.9827243,214.7648439827243,150.44703674316406,177.39346614153897
2019-04-12 17:30:00,949375053,183785630.8183158,183.7856308183158,151.75518798828125,177.39346614153897
2019-04-12 17:45:00,1005494851,194649632.82072195,194.649632820722,150.967529296875,177.39100089681978
2019-04-12 18:00:00,1247739070,241544699.6968949,241.54469969689487,150.0205078125,178.51078817993985
2019-04-12 18:15:00,1121617299,217129302.2521106,217.1293022521106,152.7906494140625,177.93379116592607
2019-04-12 18:30:00,1064479908,206068308.5857353,206.06830858573525,155.16578674316406,177.78554621075455
2019-04-12 18:45:00,1176716470,227795725.25090545,227.79572525090543,156.21775817871094,178.2209862779977
2019-04-12 19:00:00,832493047,161158921.66249794,161.15892166249793,158.15451049804688,178.2209862779977
2019-04-12 19:15:00,919309790,177965419.60809603,177.96541960809603,154.7760009765625,178.07642149676104
2019-04-12 19:30:00,953385013,184561902.56237248,184.56190256237247,150.41017150878906,177.82133354318535
2019-04-12 19:45:00,779035113,150810219.0171232,150.8102190171232,146.36480712890625,177.82133354318535
2019-04-12 20:00:00,965090568,186827933.0452205,186.82793304522053,140.2069854736328,177.82133354318535
2019-04-12 20:15:00,1015539186,196594074.52296823,196.59407452296827,136.55381774902344,177.82133354318535
2019-04-12 20:30:00,1105494904,214008233.7913228,214.0082337913228,135.3611602783203,177.84716553330514
2019-04-12 20:45:00,964013069,186619344.42390028,186.6193444239003,137.1053466796875,177.568463130314
2019-04-12 21:00:00,1103161961,213556608.9044424,213.5566089044424,138.13058471679688,177.38157634882631
2019-04-12 21:15:00,1279736205,247738894.10064635,247.73889410064635,140.88536071777344,176.59319344671349
2019-04-12 21:30:00,1325220403,256543993.8294415,256.5439938294415,146.98985290527344,174.51239715399052
2019-04-12 21:45:00,1488090126,288073276.89641434,288.0732768964143,154.91793823242188,175.20115586041757
2019-04-12 22:00:00,1510156443,292345004.88933635,292.34500488933634,165.60595703125,173.47246492708553
2019-04-12 22:15:00,1481278579,286754657.3916277,286.75465739162775,176.80657958984375,173.774946915502
2019-04-12 22:30:00,1394845276,270022388.0262501,270.0223880262501,186.40745544433594,173.46664978045126
2019-04-12 22:45:00,1456077876,281876156.44167703,281.87615644167704,192.4696807861328,174.24119664402045
2019-04-12 23:00:00,1158966958,224359669.86970583,224.35966986970587,196.7495574951172,171.32955390378226
2019-04-12 23:15:00,1118203960,216468527.9255371,216.4685279255371,194.33680725097656,170.52775959857982
2019-04-12 23:30:00,985840561,190844839.26255783,190.84483926255783,188.03221130371094,169.6526449049826
2019-04-12 23:45:00,700294791,135567202.3569758,135.5672023569758,178.0589599609375,168.3611397624269
2019-04-13 00:00:00,716080293,138623053.08076113,138.62305308076114,162.70001220703125,168.3611397624269
2019-04-13 00:15:00,733910406,142074711.67965928,142.0747116796593,146.7029571533203,168.3611397624269
2019-04-13 00:30:00,697487407,135023732.3787424,135.0237323787424,131.7536163330078,168.3611397624269
2019-04-13 00:45:00,660142746,127794332.30351084,127.79433230351084,118.94546508789062,168.3611397624269
2019-04-13 01:00:00,725429680,140432962.6440363,140.43296264403628,108.01825714111328,168.3611397624269
2019-04-13 01:15:00,614253320,118910786.14475116,118.91078614475116,100.75395202636719,168.3611397624269
2019-04-13 01:30:00,496897455,96192344.5645782,96.1923445645782,94.78549194335938,168.3611397624269
2019-04-13 01:45:00,520152787,100694249.10483724,100.69424910483724,88.53217315673828,168.3611397624269
2019-04-13 02:00:00,462698878,89571982.01431668,89.57198201431667,83.38800811767578,168.3611397624269
2019-04-13 02:15:00,423733361,82028807.06003778,82.02880706003778,78.7063217163086,168.3611397624269
2019-04-13 02:30:00,318095618,61578828.75680746,61.57882875680746,74.39470672607422,168.37778311313878
2019-04-13 02:45:00,362859795,70244542.56718262,70.24454256718262,69.25009155273438,168.35523025235838
2019-04-13 03:00:00,324855481,62887442.967571214,62.88744296757121,65.08169555664062,168.3420783487129
2019-04-13 03:15:00,240135630,46486873.76189532,46.486873761895325,61.58296203613281,168.4084158429749
2019-04-13 03:30:00,206867443,40046621.60374566,40.04662160374566,57.746482849121094,168.51725226892714
2019-04-13 03:45:00,193266359,37413643.41998787,37.41364341998787,53.83246994018555,168.61682928289576
2019-04-13 04:00:00,171893456,33276150.60525549,33.27615060525549,50.318870544433594,168.73033669884228
2019-04-13 04:15:00,156212893,30240614.5929759,30.2406145929759,47.40948486328125,168.8519239838445
2019-04-13 04:30:00,118982198,23033276.729233533,23.03327672923353,45.11085510253906,168.86729342819433
2019-04-13 04:45:00,162271947,31413562.05776697,31.41356205776697,43.078975677490234,168.86729342819433
2019-04-13 05:00:00,164857367,31914062.93371561,31.914062933715616,42.22455978393555,168.84432772738919
2019-04-13 05:15:00,123810954,23968055.83968455,23.96805583968455,42.354183197021484,168.87260137136963
2019-04-13 05:30:00,145685385,28202637.407235727,28.202637407235727,42.73305892944336,168.85650061040454
2019-04-13 05:45:00,117922456,22828125.61286576,22.82812561286576,43.81536865234375,168.91272942177488
2019-04-13 06:00:00,146636441,28386748.445703834,28.386748445703837,45.209877014160156,168.91272942177488
2019-04-13 06:15:00,161223325,31210563.61668621,31.21056361668621,47.42542266845703,168.9926788414242
2019-04-13 06:30:00,160156613,31004063.20654591,31.00406320654591,50.66193389892578,169.06774495335225
2019-04-13 06:45:00,214763594,41575205.15772249,41.575205157722486,54.14601516723633,169.10747195916204
2019-04-13 07:00:00,260739528,50475498.046134055,50.47549804613406,58.27983474731445,169.1202464090706
2019-04-13 07:15:00,221397375,42859411.67014657,42.85941167014657,62.690406799316406,169.1739863848632
2019-04-13 07:30:00,214908776,41603310.34688788,41.60331034688788,66.74227905273438,169.28808357227362
2019-04-13 07:45:00,243727392,47182188.26677231,47.18218826677231,70.19428253173828,169.37985201205996
2019-04-13 08:00:00,339644831,65750452.70282161,65.75045270282162,73.1812515258789,169.41624091138397
2019-04-13 08:15:00,376504284,72885923.34723833,72.88592334723833,76.46755981445312,169.42140730940793
2019-04-13 08:30:00,677822960,131216972.5685198,131.2169725685198,80.05033874511719,169.42140730940793
2019-04-13 08:45:00,400352373,77502577.28903548,77.50257728903549,86.16813659667969,169.42140730940793
2019-04-13 09:00:00,434790261,84169267.07631232,84.16926707631232,90.49665832519531,169.42140730940793
2019-04-13 09:15:00,588893817,114001543.75275208,114.00154375275208,94.23753356933594,169.42140730940793
2019-04-13 09:30:00,494618341,95751140.2134914,95.7511402134914,99.15093994140625,169.42140730940793
2019-04-13 09:45:00,726140130,140570495.75173938,140.57049575173937,102.5386962890625,169.42140730940793
2019-04-13 10:00:00,477540318,92445075.6394682,92.4450756394682,107.73304748535156,169.42140730940793
2019-04-13 10:15:00,690947401,133757679.38475712,133.75767938475713,110.09937286376953,169.42140730940793
2019-04-13 10:30:00,672510282,130188512.97873048,130.18851297873047,113.43516540527344,169.42140730940793
2019-04-13 10:45:00,635575259,123038413.0473138,123.0384130473138,116.52091217041016,169.42140730940793
2019-04-13 11:00:00,840947607,162795605.3292756,162.79560532927562,118.53594970703125,169.42140730940793
2019-04-13 11:15:00,808310950,156477608.4790403,156.4776084790403,122.55175018310547,169.42140730940793
2019-04-13 11:30:00,754303276,146022483.91709337,146.02248391709335,126.63704681396484,169.42140730940793
2019-04-13 11:45:00,656871730,127161109.7039943,127.1611097039943,129.444580078125,169.42140730940793
2019-04-13 12:00:00,665675691,128865432.48030056,128.86543248030057,129.85304260253906,169.42140730940793
2019-04-13 12:15:00,691236928,133813727.73168366,133.81372773168366,128.84437561035156,169.42140730940793
2019-04-13 12:30:00,743724006,143974486.33762962,143.97448633762963,127.38094329833984,169.42140730940793
2019-04-13 12:45:00,731847187,141675301.55798703,141.67530155798704,126.48114013671875,168.74370092021476
2019-04-13 13:00:00,741177151,143481451.10218847,143.48145110218846,125.75682830810547,168.43946141283578
2019-04-13 13:15:00,786438562,152243422.40749732,152.24342240749732,125.2914047241211,168.41366480900382
2019-04-13 13:30:00,667715485,129260307.85209888,129.26030785209886,125.60719299316406,168.41366480900382
2019-04-13 13:45:00,890134472,172317489.20797527,172.31748920797526,124.56001281738281,168.16693981478653
2019-04-13 14:00:00,760663126,147253661.24839813,147.25366124839812,126.06813049316406,168.16693981478653
2019-04-13 14:15:00,887538749,171814993.81642574,171.81499381642575,126.82506561279297,168.16693981478653
2019-04-13 14:30:00,840579060,162724259.8239696,162.7242598239696,128.9680633544922,168.16693981478653
2019-04-13 14:45:00,870153513,168449457.13512293,168.4494571351229,130.8523406982422,168.16693981478653
2019-04-13 15:00:00,662781378,128305134.27274838,128.30513427274838,132.77291870117188,168.16693981478653
2019-04-13 15:15:00,676896418,131037607.09497848,131.03760709497848,131.37265014648438,168.16693981478653
2019-04-13 15:30:00,752221298,145619442.31738973,145.61944231738974,128.4978485107422,168.16693981478653
2019-04-13 15:45:00,817267006,158211374.70388773,158.21137470388774,126.11759948730469,168.16693981478653
2019-04-13 16:00:00,658335375,127444450.7489997,127.4444507489997,125.15293884277344,168.06794077685254
2019-04-13 16:15:00,649557821,125745239.9957424,125.7452399957424,122.7352294921875,167.34460966721034
2019-04-13 16:30:00,640083776,123911198.40045927,123.91119840045928,119.71175384521484,167.20806577788304
2019-04-13 16:45:00,637197889,123352531.34776038,123.35253134776038,116.5119857788086,166.9603381721771
2019-04-13 17:00:00,778179555,150644595.04561183,150.64459504561182,113.5177230834961,166.9603381721771
2019-04-13 17:15:00,684656211,132539793.6618342,132.5397936618342,113.00397491455078,166.9603381721771
2019-04-13 17:30:00,702782341,136048756.98019603,136.04875698019603,112.56966400146484,166.34978316186613
2019-04-13 17:45:00,816062381,157978176.2805408,157.9781762805408,112.57378387451172,166.34978316186613
2019-04-13 18:00:00,746022907,144419521.1730603,144.4195211730603,114.44888305664062,166.34978316186613
2019-04-13 18:15:00,723814648,140120315.2093119,140.1203152093119,116.13154602050781,164.56702198072168
2019-04-13 18:30:00,693470718,134246157.9951168,134.2461579951168,117.23795318603516,163.59734333059913
2019-04-13 18:45:00,643120969,124499156.1624187,124.4991561624187,117.43317413330078,163.24280811277686
2019-04-13 19:00:00,824429943,159598018.36057213,159.59801836057213,116.35826873779297,161.70436565827686
2019-04-13 19:15:00,755869273,146325638.86686283,146.32563886686285,117.31385040283203,161.70436565827686
2019-04-13 19:30:00,630706016,122095796.22424182,122.09579622424182,118.23860931396484,161.70436565827686
2019-04-13 19:45:00,708336835,137124028.73969796,137.12402873969796,117.27994537353516,161.70436565827686
2019-04-13 20:00:00,746967760,144602431.39814663,144.60243139814662,116.51185607910156,161.70436565827686
2019-04-13 20:15:00,777916044,150593583.02964455,150.59358302964455,116.45256805419922,161.70436565827686
2019-04-13 20:30:00,975628842,188867994.3768366,188.8679943768366,117.23546600341797,161.66814189496276
2019-04-13 20:45:00,1019615642,197383218.95550385,197.38321895550385,121.3247299194336,160.67880026423305
2019-04-13 21:00:00,1061620611,205514788.98230627,205.51478898230627,127.442626953125,161.14217190800753
2019-04-13 21:15:00,955533266,184977774.06806955,184.97777406806955,134.67068481445312,160.2217863568396
2019-04-13 21:30:00,1005114493,194576000.87226716,194.57600087226712,140.0567626953125,157.7412311704408
2019-04-13 21:45:00,1125519968,217884803.97060803,217.88480397060803,144.53656005859375,155.74454808390243
2019-04-13 22:00:00,1145847889,221820002.9969615,221.8200029969615,149.7082977294922,151.20577305641962
2019-04-13 22:15:00,1232194341,238535459.2327211,238.53545923272108,154.8568115234375,147.43430249892901
2019-04-13 22:30:00,1293752287,250452210.04868108,250.45221004868108,160.67613220214844,145.10968288759128
2019-04-13 22:45:00,1102095848,213350224.4522605,213.35022445226048,167.0361785888672,141.96637791632438
2019-04-13 23:00:00,1169260341,226352323.75494492,226.35232375494496,169.7857208251953,138.5875182223669
2019-04-13 23:15:00,1129193594,218595966.1921843,218.5959661921843,171.26840209960938,138.41427875255437
2019-04-13 23:30:00,844446063,163472857.10750422,163.4728571075042,171.06468200683594,136.80161945703438
2019-04-13 23:45:00,647841215,125412929.2660897,125.41292926608968,165.3336639404297,135.91398981297272
2019-04-14 00:00:00,735893918,142458691.64943388,142.4586916494339,154.32115173339844,135.91398981297272
2019-04-14 00:15:00,752599496,145692656.1202852,145.69265612028522,143.03712463378906,135.91398981297272
2019-04-14 00:30:00,747169620,144641508.64935493,144.64150864935493,133.01686096191406,135.91398981297272
2019-04-14 00:45:00,703093482,136108989.49291873,136.10898949291874,124.73692321777344,135.91398981297272
2019-04-14 01:00:00,751389220,145458363.7429772,145.4583637429772,117.7860336303711,135.91398981297272
2019-04-14 01:15:00,615033996,119061914.01636665,119.06191401636664,112.96336364746094,135.91398981297272
2019-04-14 01:30:00,541948319,104913556.9379037,104.9135569379037,107.96491241455078,135.94674572007895
2019-04-14 01:45:00,411862571,79730789.40982914,79.73078940982914,102.21714782714844,136.04930697765505
2019-04-14 02:00:00,508176613,98375830.5973942,98.3758305973942,95.08197784423828,136.05402514936642
2019-04-14 02:15:00,477897958,92514309.7032854,92.5143097032854,89.44283294677734,136.03892699989
2019-04-14 02:30:00,396486961,76754288.00067909,76.7542880006791,84.87356567382812,136.07305117679257
2019-04-14 02:45:00,457151416,88498071.55091351,88.49807155091351,80.34149932861328,135.8580558873343
2019-04-14 03:00:00,474836119,91921580.82305948,91.92158082305949,77.3726577758789,135.74167038664388
2019-04-14 03:15:00,379852326,73534057.09483556,73.53405709483556,75.98725891113281,135.6515179206687
2019-04-14 03:30:00,360311170,69751164.68468592,69.75116468468592,74.41038513183594,135.41402874757645
2019-04-14 03:45:00,362475828,70170211.96718904,70.17021196718905,72.75999450683594,135.09187198312353
2019-04-14 04:00:00,313449678,60679440.24754984,60.67944024754984,71.38497924804688,134.84532392034544
2019-04-14 04:15:00,278002634,53817392.08060207,53.81739208060206,69.73580169677734,134.53261529474452
2019-04-14 04:30:00,296482795,57394890.811242335,57.394890811242334,67.72557830810547,134.17313779205458
2019-04-14 04:45:00,261583309,50638842.15641742,50.63884215641743,66.10738372802734,133.62434364944556
2019-04-14 05:00:00,179518720,34752294.25361423,34.75229425361423,64.51127624511719,133.58071235654458
2019-04-14 05:15:00,146694051,28397900.92981218,28.39790092981218,62.089168548583984,133.66227775000505
2019-04-14 05:30:00,124360109,24074364.50850106,24.07436450850106,59.111324310302734,133.6575949645815
2019-04-14 05:45:00,174760722,33831212.894778185,33.83121289477818,55.94489669799805,133.54126844103746
2019-04-14 06:00:00,152236918,29470921.8659722,29.4709218659722,53.85422134399414,133.29558144459668
2019-04-14 06:15:00,140220134,27144641.83484161,27.144641834841607,52.651546478271484,133.34421399951174
2019-04-14 06:30:00,172908594,33472667.015822727,33.47266701582273,52.33252716064453,133.28778466584365
2019-04-14 06:45:00,205255545,39734580.86725416,39.73458086725416,53.03529357910156,133.14342040690474
2019-04-14 07:00:00,206215134,39920343.7742676,39.9203437742676,55.275394439697266,133.17103350684556
2019-04-14 07:15:00,154456097,29900523.645716622,29.900523645716625,58.229061126708984,133.50117577692
2019-04-14 07:30:00,208647582,40391231.4268345,40.3912314268345,60.87706756591797,133.52856476370457
2019-04-14 07:45:00,218710755,42339319.90039885,42.33931990039885,63.7672233581543,133.51516515604425
2019-04-14 08:00:00,233984221,45296047.67065352,45.29604767065352,66.80377197265625,133.53777699397105
2019-04-14 08:15:00,235835430,45654415.644160345,45.654415644160345,69.84942626953125,133.71263243759472
2019-04-14 08:30:00,335524253,64952766.87289274,64.95276687289274,72.53410339355469,133.77455844130657
2019-04-14 08:45:00,434345173,84083104.31209056,84.08310431209055,75.72349548339844,133.86239900314317
2019-04-14 09:00:00,415527628,80440292.79376742,80.44029279376743,79.84788513183594,133.85574638103012
2019-04-14 09:15:00,386442425,74809807.38766547,74.80980738766547,83.87973022460938,133.90811808702642
2019-04-14 09:30:00,472374488,91445043.75296552,91.4450437529655,87.11042785644531,133.94949645293522
2019-04-14 09:45:00,538542445,104254227.73012674,104.25422773012674,90.38909149169922,133.94331564799333
2019-04-14 10:00:00,560334849,108472930.02647576,108.47293002647577,94.62206268310547,133.94897745404697
2019-04-14 10:15:00,550743118,106616106.08012904,106.61610608012904,99.43383026123047,133.932923874799
2019-04-14 10:30:00,661945431,128143306.71446128,128.1433067144613,103.4880142211914,133.932923874799
2019-04-14 10:45:00,851159003,164772387.68674886,164.77238768674886,108.08641052246094,133.932923874799
2019-04-14 11:00:00,608414045,117780384.79703782,117.78038479703784,115.30864715576172,133.932923874799
2019-04-14 11:15:00,572109507,110752337.87626256,110.75233787626254,119.56361389160156,133.93529475608398
2019-04-14 11:30:00,562434458,108879384.7393076,108.8793847393076,121.08680725097656,133.93958829234134
2019-04-14 11:45:00,624032464,120803890.60670625,120.80389060670625,120.63190460205078,133.93958829234134
2019-04-14 12:00:00,909613712,176088395.5531006,176.08839555310058,119.86184692382812,134.15596364702515
2019-04-14 12:15:00,760873695,147294424.43927142,147.2944244392714,122.93090057373047,134.15596364702515
2019-04-14 12:30:00,636629523,123242503.70008248,123.24250370008248,125.61813354492188,134.15596364702515
2019-04-14 12:45:00,700144428,135538094.1992257,135.5380941992257,126.05672454833984,134.15596364702515
2019-04-14 13:00:00,752663032,145704955.79447904,145.70495579447905,125.9854736328125,134.15596364702515
2019-04-14 13:15:00,834496793,161546818.6495169,161.54681864951692,126.25981140136719,134.15596364702515
2019-04-14 13:30:00,978822863,189486311.8294356,189.48631182943555,127.78292846679688,134.9820447411119
2019-04-14 13:45:00,820206672,158780452.61308485,158.78045261308486,131.86878967285156,134.9820447411119
2019-04-14 14:00:00,847873363,164136334.08692682,164.1363340869268,134.5068817138672,134.9307110328921
2019-04-14 14:15:00,1009628545,195449857.72340843,195.44985772340843,136.4522247314453,135.94614415318574
2019-04-14 14:30:00,1053693043,203980123.53988597,203.98012353988597,140.05352783203125,137.21182910105094
2019-04-14 14:45:00,1043005817,201911227.20023468,201.9112272002347,144.68820190429688,138.29060367656984
2019-04-14 15:00:00,973454092,188446993.42535892,188.44699342535893,149.12904357910156,138.88634362770708
2019-04-14 15:15:00,1049488336,203166151.5211782,203.1661515211782,151.83511352539062,139.9659202924169
2019-04-14 15:30:00,863233022,167109747.60727262,167.10974760727262,154.31398010253906,139.9659202924169
2019-04-14 15:45:00,1006637642,194870861.05308893,194.87086105308893,153.38377380371094,140.71559059563788
2019-04-14 16:00:00,1226295287,237393485.5130669,237.39348551306688,152.8312530517578,142.76852608440515
2019-04-14 16:15:00,1026726550,198759790.5310274,198.75979053102745,155.71607971191406,143.48387168842584
2019-04-14 16:30:00,1139844540,220657839.23512572,220.65783923512572,156.93276977539062,144.77996525297087
2019-04-14 16:45:00,781367514,151261738.9804419,151.2617389804419,158.90135192871094,144.77996525297087
2019-04-14 17:00:00,1291573794,250030484.50515315,250.03048450515317,155.31649780273438,147.23786141972576
2019-04-14 17:15:00,956852680,185233194.0241072,185.2331940241072,157.11924743652344,147.29155421380128
2019-04-14 17:30:00,955356080,184943473.35553315,184.94347335553317,156.02268981933594,147.3300662903954
2019-04-14 17:45:00,941116288,182186850.3042198,182.1868503042198,153.6759796142578,147.33910158922268
2019-04-14 18:00:00,820963660,158926994.82173282,158.92699482173282,150.5416717529297,147.33910158922268
2019-04-14 18:15:00,847320623,164029331.41263333,164.02933141263333,145.44117736816406,147.33910158922268
2019-04-14 18:30:00,1092523960,211497241.83106843,211.49724183106844,140.25680541992188,148.17138707910988
2019-04-14 18:45:00,915237651,177177110.88592145,177.17711088592145,139.3011016845703,148.17138707910988
2019-04-14 19:00:00,1034262922,200218725.9409317,200.21872594093173,137.98043823242188,148.71921399651808
2019-04-14 19:15:00,1069179149,206978015.4174275,206.9780154174275,138.55299377441406,149.42530018855518
2019-04-14 19:30:00,1072273000,207576941.3697117,207.5769413697117,140.62583923339844,150.13067865483558
2019-04-14 19:45:00,1125584056,217897210.5042226,217.8972105042226,143.3151092529297,150.99396253286653
2019-04-14 20:00:00,1019974091,197452609.63031983,197.45260963031987,146.8843231201172,151.26633079033516
2019-04-14 20:15:00,1162256874,224996551.2428667,224.9965512428667,148.81996154785156,152.35227698685537
2019-04-14 20:30:00,1226966798,237523480.5791332,237.5234805791332,151.87570190429688,153.73627009038336
2019-04-14 20:45:00,1545627883,299211775.77807385,299.21177577807384,156.09912109375,157.7555626170141
2019-04-14 21:00:00,1703847170,329840799.97355074,329.8407999735508,165.53652954101562,162.95701665678936
2019-04-14 21:15:00,1864645464,360969083.578554,360.969083578554,179.23031616210938,169.4709952940945
2019-04-14 21:30:00,1909046244,369564448.8510448,369.5644488510448,196.32095336914062,177.47996202443784
2019-04-14 21:45:00,1757521241,340231343.6961296,340.2313436961296,213.86280822753906,186.66318733030909
2019-04-14 22:00:00,1812710177,350915143.9338757,350.9151439338757,226.67144775390625,198.12414541613626
2019-04-14 22:15:00,1779674476,344519897.78892535,344.51989778892533,236.1930694580078,209.0287131028991
2019-04-14 22:30:00,1705906561,330239469.0483706,330.2394690483706,241.78042602539062,217.3111568610632
2019-04-14 22:45:00,1756581552,340049433.1486675,340.0494331486675,243.00375366210938,225.50596057968846
2019-04-14 23:00:00,1722357172,333424075.50124496,333.42407550124494,242.4386749267578,231.01595945852932
2019-04-14 23:15:00,1675748538,324401300.8094078,324.40130080940776,240.0522003173828,234.37834093778483
2019-04-14 23:30:00,1163717189,225279247.6468014,225.27924764680145,236.00941467285156,234.37834093778483
2019-04-14 23:45:00,837517710,162131625.60725227,162.13162560725226,222.42626953125,234.37834093778483
2019-04-15 00:00:00,825478356,159800976.3421983,159.8009763421983,200.48561096191406,234.37834093778483
2019-04-15 00:15:00,805569080,155946821.087925,155.94682108792497,176.52203369140625,234.37834093778483
2019-04-15 00:30:00,788816745,152703805.12081516,152.70380512081516,153.17782592773438,234.37834093778483
2019-04-15 00:45:00,690275524,133627613.4662488,133.62761346624882,133.05653381347656,234.37834093778483
2019-04-15 01:00:00,701223242,135746937.38601378,135.74693738601377,114.7064208984375,234.37834093778483
2019-04-15 01:15:00,683601099,132335538.84821634,132.33553884821634,100.38105010986328,234.37834093778483
2019-04-15 01:30:00,688853461,133352322.11043268,133.35232211043268,90.04685974121094,234.37834093778483
2019-04-15 01:45:00,513483006,99403073.49975736,99.40307349975735,83.46664428710938,234.37834093778483
2019-04-15 02:00:00,437325826,84660116.72686222,84.66011672686223,77.01454162597656,234.37834093778483
2019-04-15 02:15:00,488443738,94555824.0907202,94.5558240907202,70.44876098632812,234.37834093778483
2019-04-15 02:30:00,427387952,82736284.37387228,82.73628437387228,65.65498352050781,234.37834093778483
2019-04-15 02:45:00,431750639,83580839.09418456,83.58083909418457,61.67950439453125,234.37834093778483
2019-04-15 03:00:00,316037449,61180396.24396609,61.180396243966086,58.96462631225586,234.37834093778483
2019-04-15 03:15:00,437585266,84710340.65460166,84.71034065460167,55.72782897949219,234.37834093778483
2019-04-15 03:30:00,206912639,40055370.9124032,40.055370912403205,54.60149002075195,234.37834093778483
2019-04-15 03:45:00,162883121,31531876.730956253,31.53187673095625,51.68979263305664,234.37834093778483
2019-04-15 04:00:00,148584821,28763927.355390005,28.76392735539001,47.78986740112305,234.37834093778483
2019-04-15 04:15:00,136226987,26371624.85064109,26.37162485064109,43.706146240234375,234.37834093778483
2019-04-15 04:30:00,125104913,24218548.066456847,24.218548066456847,40.14082717895508,234.37834093778483
2019-04-15 04:45:00,123056977,23822096.51820288,23.822096518202883,37.33511734008789,234.37834093778483
2019-04-15 05:00:00,119625815,23157871.91000704,23.15787191000704,35.357025146484375,234.37834093778483
2019-04-15 05:15:00,171470982,33194365.592737008,33.19436559273701,34.23030471801758,234.37834093778483
2019-04-15 05:30:00,234799942,45453959.76038351,45.45395976038351,34.515663146972656,234.37834093778483
2019-04-15 05:45:00,139854635,27073886.379380465,27.073886379380465,36.91067886352539,234.37834093778483
2019-04-15 06:00:00,69914531,13534467.903489027,13.534467903489029,39.28759765625,234.37834093778483
2019-04-15 06:15:00,76657941,14839897.045323176,14.839897045323177,40.66960144042969,234.37834093778483
2019-04-15 06:30:00,185170691,35846436.18658308,35.84643618658308,41.89340591430664,234.37834093778483
2019-04-15 06:45:00,188318769,36455859.72185188,36.45585972185188,44.59153366088867,234.37834093778483
2019-04-15 07:00:00,236503294,45783704.70242344,45.78370470242344,48.33052444458008,234.37834093778483
2019-04-15 07:15:00,353466350,68426103.9960122,68.4261039960122,53.27225112915039,234.37834093778483
2019-04-15 07:30:00,267477695,51779912.21705725,51.77991221705725,59.55055236816406,234.37834093778483
2019-04-15 07:45:00,269003063,52075201.96500692,52.07520196500692,64.99942016601562,234.37834093778483
2019-04-15 08:00:00,464331659,89888065.40530626,89.88806540530626,69.5571517944336,234.37834093778483
2019-04-15 08:15:00,478052868,92544298.0961551,92.5442980961551,74.92779541015625,234.37834093778483
2019-04-15 08:30:00,472409271,91451777.25157236,91.45177725157237,80.2197265625,234.37834093778483
2019-04-15 08:45:00,424394053,82156707.7201751,82.1567077201751,85.8460922241211,234.37834093778483
2019-04-15 09:00:00,414680829,80276364.44121641,80.27636444121642,90.35310363769531,234.37834093778483
2019-04-15 09:15:00,533635991,103304407.38186544,103.30440738186545,93.33650207519531,234.37834093778483
2019-04-15 09:30:00,451248107,87355274.12322459,87.35527412322459,96.67432403564453,234.37834093778483
2019-04-15 09:45:00,500533218,96896177.04295371,96.89617704295372,98.71524047851562,234.37834093778483
2019-04-15 10:00:00,661468073,128050896.93301722,128.0508969330172,100.45404052734375,234.37834093778483
2019-04-15 10:15:00,604861449,117092652.27779852,117.09265227779854,103.96240997314453,234.37834093778483
2019-04-15 10:30:00,657912397,127362568.16918404,127.36256816918404,107.28670501708984,234.37834093778483
2019-04-15 10:45:00,697832024,135090445.37329134,135.09044537329137,110.83247375488281,234.37834093778483
2019-04-15 11:00:00,586390251,113516888.65764365,113.51688865764363,114.5930404663086,234.37834093778483
2019-04-15 11:15:00,647725374,125390504.08102468,125.39050408102467,116.4043960571289,234.37834093778483
2019-04-15 11:30:00,647070834,125263794.36138786,125.26379436138788,117.71464538574219,234.37834093778483
2019-04-15 11:45:00,745042163,144229662.95618203,144.22966295618204,118.46781921386719,234.37834093778483
2019-04-15 12:00:00,946666082,183261212.2099584,183.2612122099584,120.21783447265625,234.37834093778483
2019-04-15 12:15:00,1013961217,196288601.96271893,196.28860196271893,125.11770629882812,234.37834093778483
2019-04-15 12:30:00,995903662,192792913.7979369,192.79291379793688,132.14743041992188,234.37834093778483
2019-04-15 12:45:00,1210601652,234355418.94580963,234.35541894580965,139.28294372558594,234.37834093778483
2019-04-15 13:00:00,1138982578,220490975.5394653,220.4909755394653,148.817626953125,234.37834093778483
2019-04-15 13:15:00,1089846620,210978946.53853863,210.97894653853865,157.3369903564453,234.37834093778483
2019-04-15 13:30:00,987413232,191149286.2046713,191.1492862046713,163.4332275390625,234.37834093778483
2019-04-15 13:45:00,748072480,144816289.6214442,144.81628962144418,165.7321319580078,234.37834093778483
2019-04-15 14:00:00,555089525,107457509.22187364,107.45750922187364,161.8036651611328,234.37834093778483
2019-04-15 14:15:00,715113740,138435942.0414906,138.43594204149062,152.06224060058594,234.37834093778483
2019-04-15 14:30:00,705285397,136533313.34649184,136.53331334649184,142.53359985351562,234.37834093778483
2019-04-15 14:45:00,733047258,141907618.391113,141.907618391113,133.79295349121094,234.37834093778483
2019-04-15 15:00:00,642589632,124396296.80729498,124.39629680729496,126.87551879882812,234.37834093778483
2019-04-15 15:15:00,646044272,125065066.42541786,125.06506642541784,120.42964935302734,234.37834093778483
2019-04-15 15:30:00,653897004,126585244.67289406,126.58524467289406,115.08818054199219,234.37834093778483
2019-04-15 15:45:00,699205084,135356250.4389016,135.3562504389016,111.0719985961914,234.37834093778483
2019-04-15 16:00:00,666106608,128948851.93863273,128.9488519386327,108.93875122070312,234.37834093778483
2019-04-15 16:15:00,651761124,126171768.4056256,126.1717684056256,107.64195251464844,234.37834093778483
2019-04-15 16:30:00,679219432,131487309.8673872,131.4873098673872,106.82503509521484,234.37834093778483
2019-04-15 16:45:00,664899268,128715127.929548,128.715127929548,106.7834701538086,234.37834093778483
2019-04-15 17:00:00,705845108,136641665.50814375,136.64166550814377,106.99978637695312,234.37834093778483
2019-04-15 17:15:00,739067092,143072973.4166274,143.0729734166274,107.95370483398438,234.37834093778483
2019-04-15 17:30:00,890061656,172303393.0565635,172.3033930565635,109.71546936035156,234.37834093778483
2019-04-15 17:45:00,911276196,176410229.02628893,176.41022902628893,113.94422149658203,234.37834093778483
2019-04-15 18:00:00,746393413,144491245.91315833,144.49124591315834,119.40458679199219,234.37834093778483
2019-04-15 18:15:00,765510772,148192097.19663438,148.1920971966344,122.52812194824219,234.37834093778483
2019-04-15 18:30:00,887873045,171879708.81082746,171.87970881082745,124.3198013305664,234.37834093778483
2019-04-15 18:45:00,842470559,163090427.3736737,163.09042737367372,126.8755874633789,234.37834093778483
2019-04-15 19:00:00,715522035,138514982.19943222,138.5149821994322,128.82870483398438,234.37834093778483
2019-04-15 19:15:00,748216209,144844113.53028655,144.84411353028656,128.3285675048828,234.37834093778483
2019-04-15 19:30:00,791542393,153231452.16134536,153.23145216134537,127.01290130615234,234.37834093778483
2019-04-15 19:45:00,848232877,164205930.93073395,164.20593093073396,125.96459197998047,234.37834093778483
2019-04-15 20:00:00,846672008,163903768.68949613,163.90376868949613,125.98092651367188,234.37834093778483
2019-04-15 20:15:00,926516818,179360598.66101062,179.3605986610106,126.54043579101562,234.37834093778483
2019-04-15 20:30:00,849112340,164376182.57335463,164.37618257335464,128.54522705078125,234.37834093778483
2019-04-15 20:45:00,1088170673,210654506.81828296,210.65450681828293,129.9440460205078,234.37834093778483
2019-04-15 21:00:00,1152528332,223113242.61498296,223.11324261498297,134.4569549560547,232.4335813309302
2019-04-15 21:15:00,1094191525,211820058.9142508,211.8200589142508,141.0892333984375,228.0611100608442
2019-04-15 21:30:00,1211949156,234616276.72997788,234.61627672997787,147.22747802734375,218.34703146029642
2019-04-15 21:45:00,1359107249,263104009.6512951,263.1040096512951,154.21934509277344,207.84869835788328
2019-04-15 22:00:00,1362444517,263750057.7043292,263.7500577043292,163.0601043701172,199.27688912866032
2019-04-15 22:15:00,1411046651,273158745.9019812,273.15874590198115,171.79721069335938,190.9026061581342
2019-04-15 22:30:00,1221191236,236405413.1703193,236.4054131703193,180.16671752929688,181.81968918284687
2019-04-15 22:45:00,1348142835,260981453.62122512,260.9814536212251,184.07000732421875,176.00587543208104
2019-04-15 23:00:00,1067378426,206629420.8220268,206.6294208220268,187.114013671875,168.17192928137132
2019-04-15 23:15:00,1164707866,225471028.75249496,225.47102875249496,184.4158935546875,162.3879933529678
2019-04-15 23:30:00,1132542108,219244191.31232968,219.2441913123297,180.59228515625,156.9400384321316
2019-04-15 23:45:00,779390694,150879054.48755765,150.87905448755765,175.81289672851562,155.52048210932907
2019-04-16 00:00:00,835327552,161707641.88411793,161.70764188411792,165.35476684570312,155.52048210932907
2019-04-16 00:15:00,797453934,154375843.1882216,154.3758431882216,154.15225219726562,155.52048210932907
2019-04-16 00:30:00,753209562,145810756.30028942,145.81075630028943,143.08868408203125,155.52048210932907
2019-04-16 00:45:00,736431623,142562783.75961405,142.56278375961406,132.7252655029297,155.52048210932907
2019-04-16 01:00:00,730475484,141409759.18845272,141.4097591884527,123.46437072753906,155.52048210932907
2019-04-16 01:15:00,655029949,126804566.85841969,126.80456685841968,115.94812774658203,155.52048210932907
2019-04-16 01:30:00,501138376,97013327.10332586,97.01332710332586,108.99668884277344,155.52048210932907
2019-04-16 01:45:00,452542757,87605900.11785868,87.60590011785868,101.04658508300781,155.5317349488607
2019-04-16 02:00:00,461408130,89322111.39189209,89.3221113918921,92.84420776367188,155.54325908326575
2019-04-16 02:15:00,325505048,63013189.984492,63.013189984492,85.64237976074219,155.63700915517083
2019-04-16 02:30:00,278188031,53853282.3270217,53.8532823270217,77.79618835449219,155.7844166348636
2019-04-16 02:45:00,240058125,46471869.88616511,46.47186988616511,69.87779235839844,155.95369284043858
2019-04-16 03:00:00,282892713,54764042.45963451,54.76404245963451,62.386207580566406,156.07273231271665
2019-04-16 03:15:00,195476772,37841548.225670606,37.84154822567061,56.71324920654297,156.27016420797932
2019-04-16 03:30:00,183756705,35572708.424138635,35.57270842413863,51.66311264038086,156.55734752462166
2019-04-16 03:45:00,162986679,31551924.100324284,31.551924100324285,47.728370666503906,156.61541642295944
2019-04-16 04:00:00,161625538,31288426.385140825,31.288426385140824,44.71319580078125,156.6193325054799
2019-04-16 04:15:00,153752343,29764286.78924752,29.76428678924752,42.70438003540039,156.6092474134468
2019-04-16 04:30:00,150056108,29048747.7838975,29.0487477838975,41.59857940673828,156.58750843728663
2019-04-16 04:45:00,105087766,20343510.50679816,20.34351050679816,41.26611328125,156.64218025199224
2019-04-16 05:00:00,189734468,36729919.0969552,36.72991909695519,41.01589584350586,156.53840406520047
2019-04-16 05:15:00,72420336,14019556.437443469,14.01955643744347,42.181671142578125,156.67143291660278
2019-04-16 05:30:00,54378686,10526947.25651393,10.526947256513932,42.88766860961914,157.00125671008672
2019-04-16 05:45:00,45046692,8720404.732921056,8.720404732921056,43.5229606628418,157.43784093396988
2019-04-16 06:00:00,119698847,23172009.875974767,23.17200987597477,44.88636016845703,157.491179865167
2019-04-16 06:15:00,243329694,47105199.53868827,47.10519953868828,47.27187728881836,157.09979572627887
2019-04-16 06:30:00,120360219,23300042.17452893,23.30004217452893,51.48537826538086,156.95269492774736
2019-04-16 06:45:00,170811014,33066605.08879642,33.066605088796415,55.69611358642578,156.9795413247851
2019-04-16 07:00:00,411679444,79695338.60341863,79.69533860341863,59.93338394165039,156.71599604841677
2019-04-16 07:15:00,210865092,40820510.11169997,40.82051011169997,65.88035583496094,156.75128797281786
2019-04-16 07:30:00,248795561,48163314.36000116,48.16331436000116,70.68536376953125,156.8816864434911
2019-04-16 07:45:00,316216839,61215123.61984174,61.21512361984174,74.55218505859375,156.822968796543
2019-04-16 08:00:00,479768047,92876332.57871836,92.87633257871836,78.06455993652344,156.6726242549599
2019-04-16 08:15:00,351981856,68138726.87842956,68.13872687842957,82.6259765625,156.73095265274182
2019-04-16 08:30:00,365366544,70729813.84623337,70.72981384623337,86.07530212402344,156.7726612906704
2019-04-16 08:45:00,404120484,78232030.47504461,78.23203047504461,88.61214447021484,156.8094040528728
2019-04-16 09:00:00,423218678,81929171.68461101,81.929171684611,90.65975189208984,156.81330833996395
2019-04-16 09:15:00,391539768,75796581.15614823,75.79658115614822,92.58521270751953,156.81763726250915
2019-04-16 09:30:00,328375097,63568791.02359417,63.56879102359417,93.82454681396484,156.91339255739157
2019-04-16 09:45:00,512814227,99273607.31038928,99.27360731038928,93.82968139648438,156.90640966325873
2019-04-16 10:00:00,566823297,109729002.1182625,109.7290021182625,95.18667602539062,156.90640966325873
2019-04-16 10:15:00,446963479,86525830.52523506,86.52583052523505,98.02332305908203,156.91428901001674
2019-04-16 10:30:00,427837228,82823257.875873,82.823257875873,99.66899108886719,156.93191138135873
2019-04-16 10:45:00,499623418,96720052.58466916,96.72005258466916,100.22198486328125,156.93191138135873
2019-04-16 11:00:00,456317773,88336690.01455638,88.33669001455638,101.01565551757812,156.93191138135873
2019-04-16 11:15:00,516042109,99898479.7753887,99.89847977538872,101.17455291748047,156.93191138135873
2019-04-16 11:30:00,642510163,124380912.7288432,124.3809127288432,101.72793579101562,156.93191138135873
2019-04-16 11:45:00,595845499,115347291.4186309,115.3472914186309,104.13166809082031,156.93191138135873
2019-04-16 12:00:00,741059541,143458683.4636538,143.4586834636538,106.63961791992188,156.93191138135873
2019-04-16 12:15:00,842273306,163052241.97273943,163.05224197273944,110.91507720947266,156.93191138135873
2019-04-16 12:30:00,1007583370,195053940.665844,195.053940665844,117.07756042480469,156.85592522594698
2019-04-16 12:45:00,1109965960,214873767.22280216,214.87376722280217,125.93162536621094,157.81798402875566
2019-04-16 13:00:00,1198934878,232096895.91802505,232.096895918025,136.7373504638672,157.7254134997784
2019-04-16 13:15:00,1027717418,198951608.6116292,198.9516086116292,148.7374267578125,156.79723116985744
2019-04-16 13:30:00,865946979,167635131.4349629,167.6351314349629,157.30441284179688,156.0370865254372
2019-04-16 13:45:00,767670154,148610123.1198916,148.61012311989165,160.3582305908203,156.01392030233433
2019-04-16 14:00:00,802955190,155440808.82120106,155.44080882120105,158.3237762451172,156.01392030233433
2019-04-16 14:15:00,714898131,138394203.1776455,138.3942031776455,154.0742950439453,156.01392030233433
2019-04-16 14:30:00,759504274,147029323.83277714,147.02932383277715,147.55764770507812,156.01392030233433
2019-04-16 14:45:00,745679069,144352958.98193297,144.35295898193297,141.18753051757812,156.01392030233433
2019-04-16 15:00:00,768444267,148759980.48719877,148.75998048719876,135.2659454345703,156.01392030233433
2019-04-16 15:15:00,719355852,139257155.14105365,139.25715514105366,130.53746032714844,156.01392030233433
2019-04-16 15:30:00,655377878,126871921.00949298,126.87192100949298,126.28192138671875,156.01392030233433
2019-04-16 15:45:00,728180244,140965433.07102796,140.96543307102797,121.82062530517578,156.01392030233433
2019-04-16 16:00:00,725735353,140492136.62901893,140.49213662901894,118.8238525390625,156.01392030233433
2019-04-16 16:15:00,728969655,141118251.915542,141.118251915542,116.88919067382812,156.01392030233433
2019-04-16 16:30:00,727082164,140752860.25815356,140.75286025815356,115.84825134277344,156.01392030233433
2019-04-16 16:45:00,837895373,162204735.84168744,162.20473584168744,115.41010284423828,156.01392030233433
2019-04-16 17:00:00,796758088,154241137.20910588,154.2411372091059,116.97332763671875,156.01392030233433
2019-04-16 17:15:00,818240531,158399835.4241026,158.3998354241026,118.87100982666016,156.01392030233433
2019-04-16 17:30:00,980749811,189859341.80596063,189.85934180596064,121.09113311767578,156.02194119424368
2019-04-16 17:45:00,817934123,158340519.15347824,158.34051915347823,125.61300659179688,156.02194119424368
2019-04-16 18:00:00,954714682,184819307.7418875,184.8193077418875,128.4503631591797,156.02194119424368
2019-04-16 18:15:00,799444099,154761111.08503616,154.76111108503616,132.10020446777344,156.02194119424368
2019-04-16 18:30:00,775798329,150183623.2503787,150.1836232503787,133.34744262695312,156.02194119424368
2019-04-16 18:45:00,846745347,163917966.08633733,163.91796608633732,132.79306030273438,156.02194119424368
2019-04-16 19:00:00,850166301,164580214.56959343,164.58021456959344,132.27651977539062,156.02194119424368
2019-04-16 19:15:00,841123568,162829668.8990758,162.8296688990758,131.80702209472656,156.02194119424368
2019-04-16 19:30:00,795158835,153931544.36640972,153.93154436640972,131.273681640625,156.02194119424368
2019-04-16 19:45:00,845086369,163596811.3253393,163.59681132533927,130.06117248535156,156.02194119424368
2019-04-16 20:00:00,709211160,137293285.73792794,137.29328573792793,129.33319091796875,156.02194119424368
2019-04-16 20:15:00,785418019,152045859.66510218,152.04585966510217,126.91036987304688,156.02194119424368
2019-04-16 20:30:00,851252643,164790515.07109022,164.79051507109023,124.97928619384766,156.02194119424368
2019-04-16 20:45:00,820252892,158789400.1537113,158.78940015371128,124.46625518798828,156.02194119424368
2019-04-16 21:00:00,1056771601,204576088.98289275,204.57608898289277,124.3327407836914,155.74130434085086
2019-04-16 21:15:00,1209516423,234145333.90542743,234.14533390542744,127.99319458007812,156.09473078832096
2019-04-16 21:30:00,1422484774,275373005.3185202,275.3730053185202,135.6301727294922,159.21529417193904
2019-04-16 21:45:00,1464729416,283550972.66043633,283.55097266043634,147.99562072753906,161.90953535514618
2019-04-16 22:00:00,1377477579,266660246.64817208,266.66024664817206,162.21884155273438,162.14475980581696
2019-04-16 22:15:00,1536848291,297512170.4967379,297.5121704967379,174.388427734375,164.48200052648264
2019-04-16 22:30:00,1357894586,262869255.18442684,262.86925518442683,186.48411560058594,163.7062033474099
2019-04-16 22:45:00,1413592631,273651611.74975353,273.6516117497536,193.8446502685547,165.71706453994096
2019-04-16 23:00:00,1345048375,260382409.77512348,260.38240977512345,198.59539794921875,165.68618410609
2019-04-16 23:15:00,1211613498,234551298.07157063,234.55129807157067,199.90084838867188,166.97770104407496
2019-04-16 23:30:00,1127388248,218246476.64913505,218.24647664913505,196.82313537597656,166.5877559475588
2019-04-16 23:45:00,952910294,184470003.65413728,184.4700036541373,190.29225158691406,165.74617565940017
2019-04-17 00:00:00,819450474,158634063.33730352,158.63406333730353,179.70477294921875,165.74617565940017
2019-04-17 00:15:00,746890725,144587518.50779274,144.58751850779274,166.10459899902344,165.74617565940017
2019-04-17 00:30:00,702961764,136083490.7444066,136.08349074440662,151.3286895751953,165.74617565940017
2019-04-17 00:45:00,657598639,127301829.04214244,127.30182904214244,136.95921325683594,165.74617565940017
2019-04-17 01:00:00,730906934,141493281.82807338,141.49328182807338,123.29146575927734,165.74617565940017
2019-04-17 01:15:00,696940777,134917912.51434132,134.91791251434134,113.04216003417969,165.74617565940017
2019-04-17 01:30:00,610031614,118093523.35920852,118.09352335920852,105.2112045288086,165.74617565940017
2019-04-17 01:45:00,632175048,122380180.1165288,122.3801801165288,98.59262084960938,165.74617565940017
2019-04-17 02:00:00,520039318,100672283.10554388,100.67228310554388,93.93473815917969,165.74617565940017
2019-04-17 02:15:00,480646509,93046390.44184606,93.04639044184606,89.27558898925781,165.74617565940017
2019-04-17 02:30:00,429018497,83051934.90677358,83.05193490677358,84.72122192382812,165.68636103752917
2019-04-17 02:45:00,406142621,78623487.70048116,78.62348770048116,80.08211517333984,165.61666184592283
2019-04-17 03:00:00,402190711,77858453.61833195,77.85845361833195,75.70745086669922,165.49651360329258
2019-04-17 03:15:00,438310373,84850711.1509452,84.8507111509452,72.02495574951172,165.39260766677873
2019-04-17 03:30:00,359940321,69679373.54462177,69.67937354462177,69.916259765625,165.19344184341216
2019-04-17 03:45:00,352271878,68194871.05038011,68.19487105038012,67.89466857910156,164.93619532627852
2019-04-17 04:00:00,294222561,56957341.36208169,56.95734136208169,66.18201446533203,164.73127333342404
2019-04-17 04:15:00,364007994,70466817.71213521,70.46681771213521,64.16781616210938,164.45725371585647
2019-04-17 04:30:00,195609835,37867307.34722778,37.86730734722778,63.38913345336914,164.35371343765024
2019-04-17 04:45:00,199894262,38696712.03444999,38.69671203444999,61.10414123535156,164.24925311596033
2019-04-17 05:00:00,139865706,27076029.56895803,27.076029568958027,58.43044662475586,164.18488545838784
2019-04-17 05:15:00,110884324,21465642.44531767,21.46564244531767,55.08150100708008,164.33499409138537
2019-04-17 05:30:00,100580352,19470938.67890823,19.47093867890823,51.38738250732422,164.26310094993323
2019-04-17 05:45:00,92277664,17863655.291014466,17.863655291014467,47.96098327636719,164.1671805190409
2019-04-17 06:00:00,140085629,27118603.562406387,27.11860356240639,45.252464294433594,163.9216114768929
2019-04-17 06:15:00,129676103,25103466.02915833,25.103466029158334,44.26301956176758,163.89257113000937
2019-04-17 06:30:00,288531186,55855571.370029256,55.85557137002925,44.62126159667969,163.83700286267862
2019-04-17 06:45:00,275604738,53353193.20829747,53.35319320829747,47.51472473144531,163.548156390508
2019-04-17 07:00:00,267957272,51872751.56562917,51.87275156562917,52.394039154052734,163.37936379753344
2019-04-17 07:15:00,308773733,59774243.19314952,59.77424319314952,57.50588607788086,163.46105894071596
2019-04-17 07:30:00,419832405,81273636.95419921,81.2736369541992,62.815887451171875,163.20712693920956
2019-04-17 07:45:00,387962532,75104078.68015786,75.10407868015785,68.8768081665039,163.04173142986718
2019-04-17 08:00:00,417778198,80875971.4287218,80.8759714287218,74.40876770019531,162.96599297847027
2019-04-17 08:15:00,395052331,76476563.85076836,76.47656385076836,79.61549377441406,162.99460868989976
2019-04-17 08:30:00,482573939,93419513.72677836,93.41951372677838,83.93881225585938,162.95075328384252
2019-04-17 08:45:00,411588225,79677679.89055838,79.67767989055838,88.3287124633789,162.92415459081963
2019-04-17 09:00:00,408585012,79096300.17772241,79.09630017772241,91.30921173095703,162.9212647106464
2019-04-17 09:15:00,382041393,73957829.61574523,73.95782961574523,93.1601333618164,162.94645974758515
2019-04-17 09:30:00,426253670,82516703.36398886,82.51670336398887,93.76091766357422,162.91993182713793
2019-04-17 09:45:00,325579348,63027573.41738994,63.02757341738994,94.147705078125,162.91993182713793
2019-04-17 10:00:00,370554287,71734087.78071846,71.73408778071845,93.01197052001953,162.95075328384252
2019-04-17 10:15:00,408979024,79172575.34815286,79.17257534815286,91.72196960449219,162.96342157488755
2019-04-17 10:30:00,423836659,82048804.09706995,82.04880409706995,90.97456359863281,162.96599297847027
2019-04-17 10:45:00,441777172,85521834.58011256,85.52183458011257,90.81126403808594,162.96599297847027
2019-04-17 11:00:00,416795941,80685820.31636609,80.68582031636609,91.24504852294922,162.97526418588313
2019-04-17 11:15:00,500874996,96962340.44711244,96.96234044711242,91.63612365722656,162.97526418588313
2019-04-17 11:30:00,509682623,98667372.90935412,98.66737290935411,93.080078125,162.97526418588313
2019-04-17 11:45:00,585076998,113262661.38437966,113.26266138437964,95.05337524414062,162.97526418588313
2019-04-17 12:00:00,597172895,115604256.57737908,115.60425657737908,98.15779876708984,162.97526418588313
2019-04-17 12:15:00,788347810,152613025.91346663,152.61302591346663,101.70832061767578,162.97526418588313
2019-04-17 12:30:00,976247493,188987756.49185333,188.98775649185333,107.74761199951172,162.97526418588313
2019-04-17 12:45:00,830127464,160700978.13160962,160.70097813160962,117.15886688232422,162.97526418588313
2019-04-17 13:00:00,944836626,182907055.3106888,182.9070553106888,125.25877380371094,162.1282108185393
2019-04-17 13:15:00,971201781,188010977.7573403,188.0109777573403,133.32614135742188,160.43476462789124
2019-04-17 13:30:00,778924776,150788859.3288909,150.78885932889088,140.78701782226562,160.3083648077434
2019-04-17 13:45:00,859730392,166431687.80146778,166.43168780146777,144.0449981689453,160.3083648077434
2019-04-17 14:00:00,538556745,104256996.00859834,104.25699600859836,145.66229248046875,160.3083648077434
2019-04-17 14:15:00,561707228,108738603.26008327,108.73860326008328,141.2314453125,160.3083648077434
2019-04-17 14:30:00,619851675,119994548.77572463,119.99454877572464,134.30897521972656,160.3083648077434
2019-04-17 14:45:00,593426847,114879074.47723842,114.87907447723842,127.45320129394531,160.3083648077434
2019-04-17 15:00:00,617273519,119495454.1078052,119.4954541078052,120.96458435058594,160.3083648077434
2019-04-17 15:15:00,674380617,130550583.47629662,130.55058347629662,115.71986389160156,160.3083648077434
2019-04-17 15:30:00,622153082,120440068.73743851,120.44006873743852,112.53466796875,160.3083648077434
2019-04-17 15:45:00,604066801,116938819.62388895,116.93881962388896,110.12625885009766,160.3083648077434
2019-04-17 16:00:00,622557998,120518454.76860006,120.51845476860008,108.20256042480469,160.3083648077434
2019-04-17 16:15:00,667289442,129177831.93147792,129.17783193147793,107.029541015625,160.3083648077434
2019-04-17 16:30:00,659880109,127743489.48162638,127.74348948162638,107.04814147949219,160.3083648077434
2019-04-17 16:45:00,704259022,136334621.61108646,136.33462161108645,107.62606048583984,160.3083648077434
2019-04-17 17:00:00,724143552,140183986.38850254,140.18398638850255,109.10000610351562,160.3083648077434
2019-04-17 17:15:00,642533561,124385442.25189768,124.38544225189769,111.19805908203125,160.3083648077434
2019-04-17 17:30:00,702772507,136046853.25638554,136.04685325638553,112.2465591430664,160.3083648077434
2019-04-17 17:45:00,740774906,143403582.13898483,143.40358213898483,113.44578552246094,160.3083648077434
2019-04-17 18:00:00,715210637,138454699.9351314,138.4546999351314,115.10565948486328,160.3083648077434
2019-04-17 18:15:00,886347108,171584308.91249666,171.58430891249665,116.44683837890625,160.3083648077434
2019-04-17 18:30:00,724307795,140215781.51864326,140.21578151864327,119.94348907470703,160.3083648077434
2019-04-17 18:45:00,705758636,136624925.74758452,136.6249257475845,121.81719970703125,160.3083648077434
2019-04-17 19:00:00,733540781,142003157.48874542,142.00315748874542,122.34986114501953,160.3083648077434
2019-04-17 19:15:00,623456808,120692451.71776552,120.69245171776552,122.42447662353516,160.3083648077434
2019-04-17 19:30:00,829971264,160670740.01291975,160.67074001291977,120.5702133178711,160.3083648077434
2019-04-17 19:45:00,906465130,175478874.4505346,175.47887445053462,120.84161376953125,160.3083648077434
2019-04-17 20:00:00,820596910,158855997.1903019,158.8559971903019,123.30537414550781,160.3083648077434
2019-04-17 20:15:00,935196985,181040956.66353264,181.04095666353265,125.47616577148438,160.3083648077434
2019-04-17 20:30:00,937595109,181505199.67342407,181.50519967342407,128.94639587402344,160.3083648077434
2019-04-17 20:45:00,1090679399,211140160.8166721,211.14016081667205,132.7227325439453,161.1003924975033
2019-04-17 21:00:00,1180808588,228587901.6259181,228.58790162591805,138.5292205810547,162.6265087284073
2019-04-17 21:15:00,1414867702,273898447.52591246,273.89844752591245,146.09603881835938,166.44258959942894
2019-04-17 21:30:00,1317464559,255042571.7333329,255.0425717333329,157.3616943359375,167.21031870487522
2019-04-17 21:45:00,1439935152,278751152.5729836,278.75115257298364,167.72901916503906,167.4262930149636
2019-04-17 22:00:00,1505042607,291355038.3084877,291.35503830848774,178.31552124023438,167.99326391409068
2019-04-17 22:15:00,1370739162,265355784.0807721,265.3557840807721,188.6165313720703,167.85893756546773
2019-04-17 22:30:00,1468531255,284286955.1119203,284.2869551119203,195.08448791503906,166.89036768569736
2019-04-17 22:45:00,1328850367,257246703.7031417,257.2467037031417,200.24285888671875,166.54474981240958
2019-04-17 23:00:00,1432340850,277281002.7314807,277.2810027314807,201.3804931640625,166.8068796372645
2019-04-17 23:15:00,1231513437,238403645.8142293,238.40364581422932,201.84739685058594,165.77946236082394
2019-04-17 23:30:00,958854761,185620768.6905909,185.6207686905909,198.2688751220703,164.1123435683254
2019-04-17 23:45:00,785642673,152089349.51347706,152.08934951347706,188.44635009765625,163.0513565001584
2019-04-18 00:00:00,830699891,160811791.9316563,160.8117919316563,173.76783752441406,163.0513565001584
2019-04-18 00:15:00,788118935,152568718.93897787,152.56871893897787,158.88516235351562,163.0513565001584
2019-04-18 00:30:00,732878225,141874895.98447725,141.87489598447726,144.8236846923828,163.0513565001584
2019-04-18 00:45:00,666493420,129023733.290532,129.02373329053202,131.91864013671875,163.0513565001584
2019-04-18 01:00:00,675420709,130751930.62958977,130.75193062958976,119.99742889404297,163.0513565001584
2019-04-18 01:15:00,554105837,107267081.08808486,107.26708108808486,110.04014587402344,163.0513565001584
2019-04-18 01:30:00,622503351,120507875.87953448,120.50787587953448,100.70018768310547,163.0513565001584
2019-04-18 01:45:00,495973064,96013395.49432306,96.01339549432306,94.02841186523438,163.0513565001584
2019-04-18 02:00:00,389052075,75314998.85014327,75.31499885014327,87.7734375,163.0783326469182
2019-04-18 02:15:00,470788608,91138039.73460507,91.13803973460509,80.87649536132812,163.0783326469182
2019-04-18 02:30:00,348345660,67434810.57735625,67.43481057735625,75.91815948486328,163.14901085915466
2019-04-18 02:45:00,327174148,63336304.22204176,63.33630422204176,70.84040832519531,163.19441146644738
2019-04-18 03:00:00,372005729,72015066.49689944,72.01506649689944,66.0886459350586,163.22196558924185
2019-04-18 03:15:00,295583782,57220854.56413772,57.22085456413772,62.90473556518555,163.30826094984295
2019-04-18 03:30:00,254401830,49248609.02984349,49.248609029843486,60.03034973144531,163.46979935381128
2019-04-18 03:45:00,209889074,40631566.781818695,40.6315667818187,57.22562026977539,163.6512602378309
2019-04-18 04:00:00,159608645,30897984.324201137,30.897984324201136,54.281700134277344,163.94523772173764
2019-04-18 04:15:00,224986482,43554212.20444019,43.55421220444019,51.01631164550781,164.09967527728034
2019-04-18 04:30:00,131960140,25545623.403665807,25.545623403665807,49.09615707397461,164.40812575291173
2019-04-18 04:45:00,183736497,35568796.44012785,35.56879644012785,47.071109771728516,164.4477701907166
2019-04-18 05:00:00,212159930,41071172.500484616,41.07117250048461,46.08235549926758,164.43001806965253
2019-04-18 05:15:00,138305526,26774000.708410207,26.77400070841021,46.372867584228516,164.43427621962203
2019-04-18 05:30:00,125405125,24276664.878800794,24.276664878800798,46.55524826049805,164.38523082468225
2019-04-18 05:45:00,114870950,22237397.055817954,22.237397055817954,46.703426361083984,164.3563674092379
2019-04-18 06:00:00,99475953,19257142.596686848,19.257142596686847,47.01231384277344,164.34300318786543
2019-04-18 06:15:00,116010528,22458003.2966654,22.4580032966654,47.4735107421875,164.38941820207611
2019-04-18 06:30:00,172532443,33399849.48327909,33.39984948327909,49.24588394165039,164.33839117501756
2019-04-18 06:45:00,183083077,35442303.536706984,35.44230353670699,52.15032958984375,164.48655356218413
2019-04-18 07:00:00,330645861,64008378.93235663,64.00837893235664,55.653099060058594,164.43176379318572
2019-04-18 07:15:00,259479782,50231628.97400156,50.23162897400156,60.820640563964844,164.44571778602213
2019-04-18 07:30:00,273300980,52907218.12611597,52.90721812611597,65.69173431396484,164.47925219146077
2019-04-18 07:45:00,386808975,74880766.30191498,74.88076630191497,70.27651977539062,164.5132702094998
2019-04-18 08:00:00,432792436,83782516.31144932,83.78251631144931,75.01404571533203,164.4794998954756
2019-04-18 08:15:00,406206168,78635789.50411999,78.63578950412,79.80201721191406,164.49571861073346
2019-04-18 08:30:00,415834566,80499711.66492257,80.49971166492257,83.93257904052734,164.47305959108957
2019-04-18 08:45:00,396165034,76691967.47036234,76.69196747036233,87.45524597167969,164.4986556726238
2019-04-18 09:00:00,367608138,71163754.85408556,71.16375485408557,90.22982025146484,164.525478478803
2019-04-18 09:15:00,299441434,57967641.62585498,57.967641625854974,91.97603607177734,164.61827312093652
2019-04-18 09:30:00,343752416,66545623.27105946,66.54562327105945,91.78297424316406,164.6332415206909
2019-04-18 09:45:00,306951441,59421473.14331846,59.42147314331846,91.10035705566406,164.70990001557152
2019-04-18 10:00:00,362037338,70085326.48278236,70.08532648278236,89.80458068847656,164.68214537047933
2019-04-18 10:15:00,494778648,95782173.38950177,95.78217338950176,88.91712188720703,164.65095825546712
2019-04-18 10:30:00,560086145,108424784.437035,108.42478443703502,89.89092254638672,164.64645240148275
2019-04-18 10:45:00,509419410,98616418.58198716,98.61641858198716,92.7477798461914,164.64645240148275
2019-04-18 11:00:00,542647096,105048830.31731312,105.04883031731312,95.90238189697266,164.64645240148275
2019-04-18 11:15:00,534312959,103435458.8462268,103.4354588462268,99.23391723632812,164.64645240148275
2019-04-18 11:30:00,485324533,93951989.96134724,93.95198996134724,102.12144470214844,164.64645240148275
2019-04-18 11:45:00,493834873,95599471.85002328,95.59947185002328,103.71822357177734,164.64645240148275
2019-04-18 12:00:00,670098875,129721698.567235,129.721698567235,104.47520446777344,164.64645240148275
2019-04-18 12:15:00,872489525,168901676.1371522,168.9016761371522,107.0117416381836,164.64645240148275
2019-04-18 12:30:00,869710715,168363737.68262842,168.36373768262845,113.05462646484375,164.64645240148275
2019-04-18 12:45:00,931234920,180273956.7164968,180.2739567164968,120.34208679199219,164.64645240148275
2019-04-18 13:00:00,1037673964,200879055.60067663,200.87905560067665,128.3587188720703,164.6784416056859
2019-04-18 13:15:00,950969769,184094345.3617514,184.0943453617514,137.33116149902344,164.6784416056859
2019-04-18 13:30:00,819513683,158646299.70890576,158.64629970890576,144.5341796875,164.6784416056859
2019-04-18 13:45:00,748367283,144873359.3276166,144.8733593276166,147.79067993164062,164.6784416056859
2019-04-18 14:00:00,692601851,134077957.58876778,134.0779575887678,147.26303100585938,164.6784416056859
2019-04-18 14:15:00,643705620,124612336.35659382,124.6123363565938,143.71682739257812,164.6784416056859
2019-04-18 14:30:00,659829481,127733688.61432144,127.73368861432144,138.03578186035156,164.6784416056859
2019-04-18 14:45:00,642603554,124398991.9102937,124.3989919102937,131.97254943847656,164.6784416056859
2019-04-18 15:00:00,654979358,126794773.1537933,126.7947731537933,126.05546569824219,164.6784416056859
2019-04-18 15:15:00,515245983,99744361.00150844,99.74436100150844,121.02105712890625,164.6784416056859
2019-04-18 15:30:00,671110303,129917496.77408686,129.91749677408686,115.01785278320312,164.6784416056859
2019-04-18 15:45:00,634651918,122859667.24226114,122.85966724226114,111.38423919677734,164.6784416056859
2019-04-18 16:00:00,514934688,99684098.67655604,99.68409867655603,108.91667175292969,164.6784416056859
2019-04-18 16:15:00,641763119,124236295.53845552,124.23629553845552,105.73995971679688,164.6784416056859
2019-04-18 16:30:00,651609459,126142408.19902444,126.14240819902446,104.32946014404297,164.6784416056859
2019-04-18 16:45:00,747242330,144655584.28066057,144.65558428066058,104.19440460205078,164.6784416056859
2019-04-18 17:00:00,733567760,142008380.2429332,142.0083802429332,106.19110870361328,164.6784416056859
2019-04-18 17:15:00,690986047,133765160.70572312,133.76516070572313,108.98812866210938,164.6784416056859
2019-04-18 17:30:00,785149173,151993814.8683205,151.9938148683205,111.33737182617188,164.6784416056859
2019-04-18 17:45:00,766871237,148455464.04774463,148.45546404774464,114.54283905029297,164.6784416056859
2019-04-18 18:00:00,843082194,163208831.28996617,163.20883128996616,117.54887390136719,164.6784416056859
2019-04-18 18:15:00,955213753,184915920.85413253,184.9159208541325,121.21424102783203,164.6784416056859
2019-04-18 18:30:00,781749184,151335624.91360685,151.33562491360686,126.44552612304688,164.6784416056859
2019-04-18 18:45:00,830870963,160844909.05995664,160.84490905995665,129.34689331054688,164.6784416056859
2019-04-18 19:00:00,858305986,166155942.8738713,166.15594287387128,131.36212158203125,164.6784416056859
2019-04-18 19:15:00,735729058,142426777.07678849,142.42677707678848,132.95008850097656,164.6784416056859
2019-04-18 19:30:00,727745796,140881330.0608578,140.8813300608578,132.22186279296875,164.6784416056859
2019-04-18 19:45:00,742503844,143738280.17004398,143.73828017004396,130.1763458251953,164.6784416056859
2019-04-18 20:00:00,905721065,175334833.95256415,175.33483395256414,127.76549530029297,164.6784416056859
2019-04-18 20:15:00,1069983696,207133764.3782315,207.1337643782315,127.77809143066406,164.94262383523525
2019-04-18 20:30:00,1222732906,236703858.75572655,236.70385875572657,131.54513549804688,166.63842911173901
2019-04-18 20:45:00,1112084245,215283837.3460351,215.28383734603509,139.29177856445312,167.23729485163503
2019-04-18 21:00:00,1300913298,251838480.8589084,251.8384808589084,146.677978515625,168.9713880915766
2019-04-18 21:15:00,1216780900,235551634.27511933,235.5516342751193,155.99252319335938,169.26147308382144
2019-04-18 21:30:00,1140153760,220717699.8693209,220.7176998693209,163.77691650390625,166.5469201713968
2019-04-18 21:45:00,1167161717,225946059.72423163,225.9460597242316,168.54627990722656,165.39588679611813
2019-04-18 22:00:00,1152044738,223019625.6318222,223.0196256318222,171.39035034179688,162.41540593061092
2019-04-18 22:15:00,1427080542,276262681.2356465,276.2626812356465,172.42715454101562,161.35927857930662
2019-04-18 22:30:00,1368241392,264872251.00958124,264.87225100958125,176.6156463623047,161.328539690607
2019-04-18 22:45:00,1229322540,237979519.0311097,237.97951903110967,180.79600524902344,158.44968824376286
2019-04-18 23:00:00,1327908429,257064357.7809746,257.0643577809746,182.2310028076172,158.4209899643284
2019-04-18 23:15:00,1263323138,244561555.6370684,244.56155563706835,183.56092834472656,156.07483189912824
2019-04-18 23:30:00,1110778026,215030971.75604168,215.03097175604168,183.3863983154297,155.23635380886984
2019-04-18 23:45:00,765082549,148109199.25873595,148.10919925873594,179.85450744628906,155.23635380886984
2019-04-19 00:00:00,999760841,193539609.2935201,193.5396092935201,169.3550262451172,155.33021003963844
2019-04-19 00:15:00,988397188,191339766.2194832,191.3397662194832,160.2184295654297,155.35515737256236
2019-04-19 00:30:00,986423904,190957766.24636647,190.95776624636648,152.36399841308594,155.3718243141328
2019-04-19 00:45:00,895167262,173291766.42539665,173.29176642539664,146.1077423095703,155.3718243141328
2019-04-19 01:00:00,676903894,131039054.34322,131.03905434322,140.0830841064453,155.3718243141328
2019-04-19 01:15:00,609557772,118001794.22581384,118.00179422581384,131.5972137451172,155.3718243141328
2019-04-19 01:30:00,600196434,116189571.11736289,116.18957111736287,121.43072509765625,155.3718243141328
2019-04-19 01:45:00,525001091,101632812.43260036,101.63281243260036,111.54765319824219,155.3718243141328
2019-04-19 02:00:00,419900586,81286835.83493157,81.28683583493157,101.7518539428711,155.393987925747
2019-04-19 02:15:00,458508678,88760818.3463633,88.76081834636331,91.70677185058594,155.36849800307627
2019-04-19 02:30:00,367743369,71189933.66988935,71.18993366988934,83.28726959228516,155.42876085125985
2019-04-19 02:45:00,332128680,64295431.79354487,64.29543179354486,75.42572784423828,155.44195993662245
2019-04-19 03:00:00,300261557,58126405.88074804,58.12640588074804,68.50498962402344,155.47321782421034
2019-04-19 03:15:00,288514860,55852410.88650985,55.85241088650985,62.454734802246094,155.54686848462495
2019-04-19 03:30:00,219369968,42466934.24697957,42.46693424697957,57.60700607299805,155.6695409491208
2019-04-19 03:45:00,230274488,44577895.642729394,44.5778956427294,53.188533782958984,155.70050395097672
2019-04-19 04:00:00,137337802,26586662.980042465,26.586662980042465,49.89901351928711,155.82653811281693
2019-04-19 04:15:00,119541780,23141603.91830343,23.14160391830343,46.588287353515625,155.91342324488195
2019-04-19 04:30:00,92913673,17986777.670206714,17.986777670206713,43.483028411865234,156.23248960686394
2019-04-19 04:45:00,90045624,17431563.80291876,17.43156380291876,40.73137664794922,156.38847236364214
2019-04-19 05:00:00,73302269,14190286.237254724,14.190286237254725,38.59792709350586,156.75058024706118
2019-04-19 05:15:00,349136606,67587926.57623771,67.5879265762377,37.0311164855957,156.5179743816902
2019-04-19 05:30:00,96917531,18761868.15305824,18.76186815305824,39.829833984375,156.64201511598233
2019-04-19 05:45:00,93461233,18092777.56950139,18.09277756950139,41.83855438232422,156.7564779617004
2019-04-19 06:00:00,120027550,23235642.14439806,23.23564214439806,43.655357360839844,156.74829193378116
2019-04-19 06:15:00,165052440,31951826.3173724,31.9518263173724,45.72575759887695,156.5550828022002
2019-04-19 06:30:00,167196914,32366966.261926517,32.366966261926514,48.83341598510742,156.4195769106494
2019-04-19 06:45:00,249365704,48273686.009836,48.273686009836005,52.6718635559082,156.26517474139453
2019-04-19 07:00:00,312933799,60579573.34337817,60.57957334337817,57.29454040527344,156.04734854890944
2019-04-19 07:15:00,295674311,57238379.70272207,57.23837970272207,62.66684341430664,156.09418819857416
2019-04-19 07:30:00,265845413,51463925.425435305,51.463925425435306,67.80449676513672,156.08435081055595
2019-04-19 07:45:00,352165107,68174201.68949255,68.17420168949255,72.11859893798828,155.9847148194409
2019-04-19 08:00:00,382539136,74054185.64590563,74.05418564590563,76.03884887695312,155.9847148194409
2019-04-19 08:15:00,490308731,94916860.45237055,94.91686045237056,79.81876373291016,155.95699556063656
2019-04-19 08:30:00,488462346,94559426.33727962,94.55942633727962,84.10755920410156,155.92026459386346
2019-04-19 08:45:00,570477876,110436477.10906611,110.43647710906612,88.64725494384766,155.89899743487442
2019-04-19 09:00:00,440192926,85215146.88112433,85.21514688112433,94.44025421142578,155.88912466056837
2019-04-19 09:15:00,372187169,72050190.72388466,72.05019072388465,98.15927124023438,155.88912466056837
2019-04-19 09:30:00,601124450,116369221.93653126,116.36922193653126,99.2665023803711,155.7403607065086
2019-04-19 09:45:00,478742698,92677839.46245368,92.67783946245368,101.84796142578125,155.66049385486423
2019-04-19 10:00:00,541336829,104795181.09156775,104.79518109156776,103.26338958740234,155.5445447850571
2019-04-19 10:15:00,622440671,120495741.91487709,120.49574191487709,104.67349243164062,155.49677329647938
2019-04-19 10:30:00,526384658,101900651.50533655,101.90065150533655,106.9681396484375,155.49677329647938
2019-04-19 10:45:00,682099009,132044755.39301229,132.04475539301228,108.12157440185547,155.49677329647938
2019-04-19 11:00:00,524651365,101565110.40765198,101.56511040765196,110.6383285522461,155.49677329647938
2019-04-19 11:15:00,542747965,105068357.13417695,105.06835713417696,111.34510040283203,155.49677329647938
2019-04-19 11:30:00,549286278,106334082.3872215,106.3340823872215,111.17516326904297,155.49677329647938
2019-04-19 11:45:00,609462315,117983315.09587929,117.98331509587928,110.52371215820312,155.49677329647938
2019-04-19 12:00:00,832653015,161189889.21288577,161.18988921288576,110.457763671875,155.49677329647938
2019-04-19 12:15:00,759820701,147090579.6406048,147.0905796406048,113.85238647460938,155.49677329647938
2019-04-19 12:30:00,891644939,172609894.33232316,172.60989433232317,117.74396514892578,155.49677329647938
2019-04-19 12:45:00,928483802,179741379.04291257,179.74137904291257,123.35212707519531,155.49677329647938
2019-04-19 13:00:00,958533172,185558513.5923107,185.5585135923107,129.76344299316406,155.49677329647938
2019-04-19 13:15:00,1042166809,201748807.07548597,201.748807075486,136.2633819580078,155.52187396998391
2019-04-19 13:30:00,1041830627,201683726.9780634,201.68372697806345,143.2425537109375,155.9732142758944
2019-04-19 13:45:00,903139184,174835018.17714077,174.83501817714077,149.53245544433594,155.9732142758944
2019-04-19 14:00:00,921030205,178298467.7064689,178.2984677064689,152.4781494140625,155.9732142758944
2019-04-19 14:15:00,767678557,148611749.82226902,148.61174982226902,153.40365600585938,155.9732142758944
2019-04-19 14:30:00,862505746,166968957.22309658,166.96895722309657,150.5987091064453,155.9732142758944
2019-04-19 14:45:00,943295457,182608706.71182096,182.60870671182096,147.46224975585938,155.9732142758944
2019-04-19 15:00:00,885040243,171331318.26600724,171.33131826600726,145.50648498535156,155.9732142758944
2019-04-19 15:15:00,1032040767,199788548.04952776,199.78854804952775,143.43682861328125,156.3062346307128
2019-04-19 15:30:00,1068702219,206885688.49075168,206.88568849075168,143.7386932373047,156.96819412181924
2019-04-19 15:45:00,703189588,136127594.260107,136.127594260107,145.7703399658203,156.96819412181924
2019-04-19 16:00:00,885895456,171496875.45038065,171.49687545038066,142.94837951660156,156.96819412181924
2019-04-19 16:15:00,842417393,163080135.18533656,163.08013518533656,140.62730407714844,156.96819412181924
2019-04-19 16:30:00,755058173,146168621.33760956,146.16862133760955,137.9785919189453,156.96819412181924
2019-04-19 16:45:00,885267415,171375295.5636962,171.3752955636962,134.12840270996094,156.96819412181924
2019-04-19 17:00:00,996975891,193000482.22152668,193.00048222152668,131.99900817871094,156.98641806005443
2019-04-19 17:15:00,927839475,179616646.41614503,179.61664641614502,132.65756225585938,156.98641806005443
2019-04-19 17:30:00,853499125,165225402.32685634,165.22540232685634,133.7392578125,156.98641806005443
2019-04-19 17:45:00,1011007876,195716876.76624212,195.7168767662421,133.85813903808594,157.0765587306003
2019-04-19 18:00:00,806565581,156139729.6379415,156.1397296379415,135.80450439453125,157.0765587306003
2019-04-19 18:15:00,680736098,131780915.03077324,131.78091503077323,135.3453369140625,157.0765587306003
2019-04-19 18:30:00,719942139,139370652.04177278,139.3706520417728,131.79562377929688,157.0765587306003
2019-04-19 18:45:00,716117816,138630317.00475344,138.63031700475344,127.51611328125,157.0765587306003
2019-04-19 19:00:00,800356592,154937756.87016857,154.93775687016856,123.18706512451172,157.0765587306003
2019-04-19 19:15:00,772127501,149473002.6821705,149.47300268217052,120.57266235351562,157.0765587306003
2019-04-19 19:30:00,703384086,136165246.33186722,136.16524633186722,118.78780364990234,157.0765587306003
2019-04-19 19:45:00,674689741,130610425.52624469,130.61042552624468,116.7164077758789,157.0765587306003
2019-04-19 20:00:00,640755794,124041291.61458048,124.04129161458047,114.34355926513672,157.0765587306003
2019-04-19 20:15:00,660537952,127870838.61551435,127.87083861551436,111.62511444091797,157.0765587306003
2019-04-19 20:30:00,629394009,121841810.15901808,121.84181015901808,109.32520294189453,156.48747140157613
2019-04-19 20:45:00,802955464,155440861.8637396,155.4408618637396,107.09151458740234,154.9064828336688
2019-04-19 21:00:00,957488637,185356306.33683228,185.3563063368323,107.71227264404297,154.04023830288895
2019-04-19 21:15:00,1019851599,197428896.90538672,197.42889690538672,112.15603637695312,152.14280195829943
2019-04-19 21:30:00,889202244,172137023.00496614,172.13702300496615,119.25836181640625,150.52734714604046
2019-04-19 21:45:00,1069869274,207111613.89156863,207.11161389156865,125.15190887451172,150.10928174612448
2019-04-19 22:00:00,1038690563,201075854.84025413,201.07585484025407,132.4863739013672,149.33757758101137
2019-04-19 22:15:00,1082571795,209570642.94188005,209.57064294188004,139.1973876953125,148.99657172057147
2019-04-19 22:30:00,971942998,188154466.92264733,188.1544669226473,145.46302795410156,145.73315389296215
2019-04-19 22:45:00,809188874,156647562.19294995,156.64756219294995,148.93338012695312,142.87312795124643
2019-04-19 23:00:00,965048886,186819863.99744055,186.81986399744056,147.9409637451172,141.38542943350234
2019-04-19 23:15:00,625142781,121018832.33032589,121.01883233032588,146.93727111816406,138.8569965996623
2019-04-19 23:30:00,662955811,128338902.04328252,128.3389020432825,140.6939697265625,136.64418586245495
2019-04-19 23:45:00,418829352,81079460.02931935,81.07946002931935,132.9950714111328,135.59593785790867
2019-04-20 00:00:00,604798921,117080547.73819904,117.08054773819904,121.69356536865234,135.59593785790867
2019-04-20 00:15:00,672818203,130248122.14483231,130.2481221448323,112.4958724975586,134.96894001918355
2019-04-20 00:30:00,659480186,127666070.02489904,127.66607002489904,106.3470687866211,134.37367188521745
2019-04-20 00:45:00,637803688,123469805.49669896,123.46980549669895,102.3882064819336,133.77398046527193
2019-04-20 01:00:00,697921476,135107762.01985377,135.10776201985377,99.96202850341797,133.6745567918839
2019-04-20 01:15:00,602976098,116727674.8942513,116.72767489425132,99.81006622314453,133.6745567918839
2019-04-20 01:30:00,544127127,105335343.46099237,105.33534346099236,99.56700134277344,133.68801537669063
2019-04-20 01:45:00,536939653,103943949.78690532,103.94394978690534,98.4549331665039,133.69834817273855
2019-04-20 02:00:00,469972828,90980116.22330657,90.98011622330657,96.94931030273438,133.71748035902817
2019-04-20 02:15:00,399828446,77401152.40548344,77.40115240548344,94.37862396240234,133.73598738756607
2019-04-20 02:30:00,323373650,62600581.3692592,62.6005813692592,90.491455078125,133.85391808949197
2019-04-20 02:45:00,240068073,46473795.67876899,46.473795678768994,85.19927215576172,133.98917627702792
2019-04-20 03:00:00,243404495,47119679.95812567,47.11967995812567,78.56568908691406,134.07629731767852
2019-04-20 03:15:00,216502338,41911801.492186695,41.9118014921867,72.22984313964844,134.20436029335463
2019-04-20 03:30:00,167380984,32402599.619847417,32.402599619847415,66.35470581054688,134.45285460196365
2019-04-20 03:45:00,216168822,41847237.494792506,41.84723749479251,60.81927490234375,134.4661362553312
2019-04-20 04:00:00,205812066,39842315.489862405,39.84231548986241,56.849388122558594,134.5095316396466
2019-04-20 04:15:00,225449953,43643933.65839227,43.64393365839227,54.26120376586914,134.24282518823165
2019-04-20 04:30:00,200972465,38905436.94024883,38.90543694024883,53.20882034301758,133.97903220784846
2019-04-20 04:45:00,153494737,29714417.898061704,29.714417898061704,52.908409118652344,133.6939366821884
2019-04-20 05:00:00,132473438,25644990.662611235,25.644990662611235,52.63719177246094,133.50646012923676
2019-04-20 05:15:00,128602427,24895617.486760955,24.895617486760955,52.634708404541016,133.20831885879474
2019-04-20 05:30:00,153334358,29683370.783866037,29.68337078386603,52.7801628112793,133.55392493665323
2019-04-20 05:45:00,175707668,34014528.29516809,34.014528295168084,53.790496826171875,133.21915885830163
2019-04-20 06:00:00,146835094,28425204.86690806,28.425204866908057,55.74210739135742,132.97115995772228
2019-04-20 06:15:00,99498057,19261421.61957751,19.261421619577508,58.12515640258789,133.0790645447615
2019-04-20 06:30:00,111160390,21519084.932348654,21.51908493234865,60.06311798095703,133.28275981297102
2019-04-20 06:45:00,271726188,52602360.58829352,52.60236058829352,61.90730667114258,133.0945165571163
2019-04-20 07:00:00,167910789,32505162.40136144,32.50516240136144,65.13511657714844,133.25364869351182
2019-04-20 07:15:00,123691433,23944918.258481394,23.944918258481398,68.06270599365234,133.6738018844101
2019-04-20 07:30:00,147598135,28572918.85105173,28.57291885105173,70.3044662475586,133.97760496090575
2019-04-20 07:45:00,285304845,55230997.220912665,55.23099722091266,72.15509796142578,133.94534446182922
2019-04-20 08:00:00,217798794,42162777.10296904,42.16277710296904,74.81006622314453,134.1219692198447
2019-04-20 08:15:00,262629705,50841409.67526896,50.84140967526896,77.16471099853516,134.24980808236447
2019-04-20 08:30:00,254432985,49254640.19877935,49.25464019877935,79.6156997680664,134.47781373031685
2019-04-20 08:45:00,338033803,65438580.38606929,65.43858038606929,81.8160629272461,134.58584806707816
2019-04-20 09:00:00,372184867,72049745.0891265,72.0497450891265,84.35596466064453,134.69716153317884
2019-04-20 09:15:00,359918823,69675211.83479081,69.67521183479082,87.07766723632812,134.7613876456
2019-04-20 09:30:00,419901909,81287091.94908668,81.28709194908669,89.46294403076172,134.72306429587434
2019-04-20 09:45:00,372773424,72163681.42985478,72.16368142985478,91.90682983398438,134.85110368069186
2019-04-20 10:00:00,509680339,98666930.7591423,98.66693075914228,93.6195068359375,134.83908413825714
2019-04-20 10:15:00,552394161,106935724.7369542,106.9357247369542,95.86509704589844,134.83665427982578
2019-04-20 10:30:00,513873534,99478674.21688744,99.47867421688744,98.96493530273438,134.85391099286014
2019-04-20 10:45:00,557263000,107878263.35131972,107.87826335131972,102.16869354248047,134.84652705413183
2019-04-20 11:00:00,652938669,126399724.52260812,126.39972452260812,105.46011352539062,134.84652705413183
2019-04-20 11:15:00,881293436,170605989.2341631,170.6059892341631,109.39787292480469,134.84206838186458
2019-04-20 11:30:00,648672718,125573896.5286056,125.57389652860562,116.40878295898438,134.82095456345616
2019-04-20 11:45:00,562809507,108951988.9401816,108.9519889401816,121.21395874023438,134.81477375851424
2019-04-20 12:00:00,592273993,114655898.18988824,114.65589818988823,122.80619812011719,134.81477375851424
2019-04-20 12:15:00,575994313,111504381.56970134,111.50438156970134,122.70088958740234,134.81477375851424
2019-04-20 12:30:00,675603393,130787295.6774434,130.7872956774434,121.2645263671875,134.81477375851424
2019-04-20 12:45:00,597505485,115668641.31422327,115.6686413142233,120.53845977783203,134.76431291206106
2019-04-20 13:00:00,712077065,137848084.55703107,137.84808455703106,119.0819091796875,134.50752641666926
2019-04-20 13:15:00,682192169,132062789.85611822,132.06278985611823,119.0267105102539,134.02768835362204
2019-04-20 13:30:00,536932313,103942528.86634718,103.94252886634716,119.23815155029297,133.15797596663433
2019-04-20 13:45:00,562287924,108851017.8219958,108.8510178219958,117.44754028320312,132.2760671057727
2019-04-20 14:00:00,509126113,98559640.41619083,98.55964041619085,115.07344818115234,132.1327880263274
2019-04-20 14:15:00,549381704,106352555.51599294,106.35255551599292,111.79743194580078,131.85861506817918
2019-04-20 14:30:00,699274747,135369736.21394828,135.36973621394827,108.91133880615234,131.85861506817918
2019-04-20 14:45:00,658792582,127532959.58082968,127.53295958082968,108.61272430419922,131.84146451400832
2019-04-20 15:00:00,604182782,116961271.91098095,116.96127191098095,109.21292114257812,131.33676168604214
2019-04-20 15:15:00,737185363,142708697.2012357,142.7086972012357,109.51419067382812,131.1949924215445
2019-04-20 15:30:00,659157136,127603532.0976086,127.6035320976086,111.48101043701172,130.20954328247666
2019-04-20 15:45:00,723824844,140122289.01122075,140.12228901122074,112.99037170410156,128.90062808630597
2019-04-20 16:00:00,578544681,111998096.87243412,111.99809687243412,115.01069641113281,128.9126358333114
2019-04-20 16:15:00,607108995,117527745.5089698,117.52774550896982,114.9513168334961,128.68978478795373
2019-04-20 16:30:00,584233227,113099319.20995536,113.09931920995535,114.1263198852539,128.6924741458292
2019-04-20 16:45:00,574654715,111245054.27571464,111.24505427571464,112.58218383789062,128.7080323170475
2019-04-20 17:00:00,694598647,134464509.15373236,134.46450915373237,110.62973022460938,128.49807367589113
2019-04-20 17:15:00,656884075,127163499.52201752,127.16349952201752,110.35511016845703,127.53103720192695
2019-04-20 17:30:00,702270244,135949622.21792504,135.94962221792505,110.47605895996094,126.93592240854147
2019-04-20 17:45:00,774673012,149965777.73815247,149.96577773815247,111.4801254272461,126.85182099778615
2019-04-20 18:00:00,754287306,146019392.3501569,146.0193923501569,113.8934097290039,125.68809574060386
2019-04-20 18:15:00,693537450,134259076.36986977,134.25907636986975,116.51615905761719,125.68809574060386
2019-04-20 18:30:00,630517164,122059237.13851312,122.05923713851313,118.08476257324219,125.68809574060386
2019-04-20 18:45:00,567124784,109787365.752638,109.787365752638,117.95563507080078,125.711061441409
2019-04-20 19:00:00,569832802,110311599.87362596,110.31159987362597,115.94158935546875,125.73422766451186
2019-04-20 19:15:00,529977713,102596216.31679145,102.59621631679144,113.11234283447266,125.77290487711589
2019-04-20 19:30:00,430023843,83246555.72413845,83.24655572413846,109.52579498291016,125.89274643858491
2019-04-20 19:45:00,653817203,126569796.32392111,126.56979632392112,104.51953125,125.89274643858491
2019-04-20 20:00:00,622729218,120551600.54761466,120.55160054761468,102.42239379882812,125.89274643858491
2019-04-20 20:15:00,779410462,150882881.2937693,150.8828812937693,101.7253189086914,125.89274643858491
2019-04-20 20:30:00,628057657,121583111.24488586,121.58311124488586,104.19071197509766,125.89274643858491
2019-04-20 20:45:00,657110710,127207372.86407438,127.20737286407436,106.04515838623047,125.89274643858491
2019-04-20 21:00:00,895418792,173340459.0886109,173.34045908861088,107.82643127441406,126.3323738832219
2019-04-20 21:15:00,811687833,157131325.43778434,157.13132543778434,112.75553131103516,125.51313413811665
2019-04-20 21:30:00,793114775,153535843.1571317,153.5358431571317,117.66327667236328,124.3309018523965
2019-04-20 21:45:00,1017970863,197064812.9208008,197.0648129208008,121.77523040771484,125.08281328718036
2019-04-20 22:00:00,1057789483,204773136.5931891,204.7731365931891,128.23374938964844,125.02628959007805
2019-04-20 22:15:00,1044415914,202184202.1070864,202.1842021070864,135.7933807373047,125.04912554116112
2019-04-20 22:30:00,1350675060,261471656.6948453,261.47165669484525,142.8795623779297,127.73657255710388
2019-04-20 22:45:00,986224056,190919078.4900033,190.91907849000324,153.5246124267578,127.8438283955328
2019-04-20 23:00:00,1003107325,194187441.43427405,194.18744143427404,159.07835388183594,128.93334860712437
2019-04-20 23:15:00,1097851917,212528659.2199324,212.5286592199324,161.4839324951172,129.6523389987921
2019-04-20 23:30:00,968531239,187493998.46180704,187.49399846180705,163.13233947753906,130.52906966620048
2019-04-20 23:45:00,578430612,111976014.72159652,111.97601472159651,161.9484100341797,130.5352622665717
2019-04-21 00:00:00,708139639,137085854.3731604,137.0858543731604,153.32522583007812,130.41104460084037
2019-04-21 00:15:00,748708948,144939500.8565678,144.9395008565678,143.7111358642578,130.41104460084037
2019-04-21 00:30:00,759696978,147066628.61142,147.06662861142,135.03822326660156,130.41104460084037
2019-04-21 00:45:00,713477945,138119275.18257698,138.11927518257698,127.96560668945312,130.41104460084037
2019-04-21 01:00:00,739912152,143236565.12328595,143.23656512328594,121.93289947509766,130.41104460084037
2019-04-21 01:15:00,686902582,132974659.42956464,132.97465942956467,117.60084533691406,130.41104460084037
2019-04-21 01:30:00,620510222,120122034.19409125,120.12203419409124,113.97418212890625,130.41104460084037
2019-04-21 01:45:00,562151884,108824682.39519316,108.82468239519318,110.24200439453125,130.4066449057195
2019-04-21 02:00:00,451682722,87439409.46224123,87.43940946224123,106.09268188476562,130.46325117082677
2019-04-21 02:15:00,346609122,67098641.29340313,67.09864129340312,100.57138061523438,130.61056428708528
2019-04-21 02:30:00,323202208,62567392.614173226,62.56739261417323,92.86680603027344,130.70648471797762
2019-04-21 02:45:00,311972203,60393421.909449175,60.39342190944917,84.9715576171875,130.71413995157934
2019-04-21 03:00:00,299965069,58069009.98232216,58.06900998232216,77.73654174804688,130.61183819344737
2019-04-21 03:15:00,368615121,71358692.57158035,71.35869257158035,71.55337524414062,130.4066449057195
2019-04-21 03:30:00,367031142,71052056.56002933,71.05205656002933,67.74669647216797,130.0803007638727
2019-04-21 03:45:00,231253029,44767327.3898543,44.76732738985429,65.8443832397461,129.84497015433843
2019-04-21 04:00:00,228694083,44271951.50721037,44.27195150721037,63.45460891723633,129.7882341395091
2019-04-21 04:15:00,173166891,33522669.67487035,33.52266967487035,61.15177536010742,129.90115178399165
2019-04-21 04:30:00,205571839,39795810.92815618,39.79581092815618,58.485328674316406,129.96227569851257
2019-04-21 04:45:00,210398727,40730228.42013273,40.730228420132725,56.46710968017578,129.9393807702831
2019-04-21 05:00:00,219394576,42471698.00898163,42.47169800898163,55.238460540771484,129.68462308872722
2019-04-21 05:15:00,215832696,41782168.23818077,41.78216823818077,54.863643646240234,129.30867916676456
2019-04-21 05:30:00,217250539,42056642.66146892,42.05664266146892,55.22146987915039,128.87200057944716
2019-04-21 05:45:00,179272571,34704643.276166126,34.704643276166124,56.20970916748047,128.7294292257586
2019-04-21 06:00:00,178343010,34524693.36677125,34.52469336677125,57.16390609741211,128.7117360818409
2019-04-21 06:15:00,212735761,41182645.26695906,41.18264526695906,58.185264587402344,128.37154410602122
2019-04-21 06:30:00,163005550,31555577.25997727,31.55557725997727,59.64126968383789,127.9281657148737
2019-04-21 06:45:00,224679401,43494765.650500335,43.494765650500334,61.07146072387695,127.22795364661725
2019-04-21 07:00:00,228033699,44144110.47153242,44.14411047153242,63.20608901977539,127.37240047356111
2019-04-21 07:15:00,175126947,33902108.893607885,33.90210889360788,65.68975067138672,127.32344944205556
2019-04-21 07:30:00,172377767,33369906.38951165,33.36990638951165,67.6964111328125,127.00428871663935
2019-04-21 07:45:00,191882025,37145655.86686091,37.14565586686091,69.32748413085938,126.72200050314756
2019-04-21 08:00:00,194326883,37618945.920535,37.618945920535,70.84095001220703,127.01752318828977
2019-04-21 08:15:00,193570787,37472576.39051618,37.472576390516174,72.27693939208984,127.11820897261059
2019-04-21 08:30:00,256054577,49568557.55705434,49.56855755705434,73.60006713867188,127.12446055012816
2019-04-21 08:45:00,357867478,69278100.35217951,69.27810035217951,75.44012451171875,126.93412950329115
2019-04-21 09:00:00,330103960,63903474.53571027,63.90347453571027,78.28253173828125,126.94262221237163
2019-04-21 09:15:00,487246705,94324095.37158,94.32409537158,81.20421600341797,126.80170221878203
2019-04-21 09:30:00,358763783,69451612.3686477,69.4516123686477,85.28944396972656,126.8045685080967
2019-04-21 09:45:00,486046879,94091825.96700127,94.09182596700128,88.33323669433594,126.7421235054966
2019-04-21 10:00:00,523927401,101424961.18000028,101.42496118000028,91.56729125976562,126.54574140343973
2019-04-21 10:15:00,438286479,84846085.60928082,84.84608560928082,95.23884582519531,126.63651902716666
2019-04-21 10:30:00,416683290,80664012.67034476,80.66401267034476,98.15008544921875,126.75975767226787
2019-04-21 10:45:00,391692972,75826239.29146041,75.82623929146041,99.79429626464844,126.87528210662097
2019-04-21 11:00:00,509136603,98561671.1323564,98.5616711323564,99.9300765991211,126.9003355984084
2019-04-21 11:15:00,511166984,98954724.28001112,98.95472428001112,100.67626190185547,126.9505251499882
2019-04-21 11:30:00,616812304,119406169.38365956,119.40616938365956,101.69309997558594,126.66445060369801
2019-04-21 11:45:00,652941954,126400360.45231298,126.40036045231298,104.16300964355469,126.66445060369801
2019-04-21 12:00:00,513074967,99324082.89980794,99.32408289980796,107.64847564697266,126.68248581506477
2019-04-21 12:15:00,638449877,123594898.58042556,123.59489858042556,109.33805084228516,126.66491062543987
2019-04-21 12:30:00,629130034,121790708.3191899,121.7907083191899,111.49181365966797,126.64606152945292
2019-04-21 12:45:00,577292403,111755673.49985588,111.75567349985587,113.42805480957031,126.66445060369801
2019-04-21 13:00:00,523423326,101327379.36387607,101.32737936387608,114.2293930053711,126.70180672822286
2019-04-21 13:15:00,525440091,101717796.64581963,101.71779664581965,113.47559356689453,126.74533186226033
2019-04-21 13:30:00,656653135,127118792.79263058,127.1187927926306,111.88446807861328,126.74533186226033
2019-04-21 13:45:00,698910194,135299163.89075527,135.29916389075527,111.77177429199219,126.7095563252588
2019-04-21 14:00:00,639087823,123718395.93551986,123.71839593551988,113.06732940673828,126.67549112550265
2019-04-21 14:15:00,688428610,133270076.94421302,133.27007694421303,114.11592864990234,126.62782579578844
2019-04-21 14:30:00,863730122,167205979.16169477,167.20597916169476,115.57699584960938,126.76799088190423
2019-04-21 14:45:00,759791415,147084910.2837293,147.08491028372933,119.54254913330078,126.76799088190423
2019-04-21 15:00:00,800789282,155021519.55631405,155.02151955631405,122.91260528564453,126.76799088190423
2019-04-21 15:15:00,712705630,137969765.88273084,137.96976588273083,126.15374755859375,126.7616567363817
2019-04-21 15:30:00,731955993,141696364.86619556,141.69636486619555,127.56034851074219,126.7616567363817
2019-04-21 15:45:00,834695108,161585209.6386845,161.58520963868452,128.00466918945312,126.77798161050306
2019-04-21 16:00:00,924217675,178915516.97779042,178.91551697779042,129.2610626220703,127.43017448616695
2019-04-21 16:15:00,829232403,160527706.93600988,160.52770693600988,132.0264434814453,127.41889805577675
2019-04-21 16:30:00,840145443,162640317.68368825,162.64031768368827,133.8531951904297,127.4293252152589
2019-04-21 16:45:00,804979398,155832666.9630512,155.8326669630512,135.083251953125,127.4131300908596
2019-04-21 17:00:00,756884764,146522223.61325526,146.52222361325525,135.24111938476562,127.3893740962928
2019-04-21 17:15:00,783413050,151657725.92251882,151.6577259225188,134.01405334472656,127.3893740962928
2019-04-21 17:30:00,804138434,155669868.18426818,155.66986818426818,132.4683380126953,127.3893740962928
2019-04-21 17:45:00,798113967,154503616.27524614,154.50361627524617,131.1363525390625,127.3893740962928
2019-04-21 18:00:00,718174046,139028374.15452093,139.02837415452092,129.93360900878906,127.3893740962928
2019-04-21 18:15:00,695647583,134667568.38078797,134.66756838078797,127.73493194580078,127.3893740962928
2019-04-21 18:30:00,707595528,136980522.1516593,136.9805221516593,124.89459228515625,127.3893740962928
2019-04-21 18:45:00,817991280,158351583.94317064,158.35158394317062,122.14508056640625,127.3893740962928
2019-04-21 19:00:00,754244377,146011081.90075076,146.01108190075075,121.34553527832031,127.36345953816806
2019-04-21 19:15:00,800164005,154900474.74107686,154.90047474107686,120.75743103027344,127.34055281450931
2019-04-21 19:30:00,729501568,141221222.7761482,141.2212227761482,121.05426025390625,127.30141558016342
2019-04-21 19:45:00,714346678,138287449.64841446,138.28744964841445,120.7645034790039,127.16819800189265
2019-04-21 20:00:00,790855210,153098423.2169429,153.0984232169429,119.9797592163086,127.16819800189265
2019-04-21 20:15:00,857244868,165950525.38329533,165.95052538329531,120.09455871582031,127.27073566861019
2019-04-21 20:30:00,1026441258,198704562.02041748,198.70456202041748,121.64359283447266,128.51724124846862
2019-04-21 20:45:00,994912105,192600962.3366451,192.6009623366451,126.32994079589844,129.5179300821642
2019-04-21 21:00:00,1176781219,227808259.7448046,227.8082597448046,131.75926208496094,131.82022094587785
2019-04-21 21:15:00,1262450157,244392558.8182975,244.39255881829752,139.77760314941406,134.961249399294
2019-04-21 21:30:00,1284475487,248656352.305645,248.656352305645,149.5722198486328,138.33933059491912
2019-04-21 21:45:00,1329899126,257449728.66549173,257.4497286654917,159.50953674316406,141.9063981584435
2019-04-21 22:00:00,1371172992,265439767.4548517,265.4397674548517,169.01776123046875,145.1286735287296
2019-04-21 22:15:00,1343673753,260116302.32832637,260.1163023283264,177.69459533691406,147.6881283415719
2019-04-21 22:30:00,1288153384,249368341.3326305,249.3683413326305,184.25827026367188,149.71642317857652
2019-04-21 22:45:00,1170580097,226607809.91736287,226.60780991736289,187.8174285888672,147.72618039642418
2019-04-21 23:00:00,1172208809,226923105.60729644,226.92310560729643,187.24388122558594,149.2002433979224
2019-04-21 23:15:00,1137873033,220276183.264166,220.276183264166,184.42056274414062,150.34811559815446
2019-04-21 23:30:00,1061776750,205545015.29225585,205.5450152922558,179.9522705078125,150.05471609028237
2019-04-21 23:45:00,803457441,155538037.5366307,155.5380375366307,173.78822326660156,149.9916459299305
2019-04-22 00:00:00,846365221,163844379.04981294,163.84437904981294,163.27919006347656,149.9916459299305
2019-04-22 00:15:00,847871566,164135986.21305174,164.13598621305172,152.44845581054688,149.9916459299305
2019-04-22 00:30:00,847776533,164117589.1635418,164.1175891635418,142.58241271972656,149.9916459299305
2019-04-22 00:45:00,784445366,151857567.7517983,151.8575677517983,134.38050842285156,149.9916459299305
2019-04-22 01:00:00,991831691,192004637.5981947,192.00463759819468,127.07731628417969,150.2780507482405
2019-04-22 01:15:00,753425231,145852506.77928895,145.85250677928894,124.31035614013672,150.2780507482405
2019-04-22 01:30:00,671498892,129992722.12814309,129.9927221281431,120.71617126464844,150.2780507482405
2019-04-22 01:45:00,585438685,113332678.89036292,113.33267889036291,115.98851013183594,150.2780507482405
2019-04-22 02:00:00,555613505,107558944.36547875,107.55894436547877,109.7525634765625,150.2780507482405
2019-04-22 02:15:00,614009120,118863512.466236,118.863512466236,103.16267395019531,150.2503550802947
2019-04-22 02:30:00,522401848,101129635.61865778,101.1296356186578,98.02315521240234,150.13327364927684
2019-04-22 02:45:00,332284801,64325654.61894808,64.32565461894808,92.97173309326172,150.12476914476707
2019-04-22 03:00:00,311622498,60325723.94980485,60.32572394980485,85.81353759765625,150.1277651838038
2019-04-22 03:15:00,285837885,55334186.25283617,55.33418625283617,78.12333679199219,150.14202585780146
2019-04-22 03:30:00,298148531,57717353.82580058,57.717353825800586,70.56155395507812,150.2368847000587
2019-04-22 03:45:00,301427488,58352113.69100544,58.35211369100544,64.29792022705078,150.31209235713808
2019-04-22 04:00:00,248486775,48103537.742089696,48.1035377420897,59.614295959472656,150.28214376220012
2019-04-22 04:15:00,210418540,40734063.9377102,40.73406393771021,55.829776763916016,150.3062300287867
2019-04-22 04:30:00,144530563,27979080.14282037,27.979080142820365,52.61011505126953,150.34436465164393
2019-04-22 04:45:00,139448260,26995217.906380475,26.995217906380475,49.27616500854492,150.487549367655
2019-04-22 05:00:00,185451862,35900866.929669835,35.90086692966983,46.49645233154297,150.52036425190764
2019-04-22 05:15:00,148211961,28691746.914066657,28.69174691406666,45.0811882019043,150.66963540942638
2019-04-22 05:30:00,190862777,36948343.818215474,36.94834381821548,44.273780822753906,150.70276877026953
2019-04-22 05:45:00,201332520,38975138.51403169,38.97513851403169,44.682640075683594,150.73116036854276
2019-04-22 06:00:00,160677819,31104961.34284473,31.10496134284473,46.133243560791016,150.76353882191208
2019-04-22 06:15:00,146436362,28348015.97099608,28.34801597099608,47.628814697265625,150.84620119029543
2019-04-22 06:30:00,144572381,27987175.518283702,27.987175518283703,49.33273696899414,150.9726481921604
2019-04-22 06:45:00,142901286,27663675.076849274,27.663675076849277,51.15887451171875,151.02367521921894
2019-04-22 07:00:00,108420666,20988712.976590004,20.988712976590005,53.40814208984375,151.296527089288
2019-04-22 07:15:00,361771215,70033808.82042573,70.03380882042573,55.51863098144531,151.09836387741007
2019-04-22 07:30:00,202400437,39181872.19519006,39.18187219519006,60.18769454956055,151.04783225838122
2019-04-22 07:45:00,169824612,32875651.56285576,32.87565156285576,64.07832336425781,151.0547797662262
2019-04-22 08:00:00,202535876,39208091.27686252,39.20809127686252,67.10972595214844,151.04191095288343
2019-04-22 08:15:00,204035296,39498357.85769461,39.49835785769461,69.7776107788086,151.0318140654211
2019-04-22 08:30:00,252308834,48843434.50061535,48.84343450061535,71.98672485351562,150.93732088147144
2019-04-22 08:45:00,301136415,58295766.060266525,58.29576606026652,74.20994567871094,150.88428863143554
2019-04-22 09:00:00,589597863,114137837.13630606,114.13783713630606,76.7677001953125,150.77477986601446
2019-04-22 09:15:00,372039232,72021552.2055452,72.0215522055452,81.91674041748047,150.72953259930233
2019-04-22 09:30:00,447230937,86577606.62477767,86.57760662477767,85.93455505371094,150.74783910554248
2019-04-22 09:45:00,484692836,93829702.32458644,93.82970232458644,89.51988220214844,150.66839688935212
2019-04-22 10:00:00,431516472,83535507.66307539,83.53550766307539,93.18020629882812,150.69485403722368
2019-04-22 10:15:00,417607948,80843013.42803709,80.8430134280371,96.12776947021484,150.73535954136588
2019-04-22 10:30:00,417546430,80831104.41020377,80.83110441020376,97.94041442871094,150.7380724900999
2019-04-22 10:45:00,520428350,100747594.21815692,100.74759421815692,98.6919937133789,150.70044507070168
2019-04-22 11:00:00,528376806,102286303.28300492,102.28630328300493,100.04991912841797,150.64635123203072
2019-04-22 11:15:00,512763167,99263722.81397246,99.26372281397246,101.69403076171875,150.64635123203072
2019-04-22 11:30:00,676615797,130983282.82414064,130.98328282414064,103.1248550415039,150.64635123203072
2019-04-22 11:45:00,620433063,120107097.29908489,120.10709729908488,106.43238830566406,150.64635123203072
2019-04-22 12:00:00,607912660,117683323.72700374,117.68332372700374,109.61840057373047,150.64635123203072
2019-04-22 12:15:00,566254769,109618943.10966764,109.61894310966764,112.15299224853516,150.64635123203072
2019-04-22 12:30:00,628492337,121667259.16698648,121.66725916698648,113.36782836914062,150.64635123203072
2019-04-22 12:45:00,712389946,137908653.90923214,137.90865390923213,114.48787689208984,150.64635123203072
2019-04-22 13:00:00,728759861,141077638.75374672,141.07763875374673,116.51609802246094,150.64635123203072
2019-04-22 13:15:00,771919610,149432757.91435644,149.43275791435644,118.97199249267578,150.64635123203072
2019-04-22 13:30:00,676794044,131017788.93132448,131.01778893132447,121.99234008789062,150.64635123203072
2019-04-22 13:45:00,858769342,166245642.06544405,166.24564206544406,123.58325958251953,150.64635123203072
2019-04-22 14:00:00,723314715,140023535.22601494,140.02353522601493,126.7242431640625,150.64635123203072
2019-04-22 14:15:00,800034561,154875416.2069175,154.8754162069175,128.27508544921875,150.64635123203072
2019-04-22 14:30:00,878920999,170146718.8654675,170.14671886546748,129.85635375976562,150.64635123203072
2019-04-22 14:45:00,716044675,138616157.93792185,138.61615793792186,132.28634643554688,150.64635123203072
2019-04-22 15:00:00,711295260,137696738.12692648,137.69673812692648,132.44189453125,150.64635123203072
2019-04-22 15:15:00,708374490,137131318.21703002,137.13131821703,131.2130889892578,150.64635123203072
2019-04-22 15:30:00,719781349,139339525.3637693,139.3395253637693,129.20156860351562,150.64635123203072
2019-04-22 15:45:00,724740544,140299555.62635723,140.29955562635723,127.04854583740234,150.64635123203072
2019-04-22 16:00:00,644030410,124675211.1233626,124.6752111233626,125.11995697021484,150.64635123203072
2019-04-22 16:15:00,919504596,178003131.30431563,178.00313130431562,122.28160858154297,150.64635123203072
2019-04-22 16:30:00,783468731,151668504.97941235,151.66850497941235,123.24485778808594,150.64635123203072
2019-04-22 16:45:00,686013725,132802589.2409326,132.8025892409326,124.14273834228516,150.64635123203072
2019-04-22 17:00:00,742719721,143780070.91491216,143.78007091491216,123.53632354736328,150.64635123203072
2019-04-22 17:15:00,907342968,175648811.51605627,175.64881151605627,122.98143768310547,150.64635123203072
2019-04-22 17:30:00,949647915,183838453.0561004,183.8384530561004,124.83739471435547,150.65066835914664
2019-04-22 17:45:00,759547173,147037628.47460607,147.03762847460607,128.39830017089844,150.65066835914664
2019-04-22 18:00:00,735294723,142342695.94182584,142.34269594182584,129.68714904785156,150.65066835914664
2019-04-22 18:15:00,851648593,164867165.41100863,164.8671654110086,129.23919677734375,150.65066835914664
2019-04-22 18:30:00,762297957,147570141.4904973,147.5701414904973,129.50791931152344,150.65066835914664
2019-04-22 18:45:00,750491156,145284511.20889843,145.28451120889844,128.7372283935547,150.65066835914664
2019-04-22 19:00:00,796178260,154128890.67976072,154.12889067976073,127.29032897949219,150.65066835914664
2019-04-22 19:15:00,842080655,163014947.45414966,163.01494745414968,126.27413940429688,150.65066835914664
2019-04-22 19:30:00,874834988,169355724.71958953,169.35572471958952,126.24772644042969,150.65066835914664
2019-04-22 19:45:00,993658548,192358291.36769167,192.3582913676917,127.23729705810547,150.90252436510002
2019-04-22 20:00:00,961979001,186225577.5250061,186.2255775250061,130.44595336914062,150.91666708480489
2019-04-22 20:15:00,1086866321,210402002.6531781,210.4020026531781,134.02047729492188,151.94023905130067
2019-04-22 20:30:00,912953375,176734907.24438217,176.7349072443822,139.2932891845703,151.94023905130067
2019-04-22 20:45:00,1015679392,196621216.4286599,196.6212164286599,142.17538452148438,151.79160484696294
2019-04-22 21:00:00,1314628775,254493603.9153377,254.4936039153377,144.99302673339844,154.39447863497927
2019-04-22 21:15:00,1476730574,285874227.7181825,285.8742277181825,151.9292449951172,157.7294239457331
2019-04-22 21:30:00,1626301978,314829143.6385623,314.8291436385623,162.7785186767578,162.07317334552607
2019-04-22 21:45:00,1489135289,288275605.72384244,288.27560572384243,176.92691040039062,164.8954892998386
2019-04-22 22:00:00,1615161122,312672430.92387086,312.6724309238709,188.8569793701172,169.208629560654
2019-04-22 22:15:00,1614292870,312504349.5728547,312.5043495728547,200.22549438476562,173.24714863700862
2019-04-22 22:30:00,1339734581,259353734.14346185,259.35373414346185,209.53265380859375,173.212045439476
2019-04-22 22:45:00,1494443348,289303171.1403268,289.3031711403268,211.7454376220703,176.3566479079635
2019-04-22 23:00:00,1313415383,254258708.3243432,254.2587083243432,212.459716796875,177.97993488526336
2019-04-22 23:15:00,1378843571,266924683.4485909,266.9246834485909,208.79534912109375,180.0235401894714
2019-04-22 23:30:00,1293155716,250336722.3104933,250.3367223104933,204.26272583007812,181.7889149078594
2019-04-22 23:45:00,957017539,185265108.4031667,185.26510840316672,198.12864685058594,181.7889149078594
2019-04-23 00:00:00,911541796,176461645.44321617,176.46164544321616,186.26544189453125,181.7889149078594
2019-04-23 00:15:00,835733825,161786290.6113554,161.78629061135538,172.23037719726562,181.7889149078594
2019-04-23 00:30:00,781901247,151365062.16739902,151.36506216739903,157.37530517578125,181.7889149078594
2019-04-23 00:45:00,758035561,146745001.69439453,146.74500169439452,142.87083435058594,181.7889149078594
2019-04-23 01:00:00,765557691,148201180.05380985,148.20118005380985,129.67417907714844,181.7889149078594
2019-04-23 01:15:00,497824380,96371784.18152194,96.37178418152192,118.84805297851562,181.7889149078594
2019-04-23 01:30:00,535533384,103671715.92690602,103.67171592690602,106.45500183105469,181.7889149078594
2019-04-23 01:45:00,482586714,93421986.78674164,93.42198678674164,95.41925811767578,181.7889149078594
2019-04-23 02:00:00,495877694,95994933.2063624,95.99493320636242,85.62805938720703,181.7889149078594
2019-04-23 02:15:00,410148430,79398955.86943744,79.39895586943744,78.13558959960938,181.7889149078594
2019-04-23 02:30:00,344817383,66751785.873791866,66.75178587379186,71.62275695800781,181.7889149078594
2019-04-23 02:45:00,284881231,55148991.52046008,55.148991520460086,65.41537475585938,181.81301296987527
2019-04-23 03:00:00,235305612,45551850.346029535,45.55185034602953,59.49007797241211,181.87130598136935
2019-04-23 03:15:00,216805354,41970461.119414166,41.97046111941417,53.89848709106445,181.98152247254717
2019-04-23 03:30:00,174005077,33684930.67200346,33.68493067200346,49.205787658691406,182.1285053167859
2019-04-23 03:45:00,162103735,31380998.585160945,31.380998585160945,45.06314468383789,182.25308864082484
2019-04-23 04:00:00,137154908,26551257.279148314,26.551257279148317,41.7215690612793,182.47498425641098
2019-04-23 04:15:00,201989000,39102223.7903283,39.1022237903283,39.18467712402344,182.5355066040387
2019-04-23 04:30:00,155631205,30128007.99384353,30.12800799384353,38.222476959228516,182.60491090991306
2019-04-23 04:45:00,126038588,24399294.388273552,24.399294388273557,38.030826568603516,182.63989615315293
2019-04-23 05:00:00,91089940,17633728.66308352,17.63372866308352,38.197998046875,182.73714946755373
2019-04-23 05:15:00,84723507,16401276.955752274,16.401276955752273,38.24592971801758,182.8957154233439
2019-04-23 05:30:00,103825814,20099214.384154588,20.09921438415459,38.34879684448242,182.96529666065746
2019-04-23 05:45:00,99927696,19344593.6751204,19.3445936751204,39.192596435546875,183.1239687753111
2019-04-23 06:00:00,116324592,22518801.66099457,22.518801660994573,40.730533599853516,183.2524917727291
2019-04-23 06:15:00,149180421,28879227.121662028,28.879227121662023,43.43163299560547,183.26228197903018
2019-04-23 06:30:00,223414992,43249993.887283005,43.24999388728301,46.8033447265625,183.16883858828635
2019-04-23 06:45:00,159025217,30785040.885590404,30.785040885590405,51.495086669921875,183.14149678321888
2019-04-23 07:00:00,277492169,53718573.250531465,53.71857325053146,56.197811126708984,182.98520734527946
2019-04-23 07:15:00,349045328,67570256.44180892,67.57025644180892,61.4288444519043,182.75487799775925
2019-04-23 07:30:00,475806460,92109425.16574612,92.1094251657461,67.23497009277344,182.75487799775925
2019-04-23 07:45:00,377793245,73135448.0316469,73.1354480316469,74.1198501586914,182.6631213534022
2019-04-23 08:00:00,544384169,105385103.16972658,105.38510316972658,79.45938110351562,182.49569703022394
2019-04-23 08:15:00,420377213,81379104.10507753,81.37910410507753,85.177001953125,182.3644374932134
2019-04-23 08:30:00,546148190,105726592.77516468,105.72659277516468,90.1729965209961,182.2513665081502
2019-04-23 08:45:00,431167644,83467979.4782716,83.4679794782716,95.52068328857422,182.21820955644847
2019-04-23 09:00:00,412078179,79772528.08008833,79.77252808008834,98.6908187866211,182.19366326812002
2019-04-23 09:15:00,416884058,80702878.5257425,80.7028785257425,99.95532989501953,182.19366326812002
2019-04-23 09:30:00,438138096,84817360.75162679,84.8173607516268,100.0478515625,182.19366326812002
2019-04-23 09:45:00,586463790,113531124.77166627,113.53112477166628,99.71095275878906,182.19366326812002
2019-04-23 10:00:00,471407477,91257844.05134954,91.25784405134954,101.07036590576172,182.19366326812002
2019-04-23 10:15:00,406830056,78756565.42853221,78.75656542853221,101.6794662475586,182.19366326812002
2019-04-23 10:30:00,590078802,114230940.14888346,114.23094014888346,100.89920806884766,182.19366326812002
2019-04-23 10:45:00,563670659,109118695.8312573,109.1186958312573,101.86807250976562,182.19366326812002
2019-04-23 11:00:00,729361207,141194050.86464095,141.19405086464096,103.3050308227539,182.19366326812002
2019-04-23 11:15:00,564565762,109291975.15746512,109.29197515746512,107.1243667602539,182.19366326812002
2019-04-23 11:30:00,533331133,103245391.16939709,103.24539116939708,109.52012634277344,182.19366326812002
2019-04-23 11:45:00,672960279,130275626.05617024,130.27562605617024,110.38495635986328,182.19366326812002
2019-04-23 12:00:00,820547205,158846375.00278923,158.84637500278922,112.16915130615234,182.19366326812002
2019-04-23 12:15:00,1096458667,212258945.6548577,212.25894565485768,116.23796081542969,182.19366326812002
2019-04-23 12:30:00,1034985788,200358662.61125743,200.35866261125744,125.1487045288086,182.19366326812002
2019-04-23 12:45:00,1033651186,200100302.47246265,200.10030247246263,134.86346435546875,182.19366326812002
2019-04-23 13:00:00,914083598,176953702.48906866,176.95370248906866,143.86224365234375,182.19366326812002
2019-04-23 13:15:00,1075721481,208244518.6922327,208.2445186922327,149.4875030517578,182.19366326812002
2019-04-23 13:30:00,893800261,173027134.29679757,173.02713429679758,154.9164581298828,182.19366326812002
2019-04-23 13:45:00,756823197,146510305.1097125,146.5103051097125,156.55276489257812,182.19366326812002
2019-04-23 14:00:00,737268638,142724818.06764993,142.72481806764992,153.76687622070312,182.19366326812002
2019-04-23 14:15:00,730715161,141456157.27791005,141.45615727791005,148.47689819335938,182.19366326812002
2019-04-23 14:30:00,622421739,120492076.94648378,120.49207694648378,142.20494079589844,182.19366326812002
2019-04-23 14:45:00,718472924,139086232.7232648,139.0862327232648,134.37364196777344,182.19366326812002
2019-04-23 15:00:00,631392296,122228650.36057016,122.22865036057016,127.96639251708984,182.19366326812002
2019-04-23 15:15:00,650173041,125864337.91751182,125.86433791751182,121.70184326171875,182.19366326812002
2019-04-23 15:30:00,605364942,117190121.42692478,117.19012142692478,116.54454040527344,182.19366326812002
2019-04-23 15:45:00,538937734,104330750.10976055,104.33075010976056,111.93154907226562,182.19366326812002
2019-04-23 16:00:00,607838354,117668939.13259035,117.66893913259037,107.23129272460938,182.19366326812002
2019-04-23 16:15:00,658071738,127393414.34120816,127.39341434120814,104.0086898803711,182.19366326812002
2019-04-23 16:30:00,745264023,144272611.92553246,144.27261192553246,102.7011489868164,182.19366326812002
2019-04-23 16:45:00,771824218,149414291.36750582,149.41429136750585,103.90646362304688,182.19366326812002
2019-04-23 17:00:00,895349244,173326995.57594353,173.32699557594353,106.81871032714844,182.19366326812002
2019-04-23 17:15:00,858768824,166245541.78794417,166.24554178794418,112.22140502929688,182.19366326812002
2019-04-23 17:30:00,799745723,154819501.24068096,154.81950124068095,117.89797973632812,182.19366326812002
2019-04-23 17:45:00,871790303,168766316.61201409,168.7663166120141,122.24636840820312,182.19366326812002
2019-04-23 18:00:00,876412219,169661054.41343942,169.66105441343942,126.39934539794922,182.19366326812002
2019-04-23 18:15:00,950870038,184075038.84564987,184.07503884564983,129.9580841064453,182.19366326812002
2019-04-23 18:30:00,789860294,152905821.50058916,152.90582150058916,133.84422302246094,182.19366326812002
2019-04-23 18:45:00,798732999,154623452.14649346,154.62345214649346,134.98257446289062,182.19366326812002
2019-04-23 19:00:00,831818276,161028295.50637445,161.02829550637446,134.60238647460938,182.19366326812002
2019-04-23 19:15:00,782426872,151466815.75982136,151.46681575982134,133.83749389648438,182.19366326812002
2019-04-23 19:30:00,690178314,133608794.9802191,133.6087949802191,132.1222381591797,182.19366326812002
2019-04-23 19:45:00,842703077,163135439.58162206,163.13543958162205,128.70533752441406,182.19366326812002
2019-04-23 20:00:00,1151939070,222999169.79619017,222.99916979619016,126.96900939941406,182.45858860971393
2019-04-23 20:15:00,1072438273,207608935.89333677,207.60893589333676,130.90882873535156,182.45858860971393
2019-04-23 20:30:00,971027088,187977159.65447035,187.97715965447037,136.3551025390625,182.45858860971393
2019-04-23 20:45:00,1086928948,210414126.3577824,210.4141263577824,140.5469512939453,182.45858860971393
2019-04-23 21:00:00,1533919319,296945162.79523134,296.94516279523134,145.33786010742188,187.1769608433904
2019-04-23 21:15:00,1289849223,249696631.8637504,249.69663186375035,156.78219604492188,186.96221325794698
2019-04-23 21:30:00,1398782790,270784635.2456807,270.7846352456807,166.51751708984375,185.86716099002382
2019-04-23 21:45:00,1675186274,324292454.422935,324.292454422935,176.0475616455078,186.70002445594568
2019-04-23 22:00:00,1639529144,317389736.5671071,317.3897365671071,188.6370086669922,189.4228577597238
2019-04-23 22:15:00,1650604595,319533787.7955443,319.5337877955443,200.53408813476562,190.09406486738453
2019-04-23 22:30:00,1494741572,289360903.10388744,289.36090310388744,210.67674255371094,187.9357490134436
2019-04-23 22:45:00,1583292261,306503068.55876744,306.50306855876744,215.77328491210938,191.33493223204786
2019-04-23 23:00:00,1401843777,271377199.19071376,271.3771991907138,218.9167022705078,190.12868445231678
2019-04-23 23:15:00,1304745497,252580340.5785321,252.5803405785321,217.14598083496094,190.07142943859918
2019-04-23 23:30:00,1291912319,250096018.17435604,250.09601817435603,211.2561798095703,189.2327862123309
2019-04-23 23:45:00,880130394,170380840.69359133,170.38084069359132,203.52020263671875,187.53538855287456
2019-04-24 00:00:00,799999374,154868604.49960417,154.86860449960415,188.72763061523438,187.53538855287456
2019-04-24 00:15:00,733404563,141976787.60365134,141.97678760365133,170.95176696777344,187.53538855287456
2019-04-24 00:30:00,690478583,133666922.82695974,133.66692282695973,152.54518127441406,187.53538855287456
2019-04-24 00:45:00,646241745,125103294.41525169,125.10329441525168,134.7601776123047,187.53538855287456
2019-04-24 01:00:00,667216913,129163791.33922148,129.1637913392215,118.93378448486328,187.53538855287456
2019-04-24 01:15:00,657616156,127305220.0864772,127.3052200864772,106.04718780517578,187.53538855287456
2019-04-24 01:30:00,667807116,129278046.32235284,129.27804632235285,96.34442901611328,187.53538855287456
2019-04-24 01:45:00,573146070,110953001.86488952,110.95300186488952,90.13665771484375,187.53538855287456
2019-04-24 02:00:00,496334261,96083318.14321184,96.08331814321184,85.25149536132812,187.53538855287456
2019-04-24 02:15:00,341329705,66076620.564470045,66.07662056447005,80.66828155517578,187.53538855287456
2019-04-24 02:30:00,360717036,69829734.62245919,69.82973462245918,74.52032470703125,187.53538855287456
2019-04-24 02:45:00,289595997,56061703.77336015,56.06170377336015,68.52705383300781,187.5431381499105
2019-04-24 03:00:00,357042470,69118390.43013024,69.11839043013025,62.428855895996094,187.53430337338094
2019-04-24 03:15:00,255061421,49376296.55189709,49.37629655189709,58.23606491088867,187.52192996806787
2019-04-24 03:30:00,208719239,40405103.21217996,40.40510321217996,54.228641510009766,187.53507007628403
2019-04-24 03:45:00,220707915,42725941.93063363,42.72594193063362,50.37028884887695,187.48318198288817
2019-04-24 04:00:00,129466287,25062848.60847309,25.062848608473093,47.48442077636719,187.52192996806787
2019-04-24 04:15:00,119892648,23209527.01835772,23.209527018357715,44.32743835449219,187.5455915992004
2019-04-24 04:30:00,99207480,19205170.00744852,19.20517000744852,41.480079650878906,187.67837274658788
2019-04-24 04:45:00,114801100,22223875.08020664,22.22387508020664,39.040565490722656,187.73138140576523
2019-04-24 05:00:00,90146513,17451094.49150072,17.45109449150072,37.47446060180664,187.79066523331872
2019-04-24 05:15:00,80001212,15487107.194557613,15.487107194557613,36.50472640991211,187.8225718695169
2019-04-24 05:30:00,110825961,21454344.191021275,21.454344191021278,36.14689254760742,187.77503628952476
2019-04-24 05:45:00,75189237,14555576.649213731,14.555576649213734,37.1213264465332,187.83436729879534
2019-04-24 06:00:00,93482169,18096830.48405255,18.09683048405255,38.6510124206543,187.85331075821654
2019-04-24 06:15:00,243783669,47193082.70086648,47.19308270086648,41.291748046875,187.6743740960625
2019-04-24 06:30:00,142587966,27603020.740434986,27.603020740434985,45.669185638427734,187.6806610598679
2019-04-24 06:45:00,188942259,36576558.59907308,36.576558599073074,50.1967658996582,187.71510371336097
2019-04-24 07:00:00,234671967,45429185.60392169,45.42918560392169,55.32607650756836,187.64184230211254
2019-04-24 07:15:00,258144910,49973216.567011856,49.97321656701185,60.5075569152832,187.64910828654806
2019-04-24 07:30:00,328913231,63672966.18212847,63.67296618212847,65.38880920410156,187.64910828654806
2019-04-24 07:45:00,398736033,77189676.64394462,77.18967664394462,70.68836975097656,187.64910828654806
2019-04-24 08:00:00,389670475,75434712.3750973,75.4347123750973,75.98406219482422,187.64910828654806
2019-04-24 08:15:00,419020236,81116412.48161127,81.11641248161126,80.64454650878906,187.64910828654806
2019-04-24 08:30:00,456955195,88460085.93063536,88.46008593063536,84.80423736572266,187.64910828654806
2019-04-24 08:45:00,443494979,85854377.8064397,85.8543778064397,88.58863830566406,187.64910828654806
2019-04-24 09:00:00,365667343,70788044.29350479,70.78804429350478,92.177734375,187.64910828654806
2019-04-24 09:15:00,395198228,76504807.45385732,76.50480745385732,94.1571044921875,187.64910828654806
2019-04-24 09:30:00,377901489,73156402.54457563,73.15640254457563,95.16666412353516,187.64910828654806
2019-04-24 09:45:00,412274087,79810453.10797755,79.81045310797755,95.19662475585938,187.64910828654806
2019-04-24 10:00:00,473393045,91642222.03374912,91.64222203374914,95.07220458984375,187.64910828654806
2019-04-24 10:15:00,527364847,102090402.28203636,102.09040228203637,95.67414093017578,187.64910828654806
2019-04-24 10:30:00,587400702,113712497.73106427,113.71249773106427,97.3486099243164,187.64910828654806
2019-04-24 10:45:00,585263006,113298669.91178854,113.29866991178854,100.22415924072266,187.64910828654806
2019-04-24 11:00:00,506468429,98045150.24825114,98.04515024825116,103.40348815917969,187.64910828654806
2019-04-24 11:15:00,523748894,101390404.7404806,101.3904047404806,105.32745361328125,187.64910828654806
2019-04-24 11:30:00,720075767,139396520.53936747,139.39652053936746,106.48094940185547,187.64910828654806
2019-04-24 11:45:00,559060197,108226175.36281195,108.22617536281196,109.700439453125,187.64910828654806
2019-04-24 12:00:00,846392435,163849647.2966889,163.84964729668891,111.42022705078125,187.64910828654806
2019-04-24 12:15:00,830943913,160859031.15188,160.85903115188,116.1006851196289,187.64910828654806
2019-04-24 12:30:00,1006120908,194770828.6329667,194.7708286329667,121.6034927368164,187.64910828654806
2019-04-24 12:45:00,1051291042,203515129.99743265,203.51512999743264,129.4555206298828,187.64910828654806
2019-04-24 13:00:00,1089854175,210980409.08006683,210.98040908006683,138.3987274169922,187.64910828654806
2019-04-24 13:15:00,1041747423,201667619.8562486,201.6676198562486,147.41250610351562,187.64910828654806
2019-04-24 13:30:00,874832936,169355327.48130816,169.35532748130817,154.53076171875,187.64910828654806
2019-04-24 13:45:00,908342353,175842278.36782888,175.84227836782887,157.1013946533203,187.64910828654806
2019-04-24 14:00:00,1009898265,195502071.7142729,195.5020717142729,157.21661376953125,187.64910828654806
2019-04-24 14:15:00,964256437,186666457.03894076,186.66645703894076,157.29444885253906,187.64910828654806
2019-04-24 14:30:00,890668269,172420824.78443047,172.4208247844305,156.42408752441406,187.64910828654806
2019-04-24 14:45:00,933514682,180715286.5112514,180.71528651125135,153.96798706054688,187.64910828654806
2019-04-24 15:00:00,872572722,168917781.90386567,168.91778190386566,151.4882354736328,187.64910828654806
2019-04-24 15:15:00,820790916,158893554.0177958,158.8935540177958,148.19012451171875,187.64910828654806
2019-04-24 15:30:00,776271609,150275243.58849356,150.27524358849357,144.0059051513672,187.64910828654806
2019-04-24 15:45:00,796646867,154219606.3909317,154.2196063909317,139.08099365234375,187.64910828654806
2019-04-24 16:00:00,835488983,161738892.65068787,161.7388926506879,134.57595825195312,187.64910828654806
2019-04-24 16:15:00,774277420,149889196.7019888,149.8891967019888,131.32049560546875,187.64910828654806
2019-04-24 16:30:00,745901330,144395985.57923213,144.39598557923213,128.20997619628906,187.64910828654806
2019-04-24 16:45:00,828716338,160427804.02485952,160.4278040248595,125.13040924072266,187.64910828654806
2019-04-24 17:00:00,893910338,173048443.65269402,173.048443652694,123.64207458496094,187.64910828654806
2019-04-24 17:15:00,946323523,183194897.6152062,183.1948976152062,124.14016723632812,187.64910828654806
2019-04-24 17:30:00,938864283,181750893.87348875,181.7508938734888,126.49279022216797,187.64910828654806
2019-04-24 17:45:00,1013273977,196155561.98391977,196.15556198391977,129.51931762695312,187.64910828654806
2019-04-24 18:00:00,902129001,174639460.98474324,174.63946098474324,133.71128845214844,187.64910828654806
2019-04-24 18:15:00,1159363588,224436451.84804112,224.43645184804112,136.3335418701172,187.6806610598679
2019-04-24 18:30:00,1060933698,205381812.30609876,205.38181230609877,141.7417755126953,187.6806610598679
2019-04-24 18:45:00,970957177,187963625.87011868,187.96362587011868,146.39051818847656,187.6806610598679
2019-04-24 19:00:00,821023876,158938651.7907151,158.93865179071508,148.7386474609375,187.6806610598679
2019-04-24 19:15:00,746539559,144519537.71913815,144.51953771913816,147.16744995117188,187.6806610598679
2019-04-24 19:30:00,812800439,157346710.27954534,157.3467102795453,142.4677734375,187.6806610598679
2019-04-24 19:45:00,932750409,180567334.02927017,180.56733402927017,137.5381622314453,187.6806610598679
2019-04-24 20:00:00,928307417,179707233.39268777,179.70723339268775,134.7535858154297,187.6806610598679
2019-04-24 20:15:00,873665256,169129281.08929923,169.12928108929924,133.3541717529297,187.66415925430738
2019-04-24 20:30:00,966715897,187142573.8340304,187.1425738340304,132.10374450683594,187.66415925430738
2019-04-24 20:45:00,1185176824,229433530.55442888,229.43353055442887,132.53579711914062,188.03203510264356
2019-04-24 21:00:00,1233125427,238715704.36062428,238.71570436062427,137.17860412597656,188.99254870421677
2019-04-24 21:15:00,1318290159,255202396.2582392,255.2023962582392,144.3308868408203,186.1559248941895
2019-04-24 21:30:00,1347764622,260908236.914541,260.908236914541,153.46649169921875,186.66394223778292
2019-04-24 21:45:00,1417579437,274423401.20571715,274.42340120571714,163.04074096679688,186.87767541630836
2019-04-24 22:00:00,1509929613,292301093.79802763,292.30109379802764,172.8280487060547,184.3482281755504
2019-04-24 22:15:00,1594461785,308665330.99424386,308.66533099424385,182.95083618164062,183.5288586807231
2019-04-24 22:30:00,1686109874,326407109.4377924,326.4071094377924,193.27818298339844,183.9310474328303
2019-04-24 22:45:00,1442734910,279293146.26508945,279.29314626508943,203.84323120117188,182.99943263298928
2019-04-24 23:00:00,1409781115,272913755.9674465,272.9137559674465,208.89398193359375,180.44270256431025
2019-04-24 23:15:00,1452784369,281238579.90152377,281.2385799015238,209.8158721923828,181.1486590066253
2019-04-24 23:30:00,1274593344,246743308.68884397,246.74330868884397,208.8490753173828,180.89951594940595
2019-04-24 23:45:00,834318014,161512209.5546305,161.5122095546305,203.730224609375,179.21759389316296
2019-04-25 00:00:00,854987703,165513570.0492836,165.5135700492836,189.70950317382812,179.21759389316296
2019-04-25 00:15:00,806432995,156114062.856862,156.114062856862,173.26010131835938,179.21759389316296
2019-04-25 00:30:00,749588316,145109734.10852733,145.1097341085273,156.45236206054688,179.21759389316296
2019-04-25 00:45:00,686910470,132976186.4351999,132.9761864351999,140.15602111816406,179.21759389316296
2019-04-25 01:00:00,715626251,138535156.94832712,138.5351569483271,125.25474548339844,179.21759389316296
2019-04-25 01:15:00,767984528,148670981.495852,148.670981495852,112.92559814453125,179.21759389316296
2019-04-25 01:30:00,596792964,115530707.2901066,115.5307072901066,104.71106719970703,179.21759389316296
2019-04-25 01:45:00,443891344,85931108.48450956,85.93110848450955,97.14270782470703,179.21759389316296
2019-04-25 02:00:00,503850193,97538296.65717492,97.53829665717493,88.52957153320312,179.21759389316296
2019-04-25 02:15:00,426652108,82593835.34564416,82.59383534564417,81.5535888671875,179.21759389316296
2019-04-25 02:30:00,406027152,78601134.5293736,78.6011345293736,75.18953704833984,179.21759389316296
2019-04-25 02:45:00,270586557,52381744.087393,52.381744087393,69.67735290527344,179.24457003992276
2019-04-25 03:00:00,206992162,40070765.44449396,40.07076544449396,63.341678619384766,179.32916685870777
2019-04-25 03:15:00,247334833,47880538.0050868,47.88053800508679,56.56036376953125,179.37033290688956
2019-04-25 03:30:00,302771277,58612252.3035288,58.6122523035288,51.21054458618164,179.35504603054468
2019-04-25 03:45:00,271688570,52595078.27364003,52.59507827364003,48.25025177001953,179.29854592430092
2019-04-25 04:00:00,216061282,41826419.26634238,41.82641926634238,46.675689697265625,179.29917108205268
2019-04-25 04:15:00,205027821,39690496.71014448,39.69049671014447,45.60741424560547,179.19132547215983
2019-04-25 04:30:00,181608774,35156899.25310366,35.15689925310366,44.97417068481445,179.1117888925353
2019-04-25 04:45:00,172688767,33430111.60662145,33.43011160662145,44.527042388916016,178.95716261012413
2019-04-25 05:00:00,166249875,32183632.85804725,32.183632858047254,44.33197784423828,178.8523602209851
2019-04-25 05:15:00,113413788,21955311.02824832,21.95531102824832,44.40231704711914,178.801309603068
2019-04-25 05:30:00,110484864,21388312.61886532,21.38831261886532,44.0902099609375,178.74886712449603
2019-04-25 05:45:00,118276974,22896755.30148098,22.89675530148098,43.740386962890625,178.73374538416107
2019-04-25 06:00:00,131069619,25373231.088084333,25.37323108808433,43.75397872924805,178.5989826046548
2019-04-25 06:15:00,137495943,26617276.84897803,26.617276848978037,44.67612838745117,178.49251705998753
2019-04-25 06:30:00,220210467,42629643.008315824,42.629643008315824,46.404422760009766,178.53889668791038
2019-04-25 06:45:00,206235960,39924375.39436898,39.92437539436898,49.91438674926758,178.42721756350207
2019-04-25 07:00:00,275427833,53318946.893400975,53.31894689340098,54.152286529541016,178.3052056430458
2019-04-25 07:15:00,231902204,44892998.5210995,44.8929985210995,59.186180114746094,178.31532612136672
2019-04-25 07:30:00,278100143,53836268.44881801,53.83626844881801,63.6832389831543,178.30158444625732
2019-04-25 07:45:00,351966278,68135711.19716868,68.13571119716867,68.02935791015625,178.29292660116693
2019-04-25 08:00:00,392601369,76002092.1487173,76.0020921487173,72.65953826904297,178.29292660116693
2019-04-25 08:15:00,462727168,89577458.5596287,89.5774585596287,77.01992797851562,178.29292660116693
2019-04-25 08:30:00,355698023,68858124.43808,68.85812443808,81.63444519042969,178.29292660116693
2019-04-25 08:45:00,376203814,72827756.58973034,72.82775658973034,85.014404296875,178.29292660116693
2019-04-25 09:00:00,308860007,59790944.623699136,59.79094462369913,87.67195129394531,178.31970222562902
2019-04-25 09:15:00,457277834,88522544.29411797,88.52254429411798,88.75411224365234,178.31970222562902
2019-04-25 09:30:00,395769886,76615472.38634142,76.61547238634142,90.55135345458984,178.31970222562902
2019-04-25 09:45:00,386908490,74900031.00346057,74.90003100346057,91.78047180175781,178.31970222562902
2019-04-25 10:00:00,421037689,81506962.95065893,81.50696295065893,92.39347839355469,178.31970222562902
2019-04-25 10:15:00,448167496,86758911.24835047,86.75891124835047,93.01529693603516,178.31970222562902
2019-04-25 10:30:00,547383623,105965755.19313772,105.96575519313772,93.9213638305664,178.31970222562902
2019-04-25 10:45:00,536225150,103805632.07552075,103.80563207552076,96.21680450439453,178.31970222562902
2019-04-25 11:00:00,629059669,121777086.64683644,121.77708664683642,98.86509704589844,178.31970222562902
2019-04-25 11:15:00,609901905,118068413.52478378,118.06841352478378,102.65742492675781,178.31970222562902
2019-04-25 11:30:00,600913497,116328384.40866964,116.32838440866963,106.42127990722656,178.31970222562902
2019-04-25 11:45:00,668690941,129449142.38670036,129.44914238670034,109.54566192626953,178.31970222562902
2019-04-25 12:00:00,824573808,159625868.59709784,159.62586859709785,112.84526824951172,178.31970222562902
2019-04-25 12:15:00,905200101,175233982.66405487,175.23398266405488,117.97663116455078,178.31970222562902
2019-04-25 12:30:00,991868729,192011807.63302204,192.01180763302204,124.6308822631836,178.31970222562902
2019-04-25 12:45:00,1250877744,242152302.75029328,242.15230275029327,132.5902557373047,179.80282411681307
2019-04-25 13:00:00,1194776017,231291799.03881443,231.2917990388144,144.2302703857422,180.617263122202
2019-04-25 13:15:00,1156916883,223962804.2411966,223.9628042411966,155.63485717773438,180.8803837631163
2019-04-25 13:30:00,1059476082,205099638.39052728,205.09963839052728,164.87240600585938,180.8803837631163
2019-04-25 13:45:00,870351155,168487717.84097508,168.48771784097508,170.1365203857422,180.8803837631163
2019-04-25 14:00:00,850022716,164552418.53712168,164.5524185371217,169.46307373046875,180.8803837631163
2019-04-25 14:15:00,871261856,168664016.7201619,168.66401672016192,165.1495819091797,180.8803837631163
2019-04-25 14:30:00,941075737,182179000.2021008,182.1790002021008,159.4894256591797,180.8803837631163
2019-04-25 14:45:00,885625296,171444576.28171703,171.44457628171702,154.63670349121094,180.8803837631163
2019-04-25 15:00:00,809342606,156677322.5416211,156.6773225416211,149.7752685546875,180.8803837631163
2019-04-25 15:15:00,856293637,165766380.46729347,165.76638046729346,144.2893524169922,180.8803837631163
2019-04-25 15:30:00,812297330,157249315.4674074,157.2493154674074,139.76112365722656,180.8803837631163
2019-04-25 15:45:00,625500445,121088071.04020484,121.08807104020484,135.54733276367188,180.8803837631163
2019-04-25 16:00:00,602930205,116718790.65621652,116.71879065621653,129.21707153320312,180.8803837631163
2019-04-25 16:15:00,679366715,131515821.78054342,131.5158217805434,122.16400146484375,180.8803837631163
2019-04-25 16:30:00,689324874,133443581.023659,133.443581023659,116.58621215820312,180.8803837631163
2019-04-25 16:45:00,753057001,145781222.64071548,145.78122264071547,112.56449890136719,180.8803837631163
2019-04-25 17:00:00,808470824,156508557.83235288,156.50855783235286,110.84757995605469,180.8803837631163
2019-04-25 17:15:00,909345097,176036395.47466344,176.03639547466344,111.45775604248047,180.8803837631163
2019-04-25 17:30:00,1006074518,194761848.18273607,194.7618481827361,114.84624481201172,180.8803837631163
2019-04-25 17:45:00,997075340,193019734.1464024,193.0197341464024,120.88745880126953,180.8803837631163
2019-04-25 18:00:00,1051879736,203629092.85943025,203.62909285943024,127.64094543457031,180.8803837631163
2019-04-25 18:15:00,1033531071,200077049.9012307,200.07704990123068,134.87599182128906,180.8803837631163
2019-04-25 18:30:00,1041037940,201530273.94611767,201.5302739461177,141.21287536621094,180.59951100113793
2019-04-25 18:45:00,972043204,188173865.39205477,188.17386539205475,146.3828125,180.59951100113793
2019-04-25 19:00:00,929103560,179861355.45752844,179.86135545752845,149.14898681640625,180.59951100113793
2019-04-25 19:15:00,853634988,165251703.4889534,165.2517034889534,149.5419158935547,180.59951100113793
2019-04-25 19:30:00,1122994800,217395967.0327343,217.3959670327343,147.34542846679688,180.6145265826094
2019-04-25 19:45:00,986102274,190895503.21106413,190.89550321106407,148.0525665283203,180.6145265826094
2019-04-25 20:00:00,1023087676,198055355.80689487,198.05535580689488,147.97157287597656,180.6145265826094
2019-04-25 20:15:00,1125394666,217860547.2692759,217.8605472692759,148.1172637939453,180.6568249920019
2019-04-25 20:30:00,1110619506,215000284.51804733,215.00028451804727,149.8808135986328,180.66945789675913
2019-04-25 20:45:00,1305067385,252642653.55899847,252.6426535589985,152.0189208984375,182.32382583020768
2019-04-25 21:00:00,1365061764,264256719.83894327,264.2567198389433,157.1907958984375,183.76349335992995
2019-04-25 21:15:00,1247102060,241421383.53820965,241.42138353820965,164.25709533691406,183.90275019799128
2019-04-25 21:30:00,1444327976,279601541.39177835,279.6015413917784,169.6242218017578,185.08137308235226
2019-04-25 21:45:00,1497159867,289829050.93511105,289.82905093511107,176.5991668701172,186.6913076337089
2019-04-25 22:00:00,1616255111,312884211.77679926,312.88421177679925,184.28282165527344,189.51464979036865
2019-04-25 22:15:00,1465275036,283656597.00307125,283.6565970030712,193.3037109375,188.83431302044642
2019-04-25 22:30:00,1464380083,283483346.71474946,283.4833467147495,199.25515747070312,186.91779167128436
2019-04-25 22:45:00,1603000096,310318227.67432755,310.31822767432755,202.7615203857422,185.77788138581528
2019-04-25 23:00:00,1388610760,268815473.59102654,268.81547359102655,206.66445922851562,185.21088689582962
2019-04-25 23:15:00,1456553415,281968214.09035605,281.96821409035607,206.36920166015625,185.77532177766184
2019-04-25 23:30:00,1047894732,202857652.24527127,202.85765224527125,205.0387725830078,183.14358457420118
2019-04-25 23:45:00,848886310,164332426.35077158,164.33242635077158,196.18353271484375,181.7310701226779
2019-04-26 00:00:00,1021055232,197661903.2915138,197.6619032915138,181.38050842285156,181.7310701226779
2019-04-26 00:15:00,990118490,191672986.0285557,191.67298602855567,167.95025634765625,181.7310701226779
2019-04-26 00:30:00,977394256,189209753.6474433,189.2097536474433,156.05657958984375,181.7310701226779
2019-04-26 00:45:00,891886634,172656683.07814103,172.65668307814104,145.97103881835938,181.7310701226779
2019-04-26 01:00:00,708019078,137062515.46261385,137.06251546261385,136.74156188964844,181.7310701226779
2019-04-26 01:15:00,700082942,135526191.3761414,135.5261913761414,126.4853286743164,181.7310701226779
2019-04-26 01:30:00,707394805,136941665.00762737,136.94166500762736,116.51637268066406,181.7310701226779
2019-04-26 01:45:00,499243633,96646531.5609391,96.64653156093912,108.24085235595703,181.7310701226779
2019-04-26 02:00:00,483258756,93552084.64692464,93.55208464692464,98.6754150390625,181.7310701226779
2019-04-26 02:15:00,411196352,79601818.80038324,79.60181880038324,89.24851989746094,181.7310701226779
2019-04-26 02:30:00,370656734,71753920.0761437,71.7539200761437,80.0748519897461,181.7310701226779
2019-04-26 02:45:00,375849734,72759211.69174244,72.75921169174244,71.58682250976562,181.7310701226779
2019-04-26 03:00:00,279569810,54120775.268156,54.120775268156,64.61540222167969,181.7310701226779
2019-04-26 03:15:00,291396961,56410345.022964455,56.41034502296446,58.202091217041016,181.6462373953073
2019-04-26 03:30:00,233430275,45188811.53175607,45.18881153175607,53.14347457885742,181.6672568502815
2019-04-26 03:45:00,175641691,34001756.07777499,34.001756077774985,49.00919723510742,181.78077606165726
2019-04-26 04:00:00,312153209,60428462.12015071,60.42846212015071,45.136940002441406,181.75960326610246
2019-04-26 04:15:00,157854315,30558370.759788785,30.558370759788787,43.845359802246094,181.82518585289063
2019-04-26 04:30:00,146940134,28445539.13059042,28.44553913059042,42.38161087036133,181.8952507028046
2019-04-26 04:45:00,173841641,33653291.765689775,33.65329176568977,41.08037185668945,181.9012191900195
2019-04-26 05:00:00,96313584,18644952.525219604,18.644952525219605,40.564056396484375,182.02600303635617
2019-04-26 05:15:00,74562087,14434169.247572532,14.434169247572532,39.7226448059082,182.1848166961612
2019-04-26 05:30:00,127649885,24711218.77963489,24.71121877963489,38.686405181884766,182.172820744585
2019-04-26 05:45:00,104496285,20229008.120877504,20.229008120877506,38.5479736328125,182.1780225288968
2019-04-26 06:00:00,98385968,19046136.86173048,19.04613686173048,38.954734802246094,182.2180798067264
2019-04-26 06:15:00,111671714,21618070.052713454,21.618070052713453,40.217002868652344,182.25170857559925
2019-04-26 06:30:00,178819831,34616999.19258319,34.61699919258319,42.371952056884766,182.17479058127452
2019-04-26 06:45:00,241734097,46796314.44606849,46.796314446068486,45.7010383605957,182.1577107996793
2019-04-26 07:00:00,225787482,43709274.51603168,43.70927451603168,50.589515686035156,182.11597857089217
2019-04-26 07:15:00,368709657,71376993.40889448,71.37699340889448,55.960269927978516,182.08599458966637
2019-04-26 07:30:00,339989850,65817243.51890524,65.81724351890524,62.48719024658203,182.03164125155126
2019-04-26 07:45:00,347268489,67226285.45221354,67.22628545221355,68.61265563964844,181.9896023416029
2019-04-26 08:00:00,386418732,74805220.7567684,74.8052207567684,73.99523162841797,181.9896023416029
2019-04-26 08:15:00,384185809,74372958.33231673,74.37295833231673,78.5064697265625,181.9896023416029
2019-04-26 08:30:00,593597732,114912155.40497412,114.91215540497411,82.23393249511719,181.9896023416029
2019-04-26 08:45:00,539134772,104368893.8897248,104.3688938897248,88.08195495605469,181.9896023416029
2019-04-26 09:00:00,494318963,95693184.85179396,95.69318485179396,94.05565643310547,181.9896023416029
2019-04-26 09:15:00,490550931,94963746.95907152,94.96374695907151,98.53195190429688,181.9631687845899
2019-04-26 09:30:00,563129546,109013943.98030572,109.01394398030573,101.58834838867188,181.9631687845899
2019-04-26 09:45:00,476697805,92281976.99611504,92.28197699611503,104.49369049072266,181.9631687845899
2019-04-26 10:00:00,460398829,89126724.94226463,89.12672494226463,105.70465850830078,181.9631687845899
2019-04-26 10:15:00,435819801,84368571.5111137,84.3685715111137,105.54981994628906,181.9631687845899
2019-04-26 10:30:00,537081726,103971453.11748552,103.97145311748552,104.2296371459961,181.9631687845899
2019-04-26 10:45:00,558439676,108106051.24214897,108.10605124214896,103.71705627441406,181.9631687845899
2019-04-26 11:00:00,688689142,133320512.26776302,133.320512267763,103.97872924804688,181.9631687845899
2019-04-26 11:15:00,700707276,135647053.6398682,135.6470536398682,106.42044830322266,181.9631687845899
2019-04-26 11:30:00,555955074,107625067.31018288,107.62506731018289,109.96492767333984,181.9631687845899
2019-04-26 11:45:00,681065885,131844757.14631984,131.84475714631984,111.66972351074219,181.9631687845899
2019-04-26 12:00:00,708218814,137101181.53735545,137.10118153735544,113.86408233642578,181.9631687845899
2019-04-26 12:15:00,896255206,173502377.05151662,173.50237705151662,116.42619323730469,181.9631687845899
2019-04-26 12:30:00,982938835,190283106.00267628,190.28310600267628,121.51897430419922,181.9631687845899
2019-04-26 12:45:00,952355038,184362513.9177015,184.3625139177015,128.66897583007812,181.9631687845899
2019-04-26 13:00:00,952142042,184321280.89383167,184.32128089383167,135.64976501464844,180.75328801264104
2019-04-26 13:15:00,937846941,181553950.79958224,181.55395079958225,141.69374084472656,179.96702828779834
2019-04-26 13:30:00,912652265,176676616.59189364,176.67661659189363,146.15432739257812,179.54479910134705
2019-04-26 13:45:00,783501733,151674893.70151865,151.67489370151864,148.71087646484375,179.54479910134705
2019-04-26 14:00:00,688890544,133359500.85662588,133.35950085662586,147.83091735839844,179.54479910134705
2019-04-26 14:15:00,715559727,138522278.83944285,138.52227883944286,143.64605712890625,179.54479910134705
2019-04-26 14:30:00,662804121,128309536.99703369,128.3095369970337,138.45260620117188,179.54479910134705
2019-04-26 14:45:00,604859901,117092352.60681432,117.09235260681432,132.3679962158203,179.54479910134705
2019-04-26 15:00:00,837286890,162086942.10817418,162.08694210817418,125.59806060791016,179.54479910134705
2019-04-26 15:15:00,743277907,143888127.85805577,143.88812785805578,122.55929565429688,179.54479910134705
2019-04-26 15:30:00,778866690,150777614.69789076,150.77761469789075,120.47130584716797,179.54479910134705
2019-04-26 15:45:00,641132587,124114233.42927648,124.11423342927648,119.76274108886719,179.54479910134705
2019-04-26 16:00:00,852321245,164997381.35859495,164.99738135859496,117.8870620727539,179.54479910134705
2019-04-26 16:15:00,907418898,175663510.4939828,175.66351049398278,118.6699447631836,179.54479910134705
2019-04-26 16:30:00,789682723,152871446.25747854,152.87144625747854,121.5999755859375,179.54479910134705
2019-04-26 16:45:00,828946199,160472301.8750527,160.4723018750527,123.66738891601562,179.54479910134705
2019-04-26 17:00:00,815985712,157963334.24262893,157.96333424262895,125.65982055664062,179.54479910134705
2019-04-26 17:15:00,955754144,185020532.9360592,185.0205329360592,127.10585021972656,179.54479910134705
2019-04-26 17:30:00,867144563,167866966.81993788,167.8669668199379,130.13720703125,179.54479910134705
2019-04-26 17:45:00,948753933,183665390.73969445,183.6653907396945,132.3041534423828,179.54479910134705
2019-04-26 18:00:00,1036357215,200624151.5510814,200.62415155108135,134.97811889648438,179.54479910134705
2019-04-26 18:15:00,894795958,173219887.20374477,173.21988720374478,138.8914794921875,179.54479910134705
2019-04-26 18:30:00,830438860,160761260.00873864,160.76126000873865,140.8174591064453,179.54479910134705
2019-04-26 18:45:00,826726547,160042608.52917418,160.04260852917415,140.45013427734375,179.54479910134705
2019-04-26 19:00:00,873580733,169112918.62767297,169.11291862767297,138.7441864013672,179.54479910134705
2019-04-26 19:15:00,767571301,148590986.5722165,148.5909865722165,137.1167449951172,179.54479910134705
2019-04-26 19:30:00,755634904,146280268.33140042,146.28026833140044,134.06887817382812,179.54479910134705
2019-04-26 19:45:00,678292735,131307914.38803028,131.30791438803027,130.4066925048828,179.4833095285185
2019-04-26 20:00:00,744058360,144039212.56001395,144.03921256001394,125.65032958984375,179.4833095285185
2019-04-26 20:15:00,781469299,151281443.12199664,151.28144312199663,121.82581329345703,179.4833095285185
2019-04-26 20:30:00,839715842,162557152.98440984,162.55715298440984,119.452880859375,179.37052163375802
2019-04-26 20:45:00,1061446940,205481168.72423336,205.48116872423336,119.06257629394531,179.34592816371244
2019-04-26 21:00:00,993225022,192274366.84372783,192.27436684372785,123.13116455078125,177.2181624716027
2019-04-26 21:15:00,1215056292,235217774.47103795,235.217774471038,128.2425994873047,175.84694381798326
2019-04-26 21:30:00,1284092740,248582257.8804581,248.5822578804581,136.82164001464844,176.24420208065206
2019-04-26 21:45:00,1291719335,250058659.1916592,250.0586591916592,147.3791046142578,173.99055556728274
2019-04-26 22:00:00,1221658844,236495935.48916903,236.49593548916903,157.92123413085938,169.70886192092365
2019-04-26 22:15:00,1431346414,277088493.9363624,277.0884939363624,166.03858947753906,166.62000465120607
2019-04-26 22:30:00,1689117165,326989278.59395754,326.9892785939575,175.1543426513672,170.0560839725933
2019-04-26 22:45:00,1503715887,291098204.0138127,291.09820401381273,187.69847106933594,170.70450231088807
2019-04-26 23:00:00,1277750952,247354577.09780747,247.35457709780744,197.33059692382812,165.29923504861054
2019-04-26 23:15:00,1226820143,237495090.23792663,237.49509023792663,200.38311767578125,163.08845312523908
2019-04-26 23:30:00,1030970130,199581287.8147021,199.58128781470208,198.6638641357422,157.98238872203865
2019-04-26 23:45:00,868539168,168136942.69391674,168.13694269391675,191.082763671875,157.5258820181042
2019-04-27 00:00:00,792758177,153466810.8098297,153.46681080982972,178.6203155517578,157.5258820181042
2019-04-27 00:15:00,770576580,149172766.23353657,149.17276623353658,163.7569122314453,157.33864137373814
2019-04-27 00:30:00,735171554,142318852.15923354,142.31885215923353,148.9716033935547,157.32494688034586
2019-04-27 00:45:00,702557240,136005180.59892067,136.00518059892067,135.34750366210938,157.32494688034586
2019-04-27 01:00:00,809364802,156681619.3744152,156.6816193744152,122.96234893798828,157.32494688034586
2019-04-27 01:15:00,637895827,123487642.30859376,123.48764230859376,114.80850219726562,157.32494688034586
2019-04-27 01:30:00,511786429,99074640.10223806,99.07464010223806,107.06822204589844,157.32494688034586
2019-04-27 01:45:00,487967977,94463723.4659698,94.4637234659698,98.8479232788086,157.32494688034586
2019-04-27 02:00:00,548000523,106085178.33923107,106.08517833923108,91.0764389038086,157.32494688034586
2019-04-27 02:15:00,506611626,98072871.16939092,98.07287116939092,85.451904296875,157.32494688034586
2019-04-27 02:30:00,456495564,88371107.84656657,88.37110784656657,81.13214874267578,157.29998775199266
2019-04-27 02:45:00,420413248,81386079.97324008,81.38607997324007,77.47919464111328,157.2553656430323
2019-04-27 03:00:00,386586355,74837670.20727515,74.83767020727515,74.2325668334961,157.25179162796093
2019-04-27 03:15:00,262976749,50908592.50281448,50.90859250281448,71.23432922363281,157.30564955804633
2019-04-27 03:30:00,251413289,48670069.60943657,48.670069609436574,66.95962524414062,157.35868180808222
2019-04-27 03:45:00,211013812,40849300.207804695,40.849300207804696,62.37035369873047,157.41257512445543
2019-04-27 04:00:00,191677012,37105968.239287496,37.1059682392875,57.7053108215332,157.39934065280502
2019-04-27 04:15:00,169813058,32873414.871285062,32.873414871285064,53.402095794677734,157.67081245764848
2019-04-27 04:30:00,223555754,43277243.426738985,43.27724342673898,49.65549087524414,157.4882781895645
2019-04-27 04:45:00,199635773,38646672.2069082,38.6466722069082,47.692474365234375,157.40358700734527
2019-04-27 05:00:00,215941491,41803229.41694431,41.80322941694431,46.78970718383789,157.321266706411
2019-04-27 05:15:00,144745576,28020703.629464835,28.020703629464837,46.993141174316406,157.1545029272723
2019-04-27 05:30:00,157606145,30510328.54522242,30.51032854522242,47.03070831298828,156.85198555256798
2019-04-27 05:45:00,159129380,30805205.374432232,30.805205374432237,47.34629821777344,156.78426799308042
2019-04-27 06:00:00,151716222,29370122.45848601,29.370122458486005,47.96733093261719,156.6466979014059
2019-04-27 06:15:00,152209219,29465559.729931284,29.46555972993128,48.94260787963867,156.45623710484682
2019-04-27 06:30:00,133081806,25762762.133745182,25.76276213374518,50.43272018432617,156.393296694217
2019-04-27 06:45:00,113879750,22045514.704695005,22.045514704695005,52.2648811340332,156.57728180010224
2019-04-27 07:00:00,215117200,41643658.29599043,41.64365829599043,54.24769973754883,156.65207661715687
2019-04-27 07:15:00,349166873,67593785.84088807,67.59378584088807,57.41497802734375,156.43909834610523
2019-04-27 07:30:00,240406733,46539355.482069336,46.53935548206933,62.29733657836914,156.6443977926966
2019-04-27 07:45:00,316280382,61227424.64913695,61.22742464913694,66.6701889038086,156.67609211116778
2019-04-27 08:00:00,316530922,61275925.66230315,61.27592566230315,71.22296142578125,156.7143446883178
2019-04-27 08:15:00,298793204,57842153.433292,57.842153433292,75.06340789794922,156.83595556417856
2019-04-27 08:30:00,389009936,75306841.33360375,75.30684133360376,78.15869903564453,156.83595556417856
2019-04-27 08:45:00,365985629,70849659.97753376,70.84965997753376,81.37294006347656,156.8823469875307
2019-04-27 09:00:00,533964029,103367910.9156605,103.3679109156605,84.08079528808594,156.8823469875307
2019-04-27 09:15:00,386133581,74750019.54177138,74.75001954177138,87.92367553710938,156.9357684867328
2019-04-27 09:30:00,394365026,76343511.28888522,76.34351128888522,90.79531860351562,156.96864234813182
2019-04-27 09:45:00,458547904,88768411.94715542,88.76841194715541,92.8827133178711,156.96864234813182
2019-04-27 10:00:00,491996158,95243522.53883985,95.24352253883984,94.89446258544922,156.96864234813182
2019-04-27 10:15:00,466160139,90242033.36473048,90.24203336473047,97.01969146728516,156.96864234813182
2019-04-27 10:30:00,521860593,101024856.2785074,101.0248562785074,98.5740966796875,156.95395703868016
2019-04-27 10:45:00,568570317,110067200.56969392,110.06720056969392,100.4397201538086,156.95395703868016
2019-04-27 11:00:00,483722449,93641849.07694808,93.64184907694808,102.81724548339844,156.95395703868016
2019-04-27 11:15:00,501773175,97136215.2435705,97.1362152435705,104.02667236328125,156.95395703868016
2019-04-27 11:30:00,674414439,130557130.93884674,130.55713093884674,104.64399719238281,156.95395703868016
2019-04-27 11:45:00,603554003,116839549.1578971,116.8395491578971,107.16961669921875,156.95395703868016
2019-04-27 12:00:00,627670240,121508112.77351278,121.50811277351278,109.43685150146484,156.95395703868016
2019-04-27 12:15:00,706475294,136763660.6365989,136.76366063659893,111.60295104980469,156.95395703868016
2019-04-27 12:30:00,627256407,121428000.5368176,121.4280005368176,114.51710510253906,156.95395703868016
2019-04-27 12:45:00,557530270,107930003.0567118,107.9300030567118,116.31159210205078,156.94722184856215
2019-04-27 13:00:00,760043382,147133687.54398495,147.13368754398496,116.24508666992188,156.94722184856215
2019-04-27 13:15:00,901173180,174454427.50942776,174.45442750942777,118.00043487548828,156.94722184856215
2019-04-27 13:30:00,1030340538,199459407.67627573,199.45940767627573,122.46113586425781,157.23842740658844
2019-04-27 13:45:00,897352435,173714785.12278405,173.71478512278404,129.78086853027344,157.23842740658844
2019-04-27 14:00:00,970001969,187778711.0629643,187.77871106296428,135.8917236328125,157.23842740658844
2019-04-27 14:15:00,923345832,178746740.45978186,178.74674045978185,141.64376831054688,157.23842740658844
2019-04-27 14:30:00,976187021,188976049.96487883,188.97604996487885,145.693115234375,157.23842740658844
2019-04-27 14:45:00,859892508,166463071.1743841,166.46307117438408,149.00440979003906,157.23842740658844
2019-04-27 15:00:00,940725507,182111200.60985523,182.11120060985525,149.5801239013672,157.23842740658844
2019-04-27 15:15:00,963760167,186570386.1608215,186.5703861608215,149.72775268554688,157.23842740658844
2019-04-27 15:30:00,955534726,184978056.70349392,184.97805670349396,149.8008270263672,157.23842740658844
2019-04-27 15:45:00,846581067,163886163.79351804,163.88616379351802,149.6071319580078,157.23842740658844
2019-04-27 16:00:00,892948274,172862201.6205605,172.86220162056048,147.5282440185547,157.23842740658844
2019-04-27 16:15:00,1066044743,206371238.58868065,206.37123858868063,145.3052520751953,157.98235333575082
2019-04-27 16:30:00,861586149,166790936.2036801,166.7909362036801,145.76773071289062,157.98235333575082
2019-04-27 16:45:00,1063584158,205894904.00944552,205.89490400944555,144.42135620117188,158.6116158968974
2019-04-27 17:00:00,940463706,182060519.6257891,182.0605196257891,145.37013244628906,158.6116158968974
2019-04-27 17:15:00,1003727554,194307509.02785215,194.30750902785215,145.41290283203125,158.6352539371714
2019-04-27 17:30:00,811260097,157048521.77622268,157.04852177622269,145.96682739257812,158.6352539371714
2019-04-27 17:45:00,922591485,178600709.51151454,178.60070951151454,143.6827392578125,158.6352539371714
2019-04-27 18:00:00,898229557,173884583.5807962,173.8845835807962,141.83062744140625,158.6352539371714
2019-04-27 18:15:00,749807356,145152137.1656197,145.1521371656197,139.9102783203125,158.351880544186
2019-04-27 18:30:00,844016474,163389694.7312567,163.3896947312567,135.9248046875,158.351880544186
2019-04-27 18:45:00,862886500,167042665.83157063,167.04266583157062,132.69961547851562,158.351880544186
2019-04-27 19:00:00,867221744,167881907.97383422,167.88190797383422,130.46351623535156,158.351880544186
2019-04-27 19:15:00,773540647,149746567.83245298,149.746567832453,129.095947265625,158.351880544186
2019-04-27 19:30:00,828382402,160363158.72138435,160.36315872138434,126.99815368652344,158.351880544186
2019-04-27 19:45:00,953357950,184556663.5469685,184.55666354696848,125.57083892822266,158.351880544186
2019-04-27 20:00:00,821396830,159010850.42911372,159.0108504291137,126.54776000976562,158.351880544186
2019-04-27 20:15:00,848593012,164275647.99138936,164.27564799138938,126.7396240234375,158.351880544186
2019-04-27 20:30:00,975119758,188769442.8889037,188.7694428889037,126.96965789794922,158.351880544186
2019-04-27 20:45:00,1028297352,199063875.6610805,199.0638756610805,129.0738983154297,158.571440664775
2019-04-27 21:00:00,835781709,161795560.27893123,161.79556027893122,132.75723266601562,157.98803873266303
2019-04-27 21:15:00,1040787276,201481748.92829895,201.48174892829897,133.9736785888672,158.31788611700551
2019-04-27 21:30:00,991969051,192031228.5583947,192.0312285583947,136.86724853515625,156.40345255882576
2019-04-27 21:45:00,1336723563,258770843.4926209,258.77084349262094,139.48394775390625,157.1839915004684
2019-04-27 22:00:00,1288213468,249379972.74827304,249.37997274827305,147.02207946777344,157.14553840102067
2019-04-27 22:15:00,1226437609,237421037.046538,237.421037046538,155.53076171875,157.1789076704494
2019-04-27 22:30:00,1255100298,242969729.69668517,242.96972969668516,162.640380859375,154.86820666566024
2019-04-27 22:45:00,1208706182,233988482.6664684,233.9884826664684,168.55906677246094,150.46903054368784
2019-04-27 23:00:00,1133042011,219340965.48804945,219.34096548804945,172.2457733154297,147.4018650684133
2019-04-27 23:15:00,1148688269,222369860.53578576,222.36986053578576,172.9330291748047,146.53661135369282
2019-04-27 23:30:00,941977603,182353588.7497984,182.3535887497984,172.0702667236328,144.91357208040782
2019-04-27 23:45:00,704084057,136300750.85284975,136.30075085284977,167.01974487304688,144.28475774557384
2019-04-28 00:00:00,756543416,146456143.45103663,146.45614345103664,156.5894012451172,144.28475774557384
2019-04-28 00:15:00,770895313,149234468.450466,149.234468450466,145.36561584472656,144.28475774557384
2019-04-28 00:30:00,775805852,150185079.59715784,150.18507959715782,135.06610107421875,144.28475774557384
2019-04-28 00:45:00,731720804,141650835.59028932,141.65083559028932,126.51166534423828,144.28475774557384
2019-04-28 01:00:00,745354840,144290192.81685805,144.29019281685805,118.981201171875,144.28475774557384
2019-04-28 01:15:00,705351729,136546154.28688195,136.54615428688194,113.34923553466797,144.28475774557384
2019-04-28 01:30:00,704063855,136296840.03035438,136.2968400303544,108.83474731445312,144.28475774557384
2019-04-28 01:45:00,548441943,106170631.0303456,106.1706310303456,105.63648986816406,144.27906055323234
2019-04-28 02:00:00,458348216,88729755.16453734,88.72975516453734,101.20854949951172,144.28734094458582
2019-04-28 02:15:00,474620613,91879861.8985628,91.8798618985628,95.33616638183594,144.30410224959047
2019-04-28 02:30:00,525844384,101796062.07296105,101.79606207296104,89.66560363769531,144.2957628810906
2019-04-28 02:45:00,513384187,99383943.5340031,99.3839435340031,85.591552734375,144.27906055323234
2019-04-28 03:00:00,415380751,80411859.47648948,80.41185947648948,82.79705810546875,144.28265815916225
2019-04-28 03:15:00,290575550,56251331.42942304,56.25133142942303,79.73262786865234,144.34818176880404
2019-04-28 03:30:00,297469060,57585817.815913714,57.585817815913714,75.17033386230469,144.31172209690436
2019-04-28 03:45:00,277759698,53770363.09467349,53.77036309467349,70.49274444580078,144.28929898584605
2019-04-28 04:00:00,269524693,52176182.181730345,52.17618218173035,66.09441375732422,144.24080797608235
2019-04-28 04:15:00,275355889,53305019.54890018,53.30501954890018,62.32501983642578,144.13438961313219
2019-04-28 04:30:00,198752534,38475689.58390226,38.47568958390226,59.58626174926758,144.08034295617836
2019-04-28 04:45:00,157650118,30518841.09831557,30.51884109831557,56.76695251464844,144.19875727070468
2019-04-28 05:00:00,202874305,39273606.36181831,39.27360636181832,53.798622131347656,144.19689359287867
2019-04-28 05:15:00,152470592,29516157.85922916,29.516157859229164,51.90696716308594,144.28475774557384
2019-04-28 05:30:00,143081085,27698481.629360933,27.69848162936093,50.275550842285156,144.28929898584605
2019-04-28 05:45:00,106249427,20568391.70523221,20.568391705232216,49.016090393066406,144.41777480154687
2019-04-28 06:00:00,76638927,14836216.202885471,14.836216202885472,47.8060302734375,144.70967628990059
2019-04-28 06:15:00,75893037,14691822.410634568,14.691822410634568,46.905052185058594,144.96571967324783
2019-04-28 06:30:00,96254847,18633581.86979395,18.63358186979395,46.61829376220703,145.1501648008749
2019-04-28 06:45:00,207926112,40251565.00243511,40.25156500243511,47.68864822387695,144.96571967324783
2019-04-28 07:00:00,201724197,39050961.66136905,39.05096166136905,50.790977478027344,144.78194688508964
2019-04-28 07:15:00,139873477,27077533.925042145,27.077533925042143,54.81790542602539,144.9356885103049
2019-04-28 07:30:00,149628254,28965921.2791988,28.965921279198795,58.63404846191406,145.21176053256696
2019-04-28 07:45:00,114977861,22258093.518732507,22.258093518732508,62.034019470214844,145.42963390676917
2019-04-28 08:00:00,165366281,32012581.51204429,32.01258151204429,64.77040100097656,145.65097513717922
2019-04-28 08:15:00,226328356,43813980.099951446,43.81398009995144,67.55220794677734,145.7668416389814
2019-04-28 08:30:00,339466789,65715986.28074874,65.71598628074874,70.70781707763672,145.71732442687048
2019-04-28 08:45:00,395608909,76584309.50777331,76.58430950777331,74.59712219238281,145.71553152162016
2019-04-28 09:00:00,332378449,64343783.551976696,64.3437835519767,79.1301040649414,145.74322718956594
2019-04-28 09:15:00,359668848,69626820.19766212,69.62682019766211,83.04296112060547,145.83989073250282
2019-04-28 09:30:00,494165774,95663529.6202704,95.6635296202704,86.3822021484375,145.79761591396885
2019-04-28 09:45:00,567108524,109784218.04578848,109.78421804578846,90.26447296142578,145.71732442687048
2019-04-28 10:00:00,491349376,95118314.65867037,95.11831465867036,94.5466537475586,145.704679726684
2019-04-28 10:15:00,517226188,100127700.78268825,100.12770078268824,98.52666473388672,145.68915694175354
2019-04-28 10:30:00,520063949,100677051.3200218,100.6770513200218,102.41748046875,145.66074175262176
2019-04-28 10:45:00,606401151,117390716.88614064,117.39071688614064,105.3780746459961,145.66074175262176
2019-04-28 11:00:00,667020723,129125811.72010644,129.12581172010644,108.46643829345703,145.66074175262176
2019-04-28 11:15:00,895494264,173355069.40419197,173.35506940419197,112.10527038574219,145.65097513717922
2019-04-28 11:30:00,829831828,160643747.1683766,160.6437471683766,118.9033203125,145.64283629097707
2019-04-28 11:45:00,907544427,175687811.1393158,175.6878111393158,125.6178207397461,145.64283629097707
2019-04-28 12:00:00,866894923,167818640.03408808,167.81864003408808,132.57086181640625,145.64283629097707
2019-04-28 12:15:00,827020110,160099438.1888218,160.09943818882178,138.10302734375,145.64283629097707
2019-04-28 12:30:00,821280319,158988295.54149094,158.98829554149094,141.494384765625,145.64283629097707
2019-04-28 12:45:00,911111644,176378374.07810292,176.37837407810292,143.17010498046875,145.64283629097707
2019-04-28 13:00:00,805241562,155883418.21880162,155.8834182188016,144.8484344482422,145.64283629097707
2019-04-28 13:15:00,781163343,151222214.35220227,151.22221435220226,144.57473754882812,145.64283629097707
2019-04-28 13:30:00,998254551,193248012.77750617,193.24801277750615,142.78683471679688,146.037133900897
2019-04-28 13:45:00,884184329,171165625.37791297,171.16562537791296,143.47183227539062,145.44019081597335
2019-04-28 14:00:00,1362595445,263779275.2381168,263.7792752381168,143.55886840820312,148.29830589814597
2019-04-28 14:15:00,1062331875,205652479.6689377,205.65247966893773,150.52281188964844,148.93239278986744
2019-04-28 14:30:00,1090595415,211123902.6978497,211.1239026978497,155.69265747070312,149.85810987506923
2019-04-28 14:45:00,1181343953,228691540.7450756,228.6915407450756,159.8168182373047,151.1574589780951
2019-04-28 15:00:00,1434668049,277731515.66091067,277.73151566091065,164.11769104003906,155.0038894886502
2019-04-28 15:15:00,1192775163,230904461.9022388,230.9044619022388,171.79827880859375,156.48252911670846
2019-04-28 15:30:00,1123394313,217473307.11923972,217.4733071192397,176.38462829589844,157.40333930333043
2019-04-28 15:45:00,1026179880,198653962.9231901,198.65396292319005,177.62680053710938,157.63300810681105
2019-04-28 16:00:00,1168665233,226237119.23293924,226.23711923293925,175.189453125,158.8323319695557
2019-04-28 16:15:00,1206186673,233500741.23124295,233.50074123124296,173.1595916748047,160.07909704885824
2019-04-28 16:30:00,1023575587,198149808.5004166,198.1498085004166,171.92079162597656,159.77387852084914
2019-04-28 16:45:00,983355946,190363852.81397495,190.36385281397497,168.2501678466797,159.77387852084914
2019-04-28 17:00:00,1046761288,202638233.460378,202.638233460378,163.08982849121094,159.64219434838458
2019-04-28 17:15:00,1058376103,204886697.9580153,204.8866979580153,158.6337127685547,159.9493591222246
2019-04-28 17:30:00,1157148227,224007589.17929,224.00758917929,155.14442443847656,160.96447376592775
2019-04-28 17:45:00,1065848562,206333260.7118388,206.3332607118388,154.1137237548828,161.25984311048933
2019-04-28 18:00:00,1137600663,220223456.27064764,220.22345627064763,153.0388946533203,162.1147404383033
2019-04-28 18:15:00,1117142931,216263127.66410688,216.2631276641069,153.28916931152344,162.81468121168635
2019-04-28 18:30:00,1188315562,230041145.9973253,230.0411459973253,153.81045532226562,163.89647541710053
2019-04-28 18:45:00,1207358505,233727591.3919382,233.7275913919382,155.57583618164062,165.05536454827867
2019-04-28 19:00:00,1138641555,220424958.2926665,220.42495829266647,158.0542449951172,165.80477535205551
2019-04-28 19:15:00,1127490835,218266336.0465873,218.2663360465873,159.48703002929688,166.35903077842045
2019-04-28 19:30:00,1083312195,209713973.9475009,209.71397394750093,160.03489685058594,166.59650815608342
2019-04-28 19:45:00,1254332021,242821002.09673187,242.82100209673183,159.2353973388672,167.7798138258679
2019-04-28 20:00:00,1212943135,234808697.05633667,234.80869705633668,160.52932739257812,168.7968629199727
2019-04-28 20:15:00,1296550354,250993876.387018,250.993876387018,161.98045349121094,170.20945993950096
2019-04-28 20:30:00,1299336349,251533205.75628436,251.53320575628436,164.74488830566406,171.50222719298944
2019-04-28 20:45:00,1397705461,270576079.53396463,270.5760795339646,167.86038208007812,173.35528913263343
2019-04-28 21:00:00,1670941922,323470807.6909401,323.4708076909401,172.3924102783203,177.70882873872753
2019-04-28 21:15:00,1881227549,364179141.5449792,364.17914154497913,181.62831115722656,183.11601865597746
2019-04-28 21:30:00,1719187572,332810485.61008346,332.81048561008345,195.6961212158203,188.26803805164673
2019-04-28 21:45:00,1889215702,365725535.3895815,365.7255353895815,207.8547821044922,195.475057136207
2019-04-28 22:00:00,1563475385,302666800.6423107,302.6668006423107,220.48028564453125,197.92904901587076
2019-04-28 22:15:00,1714771800,331955654.38189244,331.95565438189243,225.7332763671875,204.02554022929453
2019-04-28 22:30:00,1736122391,336088827.9078655,336.08882790786555,229.1268768310547,211.11520658796357
2019-04-28 22:45:00,1597620109,309276738.01071686,309.2767380107169,231.02139282226562,215.0375878676426
2019-04-28 23:00:00,1525001101,295218721.4739369,295.2187214739369,229.197998046875,217.57136403094574
2019-04-28 23:15:00,1424008599,275667996.3634152,275.6679963634152,224.3330535888672,219.20144517551
2019-04-28 23:30:00,1260570589,244028700.94205108,244.02870094205107,216.57713317871094,219.20144517551
2019-04-28 23:45:00,829251737,160531449.72593787,160.53144972593788,205.3515625,219.20144517551
2019-04-29 00:00:00,830180995,160711340.9788029,160.7113409788029,186.32850646972656,219.20144517551
2019-04-29 00:15:00,811371520,157070091.69875008,157.07009169875008,165.34458923339844,219.20144517551
2019-04-29 00:30:00,796772912,154244006.92659283,154.24400692659282,145.65286254882812,219.20144517551
2019-04-29 00:45:00,706720522,136811133.32142657,136.81113332142658,128.0645751953125,219.20144517551
2019-04-29 01:00:00,653120810,126434984.45331424,126.43498445331424,112.455078125,219.20144517551
2019-04-29 01:15:00,507499218,98244696.47185048,98.24469647185047,99.26164245605469,219.20144517551
2019-04-29 01:30:00,433297189,83880229.37881854,83.88022937881854,86.89117431640625,219.20144517551
2019-04-29 01:45:00,441331681,85435593.80077024,85.43559380077023,75.52336120605469,219.20144517551
2019-04-29 02:00:00,339065841,65638368.39846661,65.63836839846661,66.09406280517578,219.20144517551
2019-04-29 02:15:00,321175230,62174998.23936038,62.17499823936038,57.69507598876953,219.20144517551
2019-04-29 02:30:00,319813799,61911444.38426386,61.91144438426386,51.15302658081055,219.20144517551
2019-04-29 02:45:00,336435323,65129137.185279325,65.12913718527932,46.53680419921875,219.20144517551
2019-04-29 03:00:00,199940637,38705689.580892,38.705689580892006,43.8141975402832,219.20144517551
2019-04-29 03:15:00,208805638,40421828.84096797,40.42182884096797,41.00074005126953,219.20144517551
2019-04-29 03:30:00,159760175,30927318.39670483,30.92731839670483,38.78989028930664,219.20144517551
2019-04-29 03:45:00,155358564,30075228.538544383,30.075228538544383,36.71226119995117,219.20144517551
2019-04-29 04:00:00,124532822,24107799.311274968,24.107799311274967,35.06570816040039,219.22458780775432
2019-04-29 04:15:00,127747977,24730208.00843468,24.73020800843468,33.719078063964844,219.23091015784755
2019-04-29 04:30:00,109121226,21124331.519671816,21.124331519671816,32.92494201660156,219.2679478057819
2019-04-29 04:45:00,119329562,23100521.50426932,23.10052150426932,32.533653259277344,219.291420710046
2019-04-29 05:00:00,166314655,32196173.353109542,32.19617335310954,32.73537063598633,219.291420710046
2019-04-29 05:15:00,217464567,42098075.465994895,42.098075465994896,34.10268783569336,219.291420710046
2019-04-29 05:30:00,202610371,39222512.45901234,39.222512459012336,37.13357925415039,219.291420710046
2019-04-29 05:45:00,140324606,27164866.141728733,27.164866141728734,40.821266174316406,219.291420710046
2019-04-29 06:00:00,178087881,34475303.98787733,34.47530398787733,43.79077911376953,219.24044086470454
2019-04-29 06:15:00,133971840,25935060.172989897,25.935060172989896,46.81943130493164,219.18861174845503
2019-04-29 06:30:00,152804050,29580710.62864074,29.58071062864074,49.89113998413086,219.13588617958038
2019-04-29 06:45:00,247943455,47998358.64704114,47.99835864704114,53.12533950805664,219.08096666085993
2019-04-29 07:00:00,364147808,70493883.73215127,70.49388373215128,57.159122467041016,219.08096666085993
2019-04-29 07:15:00,465248169,90065488.82502751,90.06548882502751,62.74028396606445,219.08096666085993
2019-04-29 07:30:00,429406944,83127132.77163099,83.12713277163098,69.42562866210938,219.08096666085993
2019-04-29 07:45:00,501189537,97023231.15191928,97.02323115191928,75.50828552246094,219.08096666085993
2019-04-29 08:00:00,415817686,80496443.93481062,80.49644393481063,82.04031372070312,219.02831186456095
2019-04-29 08:15:00,502241340,97226845.38977057,97.22684538977056,87.42571258544922,219.02831186456095
2019-04-29 08:30:00,478996645,92727000.0228054,92.7270000228054,92.35304260253906,219.02831186456095
2019-04-29 08:45:00,526678282,101957492.97372448,101.95749297372448,96.12635803222656,219.02831186456095
2019-04-29 09:00:00,616306369,119308227.49774817,119.30822749774816,99.48097229003906,219.02831186456095
2019-04-29 09:15:00,458252960,88711314.94537011,88.7113149453701,103.4203872680664,219.02831186456095
2019-04-29 09:30:00,357549097,69216466.27748936,69.21646627748936,105.04396057128906,219.02831186456095
2019-04-29 09:45:00,431110301,83456878.68160045,83.45687868160046,103.74761962890625,219.02831186456095
2019-04-29 10:00:00,405865462,78569833.62405372,78.56983362405371,101.90057373046875,219.02831186456095
2019-04-29 10:15:00,457845228,88632383.77629417,88.63238377629418,99.52342987060547,219.02831186456095
2019-04-29 10:30:00,388091743,75129092.10880086,75.12909210880086,97.79478454589844,219.02831186456095
2019-04-29 10:45:00,391582385,75804831.20675133,75.80483120675133,95.65324401855469,219.02831186456095
2019-04-29 11:00:00,419598514,81228358.95280041,81.2283589528004,93.57290649414062,219.02831186456095
2019-04-29 11:15:00,493708014,95574913.7354338,95.57491373543378,92.12004852294922,219.02831186456095
2019-04-29 11:30:00,511703091,99058507.0399117,99.0585070399117,92.18165588378906,219.02831186456095
2019-04-29 11:45:00,477497171,92436722.98833431,92.43672298833432,93.34268188476562,219.02831186456095
2019-04-29 12:00:00,747832941,144769918.24684206,144.76991824684205,94.54843139648438,219.02831186456095
2019-04-29 12:15:00,893864919,173039651.1743792,173.0396511743792,99.3569107055664,219.02831186456095
2019-04-29 12:30:00,948639156,183643171.5300346,183.6431715300346,107.73045349121094,219.02831186456095
2019-04-29 12:45:00,1058181357,204848997.87695011,204.8489978769501,118.00801849365234,219.02831186456095
2019-04-29 13:00:00,1256943804,243326606.47794956,243.32660647794955,129.7703857421875,219.02831186456095
2019-04-29 13:15:00,1059500550,205104375.05050236,205.10437505050237,144.01101684570312,219.02831186456095
2019-04-29 13:30:00,935167259,181035202.12885803,181.03520212885803,154.85372924804688,219.02831186456095
2019-04-29 13:45:00,769074052,148881897.98770517,148.88189798770517,160.5376739501953,219.02831186456095
2019-04-29 14:00:00,746682331,144547176.3662674,144.54717636626742,159.96182250976562,219.02831186456095
2019-04-29 14:15:00,808147951,156446054.169768,156.44605416976802,155.5233917236328,218.4505953293612
2019-04-29 14:30:00,702549825,136003745.15941948,136.00374515941948,150.1820068359375,218.4505953293612
2019-04-29 14:45:00,675833385,130831818.88739042,130.83181888739043,143.24110412597656,218.4505953293612
2019-04-29 15:00:00,557061943,107839341.5495948,107.8393415495948,135.77699279785156,218.4505953293612
2019-04-29 15:15:00,522984521,101242432.89990866,101.24243289990866,127.08393096923828,216.67937007805105
2019-04-29 15:30:00,565846033,109539817.58034097,109.53981758034097,118.20716094970703,216.67937007805105
2019-04-29 15:45:00,544870085,105479169.65936364,105.47916965936363,110.81401062011719,216.67937007805105
2019-04-29 16:00:00,592113224,114624775.5771888,114.6247755771888,104.76828002929688,216.67937007805105
2019-04-29 16:15:00,578368288,111963949.67352208,111.96394967352208,100.86544036865234,216.67937007805105
2019-04-29 16:30:00,652423163,126299929.8259798,126.29992982597982,98.45237731933594,216.67937007805105
2019-04-29 16:45:00,617804309,119598207.57143772,119.59820757143773,98.25396728515625,216.67937007805105
2019-04-29 17:00:00,793111406,153535190.96621066,153.53519096621065,98.88248443603516,216.67937007805105
2019-04-29 17:15:00,868330281,168096505.11453918,168.09650511453918,102.46369934082031,216.67937007805105
2019-04-29 17:30:00,722965146,139955863.59405398,139.955863594054,108.41960144042969,216.67937007805105
2019-04-29 17:45:00,912213662,176591709.23227948,176.59170923227947,113.00332641601562,216.67937007805105
2019-04-29 18:00:00,830366126,160747179.73137125,160.74717973137126,119.08099365234375,216.67937007805105
2019-04-29 18:15:00,1109035509,214693645.02195,214.69364502195,124.03035736083984,216.67937007805105
2019-04-29 18:30:00,1111546973,215179829.0585527,215.1798290585527,131.94070434570312,216.67937007805105
2019-04-29 18:45:00,851219668,164784131.5758034,164.7841315758034,140.53289794921875,216.67937007805105
2019-04-29 19:00:00,908200247,175814768.64891374,175.81476864891374,144.54946899414062,216.67937007805105
2019-04-29 19:15:00,978482098,189420344.52780077,189.42034452780075,146.4315948486328,216.67937007805105
2019-04-29 19:30:00,876665468,169710079.85082796,169.71007985082795,147.78640747070312,216.67937007805105
2019-04-29 19:45:00,969152860,187614335.52696785,187.61433552696784,147.01280212402344,216.67937007805105
2019-04-29 20:00:00,970866674,187946105.76476792,187.9461057647679,146.5373992919922,216.67937007805105
2019-04-29 20:15:00,853752150,165274384.40100172,165.27438440100173,146.16404724121094,216.67937007805105
2019-04-29 20:30:00,1115971410,216036337.7086288,216.0363377086288,144.06463623046875,216.66601765210785
2019-04-29 20:45:00,1194399396,231218890.52089447,231.2188905208945,145.26698303222656,216.64204933981404
2019-04-29 21:00:00,1157256850,224028617.06127757,224.02861706127757,149.19711303710938,215.17250398772947
2019-04-29 21:15:00,1430650419,276953759.1129465,276.9537591129465,153.59848022460938,210.81340873444523
2019-04-29 21:30:00,1545045662,299099065.997653,299.099065997653,162.07382202148438,204.51408331914925
2019-04-29 21:45:00,1502046322,290774999.7588162,290.7749997588162,173.50779724121094,200.511162848357
2019-04-29 22:00:00,1649340705,319289116.5034128,319.2891165034128,184.4447784423828,197.33948986967542
2019-04-29 22:15:00,1584809218,306796730.05565244,306.79673005565246,196.2139892578125,197.71211927601084
2019-04-29 22:30:00,1697769428,328664234.7753277,328.66423477532766,205.61782836914062,197.40469500272667
2019-04-29 22:45:00,1370994398,265405194.17335808,265.4051941733581,214.42373657226562,192.20118855825697
2019-04-29 23:00:00,1237648264,239591261.86395952,239.59126186395952,215.9027099609375,187.71450214646777
2019-04-29 23:15:00,1246335611,241273009.81329456,241.27300981329452,211.07203674316406,184.6511465948502
2019-04-29 23:30:00,1006351391,194815446.8935941,194.8154468935941,203.41604614257812,181.66653732909552
2019-04-29 23:45:00,800895871,155042153.6845665,155.0421536845665,190.9591522216797,180.05703920862217
2019-04-30 00:00:00,840515083,162711874.77839074,162.71187477839072,174.20079040527344,180.05703920862217
2019-04-30 00:15:00,776832807,150383883.61238936,150.38388361238935,157.79583740234375,180.05703920862217
2019-04-30 00:30:00,726542671,140648422.01637152,140.6484220163715,142.26699829101562,180.05703920862217
2019-04-30 00:45:00,699703836,135452801.79724228,135.45280179724227,128.1126708984375,180.05703920862217
2019-04-30 01:00:00,616388089,119324047.33807682,119.3240473380768,115.77909851074219,180.05703920862217
2019-04-30 01:15:00,430360179,83311665.63379067,83.31166563379067,104.85488891601562,180.05703920862217
2019-04-30 01:30:00,415348087,80405536.1864198,80.4055361864198,93.072265625,180.05703920862217
2019-04-30 01:45:00,384788284,74489589.0017001,74.4895890017001,82.16901397705078,180.05703920862217
2019-04-30 02:00:00,282883008,54762163.70840605,54.76216370840606,72.73555755615234,180.09388812968803
2019-04-30 02:15:00,305926309,59223022.03519561,59.22302203519561,63.75187301635742,180.12098223074062
2019-04-30 02:30:00,276977372,53618915.80631129,53.618915806311286,56.53755569458008,180.14618906310866
2019-04-30 02:45:00,284449554,55065424.93683851,55.06542493683851,51.124420166015625,180.18013630857203
2019-04-30 03:00:00,263199218,50951659.36598232,50.95165936598232,47.593013763427734,180.23408860209165
2019-04-30 03:15:00,257816942,49909726.58423028,49.909726584230285,45.39277648925781,180.14618906310866
2019-04-30 03:30:00,174029196,33689599.77049694,33.68959977049694,44.333396911621094,180.21401278145973
2019-04-30 03:45:00,186638552,36130593.38977283,36.130593389772834,43.15458297729492,180.17169078120867
2019-04-30 04:00:00,487195243,94314133.05362856,94.31413305362857,42.45675277709961,179.9528265909471
2019-04-30 04:15:00,359941682,69679637.01504132,69.67963701504132,46.49223709106445,179.6913926964196
2019-04-30 04:30:00,208463377,40355571.93481614,40.35557193481614,51.56617736816406,179.5372736174674
2019-04-30 04:45:00,246899107,47796187.59212735,47.79618759212735,54.48866271972656,179.26742958186438
2019-04-30 05:00:00,153585800,29732046.411520448,29.732046411520447,56.623924255371094,179.20419428550264
2019-04-30 05:15:00,141473147,27387207.493061565,27.387207493061563,56.8758544921875,179.2383656441223
2019-04-30 05:30:00,121093503,23441995.62283486,23.44199562283486,55.97321701049805,179.42664428626486
2019-04-30 05:45:00,117249916,22697931.34690104,22.69793134690104,54.391273498535156,179.6074446262449
2019-04-30 06:00:00,198084988,38346462.08595763,38.34646208595763,52.73423767089844,179.5047182326589
2019-04-30 06:15:00,137586429,26634793.663368378,26.634793663368377,52.758567810058594,179.5713624080821
2019-04-30 06:30:00,144639863,28000239.082466997,28.000239082466997,53.12628173828125,179.55941363822305
2019-04-30 06:45:00,238947635,46256894.67218355,46.25689467218355,54.512359619140625,179.38353199225213
2019-04-30 07:00:00,245119605,47451701.08326134,47.45170108326134,57.41595458984375,179.38353199225213
2019-04-30 07:15:00,439329018,85047906.46728866,85.04790646728866,61.126319885253906,179.38353199225213
2019-04-30 07:30:00,441791986,85524702.36174043,85.52470236174042,66.80870056152344,179.38353199225213
2019-04-30 07:45:00,355318818,68784715.69417608,68.78471569417607,73.03218078613281,179.38353199225213
2019-04-30 08:00:00,451684866,87439824.51042606,87.43982451042606,77.7741470336914,179.38353199225213
2019-04-30 08:15:00,443883660,85929620.97039936,85.92962097039937,82.60968017578125,179.38353199225213
2019-04-30 08:30:00,460025188,89054393.31034783,89.05439331034782,87.32147216796875,179.38353199225213
2019-04-30 08:45:00,544642869,105435183.84389476,105.43518384389476,91.48009490966797,179.38353199225213
2019-04-30 09:00:00,408768846,79131887.84936924,79.13188784936925,95.85270690917969,179.38353199225213
2019-04-30 09:15:00,280080622,54219661.27253636,54.21966127253636,98.01001739501953,179.43743710405462
2019-04-30 09:30:00,316003226,61173771.153467216,61.173771153467214,97.00540161132812,179.49188480560395
2019-04-30 09:45:00,364479788,70558150.38159214,70.55815038159214,94.6939926147461,179.49188480560395
2019-04-30 10:00:00,341252335,66061642.82283729,66.0616428228373,92.49332427978516,179.49188480560395
2019-04-30 10:15:00,311923765,60384044.9952808,60.3840449952808,90.2774887084961,179.5266577311168
2019-04-30 10:30:00,389962181,75491182.5457154,75.4911825457154,87.90847778320312,179.5266577311168
2019-04-30 10:45:00,358209354,69344282.72775711,69.3442827277571,86.78372192382812,179.5266577311168
2019-04-30 11:00:00,312445193,60484986.107651,60.484986107651,86.09595489501953,179.5562642586057
2019-04-30 11:15:00,442217364,85607049.54773314,85.60704954773314,85.17308807373047,179.5562642586057
2019-04-30 11:30:00,512038711,99123478.34205444,99.12347834205444,85.74786376953125,179.5562642586057
2019-04-30 11:45:00,498527719,96507940.6998396,96.5079406998396,88.1014633178711,179.5562642586057
2019-04-30 12:00:00,705760108,136625210.7060398,136.62521070603978,91.16900634765625,179.5562642586057
2019-04-30 12:15:00,853664755,165257465.96065024,165.25746596065022,97.05669403076172,179.5562642586057
2019-04-30 12:30:00,1039337920,201201174.03232023,201.20117403232024,105.9907455444336,179.5562642586057
2019-04-30 12:45:00,965161026,186841572.72106335,186.8415727210634,118.34304809570312,179.5562642586057
2019-04-30 13:00:00,955036464,184881600.2022477,184.8816002022477,130.09695434570312,179.5562642586057
2019-04-30 13:15:00,1015129912,196514844.8444236,196.51484484442355,139.9163055419922,177.90092909995633
2019-04-30 13:30:00,859575166,166401638.23545143,166.40163823545143,148.24754333496094,177.90092909995633
2019-04-30 13:45:00,825208735,159748781.51633862,159.74878151633862,152.4270477294922,177.90092909995633
2019-04-30 14:00:00,734287624,142147735.7683658,142.1477357683658,153.07278442382812,177.90092909995633
2019-04-30 14:15:00,799229724,154719611.10620043,154.71961110620043,150.1149139404297,177.90092909995633
2019-04-30 14:30:00,627374593,121450879.68083476,121.45087968083476,146.34510803222656,177.90092909995633
2019-04-30 14:45:00,502948128,97363669.5858818,97.3636695858818,139.8341064453125,177.90092909995633
2019-04-30 15:00:00,481941390,93297061.1548247,93.2970611548247,130.77536010742188,177.90092909995633
2019-04-30 15:15:00,590426994,114298345.21305034,114.29834521305034,121.00414276123047,177.90092909995633
2019-04-30 15:30:00,517779527,100234819.41494007,100.23481941494008,113.3904037475586,177.90092909995633
2019-04-30 15:45:00,630234121,122004444.00260828,122.00444400260828,106.74867248535156,177.90092909995633
2019-04-30 16:00:00,679895017,131618093.60243906,131.61809360243907,103.03667449951172,177.90092909995633
2019-04-30 16:15:00,604037762,116933198.08273254,116.93319808273256,102.09330749511719,177.90092909995633
2019-04-30 16:30:00,612751659,118620085.73790124,118.62008573790123,101.81095886230469,177.90092909995633
2019-04-30 16:45:00,702490597,135992279.45331344,135.99227945331344,102.1146011352539,177.90092909995633
2019-04-30 17:00:00,759666079,147060647.00047633,147.06064700047634,103.99478149414062,177.90092909995633
2019-04-30 17:15:00,717443055,138886864.5987,138.8868645987,107.37354278564453,177.90092909995633
2019-04-30 17:30:00,691557454,133875777.04814452,133.87577704814453,110.64009094238281,177.90092909995633
2019-04-30 17:45:00,790330661,152996877.92295665,152.99687792295666,113.11540985107422,177.90092909995633
2019-04-30 18:00:00,808058876,156428810.50509256,156.42881050509257,116.26617431640625,177.90092909995633
2019-04-30 18:15:00,875495377,169483566.723197,169.483566723197,119.66715240478516,177.90092909995633
2019-04-30 18:30:00,845885578,163751526.92457116,163.75152692457115,123.78413391113281,177.86360836171932
2019-04-30 18:45:00,819581613,158659449.99957544,158.65944999957543,127.36135864257812,177.81133101915722
2019-04-30 19:00:00,709932779,137432981.0066275,137.4329810066275,129.82559204101562,177.81133101915722
2019-04-30 19:15:00,787092758,152370065.5335821,152.37006553358208,129.705322265625,177.81133101915722
2019-04-30 19:30:00,656104748,127012632.79779074,127.01263279779072,129.26483154296875,177.81133101915722
2019-04-30 19:45:00,789419822,152820552.32891458,152.82055232891457,126.6745834350586,177.81133101915722
2019-04-30 20:00:00,913170880,176777013.14710715,176.77701314710714,125.13153076171875,177.81133101915722
2019-04-30 20:15:00,996280682,192865899.5566338,192.8658995566338,126.0760269165039,177.81133101915722
2019-04-30 20:30:00,947504693,183423555.481102,183.423555481102,129.53204345703125,177.81133101915722
2019-04-30 20:45:00,955598930,184990485.6930737,184.9904856930737,133.2618865966797,177.66635339789585
2019-04-30 21:00:00,967078394,187212748.1445984,187.2127481445984,136.86399841308594,176.41785439048937
2019-04-30 21:15:00,823866239,159488893.21039313,159.48889321039314,140.0955047607422,175.5567526668749
2019-04-30 21:30:00,888449310,171991265.5935856,171.9912655935856,140.5156707763672,170.49940338659445
2019-04-30 21:45:00,1002853629,194138329.46398503,194.13832946398503,140.290283203125,161.5273634465245
2019-04-30 22:00:00,1179131166,228263176.3664494,228.2631763664494,141.33424377441406,156.0209503781843
2019-04-30 22:15:00,1247562270,241510473.70851865,241.51047370851865,145.56570434570312,150.4897787037886
2019-04-30 22:30:00,1263828311,244659350.01051852,244.65935001051852,152.08981323242188,147.11860962972068
2019-04-30 22:45:00,1289274746,249585421.2125941,249.58542121259413,159.36436462402344,143.98176855369837
2019-04-30 23:00:00,1277156989,247239594.23166537,247.23959423166536,166.57484436035156,143.07584419882582
2019-04-30 23:15:00,1369005270,265020127.0251292,265.0201270251292,172.58627319335938,144.44905627999333
2019-04-30 23:30:00,1241430123,240323376.46901956,240.32337646901956,178.59603881835938,144.41750350667348
2019-04-30 23:45:00,819015106,158549782.2280988,158.54978222809882,181.61082458496094,143.78175345942375
2019-05-01 00:00:00,800862755,155035742.8936668,155.0357428936668,175.8011474609375,143.78175345942375
2019-05-01 00:15:00,748231007,144846978.2145399,144.8469782145399,165.74325561523438,143.78175345942375
2019-05-01 00:30:00,715519023,138514399.11868003,138.51439911868002,153.5706329345703,143.78175345942375
2019-05-01 00:45:00,686958411,132985467.13717245,132.98546713717244,141.08819580078125,143.78175345942375
2019-05-01 01:00:00,806383312,156104444.9282393,156.10444492823927,129.4374542236328,143.78175345942375
2019-05-01 01:15:00,739984574,143250585.00185037,143.25058500185037,121.33203125,143.78175345942375
2019-05-01 01:30:00,570304920,110402995.2649168,110.4029952649168,114.91500854492188,143.75452960864908
2019-05-01 01:45:00,502684133,97312563.87433553,97.31256387433552,107.75833892822266,143.71093370203596
2019-05-01 02:00:00,447961382,86719010.48269333,86.71901048269334,100.15496826171875,143.67279907917873
2019-05-01 02:15:00,433383870,83897009.59883234,83.89700959883234,92.42352294921875,143.50138790090435
2019-05-01 02:30:00,380343162,73629076.02713558,73.62907602713558,85.38943481445312,143.42684078786456
2019-05-01 02:45:00,365418959,70739960.6515543,70.7399606515543,78.83321380615234,143.31792179390737
2019-05-01 03:00:00,352778656,68292976.1292112,68.2929761292112,73.12323760986328,143.20250351841779
2019-05-01 03:15:00,355662749,68851295.88879277,68.85129588879276,68.54022216796875,143.09345477473855
2019-05-01 03:30:00,323868134,62696306.50294834,62.696306502948346,65.33277130126953,143.01107549665787
2019-05-01 03:45:00,260388614,50407566.04112804,50.40756604112804,62.96990966796875,142.85134179336913
2019-05-01 04:00:00,223619886,43289658.47813347,43.28965847813347,60.50920104980469,142.77843424499906
2019-05-01 04:15:00,275211709,53277108.33281371,53.27710833281371,57.935516357421875,142.98523171110878
2019-05-01 04:30:00,182987912,35423880.93385729,35.42388093385729,56.518104553222656,143.24110995844615
2019-05-01 04:45:00,245142428,47456119.294419214,47.45611929441922,54.70936965942383,143.17111588110782
2019-05-01 05:00:00,194849724,37720160.569791935,37.720160569791936,53.98219680786133,143.26831021836225
2019-05-01 05:15:00,112836786,21843611.572676647,21.843611572676647,53.3401985168457,143.40879378106854
2019-05-01 05:30:00,131483085,25453272.278751604,25.453272278751605,51.84916687011719,143.43270311621595
2019-05-01 05:45:00,88845975,17199328.663045578,17.199328663045577,50.444007873535156,143.55256826854352
2019-05-01 06:00:00,83661674,16195721.051252743,16.195721051252743,48.8812370300293,143.718730480789
2019-05-01 06:15:00,113466237,21965464.41549009,21.965464415490093,47.95590591430664,143.9673545391201
2019-05-01 06:30:00,66852192,12941642.230309548,12.941642230309547,48.285911560058594,144.3136683427353
2019-05-01 06:45:00,53663000,10388400.53300124,10.38840053300124,49.44717788696289,144.77295876797947
2019-05-01 07:00:00,117346683,22716664.07437392,22.71666407437392,50.97636032104492,145.06033081149027
2019-05-01 07:15:00,89040411,17236968.73247954,17.23696873247954,53.464942932128906,145.44085136001297
2019-05-01 07:30:00,114071928,22082717.65715072,22.08271765715072,56.33961868286133,145.94200376376634
2019-05-01 07:45:00,156410098,30278790.701786637,30.278790701786637,59.667049407958984,146.24105328226278
2019-05-01 08:00:00,211019489,40850399.19499934,40.85039919499934,63.25869369506836,146.40160087017173
2019-05-01 08:15:00,242089699,46865153.981807016,46.86515398180702,67.34015655517578,146.60084926154326
2019-05-01 08:30:00,237279136,45933896.77976397,45.93389677976397,71.68073272705078,146.7910505586582
2019-05-01 08:45:00,322372228,62406720.18299382,62.40672018299382,75.53303527832031,146.89818844279435
2019-05-01 09:00:00,348825321,67527666.18714437,67.52766618714436,79.41050720214844,146.97682856979375
2019-05-01 09:15:00,317184816,61402510.325443976,61.40251032544398,83.43766021728516,147.06981193879574
2019-05-01 09:30:00,308800614,59779446.97591842,59.77944697591842,86.69107055664062,147.0460795350875
2019-05-01 09:45:00,401109864,77649216.87139472,77.64921687139473,89.04557037353516,146.95940672074948
2019-05-01 10:00:00,455229939,88126100.6828862,88.1261006828862,91.37252807617188,146.91279118424106
2019-05-01 10:15:00,508485713,98435668.0012805,98.4356680012805,93.88165283203125,146.80013303920262
2019-05-01 10:30:00,477347901,92407826.41998067,92.40782641998068,96.63086700439453,146.70062679780963
2019-05-01 10:45:00,584566212,113163780.41323288,113.16378041323289,99.0436019897461,146.63062092504205
2019-05-01 11:00:00,556770848,107782989.65996596,107.78298965996596,102.66910552978516,146.54327577123516
2019-05-01 11:15:00,606917295,117490635.09057768,117.4906350905777,106.30152893066406,146.42224287140903
2019-05-01 11:30:00,585293362,113304546.40558462,113.30454640558462,109.74867248535156,146.39367434169662
2019-05-01 11:45:00,686463393,132889638.62860893,132.8896386286089,112.3233871459961,146.39367434169662
2019-05-01 12:00:00,655403595,126876899.458266,126.876899458266,115.63434600830078,146.39223529932465
2019-05-01 12:15:00,699365143,135387235.605607,135.387235605607,118.34500122070312,146.39223529932465
2019-05-01 12:30:00,649548171,125743371.89173885,125.74337189173885,120.927001953125,146.39223529932465
2019-05-01 12:45:00,619626803,119951016.725622,119.951016725622,122.32740020751953,145.74833461044352
2019-05-01 13:00:00,685205813,132646188.8635512,132.6461888635512,122.36070251464844,145.54047555569872
2019-05-01 13:15:00,730001141,141317933.0685186,141.3179330685186,122.4772720336914,145.40342446291245
2019-05-01 13:30:00,859837003,166452326.1886102,166.4523261886102,123.14419555664062,144.7726167005304
2019-05-01 13:45:00,873283179,169055316.3666701,169.0553163666701,125.91548919677734,144.7726167005304
2019-05-01 14:00:00,700002326,135510585.2546542,135.5105852546542,129.61785888671875,144.7726167005304
2019-05-01 14:15:00,755297599,146214970.8370042,146.21497083700422,130.8356170654297,144.7726167005304
2019-05-01 14:30:00,691901178,133942317.17047846,133.94231717047847,131.296142578125,144.7726167005304
2019-05-01 14:45:00,782260152,151434541.11738873,151.43454111738873,130.19790649414062,144.7726167005304
2019-05-01 15:00:00,847140261,163994415.87125596,163.99441587125597,129.59898376464844,144.75484098860778
2019-05-01 15:15:00,871641074,168737427.98068264,168.73742798068264,130.18209838867188,144.73097883517747
2019-05-01 15:30:00,805790742,155989731.7272658,155.9897317272658,131.64797973632812,144.73097883517747
2019-05-01 15:45:00,868952143,168216888.8339036,168.21688883390362,132.419921875,144.73009417798158
2019-05-01 16:00:00,746768416,144563841.20908058,144.56384120908058,133.61013793945312,144.73009417798158
2019-05-01 16:15:00,820997140,158933476.07790273,158.93347607790272,133.01715087890625,144.73009417798158
2019-05-01 16:30:00,937557519,181497922.779176,181.497922779176,132.55665588378906,144.75909913857728
2019-05-01 16:45:00,887562472,171819586.25489998,171.81958625489997,133.83587646484375,144.75909913857728
2019-05-01 17:00:00,722434640,139853165.1088191,139.8531651088191,135.11753845214844,144.75909913857728
2019-05-01 17:15:00,784125718,151795688.40376386,151.79568840376385,133.77474975585938,144.75909913857728
2019-05-01 17:30:00,873620871,169120688.77881235,169.12068877881234,132.0575408935547,144.75909913857728
2019-05-01 17:45:00,845961651,163766253.5852824,163.7662535852824,131.53890991210938,144.75909913857728
2019-05-01 18:00:00,917907533,177693962.41475603,177.69396241475604,131.2523956298828,144.77130740788047
2019-05-01 18:15:00,810496529,156900705.77230597,156.90070577230597,132.20916748046875,144.77130740788047
2019-05-01 18:30:00,792699629,153455476.7421405,153.4554767421405,132.0933074951172,144.77130740788047
2019-05-01 18:45:00,841423989,162887826.17087433,162.88782617087432,131.14306640625,144.77130740788047
2019-05-01 19:00:00,835066036,161657016.07203534,161.65701607203533,130.5000457763672,144.77130740788047
2019-05-01 19:15:00,786763616,152306348.2809456,152.3063482809456,129.96380615234375,144.77130740788047
2019-05-01 19:30:00,701600331,135819936.5021383,135.8199365021383,128.8131866455078,144.77130740788047
2019-05-01 19:45:00,692315113,134022449.15293618,134.02244915293616,126.17576599121094,144.77130740788047
2019-05-01 20:00:00,775557663,150137033.70445925,150.13703370445924,122.89402770996094,144.77130740788047
2019-05-01 20:15:00,771611086,149373032.01595262,149.37303201595262,120.80428314208984,144.77130740788047
2019-05-01 20:30:00,1027805525,198968664.88514656,198.96866488514652,119.5339584350586,144.98406156577582
2019-05-01 20:45:00,999041410,193400337.5907853,193.40033759078528,122.69098663330078,145.479740890344
2019-05-01 21:00:00,1056388704,204501965.5198198,204.5019655198198,127.5215072631836,146.27718268214267
2019-05-01 21:15:00,1144030049,221468094.7915889,221.4680947915889,133.68524169921875,147.4918877846664
2019-05-01 21:30:00,1194147744,231170174.24019957,231.17017424019957,141.2064971923828,149.15636440100658
2019-05-01 21:45:00,1253921526,242741536.0497946,242.7415360497946,149.35940551757812,151.2374673748908
2019-05-01 22:00:00,1140313443,220748612.2477252,220.7486122477252,157.78663635253906,152.3362705893245
2019-05-01 22:15:00,1280527051,247891990.74093708,247.89199074093708,163.4784393310547,153.13793514480489
2019-05-01 22:30:00,1258759832,243678163.90565848,243.6781639056585,169.15745544433594,153.2783007532184
2019-05-01 22:45:00,1099579541,212863102.8791096,212.8631028791096,173.6102752685547,152.1389802392132
2019-05-01 23:00:00,1132150844,219168448.115972,219.168448115972,174.18800354003906,150.89594251556264
2019-05-01 23:15:00,1075257487,208154695.9928512,208.1546959928512,173.08541870117188,149.50921287244205
2019-05-01 23:30:00,975906515,188921747.9564203,188.9217479564203,170.08843994140625,146.08062364864662
2019-05-01 23:45:00,641926573,124267937.92931554,124.26793792931554,164.76351928710938,143.78256734404397
2019-05-02 00:00:00,756182257,146386228.15841234,146.38622815841234,153.548583984375,143.78256734404397
2019-05-02 00:15:00,731690568,141644982.32680207,141.64498232680208,142.3760986328125,143.78256734404397
2019-05-02 00:30:00,680238621,131684610.49446411,131.68461049446412,131.94613647460938,143.78256734404397
2019-05-02 00:45:00,611312001,118341388.23804958,118.34138823804956,122.33323669433594,143.78256734404397
2019-05-02 01:00:00,471458631,91267746.7448416,91.2677467448416,112.96826171875,143.82991419716765
2019-05-02 01:15:00,415826881,80498223.95722646,80.49822395722646,102.80726623535156,143.88090583793837
2019-05-02 01:30:00,412292494,79814016.44376965,79.81401644376965,92.7408676147461,143.95256307080493
2019-05-02 01:45:00,317159907,61397688.294083886,61.397688294083885,83.9063491821289,144.11916171393372
2019-05-02 02:00:00,309596372,59933494.51018486,59.93349451018487,75.24125671386719,144.27758612457254
2019-05-02 02:15:00,304012550,58852545.26319934,58.85254526319934,67.83543395996094,144.4045757161843
2019-05-02 02:30:00,269284931,52129767.63747092,52.12976763747093,62.05116653442383,144.61612674029323
2019-05-02 02:45:00,308091339,59642141.33165618,59.64214133165618,57.34678649902344,144.71260155636165
2019-05-02 03:00:00,244954017,47419645.58007556,47.41964558007556,54.68224334716797,144.86601290955713
2019-05-02 03:15:00,191474877,37066837.751954734,37.066837751954736,52.73664474487305,145.1324952478158
2019-05-02 03:30:00,170852188,33074575.79493558,33.07457579493558,50.80952453613281,145.43228787835682
2019-05-02 03:45:00,169474371,32807849.841165237,32.80784984116524,48.989524841308594,145.67368133854023
2019-05-02 04:00:00,162846944,31524873.3735949,31.5248733735949,47.6314697265625,145.8431344755544
2019-05-02 04:15:00,118143206,22870859.70185929,22.870859701859292,46.76068878173828,146.13850382011597
2019-05-02 04:30:00,128295846,24836267.72577465,24.83626772577465,45.81568908691406,146.44461880075022
2019-05-02 04:45:00,124535421,24108302.44104753,24.10830244104753,45.27588653564453,146.596390589276
2019-05-02 05:00:00,138741046,26858311.242672782,26.858311242672784,45.26484298706055,146.78518823030683
2019-05-02 05:15:00,123484124,23904786.157665268,23.904786157665267,46.14279556274414,147.00308519536756
2019-05-02 05:30:00,96680617,18716004.94146225,18.71600494146225,47.623775482177734,147.04718830543968
2019-05-02 05:45:00,147462418,28546645.95249709,28.54664595249709,49.76633071899414,146.99815470592918
2019-05-02 06:00:00,158280718,30640916.37133628,30.64091637133628,52.65660858154297,146.7556406799643
2019-05-02 06:15:00,155636988,30129127.50114432,30.12912750114432,56.050724029541016,146.51562728500647
2019-05-02 06:30:00,232159046,44942719.512652285,44.94271951265229,59.55646896362305,146.2092410094988
2019-05-02 06:45:00,239643682,46391639.56206659,46.391639562066594,63.45820617675781,145.6681610776379
2019-05-02 07:00:00,199770938,38672838.24604211,38.67283824604211,67.50572204589844,145.06935431488827
2019-05-02 07:15:00,276886438,53601312.26543456,53.601312265434565,71.01988220214844,144.71592786741817
2019-05-02 07:30:00,286807000,55521793.25920069,55.52179325920069,74.45821380615234,144.16669729392586
2019-05-02 07:45:00,297535947,57598766.19648228,57.59876619648228,77.63804626464844,143.7283201647924
2019-05-02 08:00:00,308816106,59782446.0087913,59.7824460087913,80.51806640625,143.45542111300622
2019-05-02 08:15:00,378394536,73251849.49531627,73.25184949531626,83.03864288330078,143.20252710927633
2019-05-02 08:30:00,401886566,77799575.43261535,77.79957543261536,85.71849060058594,142.97675079745758
2019-05-02 08:45:00,614766433,119010117.59030376,119.01011759030376,88.38692474365234,142.69798941732006
2019-05-02 09:00:00,754438514,146048664.0879985,146.0486640879985,92.63949584960938,142.52616539902093
2019-05-02 09:15:00,274718249,53181581.43109344,53.18158143109344,99.71488952636719,142.65373296666732
2019-05-02 09:30:00,354860064,68695907.3849478,68.6959073849478,102.40274047851562,142.6127084636369
2019-05-02 09:45:00,372102138,72033729.92061758,72.03372992061757,102.46102905273438,142.5273213510902
2019-05-02 10:00:00,451695134,87441812.25052021,87.44181225052021,101.1075210571289,142.50163090612173
2019-05-02 10:15:00,380437751,73647387.1245028,73.6473871245028,100.07694244384766,142.55971159988883
2019-05-02 10:30:00,321528889,62243461.6376814,62.24346163768139,98.40277862548828,142.7052907880434
2019-05-02 10:45:00,283280673,54839146.04815515,54.83914604815515,95.7220687866211,142.89296786329277
2019-05-02 11:00:00,423595343,82002088.72031088,82.00208872031088,92.2320327758789,142.94966849183427
2019-05-02 11:15:00,362968558,70265597.55119713,70.26559755119713,90.49696350097656,143.0765637200118
2019-05-02 11:30:00,316698349,61308337.1699721,61.3083371699721,89.17694091796875,143.23807853312158
2019-05-02 11:45:00,356305799,68975781.30635694,68.97578130635694,87.6541976928711,143.37688714487032
2019-05-02 12:00:00,498147156,96434269.06627382,96.43426906627384,86.64328002929688,143.38766816723083
2019-05-02 12:15:00,656646657,127117538.74312437,127.11753874312436,87.70720672607422,143.38766816723083
2019-05-02 12:30:00,701716615,135842447.44576013,135.84244744576014,92.18212127685547,143.38766816723083
2019-05-02 12:45:00,761164797,147350777.68400165,147.35077768400166,98.76850891113281,143.38766816723083
2019-05-02 13:00:00,816057052,157977144.66124183,157.97714466124182,106.68557739257812,143.38766816723083
2019-05-02 13:15:00,724608317,140273958.3426184,140.2739583426184,115.19857025146484,143.38766816723083
2019-05-02 13:30:00,714520720,138321141.7268589,138.3211417268589,121.69327545166016,143.38766816723083
2019-05-02 13:45:00,569495266,110246257.6608852,110.24625766088522,126.05445861816406,143.38766816723083
2019-05-02 14:00:00,656140201,127019495.99895534,127.01949599895534,126.48743438720703,143.38766816723083
2019-05-02 14:15:00,546196795,105736002.01817957,105.73600201817956,125.87294006347656,143.38766816723083
2019-05-02 14:30:00,546425763,105780326.99615768,105.78032699615768,123.07405090332031,143.38766816723083
2019-05-02 14:45:00,474794807,91913583.40206511,91.91358340206511,119.25825500488281,143.43022607606747
2019-05-02 15:00:00,549349692,106346358.44393468,106.34635844393468,114.21543884277344,143.43022607606747
2019-05-02 15:15:00,454936578,88069310.12759183,88.06931012759183,110.06258392333984,143.46577749991272
2019-05-02 15:30:00,464758287,89970654.57368286,89.97065457368286,105.49259948730469,143.49846263444329
2019-05-02 15:45:00,528503647,102310857.91304807,102.31085791304808,101.36466979980469,143.49846263444329
2019-05-02 16:00:00,443066015,85771336.42138411,85.7713364213841,98.79008483886719,143.52908356885013
2019-05-02 16:15:00,461733434,89385085.66181713,89.38508566181713,96.20659637451172,143.56843312092303
2019-05-02 16:30:00,532813736,103145230.40181842,103.14523040181842,94.2035140991211,143.56843312092303
2019-05-02 16:45:00,537276042,104009069.95661063,104.00906995661065,93.7243423461914,143.50334594216457
2019-05-02 17:00:00,456292625,88331821.71616448,88.33182171616448,94.23502349853516,143.53848452598507
2019-05-02 17:15:00,457082528,88484735.80494483,88.48473580494483,94.17139434814453,143.5778222826287
2019-05-02 17:30:00,477024476,92345215.89797509,92.34521589797508,93.82178497314453,143.61230032240957
2019-05-02 17:45:00,409815878,79334578.4888577,79.3345784888577,93.61965942382812,143.6641766203762
2019-05-02 18:00:00,456547866,88381232.77668,88.38123277668,92.5971450805664,143.69417239703128
2019-05-02 18:15:00,587952032,113819227.44922876,113.81922744922876,91.87962341308594,143.6859509828242
2019-05-02 18:30:00,497882640,96383062.4964699,96.3830624964699,93.22396087646484,143.7000701116705
2019-05-02 18:45:00,451839469,87469753.47242229,87.46975347242228,94.3704605102539,143.72551285262412
2019-05-02 19:00:00,497880966,96382738.43366142,96.38273843366142,94.69205474853516,143.7309387500922
2019-05-02 19:15:00,514498159,99599592.8141132,99.5995928141132,95.12718963623047,143.73288499592314
2019-05-02 19:30:00,619189053,119866274.4947866,119.8662744947866,95.80817413330078,143.73288499592314
2019-05-02 19:45:00,624844129,120961017.511997,120.961017511997,98.00299835205078,143.73288499592314
2019-05-02 20:00:00,570204159,110383489.35533091,110.38348935533092,100.9046630859375,143.73288499592314
2019-05-02 20:15:00,694062531,134360724.6515586,134.3607246515586,103.13182830810547,143.73288499592314
2019-05-02 20:30:00,751061820,145394983.7169909,145.39498371699088,106.46220397949219,143.73288499592314
2019-05-02 20:45:00,850879799,164718337.72714138,164.71833772714135,110.81697082519531,142.8960818566223
2019-05-02 21:00:00,920023239,178103533.27993453,178.10353327993454,116.67469787597656,142.29640223210606
2019-05-02 21:15:00,917525287,177619964.9761086,177.6199649761086,123.71397399902344,141.26102304090256
2019-05-02 21:30:00,875689547,169521155.2987797,169.5211552987797,130.52883911132812,139.68981288386703
2019-05-02 21:45:00,1074522683,208012448.29396647,208.0124482939665,135.7557830810547,138.95459198151218
2019-05-02 22:00:00,958203840,185494759.55835184,185.49475955835183,142.37496948242188,136.64367865899598
2019-05-02 22:15:00,872770396,168956048.8044668,168.9560488044668,147.09609985351562,134.97959129182198
2019-05-02 22:30:00,936093035,181214419.3155945,181.2144193155945,148.85723876953125,132.3775313884259
2019-05-02 22:45:00,783397619,151654738.69838628,151.65473869838627,149.6212158203125,129.68715910602208
2019-05-02 23:00:00,852035647,164942093.61069745,164.94209361069744,147.31832885742188,128.33083807958133
2019-05-02 23:15:00,780895973,151170455.28821948,151.17045528821947,144.54522705078125,126.6954961735589
2019-05-02 23:30:00,564284996,109237622.81667076,109.23762281667076,140.60813903808594,125.5117422774618
2019-05-02 23:45:00,387287440,74973390.3829582,74.9733903829582,133.26596069335938,124.8114004594833
2019-05-03 00:00:00,793293046,153570353.9103773,153.5703539103773,122.3463363647461,124.8114004594833
2019-05-03 00:15:00,814122959,157602731.51341048,157.60273151341048,116.51227569580078,124.81352363675342
2019-05-03 00:30:00,821546165,159039759.5805513,159.0397595805513,114.29867553710938,124.8254134294661
2019-05-03 00:45:00,736913348,142656038.93071443,142.65603893071443,114.58893585205078,124.8254134294661
2019-05-03 01:00:00,358823725,69463216.2950914,69.4632162950914,115.1102294921875,124.98662156141462
2019-05-03 01:15:00,285688900,55305344.856466055,55.30534485646606,110.27976989746094,125.2045067310461
2019-05-03 01:30:00,348029332,67373573.93453339,67.37357393453338,102.11613464355469,125.29092004594
2019-05-03 01:45:00,314137689,60812629.481083386,60.81262948108338,93.83052062988281,125.42924504508835
2019-05-03 02:00:00,185090689,35830948.92684283,35.83094892684283,85.32877349853516,125.75678052529226
2019-05-03 02:15:00,211760414,40993831.83322146,40.993831833221456,76.0542984008789,125.93682595779848
2019-05-03 02:30:00,149316007,28905474.66046283,28.90547466046283,68.10611724853516,126.4146352070098
2019-05-03 02:45:00,156293789,30256274.918517105,30.256274918517104,60.78391647338867,126.73608424570602
2019-05-03 03:00:00,189926699,36767132.30946399,36.767132309464,54.87651824951172,126.9816061061369
2019-05-03 03:15:00,127432781,24669190.50485866,24.669190504858665,51.113948822021484,127.46235241723855
2019-05-03 03:30:00,99506616,19263078.521356422,19.263078521356423,48.257266998291016,127.97022821568063
2019-05-03 03:45:00,73794025,14285483.268589286,14.285483268589289,46.2071647644043,128.57587632741178
2019-05-03 04:00:00,55521967,10748270.345975388,10.748270345975389,44.99782943725586,129.2686926615106
2019-05-03 04:15:00,49775896,9635911.97914791,9.63591197914791,44.32017135620117,129.9638916723237
2019-05-03 04:30:00,63518600,12296305.799069984,12.296305799069984,45.00083923339844,130.28839572720307
2019-05-03 04:45:00,48316960,9353482.530179072,9.353482530179072,46.51649475097656,130.78915888179026
2019-05-03 05:00:00,135540452,26238721.349906437,26.238721349906434,48.56785583496094,130.7296863273683
2019-05-03 05:15:00,35812123,6932722.316327935,6.932722316327936,51.998870849609375,131.32323232865977
2019-05-03 05:30:00,21752980,4211070.365547311,4.211070365547311,55.21316146850586,131.9870554975922
2019-05-03 05:45:00,37513589,7262102.155347063,7.262102155347063,58.1854248046875,132.4436447695316
2019-05-03 06:00:00,98772663,19120995.56407864,19.12099556407864,60.99216079711914,132.72570886986708
2019-05-03 06:15:00,98249496,19019717.805815984,19.019717805815983,64.13970947265625,133.04729945371466
2019-05-03 06:30:00,69030137,13363261.688760389,13.363261688760389,67.44476318359375,133.55496293442974
2019-05-03 06:45:00,137473661,26612963.367795907,26.612963367795903,70.42613220214844,133.84982507553235
2019-05-03 07:00:00,253312890,49037805.592160046,49.03780559216005,73.62179565429688,133.8298200274761
2019-05-03 07:15:00,230481864,44618040.7138013,44.6180407138013,77.48117065429688,133.77599748367854
2019-05-03 07:30:00,275071627,53249990.43177456,53.24999043177456,81.05859375,133.77695291345012
2019-05-03 07:45:00,191457303,37063435.67322327,37.06343567322327,84.56612396240234,133.9531766268701
2019-05-03 08:00:00,336043680,65053320.61986281,65.05332061986282,87.03596496582031,133.9146999365638
2019-05-03 08:15:00,236384662,45760739.2190917,45.7607392190917,89.68447875976562,134.02473949630243
2019-05-03 08:30:00,249669417,48332480.56644073,48.33248056644073,91.50166320800781,134.20454902022308
2019-05-03 08:45:00,245878014,47598518.3774833,47.5985183774833,92.65984344482422,134.395977041983
2019-05-03 09:00:00,235561586,45601403.30501495,45.60140330501496,93.1802749633789,134.6933162232341
2019-05-03 09:15:00,211002000,40847013.57106997,40.84701357106997,93.15158081054688,135.04341635964767
2019-05-03 09:30:00,255655707,49491341.94628718,49.49134194628718,92.57704162597656,135.0672667176487
2019-05-03 09:45:00,203279931,39352129.83897388,39.35212983897388,92.10103607177734,135.30253835003657
2019-05-03 10:00:00,266431376,51577359.60432055,51.57735960432055,91.26077270507812,135.44396554708516
2019-05-03 10:15:00,233013653,45108159.38396597,45.10815938396597,90.82691955566406,135.72533371709324
2019-05-03 10:30:00,239899967,46441252.72626912,46.44125272626912,90.3570556640625,135.8849258752306
2019-05-03 10:45:00,247245533,47863250.78358228,47.86325078358228,89.96931457519531,135.98425518518442
2019-05-03 11:00:00,241830979,46815069.435920686,46.81506943592069,89.69612121582031,136.0415691760484
2019-05-03 11:15:00,283809459,54941511.56562983,54.94151156562983,89.46231842041016,136.19225578508053
2019-05-03 11:30:00,299162032,57913553.33623789,57.91355333623789,89.60237121582031,136.27915271257487
2019-05-03 11:45:00,332930270,64450608.320821546,64.45060832082154,90.03370666503906,136.24018061423888
2019-05-03 12:00:00,437709403,84734371.82835202,84.73437182835202,90.82518005371094,136.16533861546714
2019-05-03 12:15:00,461997267,89436160.0124465,89.43616001244649,92.57026672363281,136.18041317408498
2019-05-03 12:30:00,491216795,95092648.8455204,95.0926488455204,94.8331298828125,136.2099017472811
2019-05-03 12:45:00,601575240,116456488.52759534,116.45648852759534,97.34051513671875,136.2099017472811
2019-05-03 13:00:00,571275025,110590793.92132936,110.59079392132936,100.78045654296875,136.2099017472811
2019-05-03 13:15:00,466416960,90291750.29097922,90.29175029097922,104.89874267578125,136.24961695766163
2019-05-03 13:30:00,548859964,106251554.00481974,106.25155400481974,107.50480651855469,136.2594897319677
2019-05-03 13:45:00,578448753,111979526.56353731,111.97952656353732,109.5031967163086,136.2594897319677
2019-05-03 14:00:00,812664401,157320375.23991454,157.32037523991454,111.21239471435547,136.2594897319677
2019-05-03 14:15:00,465143360,90045199.27968968,90.04519927968968,115.85319519042969,136.30865308120025
2019-05-03 14:30:00,575891250,111484430.02535734,111.48443002535734,116.68449401855469,136.29701099250244
2019-05-03 14:45:00,435626813,84331211.75407323,84.33121175407324,116.7353286743164,136.34288341696632
2019-05-03 15:00:00,598865049,115931833.74443124,115.93183374443124,114.21792602539062,136.3130645717504
2019-05-03 15:15:00,468446891,90684716.32497576,90.68471632497577,112.75119018554688,136.34001712765166
2019-05-03 15:30:00,502393494,97256300.25988027,97.25630025988028,110.0904312133789,136.32179318941644
2019-05-03 15:45:00,599785986,116110114.16896324,116.11011416896324,107.51463317871094,136.28484990491634
2019-05-03 16:00:00,540821985,104695514.54880996,104.69551454880995,106.55769348144531,136.27548433406926
2019-05-03 16:15:00,509438291,98620073.67749922,98.62007367749922,105.78065490722656,136.23790409638812
2019-05-03 16:30:00,456051319,88285108.27526449,88.28510827526449,104.75936889648438,136.23902466216958
2019-05-03 16:45:00,480661263,93049246.60831948,93.04924660831948,102.92327117919922,136.24731684895232
2019-05-03 17:00:00,534141535,103402273.57568716,103.40227357568718,101.14798736572266,136.24961695766163
2019-05-03 17:15:00,597236178,115616507.27433844,115.61650727433845,100.289306640625,136.20804986488437
2019-05-03 17:30:00,547473602,105983173.85947315,105.98317385947315,100.90879821777344,136.1680397687719
2019-05-03 17:45:00,524461533,101528361.60773434,101.52836160773434,101.60408020019531,136.15548943201964
2019-05-03 18:00:00,484924008,93874453.96590383,93.87445396590384,101.95252227783203,136.10184381966124
2019-05-03 18:15:00,627745009,121522586.99820116,121.52258699820116,101.4823989868164,136.05327024189262
2019-05-03 18:30:00,762816041,147670435.25159413,147.6704352515941,102.5730972290039,136.05327024189262
2019-05-03 18:45:00,444252633,86001048.9433018,86.0010489433018,106.28286743164062,136.0946014260843
2019-05-03 19:00:00,370151920,71656195.20003414,71.65619520003415,106.57965087890625,136.16577504635043
2019-05-03 19:15:00,466889528,90383232.79592824,90.38323279592824,103.9436264038086,136.18041317408498
2019-05-03 19:30:00,456859408,88441542.91735145,88.44154291735146,101.2110595703125,136.20505382584767
2019-05-03 19:45:00,330027715,63888714.57822301,63.88871457822301,98.53855895996094,136.37765634247918
2019-05-03 20:00:00,327735403,63444955.28033424,63.44495528033424,94.44927978515625,136.5100246498419
2019-05-03 20:15:00,364462152,70554736.30053443,70.55473630053443,90.03765106201172,136.63642446998975
2019-05-03 20:30:00,565508604,109474496.08129229,109.47449608129229,86.39934539794922,136.63642446998975
2019-05-03 20:45:00,585007461,113249200.00115728,113.24920000115726,86.34868621826172,136.63642446998975
2019-05-03 21:00:00,657217785,127228101.0750777,127.2281010750777,88.66474151611328,136.63642446998975
2019-05-03 21:15:00,617801441,119597652.36705616,119.59765236705614,93.16995239257812,136.47170130011622
2019-05-03 21:30:00,642698805,124417431.1615314,124.4174311615314,97.9108657836914,136.33393068614396
2019-05-03 21:45:00,667518780,129222228.53624168,129.2222285362417,102.63117980957031,136.32946021844745
2019-05-03 22:00:00,703840622,136253625.2675535,136.2536252675535,107.13047790527344,135.15094349294998
2019-05-03 22:15:00,635847116,123091040.7312618,123.09104073126178,111.4797134399414,134.64719609475534
2019-05-03 22:30:00,633245804,122587463.38807742,122.58746338807742,114.2383041381836,134.63124867437088
2019-05-03 22:45:00,888749180,172049316.19954932,172.0493161995493,115.71453094482422,134.2767842291243
2019-05-03 23:00:00,747658678,144736183.38591212,144.7361833859121,119.9020004272461,134.2767842291243
2019-05-03 23:15:00,638122149,123531455.05826168,123.53145505826168,123.00495147705078,134.2767842291243
2019-05-03 23:30:00,544975467,105499570.12942624,105.49957012942625,123.5816879272461,134.29831088755745
2019-05-03 23:45:00,468427156,90680895.90709902,90.68089590709904,121.28353118896484,134.3444192206069
2019-05-04 00:00:00,603874147,116901524.52454148,116.90152452454149,116.49111938476562,134.20393565790062
2019-05-04 00:15:00,626504028,121282350.56561548,121.28235056561547,112.7093505859375,134.20393565790062
2019-05-04 00:30:00,591442707,114494972.93551417,114.49497293551416,110.17102813720703,134.20393565790062
2019-05-04 00:45:00,557561799,107936106.62677692,107.93610662677692,108.11204528808594,134.21179141380006
2019-05-04 01:00:00,421173648,81533282.69700308,81.53328269700309,106.10746765136719,134.30755850411177
2019-05-04 01:15:00,278786013,53969043.21492445,53.96904321492445,102.45796203613281,134.42670413525335
2019-05-04 01:30:00,210156366,40683310.74610073,40.68331074610073,96.35174560546875,134.57872362779398
2019-05-04 01:45:00,187956548,36385738.840994224,36.38573884099422,88.64399719238281,134.8866551045371
2019-05-04 02:00:00,212003011,41040795.19352753,41.04079519352753,80.58252716064453,135.05163777385474
2019-05-04 02:15:00,145236763,28115790.51041825,28.11579051041825,73.24388885498047,135.18281474286036
2019-05-04 02:30:00,169448090,32802762.209940597,32.8027622099406,66.13811492919922,135.3247491433679
2019-05-04 02:45:00,218920837,42379988.814935386,42.37998881493539,60.584815979003906,135.08565579189377
2019-05-04 03:00:00,155324533,30068640.61653968,30.068640616539675,57.58211898803711,135.09206070999198
2019-05-04 03:15:00,180247102,34893298.74380353,34.893298743803534,55.81542205810547,135.12770649727145
2019-05-04 03:30:00,156923367,30378152.34674076,30.378152346740755,55.232852935791016,134.9902071781726
2019-05-04 03:45:00,139203734,26947881.118859604,26.947881118859605,55.28561782836914,134.768122835718
2019-05-04 04:00:00,99773768,19314795.383611467,19.314795383611468,56.1313591003418,134.57118634848504
2019-05-04 04:15:00,90361233,17492661.25747441,17.49266125747441,57.10314178466797,134.28037003962493
2019-05-04 04:30:00,67899260,13144339.838890666,13.144339838890666,58.31510543823242,134.14824943627704
2019-05-04 04:45:00,50817106,9837475.561485205,9.837475561485205,59.53681182861328,134.233648344253
2019-05-04 05:00:00,61011842,11811032.777746072,11.811032777746073,60.63067626953125,134.150195682108
2019-05-04 05:15:00,73043793,14140248.926329728,14.140248926329727,62.04219436645508,134.57007757813287
2019-05-04 05:30:00,106334931,20584944.07463336,20.58494407463336,63.787681579589844,134.03557949580934
2019-05-04 05:45:00,130469633,25257082.254023746,25.257082254023747,66.08309936523438,133.34232673082718
2019-05-04 06:00:00,101157418,19582650.52397796,19.58265052397796,68.80004119873047,132.9149075554934
2019-05-04 06:15:00,51825124,10032613.640393851,10.032613640393851,71.41499328613281,133.23404469005104
2019-05-04 06:30:00,42477125,8222972.774357757,8.222972774357757,73.4228286743164,133.638215074277
2019-05-04 06:45:00,89881990,17399886.566595457,17.39988656659546,74.95831298828125,133.45025490872496
2019-05-04 07:00:00,67018556,12973847.956159243,12.973847956159243,76.60124206542969,133.93569580067944
2019-05-04 07:15:00,48431749,9375704.062869804,9.375704062869804,78.05411529541016,134.858523005708
2019-05-04 07:30:00,183098411,35445271.983006544,35.44527198300654,79.285888671875,135.0061781894156
2019-05-04 07:45:00,130678162,25297450.529646546,25.297450529646543,81.27955627441406,135.41336820353686
2019-05-04 08:00:00,111492938,21583461.538584765,21.583461538584764,83.20484924316406,135.72678455489446
2019-05-04 08:15:00,182752386,35378286.41950037,35.37828641950038,84.84285736083984,135.99527211613048
2019-05-04 08:30:00,267197416,51725654.15259963,51.72565415259963,86.67607116699219,135.96125409809144
2019-05-04 08:45:00,135006823,26135418.295883644,26.13541829588365,89.03663635253906,136.27400990540946
2019-05-04 09:00:00,141531041,27398414.95556753,27.39841495556753,90.47120666503906,136.51885942637145
2019-05-04 09:15:00,208644543,40390643.11926281,40.390643119262805,91.27430725097656,136.5643661925277
2019-05-04 09:30:00,188318319,36455772.60819368,36.45577260819368,92.08795166015625,136.62738917116243
2019-05-04 09:45:00,185917960,35991096.933799885,35.99109693379989,92.64802551269531,136.77548078575336
2019-05-04 10:00:00,307161291,59462097.14592455,59.46209714592455,92.96533203125,136.61080479759696
2019-05-04 10:15:00,365428295,70741767.96958303,70.74176796958304,93.93887329101562,136.49611783872263
2019-05-04 10:30:00,249170071,48235814.21807124,48.23581421807124,95.574462890625,136.47276288875128
2019-05-04 10:45:00,318035556,61567201.60005489,61.56720160005489,96.54568481445312,136.37948463401733
2019-05-04 11:00:00,293248633,56768802.62674627,56.768802626746265,97.47644805908203,136.32286657348078
2019-05-04 11:15:00,274326155,53105677.558432825,53.10567755843282,97.91447448730469,136.2724529087447
2019-05-04 11:30:00,283644073,54909495.16679728,54.90949516679728,97.75556182861328,136.2724529087447
2019-05-04 11:45:00,299259935,57932505.97730124,57.93250597730124,97.26209259033203,136.2724529087447
2019-05-04 12:00:00,328514360,63595750.3777754,63.5957503777754,96.686279296875,136.2814292304256
2019-05-04 12:15:00,378682150,73307527.5124025,73.3075275124025,96.27082824707031,136.33404864043675
2019-05-04 12:30:00,385017850,74534029.74405068,74.53402974405068,96.33956146240234,136.3869511407506
2019-05-04 12:45:00,493205606,95477654.62701674,95.47765462701672,96.60716247558594,136.3869511407506
2019-05-04 13:00:00,414935245,80325615.79335855,80.32561579335855,97.93238067626953,136.46517842772525
2019-05-04 13:15:00,366915401,71029650.73355503,71.02965073355503,98.80533599853516,136.5893371163102
2019-05-04 13:30:00,435227774,84253963.42728776,84.25396342728776,98.7319564819336,136.61354133718956
2019-05-04 13:45:00,426869336,82635887.62507287,82.63588762507287,99.01580047607422,136.65903630791652
2019-05-04 14:00:00,351721381,68088302.58927627,68.08830258927627,99.2313003540039,136.8140400440646
2019-05-04 14:15:00,328450891,63583463.67383732,63.58346367383732,98.418701171875,136.9704002545797
2019-05-04 14:30:00,339522321,65726736.49334212,65.72673649334212,96.70935821533203,137.10143567843394
2019-05-04 14:45:00,354800009,68684281.58329658,68.68428158329658,94.74283599853516,137.24060994849035
2019-05-04 15:00:00,386694347,74858575.93655528,74.85857593655528,92.9756088256836,137.28596337406597
2019-05-04 15:15:00,377224102,73025269.96771918,73.02526996771918,91.85122680664062,137.38338182447666
2019-05-04 15:30:00,347056113,67185172.45160611,67.1851724516061,91.06493377685547,137.49951962115225
2019-05-04 15:45:00,393329607,76143068.76253597,76.14306876253598,90.19957733154297,137.5667063863223
2019-05-04 16:00:00,347217347,67216385.08175236,67.21638508175236,89.89783477783203,137.7134297311169
2019-05-04 16:15:00,403370522,78086848.40097998,78.08684840097997,89.36937713623047,137.78667934693604
2019-05-04 16:30:00,472224174,91415945.08092484,91.41594508092486,89.41382598876953,137.79221140326763
2019-05-04 16:45:00,390530415,75601184.64005359,75.60118464005359,90.56370544433594,137.84112704848533
2019-05-04 17:00:00,590364487,114286244.73875488,114.28624473875487,91.37089538574219,137.80988095632674
2019-05-04 17:15:00,494665237,95760218.61819102,95.76021861819102,94.434326171875,137.8189398460126
2019-05-04 17:30:00,445734421,86287902.2174198,86.2879022174198,97.15955352783203,137.8723967315025
2019-05-04 17:45:00,542789477,105076393.27235273,105.07639327235272,98.690673828125,137.8744845224848
2019-05-04 18:00:00,529759795,102554030.4630868,102.55403046308682,100.63970947265625,137.8723967315025
2019-05-04 18:15:00,481081455,93130589.85779797,93.13058985779796,102.39449310302734,137.87290393496147
2019-05-04 18:30:00,517832452,100245064.94907364,100.24506494907364,103.11805725097656,137.8895826719612
2019-05-04 18:45:00,439991928,85176236.50096795,85.17623650096795,103.6390151977539,137.9350658472589
2019-05-04 19:00:00,516854874,100055819.6251773,100.05581962517728,102.8454818725586,137.91586288839358
2019-05-04 19:15:00,441066864,85384328.96160829,85.38432896160829,102.42931365966797,137.86388043156347
2019-05-04 19:30:00,341198848,66051288.493423946,66.05128849342394,101.16310119628906,137.9483592960557
2019-05-04 19:45:00,409676530,79307602.67987438,79.30760267987438,98.18231964111328,137.9810916123034
2019-05-04 20:00:00,486577255,94194499.28606825,94.19449928606824,95.4801254272461,137.8744845224848
2019-05-04 20:15:00,543969303,105304790.95878936,105.30479095878935,94.22818756103516,137.73764574742555
2019-05-04 20:30:00,536408120,103841052.48894385,103.84105248894384,94.72782897949219,137.62904523005886
2019-05-04 20:45:00,630004447,121959982.35297972,121.95998235297974,96.07402038574219,137.62904523005886
2019-05-04 21:00:00,548233678,106130313.86140227,106.13031386140229,99.05150604248047,137.63335056174552
2019-05-04 21:15:00,605985146,117310184.18085524,117.31018418085525,101.49017333984375,137.63335056174552
2019-05-04 21:30:00,639019226,123705116.52305014,123.70511652305017,104.1547622680664,137.63335056174552
2019-05-04 21:45:00,670865729,129870150.69444244,129.87015069444246,107.05453491210938,137.63335056174552
2019-05-04 22:00:00,790201924,152971956.2540336,152.9719562540336,110.18383026123047,137.63335056174552
2019-05-04 22:15:00,733788897,142051189.2496728,142.0511892496728,114.73875427246094,137.63335056174552
2019-05-04 22:30:00,733031389,141904546.37635314,141.90454637635315,118.72289276123047,137.63335056174552
2019-05-04 22:45:00,656739161,127135446.21387523,127.13544621387526,121.90315246582031,137.63335056174552
2019-05-04 23:00:00,689887924,133552579.56865472,133.55257956865472,123.08934020996094,137.6248224663772
2019-05-04 23:15:00,773166910,149674217.6162891,149.6742176162891,123.43810272216797,137.6248224663772
2019-05-04 23:30:00,660285243,127821917.71451566,127.82191771451564,124.36198425292969,137.6248224663772
2019-05-04 23:45:00,438669752,84920281.86065486,84.92028186065487,123.80778503417969,137.68076818744487
2019-05-05 00:00:00,615294055,119112257.77378258,119.1122577737826,119.28173828125,137.6429284503196
2019-05-05 00:15:00,641546863,124194431.42452852,124.1944314245285,115.56900024414062,137.6429284503196
2019-05-05 00:30:00,640144885,123923028.2416566,123.92302824165658,112.96107482910156,137.6429284503196
2019-05-05 00:45:00,591407779,114488211.36695078,114.48821136695078,111.25082397460938,137.6429284503196
2019-05-05 01:00:00,376905229,72963540.64876273,72.96354064876273,109.55104064941406,137.74698772741405
2019-05-05 01:15:00,414384601,80219018.87512636,80.21901887512637,105.03456115722656,137.759608836742
2019-05-05 01:30:00,433529223,83925147.89118785,83.92514789118785,100.0225601196289,137.60721189046447
2019-05-05 01:45:00,347243354,67221419.67043844,67.22141967043844,95.48663330078125,137.39028215060455
2019-05-05 02:00:00,294689912,57047813.92935334,57.04781392935334,90.56736755371094,137.19492625089492
2019-05-05 02:15:00,419757700,81259175.1190089,81.2591751190089,85.31739807128906,136.90486484950864
2019-05-05 02:30:00,387007006,74919102.31268498,74.91910231268498,82.16778564453125,136.50754760969343
2019-05-05 02:45:00,320254683,61996793.31333215,61.99679331333215,80.15731048583984,136.24867332331937
2019-05-05 03:00:00,316048482,61182532.07727918,61.18253207727918,78.16876983642578,136.13135598371593
2019-05-05 03:15:00,405432093,78485939.49307732,78.48593949307732,76.43090057373047,135.68465128151186
2019-05-05 03:30:00,334615798,64776902.78765323,64.77690278765323,76.33447265625,135.439129421081
2019-05-05 03:45:00,333761958,64611611.39673029,64.61161139673028,76.2753677368164,135.0514962287034
2019-05-05 04:00:00,304291334,58906513.91672583,58.90651391672583,76.31684875488281,134.64792741137063
2019-05-05 04:15:00,261033812,50532467.28122068,50.53246728122068,76.0302963256836,134.0653629547374
2019-05-05 04:30:00,186279487,36061083.466038,36.061083466038006,75.07671356201172,133.58110160571078
2019-05-05 04:45:00,146095009,28281934.840847906,28.281934840847903,72.88264465332031,133.03341623345392
2019-05-05 05:00:00,192485930,37262563.36409145,37.26256336409145,69.74005126953125,132.19700234331927
2019-05-05 05:15:00,129322034,25034923.260615405,25.034923260615404,67.33970642089844,131.66233912498583
2019-05-05 05:30:00,87061143,16853810.341294695,16.853810341294693,64.87638092041016,131.5360454637015
2019-05-05 05:45:00,71660289,13872422.049505671,13.872422049505673,62.54967498779297,131.8480463635457
2019-05-05 06:00:00,133007770,25748429.80752672,25.74842980752672,61.03142166137695,131.82601250165357
2019-05-05 06:15:00,136575994,26439187.68732225,26.439187687322256,61.02463912963867,131.5618774538213
2019-05-05 06:30:00,95777813,18541234.8101838,18.5412348101838,62.02678298950195,131.2225229534804
2019-05-05 06:45:00,93556578,18111235.01781436,18.11123501781436,63.22136688232422,130.84458560396968
2019-05-05 07:00:00,99706397,19301753.307463866,19.301753307463866,64.71369934082031,130.76756145078141
2019-05-05 07:15:00,88286299,17090983.276900414,17.090983276900413,66.42752838134766,130.59755392859117
2019-05-05 07:30:00,90081707,17438548.963204842,17.43854896320484,68.25988006591797,130.2978556614844
2019-05-05 07:45:00,92048766,17819343.864049837,17.819343864049838,70.1405029296875,130.83637598519186
2019-05-05 08:00:00,75696365,14653749.48311232,14.65374948311232,72.00586700439453,131.2198335956049
2019-05-05 08:15:00,96075346,18598833.00588261,18.59883300588261,73.67683410644531,131.3136426446564
2019-05-05 08:30:00,175783036,34029118.47781481,34.029118477814805,75.39016723632812,131.3407839274261
2019-05-05 08:45:00,186716468,36145676.829310864,36.14567682931087,77.59843444824219,131.54132981601825
2019-05-05 09:00:00,150149203,29066769.66391949,29.066769663919487,80.02874755859375,131.4762308418305
2019-05-05 09:15:00,250667220,48525641.1653083,48.52564116530829,82.1369400024414,131.09323325315933
2019-05-05 09:30:00,244673370,47365316.27600413,47.36531627600413,84.6011962890625,130.98371269230896
2019-05-05 09:45:00,343876739,66569690.45178854,66.56969045178853,86.96542358398438,130.69465390241135
2019-05-05 10:00:00,298386630,57763446.43669649,57.76344643669649,89.70027160644531,130.39228986828763
2019-05-05 10:15:00,274782532,53194025.7139599,53.1940257139599,92.10174560546875,130.46027872264858
2019-05-05 10:30:00,396031139,76666047.28533046,76.66604728533046,93.84931945800781,130.42484525309615
2019-05-05 10:45:00,400018383,77437921.53192133,77.43792153192133,95.88139343261719,130.19620265196272
2019-05-05 11:00:00,443684517,85891069.69210066,85.89106969210066,97.74983978271484,130.05636783786673
2019-05-05 11:15:00,308675964,59755316.49259772,59.75531649259772,99.57335662841797,130.01264218153153
2019-05-05 11:30:00,304828545,59010510.39546787,59.01051039546787,99.82481384277344,129.9667579616384
2019-05-05 11:45:00,595342396,115249897.7680084,115.2498977680084,99.07743072509766,129.65544119669232
2019-05-05 12:00:00,372735222,72156286.06103154,72.15628606103154,100.37007141113281,129.57178801224958
2019-05-05 12:15:00,324616373,62841155.02849504,62.841155028495045,100.41218566894531,129.5748430284327
2019-05-05 12:30:00,621068447,120230098.68708518,120.23009868708516,99.48951721191406,129.40257078382098
2019-05-05 12:45:00,500459074,96881823.8094573,96.8818238094573,101.14739990234375,129.27684330314202
2019-05-05 13:00:00,587337043,113700174.24580383,113.70017424580384,102.83911895751953,129.2471306167896
2019-05-05 13:15:00,471540863,91283665.7011547,91.28366570115467,105.50186157226562,129.1981088127084
2019-05-05 13:30:00,549881230,106449256.70982572,106.4492567098257,106.61418151855469,129.04391896118054
2019-05-05 13:45:00,523477228,101337814.03144088,101.33781403144089,107.80982208251953,128.9883271029912
2019-05-05 14:00:00,554981967,107436687.5088772,107.43668750887718,108.43008422851562,128.9067381186722
2019-05-05 14:15:00,572205641,110770948.0638562,110.7709480638562,109.06388854980469,128.69845442847338
2019-05-05 14:30:00,632478455,122438915.43584594,122.43891543584594,109.73785400390625,128.48030975939778
2019-05-05 14:45:00,530349605,102668209.3669567,102.6682093669567,111.1253662109375,128.27009161879732
2019-05-05 15:00:00,641303847,124147386.95172736,124.14738695172736,111.26740264892578,128.0620792234719
2019-05-05 15:15:00,502441434,97265580.76826692,97.26558076826691,112.19351959228516,127.9028173373543
2019-05-05 15:30:00,908152719,175805567.89792082,175.8055678979208,111.40985870361328,128.21366228512923
2019-05-05 15:45:00,607429412,117589773.72456685,117.58977372456684,115.42172241210938,127.97108928201796
2019-05-05 16:00:00,698728528,135263995.91335505,135.26399591335505,117.30785369873047,127.82188889707488
2019-05-05 16:15:00,777935712,150597390.4772655,150.59739047726552,119.19722747802734,127.57735785270341
2019-05-05 16:30:00,623488313,120698550.64176887,120.69855064176888,121.83171844482422,127.44562649852172
2019-05-05 16:45:00,565052986,109386294.8574687,109.3862948574687,122.30156707763672,127.39464665318027
2019-05-05 17:00:00,714410053,138299718.15527728,138.29971815527728,120.63294219970703,127.22833110035417
2019-05-05 17:15:00,590726803,114356384.01027372,114.35638401027371,119.99766540527344,127.22833110035417
2019-05-05 17:30:00,732730340,141846267.53260496,141.84626753260497,118.13233184814453,127.15854934074288
2019-05-05 17:45:00,603691840,116866232.4585748,116.8662324585748,117.81539154052734,127.04947700620508
2019-05-05 18:00:00,728029765,140936302.4573126,140.93630245731262,116.46595764160156,127.02360962979745
2019-05-05 18:15:00,570769048,110492843.90480983,110.49284390480985,116.4870376586914,127.01189676852395
2019-05-05 18:30:00,749173161,145029365.95126295,145.02936595126295,114.94522857666016,126.93920153788088
2019-05-05 18:45:00,680774727,131788393.0607788,131.78839306077882,115.25727081298828,126.89013255208253
2019-05-05 19:00:00,659191063,127610099.88667898,127.61009988667898,115.52603912353516,126.7723787815958
2019-05-05 19:15:00,762377838,147585605.3263428,147.5856053263428,115.4406509399414,126.73838435441532
2019-05-05 19:30:00,726026032,140548407.98691043,140.54840798691043,116.6121826171875,126.63149417429403
2019-05-05 19:45:00,721847127,139739430.87177783,139.73943087177784,117.79682159423828,126.39434706865086
2019-05-05 20:00:00,902538844,174718800.81366906,174.71880081366905,118.7741470336914,126.71138461679696
2019-05-05 20:15:00,760832838,147286515.0998648,147.2865150998648,122.13287353515625,126.63976277021823
2019-05-05 20:30:00,685870298,132774823.7950342,132.7748237950342,124.29541778564453,126.6179412260531
2019-05-05 20:45:00,840687980,162745345.20097154,162.74534520097154,124.49889373779297,126.61035676502706
2019-05-05 21:00:00,910226187,176206962.081555,176.20696208155502,125.76557922363281,127.08778856050148
2019-05-05 21:15:00,1059310456,205067575.53107703,205.06757553107704,128.42233276367188,128.35544334505616
2019-05-05 21:30:00,1079447772,208965876.11560667,208.96587611560668,133.7403106689453,129.63549512578248
2019-05-05 21:45:00,1158875259,224341918.2356102,224.3419182356102,140.18910217285156,131.43619715485946
2019-05-05 22:00:00,1256741570,243287456.825612,243.287456825612,147.7401580810547,134.2222185732822
2019-05-05 22:15:00,1136211978,219954626.42523888,219.95462642523887,156.46031188964844,135.7107427710758
2019-05-05 22:30:00,889932559,172278401.6967139,172.2784016967139,162.80030822753906,135.73165606718646
2019-05-05 22:45:00,1047896403,202857975.72732204,202.85797572732204,163.20895385742188,136.76298942614747
2019-05-05 23:00:00,1113519751,215561731.07720044,215.56173107720045,162.6748504638672,138.09558984430927
2019-05-05 23:15:00,1055220322,204275783.23050407,204.2757832305041,162.44432067871094,139.18759889147861
2019-05-05 23:30:00,866806575,167801537.10636714,167.80153710636714,161.36463928222656,139.18759889147861
2019-05-05 23:45:00,452976514,87689869.36016704,87.68986936016704,156.95831298828125,139.22283183873333
