Actual_Traffic,Predicted_Traffic,UPF_Config,Energy_Wh_Expected,Energy_Wh_Actual,Power_W_Expected,Power_W_Actual,QoS_Score_Expected,QoS_Score_Actual
174.13461,136.15974,"('DPDK', 1)",0.20511364936828613,0.20520442724227905,0.8204545974731445,0.8208177089691162,0.9751572012901306,0.9752587080001831
169.18993,139.4973,"('DPDK', 1)",0.20512202382087708,0.20519469678401947,0.8204880952835083,0.8207787871360779,0.9751809239387512,0.9752562642097473
155.09407,142.10104,"('DPDK', 1)",0.20512887835502625,0.20516332983970642,0.820515513420105,0.8206533193588257,0.9752029776573181,0.9752429723739624
156.90004,142.85281,"('DPDK', 1)",0.2051328718662262,0.2051675021648407,0.8205314874649048,0.8206700086593628,0.9752134084701538,0.9752487540245056
170.86525,142.46196,"('DPDK', 1)",0.2051328718662262,0.2051980197429657,0.8205314874649048,0.8207920789718628,0.9752134084701538,0.9752568006515503
143.41135,142.37999,"('DPDK', 1)",0.20512887835502625,0.2051335722208023,0.820515513420105,0.8205342888832092,0.9752029776573181,0.9752151370048523
148.1124,140.24307,"('DPDK', 1)",0.20512498915195465,0.2051462084054947,0.8204999566078186,0.8205848336219788,0.9751924872398376,0.9752371311187744
171.96248,137.52435,"('DPDK', 1)",0.20511697232723236,0.2052001804113388,0.8204678893089294,0.8208007216453552,0.9751678705215454,0.9752585291862488
181.10666,136.47824,"('DPDK', 1)",0.20511364936828613,0.20521770417690277,0.8204545974731445,0.8208708167076111,0.9751572012901306,0.9752679467201233
160.50961,137.08556,"('DPDK', 1)",0.20511531829833984,0.2051757127046585,0.8204612731933594,0.820702850818634,0.9751622676849365,0.9752486944198608
167.8029,136.91997,"('DPDK', 1)",0.20511488616466522,0.2051917463541031,0.8204595446586609,0.8207669854164124,0.9751628041267395,0.9752587080001831
188.35689,136.87373,"('DPDK', 1)",0.20511488616466522,0.2052309811115265,0.8204595446586609,0.820923924446106,0.9751628041267395,0.975272536277771
181.02374,138.39468,"('DPDK', 1)",0.20511938631534576,0.20521755516529083,0.8204775452613831,0.8208702206611633,0.9751762747764587,0.9752660393714905
183.36209,139.94482,"('DPDK', 1)",0.20512370765209198,0.20522189140319824,0.8204948306083679,0.820887565612793,0.9751873016357422,0.9752694964408875
184.8817,141.49731,"('DPDK', 1)",0.20512814819812775,0.2052246779203415,0.820512592792511,0.820898711681366,0.9752001166343689,0.9752688407897949
193.58607,142.90404,"('DPDK', 1)",0.2051328718662262,0.20524024963378906,0.8205314874649048,0.8209609985351562,0.9752134084701538,0.9752817749977112
189.18248,144.67993,"('DPDK', 1)",0.20513591170310974,0.20523245632648468,0.820543646812439,0.8209298253059387,0.9752247929573059,0.9752764701843262
191.07884,146.03345,"('DPDK', 1)",0.20514105260372162,0.20523583889007568,0.8205642104148865,0.8209433555603027,0.9752371311187744,0.975275993347168
183.85799,147.07468,"('DPDK', 1)",0.20514340698719025,0.20522280037403107,0.820573627948761,0.8208912014961243,0.9752399325370789,0.9752705693244934
201.92104,147.18199,"('DPDK', 1)",0.20514366030693054,0.20525451004505157,0.8205746412277222,0.8210180401802063,0.9752385020256042,0.9752902984619141
207.4583,148.13115,"('DPDK', 1)",0.2051462084054947,0.2052636593580246,0.8205848336219788,0.8210546374320984,0.9752371311187744,0.9752923846244812
196.98355,149.76418,"('DPDK', 1)",0.20515015721321106,0.20524613559246063,0.8206006288528442,0.8209845423698425,0.9752406477928162,0.9752832055091858
195.90916,150.69585,"('DPDK', 1)",0.20515315234661102,0.2052442878484726,0.8206126093864441,0.8209771513938904,0.9752410650253296,0.9752835631370544
200.83382,151.02135,"('DPDK', 1)",0.2051541805267334,0.20525267720222473,0.8206167221069336,0.8210107088088989,0.9752424955368042,0.9752858877182007
201.14867,151.28854,"('DPDK', 1)",0.2051541805267334,0.2052532136440277,0.8206167221069336,0.8210128545761108,0.9752424955368042,0.9752891659736633
198.7017,151.43692,"('DPDK', 1)",0.2051549255847931,0.20524907112121582,0.8206197023391724,0.8209962844848633,0.9752442240715027,0.975285530090332
213.82884,151.25836,"('DPDK', 1)",0.2051541805267334,0.20527389645576477,0.8206167221069336,0.8210955858230591,0.9752424955368042,0.9753037691116333
226.50558,152.08916,"('DPDK', 1)",0.20515623688697815,0.20529340207576752,0.8206249475479126,0.8211736083030701,0.9752457737922668,0.9753116965293884
221.52771,154.32916,"('DPDK', 1)",0.20516125857830048,0.20528587698936462,0.8206450343132019,0.8211435079574585,0.9752445220947266,0.975304365158081
198.67822,156.60435,"('DPDK', 1)",0.20516718924045563,0.20524902641773224,0.8206687569618225,0.820996105670929,0.9752463102340698,0.975285530090332
200.20325,156.7636,"('DPDK', 1)",0.20516718924045563,0.20525161921977997,0.8206687569618225,0.8210064768791199,0.9752463102340698,0.975288450717926
196.91734,155.86435,"('DPDK', 1)",0.2051653414964676,0.20524601638317108,0.8206613659858704,0.8209840655326843,0.9752463102340698,0.9752839803695679
194.39964,154.13057,"('DPDK', 1)",0.20516125857830048,0.20524166524410248,0.8206450343132019,0.8209666609764099,0.9752445220947266,0.975278377532959
188.08322,151.8678,"('DPDK', 1)",0.2051553875207901,0.2052304893732071,0.8206215500831604,0.8209219574928284,0.9752429723739624,0.9752774238586426
190.13194,149.06216,"('DPDK', 1)",0.20514804124832153,0.20523415505886078,0.8205921649932861,0.8209366202354431,0.9752398133277893,0.9752776622772217
188.36687,146.3794,"('DPDK', 1)",0.20514126121997833,0.20523099601268768,0.8205650448799133,0.8209239840507507,0.9752362966537476,0.9752727746963501
187.52066,143.95491,"('DPDK', 1)",0.20513585209846497,0.2052294760942459,0.8205434083938599,0.8209179043769836,0.9752249717712402,0.975274920463562
194.24364,141.85309,"('DPDK', 1)",0.20512887835502625,0.205241397023201,0.820515513420105,0.820965588092804,0.9752029776573181,0.9752808809280396
206.07526,140.73128,"('DPDK', 1)",0.20512655377388,0.20526140928268433,0.82050621509552,0.8210456371307373,0.9751935601234436,0.9752939343452454
172.4381,141.22261,"('DPDK', 1)",0.20512814819812775,0.20520111918449402,0.820512592792511,0.8208044767379761,0.9752001166343689,0.9752609729766846
176.41295,139.84027,"('DPDK', 1)",0.20512370765209198,0.20520882308483124,0.8204948306083679,0.820835292339325,0.9751873016357422,0.9752606749534607
202.90471,137.99655,"('DPDK', 1)",0.20511718094348907,0.2052561491727829,0.8204687237739563,0.8210245966911316,0.9751698970794678,0.9752902984619141
189.98721,138.1988,"('DPDK', 1)",0.20511938631534576,0.20523390173912048,0.8204775452613831,0.8209356069564819,0.9751762747764587,0.9752782583236694
192.81056,138.4111,"('DPDK', 1)",0.20511938631534576,0.20523889362812042,0.8204775452613831,0.8209555745124817,0.9751762747764587,0.9752798080444336
178.04118,138.89737,"('DPDK', 1)",0.20512108504772186,0.20521193742752075,0.8204843401908875,0.820847749710083,0.9751774668693542,0.9752660989761353
181.93742,138.31133,"('DPDK', 1)",0.20511938631534576,0.20521925389766693,0.8204775452613831,0.8208770155906677,0.9751762747764587,0.9752692580223083
170.92354,137.53482,"('DPDK', 1)",0.20511697232723236,0.20519813895225525,0.8204678893089294,0.820792555809021,0.9751678705215454,0.9752569198608398
176.11136,135.85484,"('DPDK', 1)",0.20511364936828613,0.20520824193954468,0.8204545974731445,0.8208329677581787,0.9751572012901306,0.975263774394989
163.2879,134.29784,"('DPDK', 1)",0.20510642230510712,0.20518191158771515,0.8204256892204285,0.8207276463508606,0.9751381278038025,0.9752508401870728
136.53802,131.97142,"('DPDK', 1)",0.20509865880012512,0.20511366426944733,0.8203946352005005,0.8204546570777893,0.9751192927360535,0.975156843662262
121.63794,127.44145,"('DPDK', 1)",0.20508313179016113,0.20505815744400024,0.8203325271606445,0.820232629776001,0.9750808477401733,0.975019633769989
110.113106,120.98365,"('DPDK', 1)",0.2050560861825943,0.20500615239143372,0.8202243447303772,0.8200246095657349,0.9750169515609741,0.9749943614006042
101.66067,113.17644,"('DPDK', 1)",0.20502056181430817,0.20496460795402527,0.8200822472572327,0.8198584318161011,0.9749984741210938,0.9749256372451782
91.37187,104.67949,"('DPDK', 1)",0.2049783319234848,0.20491407811641693,0.8199133276939392,0.8196563124656677,0.9749516248703003,0.974816083908081
78.78907,96.41206,"('DPDK', 1)",0.20493584871292114,0.20488041639328003,0.8197433948516846,0.8195216655731201,0.9748702645301819,0.9746540188789368
122.9474,88.19061,"('OAI', 1)",0.1997310072183609,0.2810715436935425,0.7989240288734436,1.12428617477417,0.9291663765907288,0.9216828942298889
64.55603,84.46254,"('OAI', 1)",0.19074325263500214,0.14879371225833893,0.7629730105400085,0.5951748490333557,0.9300904870033264,0.9354721307754517
55.993866,79.287735,"('OAI', 1)",0.17826539278030396,0.12949709594249725,0.7130615711212158,0.517988383769989,0.9314479827880859,0.9353814125061035
42.95378,73.44918,"('OAI', 1)",0.1660986691713333,0.08959928154945374,0.6643946766853333,0.35839712619781494,0.9330742955207825,0.9336532354354858
45.817707,66.86686,"('OAI', 1)",0.15345987677574158,0.09977266192436218,0.6138395071029663,0.39909064769744873,0.9348413348197937,0.9341171383857727
37.191647,61.002174,"('OAI', 1)",0.14060978591442108,0.07719168066978455,0.5624391436576843,0.3087667226791382,0.9357843399047852,0.9318935871124268
32.011784,55.579784,"('OAI', 1)",0.12851500511169434,0.061361163854599,0.5140600204467773,0.245444655418396,0.9353586435317993,0.9286235570907593
38.755184,50.883907,"('OAI', 1)",0.11603696644306183,0.07746294140815735,0.4641478657722473,0.3098517656326294,0.9348577857017517,0.9328591823577881
27.293505,47.87991,"('OAI', 1)",0.10681305825710297,0.05733481049537659,0.42725223302841187,0.22933924198150635,0.9344179034233093,0.9252782464027405
25.100853,45.57573,"('OAI', 1)",0.09888026118278503,0.06228676438331604,0.39552104473114014,0.24914705753326416,0.9340670704841614,0.9234716892242432
20.396902,43.886696,"('OAI', 1)",0.09298637509346008,0.05075386166572571,0.37194550037384033,0.20301544666290283,0.9338037967681885,0.9207737445831299
18.249752,42.6123,"('OAI', 1)",0.08875352144241333,0.048773884773254395,0.3550140857696533,0.19509553909301758,0.9336310029029846,0.9210997819900513
21.27703,41.79238,"('OAI', 1)",0.08534210920333862,0.05041655898094177,0.3413684368133545,0.2016662359237671,0.9334778785705566,0.9206668734550476
20.988283,42.175934,"('OAI', 1)",0.08663216233253479,0.04959753155708313,0.34652864933013916,0.19839012622833252,0.9335278272628784,0.9207150936126709
17.519108,43.299248,"('OAI', 1)",0.0907650887966156,0.04710191488265991,0.3630603551864624,0.18840765953063965,0.933705747127533,0.9212079048156738
18.152882,45.312748,"('OAI', 1)",0.09790286421775818,0.048553526401519775,0.3916114568710327,0.1942141056060791,0.9340248107910156,0.9211135506629944
20.49494,47.814617,"('OAI', 1)",0.10649275779724121,0.050469279289245605,0.42597103118896484,0.20187711715698242,0.9344181418418884,0.9207709431648254
20.902132,50.814613,"('OAI', 1)",0.11583684384822845,0.04936271905899048,0.4633473753929138,0.19745087623596191,0.9348569512367249,0.9207198619842529
20.812761,54.197643,"('OAI', 1)",0.12478139996528625,0.049609869718551636,0.499125599861145,0.19843947887420654,0.9352165460586548,0.9207208752632141
28.013575,57.689594,"('OAI', 1)",0.13332033157348633,0.056305646896362305,0.5332813262939453,0.22522258758544922,0.9355336427688599,0.9258195757865906
55.60881,61.381668,"('OAI', 1)",0.14154252409934998,0.12851500511169434,0.5661700963973999,0.5140600204467773,0.9357978105545044,0.9353586435317993
71.64576,66.08836,"('OAI', 1)",0.15201698243618011,0.16277481615543365,0.6080679297447205,0.6510992646217346,0.9350382089614868,0.9335392713546753
105.2021,71.8281,"('OAI', 1)",0.16316382586956024,0.23971258103847504,0.652655303478241,0.9588503241539001,0.9334758520126343,0.9258602857589722
133.9254,78.804375,"('OAI', 1)",0.17706945538520813,0.3055231273174286,0.7082778215408325,1.2220925092697144,0.9315896034240723,0.9207885265350342
137.06488,87.331055,"('OAI', 1)",0.19769038259983063,0.31213194131851196,0.7907615303993225,1.2485277652740479,0.9293685555458069,0.9205770492553711
124.89731,96.57016,"('DPDK', 1)",0.20493924617767334,0.2050722986459732,0.8197569847106934,0.8202891945838928,0.9748758673667908,0.9750560522079468
133.35559,106.14241,"('DPDK', 1)",0.20498616993427277,0.2051035761833191,0.8199446797370911,0.8204143047332764,0.9749696850776672,0.9751319885253906
128.50989,114.35257,"('DPDK', 1)",0.20502649247646332,0.2050875574350357,0.8201059699058533,0.8203502297401428,0.9749964475631714,0.9750887751579285
167.51134,120.251816,"('DPDK', 1)",0.20505207777023315,0.20519112050533295,0.8202083110809326,0.8207644820213318,0.9750061631202698,0.9752564430236816
159.7867,127.06326,"('DPDK', 1)",0.20508313179016113,0.20517408847808838,0.8203325271606445,0.8206963539123535,0.9750808477401733,0.9752512574195862
121.45159,132.77487,"('DPDK', 1)",0.20510171353816986,0.20505733788013458,0.8204068541526794,0.8202293515205383,0.9751250147819519,0.975016713142395
105.94048,134.22998,"('DPDK', 1)",0.20510642230510712,0.20498605072498322,0.8204256892204285,0.8199442028999329,0.9751381278038025,0.9749679565429688
124.80523,131.8915,"('DPDK', 1)",0.20509865880012512,0.20507191121578217,0.8203946352005005,0.8202876448631287,0.9751192927360535,0.9750548005104065
117.062355,128.93494,"('DPDK', 1)",0.2050887495279312,0.20503801107406616,0.8203549981117249,0.8201520442962646,0.9750922918319702,0.9749963879585266
106.36898,125.37784,"('DPDK', 1)",0.2050745040178299,0.20498815178871155,0.8202980160713196,0.8199526071548462,0.9750624895095825,0.9749734997749329
106.82686,120.9588,"('DPDK', 1)",0.20505429804325104,0.20499038696289062,0.8202171921730042,0.8199615478515625,0.9750104546546936,0.9749777317047119
111.85151,116.525085,"('DPDK', 1)",0.20503558218479156,0.20501430332660675,0.8201423287391663,0.820057213306427,0.9749963283538818,0.9749962091445923
116.11589,112.89061,"('DPDK', 1)",0.20501971244812012,0.2050337791442871,0.8200788497924805,0.8201351165771484,0.9749966263771057,0.9749964475631714
108.55588,110.36871,"('DPDK', 1)",0.20500615239143372,0.20499874651432037,0.8200246095657349,0.8199949860572815,0.9749943614006042,0.9749951958656311
124.09636,108.189316,"('DPDK', 1)",0.20499755442142487,0.20506885647773743,0.8199902176856995,0.8202754259109497,0.9749929904937744,0.9750449061393738
117.678856,107.57553,"('DPDK', 1)",0.20499299466609955,0.20504075288772583,0.8199719786643982,0.8201630115509033,0.9749834537506104,0.974998950958252
136.92772,107.40901,"('DPDK', 1)",0.20499299466609955,0.20511488616466522,0.8199719786643982,0.8204595446586609,0.9749834537506104,0.9751628041267395
148.81104,108.92164,"('DPDK', 1)",0.2050004005432129,0.20514804124832153,0.8200016021728516,0.8205921649932861,0.9749948978424072,0.9752398133277893
147.78749,112.05981,"('DPDK', 1)",0.20501509308815002,0.20514534413814545,0.8200603723526001,0.8205813765525818,0.9749975800514221,0.9752355813980103
161.17392,115.6865,"('DPDK', 1)",0.20503287017345428,0.2051772028207779,0.8201314806938171,0.8207088112831116,0.974997878074646,0.9752500653266907
181.21547,120.15881,"('DPDK', 1)",0.20505207777023315,0.20521791279315948,0.8202083110809326,0.8208716511726379,0.9750061631202698,0.9752700924873352
168.69922,126.05713,"('DPDK', 1)",0.2050783485174179,0.2051936686038971,0.8203133940696716,0.8207746744155884,0.9750697016716003,0.9752540588378906
164.75821,131.08008,"('DPDK', 1)",0.20509682595729828,0.2051851451396942,0.8203873038291931,0.8207405805587769,0.9751116633415222,0.9752557277679443
161.08255,134.69095,"('DPDK', 1)",0.2051071971654892,0.20517699420452118,0.8204287886619568,0.8207079768180847,0.9751403331756592,0.9752511382102966
147.15532,136.71211,"('DPDK', 1)",0.20511366426944733,0.20514366030693054,0.8204546570777893,0.8205746412277222,0.975156843662262,0.9752385020256042
145.38069,136.46208,"('DPDK', 1)",0.20511364936828613,0.2051389068365097,0.8204545974731445,0.8205556273460388,0.9751572012901306,0.9752307534217834
147.3772,134.79532,"('DPDK', 1)",0.2051071971654892,0.2051442563533783,0.8204287886619568,0.8205770254135132,0.9751403331756592,0.9752392768859863
162.00304,132.56801,"('DPDK', 1)",0.20510052144527435,0.20517905056476593,0.8204020857810974,0.8207162022590637,0.9751233458518982,0.9752505421638489
140.86476,131.31851,"('DPDK', 1)",0.20509682595729828,0.20512655377388,0.8203873038291931,0.82050621509552,0.9751116633415222,0.9751935601234436
121.167114,129.07684,"('DPDK', 1)",0.2050887495279312,0.2050560861825943,0.8203549981117249,0.8202243447303772,0.9750922918319702,0.9750169515609741
133.98303,125.08028,"('DPDK', 1)",0.2050735354423523,0.20510558784008026,0.8202941417694092,0.820422351360321,0.9750592112541199,0.9751383066177368
145.63206,121.49769,"('DPDK', 1)",0.20505733788013458,0.20513959228992462,0.8202293515205383,0.8205583691596985,0.975016713142395,0.9752321243286133
163.62688,119.35637,"('DPDK', 1)",0.20504769682884216,0.20518265664577484,0.8201907873153687,0.8207306265830994,0.974997341632843,0.9752517342567444
157.14746,119.611786,"('DPDK', 1)",0.20505031943321228,0.20516808331012726,0.8202012777328491,0.820672333240509,0.97500079870224,0.9752496480941772
159.43289,120.687294,"('DPDK', 1)",0.20505377650260925,0.2051732838153839,0.820215106010437,0.8206931352615356,0.9750089645385742,0.9752516150474548
166.5311,122.31115,"('DPDK', 1)",0.2050611674785614,0.20518900454044342,0.8202446699142456,0.8207560181617737,0.975027322769165,0.9752560257911682
171.66946,124.59408,"('DPDK', 1)",0.20507191121578217,0.20519961416721344,0.8202876448631287,0.8207984566688538,0.9750548005104065,0.9752600193023682
192.5944,127.343735,"('DPDK', 1)",0.20508313179016113,0.20523850619792938,0.8203325271606445,0.8209540247917175,0.9750808477401733,0.9752786159515381
202.50098,131.64095,"('DPDK', 1)",0.20509864389896393,0.20525547862052917,0.8203945755958557,0.8210219144821167,0.9751191735267639,0.9752900004386902
205.96394,137.03189,"('DPDK', 1)",0.20511531829833984,0.2052612155675888,0.8204612731933594,0.8210448622703552,0.9751622676849365,0.9752932190895081
202.47331,142.66483,"('DPDK', 1)",0.2051328718662262,0.2052554339170456,0.8205314874649048,0.8210217356681824,0.9752134084701538,0.975289523601532
195.68004,147.45322,"('DPDK', 1)",0.2051442563533783,0.20524388551712036,0.8205770254135132,0.8209755420684814,0.9752392768859863,0.9752813577651978
200.46112,150.60112,"('DPDK', 1)",0.20515315234661102,0.2052520513534546,0.8206126093864441,0.8210082054138184,0.9752410650253296,0.975289523601532
198.61115,152.79605,"('DPDK', 1)",0.2051583230495453,0.20524892210960388,0.8206332921981812,0.8209956884384155,0.9752417802810669,0.9752838015556335
200.27191,153.91371,"('DPDK', 1)",0.20516078174114227,0.20525173842906952,0.8206431269645691,0.8210069537162781,0.9752455353736877,0.9752902388572693
174.34576,154.3709,"('DPDK', 1)",0.20516125857830048,0.20520484447479248,0.8206450343132019,0.8208193778991699,0.9752445220947266,0.9752579927444458
171.19046,152.2626,"('DPDK', 1)",0.20515680313110352,0.20519866049289703,0.8206272125244141,0.8207946419715881,0.9752444624900818,0.9752559661865234
159.25278,148.7142,"('DPDK', 1)",0.20514804124832153,0.20517288148403168,0.8205921649932861,0.8206915259361267,0.9752398133277893,0.9752487540245056
184.7967,143.75597,"('DPDK', 1)",0.2051335722208023,0.20522452890872955,0.8205342888832092,0.8208981156349182,0.9752151370048523,0.9752733707427979
196.53937,140.57922,"('DPDK', 1)",0.20512498915195465,0.20524537563323975,0.8204999566078186,0.820981502532959,0.9751924872398376,0.97528475522995
192.87239,139.57352,"('DPDK', 1)",0.20512346923351288,0.20523899793624878,0.8204938769340515,0.8209559917449951,0.9751851558685303,0.9752795696258545
193.44583,139.6081,"('DPDK', 1)",0.20512346923351288,0.20523999631404877,0.8204938769340515,0.8209599852561951,0.9751851558685303,0.9752781391143799
183.90686,140.28677,"('DPDK', 1)",0.20512498915195465,0.20522288978099823,0.8204999566078186,0.8208915591239929,0.9751924872398376,0.9752718806266785
171.73257,140.48462,"('DPDK', 1)",0.20512498915195465,0.205199733376503,0.8204999566078186,0.820798933506012,0.9751924872398376,0.9752568602561951
175.63394,139.42938,"('DPDK', 1)",0.20512202382087708,0.20520733296871185,0.8204880952835083,0.8208293318748474,0.9751809239387512,0.9752644300460815
183.8749,138.10562,"('DPDK', 1)",0.20511938631534576,0.20522283017635345,0.8204775452613831,0.8208913207054138,0.9751762747764587,0.9752718806266785
194.975,137.39761,"('DPDK', 1)",0.20511604845523834,0.20524266362190247,0.8204641938209534,0.8209706544876099,0.9751644730567932,0.9752794504165649
210.26962,137.94978,"('DPDK', 1)",0.20511718094348907,0.20526821911334991,0.8204687237739563,0.8210728764533997,0.9751698970794678,0.9753009676933289
201.82924,140.34319,"('DPDK', 1)",0.20512498915195465,0.20525436103343964,0.8204999566078186,0.8210174441337585,0.9751924872398376,0.9752874374389648
214.6113,142.80914,"('DPDK', 1)",0.2051328718662262,0.20527513325214386,0.8205314874649048,0.8211005330085754,0.9752134084701538,0.9753007292747498
193.29947,146.04817,"('DPDK', 1)",0.20514105260372162,0.20523974299430847,0.8205642104148865,0.8209589719772339,0.9752371311187744,0.9752811789512634
200.34103,147.60797,"('DPDK', 1)",0.20514534413814545,0.20525185763835907,0.8205813765525818,0.8210074305534363,0.9752355813980103,0.9752893447875977
176.06625,148.62029,"('DPDK', 1)",0.20514804124832153,0.20520815253257751,0.8205921649932861,0.8208326101303101,0.9752398133277893,0.9752638936042786
149.6133,147.1835,"('DPDK', 1)",0.20514366030693054,0.20515015721321106,0.8205746412277222,0.8206006288528442,0.9752385020256042,0.9752406477928162
130.23569,142.49384,"('DPDK', 1)",0.2051328718662262,0.20509345829486847,0.8205314874649048,0.8203738331794739,0.9752134084701538,0.9751020669937134
118.873276,135.0352,"('DPDK', 1)",0.20510925352573395,0.20504601299762726,0.8204370141029358,0.820184051990509,0.9751469492912292,0.974994957447052
112.020134,126.05657,"('DPDK', 1)",0.2050783485174179,0.20501509308815002,0.8203133940696716,0.8200603723526001,0.9750697016716003,0.9749975800514221
101.297,116.57359,"('DPDK', 1)",0.20503558218479156,0.20496274530887604,0.8201423287391663,0.8198509812355042,0.9749963283538818,0.9749236702919006
92.92282,106.69292,"('DPDK', 1)",0.20499008893966675,0.20492017269134521,0.819960355758667,0.8196806907653809,0.9749784469604492,0.974833607673645
82.71391,97.46215,"('DPDK', 1)",0.2049425095319748,0.2048913836479187,0.8197700381278992,0.8195655345916748,0.9748817086219788,0.9747152328491211
71.33277,88.91912,"('OAI', 1)",0.20130601525306702,0.1621921807527542,0.8052240610122681,0.6487687230110168,0.9289991855621338,0.9336156249046326
64.720726,80.96822,"('OAI', 1)",0.18205991387367249,0.1491512507200241,0.7282396554946899,0.5966050028800964,0.9310206770896912,0.9354069828987122
50.71004,73.75457,"('OAI', 1)",0.16650034487247467,0.11550624668598175,0.6660013794898987,0.462024986743927,0.9330211281776428,0.934826135635376
60.831978,66.849724,"('OAI', 1)",0.15345987677574158,0.14027369022369385,0.6138395071029663,0.5610947608947754,0.9348413348197937,0.9357616901397705
50.390453,61.885635,"('OAI', 1)",0.14283262193202972,0.1146135926246643,0.5713304877281189,0.4584543704986572,0.9358404874801636,0.9347905516624451
36.24841,57.851727,"('OAI', 1)",0.13402694463729858,0.07588863372802734,0.5361077785491943,0.3035545349121094,0.9355639815330505,0.9313308000564575
29.96688,53.913,"('OAI', 1)",0.12404626607894897,0.05698162317276001,0.4961850643157959,0.22792649269104004,0.9351763725280762,0.9272112250328064
27.75177,50.199707,"('OAI', 1)",0.11401750147342682,0.0562170147895813,0.4560700058937073,0.2248680591583252,0.9347559213638306,0.9256213903427124
26.567745,47.12056,"('OAI', 1)",0.10418659448623657,0.05928942561149597,0.4167463779449463,0.2371577024459839,0.9343069791793823,0.9247193336486816
26.11038,44.839367,"('OAI', 1)",0.09639483690261841,0.06054598093032837,0.38557934761047363,0.24218392372131348,0.9339572787284851,0.9243588447570801
25.247574,43.377453,"('OAI', 1)",0.09108999371528625,0.06234768033027649,0.364359974861145,0.24939072132110596,0.9337178468704224,0.9235986471176147
25.975077,42.678677,"('OAI', 1)",0.08875352144241333,0.06092333793640137,0.3550140857696533,0.24369335174560547,0.9336310029029846,0.9242398142814636
24.865355,42.809856,"('OAI', 1)",0.08908677101135254,0.06207558512687683,0.35634708404541016,0.24830234050750732,0.9336325526237488,0.9232449531555176
25.317987,43.849728,"('OAI', 1)",0.0928695797920227,0.062246620655059814,0.3714783191680908,0.24898648262023926,0.9337965250015259,0.9236639738082886
25.994555,45.42104,"('OAI', 1)",0.09834471344947815,0.06087198853492737,0.3933788537979126,0.24348795413970947,0.9340382814407349,0.9242640137672424
24.596481,47.86074,"('OAI', 1)",0.10649275779724121,0.06146577000617981,0.42597103118896484,0.24586308002471924,0.9344181418418884,0.9230069518089294
24.535269,50.91812,"('OAI', 1)",0.11603696644306183,0.06115734577178955,0.4641478657722473,0.2446293830871582,0.9348577857017517,0.9229519963264465
17.434767,54.071144,"('OAI', 1)",0.12462802231311798,0.04689991474151611,0.4985120892524719,0.18759965896606445,0.935204267501831,0.9212119579315186
27.972313,56.915894,"('OAI', 1)",0.13167411088943481,0.056296586990356445,0.5266964435577393,0.22518634796142578,0.9354770183563232,0.9257928133010864
30.182777,60.021725,"('OAI', 1)",0.13851673901081085,0.05707189440727234,0.5540669560432434,0.22828757762908936,0.9357103705406189,0.9273616075515747
48.1467,63.16699,"('OAI', 1)",0.1457204520702362,0.10758300125598907,0.5828818082809448,0.4303320050239563,0.9358804821968079,0.9344548583030701
50.18171,67.05794,"('OAI', 1)",0.15416382253170013,0.11401750147342682,0.6166552901268005,0.4560700058937073,0.9347489476203918,0.9347559213638306
70.1027,71.187065,"('OAI', 1)",0.16198451817035675,0.15989942848682404,0.647938072681427,0.6395977139472961,0.9336593151092529,0.9339499473571777
88.53544,75.74009,"('OAI', 1)",0.17034010589122772,0.20050105452537537,0.6813604235649109,0.8020042181015015,0.9324560165405273,0.9290872812271118
125.41349,81.0395,"('OAI', 1)",0.18217411637306213,0.28674978017807007,0.7286964654922485,1.1469991207122803,0.9309828281402588,0.9213659763336182
115.93851,87.98185,"('OAI', 1)",0.19911810755729675,0.26504942774772644,0.796472430229187,1.0601977109909058,0.9292504787445068,0.9234130382537842
132.12186,94.58855,"('DPDK', 1)",0.20492738485336304,0.20509961247444153,0.8197095394134521,0.8203984498977661,0.9748491048812866,0.9751191735267639
154.90866,103.179794,"('DPDK', 1)",0.20497187972068787,0.2051628977060318,0.8198875188827515,0.8206515908241272,0.9749404788017273,0.9752486348152161
183.36624,112.82525,"('DPDK', 1)",0.2050182968378067,0.20522190630435944,0.8200731873512268,0.8208876252174377,0.9749950766563416,0.9752695560455322
153.53264,123.68187,"('DPDK', 1)",0.20506757497787476,0.20515967905521393,0.820270299911499,0.8206387162208557,0.9750460982322693,0.9752438068389893
150.09445,131.93655,"('DPDK', 1)",0.20509865880012512,0.20515140891075134,0.8203946352005005,0.8206056356430054,0.9751192927360535,0.975238025188446
138.5827,137.27324,"('DPDK', 1)",0.20511604845523834,0.2051200270652771,0.8204641938209534,0.8204801082611084,0.9751644730567932,0.9751803278923035
117.42067,139.26067,"('DPDK', 1)",0.20512202382087708,0.2050396054983139,0.8204880952835083,0.8201584219932556,0.9751809239387512,0.9749963879585266
109.45957,137.4044,"('DPDK', 1)",0.20511604845523834,0.2050030529499054,0.8204641938209534,0.8200122117996216,0.9751644730567932,0.9749956727027893
122.28574,132.93741,"('DPDK', 1)",0.2051018327474594,0.20506100356578827,0.8204073309898376,0.8202440142631531,0.9751272201538086,0.9750285744667053
120.50577,128.4396,"('DPDK', 1)",0.2050875574350357,0.2050531655550003,0.8203502297401428,0.8202126622200012,0.9750887751579285,0.9750063419342041
122.748,124.08821,"('DPDK', 1)",0.20506885647773743,0.20506301522254944,0.8202754259109497,0.8202520608901978,0.9750449061393738,0.9750329852104187
119.86093,120.408966,"('DPDK', 1)",0.2050531655550003,0.20505031943321228,0.8202126622200012,0.8202012777328491,0.9750063419342041,0.97500079870224
121.788185,117.255745,"('DPDK', 1)",0.20503897964954376,0.20505882799625397,0.820155918598175,0.8202353119850159,0.9749975800514221,0.9750218391418457
127.4531,114.872406,"('DPDK', 1)",0.20502762496471405,0.20508313179016113,0.8201104998588562,0.8203325271606445,0.9749978184700012,0.9750808477401733
140.30412,113.556625,"('DPDK', 1)",0.20502260327339172,0.20512498915195465,0.8200904130935669,0.8204999566078186,0.9749951958656311,0.9751924872398376
128.81122,113.91994,"('DPDK', 1)",0.205023393034935,0.2050887495279312,0.82009357213974,0.8203549981117249,0.9749982357025146,0.9750922918319702
127.78678,114.29854,"('DPDK', 1)",0.20502649247646332,0.20508453249931335,0.8201059699058533,0.8203381299972534,0.9749964475631714,0.9750806093215942
152.47331,114.57007,"('DPDK', 1)",0.20502649247646332,0.20515719056129456,0.8201059699058533,0.8206287622451782,0.9749964475631714,0.9752449989318848
153.64305,116.53535,"('DPDK', 1)",0.20503558218479156,0.20515994727611542,0.8201423287391663,0.8206397891044617,0.9749963283538818,0.9752422571182251
167.25795,119.2764,"('DPDK', 1)",0.20504769682884216,0.20519056916236877,0.8201907873153687,0.8207622766494751,0.974997341632843,0.9752575159072876
155.96236,123.14277,"('DPDK', 1)",0.20506389439105988,0.2051653414964676,0.8202555775642395,0.8206613659858704,0.9750366806983948,0.9752463102340698
171.83731,126.29689,"('DPDK', 1)",0.2050783485174179,0.2051999419927597,0.8203133940696716,0.8207997679710388,0.9750697016716003,0.9752568006515503
173.67215,129.87856,"('DPDK', 1)",0.20509326457977295,0.20520353317260742,0.8203730583190918,0.8208141326904297,0.9751031398773193,0.9752569794654846
171.33258,133.32654,"('DPDK', 1)",0.2051035761833191,0.20519894361495972,0.8204143047332764,0.8207957744598389,0.9751319885253906,0.9752567410469055
150.77686,136.09906,"('DPDK', 1)",0.20511364936828613,0.20515315234661102,0.8204545974731445,0.8206126093864441,0.9751572012901306,0.9752410650253296
153.38716,136.49492,"('DPDK', 1)",0.20511364936828613,0.20515933632850647,0.8204545974731445,0.8206373453140259,0.9751572012901306,0.9752441644668579
141.7034,135.69638,"('DPDK', 1)",0.20510932803153992,0.20512887835502625,0.8204373121261597,0.820515513420105,0.9751471877098083,0.9752029776573181
126.50111,133.31345,"('DPDK', 1)",0.2051035761833191,0.2050791233778,0.8204143047332764,0.8203164935112,0.9751319885253906,0.9750698208808899
139.24184,129.13504,"('DPDK', 1)",0.2050887495279312,0.20512202382087708,0.8203549981117249,0.8204880952835083,0.9750922918319702,0.9751811027526855
139.24565,125.35004,"('DPDK', 1)",0.2050745040178299,0.20512202382087708,0.8202980160713196,0.8204880952835083,0.9750624895095825,0.9751809239387512
123.46652,122.15094,"('DPDK', 1)",0.20506100356578827,0.20506614446640015,0.8202440142631531,0.8202645778656006,0.9750285744667053,0.9750409722328186
139.79263,118.45387,"('DPDK', 1)",0.20504450798034668,0.20512355864048004,0.8201780319213867,0.8204942345619202,0.974997341632843,0.9751874208450317
135.13518,116.129234,"('DPDK', 1)",0.2050337791442871,0.20510925352573395,0.8201351165771484,0.8204370141029358,0.9749964475631714,0.9751469492912292
146.93906,114.46803,"('DPDK', 1)",0.20502649247646332,0.20514307916164398,0.8201059699058533,0.8205723166465759,0.9749964475631714,0.9752394556999207
153.99895,114.280876,"('DPDK', 1)",0.20502649247646332,0.20516078174114227,0.8201059699058533,0.8206431269645691,0.9749964475631714,0.9752455353736877
152.31407,115.48009,"('DPDK', 1)",0.20503000915050507,0.20515680313110352,0.8201200366020203,0.8206272125244141,0.9749948382377625,0.9752444624900818
171.96402,117.19863,"('DPDK', 1)",0.20503897964954376,0.2052001953125,0.820155918598175,0.82080078125,0.9749975800514221,0.9752585291862488
200.93141,120.53948,"('DPDK', 1)",0.2050531655550003,0.20525284111499786,0.8202126622200012,0.8210113644599915,0.9750063419342041,0.9752863049507141
212.96931,126.5968,"('DPDK', 1)",0.2050791233778,0.20527254045009613,0.8203164935112,0.8210901618003845,0.9750698208808899,0.9753013849258423
178.97891,134.44185,"('DPDK', 1)",0.2051071971654892,0.20521371066570282,0.8204287886619568,0.8208548426628113,0.9751403331756592,0.9752617478370667
200.61311,139.68282,"('DPDK', 1)",0.20512346923351288,0.20525230467319489,0.8204938769340515,0.8210092186927795,0.9751851558685303,0.9752845764160156
198.40428,144.6011,"('DPDK', 1)",0.20513591170310974,0.20524856448173523,0.820543646812439,0.8209942579269409,0.9752247929573059,0.9752846360206604
216.99654,148.43413,"('DPDK', 1)",0.2051462084054947,0.2052788883447647,0.8205848336219788,0.8211155533790588,0.9752371311187744,0.9753037095069885
199.50606,152.62921,"('DPDK', 1)",0.20515719056129456,0.20525044202804565,0.8206287622451782,0.8210017681121826,0.9752449989318848,0.9752873182296753
198.07008,154.99518,"('DPDK', 1)",0.2051628977060318,0.20524799823760986,0.8206515908241272,0.8209919929504395,0.9752486348152161,0.97528475522995
184.109,155.93756,"('DPDK', 1)",0.2051653414964676,0.20522326231002808,0.8206613659858704,0.8208930492401123,0.9752463102340698,0.9752703309059143
193.70427,154.75412,"('DPDK', 1)",0.2051628977060318,0.20524045825004578,0.8206515908241272,0.8209618330001831,0.9752486348152161,0.9752807021141052
199.5821,153.2424,"('DPDK', 1)",0.20515933632850647,0.2052505612373352,0.8206373453140259,0.8210022449493408,0.9752441644668579,0.9752883315086365
185.89915,152.0891,"('DPDK', 1)",0.20515623688697815,0.20522654056549072,0.8206249475479126,0.8209061622619629,0.9752457737922668,0.9752719402313232
219.11995,150.09155,"('DPDK', 1)",0.20515140891075134,0.20528218150138855,0.8206056356430054,0.8211287260055542,0.975238025188446,0.9753066897392273
224.90125,150.51862,"('DPDK', 1)",0.20515315234661102,0.2052909880876541,0.8206126093864441,0.8211639523506165,0.9752410650253296,0.9753097891807556
185.9196,152.56677,"('DPDK', 1)",0.20515719056129456,0.2052265703678131,0.8206287622451782,0.8209062814712524,0.9752449989318848,0.9752726554870605
202.36703,152.13918,"('DPDK', 1)",0.20515623688697815,0.20525525510311127,0.8206249475479126,0.8210210204124451,0.9752457737922668,0.9752904772758484
195.31367,151.76346,"('DPDK', 1)",0.2051553875207901,0.20524325966835022,0.8206215500831604,0.8209730386734009,0.9752429723739624,0.9752813577651978
167.85683,150.7794,"('DPDK', 1)",0.20515315234661102,0.20519186556339264,0.8206126093864441,0.8207674622535706,0.9752410650253296,0.9752578139305115
167.5901,147.3333,"('DPDK', 1)",0.2051442563533783,0.20519128441810608,0.8205770254135132,0.8207651376724243,0.9752392768859863,0.9752564430236816
189.34543,142.94615,"('DPDK', 1)",0.2051328718662262,0.20523275434970856,0.8205314874649048,0.8209310173988342,0.9752134084701538,0.9752750992774963
214.17822,140.22176,"('DPDK', 1)",0.20512498915195465,0.20527446269989014,0.8204999566078186,0.8210978507995605,0.9751924872398376,0.9752983450889587
199.60512,140.63693,"('DPDK', 1)",0.20512655377388,0.2052506059408188,0.82050621509552,0.8210024237632751,0.9751935601234436,0.9752879738807678
191.31425,141.56935,"('DPDK', 1)",0.20512814819812775,0.2052362561225891,0.820512592792511,0.8209450244903564,0.9752001166343689,0.975276529788971
191.86409,142.07655,"('DPDK', 1)",0.20512887835502625,0.2052372246980667,0.820515513420105,0.8209488987922668,0.9752029776573181,0.9752755165100098
208.42438,142.36897,"('DPDK', 1)",0.20512887835502625,0.20526523888111115,0.820515513420105,0.8210609555244446,0.9752029776573181,0.975294828414917
235.46167,143.80577,"('DPDK', 1)",0.2051335722208023,0.2053065299987793,0.8205342888832092,0.8212261199951172,0.9752151370048523,0.9753199219703674
208.06435,147.82938,"('DPDK', 1)",0.20514534413814545,0.20526465773582458,0.8205813765525818,0.8210586309432983,0.9752355813980103,0.9752952456474304
161.71416,150.55818,"('DPDK', 1)",0.20515315234661102,0.2051784098148346,0.8206126093864441,0.8207136392593384,0.9752410650253296,0.9752520322799683
132.77457,148.5646,"('DPDK', 1)",0.20514804124832153,0.20510171353816986,0.8205921649932861,0.8204068541526794,0.9752398133277893,0.9751250147819519
120.64351,141.96703,"('DPDK', 1)",0.20512887835502625,0.20505377650260925,0.820515513420105,0.820215106010437,0.9752029776573181,0.9750089645385742
106.91567,132.69568,"('DPDK', 1)",0.20510171353816986,0.20499081909656525,0.8204068541526794,0.819963276386261,0.9751250147819519,0.9749788045883179
94.15236,121.78092,"('DPDK', 1)",0.20505882799625397,0.20492558181285858,0.8202353119850159,0.8197023272514343,0.9750218391418457,0.9748484492301941
88.2152,109.75079,"('DPDK', 1)",0.20500467717647552,0.20490604639053345,0.8200187087059021,0.8196241855621338,0.9749986529350281,0.9747796654701233
90.975075,98.34969,"('DPDK', 1)",0.20494794845581055,0.20491307973861694,0.8197917938232422,0.8196523189544678,0.9748931527137756,0.974812388420105
85.588394,88.9046,"('OAI', 1)",0.20130601525306702,0.19346587359905243,0.8052240610122681,0.7738634943962097,0.9289991855621338,0.9297999143600464
74.53827,81.32872,"('OAI', 1)",0.1829351931810379,0.16800838708877563,0.7317407727241516,0.6720335483551025,0.9309115409851074,0.932802140712738
71.56625,74.81177,"('OAI', 1)",0.16848790645599365,0.16262570023536682,0.6739516258239746,0.6505028009414673,0.9327141046524048,0.9335709810256958
53.87568,69.697945,"('OAI', 1)",0.15899835526943207,0.12404626607894897,0.6359934210777283,0.4961850643157959,0.9340640306472778,0.9351763725280762
47.983532,64.72548,"('OAI', 1)",0.1491512507200241,0.10705509781837463,0.5966050028800964,0.42822039127349854,0.9354069828987122,0.9344421625137329
39.49667,60.028778,"('OAI', 1)",0.13851673901081085,0.07780662178993225,0.5540669560432434,0.311226487159729,0.9357103705406189,0.9331305027008057
37.92814,55.522785,"('OAI', 1)",0.12832188606262207,0.07732188701629639,0.5132875442504883,0.30928754806518555,0.9353472590446472,0.9323317408561707
34.82346,51.721718,"('OAI', 1)",0.11811742186546326,0.07200247049331665,0.472469687461853,0.2880098819732666,0.9349499940872192,0.930458664894104
29.858507,48.702217,"('OAI', 1)",0.1093306839466095,0.056937187910079956,0.437322735786438,0.22774875164031982,0.9345517158508301,0.927139401435852
26.455296,46.395042,"('OAI', 1)",0.10180577635765076,0.05959445238113403,0.407223105430603,0.23837780952453613,0.9341980814933777,0.924633264541626
27.503384,44.61142,"('OAI', 1)",0.09538111090660095,0.05676749348640442,0.3815244436264038,0.22706997394561768,0.9339113831520081,0.9254218935966492
24.737907,43.57816,"('OAI', 1)",0.09183219075202942,0.061965107917785645,0.3673287630081177,0.24786043167114258,0.9337461590766907,0.923147439956665
25.507822,43.10034,"('OAI', 1)",0.09026730060577393,0.061961472034454346,0.3610692024230957,0.24784588813781738,0.9336855411529541,0.9238225221633911
27.836676,43.29136,"('OAI', 1)",0.0907650887966156,0.05625760555267334,0.3630603551864624,0.22503042221069336,0.933705747127533,0.9256823658943176
20.603937,44.534306,"('OAI', 1)",0.09531885385513306,0.05017203092575073,0.3812754154205322,0.20068812370300293,0.933907687664032,0.9207625389099121
19.7042,45.91278,"('OAI', 1)",0.10016590356826782,0.05192652344703674,0.4006636142730713,0.20770609378814697,0.9341204166412354,0.9208710193634033
16.41128,47.945713,"('OAI', 1)",0.10681305825710297,0.044429242610931396,0.42725223302841187,0.17771697044372559,0.9344179034233093,0.9209370613098145
17.622267,50.37786,"('OAI', 1)",0.1146135926246643,0.04734015464782715,0.4584543704986572,0.1893606185913086,0.9347905516624451,0.9211633205413818
21.082663,52.97887,"('OAI', 1)",0.12168014049530029,0.04986068606376648,0.48672056198120117,0.19944274425506592,0.9350932836532593,0.9207119941711426
25.486067,55.86192,"('OAI', 1)",0.12932676076889038,0.06199878454208374,0.5173070430755615,0.24799513816833496,0.9353905916213989,0.9238152503967285
34.508457,59.190598,"('OAI', 1)",0.13690543174743652,0.07064223289489746,0.5476217269897461,0.28256893157958984,0.9356537461280823,0.9302662014961243
33.38071,62.842815,"('OAI', 1)",0.14471298456192017,0.06581863760948181,0.5788519382476807,0.26327455043792725,0.9359083771705627,0.9295324087142944
30.315865,66.46677,"('OAI', 1)",0.15270350873470306,0.05717426538467407,0.6108140349388123,0.2286970615386963,0.9349421858787537,0.9274513721466064
39.972694,69.74958,"('OAI', 1)",0.15899835526943207,0.0792345404624939,0.6359934210777283,0.3169381618499756,0.9340640306472778,0.9331988096237183
44.336246,73.0185,"('OAI', 1)",0.16540782153606415,0.09459435939788818,0.6616312861442566,0.37837743759155273,0.9331737756729126,0.9338634610176086
47.073112,76.029655,"('OAI', 1)",0.1708858460187912,0.10404112935066223,0.6835433840751648,0.4161645174026489,0.9323687553405762,0.9342935085296631
57.46032,78.8169,"('OAI', 1)",0.17706945538520813,0.13291409611701965,0.7082778215408325,0.5316563844680786,0.9315896034240723,0.9355199337005615
58.28472,81.738594,"('OAI', 1)",0.18390263617038727,0.1347503364086151,0.7356105446815491,0.5390013456344604,0.9307907819747925,0.9355833530426025
75.043686,84.53049,"('OAI', 1)",0.19074325263500214,0.168904110789299,0.7629730105400085,0.675616443157196,0.9300904870033264,0.932646632194519
84.06059,87.61493,"('OAI', 1)",0.19839303195476532,0.18962150812149048,0.7935721278190613,0.7584860324859619,0.9293177723884583,0.9301931262016296
98.57851,90.87458,"('DPDK', 1)",0.2049129158258438,0.20494858920574188,0.8196516633033752,0.8197943568229675,0.9748110175132751,0.9748929738998413
97.27557,94.50853,"('DPDK', 1)",0.20492738485336304,0.20494167506694794,0.8197095394134521,0.8197667002677917,0.9748491048812866,0.9748828411102295
121.57021,97.83782,"('DPDK', 1)",0.20494431257247925,0.20505785942077637,0.819777250289917,0.8202314376831055,0.9748879075050354,0.9750185012817383
120.762764,102.30245,"('DPDK', 1)",0.20496925711631775,0.20505429804325104,0.819877028465271,0.8202171921730042,0.9749352931976318,0.9750104546546936
133.36203,107.79908,"('DPDK', 1)",0.20499299466609955,0.20510360598564148,0.8199719786643982,0.8204144239425659,0.9749834537506104,0.975132167339325
123.4002,113.45401,"('DPDK', 1)",0.2050216645002365,0.20506584644317627,0.820086658000946,0.8202633857727051,0.9749987721443176,0.9750393629074097
144.24907,117.616104,"('DPDK', 1)",0.20504075288772583,0.20513585209846497,0.8201630115509033,0.8205434083938599,0.974998950958252,0.9752249717712402
131.82832,122.098656,"('DPDK', 1)",0.20505966246128082,0.20509865880012512,0.8202386498451233,0.8203946352005005,0.9750263690948486,0.9751192927360535
139.10641,125.13819,"('DPDK', 1)",0.2050735354423523,0.20512163639068604,0.8202941417694092,0.8204865455627441,0.9750592112541199,0.9751798510551453
135.15785,127.39326,"('DPDK', 1)",0.20508313179016113,0.20510932803153992,0.8203325271606445,0.8204373121261597,0.9750808477401733,0.9751471877098083
151.71323,128.52159,"('DPDK', 1)",0.2050875574350357,0.2051553875207901,0.8203502297401428,0.8206215500831604,0.9750887751579285,0.9752429723739624
137.59898,129.97636,"('DPDK', 1)",0.20509326457977295,0.20511697232723236,0.8203730583190918,0.8204678893089294,0.9751031398773193,0.9751678705215454
121.96951,130.27066,"('DPDK', 1)",0.20509345829486847,0.20505961775779724,0.8203738331794739,0.820238471031189,0.9751020669937134,0.9750267267227173
126.31718,128.76247,"('DPDK', 1)",0.2050887495279312,0.2050783485174179,0.8203549981117249,0.8203133940696716,0.9750922918319702,0.9750697016716003
117.278694,126.58861,"('DPDK', 1)",0.2050791233778,0.20503897964954376,0.8203164935112,0.820155918598175,0.9750698208808899,0.9749975800514221
133.55066,123.503914,"('DPDK', 1)",0.2050662487745285,0.20510420203208923,0.820264995098114,0.8204168081283569,0.975041389465332,0.9751349091529846
139.84239,121.38087,"('DPDK', 1)",0.20505733788013458,0.20512370765209198,0.8202293515205383,0.8204948306083679,0.975016713142395,0.9751873016357422
125.18547,120.41961,"('DPDK', 1)",0.2050531655550003,0.2050735354423523,0.8202126622200012,0.8202941417694092,0.9750063419342041,0.9750592112541199
137.29942,119.09202,"('DPDK', 1)",0.20504769682884216,0.20511604845523834,0.8201907873153687,0.8204641938209534,0.974997341632843,0.9751644730567932
149.95438,118.58334,"('DPDK', 1)",0.20504450798034668,0.2051510363817215,0.8201780319213867,0.820604145526886,0.974997341632843,0.975242555141449
153.67249,119.476295,"('DPDK', 1)",0.20504769682884216,0.2051600068807602,0.8201907873153687,0.8206400275230408,0.974997341632843,0.9752441048622131
158.30176,121.28615,"('DPDK', 1)",0.2050560861825943,0.20517072081565857,0.8202243447303772,0.8206828832626343,0.9750169515609741,0.9752478003501892
150.21606,123.72667,"('DPDK', 1)",0.20506757497787476,0.2051517218351364,0.820270299911499,0.8206068873405457,0.9750460982322693,0.9752386808395386
149.45218,125.58827,"('DPDK', 1)",0.2050745040178299,0.20514972507953644,0.8202980160713196,0.8205989003181458,0.9750624895095825,0.9752424359321594
156.89046,126.81509,"('DPDK', 1)",0.2050791233778,0.2051674872636795,0.8203164935112,0.820669949054718,0.9750698208808899,0.9752483367919922
174.34537,128.0638,"('DPDK', 1)",0.20508453249931335,0.20520484447479248,0.8203381299972534,0.8208193778991699,0.9750806093215942,0.9752579927444458
154.2049,130.42357,"('DPDK', 1)",0.20509345829486847,0.20516125857830048,0.8203738331794739,0.8206450343132019,0.9751020669937134,0.9752445220947266
160.1286,131.52248,"('DPDK', 1)",0.20509682595729828,0.20517486333847046,0.8203873038291931,0.8206994533538818,0.9751116633415222,0.9752525091171265
148.09584,132.2362,"('DPDK', 1)",0.20509961247444153,0.2051461637020111,0.8203984498977661,0.8205846548080444,0.9751191735267639,0.9752375483512878
158.29466,131.65088,"('DPDK', 1)",0.20509864389896393,0.20517070591449738,0.8203945755958557,0.8206828236579895,0.9751191735267639,0.9752478003501892
147.05904,131.15245,"('DPDK', 1)",0.20509682595729828,0.20514340698719025,0.8203873038291931,0.820573627948761,0.9751116633415222,0.9752399325370789
151.20811,129.80467,"('DPDK', 1)",0.20509326457977295,0.2051541805267334,0.8203730583190918,0.8206167221069336,0.9751031398773193,0.9752424955368042
149.97357,128.44725,"('DPDK', 1)",0.2050875574350357,0.20515109598636627,0.8203502297401428,0.8206043839454651,0.9750887751579285,0.9752432703971863
168.97731,127.09161,"('DPDK', 1)",0.20508313179016113,0.20519426465034485,0.8203325271606445,0.8207770586013794,0.9750808477401733,0.9752559065818787
162.5332,127.30993,"('DPDK', 1)",0.20508313179016113,0.20518022775650024,0.8203325271606445,0.820720911026001,0.9750808477401733,0.9752524495124817
172.60973,127.836716,"('DPDK', 1)",0.20508453249931335,0.20520146191120148,0.8203381299972534,0.8208058476448059,0.9750806093215942,0.9752610921859741
168.61641,129.25723,"('DPDK', 1)",0.2050887495279312,0.20519348978996277,0.8203549981117249,0.8207739591598511,0.9750922918319702,0.9752564430236816
178.27754,130.68088,"('DPDK', 1)",0.20509497821331024,0.20521238446235657,0.820379912853241,0.8208495378494263,0.975106418132782,0.9752638339996338
174.3491,132.66473,"('DPDK', 1)",0.20510171353816986,0.20520484447479248,0.8204068541526794,0.8208193778991699,0.9751250147819519,0.975259006023407
184.83696,134.38673,"('DPDK', 1)",0.2051071971654892,0.20522460341453552,0.8204287886619568,0.8208984136581421,0.9751403331756592,0.9752736687660217
163.51686,136.5576,"('DPDK', 1)",0.20511366426944733,0.20518241822719574,0.8204546570777893,0.820729672908783,0.975156843662262,0.9752514362335205
166.36583,136.99733,"('DPDK', 1)",0.20511531829833984,0.20518864691257477,0.8204612731933594,0.8207545876502991,0.9751622676849365,0.9752531051635742
158.61383,136.6431,"('DPDK', 1)",0.20511366426944733,0.20517142117023468,0.8204546570777893,0.8206856846809387,0.975156843662262,0.9752481579780579
141.43791,135.22485,"('DPDK', 1)",0.20510932803153992,0.20512814819812775,0.8204373121261597,0.820512592792511,0.9751471877098083,0.9752001166343689
146.25871,132.01231,"('DPDK', 1)",0.20509961247444153,0.20514126121997833,0.8203984498977661,0.8205650448799133,0.9751191735267639,0.9752362966537476
160.19534,128.53577,"('DPDK', 1)",0.2050875574350357,0.2051750123500824,0.8203502297401428,0.8207000494003296,0.9750887751579285,0.9752470850944519
159.01837,126.33911,"('DPDK', 1)",0.2050783485174179,0.2051723450422287,0.8203133940696716,0.8206893801689148,0.9750697016716003,0.9752479195594788
163.35747,124.98575,"('DPDK', 1)",0.2050722986459732,0.2051820605993271,0.8202891945838928,0.8207282423973083,0.9750560522079468,0.9752516746520996
152.95709,124.600914,"('DPDK', 1)",0.20507191121578217,0.2051583230495453,0.8202876448631287,0.8206332921981812,0.9750548005104065,0.9752417802810669
132.8106,124.03036,"('DPDK', 1)",0.20506885647773743,0.2051018327474594,0.8202754259109497,0.8204073309898376,0.9750449061393738,0.9751272201538086
146.61098,121.89984,"('DPDK', 1)",0.20505961775779724,0.20514221489429474,0.820238471031189,0.820568859577179,0.9750267267227173,0.9752361178398132
162.1945,120.22936,"('DPDK', 1)",0.20505207777023315,0.20517948269844055,0.8202083110809326,0.8207179307937622,0.9750061631202698,0.9752523899078369
171.38464,120.145164,"('DPDK', 1)",0.20505207777023315,0.20519904792308807,0.8202083110809326,0.8207961916923523,0.9750061631202698,0.9752566814422607
155.31656,121.66436,"('DPDK', 1)",0.20505815744400024,0.2051638513803482,0.820232629776001,0.8206554055213928,0.975019633769989,0.9752454161643982
171.64145,122.698746,"('DPDK', 1)",0.20506301522254944,0.20519955456256866,0.8202520608901978,0.8207982182502747,0.9750329852104187,0.9752591252326965
146.17943,124.65174,"('DPDK', 1)",0.20507191121578217,0.20514105260372162,0.8202876448631287,0.8205642104148865,0.9750548005104065,0.9752371311187744
138.37627,124.90321,"('DPDK', 1)",0.2050722986459732,0.20511938631534576,0.8202891945838928,0.8204775452613831,0.9750560522079468,0.9751762747764587
138.92685,123.62202,"('DPDK', 1)",0.2050665318965912,0.20512108504772186,0.8202661275863647,0.8204843401908875,0.9750421047210693,0.9751774668693542
144.27321,121.64935,"('DPDK', 1)",0.20505815744400024,0.20513591170310974,0.820232629776001,0.820543646812439,0.975019633769989,0.9752247929573059
131.26756,119.90805,"('DPDK', 1)",0.20505031943321228,0.20509682595729828,0.8202012777328491,0.8203873038291931,0.97500079870224,0.9751116633415222
123.55175,117.4998,"('DPDK', 1)",0.2050396054983139,0.20506651699543,0.8201584219932556,0.82026606798172,0.9749963879585266,0.9750412106513977
108.90182,114.45465,"('DPDK', 1)",0.20502649247646332,0.2050004005432129,0.8201059699058533,0.8200016021728516,0.9749964475631714,0.9749948978424072
98.454506,110.32027,"('DPDK', 1)",0.20500615239143372,0.20494794845581055,0.8200246095657349,0.8197917938232422,0.9749943614006042,0.9748931527137756
86.706245,105.32075,"('DPDK', 1)",0.2049829065799713,0.20490209758281708,0.8199316263198853,0.8196083903312683,0.9749611616134644,0.974763035774231
42.95771,99.57902,"('DPDK', 1)",0.20495331287384033,0.20474617183208466,0.8198132514953613,0.8189846873283386,0.9749020338058472,0.9715976119041443
44.14215,90.091705,"('OAI', 1)",0.2040601372718811,0.0939018726348877,0.8162405490875244,0.3756074905395508,0.9287241697311401,0.9338359236717224
41.62427,80.270004,"('OAI', 1)",0.1804831624031067,0.08498266339302063,0.7219326496124268,0.3399306535720825,0.9311955571174622,0.9334684610366821
33.77761,71.273125,"('OAI', 1)",0.1620693802833557,0.06741037964820862,0.6482775211334229,0.2696415185928345,0.9336504340171814,0.9297980070114136
36.15305,63.0062,"('OAI', 1)",0.14561009407043457,0.0756528377532959,0.5824403762817383,0.3026113510131836,0.9358867406845093,0.9312803149223328
28.238914,56.445274,"('OAI', 1)",0.13075493276119232,0.05638176202774048,0.5230197310447693,0.22552704811096191,0.9354386925697327,0.9259735941886902
27.824478,51.19485,"('OAI', 1)",0.11711083352565765,0.0562441349029541,0.4684433341026306,0.2249765396118164,0.9349135160446167,0.9256801009178162
20.260706,47.339302,"('OAI', 1)",0.10489743947982788,0.05112487077713013,0.4195897579193115,0.2044994831085205,0.934345006942749,0.9208128452301025
22.620247,44.527054,"('OAI', 1)",0.09531885385513306,0.05413547158241272,0.3812754154205322,0.21654188632965088,0.933907687664032,0.9211201071739197
25.74676,43.009315,"('OAI', 1)",0.08961361646652222,0.06156459450721741,0.35845446586608887,0.24625837802886963,0.9336523413658142,0.9240435361862183
29.804094,43.06414,"('OAI', 1)",0.09026730060577393,0.056927889585494995,0.3610692024230957,0.22771155834197998,0.9336855411529541,0.9270951747894287
27.093184,44.271404,"('OAI', 1)",0.09435352683067322,0.057865142822265625,0.37741410732269287,0.2314605712890625,0.9338656663894653,0.9251152873039246
22.27712,46.387924,"('OAI', 1)",0.10167884826660156,0.053207218647003174,0.40671539306640625,0.2128288745880127,0.9341943264007568,0.9207732081413269
20.48474,48.832592,"('OAI', 1)",0.1098809689283371,0.05050167441368103,0.4395238757133484,0.20200669765472412,0.9345765113830566,0.9207634925842285
19.63763,51.755577,"('OAI', 1)",0.1186126172542572,0.05179113149642944,0.4744504690170288,0.20716452598571777,0.9349749088287354,0.9209056496620178
18.408113,54.66099,"('OAI', 1)",0.1262313425540924,0.049135059118270874,0.5049253702163696,0.1965402364730835,0.9352708458900452,0.9210702180862427
13.53751,57.462597,"('OAI', 1)",0.13291409611701965,0.0366193950176239,0.5316563844680786,0.1464775800704956,0.9355199337005615,0.9188922643661499
27.39269,59.943375,"('OAI', 1)",0.1383472979068756,0.05705860257148743,0.5533891916275024,0.2282344102859497,0.9357067346572876,0.9253506064414978
45.59293,62.783867,"('OAI', 1)",0.14471298456192017,0.09899276494979858,0.5788519382476807,0.39597105979919434,0.9359083771705627,0.9340716600418091
15.272476,66.55983,"('OAI', 1)",0.15317115187644958,0.041497886180877686,0.6126846075057983,0.16599154472351074,0.9348955154418945,0.9203594923019409
25.783913,69.33396,"('OAI', 1)",0.15835516154766083,0.061457693576812744,0.6334206461906433,0.24583077430725098,0.934162974357605,0.9240625500679016
27.992119,71.8834,"('OAI', 1)",0.16316382586956024,0.05630311369895935,0.652655303478241,0.2252124547958374,0.9334758520126343,0.9258007407188416
33.11083,74.140816,"('OAI', 1)",0.1673114001750946,0.06497189402580261,0.6692456007003784,0.25988757610321045,0.9329065084457397,0.9293618202209473
45.99973,76.32103,"('OAI', 1)",0.17126014828681946,0.10039246082305908,0.6850405931472778,0.40156984329223633,0.9322949647903442,0.9341422319412231
63.105957,78.792786,"('OAI', 1)",0.17706945538520813,0.14561009407043457,0.7082778215408325,0.5824403762817383,0.9315896034240723,0.9358867406845093
73.50738,81.881516,"('OAI', 1)",0.18412622809410095,0.16616979241371155,0.7365049123764038,0.6646791696548462,0.9307729005813599,0.9330560564994812
95.819016,85.57493,"('OAI', 1)",0.19346587359905243,0.21701014041900635,0.7738634943962097,0.8680405616760254,0.9297999143600464,0.9275730848312378
103.09285,90.28328,"('OAI', 1)",0.20444826781749725,0.23436963558197021,0.817793071269989,0.9374785423278809,0.9286829233169556,0.9262469410896301
101.69106,95.16013,"('DPDK', 1)",0.20493049919605255,0.2049647569656372,0.8197219967842102,0.8198590278625488,0.9748597741127014,0.9749248623847961
105.96313,99.49678,"('DPDK', 1)",0.20495331287384033,0.20498616993427277,0.8198132514953613,0.8199446797370911,0.9749020338058472,0.9749696850776672
104.32911,103.33376,"('DPDK', 1)",0.2049729824066162,0.2049780786037445,0.8198919296264648,0.819912314414978,0.9749418497085571,0.9749525785446167
113.019325,107.22825,"('DPDK', 1)",0.20499275624752045,0.20501971244812012,0.8199710249900818,0.8200788497924805,0.9749853610992432,0.9749966263771057
92.11147,110.9372,"('DPDK', 1)",0.20501063764095306,0.20491686463356018,0.8200425505638123,0.8196674585342407,0.9749959707260132,0.9748220443725586
90.54805,112.17919,"('DPDK', 1)",0.20501509308815002,0.204912006855011,0.8200603723526001,0.819648027420044,0.9749975800514221,0.974806010723114
89.4304,111.67571,"('DPDK', 1)",0.20501430332660675,0.20490917563438416,0.820057213306427,0.8196367025375366,0.9749962091445923,0.974794328212738
86.27212,110.16727,"('DPDK', 1)",0.20500615239143372,0.20490095019340515,0.8200246095657349,0.8196038007736206,0.9749943614006042,0.974758505821228
77.52986,107.95656,"('DPDK', 1)",0.20499755442142487,0.20487678050994873,0.8199902176856995,0.8195071220397949,0.9749929904937744,0.9746040105819702
77.33647,104.85166,"('DPDK', 1)",0.20498229563236237,0.20487621426582336,0.8199291825294495,0.8195048570632935,0.9749631285667419,0.9745926856994629
90.75943,101.52287,"('DPDK', 1)",0.2049640566110611,0.20491254329681396,0.8198562264442444,0.8196501731872559,0.9749247431755066,0.9748113751411438
79.51029,99.310684,"('DPDK', 1)",0.20495222508907318,0.20488247275352478,0.8198089003562927,0.8195298910140991,0.9749032855033875,0.9746711850166321
86.54364,97.16519,"('DPDK', 1)",0.20494109392166138,0.20490168035030365,0.8197643756866455,0.8196067214012146,0.9748809337615967,0.9747586846351624
85.45511,95.770874,"('DPDK', 1)",0.20493383705615997,0.20489878952503204,0.8197353482246399,0.8195951581001282,0.9748663306236267,0.9747465252876282
87.22887,94.84764,"('DPDK', 1)",0.20492911338806152,0.2049034684896469,0.8197164535522461,0.8196138739585876,0.9748539328575134,0.9747673273086548
80.0725,94.41596,"('DPDK', 1)",0.20492738485336304,0.20488405227661133,0.8197095394134521,0.8195362091064453,0.9748491048812866,0.9746767282485962
86.71948,93.79254,"('DPDK', 1)",0.20492389798164368,0.20490214228630066,0.8196955919265747,0.8196085691452026,0.974843442440033,0.9747635722160339
89.48051,93.57928,"('DPDK', 1)",0.20492246747016907,0.2049092948436737,0.8196898698806763,0.8196371793746948,0.9748390316963196,0.9747941493988037
113.20299,93.794334,"('DPDK', 1)",0.20492389798164368,0.20502056181430817,0.8196955919265747,0.8200822472572327,0.974843442440033,0.9749984741210938
95.62637,95.88625,"('DPDK', 1)",0.20493383705615997,0.2049327939748764,0.8197353482246399,0.8197311758995056,0.9748663306236267,0.9748613834381104
117.87395,97.56101,"('DPDK', 1)",0.2049425095319748,0.20504161715507507,0.8197700381278992,0.8201664686203003,0.9748817086219788,0.9749957323074341
105.38075,100.3907,"('DPDK', 1)",0.2049584537744522,0.20498329401016235,0.8198338150978088,0.8199331760406494,0.9749149084091187,0.974963903427124
104.06001,102.62537,"('DPDK', 1)",0.20496954023838043,0.20497673749923706,0.8198781609535217,0.8199069499969482,0.9749364256858826,0.9749521613121033
81.361,104.14578,"('DPDK', 1)",0.20497673749923706,0.20488765835762024,0.8199069499969482,0.819550633430481,0.9749521613121033,0.9746971726417542
94.10188,103.42455,"('DPDK', 1)",0.2049729824066162,0.20492535829544067,0.8198919296264648,0.8197014331817627,0.9749418497085571,0.9748440980911255
84.763016,102.40958,"('DPDK', 1)",0.20496925711631775,0.2048969268798828,0.819877028465271,0.8195877075195312,0.9749352931976318,0.9747356176376343
105.251205,100.63682,"('DPDK', 1)",0.20495913922786713,0.20498265326023102,0.8198365569114685,0.8199306130409241,0.9749144315719604,0.9749627709388733
96.820404,100.045296,"('DPDK', 1)",0.20495742559432983,0.20493924617767334,0.8198297023773193,0.8197569847106934,0.9749137759208679,0.9748758673667908
81.329575,99.55642,"('DPDK', 1)",0.20495331287384033,0.20488756895065308,0.8198132514953613,0.8195502758026123,0.9749020338058472,0.9746931195259094
81.64805,98.10476,"('DPDK', 1)",0.20494641363620758,0.2048884481191635,0.8197856545448303,0.819553792476654,0.9748925566673279,0.9746990203857422
85.44073,96.274414,"('DPDK', 1)",0.20493584871292114,0.20489874482154846,0.8197433948516846,0.8195949792861938,0.9748702645301819,0.9747469425201416
87.346565,94.67953,"('DPDK', 1)",0.2049279510974884,0.20490378141403198,0.8197118043899536,0.8196151256561279,0.9748544096946716,0.9747684001922607
98.930214,93.524086,"('DPDK', 1)",0.20492246747016907,0.2049504518508911,0.8196898698806763,0.8198018074035645,0.9748390316963196,0.9748977422714233
99.112236,93.56133,"('DPDK', 1)",0.20492246747016907,0.20495140552520752,0.8196898698806763,0.8198056221008301,0.9748390316963196,0.9749017357826233
90.810074,94.29602,"('DPDK', 1)",0.20492596924304962,0.2049126774072647,0.8197038769721985,0.8196507096290588,0.9748485684394836,0.9748108386993408
101.11693,94.77418,"('DPDK', 1)",0.2049279510974884,0.20496182143688202,0.8197118043899536,0.8198472857475281,0.9748544096946716,0.974920392036438
107.31366,95.794,"('DPDK', 1)",0.20493383705615997,0.20499275624752045,0.8197353482246399,0.8199710249900818,0.9748663306236267,0.9749853610992432
113.31352,97.43297,"('DPDK', 1)",0.2049425095319748,0.20502106845378876,0.8197700381278992,0.820084273815155,0.9748817086219788,0.9749974608421326
109.66732,99.66574,"('DPDK', 1)",0.20495331287384033,0.2050040364265442,0.8198132514953613,0.8200161457061768,0.9749020338058472,0.9749966263771057
116.79069,101.73002,"('DPDK', 1)",0.2049647867679596,0.20503680408000946,0.8198591470718384,0.8201472163200378,0.974928081035614,0.9749975800514221
130.17581,103.96325,"('DPDK', 1)",0.20497673749923706,0.20509326457977295,0.8199069499969482,0.8203730583190918,0.9749521613121033,0.9751031398773193
136.53381,106.983376,"('DPDK', 1)",0.204990953207016,0.20511364936828613,0.819963812828064,0.8204545974731445,0.9749780297279358,0.9751572012901306
132.40286,110.55786,"('DPDK', 1)",0.20500615239143372,0.20510052144527435,0.8200246095657349,0.8204020857810974,0.9749943614006042,0.9751233458518982
115.912125,113.70548,"('DPDK', 1)",0.20502260327339172,0.20503287017345428,0.8200904130935669,0.8201314806938171,0.9749951958656311,0.974997878074646
95.20597,115.02009,"('DPDK', 1)",0.2050294429063797,0.20493049919605255,0.8201177716255188,0.8197219967842102,0.9749939441680908,0.9748597741127014
105.177345,113.5944,"('DPDK', 1)",0.20502260327339172,0.20498229563236237,0.8200904130935669,0.8199291825294495,0.9749951958656311,0.9749631285667419
111.2819,111.4671,"('DPDK', 1)",0.20501232147216797,0.20501165091991425,0.8200492858886719,0.820046603679657,0.974998414516449,0.9749975800514221
90.27545,109.553375,"('DPDK', 1)",0.2050030529499054,0.20491132140159607,0.8200122117996216,0.8196452856063843,0.9749956727027893,0.9748019576072693
91.061485,106.41439,"('DPDK', 1)",0.20498815178871155,0.20491330325603485,0.8199526071548462,0.8196532130241394,0.9749734997749329,0.9748105406761169
99.26766,103.00803,"('DPDK', 1)",0.20497187972068787,0.20495222508907318,0.8198875188827515,0.8198089003562927,0.9749404788017273,0.9749032855033875
106.47886,100.40055,"('DPDK', 1)",0.2049584537744522,0.20498868823051453,0.8198338150978088,0.8199547529220581,0.9749149084091187,0.9749736785888672
98.83575,99.038376,"('DPDK', 1)",0.20495088398456573,0.20494994521141052,0.8198035359382629,0.8197997808456421,0.9748972058296204,0.9748985171318054
92.54484,97.990135,"('DPDK', 1)",0.20494641363620758,0.20491863787174225,0.8197856545448303,0.819674551486969,0.9748925566673279,0.9748284816741943
106.76613,96.832214,"('DPDK', 1)",0.20493924617767334,0.20499008893966675,0.8197569847106934,0.819960355758667,0.9748758673667908,0.9749784469604492
119.26123,96.763084,"('DPDK', 1)",0.20493924617767334,0.20504769682884216,0.8197569847106934,0.8201907873153687,0.9748758673667908,0.974997341632843
121.7347,98.209625,"('DPDK', 1)",0.2049466073513031,0.20505858957767487,0.8197864294052124,0.8202343583106995,0.9748907089233398,0.975021481513977
102.574104,100.55778,"('DPDK', 1)",0.20495904982089996,0.20496925711631775,0.8198361992835999,0.819877028465271,0.9749127626419067,0.9749352931976318
112.57183,101.789215,"('DPDK', 1)",0.2049647867679596,0.20501764118671417,0.8198591470718384,0.8200705647468567,0.974928081035614,0.9749983549118042
121.97928,102.9839,"('DPDK', 1)",0.20497187972068787,0.20505966246128082,0.8198875188827515,0.8202386498451233,0.9749404788017273,0.9750263690948486
103.31268,104.67493,"('DPDK', 1)",0.2049783319234848,0.2049729824066162,0.8199133276939392,0.8198919296264648,0.9749516248703003,0.9749418497085571
124.318184,105.07902,"('DPDK', 1)",0.20498229563236237,0.20506981015205383,0.8199291825294495,0.8202792406082153,0.9749631285667419,0.9750488996505737
92.19282,106.242645,"('DPDK', 1)",0.20498815178871155,0.20491720736026764,0.8199526071548462,0.8196688294410706,0.9749734997749329,0.9748266935348511
96.182076,105.33718,"('DPDK', 1)",0.2049829065799713,0.20493580400943756,0.8199316263198853,0.8197432160377502,0.9749611616134644,0.974869966506958
78.26075,103.67372,"('DPDK', 1)",0.20497484505176544,0.20487889647483826,0.8198993802070618,0.819515585899353,0.9749469757080078,0.9746333360671997
123.55715,100.440285,"('DPDK', 1)",0.2049584537744522,0.2050665318965912,0.8198338150978088,0.8202661275863647,0.9749149084091187,0.9750421047210693
131.82597,99.93665,"('DPDK', 1)",0.20495742559432983,0.20509864389896393,0.8198297023773193,0.8203945755958557,0.9749137759208679,0.9751191735267639
125.205444,101.60498,"('DPDK', 1)",0.2049640566110611,0.20507362484931946,0.8198562264442444,0.8202944993972778,0.9749247431755066,0.9750595688819885
109.80005,103.88244,"('DPDK', 1)",0.20497673749923706,0.20500467717647552,0.8199069499969482,0.8200187087059021,0.9749521613121033,0.9749986529350281
58.82397,105.16431,"('DPDK', 1)",0.20498229563236237,0.20481465756893158,0.8199291825294495,0.8192586302757263,0.9749631285667419,0.9736621975898743
45.62413,102.06874,"('DPDK', 1)",0.20496627688407898,0.20475773513317108,0.8198651075363159,0.8190309405326843,0.974929928779602,0.9719443917274475
43.458065,95.942024,"('DPDK', 1)",0.20493383705615997,0.20474809408187866,0.8197353482246399,0.8189923763275146,0.9748663306236267,0.9716628193855286
43.134277,88.64122,"('OAI', 1)",0.20050105452537537,0.09026730060577393,0.8020042181015015,0.3610692024230957,0.9290872812271118,0.9336855411529541
34.17009,81.43885,"('OAI', 1)",0.1832774132490158,0.06915539503097534,0.7331096529960632,0.27662158012390137,0.9308614730834961,0.9300522804260254
27.187551,74.3582,"('OAI', 1)",0.16778680682182312,0.05761280655860901,0.6711472272872925,0.23045122623443604,0.9328308701515198,0.9251985549926758
24.666792,67.56631,"('OAI', 1)",0.15503431856632233,0.0618133544921875,0.6201372742652893,0.24725341796875,0.9346279501914978,0.9230806231498718
26.65744,61.66472,"('OAI', 1)",0.14235292375087738,0.059051454067230225,0.5694116950035095,0.2362058162689209,0.9358278512954712,0.9247822761535645
17.443472,57.745667,"('OAI', 1)",0.13332033157348633,0.04692196846008301,0.5332813262939453,0.18768787384033203,0.9355336427688599,0.9212213158607483
11.548308,54.604084,"('OAI', 1)",0.12575772404670715,0.030591100454330444,0.5030308961868286,0.12236440181732178,0.9352459907531738,0.9165155291557312
11.156276,52.705807,"('OAI', 1)",0.12091444432735443,0.02939319610595703,0.4836577773094177,0.11757278442382812,0.9350651502609253,0.9162325263023376
14.863886,52.155308,"('OAI', 1)",0.11949056386947632,0.04040020704269409,0.4779622554779053,0.16160082817077637,0.9350058436393738,0.9201582670211792
12.637095,52.956753,"('OAI', 1)",0.12166231870651245,0.033846259117126465,0.4866492748260498,0.13538503646850586,0.9350845813751221,0.9178063869476318
11.183136,54.601265,"('OAI', 1)",0.12575772404670715,0.029478520154953003,0.5030308961868286,0.11791408061981201,0.9352459907531738,0.9162513613700867
9.667145,56.70665,"('OAI', 1)",0.1312520056962967,0.02448400855064392,0.5250080227851868,0.09793603420257568,0.9354549050331116,0.9145416617393494
5.761321,59.114616,"('OAI', 1)",0.13690543174743652,0.008432477712631226,0.5476217269897461,0.0337299108505249,0.9356537461280823,0.9037628173828125
6.2881484,61.480785,"('OAI', 1)",0.14178118109703064,0.014751523733139038,0.5671247243881226,0.05900609493255615,0.9358196258544922,0.9056338667869568
8.989974,63.846066,"('OAI', 1)",0.14721782505512238,0.022011876106262207,0.5888713002204895,0.08804750442504883,0.9356748461723328,0.913027286529541
7.798784,66.333824,"('OAI', 1)",0.15266263484954834,0.024631530046463013,0.6106505393981934,0.09852612018585205,0.9349520206451416,0.9100311398506165
7.0699773,68.83091,"('OAI', 1)",0.1575021892786026,0.023283720016479492,0.6300087571144104,0.09313488006591797,0.934281587600708,0.9080734252929688
9.639121,71.23205,"('OAI', 1)",0.16198451817035675,0.02437591552734375,0.647938072681427,0.097503662109375,0.9336593151092529,0.9144845604896545
17.204231,73.618706,"('OAI', 1)",0.16629132628440857,0.04636424779891968,0.6651653051376343,0.1854569911956787,0.9330562353134155,0.9212493896484375
27.549963,76.17423,"('OAI', 1)",0.17111501097679138,0.05665993690490723,0.6844600439071655,0.2266397476196289,0.9323190450668335,0.925467848777771
38.491325,79.02398,"('OAI', 1)",0.1779078096151352,0.0774172842502594,0.7116312384605408,0.3096691370010376,0.9314965009689331,0.9326913356781006
40.486748,82.0986,"('OAI', 1)",0.1847178339958191,0.08111342787742615,0.7388713359832764,0.3244537115097046,0.9307003617286682,0.9332742691040039
65.0507,85.158714,"('OAI', 1)",0.19231384992599487,0.14986665546894073,0.7692553997039795,0.5994666218757629,0.9299375414848328,0.9353281855583191
68.89987,88.86019,"('OAI', 1)",0.20130601525306702,0.1576208621263504,0.8052240610122681,0.6304834485054016,0.9289991855621338,0.9342683553695679
78.23302,92.58448,"('DPDK', 1)",0.20491863787174225,0.2048788219690323,0.819674551486969,0.8195152878761292,0.9748284816741943,0.9746342897415161
76.224724,96.3189,"('DPDK', 1)",0.20493584871292114,0.2048729509115219,0.8197433948516846,0.8194918036460876,0.9748702645301819,0.974545419216156
86.81408,99.61286,"('DPDK', 1)",0.20495331287384033,0.20490238070487976,0.8198132514953613,0.819609522819519,0.9749020338058472,0.9747632145881653
66.63288,102.50693,"('DPDK', 1)",0.20496925711631775,0.204842671751976,0.819877028465271,0.819370687007904,0.9749352931976318,0.9741169810295105
64.36753,103.69187,"('DPDK', 1)",0.20497484505176544,0.20483489334583282,0.8198993802070618,0.8193395733833313,0.9749469757080078,0.974014401435852
66.0678,103.53355,"('DPDK', 1)",0.20497484505176544,0.204840749502182,0.8198993802070618,0.819362998008728,0.9749469757080078,0.9740906357765198
71.22061,102.545006,"('DPDK', 1)",0.20496925711631775,0.20485766232013702,0.819877028465271,0.8194306492805481,0.9749352931976318,0.9743186831474304
64.24436,101.3546,"('DPDK', 1)",0.20496274530887604,0.2048344612121582,0.8198509812355042,0.8193378448486328,0.9749236702919006,0.9740086197853088
58.418346,99.74019,"('DPDK', 1)",0.20495331287384033,0.20481310784816742,0.8198132514953613,0.8192524313926697,0.9749020338058472,0.9736177921295166
56.842106,97.68875,"('DPDK', 1)",0.20494407415390015,0.20480696856975555,0.8197762966156006,0.8192278742790222,0.9748857617378235,0.9734305143356323
71.85553,95.45236,"('DPDK', 1)",0.20493122935295105,0.204859659075737,0.8197249174118042,0.819438636302948,0.9748602509498596,0.974346399307251
71.08772,94.01688,"('DPDK', 1)",0.20492495596408844,0.2048572301864624,0.8196998238563538,0.8194289207458496,0.9748440384864807,0.9743119478225708
70.758194,93.06833,"('DPDK', 1)",0.20492057502269745,0.20485618710517883,0.8196823000907898,0.8194247484207153,0.9748340845108032,0.9742957353591919
71.49476,92.42572,"('DPDK', 1)",0.20491863787174225,0.20485852658748627,0.819674551486969,0.8194341063499451,0.9748284816741943,0.9743301868438721
57.030613,91.9934,"('DPDK', 1)",0.20491674542427063,0.20480769872665405,0.8196669816970825,0.8192307949066162,0.9748231768608093,0.9734532237052917
69.6265,90.977036,"('DPDK', 1)",0.20491307973861694,0.20485256612300873,0.8196523189544678,0.8194102644920349,0.974812388420105,0.9742426872253418
71.27076,90.40133,"('DPDK', 1)",0.20491169393062592,0.20485781133174896,0.8196467757225037,0.8194312453269958,0.9748060703277588,0.9743226766586304
68.62115,90.2044,"('OAI', 1)",0.20439758896827698,0.15709228813648224,0.8175903558731079,0.628369152545929,0.9286817312240601,0.934350311756134
72.91804,90.03106,"('OAI', 1)",0.2040601372718811,0.1650971919298172,0.8162405490875244,0.6603887677192688,0.9287241697311401,0.9332140684127808
85.622345,90.11901,"('OAI', 1)",0.2040601372718811,0.1935485154390335,0.8162405490875244,0.774194061756134,0.9287241697311401,0.9297974705696106
105.30225,91.07681,"('OAI', 1)",0.20621201395988464,0.2399677187204361,0.8248480558395386,0.9598708748817444,0.9284993410110474,0.9258490204811096
106.943405,93.564575,"('DPDK', 1)",0.20492246747016907,0.204990953207016,0.8196898698806763,0.819963812828064,0.9748390316963196,0.9749780297279358
101.22109,97.06321,"('DPDK', 1)",0.20494066178798676,0.204962357878685,0.819762647151947,0.81984943151474,0.9748780131340027,0.9749199748039246
87.54639,100.32431,"('DPDK', 1)",0.20495742559432983,0.20490430295467377,0.8198297023773193,0.8196172118186951,0.9749137759208679,0.9747728109359741
124.822014,102.00121,"('DPDK', 1)",0.20496627688407898,0.20507198572158813,0.8198651075363159,0.8202879428863525,0.974929928779602,0.9750553965568542
74.14568,105.18662,"('DPDK', 1)",0.20498229563236237,0.20486672222614288,0.8199291825294495,0.8194668889045715,0.9749631285667419,0.9744530320167542
83.192986,105.20265,"('DPDK', 1)",0.20498241484165192,0.20489268004894257,0.8199296593666077,0.8195707201957703,0.9749630093574524,0.9747200012207031
68.520386,104.00516,"('DPDK', 1)",0.20497673749923706,0.20484896004199982,0.8199069499969482,0.8193958401679993,0.9749521613121033,0.9741939902305603
74.11823,101.14003,"('DPDK', 1)",0.20496182143688202,0.20486663281917572,0.8198472857475281,0.8194665312767029,0.974920392036438,0.9744518995285034
74.79188,97.9998,"('DPDK', 1)",0.20494641363620758,0.20486867427825928,0.8197856545448303,0.8194746971130371,0.9748925566673279,0.974483847618103
90.97485,95.0445,"('DPDK', 1)",0.20492945611476898,0.20491307973861694,0.8197178244590759,0.8196523189544678,0.9748550057411194,0.9748123288154602
104.38109,93.63809,"('DPDK', 1)",0.20492389798164368,0.2049783319234848,0.8196955919265747,0.8199133276939392,0.974843442440033,0.9749516248703003
102.63114,94.201836,"('DPDK', 1)",0.20492596924304962,0.20496954023838043,0.8197038769721985,0.8198781609535217,0.9748485684394836,0.9749364256858826
79.20193,95.70697,"('DPDK', 1)",0.2049327939748764,0.20488159358501434,0.8197311758995056,0.8195263743400574,0.9748613834381104,0.974665641784668
75.46896,95.94102,"('DPDK', 1)",0.20493383705615997,0.20487071573734283,0.8197353482246399,0.8194828629493713,0.9748663306236267,0.9745094180107117
81.60874,95.14014,"('DPDK', 1)",0.20493049919605255,0.20488834381103516,0.8197219967842102,0.8195533752441406,0.9748597741127014,0.974698007106781
91.63128,94.24172,"('DPDK', 1)",0.20492596924304962,0.2049149125814438,0.8197038769721985,0.8196596503257751,0.9748485684394836,0.9748175740242004
100.581345,94.05237,"('DPDK', 1)",0.20492516458034515,0.20495904982089996,0.8197006583213806,0.8198361992835999,0.9748442769050598,0.9749127626419067
113.37882,94.91622,"('DPDK', 1)",0.20492911338806152,0.20502136647701263,0.8197164535522461,0.8200854659080505,0.9748539328575134,0.9749990105628967
118.53227,97.18088,"('DPDK', 1)",0.20494112372398376,0.20504450798034668,0.8197644948959351,0.8201780319213867,0.9748818874359131,0.974997341632843
134.4887,100.36196,"('DPDK', 1)",0.20495742559432983,0.2051071971654892,0.8198297023773193,0.8204287886619568,0.9749137759208679,0.9751403331756592
113.649216,104.84512,"('DPDK', 1)",0.20498229563236237,0.20502260327339172,0.8199291825294495,0.8200904130935669,0.9749631285667419,0.9749951958656311
111.327354,108.01832,"('DPDK', 1)",0.20499755442142487,0.20501185953617096,0.8199902176856995,0.8200474381446838,0.9749929904937744,0.9749971628189087
116.1952,109.93995,"('DPDK', 1)",0.20500533282756805,0.20503413677215576,0.8200213313102722,0.820136547088623,0.9749982357025146,0.9749953746795654
114.499985,111.22107,"('DPDK', 1)",0.20501165091991425,0.20502649247646332,0.820046603679657,0.8201059699058533,0.9749975800514221,0.9749964475631714
94.91363,111.799706,"('DPDK', 1)",0.20501430332660675,0.20492911338806152,0.820057213306427,0.8197164535522461,0.9749962091445923,0.9748539328575134
97.31067,110.438225,"('DPDK', 1)",0.20500615239143372,0.20494186878204346,0.8200246095657349,0.8197674751281738,0.9749943614006042,0.9748807549476624
113.444176,108.28635,"('DPDK', 1)",0.20499755442142487,0.2050216645002365,0.8199902176856995,0.820086658000946,0.9749929904937744,0.9749987721443176
116.516266,107.04029,"('DPDK', 1)",0.204990953207016,0.20503558218479156,0.819963812828064,0.8201423287391663,0.9749780297279358,0.9749963283538818
109.94102,106.6106,"('DPDK', 1)",0.20498929917812347,0.20500533282756805,0.8199571967124939,0.8200213313102722,0.9749726057052612,0.9749982357025146
94.23559,106.21126,"('DPDK', 1)",0.20498815178871155,0.20492596924304962,0.8199526071548462,0.8197038769721985,0.9749734997749329,0.9748485684394836
112.71332,104.74448,"('DPDK', 1)",0.2049783319234848,0.2050182968378067,0.8199133276939392,0.8200731873512268,0.9749516248703003,0.9749950766563416
109.059235,104.15597,"('DPDK', 1)",0.20497673749923706,0.20500114560127258,0.8199069499969482,0.8200045824050903,0.9749521613121033,0.9749972820281982
97.018196,103.81916,"('DPDK', 1)",0.20497484505176544,0.2049403041601181,0.8198993802070618,0.8197612166404724,0.9749469757080078,0.9748768210411072
94.10829,102.80476,"('DPDK', 1)",0.2049706131219864,0.20492538809776306,0.8198824524879456,0.8197015523910522,0.9749411344528198,0.9748476147651672
97.43096,101.30015,"('DPDK', 1)",0.20496274530887604,0.2049425095319748,0.8198509812355042,0.8197700381278992,0.9749236702919006,0.9748817086219788
97.3101,99.92165,"('DPDK', 1)",0.20495742559432983,0.20494186878204346,0.8198297023773193,0.8197674751281738,0.9749137759208679,0.9748804569244385
93.89525,98.72514,"('DPDK', 1)",0.20494994521141052,0.20492438971996307,0.8197997808456421,0.8196975588798523,0.9748985171318054,0.9748440980911255
87.126015,97.546936,"('DPDK', 1)",0.2049425095319748,0.20490320026874542,0.8197700381278992,0.8196128010749817,0.9748817086219788,0.9747668504714966
83.93009,96.02212,"('DPDK', 1)",0.20493580400943756,0.20489467680454254,0.8197432160377502,0.8195787072181702,0.974869966506958,0.9747292995452881
103.682274,94.26113,"('DPDK', 1)",0.20492596924304962,0.20497484505176544,0.8197038769721985,0.8198993802070618,0.9748485684394836,0.9749469757080078
94.66254,93.964264,"('DPDK', 1)",0.20492495596408844,0.2049279510974884,0.8196998238563538,0.8197118043899536,0.9748440384864807,0.9748543500900269
101.55331,93.89349,"('DPDK', 1)",0.20492438971996307,0.2049640566110611,0.8196975588798523,0.8198562264442444,0.9748440980911255,0.9749247431755066
89.68845,94.49046,"('DPDK', 1)",0.20492738485336304,0.20490983128547668,0.8197095394134521,0.8196393251419067,0.9748491048812866,0.9747955799102783
82.70277,94.56642,"('DPDK', 1)",0.20492738485336304,0.2048913538455963,0.8197095394134521,0.8195654153823853,0.9748491048812866,0.9747129678726196
97.08912,93.858086,"('DPDK', 1)",0.20492438971996307,0.20494067668914795,0.8196975588798523,0.8197627067565918,0.9748440980911255,0.9748818278312683
101.98897,93.809105,"('DPDK', 1)",0.20492397248744965,0.20496627688407898,0.8196958899497986,0.8198651075363159,0.97484290599823,0.974929928779602
101.69568,94.48015,"('DPDK', 1)",0.20492738485336304,0.2049647867679596,0.8197095394134521,0.8198591470718384,0.9748491048812866,0.974928081035614
90.42592,95.486534,"('DPDK', 1)",0.20493268966674805,0.20491169393062592,0.8197307586669922,0.8196467757225037,0.9748642444610596,0.9748060703277588
39.861156,95.79001,"('DPDK', 1)",0.20493383705615997,0.20474250614643097,0.8197353482246399,0.8189700245857239,0.9748663306236267,0.9711283445358276
35.65869,92.10026,"('DPDK', 1)",0.20491686463356018,0.2047390341758728,0.8196674585342407,0.8189561367034912,0.9748220443725586,0.9702065587043762
36.41414,86.31954,"('OAI', 1)",0.19518736004829407,0.0763401985168457,0.7807494401931763,0.3053607940673828,0.9296380877494812,0.9314401745796204
43.190357,80.022125,"('OAI', 1)",0.18002158403396606,0.09047231078147888,0.7200863361358643,0.3618892431259155,0.9312381744384766,0.933678388595581
27.871687,74.59617,"('OAI', 1)",0.16800838708877563,0.056254804134368896,0.6720335483551025,0.22501921653747559,0.932802140712738,0.9257048964500427
27.33932,69.15181,"('OAI', 1)",0.15816962718963623,0.057218581438064575,0.6326785087585449,0.2288743257522583,0.9341822266578674,0.9253073930740356
22.698347,64.80413,"('OAI', 1)",0.1491512507200241,0.05434098839759827,0.5966050028800964,0.21736395359039307,0.9354069828987122,0.921192467212677
24.372349,61.21278,"('OAI', 1)",0.1410122513771057,0.06034532189369202,0.5640490055084229,0.24138128757476807,0.9357962012290955,0.9228001832962036
15.92615,58.84174,"('OAI', 1)",0.13597828149795532,0.0432111918926239,0.5439131259918213,0.1728447675704956,0.9356274008750916,0.9207119941711426
22.987955,57.70558,"('OAI', 1)",0.13332033157348633,0.055118292570114136,0.5332813262939453,0.22047317028045654,0.9355336427688599,0.9214746356010437
17.21831,58.05195,"('OAI', 1)",0.13424867391586304,0.04638671875,0.5369946956634521,0.185546875,0.935566782951355,0.9212647080421448
14.831498,59.016193,"('OAI', 1)",0.13619953393936157,0.040315598249435425,0.5447981357574463,0.1612623929977417,0.9356374740600586,0.9201332926750183
14.807167,60.29539,"('OAI', 1)",0.13919533789157867,0.040242403745651245,0.5567813515663147,0.16096961498260498,0.9357303380966187,0.9201257824897766
16.88303,61.922478,"('OAI', 1)",0.14283262193202972,0.04558908939361572,0.5713304877281189,0.1823563575744629,0.9358404874801636,0.9211893081665039
11.966603,63.892696,"('OAI', 1)",0.14733447134494781,0.03180846571922302,0.5893378853797913,0.1272338628768921,0.9356670379638672,0.9169572591781616
12.469162,65.928505,"('OAI', 1)",0.15170502662658691,0.033314257860183716,0.6068201065063477,0.13325703144073486,0.9350917339324951,0.9176052212715149
20.502232,67.95863,"('OAI', 1)",0.15629923343658447,0.050461143255233765,0.6251969337463379,0.20184457302093506,0.9344601035118103,0.9207669496536255
17.628965,70.30241,"('OAI', 1)",0.16051405668258667,0.04736131429672241,0.6420562267303467,0.18944525718688965,0.9338467121124268,0.9211713075637817
23.267616,72.632385,"('OAI', 1)",0.16469363868236542,0.05584964156150818,0.6587745547294617,0.22339856624603271,0.9332723617553711,0.9217520952224731
16.092667,75.00691,"('OAI', 1)",0.16880647838115692,0.04362839460372925,0.6752259135246277,0.174513578414917,0.9326600432395935,0.9207732677459717
10.449985,77.0206,"('OAI', 1)",0.17284511029720306,0.02713698148727417,0.6913804411888123,0.10854792594909668,0.9320879578590393,0.9156831502914429
12.718654,78.496254,"('OAI', 1)",0.17626014351844788,0.03410613536834717,0.7050405740737915,0.13642454147338867,0.9316948652267456,0.9179131984710693
15.742955,79.75048,"('OAI', 1)",0.17922446131706238,0.04273676872253418,0.7168978452682495,0.17094707489013672,0.9313405752182007,0.9206178784370422
23.217777,80.97613,"('OAI', 1)",0.18217411637306213,0.05571770668029785,0.7286964654922485,0.2228708267211914,0.9309828281402588,0.9216980934143066
18.8045,82.41699,"('OAI', 1)",0.1853678673505783,0.050001949071884155,0.7414714694023132,0.20000779628753662,0.9306293725967407,0.9210093021392822
17.582525,83.74697,"('OAI', 1)",0.1888669729232788,0.047247111797332764,0.7554678916931152,0.18898844718933105,0.9302630424499512,0.921205997467041
27.573864,84.90513,"('OAI', 1)",0.19141174852848053,0.05659586191177368,0.7656469941139221,0.22638344764709473,0.9300096035003662,0.9254856109619141
31.898922,86.25817,"('OAI', 1)",0.19513484835624695,0.06085240840911865,0.7805393934249878,0.2434096336364746,0.9296320080757141,0.928550660610199
32.540524,87.78592,"('OAI', 1)",0.19868947565555573,0.06361150741577148,0.7947579026222229,0.25444602966308594,0.9292783737182617,0.9289811849594116
35.21301,89.27923,"('OAI', 1)",0.20185638964176178,0.07312962412834167,0.8074255585670471,0.2925184965133667,0.9289445877075195,0.9307125210762024
45.081177,90.700836,"('DPDK', 1)",0.20491242408752441,0.2047550529241562,0.8196496963500977,0.8190202116966248,0.97480708360672,0.971873939037323
55.079666,92.25738,"('DPDK', 1)",0.20491720736026764,0.20479989051818848,0.8196688294410706,0.8191995620727539,0.9748266935348511,0.973212480545044
49.707188,94.052574,"('DPDK', 1)",0.20492516458034515,0.20477689802646637,0.8197006583213806,0.8191075921058655,0.9748442769050598,0.9724409580230713
60.011696,95.50412,"('DPDK', 1)",0.20493268966674805,0.20481914281845093,0.8197307586669922,0.8192765712738037,0.9748642444610596,0.9737681746482849
68.21677,96.93713,"('DPDK', 1)",0.2049403041601181,0.20484796166419983,0.8197612166404724,0.8193918466567993,0.9748768210411072,0.9741838574409485
72.00165,98.56456,"('DPDK', 1)",0.20494858920574188,0.204860121011734,0.8197943568229675,0.819440484046936,0.9748929738998413,0.9743553996086121
79.25866,100.185776,"('DPDK', 1)",0.20495742559432983,0.20488175749778748,0.8198297023773193,0.8195270299911499,0.9749137759208679,0.9746671915054321
80.20843,101.721176,"('DPDK', 1)",0.2049647867679596,0.20488443970680237,0.8198591470718384,0.8195377588272095,0.974928081035614,0.9746823310852051
90.77197,102.91035,"('DPDK', 1)",0.2049706131219864,0.20491257309913635,0.8198824524879456,0.8196502923965454,0.9749411344528198,0.9748108983039856
84.26392,104.05416,"('DPDK', 1)",0.20497673749923706,0.20489557087421417,0.8199069499969482,0.8195822834968567,0.9749521613121033,0.9747315645217896
100.46602,104.62282,"('DPDK', 1)",0.2049783319234848,0.2049584537744522,0.8199133276939392,0.8198338150978088,0.9749516248703003,0.9749149084091187
91.85992,105.451706,"('DPDK', 1)",0.20498329401016235,0.2049158364534378,0.8199331760406494,0.8196633458137512,0.974963903427124,0.9748221635818481
93.806564,106.26837,"('DPDK', 1)",0.20498815178871155,0.20492397248744965,0.8199526071548462,0.8196958899497986,0.9749734997749329,0.97484290599823
88.20925,106.82691,"('DPDK', 1)",0.20499038696289062,0.20490603148937225,0.8199615478515625,0.819624125957489,0.9749777317047119,0.974779486656189
91.45399,106.93875,"('DPDK', 1)",0.204990953207016,0.20491428673267365,0.819963812828064,0.8196571469306946,0.9749780297279358,0.9748163223266602
86.92425,106.59933,"('DPDK', 1)",0.20498929917812347,0.20490267872810364,0.8199571967124939,0.8196107149124146,0.9749726057052612,0.9747644662857056
88.24882,105.62888,"('DPDK', 1)",0.20498527586460114,0.2049061357975006,0.8199411034584045,0.8196245431900024,0.9749683141708374,0.9747793674468994
90.10435,104.500824,"('DPDK', 1)",0.2049783319234848,0.20491088926792145,0.8199133276939392,0.8196435570716858,0.9749516248703003,0.9747994542121887
80.496895,103.40987,"('DPDK', 1)",0.2049729824066162,0.20488524436950684,0.8198919296264648,0.8195409774780273,0.9749418497085571,0.9746827483177185
84.155464,101.74217,"('DPDK', 1)",0.2049647867679596,0.2048952877521515,0.8198591470718384,0.819581151008606,0.974928081035614,0.9747308492660522
89.59109,100.16221,"('DPDK', 1)",0.20495742559432983,0.2049095779657364,0.8198297023773193,0.8196383118629456,0.9749137759208679,0.9747948050498962
82.345276,99.102554,"('DPDK', 1)",0.20495134592056274,0.20489037036895752,0.819805383682251,0.8195614814758301,0.9749033451080322,0.9747090339660645
81.16037,97.90224,"('DPDK', 1)",0.20494431257247925,0.20488710701465607,0.819777250289917,0.8195484280586243,0.9748879075050354,0.9746927618980408
99.47724,96.6557,"('DPDK', 1)",0.20493924617767334,0.20495331287384033,0.8197569847106934,0.8198132514953613,0.9748758673667908,0.9749020338058472
100.59746,96.74901,"('DPDK', 1)",0.20493924617767334,0.20495913922786713,0.8197569847106934,0.8198365569114685,0.9748758673667908,0.9749144315719604
95.33851,97.662735,"('DPDK', 1)",0.20494407415390015,0.20493122935295105,0.8197762966156006,0.8197249174118042,0.9748857617378235,0.9748602509498596
94.06202,98.55185,"('DPDK', 1)",0.20494858920574188,0.20492516458034515,0.8197943568229675,0.8197006583213806,0.9748929738998413,0.9748442769050598
87.636765,99.20889,"('DPDK', 1)",0.20495222508907318,0.20490454137325287,0.8198089003562927,0.8196181654930115,0.9749032855033875,0.9747735261917114
83.04533,99.168526,"('DPDK', 1)",0.2049514204263687,0.20489227771759033,0.8198056817054749,0.8195691108703613,0.974897563457489,0.9747157692909241
106.60498,98.38089,"('DPDK', 1)",0.20494794845581055,0.20498929917812347,0.8197917938232422,0.8199571967124939,0.9748931527137756,0.9749726057052612
92.73622,98.87755,"('DPDK', 1)",0.20494994521141052,0.20491941273212433,0.8197997808456421,0.8196776509284973,0.9748985171318054,0.9748325943946838
99.11637,99.02895,"('DPDK', 1)",0.20495088398456573,0.2049514204263687,0.8198035359382629,0.8198056817054749,0.9748972058296204,0.974897563457489
100.98402,99.41936,"('DPDK', 1)",0.20495331287384033,0.2049611359834671,0.8198132514953613,0.8198445439338684,0.9749020338058472,0.9749199151992798
96.18994,99.99553,"('DPDK', 1)",0.20495742559432983,0.20493584871292114,0.8198297023773193,0.8197433948516846,0.9749137759208679,0.9748702645301819
98.20225,100.25378,"('DPDK', 1)",0.20495742559432983,0.2049466073513031,0.8198297023773193,0.8197864294052124,0.9749137759208679,0.9748907089233398
77.98083,100.43399,"('DPDK', 1)",0.2049584537744522,0.2048780918121338,0.8198338150978088,0.8195123672485352,0.9749149084091187,0.9746220707893372
88.1663,99.09906,"('DPDK', 1)",0.20495134592056274,0.2049059122800827,0.819805383682251,0.8196236491203308,0.9749033451080322,0.974780261516571
97.16722,97.75096,"('DPDK', 1)",0.20494431257247925,0.20494109392166138,0.819777250289917,0.8197643756866455,0.9748879075050354,0.9748809337615967
89.935196,97.138695,"('DPDK', 1)",0.20494109392166138,0.20491045713424683,0.8197643756866455,0.8196418285369873,0.9748809337615967,0.9748001098632812
94.638695,96.498474,"('DPDK', 1)",0.20493584871292114,0.20492784678936005,0.8197433948516846,0.8197113871574402,0.9748702645301819,0.9748491644859314
88.41093,96.23943,"('DPDK', 1)",0.20493584871292114,0.20490655303001404,0.8197433948516846,0.8196262121200562,0.9748702645301819,0.9747803807258606
113.29795,95.786385,"('DPDK', 1)",0.20493383705615997,0.2050209939479828,0.8197353482246399,0.8200839757919312,0.9748663306236267,0.9749992489814758
94.95894,97.028595,"('DPDK', 1)",0.2049403041601181,0.20492932200431824,0.8197612166404724,0.819717288017273,0.9748768210411072,0.9748557806015015
99.1005,97.78978,"('DPDK', 1)",0.20494431257247925,0.20495134592056274,0.819777250289917,0.819805383682251,0.9748879075050354,0.9749033451080322
105.78166,98.50085,"('DPDK', 1)",0.20494794845581055,0.20498527586460114,0.8197917938232422,0.8199411034584045,0.9748931527137756,0.9749683141708374
75.42163,99.553116,"('DPDK', 1)",0.20495331287384033,0.2048705667257309,0.8198132514953613,0.8194822669029236,0.9749020338058472,0.9745097160339355
83.46998,98.50435,"('DPDK', 1)",0.20494794845581055,0.20489344000816345,0.8197917938232422,0.8195737600326538,0.9748931527137756,0.974719762802124
100.954124,96.96463,"('DPDK', 1)",0.2049403041601181,0.20496097207069397,0.8197612166404724,0.8198438882827759,0.9748768210411072,0.974918007850647
111.425415,96.51232,"('DPDK', 1)",0.20493924617767334,0.20501232147216797,0.8197569847106934,0.8200492858886719,0.9748758673667908,0.974998414516449
93.02212,97.45242,"('DPDK', 1)",0.2049425095319748,0.20492057502269745,0.8197700381278992,0.8196823000907898,0.9748817086219788,0.9748340845108032
107.36486,97.78956,"('DPDK', 1)",0.20494431257247925,0.20499299466609955,0.819777250289917,0.8199719786643982,0.9748879075050354,0.9749834537506104
99.013855,98.79286,"('DPDK', 1)",0.20494994521141052,0.20495088398456573,0.8197997808456421,0.8198035359382629,0.9748985171318054,0.9748972058296204
108.84496,99.43706,"('DPDK', 1)",0.20495331287384033,0.2050001323223114,0.8198132514953613,0.8200005292892456,0.9749020338058472,0.9749948382377625
115.27834,100.50469,"('DPDK', 1)",0.2049584537744522,0.20503000915050507,0.8198338150978088,0.8201200366020203,0.9749149084091187,0.9749948382377625
123.79924,102.14201,"('DPDK', 1)",0.20496627688407898,0.20506757497787476,0.8198651075363159,0.820270299911499,0.974929928779602,0.9750460982322693
137.66318,104.52455,"('DPDK', 1)",0.2049783319234848,0.20511718094348907,0.8199133276939392,0.8204687237739563,0.9749516248703003,0.9751698970794678
120.2627,108.04915,"('DPDK', 1)",0.20499755442142487,0.20505207777023315,0.8199902176856995,0.8202083110809326,0.9749929904937744,0.9750061631202698
116.66583,110.55011,"('DPDK', 1)",0.20500615239143372,0.2050362527370453,0.8200246095657349,0.8201450109481812,0.9749943614006042,0.9749961495399475
114.748505,111.90488,"('DPDK', 1)",0.20501430332660675,0.20502762496471405,0.820057213306427,0.8201104998588562,0.9749962091445923,0.9749978184700012
111.06726,112.27727,"('DPDK', 1)",0.20501509308815002,0.20501063764095306,0.8200603723526001,0.8200425505638123,0.9749975800514221,0.9749959707260132
107.36081,111.71982,"('DPDK', 1)",0.20501430332660675,0.20499297976493835,0.820057213306427,0.8199719190597534,0.9749962091445923,0.9749835729598999
102.84352,110.40386,"('DPDK', 1)",0.20500615239143372,0.2049706131219864,0.8200246095657349,0.8198824524879456,0.9749943614006042,0.9749411344528198
113.82076,108.43049,"('DPDK', 1)",0.20499755442142487,0.205023393034935,0.8199902176856995,0.82009357213974,0.9749929904937744,0.9749982357025146
115.1504,107.092964,"('DPDK', 1)",0.204990953207016,0.2050294429063797,0.819963812828064,0.8201177716255188,0.9749780297279358,0.9749939441680908
109.42889,106.32775,"('DPDK', 1)",0.20498815178871155,0.20500290393829346,0.8199526071548462,0.8200116157531738,0.9749734997749329,0.9749945402145386
101.457726,105.5447,"('DPDK', 1)",0.20498329401016235,0.2049635648727417,0.8199331760406494,0.8198542594909668,0.974963903427124,0.9749261736869812
59.97429,104.277054,"('DPDK', 1)",0.2049780786037445,0.20481900870800018,0.819912314414978,0.8192760348320007,0.9749525785446167,0.9737657308578491
47.656467,99.88898,"('DPDK', 1)",0.20495742559432983,0.20476748049259186,0.8198297023773193,0.8190699219703674,0.9749137759208679,0.9721954464912415
42.30548,93.42706,"('DPDK', 1)",0.20492246747016907,0.2047443687915802,0.8196898698806763,0.8189774751663208,0.9748390316963196,0.9715079665184021
42.0431,86.11969,"('OAI', 1)",0.1949843168258667,0.08634194731712341,0.7799372673034668,0.34536778926849365,0.9296538829803467,0.9335211515426636
44.539448,79.12965,"('OAI', 1)",0.1779078096151352,0.09531885385513306,0.7116312384605408,0.3812754154205322,0.9314965009689331,0.933907687664032
33.19346,73.123,"('OAI', 1)",0.16549305617809296,0.06515222787857056,0.6619722247123718,0.2606089115142822,0.9331660270690918,0.9294147491455078
24.837778,67.556175,"('OAI', 1)",0.15503431856632233,0.06205165386199951,0.6201372742652893,0.24820661544799805,0.9346279501914978,0.9232267141342163
20.717365,62.462715,"('OAI', 1)",0.14413000643253326,0.049862444400787354,0.5765200257301331,0.19944977760314941,0.9358769655227661,0.9207600951194763
27.666822,58.504868,"('OAI', 1)",0.13528932631015778,0.056352198123931885,0.5411573052406311,0.22540879249572754,0.9356061220169067,0.9255479574203491
28.464148,55.95812,"('OAI', 1)",0.12932676076889038,0.056467264890670776,0.5173070430755615,0.2258690595626831,0.9353905916213989,0.9261419773101807
19.507017,54.96516,"('OAI', 1)",0.12688681483268738,0.051513880491256714,0.5075472593307495,0.20605552196502686,0.9353062510490417,0.9209161996841431
19.012941,55.04264,"('OAI', 1)",0.12710195779800415,0.05045926570892334,0.5084078311920166,0.20183706283569336,0.9352942705154419,0.9209690690040588
11.433631,56.043648,"('OAI', 1)",0.12954948842525482,0.030234068632125854,0.5181979537010193,0.12093627452850342,0.9353851675987244,0.9164515733718872
13.766944,57.224934,"('OAI', 1)",0.13243553042411804,0.03729987144470215,0.5297421216964722,0.1491994857788086,0.9355029463768005,0.9191478490829468
11.170458,58.689274,"('OAI', 1)",0.13568547368049622,0.029448658227920532,0.5427418947219849,0.11779463291168213,0.9356136322021484,0.9162377715110779
9.416736,60.349556,"('OAI', 1)",0.13919533789157867,0.02358841896057129,0.5567813515663147,0.09435367584228516,0.9357303380966187,0.9139516353607178
8.786038,62.16236,"('OAI', 1)",0.14345504343509674,0.021218210458755493,0.573820173740387,0.08487284183502197,0.935863196849823,0.9125064611434937
7.94185,64.12821,"('OAI', 1)",0.1481010764837265,0.023619353771209717,0.592404305934906,0.09447741508483887,0.9355529546737671,0.9104524254798889
8.207572,66.11722,"('OAI', 1)",0.15201698243618011,0.021754413843154907,0.6080679297447205,0.08701765537261963,0.9350382089614868,0.9111180305480957
16.219994,68.15187,"('OAI', 1)",0.15629923343658447,0.043950408697128296,0.6251969337463379,0.17580163478851318,0.9344601035118103,0.9208607077598572
7.2990136,70.56829,"('OAI', 1)",0.16051405668258667,0.02564924955368042,0.6420562267303467,0.10259699821472168,0.9338467121124268,0.908703625202179
9.188665,72.77938,"('OAI', 1)",0.1649196743965149,0.02274155616760254,0.6596786975860596,0.09096622467041016,0.9332529306411743,0.9134584665298462
9.912539,74.85389,"('OAI', 1)",0.16848790645599365,0.025342553853988647,0.6739516258239746,0.10137021541595459,0.9327141046524048,0.9150592088699341
13.015576,76.788055,"('OAI', 1)",0.1723630577325821,0.035041242837905884,0.6894522309303284,0.14016497135162354,0.9321474432945251,0.9182795286178589
10.615323,78.72888,"('OAI', 1)",0.1768234372138977,0.02768668532371521,0.7072937488555908,0.11074674129486084,0.931627094745636,0.9158278703689575
11.717077,80.43155,"('OAI', 1)",0.1810111254453659,0.03108769655227661,0.7240445017814636,0.12435078620910645,0.9311312437057495,0.9166477918624878
16.237541,82.01083,"('OAI', 1)",0.1847178339958191,0.0439896285533905,0.7388713359832764,0.175958514213562,0.9307003617286682,0.9208698272705078
23.262,83.612114,"('OAI', 1)",0.1885288506746292,0.05582955479621887,0.7541154026985168,0.2233182191848755,0.9303086400032043,0.9217367172241211
19.803833,85.37729,"('OAI', 1)",0.1930776685476303,0.05213770270347595,0.7723106741905212,0.2085508108139038,0.9298411011695862,0.920870840549469
27.49431,86.97698,"('OAI', 1)",0.196670264005661,0.05680358409881592,0.786681056022644,0.22721433639526367,0.9294928312301636,0.9254266619682312
38.682827,88.614655,"('OAI', 1)",0.20050105452537537,0.07744935154914856,0.8020042181015015,0.30979740619659424,0.9290872812271118,0.9328060746192932
43.154293,90.5102,"('DPDK', 1)",0.204912006855011,0.20474693179130554,0.819648027420044,0.8189877271652222,0.974806010723114,0.971623420715332
48.609257,92.537735,"('DPDK', 1)",0.20491863787174225,0.20477190613746643,0.819674551486969,0.8190876245498657,0.9748284816741943,0.9723085761070251
54.101288,94.573845,"('DPDK', 1)",0.20492738485336304,0.20479588210582733,0.8197095394134521,0.8191835284233093,0.9748491048812866,0.973079264163971
59.929222,96.49577,"('DPDK', 1)",0.20493584871292114,0.20481882989406586,0.8197433948516846,0.8192753195762634,0.9748702645301819,0.9737598299980164
74.445114,98.269066,"('DPDK', 1)",0.2049466073513031,0.2048676311969757,0.8197864294052124,0.8194705247879028,0.9748907089233398,0.9744653701782227
77.42842,100.35709,"('DPDK', 1)",0.20495742559432983,0.20487648248672485,0.8198297023773193,0.8195059299468994,0.9749137759208679,0.9745973348617554
73.30225,102.443855,"('DPDK', 1)",0.20496925711631775,0.20486414432525635,0.819877028465271,0.8194565773010254,0.9749352931976318,0.9744131565093994
87.23891,103.92465,"('DPDK', 1)",0.20497673749923706,0.2049034982919693,0.8199069499969482,0.8196139931678772,0.9749521613121033,0.9747673273086548
81.481476,105.28183,"('DPDK', 1)",0.2049829065799713,0.2048879861831665,0.8199316263198853,0.819551944732666,0.9749611616134644,0.9746975898742676
91.10494,105.94618,"('DPDK', 1)",0.20498605072498322,0.2049134075641632,0.8199442028999329,0.8196536302566528,0.9749679565429688,0.9748110175132751
76.239586,106.38458,"('DPDK', 1)",0.20498815178871155,0.2048729956150055,0.8199526071548462,0.819491982460022,0.9749734997749329,0.9745467305183411
77.72392,105.90058,"('DPDK', 1)",0.20498605072498322,0.2048773467540741,0.8199442028999329,0.8195093870162964,0.9749679565429688,0.974611222743988
82.57531,104.81499,"('DPDK', 1)",0.20498229563236237,0.20489099621772766,0.8199291825294495,0.8195639848709106,0.9749631285667419,0.9747099280357361
83.729256,103.93786,"('DPDK', 1)",0.20497673749923706,0.20489412546157837,0.8199069499969482,0.8195765018463135,0.9749521613121033,0.9747242331504822
90.341156,103.02515,"('DPDK', 1)",0.20497187972068787,0.2049114853143692,0.8198875188827515,0.8196459412574768,0.9749404788017273,0.9748067259788513
95.60752,102.60569,"('DPDK', 1)",0.20496954023838043,0.20493268966674805,0.8198781609535217,0.8197307586669922,0.9749364256858826,0.9748642444610596
83.39534,102.677795,"('DPDK', 1)",0.20496954023838043,0.20489323139190674,0.8198781609535217,0.819572925567627,0.9749364256858826,0.9747214913368225
71.39726,102.28969,"('DPDK', 1)",0.20496925711631775,0.2048582136631012,0.819877028465271,0.8194328546524048,0.9749352931976318,0.9743282794952393
77.276245,100.69453,"('DPDK', 1)",0.20495913922786713,0.20487605035305023,0.8198365569114685,0.8195042014122009,0.9749144315719604,0.9745910167694092
74.25754,98.97257,"('DPDK', 1)",0.20495088398456573,0.20486706495285034,0.8198035359382629,0.8194682598114014,0.9748972058296204,0.974457859992981
71.45139,97.061195,"('DPDK', 1)",0.20494066178798676,0.20485839247703552,0.819762647151947,0.8194335699081421,0.9748780131340027,0.9743312001228333
86.831314,95.004295,"('DPDK', 1)",0.20492945611476898,0.20490242540836334,0.8197178244590759,0.8196097016334534,0.9748550057411194,0.9747615456581116
83.3314,94.12734,"('DPDK', 1)",0.20492538809776306,0.2048930525779724,0.8197015523910522,0.8195722103118896,0.9748476147651672,0.9747194051742554
89.53277,93.75471,"('DPDK', 1)",0.20492389798164368,0.20490942895412445,0.8196955919265747,0.8196377158164978,0.974843442440033,0.974795937538147
90.248604,94.11642,"('DPDK', 1)",0.20492538809776306,0.2049112468957901,0.8197015523910522,0.8196449875831604,0.9748476147651672,0.9748000502586365
81.859276,94.875084,"('DPDK', 1)",0.20492911338806152,0.20488902926445007,0.8197164535522461,0.8195561170578003,0.9748539328575134,0.9747024178504944
100.86719,95.17957,"('DPDK', 1)",0.20493049919605255,0.20496052503585815,0.8197219967842102,0.8198421001434326,0.9748597741127014,0.9749196171760559
92.823746,96.47194,"('DPDK', 1)",0.20493584871292114,0.20491977035999298,0.8197433948516846,0.8196790814399719,0.9748702645301819,0.9748329520225525
85.51331,97.58932,"('DPDK', 1)",0.20494407415390015,0.20489893853664398,0.8197762966156006,0.8195957541465759,0.9748857617378235,0.9747477173805237
94.663536,97.96703,"('DPDK', 1)",0.20494431257247925,0.2049279510974884,0.819777250289917,0.8197118043899536,0.9748879075050354,0.9748544096946716
97.725075,98.479675,"('DPDK', 1)",0.20494794845581055,0.20494407415390015,0.8197917938232422,0.8197762966156006,0.9748931527137756,0.9748857617378235
92.75029,99.17481,"('DPDK', 1)",0.2049514204263687,0.2049194723367691,0.8198056817054749,0.8196778893470764,0.974897563457489,0.9748335480690002
97.08675,99.5174,"('DPDK', 1)",0.20495331287384033,0.20494066178798676,0.8198132514953613,0.819762647151947,0.9749020338058472,0.9748780131340027
89.71925,99.909584,"('DPDK', 1)",0.20495742559432983,0.20490990579128265,0.8198297023773193,0.8196396231651306,0.9749137759208679,0.9747962355613708
93.221886,99.71499,"('DPDK', 1)",0.20495331287384033,0.20492137968540192,0.8198132514953613,0.8196855187416077,0.9749020338058472,0.9748374223709106
88.446205,99.43833,"('DPDK', 1)",0.20495331287384033,0.2049066424369812,0.8198132514953613,0.8196265697479248,0.9749020338058472,0.9747823476791382
91.1263,98.77062,"('DPDK', 1)",0.20494994521141052,0.20491346716880798,0.8197997808456421,0.8196538686752319,0.9748985171318054,0.9748120307922363
86.80722,98.12121,"('DPDK', 1)",0.20494641363620758,0.20490236580371857,0.8197856545448303,0.8196094632148743,0.9748925566673279,0.9747631549835205
88.364365,97.22903,"('DPDK', 1)",0.20494167506694794,0.2049064338207245,0.8197667002677917,0.819625735282898,0.9748828411102295,0.9747788906097412
87.70452,96.40031,"('DPDK', 1)",0.20493584871292114,0.2049047201871872,0.8197433948516846,0.8196188807487488,0.9748702645301819,0.9747735261917114
94.01491,95.64146,"('DPDK', 1)",0.2049327939748764,0.20492495596408844,0.8197311758995056,0.8196998238563538,0.9748613834381104,0.9748440384864807
89.69955,95.43289,"('DPDK', 1)",0.20493122935295105,0.20490986108779907,0.8197249174118042,0.8196394443511963,0.9748602509498596,0.9747950434684753
97.17273,95.25486,"('DPDK', 1)",0.20493049919605255,0.20494112372398376,0.8197219967842102,0.8197644948959351,0.9748597741127014,0.9748818874359131
90.71358,95.632256,"('DPDK', 1)",0.2049327939748764,0.20491242408752441,0.8197311758995056,0.8196496963500977,0.9748613834381104,0.97480708360672
87.769585,95.82636,"('DPDK', 1)",0.20493383705615997,0.20490488409996033,0.8197353482246399,0.8196195363998413,0.9748663306236267,0.9747737050056458
89.76382,95.67952,"('DPDK', 1)",0.2049327939748764,0.2049100250005722,0.8197311758995056,0.8196401000022888,0.9748613834381104,0.9747950434684753
92.54443,95.48449,"('DPDK', 1)",0.20493268966674805,0.20491863787174225,0.8197307586669922,0.819674551486969,0.9748642444610596,0.9748284816741943
94.98748,95.47403,"('DPDK', 1)",0.20493268966674805,0.20492945611476898,0.8197307586669922,0.8197178244590759,0.9748642444610596,0.9748550057411194
98.59568,95.7242,"('DPDK', 1)",0.20493383705615997,0.20494869351387024,0.8197353482246399,0.819794774055481,0.9748663306236267,0.9748961925506592
93.48447,96.35646,"('DPDK', 1)",0.20493584871292114,0.20492246747016907,0.8197433948516846,0.8196898698806763,0.9748702645301819,0.9748390316963196
93.79086,96.7712,"('DPDK', 1)",0.20493924617767334,0.20492389798164368,0.8197569847106934,0.8196955919265747,0.9748758673667908,0.974843442440033
92.08213,97.02739,"('DPDK', 1)",0.2049403041601181,0.20491674542427063,0.8197612166404724,0.8196669816970825,0.9748768210411072,0.9748231768608093
88.16693,97.03769,"('DPDK', 1)",0.2049403041601181,0.2049059122800827,0.8197612166404724,0.8196236491203308,0.9748768210411072,0.9747803211212158
94.538574,96.61337,"('DPDK', 1)",0.20493924617767334,0.20492738485336304,0.8197569847106934,0.8197095394134521,0.9748758673667908,0.9748491048812866
101.450775,96.44186,"('DPDK', 1)",0.20493584871292114,0.2049635350704193,0.8197433948516846,0.8198541402816772,0.9748702645301819,0.9749237895011902
83.96482,96.90016,"('DPDK', 1)",0.20493924617767334,0.2048947662115097,0.8197569847106934,0.8195790648460388,0.9748758673667908,0.9747270941734314
87.642914,96.431885,"('DPDK', 1)",0.20493584871292114,0.20490455627441406,0.8197433948516846,0.8196182250976562,0.9748702645301819,0.9747735857963562
85.86763,95.74949,"('DPDK', 1)",0.20493383705615997,0.2048998773097992,0.8197353482246399,0.8195995092391968,0.9748663306236267,0.9747520685195923
98.16485,94.885544,"('DPDK', 1)",0.20492911338806152,0.20494641363620758,0.8197164535522461,0.8197856545448303,0.9748539328575134,0.9748925566673279
87.939354,94.873215,"('DPDK', 1)",0.20492911338806152,0.20490533113479614,0.8197164535522461,0.8196213245391846,0.9748539328575134,0.9747735857963562
72.52,94.62547,"('DPDK', 1)",0.20492784678936005,0.20486173033714294,0.8197113871574402,0.8194469213485718,0.9748491644859314,0.9743770360946655
